season,location,location_type,target,quantile,value
2026/2027,Nigeria,national,peak_week,0.01,13.0
2026/2027,Nigeria,national,peak_week,0.025,14.0
2026/2027,Nigeria,national,peak_week,0.05,14.0
2026/2027,Nigeria,national,peak_week,0.1,15.0
2026/2027,Nigeria,national,peak_week,0.15,15.0
2026/2027,Nigeria,national,peak_week,0.2,15.0
2026/2027,Nigeria,national,peak_week,0.25,15.0
2026/2027,Nigeria,national,peak_week,0.3,15.0
2026/2027,Nigeria,national,peak_week,0.35,15.0
2026/2027,Nigeria,national,peak_week,0.4,15.0
2026/2027,Nigeria,national,peak_week,0.45,15.0
2026/2027,Nigeria,national,peak_week,0.5,15.0
2026/2027,Nigeria,national,peak_week,0.55,16.0
2026/2027,Nigeria,national,peak_week,0.6,16.0
2026/2027,Nigeria,national,peak_week,0.65,16.0
2026/2027,Nigeria,national,peak_week,0.7,16.0
2026/2027,Nigeria,national,peak_week,0.75,16.0
2026/2027,Nigeria,national,peak_week,0.8,16.0
2026/2027,Nigeria,national,peak_week,0.85,16.0
2026/2027,Nigeria,national,peak_week,0.9,16.0
2026/2027,Nigeria,national,peak_week,0.95,17.0
2026/2027,Nigeria,national,peak_week,0.975,21.0
2026/2027,Nigeria,national,peak_week,0.99,25.0
2026/2027,Nigeria,national,peak_incidence_per_100k,0.01,467.9939908298829
2026/2027,Nigeria,national,peak_incidence_per_100k,0.025,659.0343528426547
2026/2027,Nigeria,national,peak_incidence_per_100k,0.05,845.4610854941893
2026/2027,Nigeria,national,peak_incidence_per_100k,0.1,954.0433263496063
2026/2027,Nigeria,national,peak_incidence_per_100k,0.15,1039.5019018921587
2026/2027,Nigeria,national,peak_incidence_per_100k,0.2,1088.7052217140115
2026/2027,Nigeria,national,peak_incidence_per_100k,0.25,1138.7388285359427
2026/2027,Nigeria,national,peak_incidence_per_100k,0.3,1184.5718751801794
2026/2027,Nigeria,national,peak_incidence_per_100k,0.35,1234.6499507222625
2026/2027,Nigeria,national,peak_incidence_per_100k,0.4,1281.9890399786614
2026/2027,Nigeria,national,peak_incidence_per_100k,0.45,1323.2794058236389
2026/2027,Nigeria,national,peak_incidence_per_100k,0.5,1368.4112971028035
2026/2027,Nigeria,national,peak_incidence_per_100k,0.55,1414.5451098118556
2026/2027,Nigeria,national,peak_incidence_per_100k,0.6,1454.518665511354
2026/2027,Nigeria,national,peak_incidence_per_100k,0.65,1497.146769753843
2026/2027,Nigeria,national,peak_incidence_per_100k,0.7,1546.7994210666582
2026/2027,Nigeria,national,peak_incidence_per_100k,0.75,1616.9514510510055
2026/2027,Nigeria,national,peak_incidence_per_100k,0.8,1693.5372086708826
2026/2027,Nigeria,national,peak_incidence_per_100k,0.85,1797.726935169072
2026/2027,Nigeria,national,peak_incidence_per_100k,0.9,1896.8168758592342
2026/2027,Nigeria,national,peak_incidence_per_100k,0.95,2070.8443152111713
2026/2027,Nigeria,national,peak_incidence_per_100k,0.975,2222.754143135235
2026/2027,Nigeria,national,peak_incidence_per_100k,0.99,2411.2200003105813
2026/2027,Nigeria,national,cumulative_cases,0.01,8253188.582685237
2026/2027,Nigeria,national,cumulative_cases,0.025,10663536.0363192
2026/2027,Nigeria,national,cumulative_cases,0.05,13091948.95271691
2026/2027,Nigeria,national,cumulative_cases,0.1,14667468.533134751
2026/2027,Nigeria,national,cumulative_cases,0.15,15532896.299178982
2026/2027,Nigeria,national,cumulative_cases,0.2,16077379.181479191
2026/2027,Nigeria,national,cumulative_cases,0.25,16680286.711929172
2026/2027,Nigeria,national,cumulative_cases,0.3,17324458.08394095
2026/2027,Nigeria,national,cumulative_cases,0.35,17837714.127185278
2026/2027,Nigeria,national,cumulative_cases,0.4,18428485.676606834
2026/2027,Nigeria,national,cumulative_cases,0.45,18931599.606720358
2026/2027,Nigeria,national,cumulative_cases,0.5,19446690.277518384
2026/2027,Nigeria,national,cumulative_cases,0.55,20035110.806274418
2026/2027,Nigeria,national,cumulative_cases,0.6,20521512.519773144
2026/2027,Nigeria,national,cumulative_cases,0.65,21163377.400696862
2026/2027,Nigeria,national,cumulative_cases,0.7,21769735.809990495
2026/2027,Nigeria,national,cumulative_cases,0.75,22408014.70449578
2026/2027,Nigeria,national,cumulative_cases,0.8,23452358.96195114
2026/2027,Nigeria,national,cumulative_cases,0.85,24517337.465250056
2026/2027,Nigeria,national,cumulative_cases,0.9,26158232.645821553
2026/2027,Nigeria,national,cumulative_cases,0.95,28791737.222712692
2026/2027,Nigeria,national,cumulative_cases,0.975,30207805.62645948
2026/2027,Nigeria,national,cumulative_cases,0.99,32613311.99593786
2026/2027,Nigeria,national,cumulative_hospitalizations,0.01,123979.63903330853
2026/2027,Nigeria,national,cumulative_hospitalizations,0.025,152017.10063867134
2026/2027,Nigeria,national,cumulative_hospitalizations,0.05,195692.64813725738
2026/2027,Nigeria,national,cumulative_hospitalizations,0.1,221454.7424573768
2026/2027,Nigeria,national,cumulative_hospitalizations,0.15,234209.0597664555
2026/2027,Nigeria,national,cumulative_hospitalizations,0.2,244084.29281542645
2026/2027,Nigeria,national,cumulative_hospitalizations,0.25,252907.0758467109
2026/2027,Nigeria,national,cumulative_hospitalizations,0.3,260523.65614897347
2026/2027,Nigeria,national,cumulative_hospitalizations,0.35,267958.67340219434
2026/2027,Nigeria,national,cumulative_hospitalizations,0.4,275790.75769461924
2026/2027,Nigeria,national,cumulative_hospitalizations,0.45,283424.48081262683
2026/2027,Nigeria,national,cumulative_hospitalizations,0.5,291054.81177110143
2026/2027,Nigeria,national,cumulative_hospitalizations,0.55,297186.0089333109
2026/2027,Nigeria,national,cumulative_hospitalizations,0.6,303723.7357422646
2026/2027,Nigeria,national,cumulative_hospitalizations,0.65,313035.60016284796
2026/2027,Nigeria,national,cumulative_hospitalizations,0.7,326399.49665085546
2026/2027,Nigeria,national,cumulative_hospitalizations,0.75,337974.0679707683
2026/2027,Nigeria,national,cumulative_hospitalizations,0.8,351216.6383958034
2026/2027,Nigeria,national,cumulative_hospitalizations,0.85,365649.3807855023
2026/2027,Nigeria,national,cumulative_hospitalizations,0.9,387810.00221103604
2026/2027,Nigeria,national,cumulative_hospitalizations,0.95,420385.5164547404
2026/2027,Nigeria,national,cumulative_hospitalizations,0.975,448774.487569447
2026/2027,Nigeria,national,cumulative_hospitalizations,0.99,482839.2059275423
2026/2027,Nigeria,national,cumulative_deaths,0.01,11920.081690064444
2026/2027,Nigeria,national,cumulative_deaths,0.025,15602.678481491446
2026/2027,Nigeria,national,cumulative_deaths,0.05,18752.36230337726
2026/2027,Nigeria,national,cumulative_deaths,0.1,20562.48372969183
2026/2027,Nigeria,national,cumulative_deaths,0.15,21750.638331119968
2026/2027,Nigeria,national,cumulative_deaths,0.2,22579.504208135622
2026/2027,Nigeria,national,cumulative_deaths,0.25,23265.90525154118
2026/2027,Nigeria,national,cumulative_deaths,0.3,24087.292646356032
2026/2027,Nigeria,national,cumulative_deaths,0.35,24703.256424502622
2026/2027,Nigeria,national,cumulative_deaths,0.4,25325.33290147727
2026/2027,Nigeria,national,cumulative_deaths,0.45,26139.387274313933
2026/2027,Nigeria,national,cumulative_deaths,0.5,26738.45573883959
2026/2027,Nigeria,national,cumulative_deaths,0.55,27409.56568040855
2026/2027,Nigeria,national,cumulative_deaths,0.6,28128.12061497653
2026/2027,Nigeria,national,cumulative_deaths,0.65,28864.6563562619
2026/2027,Nigeria,national,cumulative_deaths,0.7,29990.49674348573
2026/2027,Nigeria,national,cumulative_deaths,0.75,30959.90681757265
2026/2027,Nigeria,national,cumulative_deaths,0.8,31831.693608452693
2026/2027,Nigeria,national,cumulative_deaths,0.85,33341.54946969372
2026/2027,Nigeria,national,cumulative_deaths,0.9,35198.06273007263
2026/2027,Nigeria,national,cumulative_deaths,0.95,38108.97735281998
2026/2027,Nigeria,national,cumulative_deaths,0.975,40215.66740755563
2026/2027,Nigeria,national,cumulative_deaths,0.99,42830.29959852612
2026/2027,Nigeria,national,attack_rate_pct,0.01,3.5961302821630836
2026/2027,Nigeria,national,attack_rate_pct,0.025,4.646381755482453
2026/2027,Nigeria,national,attack_rate_pct,0.05,5.70450482376844
2026/2027,Nigeria,national,attack_rate_pct,0.1,6.390999942172493
2026/2027,Nigeria,national,attack_rate_pct,0.15,6.768089471306193
2026/2027,Nigeria,national,attack_rate_pct,0.2,7.005334914269542
2026/2027,Nigeria,national,attack_rate_pct,0.25,7.268037505622413
2026/2027,Nigeria,national,attack_rate_pct,0.3,7.548719832772194
2026/2027,Nigeria,national,attack_rate_pct,0.35,7.772358924636203
2026/2027,Nigeria,national,attack_rate_pct,0.4,8.02977355141116
2026/2027,Nigeria,national,attack_rate_pct,0.45,8.248993459127199
2026/2027,Nigeria,national,attack_rate_pct,0.5,8.473431946235392
2026/2027,Nigeria,national,attack_rate_pct,0.55,8.729822171771414
2026/2027,Nigeria,national,attack_rate_pct,0.6,8.941760129287424
2026/2027,Nigeria,national,attack_rate_pct,0.65,9.221437457900675
2026/2027,Nigeria,national,attack_rate_pct,0.7,9.48564368748808
2026/2027,Nigeria,national,attack_rate_pct,0.75,9.763758507960198
2026/2027,Nigeria,national,attack_rate_pct,0.8,10.218806635312744
2026/2027,Nigeria,national,attack_rate_pct,0.85,10.682845643654403
2026/2027,Nigeria,national,attack_rate_pct,0.9,11.397826622168372
2026/2027,Nigeria,national,attack_rate_pct,0.95,12.545313494944036
2026/2027,Nigeria,national,attack_rate_pct,0.975,13.162331562241286
2026/2027,Nigeria,national,attack_rate_pct,0.99,14.210473648484864
2026/2027,Nigeria,national,deaths_per_100k,0.01,5.193891585299464
2026/2027,Nigeria,national,deaths_per_100k,0.025,6.798495394599373
2026/2027,Nigeria,national,deaths_per_100k,0.05,8.170895074752751
2026/2027,Nigeria,national,deaths_per_100k,0.1,8.959612357818173
2026/2027,Nigeria,national,deaths_per_100k,0.15,9.477322416092033
2026/2027,Nigeria,national,deaths_per_100k,0.2,9.83848097321516
2026/2027,Nigeria,national,deaths_per_100k,0.25,10.13756387349901
2026/2027,Nigeria,national,deaths_per_100k,0.3,10.495463860187511
2026/2027,Nigeria,national,deaths_per_100k,0.35,10.76385540039243
2026/2027,Nigeria,national,deaths_per_100k,0.4,11.034910403468832
2026/2027,Nigeria,national,deaths_per_100k,0.45,11.389615200548933
2026/2027,Nigeria,national,deaths_per_100k,0.5,11.650645010395923
2026/2027,Nigeria,national,deaths_per_100k,0.55,11.943065177384472
2026/2027,Nigeria,national,deaths_per_100k,0.6,12.256158369634893
2026/2027,Nigeria,national,deaths_per_100k,0.65,12.577086269996766
2026/2027,Nigeria,national,deaths_per_100k,0.7,13.067644394146713
2026/2027,Nigeria,national,deaths_per_100k,0.75,13.490041736498931
2026/2027,Nigeria,national,deaths_per_100k,0.8,13.869902059192963
2026/2027,Nigeria,national,deaths_per_100k,0.85,14.527785776487557
2026/2027,Nigeria,national,deaths_per_100k,0.9,15.33671719590191
2026/2027,Nigeria,national,deaths_per_100k,0.95,16.605078886511343
2026/2027,Nigeria,national,deaths_per_100k,0.975,17.523018883285506
2026/2027,Nigeria,national,deaths_per_100k,0.99,18.66228256355491
2026/2027,North,region,peak_week,0.01,15.0
2026/2027,North,region,peak_week,0.025,15.0
2026/2027,North,region,peak_week,0.05,15.0
2026/2027,North,region,peak_week,0.1,15.0
2026/2027,North,region,peak_week,0.15,16.0
2026/2027,North,region,peak_week,0.2,16.0
2026/2027,North,region,peak_week,0.25,16.0
2026/2027,North,region,peak_week,0.3,16.0
2026/2027,North,region,peak_week,0.35,16.0
2026/2027,North,region,peak_week,0.4,17.0
2026/2027,North,region,peak_week,0.45,17.0
2026/2027,North,region,peak_week,0.5,17.0
2026/2027,North,region,peak_week,0.55,17.0
2026/2027,North,region,peak_week,0.6,17.0
2026/2027,North,region,peak_week,0.65,17.0
2026/2027,North,region,peak_week,0.7,17.0
2026/2027,North,region,peak_week,0.75,17.0
2026/2027,North,region,peak_week,0.8,18.0
2026/2027,North,region,peak_week,0.85,18.0
2026/2027,North,region,peak_week,0.9,18.0
2026/2027,North,region,peak_week,0.95,24.0
2026/2027,North,region,peak_week,0.975,27.0
2026/2027,North,region,peak_week,0.99,27.0
2026/2027,North,region,peak_incidence_per_100k,0.01,565.061817550255
2026/2027,North,region,peak_incidence_per_100k,0.025,713.9150646032149
2026/2027,North,region,peak_incidence_per_100k,0.05,798.4604496196711
2026/2027,North,region,peak_incidence_per_100k,0.1,901.449988237212
2026/2027,North,region,peak_incidence_per_100k,0.15,978.5203732172176
2026/2027,North,region,peak_incidence_per_100k,0.2,1030.8037454994212
2026/2027,North,region,peak_incidence_per_100k,0.25,1075.7116519295012
2026/2027,North,region,peak_incidence_per_100k,0.3,1127.564629055396
2026/2027,North,region,peak_incidence_per_100k,0.35,1166.7819851344595
2026/2027,North,region,peak_incidence_per_100k,0.4,1196.6325635395076
2026/2027,North,region,peak_incidence_per_100k,0.45,1238.1749830946856
2026/2027,North,region,peak_incidence_per_100k,0.5,1277.4331525386078
2026/2027,North,region,peak_incidence_per_100k,0.55,1330.3577554982867
2026/2027,North,region,peak_incidence_per_100k,0.6,1365.831223838957
2026/2027,North,region,peak_incidence_per_100k,0.65,1398.554937604104
2026/2027,North,region,peak_incidence_per_100k,0.7,1441.9254870640889
2026/2027,North,region,peak_incidence_per_100k,0.75,1495.9945138246198
2026/2027,North,region,peak_incidence_per_100k,0.8,1564.0850637085143
2026/2027,North,region,peak_incidence_per_100k,0.85,1652.0248909227773
2026/2027,North,region,peak_incidence_per_100k,0.9,1742.406909816557
2026/2027,North,region,peak_incidence_per_100k,0.95,1882.1801423642564
2026/2027,North,region,peak_incidence_per_100k,0.975,2006.628325413335
2026/2027,North,region,peak_incidence_per_100k,0.99,2207.654466401495
2026/2027,North,region,cumulative_cases,0.01,5175012.749305529
2026/2027,North,region,cumulative_cases,0.025,6516906.840266198
2026/2027,North,region,cumulative_cases,0.05,7230561.897717485
2026/2027,North,region,cumulative_cases,0.1,7914667.141673831
2026/2027,North,region,cumulative_cases,0.15,8286021.959575549
2026/2027,North,region,cumulative_cases,0.2,8612510.596247435
2026/2027,North,region,cumulative_cases,0.25,8915300.41072932
2026/2027,North,region,cumulative_cases,0.3,9243357.179406393
2026/2027,North,region,cumulative_cases,0.35,9539762.390572874
2026/2027,North,region,cumulative_cases,0.4,9801430.922159145
2026/2027,North,region,cumulative_cases,0.45,10124073.63448595
2026/2027,North,region,cumulative_cases,0.5,10391423.872108245
2026/2027,North,region,cumulative_cases,0.55,10657193.42643185
2026/2027,North,region,cumulative_cases,0.6,10915107.018939367
2026/2027,North,region,cumulative_cases,0.65,11220149.706118234
2026/2027,North,region,cumulative_cases,0.7,11619066.589091072
2026/2027,North,region,cumulative_cases,0.75,12010562.528942278
2026/2027,North,region,cumulative_cases,0.8,12551587.973187933
2026/2027,North,region,cumulative_cases,0.85,13148272.650526017
2026/2027,North,region,cumulative_cases,0.9,14005869.682437897
2026/2027,North,region,cumulative_cases,0.95,15409658.819974046
2026/2027,North,region,cumulative_cases,0.975,16199724.327605983
2026/2027,North,region,cumulative_cases,0.99,17663379.260868818
2026/2027,North,region,cumulative_hospitalizations,0.01,74304.30588162852
2026/2027,North,region,cumulative_hospitalizations,0.025,85929.21784715123
2026/2027,North,region,cumulative_hospitalizations,0.05,98810.28592728487
2026/2027,North,region,cumulative_hospitalizations,0.1,108399.59590778455
2026/2027,North,region,cumulative_hospitalizations,0.15,116353.4871534472
2026/2027,North,region,cumulative_hospitalizations,0.2,121768.31481493176
2026/2027,North,region,cumulative_hospitalizations,0.25,125698.60326645021
2026/2027,North,region,cumulative_hospitalizations,0.3,129425.62847107952
2026/2027,North,region,cumulative_hospitalizations,0.35,132997.70505833995
2026/2027,North,region,cumulative_hospitalizations,0.4,137441.93268151948
2026/2027,North,region,cumulative_hospitalizations,0.45,140979.78417595458
2026/2027,North,region,cumulative_hospitalizations,0.5,143550.49227886694
2026/2027,North,region,cumulative_hospitalizations,0.55,146926.62241921754
2026/2027,North,region,cumulative_hospitalizations,0.6,151275.25382534528
2026/2027,North,region,cumulative_hospitalizations,0.65,155471.3158252777
2026/2027,North,region,cumulative_hospitalizations,0.7,161603.6142117572
2026/2027,North,region,cumulative_hospitalizations,0.75,165727.88765307376
2026/2027,North,region,cumulative_hospitalizations,0.8,171059.61268658887
2026/2027,North,region,cumulative_hospitalizations,0.85,178896.12329803215
2026/2027,North,region,cumulative_hospitalizations,0.9,189066.68880639735
2026/2027,North,region,cumulative_hospitalizations,0.95,204370.15878810553
2026/2027,North,region,cumulative_hospitalizations,0.975,218282.06322885418
2026/2027,North,region,cumulative_hospitalizations,0.99,231969.4677606455
2026/2027,North,region,cumulative_deaths,0.01,8911.445039583032
2026/2027,North,region,cumulative_deaths,0.025,11108.469772088149
2026/2027,North,region,cumulative_deaths,0.05,12028.072156582219
2026/2027,North,region,cumulative_deaths,0.1,13055.877872972733
2026/2027,North,region,cumulative_deaths,0.15,13779.292953569673
2026/2027,North,region,cumulative_deaths,0.2,14272.858877377012
2026/2027,North,region,cumulative_deaths,0.25,14737.540073811366
2026/2027,North,region,cumulative_deaths,0.3,15238.242293913498
2026/2027,North,region,cumulative_deaths,0.35,15685.175539017326
2026/2027,North,region,cumulative_deaths,0.4,16147.620785925332
2026/2027,North,region,cumulative_deaths,0.45,16540.212682817964
2026/2027,North,region,cumulative_deaths,0.5,17014.28736008767
2026/2027,North,region,cumulative_deaths,0.55,17396.549564336954
2026/2027,North,region,cumulative_deaths,0.6,17854.546583180843
2026/2027,North,region,cumulative_deaths,0.65,18334.14982366336
2026/2027,North,region,cumulative_deaths,0.7,18955.429851235833
2026/2027,North,region,cumulative_deaths,0.75,19516.41812973861
2026/2027,North,region,cumulative_deaths,0.8,20249.167349539603
2026/2027,North,region,cumulative_deaths,0.85,21109.2852586804
2026/2027,North,region,cumulative_deaths,0.9,22466.338721981254
2026/2027,North,region,cumulative_deaths,0.95,24058.303422532703
2026/2027,North,region,cumulative_deaths,0.975,25396.036491495062
2026/2027,North,region,cumulative_deaths,0.99,26790.12037119058
2026/2027,North,region,attack_rate_pct,0.01,4.048286995090013
2026/2027,North,region,attack_rate_pct,0.025,5.098018205501664
2026/2027,North,region,attack_rate_pct,0.05,5.656293252929898
2026/2027,North,region,attack_rate_pct,0.1,6.191452197756269
2026/2027,North,region,attack_rate_pct,0.15,6.4819540675492044
2026/2027,North,region,attack_rate_pct,0.2,6.737358211637708
2026/2027,North,region,attack_rate_pct,0.25,6.974223341753035
2026/2027,North,region,attack_rate_pct,0.3,7.23085419748665
2026/2027,North,region,attack_rate_pct,0.35,7.4627248072360075
2026/2027,North,region,attack_rate_pct,0.4,7.6674217548110954
2026/2027,North,region,attack_rate_pct,0.45,7.919817325536686
2026/2027,North,region,attack_rate_pct,0.5,8.128958933979256
2026/2027,North,region,attack_rate_pct,0.55,8.336864012204135
2026/2027,North,region,attack_rate_pct,0.6,8.538623561984036
2026/2027,North,region,attack_rate_pct,0.65,8.77725105978474
2026/2027,North,region,attack_rate_pct,0.7,9.089314064784583
2026/2027,North,region,attack_rate_pct,0.75,9.395571845916207
2026/2027,North,region,attack_rate_pct,0.8,9.818802932689161
2026/2027,North,region,attack_rate_pct,0.85,10.285574887939207
2026/2027,North,region,attack_rate_pct,0.9,10.956452251822524
2026/2027,North,region,attack_rate_pct,0.95,12.054602456399095
2026/2027,North,region,attack_rate_pct,0.975,12.672651546277141
2026/2027,North,region,attack_rate_pct,0.99,13.817633311282922
2026/2027,North,region,deaths_per_100k,0.01,6.971207378386596
2026/2027,North,region,deaths_per_100k,0.025,8.689886555299763
2026/2027,North,region,deaths_per_100k,0.05,9.409269203062458
2026/2027,North,region,deaths_per_100k,0.1,10.213296693758256
2026/2027,North,region,deaths_per_100k,0.15,10.779206770641759
2026/2027,North,region,deaths_per_100k,0.2,11.165311425328257
2026/2027,North,region,deaths_per_100k,0.25,11.528820258159733
2026/2027,North,region,deaths_per_100k,0.3,11.920507464403656
2026/2027,North,region,deaths_per_100k,0.35,12.270132505244376
2026/2027,North,region,deaths_per_100k,0.4,12.631892208976527
2026/2027,North,region,deaths_per_100k,0.45,12.939007330727957
2026/2027,North,region,deaths_per_100k,0.5,13.309864455852916
2026/2027,North,region,deaths_per_100k,0.55,13.608898909513822
2026/2027,North,region,deaths_per_100k,0.6,13.967178872287736
2026/2027,North,region,deaths_per_100k,0.65,14.342360858362834
2026/2027,North,region,deaths_per_100k,0.7,14.828373159737032
2026/2027,North,region,deaths_per_100k,0.75,15.267220687709887
2026/2027,North,region,deaths_per_100k,0.8,15.84043263536756
2026/2027,North,region,deaths_per_100k,0.85,16.513282020383276
2026/2027,North,region,deaths_per_100k,0.9,17.574872040206888
2026/2027,North,region,deaths_per_100k,0.95,18.820227425031717
2026/2027,North,region,deaths_per_100k,0.975,19.86670356882652
2026/2027,North,region,deaths_per_100k,0.99,20.957261585518047
2026/2027,South,region,peak_week,0.01,13.0
2026/2027,South,region,peak_week,0.025,13.0
2026/2027,South,region,peak_week,0.05,13.0
2026/2027,South,region,peak_week,0.1,14.0
2026/2027,South,region,peak_week,0.15,14.0
2026/2027,South,region,peak_week,0.2,14.0
2026/2027,South,region,peak_week,0.25,14.0
2026/2027,South,region,peak_week,0.3,14.0
2026/2027,South,region,peak_week,0.35,14.0
2026/2027,South,region,peak_week,0.4,15.0
2026/2027,South,region,peak_week,0.45,15.0
2026/2027,South,region,peak_week,0.5,15.0
2026/2027,South,region,peak_week,0.55,15.0
2026/2027,South,region,peak_week,0.6,15.0
2026/2027,South,region,peak_week,0.65,15.0
2026/2027,South,region,peak_week,0.7,15.0
2026/2027,South,region,peak_week,0.75,15.0
2026/2027,South,region,peak_week,0.8,16.0
2026/2027,South,region,peak_week,0.85,16.0
2026/2027,South,region,peak_week,0.9,16.0
2026/2027,South,region,peak_week,0.95,16.0
2026/2027,South,region,peak_week,0.975,16.0
2026/2027,South,region,peak_week,0.99,24.0
2026/2027,South,region,peak_incidence_per_100k,0.01,322.1519601038464
2026/2027,South,region,peak_incidence_per_100k,0.025,501.5031518749718
2026/2027,South,region,peak_incidence_per_100k,0.05,866.6951432127595
2026/2027,South,region,peak_incidence_per_100k,0.1,1168.4992303932868
2026/2027,South,region,peak_incidence_per_100k,0.15,1338.7162380754446
2026/2027,South,region,peak_incidence_per_100k,0.2,1449.5051899573161
2026/2027,South,region,peak_incidence_per_100k,0.25,1529.2244711643566
2026/2027,South,region,peak_incidence_per_100k,0.3,1624.6738642015553
2026/2027,South,region,peak_incidence_per_100k,0.35,1706.4771331361378
2026/2027,South,region,peak_incidence_per_100k,0.4,1769.5272434683839
2026/2027,South,region,peak_incidence_per_100k,0.45,1859.7008444836474
2026/2027,South,region,peak_incidence_per_100k,0.5,1932.5806887430476
2026/2027,South,region,peak_incidence_per_100k,0.55,2009.8776744079075
2026/2027,South,region,peak_incidence_per_100k,0.6,2091.703630849869
2026/2027,South,region,peak_incidence_per_100k,0.65,2182.0306293421313
2026/2027,South,region,peak_incidence_per_100k,0.7,2253.498211823529
2026/2027,South,region,peak_incidence_per_100k,0.75,2340.030577701511
2026/2027,South,region,peak_incidence_per_100k,0.8,2455.170095279326
2026/2027,South,region,peak_incidence_per_100k,0.85,2628.502998862249
2026/2027,South,region,peak_incidence_per_100k,0.9,2770.4786993276844
2026/2027,South,region,peak_incidence_per_100k,0.95,3029.548554296536
2026/2027,South,region,peak_incidence_per_100k,0.975,3335.6718431631266
2026/2027,South,region,peak_incidence_per_100k,0.99,3610.395031154746
2026/2027,South,region,cumulative_cases,0.01,2439541.056949599
2026/2027,South,region,cumulative_cases,0.025,3287918.5684582097
2026/2027,South,region,cumulative_cases,0.05,4930615.097199457
2026/2027,South,region,cumulative_cases,0.1,6223021.862380922
2026/2027,South,region,cumulative_cases,0.15,6731025.198742927
2026/2027,South,region,cumulative_cases,0.2,7048121.261620933
2026/2027,South,region,cumulative_cases,0.25,7310510.931223737
2026/2027,South,region,cumulative_cases,0.3,7659845.6363047585
2026/2027,South,region,cumulative_cases,0.35,7955443.517898511
2026/2027,South,region,cumulative_cases,0.4,8218093.191574168
2026/2027,South,region,cumulative_cases,0.45,8459127.710061299
2026/2027,South,region,cumulative_cases,0.5,8740164.577097181
2026/2027,South,region,cumulative_cases,0.55,9024449.63375698
2026/2027,South,region,cumulative_cases,0.6,9336985.435763862
2026/2027,South,region,cumulative_cases,0.65,9561897.502175743
2026/2027,South,region,cumulative_cases,0.7,9835701.243918465
2026/2027,South,region,cumulative_cases,0.75,10191956.19390234
2026/2027,South,region,cumulative_cases,0.8,10636945.278699478
2026/2027,South,region,cumulative_cases,0.85,11131387.420921424
2026/2027,South,region,cumulative_cases,0.9,11893175.038978707
2026/2027,South,region,cumulative_cases,0.95,12872523.150511587
2026/2027,South,region,cumulative_cases,0.975,13582346.95528384
2026/2027,South,region,cumulative_cases,0.99,14708306.67202722
2026/2027,South,region,cumulative_hospitalizations,0.01,40666.17921298156
2026/2027,South,region,cumulative_hospitalizations,0.025,51904.8334331786
2026/2027,South,region,cumulative_hospitalizations,0.05,80763.32248114387
2026/2027,South,region,cumulative_hospitalizations,0.1,102488.14140676099
2026/2027,South,region,cumulative_hospitalizations,0.15,111252.98414370457
2026/2027,South,region,cumulative_hospitalizations,0.2,117863.92532493884
2026/2027,South,region,cumulative_hospitalizations,0.25,122883.66745283926
2026/2027,South,region,cumulative_hospitalizations,0.3,127865.52773949828
2026/2027,South,region,cumulative_hospitalizations,0.35,131568.69249587282
2026/2027,South,region,cumulative_hospitalizations,0.4,135284.17329030565
2026/2027,South,region,cumulative_hospitalizations,0.45,139578.82952960912
2026/2027,South,region,cumulative_hospitalizations,0.5,143026.1622622433
2026/2027,South,region,cumulative_hospitalizations,0.55,147038.59407082328
2026/2027,South,region,cumulative_hospitalizations,0.6,150612.90507928675
2026/2027,South,region,cumulative_hospitalizations,0.65,156259.70849851472
2026/2027,South,region,cumulative_hospitalizations,0.7,163249.41808626018
2026/2027,South,region,cumulative_hospitalizations,0.75,168545.0384900206
2026/2027,South,region,cumulative_hospitalizations,0.8,175797.0056864505
2026/2027,South,region,cumulative_hospitalizations,0.85,182753.5503317035
2026/2027,South,region,cumulative_hospitalizations,0.9,194326.7808400067
2026/2027,South,region,cumulative_hospitalizations,0.95,211494.50551683374
2026/2027,South,region,cumulative_hospitalizations,0.975,224911.0380378956
2026/2027,South,region,cumulative_hospitalizations,0.99,241759.95777983085
2026/2027,South,region,cumulative_deaths,0.01,2569.7901694774832
2026/2027,South,region,cumulative_deaths,0.025,3556.0064840694326
2026/2027,South,region,cumulative_deaths,0.05,5149.141332758466
2026/2027,South,region,cumulative_deaths,0.1,6743.080594827173
2026/2027,South,region,cumulative_deaths,0.15,7336.312721037886
2026/2027,South,region,cumulative_deaths,0.2,7711.577215967498
2026/2027,South,region,cumulative_deaths,0.25,8092.5603107238
2026/2027,South,region,cumulative_deaths,0.3,8385.72489808748
2026/2027,South,region,cumulative_deaths,0.35,8652.111848185252
2026/2027,South,region,cumulative_deaths,0.4,8908.110965432317
2026/2027,South,region,cumulative_deaths,0.45,9184.769386082893
2026/2027,South,region,cumulative_deaths,0.5,9468.523409149064
2026/2027,South,region,cumulative_deaths,0.55,9772.94703707011
2026/2027,South,region,cumulative_deaths,0.6,10035.005983726624
2026/2027,South,region,cumulative_deaths,0.65,10315.810316235944
2026/2027,South,region,cumulative_deaths,0.7,10671.411083887813
2026/2027,South,region,cumulative_deaths,0.75,11024.672100551154
2026/2027,South,region,cumulative_deaths,0.8,11463.463473054335
2026/2027,South,region,cumulative_deaths,0.85,11980.773082354908
2026/2027,South,region,cumulative_deaths,0.9,12645.779072478383
2026/2027,South,region,cumulative_deaths,0.95,13671.932840320193
2026/2027,South,region,cumulative_deaths,0.975,14381.515161806552
2026/2027,South,region,cumulative_deaths,0.99,15453.249399281809
2026/2027,South,region,attack_rate_pct,0.01,2.3994752432021724
2026/2027,South,region,attack_rate_pct,0.025,3.2339194227560784
2026/2027,South,region,attack_rate_pct,0.05,4.849637117516812
2026/2027,South,region,attack_rate_pct,0.1,6.120818034257579
2026/2027,South,region,attack_rate_pct,0.15,6.620478175492873
2026/2027,South,region,attack_rate_pct,0.2,6.932366409726585
2026/2027,South,region,attack_rate_pct,0.25,7.190446721386178
2026/2027,South,region,attack_rate_pct,0.3,7.5340441263346944
2026/2027,South,region,attack_rate_pct,0.35,7.824787254763162
2026/2027,South,region,attack_rate_pct,0.4,8.083123300317524
2026/2027,South,region,attack_rate_pct,0.45,8.320199187283823
2026/2027,South,region,attack_rate_pct,0.5,8.596620444043852
2026/2027,South,region,attack_rate_pct,0.55,8.8762365437706
2026/2027,South,region,attack_rate_pct,0.6,9.18363941259854
2026/2027,South,region,attack_rate_pct,0.65,9.404857634655254
2026/2027,South,region,attack_rate_pct,0.7,9.674164559388581
2026/2027,South,region,attack_rate_pct,0.75,10.02456855456602
2026/2027,South,region,attack_rate_pct,0.8,10.46224935908629
2026/2027,South,region,attack_rate_pct,0.85,10.948571028515737
2026/2027,South,region,attack_rate_pct,0.9,11.6978474241309
2026/2027,South,region,attack_rate_pct,0.95,12.661111207458362
2026/2027,South,region,attack_rate_pct,0.975,13.359277217714517
2026/2027,South,region,attack_rate_pct,0.99,14.46674472988129
2026/2027,South,region,deaths_per_100k,0.01,2.527585208832552
2026/2027,South,region,deaths_per_100k,0.025,3.497604395254614
2026/2027,South,region,deaths_per_100k,0.05,5.064574386442982
2026/2027,South,region,deaths_per_100k,0.1,6.632335579724189
2026/2027,South,region,deaths_per_100k,0.15,7.215824755386872
2026/2027,South,region,deaths_per_100k,0.2,7.584926092161371
2026/2027,South,region,deaths_per_100k,0.25,7.9596521093120565
2026/2027,South,region,deaths_per_100k,0.3,8.248001906729408
2026/2027,South,region,deaths_per_100k,0.35,8.510013849529411
2026/2027,South,region,deaths_per_100k,0.4,8.761808564099216
2026/2027,South,region,deaths_per_100k,0.45,9.033923283908248
2026/2027,South,region,deaths_per_100k,0.5,9.313017071474029
2026/2027,South,region,deaths_per_100k,0.55,9.612440996544468
2026/2027,South,region,deaths_per_100k,0.6,9.870196016887599
2026/2027,South,region,deaths_per_100k,0.65,10.146388558152932
2026/2027,South,region,deaths_per_100k,0.7,10.496149114964899
2026/2027,South,region,deaths_per_100k,0.75,10.843608347699437
2026/2027,South,region,deaths_per_100k,0.8,11.27519322808206
2026/2027,South,region,deaths_per_100k,0.85,11.784006800639597
2026/2027,South,region,deaths_per_100k,0.9,12.438091061831596
2026/2027,South,region,deaths_per_100k,0.95,13.447391788556738
2026/2027,South,region,deaths_per_100k,0.975,14.145320281528855
2026/2027,South,region,deaths_per_100k,0.99,15.199452886835187
2026/2027,Abia,state,peak_week,0.01,13.0
2026/2027,Abia,state,peak_week,0.025,13.0
2026/2027,Abia,state,peak_week,0.05,13.0
2026/2027,Abia,state,peak_week,0.1,14.0
2026/2027,Abia,state,peak_week,0.15,14.0
2026/2027,Abia,state,peak_week,0.2,14.0
2026/2027,Abia,state,peak_week,0.25,14.0
2026/2027,Abia,state,peak_week,0.3,14.0
2026/2027,Abia,state,peak_week,0.35,14.0
2026/2027,Abia,state,peak_week,0.4,15.0
2026/2027,Abia,state,peak_week,0.45,15.0
2026/2027,Abia,state,peak_week,0.5,15.0
2026/2027,Abia,state,peak_week,0.55,15.0
2026/2027,Abia,state,peak_week,0.6,15.0
2026/2027,Abia,state,peak_week,0.65,15.0
2026/2027,Abia,state,peak_week,0.7,15.0
2026/2027,Abia,state,peak_week,0.75,15.0
2026/2027,Abia,state,peak_week,0.8,15.0
2026/2027,Abia,state,peak_week,0.85,16.0
2026/2027,Abia,state,peak_week,0.9,16.0
2026/2027,Abia,state,peak_week,0.95,16.0
2026/2027,Abia,state,peak_week,0.975,16.0
2026/2027,Abia,state,peak_week,0.99,24.0
2026/2027,Abia,state,peak_incidence_per_100k,0.01,336.19867267506766
2026/2027,Abia,state,peak_incidence_per_100k,0.025,522.2091361130623
2026/2027,Abia,state,peak_incidence_per_100k,0.05,869.3878109549802
2026/2027,Abia,state,peak_incidence_per_100k,0.1,1154.1700514568818
2026/2027,Abia,state,peak_incidence_per_100k,0.15,1285.6469549867913
2026/2027,Abia,state,peak_incidence_per_100k,0.2,1423.0990147599784
2026/2027,Abia,state,peak_incidence_per_100k,0.25,1526.1729795569647
2026/2027,Abia,state,peak_incidence_per_100k,0.3,1629.1149912846254
2026/2027,Abia,state,peak_incidence_per_100k,0.35,1737.504586708604
2026/2027,Abia,state,peak_incidence_per_100k,0.4,1827.9950379899162
2026/2027,Abia,state,peak_incidence_per_100k,0.45,1914.1572488061804
2026/2027,Abia,state,peak_incidence_per_100k,0.5,2010.2985058627519
2026/2027,Abia,state,peak_incidence_per_100k,0.55,2115.969282407899
2026/2027,Abia,state,peak_incidence_per_100k,0.6,2217.510682446089
2026/2027,Abia,state,peak_incidence_per_100k,0.65,2320.39961542486
2026/2027,Abia,state,peak_incidence_per_100k,0.7,2404.284956983142
2026/2027,Abia,state,peak_incidence_per_100k,0.75,2530.2782147898643
2026/2027,Abia,state,peak_incidence_per_100k,0.8,2662.9401602484913
2026/2027,Abia,state,peak_incidence_per_100k,0.85,2818.780557039946
2026/2027,Abia,state,peak_incidence_per_100k,0.9,2977.639223800937
2026/2027,Abia,state,peak_incidence_per_100k,0.95,3359.711611329612
2026/2027,Abia,state,peak_incidence_per_100k,0.975,3658.1555206888916
2026/2027,Abia,state,peak_incidence_per_100k,0.99,3921.8803131686673
2026/2027,Abia,state,cumulative_cases,0.01,115721.96404192196
2026/2027,Abia,state,cumulative_cases,0.025,152305.31366812694
2026/2027,Abia,state,cumulative_cases,0.05,225916.1338567297
2026/2027,Abia,state,cumulative_cases,0.1,284559.18807672616
2026/2027,Abia,state,cumulative_cases,0.15,305408.80822537356
2026/2027,Abia,state,cumulative_cases,0.2,322211.3493047787
2026/2027,Abia,state,cumulative_cases,0.25,334446.1899559474
2026/2027,Abia,state,cumulative_cases,0.3,350240.49463042937
2026/2027,Abia,state,cumulative_cases,0.35,363766.092836453
2026/2027,Abia,state,cumulative_cases,0.4,377201.46781327005
2026/2027,Abia,state,cumulative_cases,0.45,388903.00289057154
2026/2027,Abia,state,cumulative_cases,0.5,401283.5297655008
2026/2027,Abia,state,cumulative_cases,0.55,415932.3777215929
2026/2027,Abia,state,cumulative_cases,0.6,424956.66798891575
2026/2027,Abia,state,cumulative_cases,0.65,438693.62049843697
2026/2027,Abia,state,cumulative_cases,0.7,450187.64878936484
2026/2027,Abia,state,cumulative_cases,0.75,467364.0108860788
2026/2027,Abia,state,cumulative_cases,0.8,485453.4759401441
2026/2027,Abia,state,cumulative_cases,0.85,513268.2161076351
2026/2027,Abia,state,cumulative_cases,0.9,537417.4493809368
2026/2027,Abia,state,cumulative_cases,0.95,576156.3423330989
2026/2027,Abia,state,cumulative_cases,0.975,619441.256079392
2026/2027,Abia,state,cumulative_cases,0.99,669281.2768996239
2026/2027,Abia,state,cumulative_hospitalizations,0.01,1836.0439702940803
2026/2027,Abia,state,cumulative_hospitalizations,0.025,2281.9935472950933
2026/2027,Abia,state,cumulative_hospitalizations,0.05,3377.4275013264946
2026/2027,Abia,state,cumulative_hospitalizations,0.1,4310.014019380443
2026/2027,Abia,state,cumulative_hospitalizations,0.15,4695.8788189703555
2026/2027,Abia,state,cumulative_hospitalizations,0.2,5004.835219551794
2026/2027,Abia,state,cumulative_hospitalizations,0.25,5211.143756829289
2026/2027,Abia,state,cumulative_hospitalizations,0.3,5426.821778252778
2026/2027,Abia,state,cumulative_hospitalizations,0.35,5585.510623845963
2026/2027,Abia,state,cumulative_hospitalizations,0.4,5743.256828923813
2026/2027,Abia,state,cumulative_hospitalizations,0.45,5915.525375617995
2026/2027,Abia,state,cumulative_hospitalizations,0.5,6069.124199320398
2026/2027,Abia,state,cumulative_hospitalizations,0.55,6204.579865055681
2026/2027,Abia,state,cumulative_hospitalizations,0.6,6417.23036096114
2026/2027,Abia,state,cumulative_hospitalizations,0.65,6670.649101777733
2026/2027,Abia,state,cumulative_hospitalizations,0.7,6872.768085355379
2026/2027,Abia,state,cumulative_hospitalizations,0.75,7123.358382174692
2026/2027,Abia,state,cumulative_hospitalizations,0.8,7415.489324736198
2026/2027,Abia,state,cumulative_hospitalizations,0.85,7692.019916322239
2026/2027,Abia,state,cumulative_hospitalizations,0.9,8083.472572010929
2026/2027,Abia,state,cumulative_hospitalizations,0.95,8839.736236972194
2026/2027,Abia,state,cumulative_hospitalizations,0.975,9396.780779654371
2026/2027,Abia,state,cumulative_hospitalizations,0.99,9998.79044245153
2026/2027,Abia,state,cumulative_deaths,0.01,119.49669421578444
2026/2027,Abia,state,cumulative_deaths,0.025,164.2858824751191
2026/2027,Abia,state,cumulative_deaths,0.05,225.04927121755716
2026/2027,Abia,state,cumulative_deaths,0.1,279.89677780396755
2026/2027,Abia,state,cumulative_deaths,0.15,313.16758071949
2026/2027,Abia,state,cumulative_deaths,0.2,332.1249007515406
2026/2027,Abia,state,cumulative_deaths,0.25,349.29506358111234
2026/2027,Abia,state,cumulative_deaths,0.3,363.9914350618682
2026/2027,Abia,state,cumulative_deaths,0.35,376.13315945296296
2026/2027,Abia,state,cumulative_deaths,0.4,389.5964445611587
2026/2027,Abia,state,cumulative_deaths,0.45,407.0225575395828
2026/2027,Abia,state,cumulative_deaths,0.5,418.8640711100597
2026/2027,Abia,state,cumulative_deaths,0.55,436.538693220906
2026/2027,Abia,state,cumulative_deaths,0.6,452.6869735722312
2026/2027,Abia,state,cumulative_deaths,0.65,469.89150199507833
2026/2027,Abia,state,cumulative_deaths,0.7,484.3759181558791
2026/2027,Abia,state,cumulative_deaths,0.75,504.8667187287527
2026/2027,Abia,state,cumulative_deaths,0.8,524.1435461244491
2026/2027,Abia,state,cumulative_deaths,0.85,551.4706432250632
2026/2027,Abia,state,cumulative_deaths,0.9,578.6556153166391
2026/2027,Abia,state,cumulative_deaths,0.95,626.2666305966816
2026/2027,Abia,state,cumulative_deaths,0.975,665.9857627493742
2026/2027,Abia,state,cumulative_deaths,0.99,722.3477390472981
2026/2027,Abia,state,attack_rate_pct,0.01,2.3899902176031804
2026/2027,Abia,state,attack_rate_pct,0.025,3.1455412355768524
2026/2027,Abia,state,attack_rate_pct,0.05,4.665815641710976
2026/2027,Abia,state,attack_rate_pct,0.1,5.876962782848253
2026/2027,Abia,state,attack_rate_pct,0.15,6.307567194107274
2026/2027,Abia,state,attack_rate_pct,0.2,6.654587823623259
2026/2027,Abia,state,attack_rate_pct,0.25,6.907272348227713
2026/2027,Abia,state,attack_rate_pct,0.3,7.233470006367885
2026/2027,Abia,state,attack_rate_pct,0.35,7.512812373802273
2026/2027,Abia,state,attack_rate_pct,0.4,7.790291372973
2026/2027,Abia,state,attack_rate_pct,0.45,8.031961609018769
2026/2027,Abia,state,attack_rate_pct,0.5,8.287654971681839
2026/2027,Abia,state,attack_rate_pct,0.55,8.59019566569852
2026/2027,Abia,state,attack_rate_pct,0.6,8.776573123411733
2026/2027,Abia,state,attack_rate_pct,0.65,9.060280562956585
2026/2027,Abia,state,attack_rate_pct,0.7,9.297665189147516
2026/2027,Abia,state,attack_rate_pct,0.75,9.652406294045154
2026/2027,Abia,state,attack_rate_pct,0.8,10.026005591972975
2026/2027,Abia,state,attack_rate_pct,0.85,10.600459693714592
2026/2027,Abia,state,attack_rate_pct,0.9,11.099210572717126
2026/2027,Abia,state,attack_rate_pct,0.95,11.899279738177398
2026/2027,Abia,state,attack_rate_pct,0.975,12.793237261970907
2026/2027,Abia,state,attack_rate_pct,0.99,13.822576533834122
2026/2027,Abia,state,deaths_per_100k,0.01,2.4679492141023642
2026/2027,Abia,state,deaths_per_100k,0.025,3.3929743178537852
2026/2027,Abia,state,deaths_per_100k,0.05,4.647912443776335
2026/2027,Abia,state,deaths_per_100k,0.1,5.780670648208116
2026/2027,Abia,state,deaths_per_100k,0.15,6.467808082819025
2026/2027,Abia,state,deaths_per_100k,0.2,6.859331073322025
2026/2027,Abia,state,deaths_per_100k,0.25,7.213944145586025
2026/2027,Abia,state,deaths_per_100k,0.3,7.51746633658984
2026/2027,Abia,state,deaths_per_100k,0.35,7.768227743551773
2026/2027,Abia,state,deaths_per_100k,0.4,8.046283166926143
2026/2027,Abia,state,deaths_per_100k,0.45,8.406182343319259
2026/2027,Abia,state,deaths_per_100k,0.5,8.650743536428655
2026/2027,Abia,state,deaths_per_100k,0.55,9.015775138635584
2026/2027,Abia,state,deaths_per_100k,0.6,9.349283408999883
2026/2027,Abia,state,deaths_per_100k,0.65,9.704606229257104
2026/2027,Abia,state,deaths_per_100k,0.7,10.00375093543809
2026/2027,Abia,state,deaths_per_100k,0.75,10.426944694077411
2026/2027,Abia,state,deaths_per_100k,0.8,10.825066427350531
2026/2027,Abia,state,deaths_per_100k,0.85,11.389449302171943
2026/2027,Abia,state,deaths_per_100k,0.9,11.950896888225223
2026/2027,Abia,state,deaths_per_100k,0.95,12.934200807334609
2026/2027,Abia,state,deaths_per_100k,0.975,13.75451472165976
2026/2027,Abia,state,deaths_per_100k,0.99,14.918551066117423
2026/2027,Adamawa,state,peak_week,0.01,14.0
2026/2027,Adamawa,state,peak_week,0.025,14.0
2026/2027,Adamawa,state,peak_week,0.05,15.0
2026/2027,Adamawa,state,peak_week,0.1,15.0
2026/2027,Adamawa,state,peak_week,0.15,15.0
2026/2027,Adamawa,state,peak_week,0.2,15.0
2026/2027,Adamawa,state,peak_week,0.25,15.0
2026/2027,Adamawa,state,peak_week,0.3,16.0
2026/2027,Adamawa,state,peak_week,0.35,16.0
2026/2027,Adamawa,state,peak_week,0.4,16.0
2026/2027,Adamawa,state,peak_week,0.45,16.0
2026/2027,Adamawa,state,peak_week,0.5,16.0
2026/2027,Adamawa,state,peak_week,0.55,16.0
2026/2027,Adamawa,state,peak_week,0.6,16.0
2026/2027,Adamawa,state,peak_week,0.65,16.0
2026/2027,Adamawa,state,peak_week,0.7,16.0
2026/2027,Adamawa,state,peak_week,0.75,17.0
2026/2027,Adamawa,state,peak_week,0.8,17.0
2026/2027,Adamawa,state,peak_week,0.85,17.0
2026/2027,Adamawa,state,peak_week,0.9,17.0
2026/2027,Adamawa,state,peak_week,0.95,18.0
2026/2027,Adamawa,state,peak_week,0.975,24.0
2026/2027,Adamawa,state,peak_week,0.99,27.0
2026/2027,Adamawa,state,peak_incidence_per_100k,0.01,443.37954059864757
2026/2027,Adamawa,state,peak_incidence_per_100k,0.025,698.0315485429729
2026/2027,Adamawa,state,peak_incidence_per_100k,0.05,845.0686491117467
2026/2027,Adamawa,state,peak_incidence_per_100k,0.1,1028.6211728454134
2026/2027,Adamawa,state,peak_incidence_per_100k,0.15,1147.4056756889797
2026/2027,Adamawa,state,peak_incidence_per_100k,0.2,1233.3904526606443
2026/2027,Adamawa,state,peak_incidence_per_100k,0.25,1305.8074614775237
2026/2027,Adamawa,state,peak_incidence_per_100k,0.3,1368.9938572954284
2026/2027,Adamawa,state,peak_incidence_per_100k,0.35,1417.1890058075858
2026/2027,Adamawa,state,peak_incidence_per_100k,0.4,1463.6204543561457
2026/2027,Adamawa,state,peak_incidence_per_100k,0.45,1514.438192135644
2026/2027,Adamawa,state,peak_incidence_per_100k,0.5,1585.236241324366
2026/2027,Adamawa,state,peak_incidence_per_100k,0.55,1655.6788918355485
2026/2027,Adamawa,state,peak_incidence_per_100k,0.6,1715.4553462731956
2026/2027,Adamawa,state,peak_incidence_per_100k,0.65,1783.4213026633977
2026/2027,Adamawa,state,peak_incidence_per_100k,0.7,1857.9969060537037
2026/2027,Adamawa,state,peak_incidence_per_100k,0.75,1939.45756975032
2026/2027,Adamawa,state,peak_incidence_per_100k,0.8,2063.1182942621544
2026/2027,Adamawa,state,peak_incidence_per_100k,0.85,2201.96561160424
2026/2027,Adamawa,state,peak_incidence_per_100k,0.9,2372.0250056219343
2026/2027,Adamawa,state,peak_incidence_per_100k,0.95,2624.5561756730053
2026/2027,Adamawa,state,peak_incidence_per_100k,0.975,2895.063145483121
2026/2027,Adamawa,state,peak_incidence_per_100k,0.99,3154.2116658949312
2026/2027,Adamawa,state,cumulative_cases,0.01,186846.58656473958
2026/2027,Adamawa,state,cumulative_cases,0.025,226094.5431173671
2026/2027,Adamawa,state,cumulative_cases,0.05,270389.9834697994
2026/2027,Adamawa,state,cumulative_cases,0.1,309168.34931700147
2026/2027,Adamawa,state,cumulative_cases,0.15,325728.43333648454
2026/2027,Adamawa,state,cumulative_cases,0.2,341829.7313924519
2026/2027,Adamawa,state,cumulative_cases,0.25,356240.83637811826
2026/2027,Adamawa,state,cumulative_cases,0.3,367866.22301225044
2026/2027,Adamawa,state,cumulative_cases,0.35,379933.4722605901
2026/2027,Adamawa,state,cumulative_cases,0.4,391021.93120605615
2026/2027,Adamawa,state,cumulative_cases,0.45,404782.8352263328
2026/2027,Adamawa,state,cumulative_cases,0.5,413434.553181207
2026/2027,Adamawa,state,cumulative_cases,0.55,422981.86740801146
2026/2027,Adamawa,state,cumulative_cases,0.6,434050.8901104953
2026/2027,Adamawa,state,cumulative_cases,0.65,448411.4990036165
2026/2027,Adamawa,state,cumulative_cases,0.7,465245.6844099976
2026/2027,Adamawa,state,cumulative_cases,0.75,483976.35857213585
2026/2027,Adamawa,state,cumulative_cases,0.8,501388.0373753491
2026/2027,Adamawa,state,cumulative_cases,0.85,528091.9715797437
2026/2027,Adamawa,state,cumulative_cases,0.9,557064.8467630894
2026/2027,Adamawa,state,cumulative_cases,0.95,613956.310380189
2026/2027,Adamawa,state,cumulative_cases,0.975,665386.7233701807
2026/2027,Adamawa,state,cumulative_cases,0.99,701609.6865369288
2026/2027,Adamawa,state,cumulative_hospitalizations,0.01,2572.4665992154924
2026/2027,Adamawa,state,cumulative_hospitalizations,0.025,3002.9456694071637
2026/2027,Adamawa,state,cumulative_hospitalizations,0.05,3595.736262426402
2026/2027,Adamawa,state,cumulative_hospitalizations,0.1,4056.4909627207585
2026/2027,Adamawa,state,cumulative_hospitalizations,0.15,4299.535086866154
2026/2027,Adamawa,state,cumulative_hospitalizations,0.2,4525.0944856922915
2026/2027,Adamawa,state,cumulative_hospitalizations,0.25,4747.709986256737
2026/2027,Adamawa,state,cumulative_hospitalizations,0.3,4895.832336013421
2026/2027,Adamawa,state,cumulative_hospitalizations,0.35,5097.637067843549
2026/2027,Adamawa,state,cumulative_hospitalizations,0.4,5236.526806453619
2026/2027,Adamawa,state,cumulative_hospitalizations,0.45,5391.895076737874
2026/2027,Adamawa,state,cumulative_hospitalizations,0.5,5509.747097904488
2026/2027,Adamawa,state,cumulative_hospitalizations,0.55,5685.443159022649
2026/2027,Adamawa,state,cumulative_hospitalizations,0.6,5852.645579691928
2026/2027,Adamawa,state,cumulative_hospitalizations,0.65,6059.026742751084
2026/2027,Adamawa,state,cumulative_hospitalizations,0.7,6300.007844603433
2026/2027,Adamawa,state,cumulative_hospitalizations,0.75,6543.80659831874
2026/2027,Adamawa,state,cumulative_hospitalizations,0.8,6835.071066436934
2026/2027,Adamawa,state,cumulative_hospitalizations,0.85,7141.941459431623
2026/2027,Adamawa,state,cumulative_hospitalizations,0.9,7658.469488668565
2026/2027,Adamawa,state,cumulative_hospitalizations,0.95,8374.758304792207
2026/2027,Adamawa,state,cumulative_hospitalizations,0.975,9004.345431911255
2026/2027,Adamawa,state,cumulative_hospitalizations,0.99,9651.815601965927
2026/2027,Adamawa,state,cumulative_deaths,0.01,310.60276640640296
2026/2027,Adamawa,state,cumulative_deaths,0.025,373.60735063259943
2026/2027,Adamawa,state,cumulative_deaths,0.05,436.03564468455795
2026/2027,Adamawa,state,cumulative_deaths,0.1,477.17421056012034
2026/2027,Adamawa,state,cumulative_deaths,0.15,507.35798623917145
2026/2027,Adamawa,state,cumulative_deaths,0.2,527.822124746737
2026/2027,Adamawa,state,cumulative_deaths,0.25,549.8965133184058
2026/2027,Adamawa,state,cumulative_deaths,0.3,568.7392315628638
2026/2027,Adamawa,state,cumulative_deaths,0.35,585.9804011672804
2026/2027,Adamawa,state,cumulative_deaths,0.4,602.7735060282251
2026/2027,Adamawa,state,cumulative_deaths,0.45,621.1140790737616
2026/2027,Adamawa,state,cumulative_deaths,0.5,639.722996141543
2026/2027,Adamawa,state,cumulative_deaths,0.55,659.9569917236691
2026/2027,Adamawa,state,cumulative_deaths,0.6,681.2948476473988
2026/2027,Adamawa,state,cumulative_deaths,0.65,700.5342968046306
2026/2027,Adamawa,state,cumulative_deaths,0.7,720.1542239127939
2026/2027,Adamawa,state,cumulative_deaths,0.75,745.042950771278
2026/2027,Adamawa,state,cumulative_deaths,0.8,778.0151787052505
2026/2027,Adamawa,state,cumulative_deaths,0.85,806.8477238872587
2026/2027,Adamawa,state,cumulative_deaths,0.9,867.9939779455844
2026/2027,Adamawa,state,cumulative_deaths,0.95,941.8290602395973
2026/2027,Adamawa,state,cumulative_deaths,0.975,1004.3731167963281
2026/2027,Adamawa,state,cumulative_deaths,0.99,1058.2447281309446
2026/2027,Adamawa,state,attack_rate_pct,0.01,3.567852622648527
2026/2027,Adamawa,state,attack_rate_pct,0.025,4.317295934910316
2026/2027,Adamawa,state,attack_rate_pct,0.05,5.163121410978292
2026/2027,Adamawa,state,attack_rate_pct,0.1,5.903597845863688
2026/2027,Adamawa,state,attack_rate_pct,0.15,6.2198141615399765
2026/2027,Adamawa,state,attack_rate_pct,0.2,6.527269917372712
2026/2027,Adamawa,state,attack_rate_pct,0.25,6.802451282275826
2026/2027,Adamawa,state,attack_rate_pct,0.3,7.024439101023162
2026/2027,Adamawa,state,attack_rate_pct,0.35,7.254864326714531
2026/2027,Adamawa,state,attack_rate_pct,0.4,7.466599462245113
2026/2027,Adamawa,state,attack_rate_pct,0.45,7.729365180374769
2026/2027,Adamawa,state,attack_rate_pct,0.5,7.894570524305511
2026/2027,Adamawa,state,attack_rate_pct,0.55,8.076877360783637
2026/2027,Adamawa,state,attack_rate_pct,0.6,8.288241359480661
2026/2027,Adamawa,state,attack_rate_pct,0.65,8.562458496888198
2026/2027,Adamawa,state,attack_rate_pct,0.7,8.88390880356264
2026/2027,Adamawa,state,attack_rate_pct,0.75,9.241572736107669
2026/2027,Adamawa,state,attack_rate_pct,0.8,9.574050331898446
2026/2027,Adamawa,state,attack_rate_pct,0.85,10.083964392614623
2026/2027,Adamawa,state,attack_rate_pct,0.9,10.637204088394412
2026/2027,Adamawa,state,attack_rate_pct,0.95,11.723551778253077
2026/2027,Adamawa,state,attack_rate_pct,0.975,12.705620207994823
2026/2027,Adamawa,state,attack_rate_pct,0.99,13.397300995483034
2026/2027,Adamawa,state,deaths_per_100k,0.01,5.930988171095129
2026/2027,Adamawa,state,deaths_per_100k,0.025,7.134066456886709
2026/2027,Adamawa,state,deaths_per_100k,0.05,8.3261404292072
2026/2027,Adamawa,state,deaths_per_100k,0.1,9.11168509903326
2026/2027,Adamawa,state,deaths_per_100k,0.15,9.68804705028905
2026/2027,Adamawa,state,deaths_per_100k,0.2,10.07881164271131
2026/2027,Adamawa,state,deaths_per_100k,0.25,10.500324107063998
2026/2027,Adamawa,state,deaths_per_100k,0.3,10.860127531586407
2026/2027,Adamawa,state,deaths_per_100k,0.35,11.189349238664972
2026/2027,Adamawa,state,deaths_per_100k,0.4,11.51001510857517
2026/2027,Adamawa,state,deaths_per_100k,0.45,11.860230024696857
2026/2027,Adamawa,state,deaths_per_100k,0.5,12.215568994413216
2026/2027,Adamawa,state,deaths_per_100k,0.55,12.601938986670655
2026/2027,Adamawa,state,deaths_per_100k,0.6,13.009387292892708
2026/2027,Adamawa,state,deaths_per_100k,0.65,13.376766330401418
2026/2027,Adamawa,state,deaths_per_100k,0.7,13.75141062910676
2026/2027,Adamawa,state,deaths_per_100k,0.75,14.226663139891365
2026/2027,Adamawa,state,deaths_per_100k,0.8,14.856270841437617
2026/2027,Adamawa,state,deaths_per_100k,0.85,15.406830923034919
2026/2027,Adamawa,state,deaths_per_100k,0.9,16.574424224674075
2026/2027,Adamawa,state,deaths_per_100k,0.95,17.984311859495214
2026/2027,Adamawa,state,deaths_per_100k,0.975,19.178596327409174
2026/2027,Adamawa,state,deaths_per_100k,0.99,20.207279662332805
2026/2027,Akwa Ibom,state,peak_week,0.01,12.0
2026/2027,Akwa Ibom,state,peak_week,0.025,13.0
2026/2027,Akwa Ibom,state,peak_week,0.05,13.0
2026/2027,Akwa Ibom,state,peak_week,0.1,13.0
2026/2027,Akwa Ibom,state,peak_week,0.15,14.0
2026/2027,Akwa Ibom,state,peak_week,0.2,14.0
2026/2027,Akwa Ibom,state,peak_week,0.25,14.0
2026/2027,Akwa Ibom,state,peak_week,0.3,14.0
2026/2027,Akwa Ibom,state,peak_week,0.35,14.0
2026/2027,Akwa Ibom,state,peak_week,0.4,14.0
2026/2027,Akwa Ibom,state,peak_week,0.45,14.0
2026/2027,Akwa Ibom,state,peak_week,0.5,15.0
2026/2027,Akwa Ibom,state,peak_week,0.55,15.0
2026/2027,Akwa Ibom,state,peak_week,0.6,15.0
2026/2027,Akwa Ibom,state,peak_week,0.65,15.0
2026/2027,Akwa Ibom,state,peak_week,0.7,15.0
2026/2027,Akwa Ibom,state,peak_week,0.75,15.0
2026/2027,Akwa Ibom,state,peak_week,0.8,15.0
2026/2027,Akwa Ibom,state,peak_week,0.85,15.149999999999864
2026/2027,Akwa Ibom,state,peak_week,0.9,16.0
2026/2027,Akwa Ibom,state,peak_week,0.95,16.0
2026/2027,Akwa Ibom,state,peak_week,0.975,16.0
2026/2027,Akwa Ibom,state,peak_week,0.99,23.00999999999999
2026/2027,Akwa Ibom,state,peak_incidence_per_100k,0.01,319.4385426756155
2026/2027,Akwa Ibom,state,peak_incidence_per_100k,0.025,466.19851554754314
2026/2027,Akwa Ibom,state,peak_incidence_per_100k,0.05,752.827204293546
2026/2027,Akwa Ibom,state,peak_incidence_per_100k,0.1,1022.0329740021638
2026/2027,Akwa Ibom,state,peak_incidence_per_100k,0.15,1152.8077444825133
2026/2027,Akwa Ibom,state,peak_incidence_per_100k,0.2,1257.3889362923933
2026/2027,Akwa Ibom,state,peak_incidence_per_100k,0.25,1346.260946044327
2026/2027,Akwa Ibom,state,peak_incidence_per_100k,0.3,1424.7446086004563
2026/2027,Akwa Ibom,state,peak_incidence_per_100k,0.35,1511.34080586572
2026/2027,Akwa Ibom,state,peak_incidence_per_100k,0.4,1592.3995671219316
2026/2027,Akwa Ibom,state,peak_incidence_per_100k,0.45,1672.6885659464392
2026/2027,Akwa Ibom,state,peak_incidence_per_100k,0.5,1748.1654663120812
2026/2027,Akwa Ibom,state,peak_incidence_per_100k,0.55,1821.9531386282638
2026/2027,Akwa Ibom,state,peak_incidence_per_100k,0.6,1907.2722050010755
2026/2027,Akwa Ibom,state,peak_incidence_per_100k,0.65,1983.7956506149026
2026/2027,Akwa Ibom,state,peak_incidence_per_100k,0.7,2058.629345563223
2026/2027,Akwa Ibom,state,peak_incidence_per_100k,0.75,2164.3544989425445
2026/2027,Akwa Ibom,state,peak_incidence_per_100k,0.8,2294.32129265642
2026/2027,Akwa Ibom,state,peak_incidence_per_100k,0.85,2441.954993674803
2026/2027,Akwa Ibom,state,peak_incidence_per_100k,0.9,2648.2806602230844
2026/2027,Akwa Ibom,state,peak_incidence_per_100k,0.95,2910.932716778815
2026/2027,Akwa Ibom,state,peak_incidence_per_100k,0.975,3111.577532123864
2026/2027,Akwa Ibom,state,peak_incidence_per_100k,0.99,3629.40102336109
2026/2027,Akwa Ibom,state,cumulative_cases,0.01,132738.68905052287
2026/2027,Akwa Ibom,state,cumulative_cases,0.025,167300.6090353673
2026/2027,Akwa Ibom,state,cumulative_cases,0.05,256206.30361360215
2026/2027,Akwa Ibom,state,cumulative_cases,0.1,316308.294761656
2026/2027,Akwa Ibom,state,cumulative_cases,0.15,343045.36374584865
2026/2027,Akwa Ibom,state,cumulative_cases,0.2,361990.13814107643
2026/2027,Akwa Ibom,state,cumulative_cases,0.25,375971.02210005635
2026/2027,Akwa Ibom,state,cumulative_cases,0.3,395744.24608392356
2026/2027,Akwa Ibom,state,cumulative_cases,0.35,409625.6397361084
2026/2027,Akwa Ibom,state,cumulative_cases,0.4,425339.50310300576
2026/2027,Akwa Ibom,state,cumulative_cases,0.45,439243.3957792444
2026/2027,Akwa Ibom,state,cumulative_cases,0.5,454713.56772740185
2026/2027,Akwa Ibom,state,cumulative_cases,0.55,468721.3116203293
2026/2027,Akwa Ibom,state,cumulative_cases,0.6,485159.57778775925
2026/2027,Akwa Ibom,state,cumulative_cases,0.65,497368.91489249707
2026/2027,Akwa Ibom,state,cumulative_cases,0.7,512692.1787269469
2026/2027,Akwa Ibom,state,cumulative_cases,0.75,532871.4130140009
2026/2027,Akwa Ibom,state,cumulative_cases,0.8,553421.7798111499
2026/2027,Akwa Ibom,state,cumulative_cases,0.85,590926.3931081794
2026/2027,Akwa Ibom,state,cumulative_cases,0.9,624126.4644857364
2026/2027,Akwa Ibom,state,cumulative_cases,0.95,672674.51761222
2026/2027,Akwa Ibom,state,cumulative_cases,0.975,723511.2556305242
2026/2027,Akwa Ibom,state,cumulative_cases,0.99,797569.8398809398
2026/2027,Akwa Ibom,state,cumulative_hospitalizations,0.01,2112.996934506543
2026/2027,Akwa Ibom,state,cumulative_hospitalizations,0.025,2632.10769914834
2026/2027,Akwa Ibom,state,cumulative_hospitalizations,0.05,3961.3471811738245
2026/2027,Akwa Ibom,state,cumulative_hospitalizations,0.1,5178.455019814599
2026/2027,Akwa Ibom,state,cumulative_hospitalizations,0.15,5556.077946398555
2026/2027,Akwa Ibom,state,cumulative_hospitalizations,0.2,5860.46162774821
2026/2027,Akwa Ibom,state,cumulative_hospitalizations,0.25,6115.356082239257
2026/2027,Akwa Ibom,state,cumulative_hospitalizations,0.3,6407.3121606076065
2026/2027,Akwa Ibom,state,cumulative_hospitalizations,0.35,6597.615601423896
2026/2027,Akwa Ibom,state,cumulative_hospitalizations,0.4,6810.96282813632
2026/2027,Akwa Ibom,state,cumulative_hospitalizations,0.45,7052.4008596959575
2026/2027,Akwa Ibom,state,cumulative_hospitalizations,0.5,7213.354312097365
2026/2027,Akwa Ibom,state,cumulative_hospitalizations,0.55,7418.497794532778
2026/2027,Akwa Ibom,state,cumulative_hospitalizations,0.6,7644.999089896088
2026/2027,Akwa Ibom,state,cumulative_hospitalizations,0.65,7885.185639644547
2026/2027,Akwa Ibom,state,cumulative_hospitalizations,0.7,8177.2818107381745
2026/2027,Akwa Ibom,state,cumulative_hospitalizations,0.75,8496.977972048116
2026/2027,Akwa Ibom,state,cumulative_hospitalizations,0.8,8843.633407066292
2026/2027,Akwa Ibom,state,cumulative_hospitalizations,0.85,9235.837279851206
2026/2027,Akwa Ibom,state,cumulative_hospitalizations,0.9,9772.568976060671
2026/2027,Akwa Ibom,state,cumulative_hospitalizations,0.95,10667.961120284965
2026/2027,Akwa Ibom,state,cumulative_hospitalizations,0.975,11373.576896579805
2026/2027,Akwa Ibom,state,cumulative_hospitalizations,0.99,12354.821132674435
2026/2027,Akwa Ibom,state,cumulative_deaths,0.01,172.9749810188414
2026/2027,Akwa Ibom,state,cumulative_deaths,0.025,230.06118184258892
2026/2027,Akwa Ibom,state,cumulative_deaths,0.05,303.36561501927645
2026/2027,Akwa Ibom,state,cumulative_deaths,0.1,395.81260989383077
2026/2027,Akwa Ibom,state,cumulative_deaths,0.15,434.8815348371912
2026/2027,Akwa Ibom,state,cumulative_deaths,0.2,461.56088222067206
2026/2027,Akwa Ibom,state,cumulative_deaths,0.25,479.09779370586097
2026/2027,Akwa Ibom,state,cumulative_deaths,0.3,502.57514861854384
2026/2027,Akwa Ibom,state,cumulative_deaths,0.35,518.3421352355406
2026/2027,Akwa Ibom,state,cumulative_deaths,0.4,536.3171339592878
2026/2027,Akwa Ibom,state,cumulative_deaths,0.45,553.3099742217008
2026/2027,Akwa Ibom,state,cumulative_deaths,0.5,565.1738372732513
2026/2027,Akwa Ibom,state,cumulative_deaths,0.55,582.7609009095869
2026/2027,Akwa Ibom,state,cumulative_deaths,0.6,601.4112090362282
2026/2027,Akwa Ibom,state,cumulative_deaths,0.65,619.5698672616542
2026/2027,Akwa Ibom,state,cumulative_deaths,0.7,641.6540258626383
2026/2027,Akwa Ibom,state,cumulative_deaths,0.75,659.9631495133451
2026/2027,Akwa Ibom,state,cumulative_deaths,0.8,690.5429634305577
2026/2027,Akwa Ibom,state,cumulative_deaths,0.85,723.5101661963421
2026/2027,Akwa Ibom,state,cumulative_deaths,0.9,765.8820031624605
2026/2027,Akwa Ibom,state,cumulative_deaths,0.95,824.6352849775253
2026/2027,Akwa Ibom,state,cumulative_deaths,0.975,898.4755229522723
2026/2027,Akwa Ibom,state,cumulative_deaths,0.99,957.6565597331199
2026/2027,Akwa Ibom,state,attack_rate_pct,0.01,2.296286291127533
2026/2027,Akwa Ibom,state,attack_rate_pct,0.025,2.8941832842644586
2026/2027,Akwa Ibom,state,attack_rate_pct,0.05,4.432189491222459
2026/2027,Akwa Ibom,state,attack_rate_pct,0.1,5.471911815813255
2026/2027,Akwa Ibom,state,attack_rate_pct,0.15,5.934444370658394
2026/2027,Akwa Ibom,state,attack_rate_pct,0.2,6.26217569031688
2026/2027,Akwa Ibom,state,attack_rate_pct,0.25,6.504035184353551
2026/2027,Akwa Ibom,state,attack_rate_pct,0.3,6.8460981012795
2026/2027,Akwa Ibom,state,attack_rate_pct,0.35,7.086236482736051
2026/2027,Akwa Ibom,state,attack_rate_pct,0.4,7.3580753059771284
2026/2027,Akwa Ibom,state,attack_rate_pct,0.45,7.598602904781447
2026/2027,Akwa Ibom,state,attack_rate_pct,0.5,7.866226037268604
2026/2027,Akwa Ibom,state,attack_rate_pct,0.55,8.108550189337876
2026/2027,Akwa Ibom,state,attack_rate_pct,0.6,8.392920673332997
2026/2027,Akwa Ibom,state,attack_rate_pct,0.65,8.604133648373702
2026/2027,Akwa Ibom,state,attack_rate_pct,0.7,8.869215373453756
2026/2027,Akwa Ibom,state,attack_rate_pct,0.75,9.218301984073932
2026/2027,Akwa Ibom,state,attack_rate_pct,0.8,9.573808927011834
2026/2027,Akwa Ibom,state,attack_rate_pct,0.85,10.222612452073232
2026/2027,Akwa Ibom,state,attack_rate_pct,0.9,10.796950418750924
2026/2027,Akwa Ibom,state,attack_rate_pct,0.95,11.636797713105656
2026/2027,Akwa Ibom,state,attack_rate_pct,0.975,12.516237652072073
2026/2027,Akwa Ibom,state,attack_rate_pct,0.99,13.797399255904203
2026/2027,Akwa Ibom,state,deaths_per_100k,0.01,2.992345942714779
2026/2027,Akwa Ibom,state,deaths_per_100k,0.025,3.979897208301188
2026/2027,Akwa Ibom,state,deaths_per_100k,0.05,5.248012527101972
2026/2027,Akwa Ibom,state,deaths_per_100k,0.1,6.847280747278358
2026/2027,Akwa Ibom,state,deaths_per_100k,0.15,7.523145767478931
2026/2027,Akwa Ibom,state,deaths_per_100k,0.2,7.984679779085737
2026/2027,Akwa Ibom,state,deaths_per_100k,0.25,8.288056057096352
2026/2027,Akwa Ibom,state,deaths_per_100k,0.3,8.694197843063591
2026/2027,Akwa Ibom,state,deaths_per_100k,0.35,8.966955661300146
2026/2027,Akwa Ibom,state,deaths_per_100k,0.4,9.27791054150591
2026/2027,Akwa Ibom,state,deaths_per_100k,0.45,9.57187476867292
2026/2027,Akwa Ibom,state,deaths_per_100k,0.5,9.777111284717769
2026/2027,Akwa Ibom,state,deaths_per_100k,0.55,10.081355159794265
2026/2027,Akwa Ibom,state,deaths_per_100k,0.6,10.403992419381861
2026/2027,Akwa Ibom,state,deaths_per_100k,0.65,10.718124480249548
2026/2027,Akwa Ibom,state,deaths_per_100k,0.7,11.100164946441165
2026/2027,Akwa Ibom,state,deaths_per_100k,0.75,11.416899953713045
2026/2027,Akwa Ibom,state,deaths_per_100k,0.8,11.945909302725067
2026/2027,Akwa Ibom,state,deaths_per_100k,0.85,12.516218805624247
2026/2027,Akwa Ibom,state,deaths_per_100k,0.9,13.249221888984177
2026/2027,Akwa Ibom,state,deaths_per_100k,0.95,14.265612487352488
2026/2027,Akwa Ibom,state,deaths_per_100k,0.975,15.542996853642778
2026/2027,Akwa Ibom,state,deaths_per_100k,0.99,16.566787313128557
2026/2027,Anambra,state,peak_week,0.01,13.0
2026/2027,Anambra,state,peak_week,0.025,13.0
2026/2027,Anambra,state,peak_week,0.05,13.0
2026/2027,Anambra,state,peak_week,0.1,14.0
2026/2027,Anambra,state,peak_week,0.15,14.0
2026/2027,Anambra,state,peak_week,0.2,14.0
2026/2027,Anambra,state,peak_week,0.25,14.0
2026/2027,Anambra,state,peak_week,0.3,14.0
2026/2027,Anambra,state,peak_week,0.35,14.0
2026/2027,Anambra,state,peak_week,0.4,15.0
2026/2027,Anambra,state,peak_week,0.45,15.0
2026/2027,Anambra,state,peak_week,0.5,15.0
2026/2027,Anambra,state,peak_week,0.55,15.0
2026/2027,Anambra,state,peak_week,0.6,15.0
2026/2027,Anambra,state,peak_week,0.65,15.0
2026/2027,Anambra,state,peak_week,0.7,15.0
2026/2027,Anambra,state,peak_week,0.75,15.0
2026/2027,Anambra,state,peak_week,0.8,16.0
2026/2027,Anambra,state,peak_week,0.85,16.0
2026/2027,Anambra,state,peak_week,0.9,16.0
2026/2027,Anambra,state,peak_week,0.95,16.0
2026/2027,Anambra,state,peak_week,0.975,17.0
2026/2027,Anambra,state,peak_week,0.99,24.0
2026/2027,Anambra,state,peak_incidence_per_100k,0.01,361.3118079181772
2026/2027,Anambra,state,peak_incidence_per_100k,0.025,525.1372614335263
2026/2027,Anambra,state,peak_incidence_per_100k,0.05,875.0512041770739
2026/2027,Anambra,state,peak_incidence_per_100k,0.1,1275.2793156383557
2026/2027,Anambra,state,peak_incidence_per_100k,0.15,1417.0283667313163
2026/2027,Anambra,state,peak_incidence_per_100k,0.2,1504.9488412379417
2026/2027,Anambra,state,peak_incidence_per_100k,0.25,1587.6052969780192
2026/2027,Anambra,state,peak_incidence_per_100k,0.3,1651.1300261978686
2026/2027,Anambra,state,peak_incidence_per_100k,0.35,1710.9271222798416
2026/2027,Anambra,state,peak_incidence_per_100k,0.4,1769.9860657133377
2026/2027,Anambra,state,peak_incidence_per_100k,0.45,1830.862136994355
2026/2027,Anambra,state,peak_incidence_per_100k,0.5,1901.1016190202213
2026/2027,Anambra,state,peak_incidence_per_100k,0.55,1960.7388198041
2026/2027,Anambra,state,peak_incidence_per_100k,0.6,2037.1425883099841
2026/2027,Anambra,state,peak_incidence_per_100k,0.65,2119.084895365884
2026/2027,Anambra,state,peak_incidence_per_100k,0.7,2213.7456906163893
2026/2027,Anambra,state,peak_incidence_per_100k,0.75,2305.3050782829923
2026/2027,Anambra,state,peak_incidence_per_100k,0.8,2402.7329306873644
2026/2027,Anambra,state,peak_incidence_per_100k,0.85,2539.7982677246446
2026/2027,Anambra,state,peak_incidence_per_100k,0.9,2731.003385598447
2026/2027,Anambra,state,peak_incidence_per_100k,0.95,3054.949744459974
2026/2027,Anambra,state,peak_incidence_per_100k,0.975,3281.4287775636844
2026/2027,Anambra,state,peak_incidence_per_100k,0.99,3554.0188467214507
2026/2027,Anambra,state,cumulative_cases,0.01,173656.85890019184
2026/2027,Anambra,state,cumulative_cases,0.025,226212.85064142646
2026/2027,Anambra,state,cumulative_cases,0.05,348781.8792088186
2026/2027,Anambra,state,cumulative_cases,0.1,436435.42293048184
2026/2027,Anambra,state,cumulative_cases,0.15,474888.8715766074
2026/2027,Anambra,state,cumulative_cases,0.2,496589.289619896
2026/2027,Anambra,state,cumulative_cases,0.25,517939.53154578217
2026/2027,Anambra,state,cumulative_cases,0.3,534802.3242165903
2026/2027,Anambra,state,cumulative_cases,0.35,549709.7572826754
2026/2027,Anambra,state,cumulative_cases,0.4,567923.6770366989
2026/2027,Anambra,state,cumulative_cases,0.45,583925.6889967418
2026/2027,Anambra,state,cumulative_cases,0.5,603554.8517128043
2026/2027,Anambra,state,cumulative_cases,0.55,620962.5459770092
2026/2027,Anambra,state,cumulative_cases,0.6,639142.4769797483
2026/2027,Anambra,state,cumulative_cases,0.65,658885.4830534268
2026/2027,Anambra,state,cumulative_cases,0.7,681880.6989594811
2026/2027,Anambra,state,cumulative_cases,0.75,703495.9255320898
2026/2027,Anambra,state,cumulative_cases,0.8,731304.1263470175
2026/2027,Anambra,state,cumulative_cases,0.85,770692.2331608965
2026/2027,Anambra,state,cumulative_cases,0.9,820807.9253331069
2026/2027,Anambra,state,cumulative_cases,0.95,873418.8938422474
2026/2027,Anambra,state,cumulative_cases,0.975,936598.2535519827
2026/2027,Anambra,state,cumulative_cases,0.99,1009906.117052533
2026/2027,Anambra,state,cumulative_hospitalizations,0.01,2842.730383487404
2026/2027,Anambra,state,cumulative_hospitalizations,0.025,3527.652659272915
2026/2027,Anambra,state,cumulative_hospitalizations,0.05,5330.357854177158
2026/2027,Anambra,state,cumulative_hospitalizations,0.1,6665.231696200273
2026/2027,Anambra,state,cumulative_hospitalizations,0.15,7207.361831020203
2026/2027,Anambra,state,cumulative_hospitalizations,0.2,7700.953414553412
2026/2027,Anambra,state,cumulative_hospitalizations,0.25,8044.762391339028
2026/2027,Anambra,state,cumulative_hospitalizations,0.3,8365.081231606384
2026/2027,Anambra,state,cumulative_hospitalizations,0.35,8656.76950972824
2026/2027,Anambra,state,cumulative_hospitalizations,0.4,8999.254246192015
2026/2027,Anambra,state,cumulative_hospitalizations,0.45,9267.929141848806
2026/2027,Anambra,state,cumulative_hospitalizations,0.5,9540.85380984927
2026/2027,Anambra,state,cumulative_hospitalizations,0.55,9849.241370815378
2026/2027,Anambra,state,cumulative_hospitalizations,0.6,10112.049512977872
2026/2027,Anambra,state,cumulative_hospitalizations,0.65,10463.18771049
2026/2027,Anambra,state,cumulative_hospitalizations,0.7,10838.68191677444
2026/2027,Anambra,state,cumulative_hospitalizations,0.75,11233.189947827273
2026/2027,Anambra,state,cumulative_hospitalizations,0.8,11836.144675231157
2026/2027,Anambra,state,cumulative_hospitalizations,0.85,12619.38515206723
2026/2027,Anambra,state,cumulative_hospitalizations,0.9,13438.96746696412
2026/2027,Anambra,state,cumulative_hospitalizations,0.95,14420.18219199571
2026/2027,Anambra,state,cumulative_hospitalizations,0.975,15473.23108536733
2026/2027,Anambra,state,cumulative_hospitalizations,0.99,17298.360291884008
2026/2027,Anambra,state,cumulative_deaths,0.01,189.68997107441714
2026/2027,Anambra,state,cumulative_deaths,0.025,246.58850644815226
2026/2027,Anambra,state,cumulative_deaths,0.05,358.3239028742035
2026/2027,Anambra,state,cumulative_deaths,0.1,465.17159483176596
2026/2027,Anambra,state,cumulative_deaths,0.15,501.57940576586
2026/2027,Anambra,state,cumulative_deaths,0.2,529.746076175831
2026/2027,Anambra,state,cumulative_deaths,0.25,550.5846258973356
2026/2027,Anambra,state,cumulative_deaths,0.3,573.1005200966981
2026/2027,Anambra,state,cumulative_deaths,0.35,590.472704505306
2026/2027,Anambra,state,cumulative_deaths,0.4,613.1520251888309
2026/2027,Anambra,state,cumulative_deaths,0.45,631.0031138010378
2026/2027,Anambra,state,cumulative_deaths,0.5,652.3707699204501
2026/2027,Anambra,state,cumulative_deaths,0.55,667.3948921328788
2026/2027,Anambra,state,cumulative_deaths,0.6,688.5359366013245
2026/2027,Anambra,state,cumulative_deaths,0.65,713.7838942652095
2026/2027,Anambra,state,cumulative_deaths,0.7,736.0125425095392
2026/2027,Anambra,state,cumulative_deaths,0.75,756.6907182378412
2026/2027,Anambra,state,cumulative_deaths,0.8,785.6601380573713
2026/2027,Anambra,state,cumulative_deaths,0.85,813.1075429040937
2026/2027,Anambra,state,cumulative_deaths,0.9,858.6740391851479
2026/2027,Anambra,state,cumulative_deaths,0.95,918.8147108699541
2026/2027,Anambra,state,cumulative_deaths,0.975,979.6593901925474
2026/2027,Anambra,state,cumulative_deaths,0.99,1051.6467278935213
2026/2027,Anambra,state,attack_rate_pct,0.01,2.3788904096104178
2026/2027,Anambra,state,attack_rate_pct,0.025,3.0988443781009143
2026/2027,Anambra,state,attack_rate_pct,0.05,4.777892867293139
2026/2027,Anambra,state,attack_rate_pct,0.1,5.978641146678272
2026/2027,Anambra,state,attack_rate_pct,0.15,6.505407211549285
2026/2027,Anambra,state,attack_rate_pct,0.2,6.802676877110758
2026/2027,Anambra,state,attack_rate_pct,0.25,7.095149550416131
2026/2027,Anambra,state,attack_rate_pct,0.3,7.3261495582355165
2026/2027,Anambra,state,attack_rate_pct,0.35,7.530363487805676
2026/2027,Anambra,state,attack_rate_pct,0.4,7.779872313997007
2026/2027,Anambra,state,attack_rate_pct,0.45,7.999080659853913
2026/2027,Anambra,state,attack_rate_pct,0.5,8.267976614955586
2026/2027,Anambra,state,attack_rate_pct,0.55,8.50644112019202
2026/2027,Anambra,state,attack_rate_pct,0.6,8.75548434131035
2026/2027,Anambra,state,attack_rate_pct,0.65,9.025939813688483
2026/2027,Anambra,state,attack_rate_pct,0.7,9.34094665495165
2026/2027,Anambra,state,attack_rate_pct,0.75,9.637049299677528
2026/2027,Anambra,state,attack_rate_pct,0.8,10.01798825392392
2026/2027,Anambra,state,attack_rate_pct,0.85,10.557558013193264
2026/2027,Anambra,state,attack_rate_pct,0.9,11.244082808323757
2026/2027,Anambra,state,attack_rate_pct,0.95,11.964789892508913
2026/2027,Anambra,state,attack_rate_pct,0.975,12.83027124378222
2026/2027,Anambra,state,attack_rate_pct,0.99,13.834500932922914
2026/2027,Anambra,state,deaths_per_100k,0.01,2.5985247910510836
2026/2027,Anambra,state,deaths_per_100k,0.025,3.3779663920260967
2026/2027,Anambra,state,deaths_per_100k,0.05,4.908607131789343
2026/2027,Anambra,state,deaths_per_100k,0.1,6.372292190338866
2026/2027,Anambra,state,deaths_per_100k,0.15,6.871035475312161
2026/2027,Anambra,state,deaths_per_100k,0.2,7.2568850324980865
2026/2027,Anambra,state,deaths_per_100k,0.25,7.542348137132315
2026/2027,Anambra,state,deaths_per_100k,0.3,7.8507888466665765
2026/2027,Anambra,state,deaths_per_100k,0.35,8.088766909527733
2026/2027,Anambra,state,deaths_per_100k,0.4,8.399446365624108
2026/2027,Anambra,state,deaths_per_100k,0.45,8.643984840923215
2026/2027,Anambra,state,deaths_per_100k,0.5,8.936696067765906
2026/2027,Anambra,state,deaths_per_100k,0.55,9.142508498500376
2026/2027,Anambra,state,deaths_per_100k,0.6,9.432115417879459
2026/2027,Anambra,state,deaths_per_100k,0.65,9.777982115741283
2026/2027,Anambra,state,deaths_per_100k,0.7,10.082487900666436
2026/2027,Anambra,state,deaths_per_100k,0.75,10.36575407419874
2026/2027,Anambra,state,deaths_per_100k,0.8,10.762600334214687
2026/2027,Anambra,state,deaths_per_100k,0.85,11.138596817003137
2026/2027,Anambra,state,deaths_per_100k,0.9,11.762803091889458
2026/2027,Anambra,state,deaths_per_100k,0.95,12.586658066605672
2026/2027,Anambra,state,deaths_per_100k,0.975,13.420157100464902
2026/2027,Anambra,state,deaths_per_100k,0.99,14.406297172068165
2026/2027,Bauchi,state,peak_week,0.01,16.0
2026/2027,Bauchi,state,peak_week,0.025,16.0
2026/2027,Bauchi,state,peak_week,0.05,16.0
2026/2027,Bauchi,state,peak_week,0.1,17.0
2026/2027,Bauchi,state,peak_week,0.15,17.0
2026/2027,Bauchi,state,peak_week,0.2,17.0
2026/2027,Bauchi,state,peak_week,0.25,17.0
2026/2027,Bauchi,state,peak_week,0.3,17.0
2026/2027,Bauchi,state,peak_week,0.35,17.0
2026/2027,Bauchi,state,peak_week,0.4,18.0
2026/2027,Bauchi,state,peak_week,0.45,18.0
2026/2027,Bauchi,state,peak_week,0.5,18.0
2026/2027,Bauchi,state,peak_week,0.55,18.0
2026/2027,Bauchi,state,peak_week,0.6,18.0
2026/2027,Bauchi,state,peak_week,0.65,18.0
2026/2027,Bauchi,state,peak_week,0.7,18.0
2026/2027,Bauchi,state,peak_week,0.75,18.0
2026/2027,Bauchi,state,peak_week,0.8,19.0
2026/2027,Bauchi,state,peak_week,0.85,19.0
2026/2027,Bauchi,state,peak_week,0.9,19.0
2026/2027,Bauchi,state,peak_week,0.95,26.0
2026/2027,Bauchi,state,peak_week,0.975,27.0
2026/2027,Bauchi,state,peak_week,0.99,27.0
2026/2027,Bauchi,state,peak_incidence_per_100k,0.01,541.3512069347371
2026/2027,Bauchi,state,peak_incidence_per_100k,0.025,633.8374522710196
2026/2027,Bauchi,state,peak_incidence_per_100k,0.05,708.6557562600491
2026/2027,Bauchi,state,peak_incidence_per_100k,0.1,801.4038464961442
2026/2027,Bauchi,state,peak_incidence_per_100k,0.15,885.1240196365625
2026/2027,Bauchi,state,peak_incidence_per_100k,0.2,963.321745215847
2026/2027,Bauchi,state,peak_incidence_per_100k,0.25,1041.2914031281307
2026/2027,Bauchi,state,peak_incidence_per_100k,0.3,1097.3257629049856
2026/2027,Bauchi,state,peak_incidence_per_100k,0.35,1152.7350655403152
2026/2027,Bauchi,state,peak_incidence_per_100k,0.4,1205.7638942484712
2026/2027,Bauchi,state,peak_incidence_per_100k,0.45,1268.6144503209593
2026/2027,Bauchi,state,peak_incidence_per_100k,0.5,1317.7929796262133
2026/2027,Bauchi,state,peak_incidence_per_100k,0.55,1364.9592937441835
2026/2027,Bauchi,state,peak_incidence_per_100k,0.6,1433.1107748367929
2026/2027,Bauchi,state,peak_incidence_per_100k,0.65,1499.162978307478
2026/2027,Bauchi,state,peak_incidence_per_100k,0.7,1595.4386160255779
2026/2027,Bauchi,state,peak_incidence_per_100k,0.75,1666.5029601376818
2026/2027,Bauchi,state,peak_incidence_per_100k,0.8,1739.0051686958495
2026/2027,Bauchi,state,peak_incidence_per_100k,0.85,1838.6304806964642
2026/2027,Bauchi,state,peak_incidence_per_100k,0.9,1970.9858676160409
2026/2027,Bauchi,state,peak_incidence_per_100k,0.95,2191.739598017838
2026/2027,Bauchi,state,peak_incidence_per_100k,0.975,2461.7911661797816
2026/2027,Bauchi,state,peak_incidence_per_100k,0.99,2679.6004129016173
2026/2027,Bauchi,state,cumulative_cases,0.01,296640.20151215914
2026/2027,Bauchi,state,cumulative_cases,0.025,341153.6769634789
2026/2027,Bauchi,state,cumulative_cases,0.05,377011.63095544983
2026/2027,Bauchi,state,cumulative_cases,0.1,411888.04269043467
2026/2027,Bauchi,state,cumulative_cases,0.15,436366.3463759811
2026/2027,Bauchi,state,cumulative_cases,0.2,456275.4463361737
2026/2027,Bauchi,state,cumulative_cases,0.25,473193.24028313416
2026/2027,Bauchi,state,cumulative_cases,0.3,492412.64351615857
2026/2027,Bauchi,state,cumulative_cases,0.35,512894.9255083041
2026/2027,Bauchi,state,cumulative_cases,0.4,533991.9597118039
2026/2027,Bauchi,state,cumulative_cases,0.45,553199.1868043081
2026/2027,Bauchi,state,cumulative_cases,0.5,568587.8752054286
2026/2027,Bauchi,state,cumulative_cases,0.55,582785.9435236794
2026/2027,Bauchi,state,cumulative_cases,0.6,601559.6530543398
2026/2027,Bauchi,state,cumulative_cases,0.65,621752.3656922765
2026/2027,Bauchi,state,cumulative_cases,0.7,643721.692951239
2026/2027,Bauchi,state,cumulative_cases,0.75,667042.6274093292
2026/2027,Bauchi,state,cumulative_cases,0.8,695507.074086674
2026/2027,Bauchi,state,cumulative_cases,0.85,730344.1345058226
2026/2027,Bauchi,state,cumulative_cases,0.9,786087.3300487625
2026/2027,Bauchi,state,cumulative_cases,0.95,843816.6343940516
2026/2027,Bauchi,state,cumulative_cases,0.975,891983.0782876645
2026/2027,Bauchi,state,cumulative_cases,0.99,1001357.0881279272
2026/2027,Bauchi,state,cumulative_hospitalizations,0.01,3815.253161210377
2026/2027,Bauchi,state,cumulative_hospitalizations,0.025,4585.436194959734
2026/2027,Bauchi,state,cumulative_hospitalizations,0.05,5167.135042282814
2026/2027,Bauchi,state,cumulative_hospitalizations,0.1,5811.430372048282
2026/2027,Bauchi,state,cumulative_hospitalizations,0.15,6211.839778953741
2026/2027,Bauchi,state,cumulative_hospitalizations,0.2,6501.473936151625
2026/2027,Bauchi,state,cumulative_hospitalizations,0.25,6769.974506814872
2026/2027,Bauchi,state,cumulative_hospitalizations,0.3,6952.190861660396
2026/2027,Bauchi,state,cumulative_hospitalizations,0.35,7234.656203518236
2026/2027,Bauchi,state,cumulative_hospitalizations,0.4,7429.566411151091
2026/2027,Bauchi,state,cumulative_hospitalizations,0.45,7708.306223280437
2026/2027,Bauchi,state,cumulative_hospitalizations,0.5,7908.149125565249
2026/2027,Bauchi,state,cumulative_hospitalizations,0.55,8093.10144005203
2026/2027,Bauchi,state,cumulative_hospitalizations,0.6,8325.45040762366
2026/2027,Bauchi,state,cumulative_hospitalizations,0.65,8632.526930051215
2026/2027,Bauchi,state,cumulative_hospitalizations,0.7,8874.173041986003
2026/2027,Bauchi,state,cumulative_hospitalizations,0.75,9161.925002110578
2026/2027,Bauchi,state,cumulative_hospitalizations,0.8,9521.217359125194
2026/2027,Bauchi,state,cumulative_hospitalizations,0.85,9889.13450878285
2026/2027,Bauchi,state,cumulative_hospitalizations,0.9,10416.71022504326
2026/2027,Bauchi,state,cumulative_hospitalizations,0.95,11268.94555961949
2026/2027,Bauchi,state,cumulative_hospitalizations,0.975,11856.302426465598
2026/2027,Bauchi,state,cumulative_hospitalizations,0.99,12537.870996215317
2026/2027,Bauchi,state,cumulative_deaths,0.01,508.05430849527613
2026/2027,Bauchi,state,cumulative_deaths,0.025,630.9834418920624
2026/2027,Bauchi,state,cumulative_deaths,0.05,687.7394630442105
2026/2027,Bauchi,state,cumulative_deaths,0.1,743.4138619894354
2026/2027,Bauchi,state,cumulative_deaths,0.15,783.6000392216459
2026/2027,Bauchi,state,cumulative_deaths,0.2,822.8478727001684
2026/2027,Bauchi,state,cumulative_deaths,0.25,858.8558642511593
2026/2027,Bauchi,state,cumulative_deaths,0.3,888.344817310925
2026/2027,Bauchi,state,cumulative_deaths,0.35,913.4348307837357
2026/2027,Bauchi,state,cumulative_deaths,0.4,941.6090814156865
2026/2027,Bauchi,state,cumulative_deaths,0.45,967.695070372511
2026/2027,Bauchi,state,cumulative_deaths,0.5,999.4222498889146
2026/2027,Bauchi,state,cumulative_deaths,0.55,1023.9511776128494
2026/2027,Bauchi,state,cumulative_deaths,0.6,1048.8336141610873
2026/2027,Bauchi,state,cumulative_deaths,0.65,1078.9133942273827
2026/2027,Bauchi,state,cumulative_deaths,0.7,1124.428005130673
2026/2027,Bauchi,state,cumulative_deaths,0.75,1163.2295582779648
2026/2027,Bauchi,state,cumulative_deaths,0.8,1205.3060515455343
2026/2027,Bauchi,state,cumulative_deaths,0.85,1268.320100277453
2026/2027,Bauchi,state,cumulative_deaths,0.9,1353.7381933766026
2026/2027,Bauchi,state,cumulative_deaths,0.95,1458.3580801740873
2026/2027,Bauchi,state,cumulative_deaths,0.975,1572.3311201750153
2026/2027,Bauchi,state,cumulative_deaths,0.99,1667.5909811998004
2026/2027,Bauchi,state,attack_rate_pct,0.01,3.9338742695723066
2026/2027,Bauchi,state,attack_rate_pct,0.025,4.524186758690568
2026/2027,Bauchi,state,attack_rate_pct,0.05,4.999714626624342
2026/2027,Bauchi,state,attack_rate_pct,0.1,5.46222583730946
2026/2027,Bauchi,state,attack_rate_pct,0.15,5.786843230840327
2026/2027,Bauchi,state,attack_rate_pct,0.2,6.050866433577176
2026/2027,Bauchi,state,attack_rate_pct,0.25,6.2752206309065155
2026/2027,Bauchi,state,attack_rate_pct,0.3,6.53009746644504
2026/2027,Bauchi,state,attack_rate_pct,0.35,6.801721884512066
2026/2027,Bauchi,state,attack_rate_pct,0.4,7.081498798073909
2026/2027,Bauchi,state,attack_rate_pct,0.45,7.336214160536125
2026/2027,Bauchi,state,attack_rate_pct,0.5,7.540290226541467
2026/2027,Bauchi,state,attack_rate_pct,0.55,7.728576963639396
2026/2027,Bauchi,state,attack_rate_pct,0.6,7.977543261837053
2026/2027,Bauchi,state,attack_rate_pct,0.65,8.245327575204946
2026/2027,Bauchi,state,attack_rate_pct,0.7,8.536672345007844
2026/2027,Bauchi,state,attack_rate_pct,0.75,8.845941363635124
2026/2027,Bauchi,state,attack_rate_pct,0.8,9.223420726886667
2026/2027,Bauchi,state,attack_rate_pct,0.85,9.685410082718489
2026/2027,Bauchi,state,attack_rate_pct,0.9,10.42464475668469
2026/2027,Bauchi,state,attack_rate_pct,0.95,11.190218080214587
2026/2027,Bauchi,state,attack_rate_pct,0.975,11.828974166962036
2026/2027,Bauchi,state,attack_rate_pct,0.99,13.279430311736874
2026/2027,Bauchi,state,deaths_per_100k,0.01,6.73752836448567
2026/2027,Bauchi,state,deaths_per_100k,0.025,8.367744877235097
2026/2027,Bauchi,state,deaths_per_100k,0.05,9.120411070541284
2026/2027,Bauchi,state,deaths_per_100k,0.1,9.858733403010257
2026/2027,Bauchi,state,deaths_per_100k,0.15,10.391659715089322
2026/2027,Bauchi,state,deaths_per_100k,0.2,10.912142243993245
2026/2027,Bauchi,state,deaths_per_100k,0.25,11.389659825020154
2026/2027,Bauchi,state,deaths_per_100k,0.3,11.780725611407444
2026/2027,Bauchi,state,deaths_per_100k,0.35,12.11345515352875
2026/2027,Bauchi,state,deaths_per_100k,0.4,12.487086101257763
2026/2027,Bauchi,state,deaths_per_100k,0.45,12.833023705906378
2026/2027,Bauchi,state,deaths_per_100k,0.5,13.253771583333119
2026/2027,Bauchi,state,deaths_per_100k,0.55,13.579060324176394
2026/2027,Bauchi,state,deaths_per_100k,0.6,13.909037098741681
2026/2027,Bauchi,state,deaths_per_100k,0.65,14.307938098113954
2026/2027,Bauchi,state,deaths_per_100k,0.7,14.911527078330819
2026/2027,Bauchi,state,deaths_per_100k,0.75,15.42609129035424
2026/2027,Bauchi,state,deaths_per_100k,0.8,15.984085902599471
2026/2027,Bauchi,state,deaths_per_100k,0.85,16.8197425117321
2026/2027,Bauchi,state,deaths_per_100k,0.9,17.952508862637178
2026/2027,Bauchi,state,deaths_per_100k,0.95,19.339918521409682
2026/2027,Bauchi,state,deaths_per_100k,0.975,20.851364398263325
2026/2027,Bauchi,state,deaths_per_100k,0.99,22.114646698835372
2026/2027,Bayelsa,state,peak_week,0.01,12.0
2026/2027,Bayelsa,state,peak_week,0.025,13.0
2026/2027,Bayelsa,state,peak_week,0.05,13.0
2026/2027,Bayelsa,state,peak_week,0.1,14.0
2026/2027,Bayelsa,state,peak_week,0.15,14.0
2026/2027,Bayelsa,state,peak_week,0.2,14.0
2026/2027,Bayelsa,state,peak_week,0.25,14.0
2026/2027,Bayelsa,state,peak_week,0.3,14.0
2026/2027,Bayelsa,state,peak_week,0.35,14.0
2026/2027,Bayelsa,state,peak_week,0.4,14.0
2026/2027,Bayelsa,state,peak_week,0.45,15.0
2026/2027,Bayelsa,state,peak_week,0.5,15.0
2026/2027,Bayelsa,state,peak_week,0.55,15.0
2026/2027,Bayelsa,state,peak_week,0.6,15.0
2026/2027,Bayelsa,state,peak_week,0.65,15.0
2026/2027,Bayelsa,state,peak_week,0.7,15.0
2026/2027,Bayelsa,state,peak_week,0.75,15.0
2026/2027,Bayelsa,state,peak_week,0.8,15.0
2026/2027,Bayelsa,state,peak_week,0.85,16.0
2026/2027,Bayelsa,state,peak_week,0.9,16.0
2026/2027,Bayelsa,state,peak_week,0.95,16.0
2026/2027,Bayelsa,state,peak_week,0.975,17.0
2026/2027,Bayelsa,state,peak_week,0.99,24.0
2026/2027,Bayelsa,state,peak_incidence_per_100k,0.01,309.3356811742595
2026/2027,Bayelsa,state,peak_incidence_per_100k,0.025,466.46317134947145
2026/2027,Bayelsa,state,peak_incidence_per_100k,0.05,803.3044023976353
2026/2027,Bayelsa,state,peak_incidence_per_100k,0.1,1059.4633588842369
2026/2027,Bayelsa,state,peak_incidence_per_100k,0.15,1186.4082395495461
2026/2027,Bayelsa,state,peak_incidence_per_100k,0.2,1272.2936011414822
2026/2027,Bayelsa,state,peak_incidence_per_100k,0.25,1355.2657878151426
2026/2027,Bayelsa,state,peak_incidence_per_100k,0.3,1419.2878062788652
2026/2027,Bayelsa,state,peak_incidence_per_100k,0.35,1479.3028661531655
2026/2027,Bayelsa,state,peak_incidence_per_100k,0.4,1532.6139815978972
2026/2027,Bayelsa,state,peak_incidence_per_100k,0.45,1582.7592793678052
2026/2027,Bayelsa,state,peak_incidence_per_100k,0.5,1639.2862393180872
2026/2027,Bayelsa,state,peak_incidence_per_100k,0.55,1699.8122822407774
2026/2027,Bayelsa,state,peak_incidence_per_100k,0.6,1772.6634006377674
2026/2027,Bayelsa,state,peak_incidence_per_100k,0.65,1823.7123983155666
2026/2027,Bayelsa,state,peak_incidence_per_100k,0.7,1915.1450344898178
2026/2027,Bayelsa,state,peak_incidence_per_100k,0.75,1974.4002975002177
2026/2027,Bayelsa,state,peak_incidence_per_100k,0.8,2067.2866596484696
2026/2027,Bayelsa,state,peak_incidence_per_100k,0.85,2179.677631687338
2026/2027,Bayelsa,state,peak_incidence_per_100k,0.9,2325.082418871277
2026/2027,Bayelsa,state,peak_incidence_per_100k,0.95,2553.5384807684854
2026/2027,Bayelsa,state,peak_incidence_per_100k,0.975,2865.247399193497
2026/2027,Bayelsa,state,peak_incidence_per_100k,0.99,3340.684011055065
2026/2027,Bayelsa,state,cumulative_cases,0.01,56352.53243537811
2026/2027,Bayelsa,state,cumulative_cases,0.025,72123.19939489328
2026/2027,Bayelsa,state,cumulative_cases,0.05,105508.08510280307
2026/2027,Bayelsa,state,cumulative_cases,0.1,129150.02805398557
2026/2027,Bayelsa,state,cumulative_cases,0.15,137265.40062884783
2026/2027,Bayelsa,state,cumulative_cases,0.2,144808.65662119875
2026/2027,Bayelsa,state,cumulative_cases,0.25,150200.79688464093
2026/2027,Bayelsa,state,cumulative_cases,0.3,154828.92884121
2026/2027,Bayelsa,state,cumulative_cases,0.35,159532.5877499225
2026/2027,Bayelsa,state,cumulative_cases,0.4,164223.04884406898
2026/2027,Bayelsa,state,cumulative_cases,0.45,168375.23603151093
2026/2027,Bayelsa,state,cumulative_cases,0.5,173536.66008296638
2026/2027,Bayelsa,state,cumulative_cases,0.55,178766.50249844353
2026/2027,Bayelsa,state,cumulative_cases,0.6,183708.77194152787
2026/2027,Bayelsa,state,cumulative_cases,0.65,188970.50945128434
2026/2027,Bayelsa,state,cumulative_cases,0.7,194255.99013911973
2026/2027,Bayelsa,state,cumulative_cases,0.75,198720.05713174463
2026/2027,Bayelsa,state,cumulative_cases,0.8,206249.6587746933
2026/2027,Bayelsa,state,cumulative_cases,0.85,216787.05874483092
2026/2027,Bayelsa,state,cumulative_cases,0.9,227434.15358817097
2026/2027,Bayelsa,state,cumulative_cases,0.95,245682.0141455292
2026/2027,Bayelsa,state,cumulative_cases,0.975,264368.6379161
2026/2027,Bayelsa,state,cumulative_cases,0.99,289720.8067721604
2026/2027,Bayelsa,state,cumulative_hospitalizations,0.01,1004.9403076621647
2026/2027,Bayelsa,state,cumulative_hospitalizations,0.025,1219.4366058812561
2026/2027,Bayelsa,state,cumulative_hospitalizations,0.05,1645.8139320725475
2026/2027,Bayelsa,state,cumulative_hospitalizations,0.1,1992.2539356951347
2026/2027,Bayelsa,state,cumulative_hospitalizations,0.15,2183.751972813789
2026/2027,Bayelsa,state,cumulative_hospitalizations,0.2,2325.909801340438
2026/2027,Bayelsa,state,cumulative_hospitalizations,0.25,2414.0273366909832
2026/2027,Bayelsa,state,cumulative_hospitalizations,0.3,2501.4081315254184
2026/2027,Bayelsa,state,cumulative_hospitalizations,0.35,2588.1451388194587
2026/2027,Bayelsa,state,cumulative_hospitalizations,0.4,2693.0201035522236
2026/2027,Bayelsa,state,cumulative_hospitalizations,0.45,2774.3708827383703
2026/2027,Bayelsa,state,cumulative_hospitalizations,0.5,2870.7875298277513
2026/2027,Bayelsa,state,cumulative_hospitalizations,0.55,2944.2175663515463
2026/2027,Bayelsa,state,cumulative_hospitalizations,0.6,3045.589179656283
2026/2027,Bayelsa,state,cumulative_hospitalizations,0.65,3159.6286697901432
2026/2027,Bayelsa,state,cumulative_hospitalizations,0.7,3277.4153251043335
2026/2027,Bayelsa,state,cumulative_hospitalizations,0.75,3400.171125286546
2026/2027,Bayelsa,state,cumulative_hospitalizations,0.8,3560.261676262826
2026/2027,Bayelsa,state,cumulative_hospitalizations,0.85,3740.610502219031
2026/2027,Bayelsa,state,cumulative_hospitalizations,0.9,3989.982353196074
2026/2027,Bayelsa,state,cumulative_hospitalizations,0.95,4281.345683813877
2026/2027,Bayelsa,state,cumulative_hospitalizations,0.975,4648.695644681034
2026/2027,Bayelsa,state,cumulative_hospitalizations,0.99,5040.659152923036
2026/2027,Bayelsa,state,cumulative_deaths,0.01,80.34512158639158
2026/2027,Bayelsa,state,cumulative_deaths,0.025,109.18870707842211
2026/2027,Bayelsa,state,cumulative_deaths,0.05,141.89491727042886
2026/2027,Bayelsa,state,cumulative_deaths,0.1,169.86027365238658
2026/2027,Bayelsa,state,cumulative_deaths,0.15,187.18146942578997
2026/2027,Bayelsa,state,cumulative_deaths,0.2,198.35317886666905
2026/2027,Bayelsa,state,cumulative_deaths,0.25,211.7021258713121
2026/2027,Bayelsa,state,cumulative_deaths,0.3,221.72307838440437
2026/2027,Bayelsa,state,cumulative_deaths,0.35,232.66455475047448
2026/2027,Bayelsa,state,cumulative_deaths,0.4,241.94148537367732
2026/2027,Bayelsa,state,cumulative_deaths,0.45,253.52160461764396
2026/2027,Bayelsa,state,cumulative_deaths,0.5,263.22051497308485
2026/2027,Bayelsa,state,cumulative_deaths,0.55,272.17024363943887
2026/2027,Bayelsa,state,cumulative_deaths,0.6,282.6584398200796
2026/2027,Bayelsa,state,cumulative_deaths,0.65,293.1732885557665
2026/2027,Bayelsa,state,cumulative_deaths,0.7,303.81958795741804
2026/2027,Bayelsa,state,cumulative_deaths,0.75,315.70475082945785
2026/2027,Bayelsa,state,cumulative_deaths,0.8,329.43430176855003
2026/2027,Bayelsa,state,cumulative_deaths,0.85,348.00023303925116
2026/2027,Bayelsa,state,cumulative_deaths,0.9,371.58957588546923
2026/2027,Bayelsa,state,cumulative_deaths,0.95,403.7615549773039
2026/2027,Bayelsa,state,cumulative_deaths,0.975,427.80892983398115
2026/2027,Bayelsa,state,cumulative_deaths,0.99,471.14797536194004
2026/2027,Bayelsa,state,attack_rate_pct,0.01,2.353194309800837
2026/2027,Bayelsa,state,attack_rate_pct,0.025,3.0117528899933514
2026/2027,Bayelsa,state,attack_rate_pct,0.05,4.405853912361673
2026/2027,Bayelsa,state,attack_rate_pct,0.1,5.393104763761416
2026/2027,Bayelsa,state,attack_rate_pct,0.15,5.731990129507473
2026/2027,Bayelsa,state,attack_rate_pct,0.2,6.046984794546295
2026/2027,Bayelsa,state,attack_rate_pct,0.25,6.272152204726678
2026/2027,Bayelsa,state,attack_rate_pct,0.3,6.465415813557298
2026/2027,Bayelsa,state,attack_rate_pct,0.35,6.661833310710937
2026/2027,Bayelsa,state,attack_rate_pct,0.4,6.857699687607929
2026/2027,Bayelsa,state,attack_rate_pct,0.45,7.031088581424211
2026/2027,Bayelsa,state,attack_rate_pct,0.5,7.246621640604511
2026/2027,Bayelsa,state,attack_rate_pct,0.55,7.465011744498577
2026/2027,Bayelsa,state,attack_rate_pct,0.6,7.671393247305134
2026/2027,Bayelsa,state,attack_rate_pct,0.65,7.891115240843284
2026/2027,Bayelsa,state,attack_rate_pct,0.7,8.111828712654678
2026/2027,Bayelsa,state,attack_rate_pct,0.75,8.298241223177802
2026/2027,Bayelsa,state,attack_rate_pct,0.8,8.612665703773638
2026/2027,Bayelsa,state,attack_rate_pct,0.85,9.052691175180069
2026/2027,Bayelsa,state,attack_rate_pct,0.9,9.497297334273078
2026/2027,Bayelsa,state,attack_rate_pct,0.95,10.25929967514137
2026/2027,Bayelsa,state,attack_rate_pct,0.975,11.039624086945263
2026/2027,Bayelsa,state,attack_rate_pct,0.99,12.09829131830003
2026/2027,Bayelsa,state,deaths_per_100k,0.01,3.3550876023924077
2026/2027,Bayelsa,state,deaths_per_100k,0.025,4.559550974680688
2026/2027,Bayelsa,state,deaths_per_100k,0.05,5.925311560635516
2026/2027,Bayelsa,state,deaths_per_100k,0.1,7.0931014480738535
2026/2027,Bayelsa,state,deaths_per_100k,0.15,7.8164077055106524
2026/2027,Bayelsa,state,deaths_per_100k,0.2,8.28292095612937
2026/2027,Bayelsa,state,deaths_per_100k,0.25,8.840352268895682
2026/2027,Bayelsa,state,deaths_per_100k,0.3,9.258811695890108
2026/2027,Bayelsa,state,deaths_per_100k,0.35,9.71571077056758
2026/2027,Bayelsa,state,deaths_per_100k,0.4,10.10310099797168
2026/2027,Bayelsa,state,deaths_per_100k,0.45,10.5866688082199
2026/2027,Bayelsa,state,deaths_per_100k,0.5,10.99168025443777
2026/2027,Bayelsa,state,deaths_per_100k,0.55,11.365407035857515
2026/2027,Bayelsa,state,deaths_per_100k,0.6,11.803377833366236
2026/2027,Bayelsa,state,deaths_per_100k,0.65,12.242461600215742
2026/2027,Bayelsa,state,deaths_per_100k,0.7,12.687034542898163
2026/2027,Bayelsa,state,deaths_per_100k,0.75,13.183340501705116
2026/2027,Bayelsa,state,deaths_per_100k,0.8,13.756665244174178
2026/2027,Bayelsa,state,deaths_per_100k,0.85,14.531949724467367
2026/2027,Bayelsa,state,deaths_per_100k,0.9,15.51700407710569
2026/2027,Bayelsa,state,deaths_per_100k,0.95,16.860456001307202
2026/2027,Bayelsa,state,deaths_per_100k,0.975,17.864637059953907
2026/2027,Bayelsa,state,deaths_per_100k,0.99,19.67440835010033
2026/2027,Benue,state,peak_week,0.01,14.0
2026/2027,Benue,state,peak_week,0.025,14.0
2026/2027,Benue,state,peak_week,0.05,14.0
2026/2027,Benue,state,peak_week,0.1,15.0
2026/2027,Benue,state,peak_week,0.15,15.0
2026/2027,Benue,state,peak_week,0.2,15.0
2026/2027,Benue,state,peak_week,0.25,15.0
2026/2027,Benue,state,peak_week,0.3,15.0
2026/2027,Benue,state,peak_week,0.35,16.0
2026/2027,Benue,state,peak_week,0.4,16.0
2026/2027,Benue,state,peak_week,0.45,16.0
2026/2027,Benue,state,peak_week,0.5,16.0
2026/2027,Benue,state,peak_week,0.55,16.0
2026/2027,Benue,state,peak_week,0.6,16.0
2026/2027,Benue,state,peak_week,0.65,16.0
2026/2027,Benue,state,peak_week,0.7,16.0
2026/2027,Benue,state,peak_week,0.75,17.0
2026/2027,Benue,state,peak_week,0.8,17.0
2026/2027,Benue,state,peak_week,0.85,17.0
2026/2027,Benue,state,peak_week,0.9,17.0
2026/2027,Benue,state,peak_week,0.95,17.0
2026/2027,Benue,state,peak_week,0.975,22.0
2026/2027,Benue,state,peak_week,0.99,26.0
2026/2027,Benue,state,peak_incidence_per_100k,0.01,432.13781634575827
2026/2027,Benue,state,peak_incidence_per_100k,0.025,677.2435066623176
2026/2027,Benue,state,peak_incidence_per_100k,0.05,886.2376473386189
2026/2027,Benue,state,peak_incidence_per_100k,0.1,1106.1012283791345
2026/2027,Benue,state,peak_incidence_per_100k,0.15,1202.1895157916513
2026/2027,Benue,state,peak_incidence_per_100k,0.2,1278.9866567767658
2026/2027,Benue,state,peak_incidence_per_100k,0.25,1336.0517959348922
2026/2027,Benue,state,peak_incidence_per_100k,0.3,1397.7737270720331
2026/2027,Benue,state,peak_incidence_per_100k,0.35,1462.3264960305523
2026/2027,Benue,state,peak_incidence_per_100k,0.4,1510.7778646558822
2026/2027,Benue,state,peak_incidence_per_100k,0.45,1565.0558021439422
2026/2027,Benue,state,peak_incidence_per_100k,0.5,1627.4556198946825
2026/2027,Benue,state,peak_incidence_per_100k,0.55,1676.9743217638813
2026/2027,Benue,state,peak_incidence_per_100k,0.6,1723.5143108098036
2026/2027,Benue,state,peak_incidence_per_100k,0.65,1797.478443285872
2026/2027,Benue,state,peak_incidence_per_100k,0.7,1859.1228299787872
2026/2027,Benue,state,peak_incidence_per_100k,0.75,1938.7337662933487
2026/2027,Benue,state,peak_incidence_per_100k,0.8,2037.2962422534172
2026/2027,Benue,state,peak_incidence_per_100k,0.85,2162.8503700911947
2026/2027,Benue,state,peak_incidence_per_100k,0.9,2291.6680584011024
2026/2027,Benue,state,peak_incidence_per_100k,0.95,2529.5623889577746
2026/2027,Benue,state,peak_incidence_per_100k,0.975,2750.0487688360818
2026/2027,Benue,state,peak_incidence_per_100k,0.99,3083.506082897622
2026/2027,Benue,state,cumulative_cases,0.01,213606.82726101368
2026/2027,Benue,state,cumulative_cases,0.025,276777.4606720989
2026/2027,Benue,state,cumulative_cases,0.05,358565.33554829686
2026/2027,Benue,state,cumulative_cases,0.1,397930.7860936348
2026/2027,Benue,state,cumulative_cases,0.15,428822.15705454536
2026/2027,Benue,state,cumulative_cases,0.2,446567.6309115442
2026/2027,Benue,state,cumulative_cases,0.25,461769.07116178237
2026/2027,Benue,state,cumulative_cases,0.3,479335.16498494876
2026/2027,Benue,state,cumulative_cases,0.35,492126.28109194065
2026/2027,Benue,state,cumulative_cases,0.4,504279.3229198257
2026/2027,Benue,state,cumulative_cases,0.45,521984.067977757
2026/2027,Benue,state,cumulative_cases,0.5,538443.8311484929
2026/2027,Benue,state,cumulative_cases,0.55,552859.7874470821
2026/2027,Benue,state,cumulative_cases,0.6,565627.520263391
2026/2027,Benue,state,cumulative_cases,0.65,583580.4854703238
2026/2027,Benue,state,cumulative_cases,0.7,603409.6822271376
2026/2027,Benue,state,cumulative_cases,0.75,625651.0110534249
2026/2027,Benue,state,cumulative_cases,0.8,648432.316798749
2026/2027,Benue,state,cumulative_cases,0.85,679291.156441539
2026/2027,Benue,state,cumulative_cases,0.9,719569.719711068
2026/2027,Benue,state,cumulative_cases,0.95,787709.3854618492
2026/2027,Benue,state,cumulative_cases,0.975,842684.2144165066
2026/2027,Benue,state,cumulative_cases,0.99,885442.8895437683
2026/2027,Benue,state,cumulative_hospitalizations,0.01,3073.1078755322856
2026/2027,Benue,state,cumulative_hospitalizations,0.025,3823.0699794437296
2026/2027,Benue,state,cumulative_hospitalizations,0.05,4738.366054692089
2026/2027,Benue,state,cumulative_hospitalizations,0.1,5396.199429546189
2026/2027,Benue,state,cumulative_hospitalizations,0.15,5745.2234147248155
2026/2027,Benue,state,cumulative_hospitalizations,0.2,6021.975161677396
2026/2027,Benue,state,cumulative_hospitalizations,0.25,6227.428155527089
2026/2027,Benue,state,cumulative_hospitalizations,0.3,6408.477448686763
2026/2027,Benue,state,cumulative_hospitalizations,0.35,6620.060599918358
2026/2027,Benue,state,cumulative_hospitalizations,0.4,6812.497349589406
2026/2027,Benue,state,cumulative_hospitalizations,0.45,7021.759386055113
2026/2027,Benue,state,cumulative_hospitalizations,0.5,7181.7910444758345
2026/2027,Benue,state,cumulative_hospitalizations,0.55,7332.498312663524
2026/2027,Benue,state,cumulative_hospitalizations,0.6,7545.898876193019
2026/2027,Benue,state,cumulative_hospitalizations,0.65,7786.162645965539
2026/2027,Benue,state,cumulative_hospitalizations,0.7,8022.264173379459
2026/2027,Benue,state,cumulative_hospitalizations,0.75,8370.160747671544
2026/2027,Benue,state,cumulative_hospitalizations,0.8,8694.006973207343
2026/2027,Benue,state,cumulative_hospitalizations,0.85,9105.83418636935
2026/2027,Benue,state,cumulative_hospitalizations,0.9,9710.613097263804
2026/2027,Benue,state,cumulative_hospitalizations,0.95,10381.644976608271
2026/2027,Benue,state,cumulative_hospitalizations,0.975,11091.669572238443
2026/2027,Benue,state,cumulative_hospitalizations,0.99,12329.306346988957
2026/2027,Benue,state,cumulative_deaths,0.01,323.21423309679915
2026/2027,Benue,state,cumulative_deaths,0.025,417.5722294267761
2026/2027,Benue,state,cumulative_deaths,0.05,519.560689745376
2026/2027,Benue,state,cumulative_deaths,0.1,578.2516241373432
2026/2027,Benue,state,cumulative_deaths,0.15,615.0887481863441
2026/2027,Benue,state,cumulative_deaths,0.2,645.3160006174553
2026/2027,Benue,state,cumulative_deaths,0.25,675.4984506693169
2026/2027,Benue,state,cumulative_deaths,0.3,691.8531380801849
2026/2027,Benue,state,cumulative_deaths,0.35,713.0541206075277
2026/2027,Benue,state,cumulative_deaths,0.4,734.6093878284466
2026/2027,Benue,state,cumulative_deaths,0.45,753.4896645763173
2026/2027,Benue,state,cumulative_deaths,0.5,773.3495307247113
2026/2027,Benue,state,cumulative_deaths,0.55,795.2038096668927
2026/2027,Benue,state,cumulative_deaths,0.6,818.9316173516419
2026/2027,Benue,state,cumulative_deaths,0.65,842.8878417887308
2026/2027,Benue,state,cumulative_deaths,0.7,867.1678795222972
2026/2027,Benue,state,cumulative_deaths,0.75,894.8581899491114
2026/2027,Benue,state,cumulative_deaths,0.8,934.3991035543542
2026/2027,Benue,state,cumulative_deaths,0.85,978.6491659167095
2026/2027,Benue,state,cumulative_deaths,0.9,1041.5438275767635
2026/2027,Benue,state,cumulative_deaths,0.95,1138.2647191852454
2026/2027,Benue,state,cumulative_deaths,0.975,1196.478345748579
2026/2027,Benue,state,cumulative_deaths,0.99,1275.0597202864944
2026/2027,Benue,state,attack_rate_pct,0.01,3.194022393643107
2026/2027,Benue,state,attack_rate_pct,0.025,4.138600899502744
2026/2027,Benue,state,attack_rate_pct,0.05,5.361559487637418
2026/2027,Benue,state,attack_rate_pct,0.1,5.950183606959318
2026/2027,Benue,state,attack_rate_pct,0.15,6.412096420724017
2026/2027,Benue,state,attack_rate_pct,0.2,6.677441127219771
2026/2027,Benue,state,attack_rate_pct,0.25,6.904745381477331
2026/2027,Benue,state,attack_rate_pct,0.3,7.167407852333054
2026/2027,Benue,state,attack_rate_pct,0.35,7.358670986612459
2026/2027,Benue,state,attack_rate_pct,0.4,7.540393117158943
2026/2027,Benue,state,attack_rate_pct,0.45,7.805128813643378
2026/2027,Benue,state,attack_rate_pct,0.5,8.0512485319853
2026/2027,Benue,state,attack_rate_pct,0.55,8.266807593621522
2026/2027,Benue,state,attack_rate_pct,0.6,8.457721081988218
2026/2027,Benue,state,attack_rate_pct,0.65,8.726168367304481
2026/2027,Benue,state,attack_rate_pct,0.7,9.022670587300603
2026/2027,Benue,state,attack_rate_pct,0.75,9.355240960853017
2026/2027,Benue,state,attack_rate_pct,0.8,9.695885506909978
2026/2027,Benue,state,attack_rate_pct,0.85,10.157311886041922
2026/2027,Benue,state,attack_rate_pct,0.9,10.75958960682584
2026/2027,Benue,state,attack_rate_pct,0.95,11.778469111259513
2026/2027,Benue,state,attack_rate_pct,0.975,12.60049730679708
2026/2027,Benue,state,attack_rate_pct,0.99,13.239859670023895
2026/2027,Benue,state,deaths_per_100k,0.01,4.83296115434499
2026/2027,Benue,state,deaths_per_100k,0.025,6.243878385604512
2026/2027,Benue,state,deaths_per_100k,0.05,7.768892498345112
2026/2027,Benue,state,deaths_per_100k,0.1,8.64648691400823
2026/2027,Benue,state,deaths_per_100k,0.15,9.197305446536438
2026/2027,Benue,state,deaths_per_100k,0.2,9.649287821824933
2026/2027,Benue,state,deaths_per_100k,0.25,10.100600275629892
2026/2027,Benue,state,deaths_per_100k,0.3,10.345148816054188
2026/2027,Benue,state,deaths_per_100k,0.35,10.662163088621535
2026/2027,Benue,state,deaths_per_100k,0.4,10.98447491304861
2026/2027,Benue,state,deaths_per_100k,0.45,11.266788112041967
2026/2027,Benue,state,deaths_per_100k,0.5,11.563748925636254
2026/2027,Benue,state,deaths_per_100k,0.55,11.890531815646392
2026/2027,Benue,state,deaths_per_100k,0.6,12.245329225771018
2026/2027,Benue,state,deaths_per_100k,0.65,12.603542108291405
2026/2027,Benue,state,deaths_per_100k,0.7,12.9665969096473
2026/2027,Benue,state,deaths_per_100k,0.75,13.38064487208486
2026/2027,Benue,state,deaths_per_100k,0.8,13.971892657278207
2026/2027,Benue,state,deaths_per_100k,0.85,14.63355545110251
2026/2027,Benue,state,deaths_per_100k,0.9,15.574007403686158
2026/2027,Benue,state,deaths_per_100k,0.95,17.02025656010066
2026/2027,Benue,state,deaths_per_100k,0.975,17.89071388228757
2026/2027,Benue,state,deaths_per_100k,0.99,19.06572627873436
2026/2027,Borno,state,peak_week,0.01,16.0
2026/2027,Borno,state,peak_week,0.025,16.0
2026/2027,Borno,state,peak_week,0.05,17.0
2026/2027,Borno,state,peak_week,0.1,17.0
2026/2027,Borno,state,peak_week,0.15,17.0
2026/2027,Borno,state,peak_week,0.2,17.0
2026/2027,Borno,state,peak_week,0.25,17.0
2026/2027,Borno,state,peak_week,0.3,17.0
2026/2027,Borno,state,peak_week,0.35,18.0
2026/2027,Borno,state,peak_week,0.4,18.0
2026/2027,Borno,state,peak_week,0.45,18.0
2026/2027,Borno,state,peak_week,0.5,18.0
2026/2027,Borno,state,peak_week,0.55,18.0
2026/2027,Borno,state,peak_week,0.6,18.0
2026/2027,Borno,state,peak_week,0.65,18.0
2026/2027,Borno,state,peak_week,0.7,18.0
2026/2027,Borno,state,peak_week,0.75,18.0
2026/2027,Borno,state,peak_week,0.8,19.0
2026/2027,Borno,state,peak_week,0.85,19.0
2026/2027,Borno,state,peak_week,0.9,19.0
2026/2027,Borno,state,peak_week,0.95,25.0
2026/2027,Borno,state,peak_week,0.975,26.0
2026/2027,Borno,state,peak_week,0.99,27.0
2026/2027,Borno,state,peak_incidence_per_100k,0.01,520.0479839839326
2026/2027,Borno,state,peak_incidence_per_100k,0.025,656.5070674470348
2026/2027,Borno,state,peak_incidence_per_100k,0.05,756.996326878508
2026/2027,Borno,state,peak_incidence_per_100k,0.1,862.6786856967155
2026/2027,Borno,state,peak_incidence_per_100k,0.15,955.5010346341483
2026/2027,Borno,state,peak_incidence_per_100k,0.2,1011.3473070248755
2026/2027,Borno,state,peak_incidence_per_100k,0.25,1063.610876435122
2026/2027,Borno,state,peak_incidence_per_100k,0.3,1110.658947210218
2026/2027,Borno,state,peak_incidence_per_100k,0.35,1161.3034981426015
2026/2027,Borno,state,peak_incidence_per_100k,0.4,1209.7302239482065
2026/2027,Borno,state,peak_incidence_per_100k,0.45,1252.841441703651
2026/2027,Borno,state,peak_incidence_per_100k,0.5,1305.1556980405126
2026/2027,Borno,state,peak_incidence_per_100k,0.55,1370.3643052223813
2026/2027,Borno,state,peak_incidence_per_100k,0.6,1428.6639055203943
2026/2027,Borno,state,peak_incidence_per_100k,0.65,1489.0203262441844
2026/2027,Borno,state,peak_incidence_per_100k,0.7,1560.8482265823243
2026/2027,Borno,state,peak_incidence_per_100k,0.75,1644.7650046717108
2026/2027,Borno,state,peak_incidence_per_100k,0.8,1729.0648417260882
2026/2027,Borno,state,peak_incidence_per_100k,0.85,1847.0069711937488
2026/2027,Borno,state,peak_incidence_per_100k,0.9,2028.6322522917496
2026/2027,Borno,state,peak_incidence_per_100k,0.95,2186.0803874856583
2026/2027,Borno,state,peak_incidence_per_100k,0.975,2402.1273766072836
2026/2027,Borno,state,peak_incidence_per_100k,0.99,2730.3470863194993
2026/2027,Borno,state,cumulative_cases,0.01,253608.6376447409
2026/2027,Borno,state,cumulative_cases,0.025,322599.7833323836
2026/2027,Borno,state,cumulative_cases,0.05,355641.00382268766
2026/2027,Borno,state,cumulative_cases,0.1,390222.75722226064
2026/2027,Borno,state,cumulative_cases,0.15,407032.096806138
2026/2027,Borno,state,cumulative_cases,0.2,423635.9068168359
2026/2027,Borno,state,cumulative_cases,0.25,440620.3654094863
2026/2027,Borno,state,cumulative_cases,0.3,454537.1601054255
2026/2027,Borno,state,cumulative_cases,0.35,466457.510833916
2026/2027,Borno,state,cumulative_cases,0.4,481055.3582165804
2026/2027,Borno,state,cumulative_cases,0.45,492886.22440822184
2026/2027,Borno,state,cumulative_cases,0.5,507388.6698935627
2026/2027,Borno,state,cumulative_cases,0.55,525195.8204955689
2026/2027,Borno,state,cumulative_cases,0.6,541627.7303517796
2026/2027,Borno,state,cumulative_cases,0.65,559325.8494560639
2026/2027,Borno,state,cumulative_cases,0.7,577880.9948767811
2026/2027,Borno,state,cumulative_cases,0.75,593826.8584184346
2026/2027,Borno,state,cumulative_cases,0.8,618626.485818839
2026/2027,Borno,state,cumulative_cases,0.85,645792.1098673117
2026/2027,Borno,state,cumulative_cases,0.9,688652.4923678548
2026/2027,Borno,state,cumulative_cases,0.95,755071.42258511
2026/2027,Borno,state,cumulative_cases,0.975,805534.2799035003
2026/2027,Borno,state,cumulative_cases,0.99,864203.775859783
2026/2027,Borno,state,cumulative_hospitalizations,0.01,3120.813821579606
2026/2027,Borno,state,cumulative_hospitalizations,0.025,3691.932919480542
2026/2027,Borno,state,cumulative_hospitalizations,0.05,4136.678335429247
2026/2027,Borno,state,cumulative_hospitalizations,0.1,4620.569247698399
2026/2027,Borno,state,cumulative_hospitalizations,0.15,4889.060195135723
2026/2027,Borno,state,cumulative_hospitalizations,0.2,5115.758090068628
2026/2027,Borno,state,cumulative_hospitalizations,0.25,5272.4942168816015
2026/2027,Borno,state,cumulative_hospitalizations,0.3,5442.07556976827
2026/2027,Borno,state,cumulative_hospitalizations,0.35,5602.268698852061
2026/2027,Borno,state,cumulative_hospitalizations,0.4,5759.678864912824
2026/2027,Borno,state,cumulative_hospitalizations,0.45,5932.620083837549
2026/2027,Borno,state,cumulative_hospitalizations,0.5,6094.992008103561
2026/2027,Borno,state,cumulative_hospitalizations,0.55,6284.813935752593
2026/2027,Borno,state,cumulative_hospitalizations,0.6,6460.520460910357
2026/2027,Borno,state,cumulative_hospitalizations,0.65,6635.463683018511
2026/2027,Borno,state,cumulative_hospitalizations,0.7,6772.933113346074
2026/2027,Borno,state,cumulative_hospitalizations,0.75,6992.212555354672
2026/2027,Borno,state,cumulative_hospitalizations,0.8,7271.045475103547
2026/2027,Borno,state,cumulative_hospitalizations,0.85,7599.111713972832
2026/2027,Borno,state,cumulative_hospitalizations,0.9,7963.325973969547
2026/2027,Borno,state,cumulative_hospitalizations,0.95,8655.451549915555
2026/2027,Borno,state,cumulative_hospitalizations,0.975,9192.319989804873
2026/2027,Borno,state,cumulative_hospitalizations,0.99,9654.7430340243
2026/2027,Borno,state,cumulative_deaths,0.01,474.96473541857654
2026/2027,Borno,state,cumulative_deaths,0.025,631.1537925737452
2026/2027,Borno,state,cumulative_deaths,0.05,669.028888582361
2026/2027,Borno,state,cumulative_deaths,0.1,720.0900093314408
2026/2027,Borno,state,cumulative_deaths,0.15,769.8845665518514
2026/2027,Borno,state,cumulative_deaths,0.2,801.316294775386
2026/2027,Borno,state,cumulative_deaths,0.25,828.9374964069375
2026/2027,Borno,state,cumulative_deaths,0.3,856.1716910430257
2026/2027,Borno,state,cumulative_deaths,0.35,890.4564076266454
2026/2027,Borno,state,cumulative_deaths,0.4,920.8785343076378
2026/2027,Borno,state,cumulative_deaths,0.45,939.2863035933053
2026/2027,Borno,state,cumulative_deaths,0.5,971.0231260121598
2026/2027,Borno,state,cumulative_deaths,0.55,998.5122443498108
2026/2027,Borno,state,cumulative_deaths,0.6,1028.346181864469
2026/2027,Borno,state,cumulative_deaths,0.65,1060.0753917654624
2026/2027,Borno,state,cumulative_deaths,0.7,1094.5593280383982
2026/2027,Borno,state,cumulative_deaths,0.75,1127.1862374966718
2026/2027,Borno,state,cumulative_deaths,0.8,1179.3796618906247
2026/2027,Borno,state,cumulative_deaths,0.85,1227.2131014995846
2026/2027,Borno,state,cumulative_deaths,0.9,1302.6199009683091
2026/2027,Borno,state,cumulative_deaths,0.95,1411.380467806229
2026/2027,Borno,state,cumulative_deaths,0.975,1518.8698496400186
2026/2027,Borno,state,cumulative_deaths,0.99,1596.1504091786694
2026/2027,Borno,state,attack_rate_pct,0.01,3.8127521035532994
2026/2027,Borno,state,attack_rate_pct,0.025,4.849964945710479
2026/2027,Borno,state,attack_rate_pct,0.05,5.346706634393997
2026/2027,Borno,state,attack_rate_pct,0.1,5.866608693895153
2026/2027,Borno,state,attack_rate_pct,0.15,6.119320294939075
2026/2027,Borno,state,attack_rate_pct,0.2,6.368941964505267
2026/2027,Borno,state,attack_rate_pct,0.25,6.624286304620194
2026/2027,Borno,state,attack_rate_pct,0.3,6.833511387584404
2026/2027,Borno,state,attack_rate_pct,0.35,7.012721933160582
2026/2027,Borno,state,attack_rate_pct,0.4,7.23218596180132
2026/2027,Borno,state,attack_rate_pct,0.45,7.410051196905129
2026/2027,Borno,state,attack_rate_pct,0.5,7.628080953479734
2026/2027,Borno,state,attack_rate_pct,0.55,7.895793644761161
2026/2027,Borno,state,attack_rate_pct,0.6,8.142830967509717
2026/2027,Borno,state,attack_rate_pct,0.65,8.408904479320944
2026/2027,Borno,state,attack_rate_pct,0.7,8.687862524250308
2026/2027,Borno,state,attack_rate_pct,0.75,8.927592627002486
2026/2027,Borno,state,attack_rate_pct,0.8,9.30043021020296
2026/2027,Borno,state,attack_rate_pct,0.85,9.708838185566332
2026/2027,Borno,state,attack_rate_pct,0.9,10.353201149918364
2026/2027,Borno,state,attack_rate_pct,0.95,11.351743306263764
2026/2027,Borno,state,attack_rate_pct,0.975,12.110401872386909
2026/2027,Borno,state,attack_rate_pct,0.99,12.992439038782955
2026/2027,Borno,state,deaths_per_100k,0.01,7.140619542373726
2026/2027,Borno,state,deaths_per_100k,0.025,9.488765732309798
2026/2027,Borno,state,deaths_per_100k,0.05,10.058179902585112
2026/2027,Borno,state,deaths_per_100k,0.1,10.82583276076007
2026/2027,Borno,state,deaths_per_100k,0.15,11.574444103618102
2026/2027,Borno,state,deaths_per_100k,0.2,12.046988686545411
2026/2027,Borno,state,deaths_per_100k,0.25,12.462245815014718
2026/2027,Borno,state,deaths_per_100k,0.3,12.87168468055045
2026/2027,Borno,state,deaths_per_100k,0.35,13.38712108874187
2026/2027,Borno,state,deaths_per_100k,0.4,13.84448732269484
2026/2027,Borno,state,deaths_per_100k,0.45,14.121229714899824
2026/2027,Borno,state,deaths_per_100k,0.5,14.598361083773348
2026/2027,Borno,state,deaths_per_100k,0.55,15.011632472082779
2026/2027,Borno,state,deaths_per_100k,0.6,15.460155870468098
2026/2027,Borno,state,deaths_per_100k,0.65,15.937172792752747
2026/2027,Borno,state,deaths_per_100k,0.7,16.455604269631745
2026/2027,Borno,state,deaths_per_100k,0.75,16.946117206512604
2026/2027,Borno,state,deaths_per_100k,0.8,17.73079311699345
2026/2027,Borno,state,deaths_per_100k,0.85,18.449921018877962
2026/2027,Borno,state,deaths_per_100k,0.9,19.583586796063937
2026/2027,Borno,state,deaths_per_100k,0.95,21.21869309151991
2026/2027,Borno,state,deaths_per_100k,0.975,22.83468839239969
2026/2027,Borno,state,deaths_per_100k,0.99,23.996524277333233
2026/2027,Cross River,state,peak_week,0.01,12.990000000000002
2026/2027,Cross River,state,peak_week,0.025,13.0
2026/2027,Cross River,state,peak_week,0.05,13.0
2026/2027,Cross River,state,peak_week,0.1,13.0
2026/2027,Cross River,state,peak_week,0.15,14.0
2026/2027,Cross River,state,peak_week,0.2,14.0
2026/2027,Cross River,state,peak_week,0.25,14.0
2026/2027,Cross River,state,peak_week,0.3,14.0
2026/2027,Cross River,state,peak_week,0.35,14.0
2026/2027,Cross River,state,peak_week,0.4,15.0
2026/2027,Cross River,state,peak_week,0.45,15.0
2026/2027,Cross River,state,peak_week,0.5,15.0
2026/2027,Cross River,state,peak_week,0.55,15.0
2026/2027,Cross River,state,peak_week,0.6,15.0
2026/2027,Cross River,state,peak_week,0.65,15.0
2026/2027,Cross River,state,peak_week,0.7,15.0
2026/2027,Cross River,state,peak_week,0.75,16.0
2026/2027,Cross River,state,peak_week,0.8,16.0
2026/2027,Cross River,state,peak_week,0.85,16.0
2026/2027,Cross River,state,peak_week,0.9,16.0
2026/2027,Cross River,state,peak_week,0.95,16.0
2026/2027,Cross River,state,peak_week,0.975,17.0
2026/2027,Cross River,state,peak_week,0.99,23.00999999999999
2026/2027,Cross River,state,peak_incidence_per_100k,0.01,340.8147826254484
2026/2027,Cross River,state,peak_incidence_per_100k,0.025,464.7304128402727
2026/2027,Cross River,state,peak_incidence_per_100k,0.05,748.6078711036608
2026/2027,Cross River,state,peak_incidence_per_100k,0.1,1035.3399579466625
2026/2027,Cross River,state,peak_incidence_per_100k,0.15,1140.112627597303
2026/2027,Cross River,state,peak_incidence_per_100k,0.2,1219.4585737168084
2026/2027,Cross River,state,peak_incidence_per_100k,0.25,1279.9175356021483
2026/2027,Cross River,state,peak_incidence_per_100k,0.3,1347.3398777787147
2026/2027,Cross River,state,peak_incidence_per_100k,0.35,1411.7518166056552
2026/2027,Cross River,state,peak_incidence_per_100k,0.4,1468.9662206777036
2026/2027,Cross River,state,peak_incidence_per_100k,0.45,1529.5254732908163
2026/2027,Cross River,state,peak_incidence_per_100k,0.5,1588.8447412351243
2026/2027,Cross River,state,peak_incidence_per_100k,0.55,1648.2625013750744
2026/2027,Cross River,state,peak_incidence_per_100k,0.6,1715.676927484193
2026/2027,Cross River,state,peak_incidence_per_100k,0.65,1781.972680042745
2026/2027,Cross River,state,peak_incidence_per_100k,0.7,1860.9655740406154
2026/2027,Cross River,state,peak_incidence_per_100k,0.75,1946.760377171133
2026/2027,Cross River,state,peak_incidence_per_100k,0.8,2065.2551490605033
2026/2027,Cross River,state,peak_incidence_per_100k,0.85,2182.155618535719
2026/2027,Cross River,state,peak_incidence_per_100k,0.9,2342.7920655348144
2026/2027,Cross River,state,peak_incidence_per_100k,0.95,2628.335240587455
2026/2027,Cross River,state,peak_incidence_per_100k,0.975,2849.500943526341
2026/2027,Cross River,state,peak_incidence_per_100k,0.99,3013.6120388698077
2026/2027,Cross River,state,cumulative_cases,0.01,92954.90768948007
2026/2027,Cross River,state,cumulative_cases,0.025,120097.72906301185
2026/2027,Cross River,state,cumulative_cases,0.05,178108.23745934502
2026/2027,Cross River,state,cumulative_cases,0.1,219428.46269709725
2026/2027,Cross River,state,cumulative_cases,0.15,233794.58351648744
2026/2027,Cross River,state,cumulative_cases,0.2,244007.12846155278
2026/2027,Cross River,state,cumulative_cases,0.25,256499.35280011437
2026/2027,Cross River,state,cumulative_cases,0.3,267208.40815765416
2026/2027,Cross River,state,cumulative_cases,0.35,277963.7646364404
2026/2027,Cross River,state,cumulative_cases,0.4,286284.803372263
2026/2027,Cross River,state,cumulative_cases,0.45,296497.55756053724
2026/2027,Cross River,state,cumulative_cases,0.5,304390.97683382535
2026/2027,Cross River,state,cumulative_cases,0.55,315019.34677486226
2026/2027,Cross River,state,cumulative_cases,0.6,322803.50281774654
2026/2027,Cross River,state,cumulative_cases,0.65,333816.7409052233
2026/2027,Cross River,state,cumulative_cases,0.7,344689.5878335421
2026/2027,Cross River,state,cumulative_cases,0.75,357446.65293264325
2026/2027,Cross River,state,cumulative_cases,0.8,371501.12431110215
2026/2027,Cross River,state,cumulative_cases,0.85,390068.51947103965
2026/2027,Cross River,state,cumulative_cases,0.9,412585.18136336276
2026/2027,Cross River,state,cumulative_cases,0.95,448822.597891769
2026/2027,Cross River,state,cumulative_cases,0.975,478757.4420311655
2026/2027,Cross River,state,cumulative_cases,0.99,508625.38961219153
2026/2027,Cross River,state,cumulative_hospitalizations,0.01,1563.2197748763192
2026/2027,Cross River,state,cumulative_hospitalizations,0.025,2044.12397380024
2026/2027,Cross River,state,cumulative_hospitalizations,0.05,2985.1195043059615
2026/2027,Cross River,state,cumulative_hospitalizations,0.1,3923.449393938759
2026/2027,Cross River,state,cumulative_hospitalizations,0.15,4219.187559952118
2026/2027,Cross River,state,cumulative_hospitalizations,0.2,4433.89293691384
2026/2027,Cross River,state,cumulative_hospitalizations,0.25,4676.891243893166
2026/2027,Cross River,state,cumulative_hospitalizations,0.3,4834.364367490517
2026/2027,Cross River,state,cumulative_hospitalizations,0.35,4976.5413482704
2026/2027,Cross River,state,cumulative_hospitalizations,0.4,5119.698876088149
2026/2027,Cross River,state,cumulative_hospitalizations,0.45,5265.98290690341
2026/2027,Cross River,state,cumulative_hospitalizations,0.5,5411.93779587906
2026/2027,Cross River,state,cumulative_hospitalizations,0.55,5603.638759275361
2026/2027,Cross River,state,cumulative_hospitalizations,0.6,5734.0470672883575
2026/2027,Cross River,state,cumulative_hospitalizations,0.65,5894.2933050602705
2026/2027,Cross River,state,cumulative_hospitalizations,0.7,6022.229337441261
2026/2027,Cross River,state,cumulative_hospitalizations,0.75,6217.243924118554
2026/2027,Cross River,state,cumulative_hospitalizations,0.8,6441.513169101532
2026/2027,Cross River,state,cumulative_hospitalizations,0.85,6684.8530295258015
2026/2027,Cross River,state,cumulative_hospitalizations,0.9,6997.140393021977
2026/2027,Cross River,state,cumulative_hospitalizations,0.95,7631.787908384373
2026/2027,Cross River,state,cumulative_hospitalizations,0.975,8058.4782296899875
2026/2027,Cross River,state,cumulative_hospitalizations,0.99,8498.07776017379
2026/2027,Cross River,state,cumulative_deaths,0.01,129.18447958601504
2026/2027,Cross River,state,cumulative_deaths,0.025,170.2857198630347
2026/2027,Cross River,state,cumulative_deaths,0.05,222.6670111178351
2026/2027,Cross River,state,cumulative_deaths,0.1,269.22923903461367
2026/2027,Cross River,state,cumulative_deaths,0.15,295.42076393554515
2026/2027,Cross River,state,cumulative_deaths,0.2,314.60159531421493
2026/2027,Cross River,state,cumulative_deaths,0.25,328.2354058547845
2026/2027,Cross River,state,cumulative_deaths,0.3,346.25193201978175
2026/2027,Cross River,state,cumulative_deaths,0.35,362.24427532797364
2026/2027,Cross River,state,cumulative_deaths,0.4,376.7835702815297
2026/2027,Cross River,state,cumulative_deaths,0.45,390.23541289218974
2026/2027,Cross River,state,cumulative_deaths,0.5,406.8820762487945
2026/2027,Cross River,state,cumulative_deaths,0.55,425.01337816546624
2026/2027,Cross River,state,cumulative_deaths,0.6,442.1645331034105
2026/2027,Cross River,state,cumulative_deaths,0.65,460.0123421597425
2026/2027,Cross River,state,cumulative_deaths,0.7,477.50153420004534
2026/2027,Cross River,state,cumulative_deaths,0.75,498.63024942585514
2026/2027,Cross River,state,cumulative_deaths,0.8,522.0228665048818
2026/2027,Cross River,state,cumulative_deaths,0.85,554.4091946453945
2026/2027,Cross River,state,cumulative_deaths,0.9,598.6976178625948
2026/2027,Cross River,state,cumulative_deaths,0.95,660.3925376617176
2026/2027,Cross River,state,cumulative_deaths,0.975,696.5650178196304
2026/2027,Cross River,state,cumulative_deaths,0.99,767.303218719455
2026/2027,Cross River,state,attack_rate_pct,0.01,2.2264541891890355
2026/2027,Cross River,state,attack_rate_pct,0.025,2.8765785328695874
2026/2027,Cross River,state,attack_rate_pct,0.05,4.26604513174416
2026/2027,Cross River,state,attack_rate_pct,0.1,5.255746384378931
2026/2027,Cross River,state,attack_rate_pct,0.15,5.5998434382706535
2026/2027,Cross River,state,attack_rate_pct,0.2,5.844454121454575
2026/2027,Cross River,state,attack_rate_pct,0.25,6.143667642313435
2026/2027,Cross River,state,attack_rate_pct,0.3,6.400170733497185
2026/2027,Cross River,state,attack_rate_pct,0.35,6.657782828260473
2026/2027,Cross River,state,attack_rate_pct,0.4,6.857088190529937
2026/2027,Cross River,state,attack_rate_pct,0.45,7.1017038855032375
2026/2027,Cross River,state,attack_rate_pct,0.5,7.290766914501615
2026/2027,Cross River,state,attack_rate_pct,0.55,7.545337430116796
2026/2027,Cross River,state,attack_rate_pct,0.6,7.731783388289075
2026/2027,Cross River,state,attack_rate_pct,0.65,7.9955722584615945
2026/2027,Cross River,state,attack_rate_pct,0.7,8.2559984822478
2026/2027,Cross River,state,attack_rate_pct,0.75,8.561555463989231
2026/2027,Cross River,state,attack_rate_pct,0.8,8.898187896371805
2026/2027,Cross River,state,attack_rate_pct,0.85,9.34291379373128
2026/2027,Cross River,state,attack_rate_pct,0.9,9.882232453098734
2026/2027,Cross River,state,attack_rate_pct,0.95,10.750190367753186
2026/2027,Cross River,state,attack_rate_pct,0.975,11.467189187864141
2026/2027,Cross River,state,attack_rate_pct,0.99,12.182585702875473
2026/2027,Cross River,state,deaths_per_100k,0.01,3.0942242093694174
2026/2027,Cross River,state,deaths_per_100k,0.025,4.078680338370468
2026/2027,Cross River,state,deaths_per_100k,0.05,5.333316034841392
2026/2027,Cross River,state,deaths_per_100k,0.1,6.448573636404464
2026/2027,Cross River,state,deaths_per_100k,0.15,7.075912544982901
2026/2027,Cross River,state,deaths_per_100k,0.2,7.535331455040094
2026/2027,Cross River,state,deaths_per_100k,0.25,7.861888226997344
2026/2027,Cross River,state,deaths_per_100k,0.3,8.293419720618864
2026/2027,Cross River,state,deaths_per_100k,0.35,8.676468024775298
2026/2027,Cross River,state,deaths_per_100k,0.4,9.02471294225009
2026/2027,Cross River,state,deaths_per_100k,0.45,9.346911221795098
2026/2027,Cross River,state,deaths_per_100k,0.5,9.745631787363761
2026/2027,Cross River,state,deaths_per_100k,0.55,10.179912387616497
2026/2027,Cross River,state,deaths_per_100k,0.6,10.590716525990546
2026/2027,Cross River,state,deaths_per_100k,0.65,11.01820691061941
2026/2027,Cross River,state,deaths_per_100k,0.7,11.437107707269554
2026/2027,Cross River,state,deaths_per_100k,0.75,11.943182294356799
2026/2027,Cross River,state,deaths_per_100k,0.8,12.5034818157729
2026/2027,Cross River,state,deaths_per_100k,0.85,13.279198534267966
2026/2027,Cross River,state,deaths_per_100k,0.9,14.339994008713607
2026/2027,Cross River,state,deaths_per_100k,0.95,15.817709559755825
2026/2027,Cross River,state,deaths_per_100k,0.975,16.684112119693566
2026/2027,Cross River,state,deaths_per_100k,0.99,18.3784321684556
2026/2027,Delta,state,peak_week,0.01,12.0
2026/2027,Delta,state,peak_week,0.025,13.0
2026/2027,Delta,state,peak_week,0.05,13.0
2026/2027,Delta,state,peak_week,0.1,14.0
2026/2027,Delta,state,peak_week,0.15,14.0
2026/2027,Delta,state,peak_week,0.2,14.0
2026/2027,Delta,state,peak_week,0.25,14.0
2026/2027,Delta,state,peak_week,0.3,14.0
2026/2027,Delta,state,peak_week,0.35,15.0
2026/2027,Delta,state,peak_week,0.4,15.0
2026/2027,Delta,state,peak_week,0.45,15.0
2026/2027,Delta,state,peak_week,0.5,15.0
2026/2027,Delta,state,peak_week,0.55,15.0
2026/2027,Delta,state,peak_week,0.6,15.0
2026/2027,Delta,state,peak_week,0.65,15.0
2026/2027,Delta,state,peak_week,0.7,16.0
2026/2027,Delta,state,peak_week,0.75,16.0
2026/2027,Delta,state,peak_week,0.8,16.0
2026/2027,Delta,state,peak_week,0.85,16.0
2026/2027,Delta,state,peak_week,0.9,16.0
2026/2027,Delta,state,peak_week,0.95,17.0
2026/2027,Delta,state,peak_week,0.975,17.0
2026/2027,Delta,state,peak_week,0.99,23.00999999999999
2026/2027,Delta,state,peak_incidence_per_100k,0.01,300.6925838112982
2026/2027,Delta,state,peak_incidence_per_100k,0.025,515.8906656200845
2026/2027,Delta,state,peak_incidence_per_100k,0.05,854.8260314322398
2026/2027,Delta,state,peak_incidence_per_100k,0.1,1106.9302980443185
2026/2027,Delta,state,peak_incidence_per_100k,0.15,1204.8505269387638
2026/2027,Delta,state,peak_incidence_per_100k,0.2,1292.7756823391278
2026/2027,Delta,state,peak_incidence_per_100k,0.25,1403.4694312785916
2026/2027,Delta,state,peak_incidence_per_100k,0.3,1502.5259621341015
2026/2027,Delta,state,peak_incidence_per_100k,0.35,1584.0193478580418
2026/2027,Delta,state,peak_incidence_per_100k,0.4,1671.313178633965
2026/2027,Delta,state,peak_incidence_per_100k,0.45,1746.4791140441928
2026/2027,Delta,state,peak_incidence_per_100k,0.5,1815.940744782085
2026/2027,Delta,state,peak_incidence_per_100k,0.55,1892.521822576932
2026/2027,Delta,state,peak_incidence_per_100k,0.6,1973.5737002685278
2026/2027,Delta,state,peak_incidence_per_100k,0.65,2070.7583263187425
2026/2027,Delta,state,peak_incidence_per_100k,0.7,2145.8192781484495
2026/2027,Delta,state,peak_incidence_per_100k,0.75,2240.208006991272
2026/2027,Delta,state,peak_incidence_per_100k,0.8,2400.658168381631
2026/2027,Delta,state,peak_incidence_per_100k,0.85,2595.6965509447705
2026/2027,Delta,state,peak_incidence_per_100k,0.9,2796.3702669239224
2026/2027,Delta,state,peak_incidence_per_100k,0.95,3142.976996057768
2026/2027,Delta,state,peak_incidence_per_100k,0.975,3471.6129805679657
2026/2027,Delta,state,peak_incidence_per_100k,0.99,3831.521441268415
2026/2027,Delta,state,cumulative_cases,0.01,127949.89007420825
2026/2027,Delta,state,cumulative_cases,0.025,185588.28929589764
2026/2027,Delta,state,cumulative_cases,0.05,278005.1960120431
2026/2027,Delta,state,cumulative_cases,0.1,339680.1480664701
2026/2027,Delta,state,cumulative_cases,0.15,363694.6918923706
2026/2027,Delta,state,cumulative_cases,0.2,382710.22479675716
2026/2027,Delta,state,cumulative_cases,0.25,403573.98039070365
2026/2027,Delta,state,cumulative_cases,0.3,418077.071952358
2026/2027,Delta,state,cumulative_cases,0.35,433363.6542574827
2026/2027,Delta,state,cumulative_cases,0.4,452487.10478602926
2026/2027,Delta,state,cumulative_cases,0.45,473436.8000904229
2026/2027,Delta,state,cumulative_cases,0.5,490063.8144949192
2026/2027,Delta,state,cumulative_cases,0.55,503350.6271096944
2026/2027,Delta,state,cumulative_cases,0.6,519102.76019189577
2026/2027,Delta,state,cumulative_cases,0.65,534377.5720735784
2026/2027,Delta,state,cumulative_cases,0.7,555295.0503556582
2026/2027,Delta,state,cumulative_cases,0.75,573190.431296357
2026/2027,Delta,state,cumulative_cases,0.8,601040.040091421
2026/2027,Delta,state,cumulative_cases,0.85,632641.9468357131
2026/2027,Delta,state,cumulative_cases,0.9,680740.3788373736
2026/2027,Delta,state,cumulative_cases,0.95,740747.8442778343
2026/2027,Delta,state,cumulative_cases,0.975,793463.6580484334
2026/2027,Delta,state,cumulative_cases,0.99,862320.1840608116
2026/2027,Delta,state,cumulative_hospitalizations,0.01,2156.877581182664
2026/2027,Delta,state,cumulative_hospitalizations,0.025,2778.956967283347
2026/2027,Delta,state,cumulative_hospitalizations,0.05,4229.71426048694
2026/2027,Delta,state,cumulative_hospitalizations,0.1,5394.369644149539
2026/2027,Delta,state,cumulative_hospitalizations,0.15,5790.641128446653
2026/2027,Delta,state,cumulative_hospitalizations,0.2,6156.700069457952
2026/2027,Delta,state,cumulative_hospitalizations,0.25,6459.45761368785
2026/2027,Delta,state,cumulative_hospitalizations,0.3,6642.0798511911835
2026/2027,Delta,state,cumulative_hospitalizations,0.35,6851.911396681113
2026/2027,Delta,state,cumulative_hospitalizations,0.4,7089.778775935636
2026/2027,Delta,state,cumulative_hospitalizations,0.45,7269.303297656737
2026/2027,Delta,state,cumulative_hospitalizations,0.5,7477.676318934635
2026/2027,Delta,state,cumulative_hospitalizations,0.55,7740.452798230765
2026/2027,Delta,state,cumulative_hospitalizations,0.6,7989.445366998007
2026/2027,Delta,state,cumulative_hospitalizations,0.65,8197.49983902644
2026/2027,Delta,state,cumulative_hospitalizations,0.7,8453.446133538762
2026/2027,Delta,state,cumulative_hospitalizations,0.75,8749.349537799477
2026/2027,Delta,state,cumulative_hospitalizations,0.8,9101.879593684343
2026/2027,Delta,state,cumulative_hospitalizations,0.85,9546.50120755753
2026/2027,Delta,state,cumulative_hospitalizations,0.9,10032.392010282907
2026/2027,Delta,state,cumulative_hospitalizations,0.95,10968.167436823838
2026/2027,Delta,state,cumulative_hospitalizations,0.975,11581.424353602755
2026/2027,Delta,state,cumulative_hospitalizations,0.99,12560.292007142556
2026/2027,Delta,state,cumulative_deaths,0.01,161.78335224688388
2026/2027,Delta,state,cumulative_deaths,0.025,215.3351053490316
2026/2027,Delta,state,cumulative_deaths,0.05,292.6789862361212
2026/2027,Delta,state,cumulative_deaths,0.1,373.4311889625419
2026/2027,Delta,state,cumulative_deaths,0.15,403.85557736342764
2026/2027,Delta,state,cumulative_deaths,0.2,428.28003387162323
2026/2027,Delta,state,cumulative_deaths,0.25,445.9631785366135
2026/2027,Delta,state,cumulative_deaths,0.3,464.0509643845634
2026/2027,Delta,state,cumulative_deaths,0.35,479.89508920277854
2026/2027,Delta,state,cumulative_deaths,0.4,495.2724460243325
2026/2027,Delta,state,cumulative_deaths,0.45,511.1457429400671
2026/2027,Delta,state,cumulative_deaths,0.5,527.0231406040396
2026/2027,Delta,state,cumulative_deaths,0.55,543.5843877840889
2026/2027,Delta,state,cumulative_deaths,0.6,558.4644913305275
2026/2027,Delta,state,cumulative_deaths,0.65,576.5830104597861
2026/2027,Delta,state,cumulative_deaths,0.7,600.8494842144903
2026/2027,Delta,state,cumulative_deaths,0.75,625.759094820123
2026/2027,Delta,state,cumulative_deaths,0.8,645.2309806697943
2026/2027,Delta,state,cumulative_deaths,0.85,671.8642405549385
2026/2027,Delta,state,cumulative_deaths,0.9,702.2302228240994
2026/2027,Delta,state,cumulative_deaths,0.95,760.7120406344621
2026/2027,Delta,state,cumulative_deaths,0.975,821.5763690804763
2026/2027,Delta,state,cumulative_deaths,0.99,898.5691216821525
2026/2027,Delta,state,attack_rate_pct,0.01,2.09494865732764
2026/2027,Delta,state,attack_rate_pct,0.025,3.0386734779582825
2026/2027,Delta,state,attack_rate_pct,0.05,4.551833626255977
2026/2027,Delta,state,attack_rate_pct,0.1,5.561649718495147
2026/2027,Delta,state,attack_rate_pct,0.15,5.954844556843408
2026/2027,Delta,state,attack_rate_pct,0.2,6.2661896084359485
2026/2027,Delta,state,attack_rate_pct,0.25,6.607795972794685
2026/2027,Delta,state,attack_rate_pct,0.3,6.845257936822679
2026/2027,Delta,state,attack_rate_pct,0.35,7.09554814853506
2026/2027,Delta,state,attack_rate_pct,0.4,7.408660156564256
2026/2027,Delta,state,attack_rate_pct,0.45,7.751673628665781
2026/2027,Delta,state,attack_rate_pct,0.5,8.0239109981693
2026/2027,Delta,state,attack_rate_pct,0.55,8.241458588334039
2026/2027,Delta,state,attack_rate_pct,0.6,8.499371354272835
2026/2027,Delta,state,attack_rate_pct,0.65,8.749468846532531
2026/2027,Delta,state,attack_rate_pct,0.7,9.091954823005882
2026/2027,Delta,state,attack_rate_pct,0.75,9.384959406693607
2026/2027,Delta,state,attack_rate_pct,0.8,9.840946516322864
2026/2027,Delta,state,attack_rate_pct,0.85,10.358370736574646
2026/2027,Delta,state,attack_rate_pct,0.9,11.145895801918606
2026/2027,Delta,state,attack_rate_pct,0.95,12.128409808622456
2026/2027,Delta,state,attack_rate_pct,0.975,12.99153617172132
2026/2027,Delta,state,attack_rate_pct,0.99,14.118937583588224
2026/2027,Delta,state,deaths_per_100k,0.01,2.648910572498366
2026/2027,Delta,state,deaths_per_100k,0.025,3.525723934306015
2026/2027,Delta,state,deaths_per_100k,0.05,4.7920904729794165
2026/2027,Delta,state,deaths_per_100k,0.1,6.114262133930811
2026/2027,Delta,state,deaths_per_100k,0.15,6.612406615285846
2026/2027,Delta,state,deaths_per_100k,0.2,7.012313034417002
2026/2027,Delta,state,deaths_per_100k,0.25,7.301842631916198
2026/2027,Delta,state,deaths_per_100k,0.3,7.597997498905261
2026/2027,Delta,state,deaths_per_100k,0.35,7.857416463589017
2026/2027,Delta,state,deaths_per_100k,0.4,8.109192944271248
2026/2027,Delta,state,deaths_per_100k,0.45,8.369089549432024
2026/2027,Delta,state,deaths_per_100k,0.5,8.629053296948372
2026/2027,Delta,state,deaths_per_100k,0.55,8.900213846780758
2026/2027,Delta,state,deaths_per_100k,0.6,9.14384870201532
2026/2027,Delta,state,deaths_per_100k,0.65,9.440506771049932
2026/2027,Delta,state,deaths_per_100k,0.7,9.83782650755779
2026/2027,Delta,state,deaths_per_100k,0.75,10.245676449926313
2026/2027,Delta,state,deaths_per_100k,0.8,10.564493457840483
2026/2027,Delta,state,deaths_per_100k,0.85,11.00056504808789
2026/2027,Delta,state,deaths_per_100k,0.9,11.497753234387371
2026/2027,Delta,state,deaths_per_100k,0.95,12.45528751307133
2026/2027,Delta,state,deaths_per_100k,0.975,13.451831105904228
2026/2027,Delta,state,deaths_per_100k,0.99,14.712448552259925
2026/2027,Ebonyi,state,peak_week,0.01,12.0
2026/2027,Ebonyi,state,peak_week,0.025,12.0
2026/2027,Ebonyi,state,peak_week,0.05,13.0
2026/2027,Ebonyi,state,peak_week,0.1,13.0
2026/2027,Ebonyi,state,peak_week,0.15,13.0
2026/2027,Ebonyi,state,peak_week,0.2,14.0
2026/2027,Ebonyi,state,peak_week,0.25,14.0
2026/2027,Ebonyi,state,peak_week,0.3,14.0
2026/2027,Ebonyi,state,peak_week,0.35,14.0
2026/2027,Ebonyi,state,peak_week,0.4,14.0
2026/2027,Ebonyi,state,peak_week,0.45,14.0
2026/2027,Ebonyi,state,peak_week,0.5,15.0
2026/2027,Ebonyi,state,peak_week,0.55,15.0
2026/2027,Ebonyi,state,peak_week,0.6,15.0
2026/2027,Ebonyi,state,peak_week,0.65,15.0
2026/2027,Ebonyi,state,peak_week,0.7,15.0
2026/2027,Ebonyi,state,peak_week,0.75,15.0
2026/2027,Ebonyi,state,peak_week,0.8,16.0
2026/2027,Ebonyi,state,peak_week,0.85,16.0
2026/2027,Ebonyi,state,peak_week,0.9,16.0
2026/2027,Ebonyi,state,peak_week,0.95,17.0
2026/2027,Ebonyi,state,peak_week,0.975,17.0
2026/2027,Ebonyi,state,peak_week,0.99,24.0
2026/2027,Ebonyi,state,peak_incidence_per_100k,0.01,329.09007997812944
2026/2027,Ebonyi,state,peak_incidence_per_100k,0.025,508.5502677440264
2026/2027,Ebonyi,state,peak_incidence_per_100k,0.05,749.3244200366419
2026/2027,Ebonyi,state,peak_incidence_per_100k,0.1,935.0986179143094
2026/2027,Ebonyi,state,peak_incidence_per_100k,0.15,1056.0569903388187
2026/2027,Ebonyi,state,peak_incidence_per_100k,0.2,1152.043905647978
2026/2027,Ebonyi,state,peak_incidence_per_100k,0.25,1280.423881208028
2026/2027,Ebonyi,state,peak_incidence_per_100k,0.3,1377.8039646606255
2026/2027,Ebonyi,state,peak_incidence_per_100k,0.35,1471.0921397318
2026/2027,Ebonyi,state,peak_incidence_per_100k,0.4,1556.154858503638
2026/2027,Ebonyi,state,peak_incidence_per_100k,0.45,1665.6655846132965
2026/2027,Ebonyi,state,peak_incidence_per_100k,0.5,1781.199840958214
2026/2027,Ebonyi,state,peak_incidence_per_100k,0.55,1866.543044028559
2026/2027,Ebonyi,state,peak_incidence_per_100k,0.6,1952.2381143188124
2026/2027,Ebonyi,state,peak_incidence_per_100k,0.65,2038.1687681913675
2026/2027,Ebonyi,state,peak_incidence_per_100k,0.7,2120.3081165267054
2026/2027,Ebonyi,state,peak_incidence_per_100k,0.75,2224.790775887046
2026/2027,Ebonyi,state,peak_incidence_per_100k,0.8,2375.4041993338406
2026/2027,Ebonyi,state,peak_incidence_per_100k,0.85,2534.848456501318
2026/2027,Ebonyi,state,peak_incidence_per_100k,0.9,2751.6905836733495
2026/2027,Ebonyi,state,peak_incidence_per_100k,0.95,3040.063568865434
2026/2027,Ebonyi,state,peak_incidence_per_100k,0.975,3333.5114037962426
2026/2027,Ebonyi,state,peak_incidence_per_100k,0.99,3709.009196898805
2026/2027,Ebonyi,state,cumulative_cases,0.01,92965.72196802651
2026/2027,Ebonyi,state,cumulative_cases,0.025,118501.04227554525
2026/2027,Ebonyi,state,cumulative_cases,0.05,176300.3516716788
2026/2027,Ebonyi,state,cumulative_cases,0.1,211401.7249302433
2026/2027,Ebonyi,state,cumulative_cases,0.15,229462.4234062142
2026/2027,Ebonyi,state,cumulative_cases,0.2,242981.83031259206
2026/2027,Ebonyi,state,cumulative_cases,0.25,256195.45347745644
2026/2027,Ebonyi,state,cumulative_cases,0.3,270142.4076712165
2026/2027,Ebonyi,state,cumulative_cases,0.35,283028.14609619987
2026/2027,Ebonyi,state,cumulative_cases,0.4,294870.222785656
2026/2027,Ebonyi,state,cumulative_cases,0.45,303790.160556113
2026/2027,Ebonyi,state,cumulative_cases,0.5,315854.94987256586
2026/2027,Ebonyi,state,cumulative_cases,0.55,323986.4862800139
2026/2027,Ebonyi,state,cumulative_cases,0.6,336372.27530671883
2026/2027,Ebonyi,state,cumulative_cases,0.65,347705.39555493556
2026/2027,Ebonyi,state,cumulative_cases,0.7,361266.7454126428
2026/2027,Ebonyi,state,cumulative_cases,0.75,374263.79792993714
2026/2027,Ebonyi,state,cumulative_cases,0.8,388818.7469242126
2026/2027,Ebonyi,state,cumulative_cases,0.85,404735.56154758733
2026/2027,Ebonyi,state,cumulative_cases,0.9,428174.76725595514
2026/2027,Ebonyi,state,cumulative_cases,0.95,473560.57272373344
2026/2027,Ebonyi,state,cumulative_cases,0.975,507806.84926826943
2026/2027,Ebonyi,state,cumulative_cases,0.99,546961.3268651265
2026/2027,Ebonyi,state,cumulative_hospitalizations,0.01,1500.3175522316224
2026/2027,Ebonyi,state,cumulative_hospitalizations,0.025,1961.563970527384
2026/2027,Ebonyi,state,cumulative_hospitalizations,0.05,3110.6639155522403
2026/2027,Ebonyi,state,cumulative_hospitalizations,0.1,3816.1142294265187
2026/2027,Ebonyi,state,cumulative_hospitalizations,0.15,4144.757655976915
2026/2027,Ebonyi,state,cumulative_hospitalizations,0.2,4393.805110783781
2026/2027,Ebonyi,state,cumulative_hospitalizations,0.25,4568.4011981918475
2026/2027,Ebonyi,state,cumulative_hospitalizations,0.3,4737.634436801117
2026/2027,Ebonyi,state,cumulative_hospitalizations,0.35,4891.544360197172
2026/2027,Ebonyi,state,cumulative_hospitalizations,0.4,5067.779124491873
2026/2027,Ebonyi,state,cumulative_hospitalizations,0.45,5215.734367348607
2026/2027,Ebonyi,state,cumulative_hospitalizations,0.5,5378.868391253043
2026/2027,Ebonyi,state,cumulative_hospitalizations,0.55,5505.041119221223
2026/2027,Ebonyi,state,cumulative_hospitalizations,0.6,5650.28193947634
2026/2027,Ebonyi,state,cumulative_hospitalizations,0.65,5903.751210796629
2026/2027,Ebonyi,state,cumulative_hospitalizations,0.7,6087.18260351696
2026/2027,Ebonyi,state,cumulative_hospitalizations,0.75,6397.755293799345
2026/2027,Ebonyi,state,cumulative_hospitalizations,0.8,6740.434765001555
2026/2027,Ebonyi,state,cumulative_hospitalizations,0.85,7069.410015135161
2026/2027,Ebonyi,state,cumulative_hospitalizations,0.9,7462.188971609123
2026/2027,Ebonyi,state,cumulative_hospitalizations,0.95,7980.265824522092
2026/2027,Ebonyi,state,cumulative_hospitalizations,0.975,8759.585047498973
2026/2027,Ebonyi,state,cumulative_hospitalizations,0.99,9367.492131681904
2026/2027,Ebonyi,state,cumulative_deaths,0.01,116.24118638058341
2026/2027,Ebonyi,state,cumulative_deaths,0.025,155.31721194235675
2026/2027,Ebonyi,state,cumulative_deaths,0.05,211.86368813849325
2026/2027,Ebonyi,state,cumulative_deaths,0.1,260.7125423800961
2026/2027,Ebonyi,state,cumulative_deaths,0.15,287.06394465147537
2026/2027,Ebonyi,state,cumulative_deaths,0.2,302.619975050922
2026/2027,Ebonyi,state,cumulative_deaths,0.25,316.61259554159255
2026/2027,Ebonyi,state,cumulative_deaths,0.3,330.1121652416969
2026/2027,Ebonyi,state,cumulative_deaths,0.35,343.3924947401909
2026/2027,Ebonyi,state,cumulative_deaths,0.4,356.65717767397774
2026/2027,Ebonyi,state,cumulative_deaths,0.45,369.9957366403031
2026/2027,Ebonyi,state,cumulative_deaths,0.5,382.98837643532863
2026/2027,Ebonyi,state,cumulative_deaths,0.55,396.62052362552737
2026/2027,Ebonyi,state,cumulative_deaths,0.6,411.2761920452658
2026/2027,Ebonyi,state,cumulative_deaths,0.65,423.84366753623107
2026/2027,Ebonyi,state,cumulative_deaths,0.7,439.4820879904602
2026/2027,Ebonyi,state,cumulative_deaths,0.75,456.876396983644
2026/2027,Ebonyi,state,cumulative_deaths,0.8,486.49578728138334
2026/2027,Ebonyi,state,cumulative_deaths,0.85,511.9711899540806
2026/2027,Ebonyi,state,cumulative_deaths,0.9,551.6639503144748
2026/2027,Ebonyi,state,cumulative_deaths,0.95,603.3595930461369
2026/2027,Ebonyi,state,cumulative_deaths,0.975,648.6220158558139
2026/2027,Ebonyi,state,cumulative_deaths,0.99,713.2266387330471
2026/2027,Ebonyi,state,attack_rate_pct,0.01,2.3199931614331493
2026/2027,Ebonyi,state,attack_rate_pct,0.025,2.95723630045619
2026/2027,Ebonyi,state,attack_rate_pct,0.05,4.399638937642264
2026/2027,Ebonyi,state,attack_rate_pct,0.1,5.275606382339672
2026/2027,Ebonyi,state,attack_rate_pct,0.15,5.726317634486667
2026/2027,Ebonyi,state,attack_rate_pct,0.2,6.063699315663907
2026/2027,Ebonyi,state,attack_rate_pct,0.25,6.393450053153832
2026/2027,Ebonyi,state,attack_rate_pct,0.3,6.741501331274097
2026/2027,Ebonyi,state,attack_rate_pct,0.35,7.063069586681819
2026/2027,Ebonyi,state,attack_rate_pct,0.4,7.358592886615466
2026/2027,Ebonyi,state,attack_rate_pct,0.45,7.581193154647449
2026/2027,Ebonyi,state,attack_rate_pct,0.5,7.8822743286088475
2026/2027,Ebonyi,state,attack_rate_pct,0.55,8.085199755936916
2026/2027,Ebonyi,state,attack_rate_pct,0.6,8.394291593579954
2026/2027,Ebonyi,state,attack_rate_pct,0.65,8.677113701739401
2026/2027,Ebonyi,state,attack_rate_pct,0.7,9.015542084412575
2026/2027,Ebonyi,state,attack_rate_pct,0.75,9.339888223189199
2026/2027,Ebonyi,state,attack_rate_pct,0.8,9.703112231101931
2026/2027,Ebonyi,state,attack_rate_pct,0.85,10.100322087555568
2026/2027,Ebonyi,state,attack_rate_pct,0.9,10.685255929854351
2026/2027,Ebonyi,state,attack_rate_pct,0.95,11.817875094018907
2026/2027,Ebonyi,state,attack_rate_pct,0.975,12.672503291444166
2026/2027,Ebonyi,state,attack_rate_pct,0.99,13.649617418470873
2026/2027,Ebonyi,state,deaths_per_100k,0.01,2.900840780568344
2026/2027,Ebonyi,state,deaths_per_100k,0.025,3.875997108730677
2026/2027,Ebonyi,state,deaths_per_100k,0.05,5.287134841015465
2026/2027,Ebonyi,state,deaths_per_100k,0.1,6.506175637830235
2026/2027,Ebonyi,state,deaths_per_100k,0.15,7.163784396946845
2026/2027,Ebonyi,state,deaths_per_100k,0.2,7.551990752813954
2026/2027,Ebonyi,state,deaths_per_100k,0.25,7.90118164986362
2026/2027,Ebonyi,state,deaths_per_100k,0.3,8.238068286395134
2026/2027,Ebonyi,state,deaths_per_100k,0.35,8.569483704528297
2026/2027,Ebonyi,state,deaths_per_100k,0.4,8.900508656989254
2026/2027,Ebonyi,state,deaths_per_100k,0.45,9.233377212518684
2026/2027,Ebonyi,state,deaths_per_100k,0.5,9.557613230217662
2026/2027,Ebonyi,state,deaths_per_100k,0.55,9.897808385887927
2026/2027,Ebonyi,state,deaths_per_100k,0.6,10.263545883432656
2026/2027,Ebonyi,state,deaths_per_100k,0.65,10.577171772397898
2026/2027,Ebonyi,state,deaths_per_100k,0.7,10.967434201832976
2026/2027,Ebonyi,state,deaths_per_100k,0.75,11.401515463805218
2026/2027,Ebonyi,state,deaths_per_100k,0.8,12.140678044183051
2026/2027,Ebonyi,state,deaths_per_100k,0.85,12.776425916992995
2026/2027,Ebonyi,state,deaths_per_100k,0.9,13.766973084756513
2026/2027,Ebonyi,state,deaths_per_100k,0.95,15.057056516309872
2026/2027,Ebonyi,state,deaths_per_100k,0.975,16.186596621688302
2026/2027,Ebonyi,state,deaths_per_100k,0.99,17.79882831417919
2026/2027,Edo,state,peak_week,0.01,13.0
2026/2027,Edo,state,peak_week,0.025,13.0
2026/2027,Edo,state,peak_week,0.05,14.0
2026/2027,Edo,state,peak_week,0.1,14.0
2026/2027,Edo,state,peak_week,0.15,14.0
2026/2027,Edo,state,peak_week,0.2,14.0
2026/2027,Edo,state,peak_week,0.25,15.0
2026/2027,Edo,state,peak_week,0.3,15.0
2026/2027,Edo,state,peak_week,0.35,15.0
2026/2027,Edo,state,peak_week,0.4,15.0
2026/2027,Edo,state,peak_week,0.45,15.0
2026/2027,Edo,state,peak_week,0.5,15.0
2026/2027,Edo,state,peak_week,0.55,15.0
2026/2027,Edo,state,peak_week,0.6,15.0
2026/2027,Edo,state,peak_week,0.65,15.0
2026/2027,Edo,state,peak_week,0.7,16.0
2026/2027,Edo,state,peak_week,0.75,16.0
2026/2027,Edo,state,peak_week,0.8,16.0
2026/2027,Edo,state,peak_week,0.85,16.0
2026/2027,Edo,state,peak_week,0.9,16.0
2026/2027,Edo,state,peak_week,0.95,16.0
2026/2027,Edo,state,peak_week,0.975,17.0
2026/2027,Edo,state,peak_week,0.99,24.0
2026/2027,Edo,state,peak_incidence_per_100k,0.01,327.02889664603043
2026/2027,Edo,state,peak_incidence_per_100k,0.025,527.4613250759534
2026/2027,Edo,state,peak_incidence_per_100k,0.05,910.7831676971628
2026/2027,Edo,state,peak_incidence_per_100k,0.1,1282.2456199253759
2026/2027,Edo,state,peak_incidence_per_100k,0.15,1425.9922104283723
2026/2027,Edo,state,peak_incidence_per_100k,0.2,1526.1171745955082
2026/2027,Edo,state,peak_incidence_per_100k,0.25,1626.6767258259488
2026/2027,Edo,state,peak_incidence_per_100k,0.3,1698.033886263521
2026/2027,Edo,state,peak_incidence_per_100k,0.35,1775.8998397856815
2026/2027,Edo,state,peak_incidence_per_100k,0.4,1842.6450048391885
2026/2027,Edo,state,peak_incidence_per_100k,0.45,1928.6241078642145
2026/2027,Edo,state,peak_incidence_per_100k,0.5,2015.6952978849126
2026/2027,Edo,state,peak_incidence_per_100k,0.55,2095.867957791228
2026/2027,Edo,state,peak_incidence_per_100k,0.6,2189.3287254966112
2026/2027,Edo,state,peak_incidence_per_100k,0.65,2270.1416468328703
2026/2027,Edo,state,peak_incidence_per_100k,0.7,2390.363949160396
2026/2027,Edo,state,peak_incidence_per_100k,0.75,2500.547740556656
2026/2027,Edo,state,peak_incidence_per_100k,0.8,2615.736650395725
2026/2027,Edo,state,peak_incidence_per_100k,0.85,2768.7222656644963
2026/2027,Edo,state,peak_incidence_per_100k,0.9,2959.7214664777866
2026/2027,Edo,state,peak_incidence_per_100k,0.95,3312.119254456023
2026/2027,Edo,state,peak_incidence_per_100k,0.975,3608.408380485533
2026/2027,Edo,state,peak_incidence_per_100k,0.99,4032.9729578197075
2026/2027,Edo,state,cumulative_cases,0.01,123112.93141033985
2026/2027,Edo,state,cumulative_cases,0.025,171687.7612984366
2026/2027,Edo,state,cumulative_cases,0.05,269880.047420171
2026/2027,Edo,state,cumulative_cases,0.1,340209.90668973775
2026/2027,Edo,state,cumulative_cases,0.15,364985.46314121055
2026/2027,Edo,state,cumulative_cases,0.2,381929.81739778625
2026/2027,Edo,state,cumulative_cases,0.25,397146.5568084118
2026/2027,Edo,state,cumulative_cases,0.3,413185.5470007477
2026/2027,Edo,state,cumulative_cases,0.35,428765.17422644235
2026/2027,Edo,state,cumulative_cases,0.4,440237.1322616262
2026/2027,Edo,state,cumulative_cases,0.45,453499.7015875774
2026/2027,Edo,state,cumulative_cases,0.5,469795.9579403535
2026/2027,Edo,state,cumulative_cases,0.55,488837.1097785599
2026/2027,Edo,state,cumulative_cases,0.6,499965.3824783291
2026/2027,Edo,state,cumulative_cases,0.65,514527.2308987987
2026/2027,Edo,state,cumulative_cases,0.7,531203.2877579671
2026/2027,Edo,state,cumulative_cases,0.75,550289.9541943588
2026/2027,Edo,state,cumulative_cases,0.8,571335.0362497388
2026/2027,Edo,state,cumulative_cases,0.85,607914.9995777794
2026/2027,Edo,state,cumulative_cases,0.9,650053.9875573845
2026/2027,Edo,state,cumulative_cases,0.95,698758.8520701753
2026/2027,Edo,state,cumulative_cases,0.975,747256.3485870508
2026/2027,Edo,state,cumulative_cases,0.99,803659.2499621575
2026/2027,Edo,state,cumulative_hospitalizations,0.01,2117.290182958682
2026/2027,Edo,state,cumulative_hospitalizations,0.025,2738.09862484711
2026/2027,Edo,state,cumulative_hospitalizations,0.05,4274.330200018747
2026/2027,Edo,state,cumulative_hospitalizations,0.1,5060.604306925239
2026/2027,Edo,state,cumulative_hospitalizations,0.15,5515.70495868994
2026/2027,Edo,state,cumulative_hospitalizations,0.2,5921.324584264008
2026/2027,Edo,state,cumulative_hospitalizations,0.25,6160.6371064596815
2026/2027,Edo,state,cumulative_hospitalizations,0.3,6465.217235413916
2026/2027,Edo,state,cumulative_hospitalizations,0.35,6670.468630424897
2026/2027,Edo,state,cumulative_hospitalizations,0.4,6913.056938392292
2026/2027,Edo,state,cumulative_hospitalizations,0.45,7131.474416824462
2026/2027,Edo,state,cumulative_hospitalizations,0.5,7370.271707899681
2026/2027,Edo,state,cumulative_hospitalizations,0.55,7613.556140044681
2026/2027,Edo,state,cumulative_hospitalizations,0.6,7926.978147691601
2026/2027,Edo,state,cumulative_hospitalizations,0.65,8219.612864351659
2026/2027,Edo,state,cumulative_hospitalizations,0.7,8481.493003289968
2026/2027,Edo,state,cumulative_hospitalizations,0.75,8862.841360103628
2026/2027,Edo,state,cumulative_hospitalizations,0.8,9214.164041889975
2026/2027,Edo,state,cumulative_hospitalizations,0.85,9725.940197889806
2026/2027,Edo,state,cumulative_hospitalizations,0.9,10436.195671989135
2026/2027,Edo,state,cumulative_hospitalizations,0.95,11485.706353146426
2026/2027,Edo,state,cumulative_hospitalizations,0.975,12295.19519610516
2026/2027,Edo,state,cumulative_hospitalizations,0.99,13067.833724829163
2026/2027,Edo,state,cumulative_deaths,0.01,141.5587085253003
2026/2027,Edo,state,cumulative_deaths,0.025,180.90094794499515
2026/2027,Edo,state,cumulative_deaths,0.05,258.9732368324354
2026/2027,Edo,state,cumulative_deaths,0.1,323.72864635225153
2026/2027,Edo,state,cumulative_deaths,0.15,351.46726485294465
2026/2027,Edo,state,cumulative_deaths,0.2,371.3422997893223
2026/2027,Edo,state,cumulative_deaths,0.25,385.3343400941027
2026/2027,Edo,state,cumulative_deaths,0.3,400.1867020524325
2026/2027,Edo,state,cumulative_deaths,0.35,416.0470710485486
2026/2027,Edo,state,cumulative_deaths,0.4,428.2141491457959
2026/2027,Edo,state,cumulative_deaths,0.45,441.24609808193037
2026/2027,Edo,state,cumulative_deaths,0.5,455.02704761568657
2026/2027,Edo,state,cumulative_deaths,0.55,467.8148246878525
2026/2027,Edo,state,cumulative_deaths,0.6,483.5681345594098
2026/2027,Edo,state,cumulative_deaths,0.65,497.7943690164308
2026/2027,Edo,state,cumulative_deaths,0.7,515.8318430793098
2026/2027,Edo,state,cumulative_deaths,0.75,535.6198944990327
2026/2027,Edo,state,cumulative_deaths,0.8,560.0764623378166
2026/2027,Edo,state,cumulative_deaths,0.85,586.2468509883878
2026/2027,Edo,state,cumulative_deaths,0.9,619.6398529566276
2026/2027,Edo,state,cumulative_deaths,0.95,672.8881524542454
2026/2027,Edo,state,cumulative_deaths,0.975,726.8775801213043
2026/2027,Edo,state,cumulative_deaths,0.99,789.6855519256725
2026/2027,Edo,state,attack_rate_pct,0.01,2.227155626013554
2026/2027,Edo,state,attack_rate_pct,0.025,3.105891144927858
2026/2027,Edo,state,attack_rate_pct,0.05,4.882223654940582
2026/2027,Edo,state,attack_rate_pct,0.1,6.154515200228259
2026/2027,Edo,state,attack_rate_pct,0.15,6.602713608847094
2026/2027,Edo,state,attack_rate_pct,0.2,6.909242853820704
2026/2027,Edo,state,attack_rate_pct,0.25,7.184518947076904
2026/2027,Edo,state,attack_rate_pct,0.3,7.474669842139069
2026/2027,Edo,state,attack_rate_pct,0.35,7.756510701823006
2026/2027,Edo,state,attack_rate_pct,0.4,7.964042401269693
2026/2027,Edo,state,attack_rate_pct,0.45,8.20396687996833
2026/2027,Edo,state,attack_rate_pct,0.5,8.498771809095347
2026/2027,Edo,state,attack_rate_pct,0.55,8.843232849511105
2026/2027,Edo,state,attack_rate_pct,0.6,9.044547162046618
2026/2027,Edo,state,attack_rate_pct,0.65,9.307976050168126
2026/2027,Edo,state,attack_rate_pct,0.7,9.609651702174407
2026/2027,Edo,state,attack_rate_pct,0.75,9.954936117456258
2026/2027,Edo,state,attack_rate_pct,0.8,10.335648950483804
2026/2027,Edo,state,attack_rate_pct,0.85,10.997393173386557
2026/2027,Edo,state,attack_rate_pct,0.9,11.759702080161667
2026/2027,Edo,state,attack_rate_pct,0.95,12.640789970534
2026/2027,Edo,state,attack_rate_pct,0.975,13.518126501942918
2026/2027,Edo,state,attack_rate_pct,0.99,14.538474548911005
2026/2027,Edo,state,deaths_per_100k,0.01,2.5608461312038635
2026/2027,Edo,state,deaths_per_100k,0.025,3.272560886589719
2026/2027,Edo,state,deaths_per_100k,0.05,4.684915668817043
2026/2027,Edo,state,deaths_per_100k,0.1,5.856363484856598
2026/2027,Edo,state,deaths_per_100k,0.15,6.358164713565493
2026/2027,Edo,state,deaths_per_100k,0.2,6.7177109884262
2026/2027,Edo,state,deaths_per_100k,0.25,6.970831850119717
2026/2027,Edo,state,deaths_per_100k,0.3,7.239516228894129
2026/2027,Edo,state,deaths_per_100k,0.35,7.526435804569054
2026/2027,Edo,state,deaths_per_100k,0.4,7.746542467013082
2026/2027,Edo,state,deaths_per_100k,0.45,7.982294942878471
2026/2027,Edo,state,deaths_per_100k,0.5,8.231597099315762
2026/2027,Edo,state,deaths_per_100k,0.55,8.462932421480703
2026/2027,Edo,state,deaths_per_100k,0.6,8.747915260463182
2026/2027,Edo,state,deaths_per_100k,0.65,9.005272775591614
2026/2027,Edo,state,deaths_per_100k,0.7,9.331576936966172
2026/2027,Edo,state,deaths_per_100k,0.75,9.68954964984384
2026/2027,Edo,state,deaths_per_100k,0.8,10.131977443830678
2026/2027,Edo,state,deaths_per_100k,0.85,10.605408850673012
2026/2027,Edo,state,deaths_per_100k,0.9,11.209499837306774
2026/2027,Edo,state,deaths_per_100k,0.95,12.172780042263488
2026/2027,Edo,state,deaths_per_100k,0.975,13.14946751283608
2026/2027,Edo,state,deaths_per_100k,0.99,14.285685505212236
2026/2027,Ekiti,state,peak_week,0.01,13.0
2026/2027,Ekiti,state,peak_week,0.025,13.0
2026/2027,Ekiti,state,peak_week,0.05,13.0
2026/2027,Ekiti,state,peak_week,0.1,14.0
2026/2027,Ekiti,state,peak_week,0.15,14.0
2026/2027,Ekiti,state,peak_week,0.2,14.0
2026/2027,Ekiti,state,peak_week,0.25,14.0
2026/2027,Ekiti,state,peak_week,0.3,14.0
2026/2027,Ekiti,state,peak_week,0.35,14.0
2026/2027,Ekiti,state,peak_week,0.4,14.0
2026/2027,Ekiti,state,peak_week,0.45,15.0
2026/2027,Ekiti,state,peak_week,0.5,15.0
2026/2027,Ekiti,state,peak_week,0.55,15.0
2026/2027,Ekiti,state,peak_week,0.6,15.0
2026/2027,Ekiti,state,peak_week,0.65,15.0
2026/2027,Ekiti,state,peak_week,0.7,15.0
2026/2027,Ekiti,state,peak_week,0.75,15.0
2026/2027,Ekiti,state,peak_week,0.8,16.0
2026/2027,Ekiti,state,peak_week,0.85,16.0
2026/2027,Ekiti,state,peak_week,0.9,16.0
2026/2027,Ekiti,state,peak_week,0.95,16.0
2026/2027,Ekiti,state,peak_week,0.975,16.0
2026/2027,Ekiti,state,peak_week,0.99,23.0
2026/2027,Ekiti,state,peak_incidence_per_100k,0.01,312.24893273399124
2026/2027,Ekiti,state,peak_incidence_per_100k,0.025,503.742373883172
2026/2027,Ekiti,state,peak_incidence_per_100k,0.05,917.9011185625911
2026/2027,Ekiti,state,peak_incidence_per_100k,0.1,1370.762595425664
2026/2027,Ekiti,state,peak_incidence_per_100k,0.15,1521.6145661973333
2026/2027,Ekiti,state,peak_incidence_per_100k,0.2,1621.3473864990415
2026/2027,Ekiti,state,peak_incidence_per_100k,0.25,1722.9452775146506
2026/2027,Ekiti,state,peak_incidence_per_100k,0.3,1821.9357858655699
2026/2027,Ekiti,state,peak_incidence_per_100k,0.35,1908.4608063512105
2026/2027,Ekiti,state,peak_incidence_per_100k,0.4,1991.7893616245874
2026/2027,Ekiti,state,peak_incidence_per_100k,0.45,2073.4300805669627
2026/2027,Ekiti,state,peak_incidence_per_100k,0.5,2165.201530784168
2026/2027,Ekiti,state,peak_incidence_per_100k,0.55,2242.4810755573353
2026/2027,Ekiti,state,peak_incidence_per_100k,0.6,2332.627937722759
2026/2027,Ekiti,state,peak_incidence_per_100k,0.65,2427.756306164545
2026/2027,Ekiti,state,peak_incidence_per_100k,0.7,2518.541665366958
2026/2027,Ekiti,state,peak_incidence_per_100k,0.75,2641.8591278556028
2026/2027,Ekiti,state,peak_incidence_per_100k,0.8,2767.976731938868
2026/2027,Ekiti,state,peak_incidence_per_100k,0.85,2921.2992905489014
2026/2027,Ekiti,state,peak_incidence_per_100k,0.9,3109.8612425500114
2026/2027,Ekiti,state,peak_incidence_per_100k,0.95,3446.806504264037
2026/2027,Ekiti,state,peak_incidence_per_100k,0.975,3736.564396499847
2026/2027,Ekiti,state,peak_incidence_per_100k,0.99,4066.607338571411
2026/2027,Ekiti,state,cumulative_cases,0.01,75677.3698044392
2026/2027,Ekiti,state,cumulative_cases,0.025,109409.90780502216
2026/2027,Ekiti,state,cumulative_cases,0.05,172342.0109171934
2026/2027,Ekiti,state,cumulative_cases,0.1,224498.9610119871
2026/2027,Ekiti,state,cumulative_cases,0.15,241079.17497219276
2026/2027,Ekiti,state,cumulative_cases,0.2,250608.8506254821
2026/2027,Ekiti,state,cumulative_cases,0.25,262952.66162419505
2026/2027,Ekiti,state,cumulative_cases,0.3,273142.483275833
2026/2027,Ekiti,state,cumulative_cases,0.35,281944.56311083236
2026/2027,Ekiti,state,cumulative_cases,0.4,291891.34891628235
2026/2027,Ekiti,state,cumulative_cases,0.45,300703.0697985358
2026/2027,Ekiti,state,cumulative_cases,0.5,310443.3655947977
2026/2027,Ekiti,state,cumulative_cases,0.55,319538.01964136015
2026/2027,Ekiti,state,cumulative_cases,0.6,327529.26598445664
2026/2027,Ekiti,state,cumulative_cases,0.65,338834.3108140353
2026/2027,Ekiti,state,cumulative_cases,0.7,351094.1204486932
2026/2027,Ekiti,state,cumulative_cases,0.75,363506.29102776776
2026/2027,Ekiti,state,cumulative_cases,0.8,375142.9930688749
2026/2027,Ekiti,state,cumulative_cases,0.85,391842.9895872323
2026/2027,Ekiti,state,cumulative_cases,0.9,413146.62202315015
2026/2027,Ekiti,state,cumulative_cases,0.95,447101.5848868467
2026/2027,Ekiti,state,cumulative_cases,0.975,474577.6849686314
2026/2027,Ekiti,state,cumulative_cases,0.99,513264.1760675385
2026/2027,Ekiti,state,cumulative_hospitalizations,0.01,1229.5986238050814
2026/2027,Ekiti,state,cumulative_hospitalizations,0.025,1521.3444676937338
2026/2027,Ekiti,state,cumulative_hospitalizations,0.05,2448.2625439628514
2026/2027,Ekiti,state,cumulative_hospitalizations,0.1,3180.634728543428
2026/2027,Ekiti,state,cumulative_hospitalizations,0.15,3465.68127994776
2026/2027,Ekiti,state,cumulative_hospitalizations,0.2,3652.171683271889
2026/2027,Ekiti,state,cumulative_hospitalizations,0.25,3860.33180160077
2026/2027,Ekiti,state,cumulative_hospitalizations,0.3,4019.062402854938
2026/2027,Ekiti,state,cumulative_hospitalizations,0.35,4137.725088288189
2026/2027,Ekiti,state,cumulative_hospitalizations,0.4,4287.85887239
2026/2027,Ekiti,state,cumulative_hospitalizations,0.45,4407.154658754724
2026/2027,Ekiti,state,cumulative_hospitalizations,0.5,4512.297447476603
2026/2027,Ekiti,state,cumulative_hospitalizations,0.55,4629.858474488339
2026/2027,Ekiti,state,cumulative_hospitalizations,0.6,4807.90503459128
2026/2027,Ekiti,state,cumulative_hospitalizations,0.65,5001.257695102075
2026/2027,Ekiti,state,cumulative_hospitalizations,0.7,5170.4352302929165
2026/2027,Ekiti,state,cumulative_hospitalizations,0.75,5390.5229067261025
2026/2027,Ekiti,state,cumulative_hospitalizations,0.8,5628.413480834878
2026/2027,Ekiti,state,cumulative_hospitalizations,0.85,5869.520939974425
2026/2027,Ekiti,state,cumulative_hospitalizations,0.9,6223.389433869662
2026/2027,Ekiti,state,cumulative_hospitalizations,0.95,6813.183936874694
2026/2027,Ekiti,state,cumulative_hospitalizations,0.975,7311.085101754014
2026/2027,Ekiti,state,cumulative_hospitalizations,0.99,7899.727095066147
2026/2027,Ekiti,state,cumulative_deaths,0.01,82.5244310314711
2026/2027,Ekiti,state,cumulative_deaths,0.025,108.49792389611746
2026/2027,Ekiti,state,cumulative_deaths,0.05,150.43318613798505
2026/2027,Ekiti,state,cumulative_deaths,0.1,191.44934771738744
2026/2027,Ekiti,state,cumulative_deaths,0.15,213.72645207964865
2026/2027,Ekiti,state,cumulative_deaths,0.2,228.52919568210302
2026/2027,Ekiti,state,cumulative_deaths,0.25,240.13396997958472
2026/2027,Ekiti,state,cumulative_deaths,0.3,249.61531651189244
2026/2027,Ekiti,state,cumulative_deaths,0.35,258.7670285518764
2026/2027,Ekiti,state,cumulative_deaths,0.4,271.0966861671634
2026/2027,Ekiti,state,cumulative_deaths,0.45,281.14700303462683
2026/2027,Ekiti,state,cumulative_deaths,0.5,291.33773443984734
2026/2027,Ekiti,state,cumulative_deaths,0.55,302.6670713027168
2026/2027,Ekiti,state,cumulative_deaths,0.6,312.6965144786684
2026/2027,Ekiti,state,cumulative_deaths,0.65,320.86002613317567
2026/2027,Ekiti,state,cumulative_deaths,0.7,333.2322125140482
2026/2027,Ekiti,state,cumulative_deaths,0.75,347.5993201290137
2026/2027,Ekiti,state,cumulative_deaths,0.8,361.49509193737566
2026/2027,Ekiti,state,cumulative_deaths,0.85,377.2086679748441
2026/2027,Ekiti,state,cumulative_deaths,0.9,396.87281737912963
2026/2027,Ekiti,state,cumulative_deaths,0.95,437.98571625588346
2026/2027,Ekiti,state,cumulative_deaths,0.975,465.097520800927
2026/2027,Ekiti,state,cumulative_deaths,0.99,502.2757888503483
2026/2027,Ekiti,state,attack_rate_pct,0.01,2.226999058743532
2026/2027,Ekiti,state,attack_rate_pct,0.025,3.219664773348244
2026/2027,Ekiti,state,attack_rate_pct,0.05,5.071601947667629
2026/2027,Ekiti,state,attack_rate_pct,0.1,6.606452842567856
2026/2027,Ekiti,state,attack_rate_pct,0.15,7.094367802859967
2026/2027,Ekiti,state,attack_rate_pct,0.2,7.374802743514599
2026/2027,Ekiti,state,attack_rate_pct,0.25,7.738050773229148
2026/2027,Ekiti,state,attack_rate_pct,0.3,8.03791218867743
2026/2027,Ekiti,state,attack_rate_pct,0.35,8.296935772057557
2026/2027,Ekiti,state,attack_rate_pct,0.4,8.58964523967652
2026/2027,Ekiti,state,attack_rate_pct,0.45,8.848952535389879
2026/2027,Ekiti,state,attack_rate_pct,0.5,9.135585509371575
2026/2027,Ekiti,state,attack_rate_pct,0.55,9.403218832961326
2026/2027,Ekiti,state,attack_rate_pct,0.6,9.638381578842322
2026/2027,Ekiti,state,attack_rate_pct,0.65,9.97106127238326
2026/2027,Ekiti,state,attack_rate_pct,0.7,10.331837348339807
2026/2027,Ekiti,state,attack_rate_pct,0.75,10.697097032549152
2026/2027,Ekiti,state,attack_rate_pct,0.8,11.039536582964185
2026/2027,Ekiti,state,attack_rate_pct,0.85,11.530976449644392
2026/2027,Ekiti,state,attack_rate_pct,0.9,12.157890010530652
2026/2027,Ekiti,state,attack_rate_pct,0.95,13.15710114237271
2026/2027,Ekiti,state,attack_rate_pct,0.975,13.965655260706885
2026/2027,Ekiti,state,attack_rate_pct,0.99,15.104103643439954
2026/2027,Ekiti,state,deaths_per_100k,0.01,2.428491247850571
2026/2027,Ekiti,state,deaths_per_100k,0.025,3.1928273275970454
2026/2027,Ekiti,state,deaths_per_100k,0.05,4.426879063038361
2026/2027,Ekiti,state,deaths_per_100k,0.1,5.6338839241566125
2026/2027,Ekiti,state,deaths_per_100k,0.15,6.289444372075047
2026/2027,Ekiti,state,deaths_per_100k,0.2,6.725052746872898
2026/2027,Ekiti,state,deaths_per_100k,0.25,7.066552742237521
2026/2027,Ekiti,state,deaths_per_100k,0.3,7.345565475603315
2026/2027,Ekiti,state,deaths_per_100k,0.35,7.614877875751511
2026/2027,Ekiti,state,deaths_per_100k,0.4,7.977709406165819
2026/2027,Ekiti,state,deaths_per_100k,0.45,8.27346553857044
2026/2027,Ekiti,state,deaths_per_100k,0.5,8.57335372583145
2026/2027,Ekiti,state,deaths_per_100k,0.55,8.906748274228116
2026/2027,Ekiti,state,deaths_per_100k,0.6,9.201890145176911
2026/2027,Ekiti,state,deaths_per_100k,0.65,9.442122235927549
2026/2027,Ekiti,state,deaths_per_100k,0.7,9.8062052834225
2026/2027,Ekiti,state,deaths_per_100k,0.75,10.228993961439137
2026/2027,Ekiti,state,deaths_per_100k,0.8,10.637912384710262
2026/2027,Ekiti,state,deaths_per_100k,0.85,11.100324320211813
2026/2027,Ekiti,state,deaths_per_100k,0.9,11.678991923585196
2026/2027,Ekiti,state,deaths_per_100k,0.95,12.888843525686962
2026/2027,Ekiti,state,deaths_per_100k,0.975,13.68667732142637
2026/2027,Ekiti,state,deaths_per_100k,0.99,14.780742405423505
2026/2027,Enugu,state,peak_week,0.01,12.0
2026/2027,Enugu,state,peak_week,0.025,13.0
2026/2027,Enugu,state,peak_week,0.05,14.0
2026/2027,Enugu,state,peak_week,0.1,14.0
2026/2027,Enugu,state,peak_week,0.15,14.0
2026/2027,Enugu,state,peak_week,0.2,14.0
2026/2027,Enugu,state,peak_week,0.25,15.0
2026/2027,Enugu,state,peak_week,0.3,15.0
2026/2027,Enugu,state,peak_week,0.35,15.0
2026/2027,Enugu,state,peak_week,0.4,15.0
2026/2027,Enugu,state,peak_week,0.45,15.0
2026/2027,Enugu,state,peak_week,0.5,15.0
2026/2027,Enugu,state,peak_week,0.55,15.0
2026/2027,Enugu,state,peak_week,0.6,16.0
2026/2027,Enugu,state,peak_week,0.65,16.0
2026/2027,Enugu,state,peak_week,0.7,16.0
2026/2027,Enugu,state,peak_week,0.75,16.0
2026/2027,Enugu,state,peak_week,0.8,16.0
2026/2027,Enugu,state,peak_week,0.85,16.0
2026/2027,Enugu,state,peak_week,0.9,16.0
2026/2027,Enugu,state,peak_week,0.95,17.0
2026/2027,Enugu,state,peak_week,0.975,17.0
2026/2027,Enugu,state,peak_week,0.99,24.0
2026/2027,Enugu,state,peak_incidence_per_100k,0.01,340.64948074260496
2026/2027,Enugu,state,peak_incidence_per_100k,0.025,581.737721937575
2026/2027,Enugu,state,peak_incidence_per_100k,0.05,923.1773382198672
2026/2027,Enugu,state,peak_incidence_per_100k,0.1,1193.7923589992204
2026/2027,Enugu,state,peak_incidence_per_100k,0.15,1298.0603084793092
2026/2027,Enugu,state,peak_incidence_per_100k,0.2,1384.3970572016578
2026/2027,Enugu,state,peak_incidence_per_100k,0.25,1463.84951942097
2026/2027,Enugu,state,peak_incidence_per_100k,0.3,1530.10307399524
2026/2027,Enugu,state,peak_incidence_per_100k,0.35,1605.2671499699384
2026/2027,Enugu,state,peak_incidence_per_100k,0.4,1680.002204041721
2026/2027,Enugu,state,peak_incidence_per_100k,0.45,1746.6812847853757
2026/2027,Enugu,state,peak_incidence_per_100k,0.5,1821.4322413692385
2026/2027,Enugu,state,peak_incidence_per_100k,0.55,1895.6624851335177
2026/2027,Enugu,state,peak_incidence_per_100k,0.6,1954.504265192624
2026/2027,Enugu,state,peak_incidence_per_100k,0.65,2022.1761891075917
2026/2027,Enugu,state,peak_incidence_per_100k,0.7,2100.006560117418
2026/2027,Enugu,state,peak_incidence_per_100k,0.75,2219.6428355243606
2026/2027,Enugu,state,peak_incidence_per_100k,0.8,2319.3925770066876
2026/2027,Enugu,state,peak_incidence_per_100k,0.85,2444.3092831953313
2026/2027,Enugu,state,peak_incidence_per_100k,0.9,2637.2622627479195
2026/2027,Enugu,state,peak_incidence_per_100k,0.95,2951.40420288601
2026/2027,Enugu,state,peak_incidence_per_100k,0.975,3275.857876043987
2026/2027,Enugu,state,peak_incidence_per_100k,0.99,3610.4731867142104
2026/2027,Enugu,state,cumulative_cases,0.01,124607.88674340062
2026/2027,Enugu,state,cumulative_cases,0.025,172746.63498161887
2026/2027,Enugu,state,cumulative_cases,0.05,265301.2722495829
2026/2027,Enugu,state,cumulative_cases,0.1,324020.1965106339
2026/2027,Enugu,state,cumulative_cases,0.15,347518.92759673414
2026/2027,Enugu,state,cumulative_cases,0.2,364926.0447052752
2026/2027,Enugu,state,cumulative_cases,0.25,380144.61053045397
2026/2027,Enugu,state,cumulative_cases,0.3,393138.12149054674
2026/2027,Enugu,state,cumulative_cases,0.35,408044.10751751077
2026/2027,Enugu,state,cumulative_cases,0.4,423127.06485639134
2026/2027,Enugu,state,cumulative_cases,0.45,433986.4510299192
2026/2027,Enugu,state,cumulative_cases,0.5,447756.51244994404
2026/2027,Enugu,state,cumulative_cases,0.55,458451.03974345076
2026/2027,Enugu,state,cumulative_cases,0.6,471720.9338254393
2026/2027,Enugu,state,cumulative_cases,0.65,485780.49930835795
2026/2027,Enugu,state,cumulative_cases,0.7,503833.33648149186
2026/2027,Enugu,state,cumulative_cases,0.75,524190.3752237772
2026/2027,Enugu,state,cumulative_cases,0.8,548984.9361493178
2026/2027,Enugu,state,cumulative_cases,0.85,571819.1988709413
2026/2027,Enugu,state,cumulative_cases,0.9,606483.251777736
2026/2027,Enugu,state,cumulative_cases,0.95,648400.8972550764
2026/2027,Enugu,state,cumulative_cases,0.975,690453.4052814491
2026/2027,Enugu,state,cumulative_cases,0.99,740050.465872814
2026/2027,Enugu,state,cumulative_hospitalizations,0.01,2162.3102938962825
2026/2027,Enugu,state,cumulative_hospitalizations,0.025,2696.007584796399
2026/2027,Enugu,state,cumulative_hospitalizations,0.05,4139.946673977446
2026/2027,Enugu,state,cumulative_hospitalizations,0.1,5193.3397280923
2026/2027,Enugu,state,cumulative_hospitalizations,0.15,5600.196609605129
2026/2027,Enugu,state,cumulative_hospitalizations,0.2,5911.716349973741
2026/2027,Enugu,state,cumulative_hospitalizations,0.25,6198.386770645443
2026/2027,Enugu,state,cumulative_hospitalizations,0.3,6429.232058375512
2026/2027,Enugu,state,cumulative_hospitalizations,0.35,6623.077393172076
2026/2027,Enugu,state,cumulative_hospitalizations,0.4,6797.899982216138
2026/2027,Enugu,state,cumulative_hospitalizations,0.45,6980.6469129287625
2026/2027,Enugu,state,cumulative_hospitalizations,0.5,7263.945462911588
2026/2027,Enugu,state,cumulative_hospitalizations,0.55,7472.77267724944
2026/2027,Enugu,state,cumulative_hospitalizations,0.6,7673.472603957313
2026/2027,Enugu,state,cumulative_hospitalizations,0.65,7874.436778844985
2026/2027,Enugu,state,cumulative_hospitalizations,0.7,8132.472945855393
2026/2027,Enugu,state,cumulative_hospitalizations,0.75,8432.566309690374
2026/2027,Enugu,state,cumulative_hospitalizations,0.8,8769.40769411111
2026/2027,Enugu,state,cumulative_hospitalizations,0.85,9180.710823162568
2026/2027,Enugu,state,cumulative_hospitalizations,0.9,9634.877315510563
2026/2027,Enugu,state,cumulative_hospitalizations,0.95,10339.18276192591
2026/2027,Enugu,state,cumulative_hospitalizations,0.975,11338.530736128767
2026/2027,Enugu,state,cumulative_hospitalizations,0.99,12170.382497422062
2026/2027,Enugu,state,cumulative_deaths,0.01,154.37006154861044
2026/2027,Enugu,state,cumulative_deaths,0.025,192.6711814899043
2026/2027,Enugu,state,cumulative_deaths,0.05,270.4351982002071
2026/2027,Enugu,state,cumulative_deaths,0.1,338.5713787151699
2026/2027,Enugu,state,cumulative_deaths,0.15,361.84839218742127
2026/2027,Enugu,state,cumulative_deaths,0.2,386.4403579806901
2026/2027,Enugu,state,cumulative_deaths,0.25,404.9509368132442
2026/2027,Enugu,state,cumulative_deaths,0.3,419.3163230033095
2026/2027,Enugu,state,cumulative_deaths,0.35,432.2371750842253
2026/2027,Enugu,state,cumulative_deaths,0.4,444.91630291726665
2026/2027,Enugu,state,cumulative_deaths,0.45,459.1151214461168
2026/2027,Enugu,state,cumulative_deaths,0.5,471.09257282718295
2026/2027,Enugu,state,cumulative_deaths,0.55,486.0802865901842
2026/2027,Enugu,state,cumulative_deaths,0.6,501.22436309065233
2026/2027,Enugu,state,cumulative_deaths,0.65,519.1548665844618
2026/2027,Enugu,state,cumulative_deaths,0.7,535.6505270512077
2026/2027,Enugu,state,cumulative_deaths,0.75,554.6182899751241
2026/2027,Enugu,state,cumulative_deaths,0.8,578.6228086860897
2026/2027,Enugu,state,cumulative_deaths,0.85,610.1255725548627
2026/2027,Enugu,state,cumulative_deaths,0.9,635.0728890059515
2026/2027,Enugu,state,cumulative_deaths,0.95,684.9657409337066
2026/2027,Enugu,state,cumulative_deaths,0.975,724.081639749583
2026/2027,Enugu,state,cumulative_deaths,0.99,798.6535603425834
2026/2027,Enugu,state,attack_rate_pct,0.01,2.3092220849843836
2026/2027,Enugu,state,attack_rate_pct,0.025,3.2013250126594968
2026/2027,Enugu,state,attack_rate_pct,0.05,4.916539177931591
2026/2027,Enugu,state,attack_rate_pct,0.1,6.004712970569362
2026/2027,Enugu,state,attack_rate_pct,0.15,6.440189329340092
2026/2027,Enugu,state,attack_rate_pct,0.2,6.762776448931713
2026/2027,Enugu,state,attack_rate_pct,0.25,7.044805534118431
2026/2027,Enugu,state,attack_rate_pct,0.3,7.285600103825889
2026/2027,Enugu,state,attack_rate_pct,0.35,7.561836488468347
2026/2027,Enugu,state,attack_rate_pct,0.4,7.841352489454256
2026/2027,Enugu,state,attack_rate_pct,0.45,8.04259765167199
2026/2027,Enugu,state,attack_rate_pct,0.5,8.29778318425544
2026/2027,Enugu,state,attack_rate_pct,0.55,8.495973196621906
2026/2027,Enugu,state,attack_rate_pct,0.6,8.741889673342465
2026/2027,Enugu,state,attack_rate_pct,0.65,9.002440269030657
2026/2027,Enugu,state,attack_rate_pct,0.7,9.336993814446881
2026/2027,Enugu,state,attack_rate_pct,0.75,9.71424861490242
2026/2027,Enugu,state,attack_rate_pct,0.8,10.173739175035697
2026/2027,Enugu,state,attack_rate_pct,0.85,10.596901666184367
2026/2027,Enugu,state,attack_rate_pct,0.9,11.239292758910903
2026/2027,Enugu,state,attack_rate_pct,0.95,12.01610677298812
2026/2027,Enugu,state,attack_rate_pct,0.975,12.79542004762421
2026/2027,Enugu,state,attack_rate_pct,0.99,13.714548287907556
2026/2027,Enugu,state,deaths_per_100k,0.01,2.8607720161607597
2026/2027,Enugu,state,deaths_per_100k,0.025,3.570564906158196
2026/2027,Enugu,state,deaths_per_100k,0.05,5.011680629228882
2026/2027,Enugu,state,deaths_per_100k,0.1,6.274374162870465
2026/2027,Enugu,state,deaths_per_100k,0.15,6.705741670878129
2026/2027,Enugu,state,deaths_per_100k,0.2,7.161477756347089
2026/2027,Enugu,state,deaths_per_100k,0.25,7.504514128787955
2026/2027,Enugu,state,deaths_per_100k,0.3,7.770732166156165
2026/2027,Enugu,state,deaths_per_100k,0.35,8.010180228087505
2026/2027,Enugu,state,deaths_per_100k,0.4,8.245148678123833
2026/2027,Enugu,state,deaths_per_100k,0.45,8.50827989866227
2026/2027,Enugu,state,deaths_per_100k,0.5,8.730244944164895
2026/2027,Enugu,state,deaths_per_100k,0.55,9.007995899818429
2026/2027,Enugu,state,deaths_per_100k,0.6,9.288644555577982
2026/2027,Enugu,state,deaths_per_100k,0.65,9.620931024315382
2026/2027,Enugu,state,deaths_per_100k,0.7,9.926627111872463
2026/2027,Enugu,state,deaths_per_100k,0.75,10.27813597853716
2026/2027,Enugu,state,deaths_per_100k,0.8,10.722985547817881
2026/2027,Enugu,state,deaths_per_100k,0.85,11.306791918064919
2026/2027,Enugu,state,deaths_per_100k,0.9,11.769113329779248
2026/2027,Enugu,state,deaths_per_100k,0.95,12.693723148351022
2026/2027,Enugu,state,deaths_per_100k,0.975,13.418615446746575
2026/2027,Enugu,state,deaths_per_100k,0.99,14.80057553333137
2026/2027,FCT,state,peak_week,0.01,14.0
2026/2027,FCT,state,peak_week,0.025,14.0
2026/2027,FCT,state,peak_week,0.05,14.0
2026/2027,FCT,state,peak_week,0.1,14.0
2026/2027,FCT,state,peak_week,0.15,15.0
2026/2027,FCT,state,peak_week,0.2,15.0
2026/2027,FCT,state,peak_week,0.25,15.0
2026/2027,FCT,state,peak_week,0.3,15.0
2026/2027,FCT,state,peak_week,0.35,15.0
2026/2027,FCT,state,peak_week,0.4,15.0
2026/2027,FCT,state,peak_week,0.45,16.0
2026/2027,FCT,state,peak_week,0.5,16.0
2026/2027,FCT,state,peak_week,0.55,16.0
2026/2027,FCT,state,peak_week,0.6,16.0
2026/2027,FCT,state,peak_week,0.65,16.0
2026/2027,FCT,state,peak_week,0.7,16.0
2026/2027,FCT,state,peak_week,0.75,16.0
2026/2027,FCT,state,peak_week,0.8,17.0
2026/2027,FCT,state,peak_week,0.85,17.0
2026/2027,FCT,state,peak_week,0.9,17.0
2026/2027,FCT,state,peak_week,0.95,18.0
2026/2027,FCT,state,peak_week,0.975,24.0
2026/2027,FCT,state,peak_week,0.99,27.0
2026/2027,FCT,state,peak_incidence_per_100k,0.01,460.27253086326834
2026/2027,FCT,state,peak_incidence_per_100k,0.025,668.241407830681
2026/2027,FCT,state,peak_incidence_per_100k,0.05,930.7541117917592
2026/2027,FCT,state,peak_incidence_per_100k,0.1,1107.685807301413
2026/2027,FCT,state,peak_incidence_per_100k,0.15,1236.7805248545938
2026/2027,FCT,state,peak_incidence_per_100k,0.2,1322.7097824813266
2026/2027,FCT,state,peak_incidence_per_100k,0.25,1399.3894031831446
2026/2027,FCT,state,peak_incidence_per_100k,0.3,1471.9556701599113
2026/2027,FCT,state,peak_incidence_per_100k,0.35,1533.6786260442434
2026/2027,FCT,state,peak_incidence_per_100k,0.4,1602.0447501871572
2026/2027,FCT,state,peak_incidence_per_100k,0.45,1658.3232269182572
2026/2027,FCT,state,peak_incidence_per_100k,0.5,1718.4672749819733
2026/2027,FCT,state,peak_incidence_per_100k,0.55,1784.0092777308416
2026/2027,FCT,state,peak_incidence_per_100k,0.6,1862.4383061451065
2026/2027,FCT,state,peak_incidence_per_100k,0.65,1931.8692243661562
2026/2027,FCT,state,peak_incidence_per_100k,0.7,2008.5575647773992
2026/2027,FCT,state,peak_incidence_per_100k,0.75,2106.4276012913633
2026/2027,FCT,state,peak_incidence_per_100k,0.8,2232.460576825249
2026/2027,FCT,state,peak_incidence_per_100k,0.85,2343.8405192118394
2026/2027,FCT,state,peak_incidence_per_100k,0.9,2537.910394111008
2026/2027,FCT,state,peak_incidence_per_100k,0.95,2785.6054181959275
2026/2027,FCT,state,peak_incidence_per_100k,0.975,2973.5981600973455
2026/2027,FCT,state,peak_incidence_per_100k,0.99,3336.964672744794
2026/2027,FCT,state,cumulative_cases,0.01,171821.73090099258
2026/2027,FCT,state,cumulative_cases,0.025,207785.6576762419
2026/2027,FCT,state,cumulative_cases,0.05,258220.23452923755
2026/2027,FCT,state,cumulative_cases,0.1,289178.9899287766
2026/2027,FCT,state,cumulative_cases,0.15,307764.1723004196
2026/2027,FCT,state,cumulative_cases,0.2,320455.02861746296
2026/2027,FCT,state,cumulative_cases,0.25,334184.4645315617
2026/2027,FCT,state,cumulative_cases,0.3,349059.15714629646
2026/2027,FCT,state,cumulative_cases,0.35,358959.54616370815
2026/2027,FCT,state,cumulative_cases,0.4,368982.3578138188
2026/2027,FCT,state,cumulative_cases,0.45,377863.312818097
2026/2027,FCT,state,cumulative_cases,0.5,389719.58422744833
2026/2027,FCT,state,cumulative_cases,0.55,400266.2671562934
2026/2027,FCT,state,cumulative_cases,0.6,413365.27245784114
2026/2027,FCT,state,cumulative_cases,0.65,423844.3905601617
2026/2027,FCT,state,cumulative_cases,0.7,441426.156515378
2026/2027,FCT,state,cumulative_cases,0.75,457907.53429850965
2026/2027,FCT,state,cumulative_cases,0.8,476641.4486728197
2026/2027,FCT,state,cumulative_cases,0.85,501903.56642091216
2026/2027,FCT,state,cumulative_cases,0.9,530485.4975527155
2026/2027,FCT,state,cumulative_cases,0.95,587855.7497073805
2026/2027,FCT,state,cumulative_cases,0.975,614856.4292917819
2026/2027,FCT,state,cumulative_cases,0.99,681195.1365732593
2026/2027,FCT,state,cumulative_hospitalizations,0.01,3502.323939658397
2026/2027,FCT,state,cumulative_hospitalizations,0.025,4086.1249109711707
2026/2027,FCT,state,cumulative_hospitalizations,0.05,4968.79650683369
2026/2027,FCT,state,cumulative_hospitalizations,0.1,5565.851619375377
2026/2027,FCT,state,cumulative_hospitalizations,0.15,5975.1722207854455
2026/2027,FCT,state,cumulative_hospitalizations,0.2,6248.768105083819
2026/2027,FCT,state,cumulative_hospitalizations,0.25,6462.511435036883
2026/2027,FCT,state,cumulative_hospitalizations,0.3,6668.565427610685
2026/2027,FCT,state,cumulative_hospitalizations,0.35,6896.414161428839
2026/2027,FCT,state,cumulative_hospitalizations,0.4,7069.041955687748
2026/2027,FCT,state,cumulative_hospitalizations,0.45,7258.833153649702
2026/2027,FCT,state,cumulative_hospitalizations,0.5,7448.988176641807
2026/2027,FCT,state,cumulative_hospitalizations,0.55,7681.503045856741
2026/2027,FCT,state,cumulative_hospitalizations,0.6,7919.868761006019
2026/2027,FCT,state,cumulative_hospitalizations,0.65,8131.388115640074
2026/2027,FCT,state,cumulative_hospitalizations,0.7,8377.976799541033
2026/2027,FCT,state,cumulative_hospitalizations,0.75,8621.86068132376
2026/2027,FCT,state,cumulative_hospitalizations,0.8,8925.123735187693
2026/2027,FCT,state,cumulative_hospitalizations,0.85,9336.667069171706
2026/2027,FCT,state,cumulative_hospitalizations,0.9,9784.064397489325
2026/2027,FCT,state,cumulative_hospitalizations,0.95,10829.241775508242
2026/2027,FCT,state,cumulative_hospitalizations,0.975,11496.35787112386
2026/2027,FCT,state,cumulative_hospitalizations,0.99,12512.722016267933
2026/2027,FCT,state,cumulative_deaths,0.01,154.2254572666805
2026/2027,FCT,state,cumulative_deaths,0.025,189.91813824364658
2026/2027,FCT,state,cumulative_deaths,0.05,226.2639955419001
2026/2027,FCT,state,cumulative_deaths,0.1,249.40288478418933
2026/2027,FCT,state,cumulative_deaths,0.15,265.26425177578835
2026/2027,FCT,state,cumulative_deaths,0.2,277.3711067438667
2026/2027,FCT,state,cumulative_deaths,0.25,288.0964845910316
2026/2027,FCT,state,cumulative_deaths,0.3,299.3436456232874
2026/2027,FCT,state,cumulative_deaths,0.35,308.7937101915958
2026/2027,FCT,state,cumulative_deaths,0.4,319.227352323342
2026/2027,FCT,state,cumulative_deaths,0.45,325.4704573102027
2026/2027,FCT,state,cumulative_deaths,0.5,335.47847275499095
2026/2027,FCT,state,cumulative_deaths,0.55,346.55492766925397
2026/2027,FCT,state,cumulative_deaths,0.6,354.9895231057735
2026/2027,FCT,state,cumulative_deaths,0.65,363.99258453271386
2026/2027,FCT,state,cumulative_deaths,0.7,375.9095349815121
2026/2027,FCT,state,cumulative_deaths,0.75,388.69340165191375
2026/2027,FCT,state,cumulative_deaths,0.8,401.84849538594
2026/2027,FCT,state,cumulative_deaths,0.85,422.35196469034173
2026/2027,FCT,state,cumulative_deaths,0.9,445.90185276466235
2026/2027,FCT,state,cumulative_deaths,0.95,484.66806065211705
2026/2027,FCT,state,cumulative_deaths,0.975,511.5902412359994
2026/2027,FCT,state,cumulative_deaths,0.99,547.2685002504945
2026/2027,FCT,state,attack_rate_pct,0.01,3.5777984434379038
2026/2027,FCT,state,attack_rate_pct,0.025,4.326665775652973
2026/2027,FCT,state,attack_rate_pct,0.05,5.376851625917008
2026/2027,FCT,state,attack_rate_pct,0.1,6.021497598800789
2026/2027,FCT,state,attack_rate_pct,0.15,6.4084919342180555
2026/2027,FCT,state,attack_rate_pct,0.2,6.6727502776704055
2026/2027,FCT,state,attack_rate_pct,0.25,6.958634689293796
2026/2027,FCT,state,attack_rate_pct,0.3,7.26836647819238
2026/2027,FCT,state,attack_rate_pct,0.35,7.4745196593423
2026/2027,FCT,state,attack_rate_pct,0.4,7.683222014583385
2026/2027,FCT,state,attack_rate_pct,0.45,7.868147790990899
2026/2027,FCT,state,attack_rate_pct,0.5,8.115027793717662
2026/2027,FCT,state,attack_rate_pct,0.55,8.334638581994485
2026/2027,FCT,state,attack_rate_pct,0.6,8.607395703766628
2026/2027,FCT,state,attack_rate_pct,0.65,8.82559960753645
2026/2027,FCT,state,attack_rate_pct,0.7,9.191700068389734
2026/2027,FCT,state,attack_rate_pct,0.75,9.534887437466924
2026/2027,FCT,state,attack_rate_pct,0.8,9.924978780025492
2026/2027,FCT,state,attack_rate_pct,0.85,10.45100517426052
2026/2027,FCT,state,attack_rate_pct,0.9,11.046159164256931
2026/2027,FCT,state,attack_rate_pct,0.95,12.240764746346402
2026/2027,FCT,state,attack_rate_pct,0.975,12.802992753725173
2026/2027,FCT,state,attack_rate_pct,0.99,14.184346104123655
2026/2027,FCT,state,deaths_per_100k,0.01,3.211395893021125
2026/2027,FCT,state,deaths_per_100k,0.025,3.9546151457424186
2026/2027,FCT,state,deaths_per_100k,0.05,4.711435316190117
2026/2027,FCT,state,deaths_per_100k,0.1,5.193250284994311
2026/2027,FCT,state,deaths_per_100k,0.15,5.523527333396531
2026/2027,FCT,state,deaths_per_100k,0.2,5.775625171269429
2026/2027,FCT,state,deaths_per_100k,0.25,5.998956876552863
2026/2027,FCT,state,deaths_per_100k,0.3,6.233153535050543
2026/2027,FCT,state,deaths_per_100k,0.35,6.42992972933975
2026/2027,FCT,state,deaths_per_100k,0.4,6.647186699005943
2026/2027,FCT,state,deaths_per_100k,0.45,6.777185222400405
2026/2027,FCT,state,deaths_per_100k,0.5,6.985579480172715
2026/2027,FCT,state,deaths_per_100k,0.55,7.216221570339387
2026/2027,FCT,state,deaths_per_100k,0.6,7.39185291956143
2026/2027,FCT,state,deaths_per_100k,0.65,7.579321285702171
2026/2027,FCT,state,deaths_per_100k,0.7,7.827464792013399
2026/2027,FCT,state,deaths_per_100k,0.75,8.093659865445852
2026/2027,FCT,state,deaths_per_100k,0.8,8.367584901808101
2026/2027,FCT,state,deaths_per_100k,0.85,8.79452321850237
2026/2027,FCT,state,deaths_per_100k,0.9,9.284896307247422
2026/2027,FCT,state,deaths_per_100k,0.95,10.092114797658548
2026/2027,FCT,state,deaths_per_100k,0.975,10.652708241118102
2026/2027,FCT,state,deaths_per_100k,0.99,11.395627189130499
2026/2027,Gombe,state,peak_week,0.01,16.0
2026/2027,Gombe,state,peak_week,0.025,16.0
2026/2027,Gombe,state,peak_week,0.05,16.0
2026/2027,Gombe,state,peak_week,0.1,16.0
2026/2027,Gombe,state,peak_week,0.15,17.0
2026/2027,Gombe,state,peak_week,0.2,17.0
2026/2027,Gombe,state,peak_week,0.25,17.0
2026/2027,Gombe,state,peak_week,0.3,17.0
2026/2027,Gombe,state,peak_week,0.35,17.0
2026/2027,Gombe,state,peak_week,0.4,17.0
2026/2027,Gombe,state,peak_week,0.45,17.0
2026/2027,Gombe,state,peak_week,0.5,18.0
2026/2027,Gombe,state,peak_week,0.55,18.0
2026/2027,Gombe,state,peak_week,0.6,18.0
2026/2027,Gombe,state,peak_week,0.65,18.0
2026/2027,Gombe,state,peak_week,0.7,18.0
2026/2027,Gombe,state,peak_week,0.75,18.0
2026/2027,Gombe,state,peak_week,0.8,18.0
2026/2027,Gombe,state,peak_week,0.85,18.0
2026/2027,Gombe,state,peak_week,0.9,19.0
2026/2027,Gombe,state,peak_week,0.95,26.0
2026/2027,Gombe,state,peak_week,0.975,27.0
2026/2027,Gombe,state,peak_week,0.99,28.0
2026/2027,Gombe,state,peak_incidence_per_100k,0.01,525.0141221304635
2026/2027,Gombe,state,peak_incidence_per_100k,0.025,635.4926673926611
2026/2027,Gombe,state,peak_incidence_per_100k,0.05,716.6841669846178
2026/2027,Gombe,state,peak_incidence_per_100k,0.1,816.0577545983734
2026/2027,Gombe,state,peak_incidence_per_100k,0.15,888.7449782114542
2026/2027,Gombe,state,peak_incidence_per_100k,0.2,958.6686569802837
2026/2027,Gombe,state,peak_incidence_per_100k,0.25,1032.0152717248984
2026/2027,Gombe,state,peak_incidence_per_100k,0.3,1082.1541136022283
2026/2027,Gombe,state,peak_incidence_per_100k,0.35,1143.4561492582714
2026/2027,Gombe,state,peak_incidence_per_100k,0.4,1200.37471013992
2026/2027,Gombe,state,peak_incidence_per_100k,0.45,1244.6369054202557
2026/2027,Gombe,state,peak_incidence_per_100k,0.5,1286.3368267687183
2026/2027,Gombe,state,peak_incidence_per_100k,0.55,1331.5118406522013
2026/2027,Gombe,state,peak_incidence_per_100k,0.6,1399.3047695447701
2026/2027,Gombe,state,peak_incidence_per_100k,0.65,1463.7818316410262
2026/2027,Gombe,state,peak_incidence_per_100k,0.7,1542.160405238527
2026/2027,Gombe,state,peak_incidence_per_100k,0.75,1609.9979081481347
2026/2027,Gombe,state,peak_incidence_per_100k,0.8,1718.6910177739833
2026/2027,Gombe,state,peak_incidence_per_100k,0.85,1828.379529725272
2026/2027,Gombe,state,peak_incidence_per_100k,0.9,1985.700751454638
2026/2027,Gombe,state,peak_incidence_per_100k,0.95,2223.6665202077784
2026/2027,Gombe,state,peak_incidence_per_100k,0.975,2467.360389959086
2026/2027,Gombe,state,peak_incidence_per_100k,0.99,2702.126199305501
2026/2027,Gombe,state,cumulative_cases,0.01,170104.4190878637
2026/2027,Gombe,state,cumulative_cases,0.025,209972.68199093666
2026/2027,Gombe,state,cumulative_cases,0.05,228661.86076860802
2026/2027,Gombe,state,cumulative_cases,0.1,251800.3142123757
2026/2027,Gombe,state,cumulative_cases,0.15,266617.6216958213
2026/2027,Gombe,state,cumulative_cases,0.2,276419.98662551696
2026/2027,Gombe,state,cumulative_cases,0.25,286494.0150354838
2026/2027,Gombe,state,cumulative_cases,0.3,299024.5274648499
2026/2027,Gombe,state,cumulative_cases,0.35,308536.2461087797
2026/2027,Gombe,state,cumulative_cases,0.4,316632.26092224114
2026/2027,Gombe,state,cumulative_cases,0.45,327809.7305545798
2026/2027,Gombe,state,cumulative_cases,0.5,338452.18393761513
2026/2027,Gombe,state,cumulative_cases,0.55,350657.36014505406
2026/2027,Gombe,state,cumulative_cases,0.6,361624.59503905324
2026/2027,Gombe,state,cumulative_cases,0.65,378112.5878947199
2026/2027,Gombe,state,cumulative_cases,0.7,392672.96353293315
2026/2027,Gombe,state,cumulative_cases,0.75,408498.52140558546
2026/2027,Gombe,state,cumulative_cases,0.8,431934.1111943218
2026/2027,Gombe,state,cumulative_cases,0.85,454598.23401263275
2026/2027,Gombe,state,cumulative_cases,0.9,491146.430851009
2026/2027,Gombe,state,cumulative_cases,0.95,543128.2250694039
2026/2027,Gombe,state,cumulative_cases,0.975,591810.8350906266
2026/2027,Gombe,state,cumulative_cases,0.99,632752.7329775095
2026/2027,Gombe,state,cumulative_hospitalizations,0.01,2513.1895784742164
2026/2027,Gombe,state,cumulative_hospitalizations,0.025,2928.9224566518005
2026/2027,Gombe,state,cumulative_hospitalizations,0.05,3214.6594471143535
2026/2027,Gombe,state,cumulative_hospitalizations,0.1,3514.8092692517
2026/2027,Gombe,state,cumulative_hospitalizations,0.15,3765.3566628316407
2026/2027,Gombe,state,cumulative_hospitalizations,0.2,3926.5072074559976
2026/2027,Gombe,state,cumulative_hospitalizations,0.25,4105.513989956284
2026/2027,Gombe,state,cumulative_hospitalizations,0.3,4251.897901923438
2026/2027,Gombe,state,cumulative_hospitalizations,0.35,4411.075330108663
2026/2027,Gombe,state,cumulative_hospitalizations,0.4,4534.3934429692745
2026/2027,Gombe,state,cumulative_hospitalizations,0.45,4677.441628748604
2026/2027,Gombe,state,cumulative_hospitalizations,0.5,4799.091389939134
2026/2027,Gombe,state,cumulative_hospitalizations,0.55,4953.715480419222
2026/2027,Gombe,state,cumulative_hospitalizations,0.6,5126.163293763825
2026/2027,Gombe,state,cumulative_hospitalizations,0.65,5348.851389341863
2026/2027,Gombe,state,cumulative_hospitalizations,0.7,5481.826370521826
2026/2027,Gombe,state,cumulative_hospitalizations,0.75,5669.573360789031
2026/2027,Gombe,state,cumulative_hospitalizations,0.8,5892.148935748004
2026/2027,Gombe,state,cumulative_hospitalizations,0.85,6178.088385629938
2026/2027,Gombe,state,cumulative_hospitalizations,0.9,6475.902884969662
2026/2027,Gombe,state,cumulative_hospitalizations,0.95,7041.410982650848
2026/2027,Gombe,state,cumulative_hospitalizations,0.975,7480.267710440358
2026/2027,Gombe,state,cumulative_hospitalizations,0.99,8154.587184010233
2026/2027,Gombe,state,cumulative_deaths,0.01,321.1569058189827
2026/2027,Gombe,state,cumulative_deaths,0.025,406.0194484333738
2026/2027,Gombe,state,cumulative_deaths,0.05,445.31728322498105
2026/2027,Gombe,state,cumulative_deaths,0.1,486.0076803790116
2026/2027,Gombe,state,cumulative_deaths,0.15,516.0415263568884
2026/2027,Gombe,state,cumulative_deaths,0.2,540.3173152014929
2026/2027,Gombe,state,cumulative_deaths,0.25,560.4864522888888
2026/2027,Gombe,state,cumulative_deaths,0.3,576.5125909828482
2026/2027,Gombe,state,cumulative_deaths,0.35,594.3370584101173
2026/2027,Gombe,state,cumulative_deaths,0.4,612.2673147207154
2026/2027,Gombe,state,cumulative_deaths,0.45,630.4515344496021
2026/2027,Gombe,state,cumulative_deaths,0.5,648.1955540335384
2026/2027,Gombe,state,cumulative_deaths,0.55,666.404423796627
2026/2027,Gombe,state,cumulative_deaths,0.6,687.0457569709241
2026/2027,Gombe,state,cumulative_deaths,0.65,713.5329791107602
2026/2027,Gombe,state,cumulative_deaths,0.7,737.5654744126326
2026/2027,Gombe,state,cumulative_deaths,0.75,760.1265292099482
2026/2027,Gombe,state,cumulative_deaths,0.8,784.7594931241999
2026/2027,Gombe,state,cumulative_deaths,0.85,812.3342470552582
2026/2027,Gombe,state,cumulative_deaths,0.9,858.2656570159266
2026/2027,Gombe,state,cumulative_deaths,0.95,915.5267478049032
2026/2027,Gombe,state,cumulative_deaths,0.975,983.6720134101023
2026/2027,Gombe,state,cumulative_deaths,0.99,1045.8638973820962
2026/2027,Gombe,state,attack_rate_pct,0.01,3.6791568544926663
2026/2027,Gombe,state,attack_rate_pct,0.025,4.541460100481775
2026/2027,Gombe,state,attack_rate_pct,0.05,4.9456848735559635
2026/2027,Gombe,state,attack_rate_pct,0.1,5.446142181170208
2026/2027,Gombe,state,attack_rate_pct,0.15,5.766622969883202
2026/2027,Gombe,state,attack_rate_pct,0.2,5.978636498483539
2026/2027,Gombe,state,attack_rate_pct,0.25,6.1965257859907545
2026/2027,Gombe,state,attack_rate_pct,0.3,6.46754590964195
2026/2027,Gombe,state,attack_rate_pct,0.35,6.673273103764661
2026/2027,Gombe,state,attack_rate_pct,0.4,6.848380302947037
2026/2027,Gombe,state,attack_rate_pct,0.45,7.090135715500199
2026/2027,Gombe,state,attack_rate_pct,0.5,7.320319361067856
2026/2027,Gombe,state,attack_rate_pct,0.55,7.584302848061779
2026/2027,Gombe,state,attack_rate_pct,0.6,7.8215111325464175
2026/2027,Gombe,state,attack_rate_pct,0.65,8.178126864559932
2026/2027,Gombe,state,attack_rate_pct,0.7,8.493050522161383
2026/2027,Gombe,state,attack_rate_pct,0.75,8.835338571087759
2026/2027,Gombe,state,attack_rate_pct,0.8,9.342222585463487
2026/2027,Gombe,state,attack_rate_pct,0.85,9.832420684167682
2026/2027,Gombe,state,attack_rate_pct,0.9,10.62291483851298
2026/2027,Gombe,state,attack_rate_pct,0.95,11.74721940116311
2026/2027,Gombe,state,attack_rate_pct,0.975,12.800166522199742
2026/2027,Gombe,state,attack_rate_pct,0.99,13.685691219642543
2026/2027,Gombe,state,deaths_per_100k,0.01,6.94624300619282
2026/2027,Gombe,state,deaths_per_100k,0.025,8.781719162683153
2026/2027,Gombe,state,deaths_per_100k,0.05,9.63168472510385
2026/2027,Gombe,state,deaths_per_100k,0.1,10.51176975995502
2026/2027,Gombe,state,deaths_per_100k,0.15,11.161366230692249
2026/2027,Gombe,state,deaths_per_100k,0.2,11.68642275423682
2026/2027,Gombe,state,deaths_per_100k,0.25,12.122657270436934
2026/2027,Gombe,state,deaths_per_100k,0.3,12.469283644655201
2026/2027,Gombe,state,deaths_per_100k,0.35,12.854805736699408
2026/2027,Gombe,state,deaths_per_100k,0.4,13.242615916832785
2026/2027,Gombe,state,deaths_per_100k,0.45,13.635919024523227
2026/2027,Gombe,state,deaths_per_100k,0.5,14.019701125120928
2026/2027,Gombe,state,deaths_per_100k,0.55,14.413537383818165
2026/2027,Gombe,state,deaths_per_100k,0.6,14.859984941390763
2026/2027,Gombe,state,deaths_per_100k,0.65,15.432872144526334
2026/2027,Gombe,state,deaths_per_100k,0.7,15.9526665172685
2026/2027,Gombe,state,deaths_per_100k,0.75,16.440635376909082
2026/2027,Gombe,state,deaths_per_100k,0.8,16.973417173628768
2026/2027,Gombe,state,deaths_per_100k,0.85,17.569826399681848
2026/2027,Gombe,state,deaths_per_100k,0.9,18.563268326114212
2026/2027,Gombe,state,deaths_per_100k,0.95,19.801757812758126
2026/2027,Gombe,state,deaths_per_100k,0.975,21.275659092907052
2026/2027,Gombe,state,deaths_per_100k,0.99,22.620795788569175
2026/2027,Imo,state,peak_week,0.01,13.0
2026/2027,Imo,state,peak_week,0.025,13.0
2026/2027,Imo,state,peak_week,0.05,13.0
2026/2027,Imo,state,peak_week,0.1,14.0
2026/2027,Imo,state,peak_week,0.15,14.0
2026/2027,Imo,state,peak_week,0.2,14.0
2026/2027,Imo,state,peak_week,0.25,14.0
2026/2027,Imo,state,peak_week,0.3,14.0
2026/2027,Imo,state,peak_week,0.35,15.0
2026/2027,Imo,state,peak_week,0.4,15.0
2026/2027,Imo,state,peak_week,0.45,15.0
2026/2027,Imo,state,peak_week,0.5,15.0
2026/2027,Imo,state,peak_week,0.55,15.0
2026/2027,Imo,state,peak_week,0.6,15.0
2026/2027,Imo,state,peak_week,0.65,15.0
2026/2027,Imo,state,peak_week,0.7,15.0
2026/2027,Imo,state,peak_week,0.75,15.0
2026/2027,Imo,state,peak_week,0.8,16.0
2026/2027,Imo,state,peak_week,0.85,16.0
2026/2027,Imo,state,peak_week,0.9,16.0
2026/2027,Imo,state,peak_week,0.95,16.0
2026/2027,Imo,state,peak_week,0.975,17.0
2026/2027,Imo,state,peak_week,0.99,24.0
2026/2027,Imo,state,peak_incidence_per_100k,0.01,372.47013026242865
2026/2027,Imo,state,peak_incidence_per_100k,0.025,562.9834918341294
2026/2027,Imo,state,peak_incidence_per_100k,0.05,911.6781590716294
2026/2027,Imo,state,peak_incidence_per_100k,0.1,1360.110393370919
2026/2027,Imo,state,peak_incidence_per_100k,0.15,1490.5865195252213
2026/2027,Imo,state,peak_incidence_per_100k,0.2,1620.296368666178
2026/2027,Imo,state,peak_incidence_per_100k,0.25,1713.6685320458841
2026/2027,Imo,state,peak_incidence_per_100k,0.3,1810.3211073468067
2026/2027,Imo,state,peak_incidence_per_100k,0.35,1899.5569361642115
2026/2027,Imo,state,peak_incidence_per_100k,0.4,1985.9096866297107
2026/2027,Imo,state,peak_incidence_per_100k,0.45,2063.7744345516116
2026/2027,Imo,state,peak_incidence_per_100k,0.5,2138.1119136053926
2026/2027,Imo,state,peak_incidence_per_100k,0.55,2215.3956133920465
2026/2027,Imo,state,peak_incidence_per_100k,0.6,2325.286060675131
2026/2027,Imo,state,peak_incidence_per_100k,0.65,2420.713244970191
2026/2027,Imo,state,peak_incidence_per_100k,0.7,2531.183639400842
2026/2027,Imo,state,peak_incidence_per_100k,0.75,2646.9703236739624
2026/2027,Imo,state,peak_incidence_per_100k,0.8,2774.204513607903
2026/2027,Imo,state,peak_incidence_per_100k,0.85,2963.9418539170447
2026/2027,Imo,state,peak_incidence_per_100k,0.9,3197.6534544920373
2026/2027,Imo,state,peak_incidence_per_100k,0.95,3508.7337015302523
2026/2027,Imo,state,peak_incidence_per_100k,0.975,3899.996481040987
2026/2027,Imo,state,peak_incidence_per_100k,0.99,4374.595326410046
2026/2027,Imo,state,cumulative_cases,0.01,143926.06531990969
2026/2027,Imo,state,cumulative_cases,0.025,201297.08161058946
2026/2027,Imo,state,cumulative_cases,0.05,304880.73315896693
2026/2027,Imo,state,cumulative_cases,0.1,375550.28354428237
2026/2027,Imo,state,cumulative_cases,0.15,409586.4060281847
2026/2027,Imo,state,cumulative_cases,0.2,430642.916105406
2026/2027,Imo,state,cumulative_cases,0.25,453767.8101722485
2026/2027,Imo,state,cumulative_cases,0.3,473479.51918699994
2026/2027,Imo,state,cumulative_cases,0.35,490611.48803697294
2026/2027,Imo,state,cumulative_cases,0.4,511131.34570051107
2026/2027,Imo,state,cumulative_cases,0.45,529368.3207928487
2026/2027,Imo,state,cumulative_cases,0.5,547531.9193972999
2026/2027,Imo,state,cumulative_cases,0.55,563208.6430295572
2026/2027,Imo,state,cumulative_cases,0.6,580325.431033713
2026/2027,Imo,state,cumulative_cases,0.65,594271.9079085101
2026/2027,Imo,state,cumulative_cases,0.7,613489.3211009953
2026/2027,Imo,state,cumulative_cases,0.75,639608.9886643526
2026/2027,Imo,state,cumulative_cases,0.8,672947.2093191436
2026/2027,Imo,state,cumulative_cases,0.85,706504.4352797961
2026/2027,Imo,state,cumulative_cases,0.9,756141.532332287
2026/2027,Imo,state,cumulative_cases,0.95,832465.3737495749
2026/2027,Imo,state,cumulative_cases,0.975,880301.2505441034
2026/2027,Imo,state,cumulative_cases,0.99,949754.0765210805
2026/2027,Imo,state,cumulative_hospitalizations,0.01,2316.626599659059
2026/2027,Imo,state,cumulative_hospitalizations,0.025,2924.9247739820403
2026/2027,Imo,state,cumulative_hospitalizations,0.05,4486.655760630913
2026/2027,Imo,state,cumulative_hospitalizations,0.1,5577.634943662476
2026/2027,Imo,state,cumulative_hospitalizations,0.15,6020.190099292929
2026/2027,Imo,state,cumulative_hospitalizations,0.2,6401.1102391590575
2026/2027,Imo,state,cumulative_hospitalizations,0.25,6691.545161775362
2026/2027,Imo,state,cumulative_hospitalizations,0.3,6933.739110468663
2026/2027,Imo,state,cumulative_hospitalizations,0.35,7143.096521497196
2026/2027,Imo,state,cumulative_hospitalizations,0.4,7349.608001059045
2026/2027,Imo,state,cumulative_hospitalizations,0.45,7518.086188021611
2026/2027,Imo,state,cumulative_hospitalizations,0.5,7745.529884051231
2026/2027,Imo,state,cumulative_hospitalizations,0.55,7977.067580924617
2026/2027,Imo,state,cumulative_hospitalizations,0.6,8271.755910849208
2026/2027,Imo,state,cumulative_hospitalizations,0.65,8530.813933903202
2026/2027,Imo,state,cumulative_hospitalizations,0.7,8856.032173288693
2026/2027,Imo,state,cumulative_hospitalizations,0.75,9251.803296786144
2026/2027,Imo,state,cumulative_hospitalizations,0.8,9582.19247846187
2026/2027,Imo,state,cumulative_hospitalizations,0.85,10102.377244697398
2026/2027,Imo,state,cumulative_hospitalizations,0.9,10806.776376134527
2026/2027,Imo,state,cumulative_hospitalizations,0.95,11668.132774224825
2026/2027,Imo,state,cumulative_hospitalizations,0.975,12773.3573465308
2026/2027,Imo,state,cumulative_hospitalizations,0.99,13595.392072246425
2026/2027,Imo,state,cumulative_deaths,0.01,161.84522425655032
2026/2027,Imo,state,cumulative_deaths,0.025,224.50255744829508
2026/2027,Imo,state,cumulative_deaths,0.05,310.54624788708134
2026/2027,Imo,state,cumulative_deaths,0.1,399.9970413632606
2026/2027,Imo,state,cumulative_deaths,0.15,440.18748264686843
2026/2027,Imo,state,cumulative_deaths,0.2,464.6744557147802
2026/2027,Imo,state,cumulative_deaths,0.25,486.42450113757536
2026/2027,Imo,state,cumulative_deaths,0.3,511.66712440930115
2026/2027,Imo,state,cumulative_deaths,0.35,530.383233282167
2026/2027,Imo,state,cumulative_deaths,0.4,547.5036559754881
2026/2027,Imo,state,cumulative_deaths,0.45,561.5151944850561
2026/2027,Imo,state,cumulative_deaths,0.5,580.0718100539733
2026/2027,Imo,state,cumulative_deaths,0.55,601.2880786061534
2026/2027,Imo,state,cumulative_deaths,0.6,620.379207420807
2026/2027,Imo,state,cumulative_deaths,0.65,637.5462105138577
2026/2027,Imo,state,cumulative_deaths,0.7,657.9582636800669
2026/2027,Imo,state,cumulative_deaths,0.75,684.8915940997119
2026/2027,Imo,state,cumulative_deaths,0.8,715.7079998438536
2026/2027,Imo,state,cumulative_deaths,0.85,747.5567408007453
2026/2027,Imo,state,cumulative_deaths,0.9,790.1663936970749
2026/2027,Imo,state,cumulative_deaths,0.95,849.723562188849
2026/2027,Imo,state,cumulative_deaths,0.975,900.1099720680382
2026/2027,Imo,state,cumulative_deaths,0.99,966.8035130496122
2026/2027,Imo,state,attack_rate_pct,0.01,2.371995047233701
2026/2027,Imo,state,attack_rate_pct,0.025,3.317506662477112
2026/2027,Imo,state,attack_rate_pct,0.05,5.024632525335981
2026/2027,Imo,state,attack_rate_pct,0.1,6.189312620853138
2026/2027,Imo,state,attack_rate_pct,0.15,6.750250028399203
2026/2027,Imo,state,attack_rate_pct,0.2,7.0972749922525455
2026/2027,Imo,state,attack_rate_pct,0.25,7.478388267825199
2026/2027,Imo,state,attack_rate_pct,0.3,7.803250036620002
2026/2027,Imo,state,attack_rate_pct,0.35,8.08559601176476
2026/2027,Imo,state,attack_rate_pct,0.4,8.423776595244657
2026/2027,Imo,state,attack_rate_pct,0.45,8.72433379104792
2026/2027,Imo,state,attack_rate_pct,0.5,9.023681694667289
2026/2027,Imo,state,attack_rate_pct,0.55,9.282044283333303
2026/2027,Imo,state,attack_rate_pct,0.6,9.564140068277897
2026/2027,Imo,state,attack_rate_pct,0.65,9.793987066456078
2026/2027,Imo,state,attack_rate_pct,0.7,10.110702519017767
2026/2027,Imo,state,attack_rate_pct,0.75,10.541171607142722
2026/2027,Imo,state,attack_rate_pct,0.8,11.090607139205513
2026/2027,Imo,state,attack_rate_pct,0.85,11.643652020969256
2026/2027,Imo,state,attack_rate_pct,0.9,12.461703623407384
2026/2027,Imo,state,attack_rate_pct,0.95,13.71957010801706
2026/2027,Imo,state,attack_rate_pct,0.975,14.507936430576473
2026/2027,Imo,state,attack_rate_pct,0.99,15.652564117490558
2026/2027,Imo,state,deaths_per_100k,0.01,2.6673144263456754
2026/2027,Imo,state,deaths_per_100k,0.025,3.6999479779774864
2026/2027,Imo,state,deaths_per_100k,0.05,5.118003888231552
2026/2027,Imo,state,deaths_per_100k,0.1,6.592211069710521
2026/2027,Imo,state,deaths_per_100k,0.15,7.254575648766842
2026/2027,Imo,state,deaths_per_100k,0.2,7.658136871049469
2026/2027,Imo,state,deaths_per_100k,0.25,8.01659174790103
2026/2027,Imo,state,deaths_per_100k,0.3,8.432606576393928
2026/2027,Imo,state,deaths_per_100k,0.35,8.74106020813358
2026/2027,Imo,state,deaths_per_100k,0.4,9.02321589511662
2026/2027,Imo,state,deaths_per_100k,0.45,9.254135151298232
2026/2027,Imo,state,deaths_per_100k,0.5,9.559960229785961
2026/2027,Imo,state,deaths_per_100k,0.55,9.90961811708172
2026/2027,Imo,state,deaths_per_100k,0.6,10.224252321065583
2026/2027,Imo,state,deaths_per_100k,0.65,10.507175683293626
2026/2027,Imo,state,deaths_per_100k,0.7,10.843579578630447
2026/2027,Imo,state,deaths_per_100k,0.75,11.287458359162004
2026/2027,Imo,state,deaths_per_100k,0.8,11.795332743389588
2026/2027,Imo,state,deaths_per_100k,0.85,12.320220682502352
2026/2027,Imo,state,deaths_per_100k,0.9,13.022455440395502
2026/2027,Imo,state,deaths_per_100k,0.95,14.003996263982579
2026/2027,Imo,state,deaths_per_100k,0.975,14.834397028539511
2026/2027,Imo,state,deaths_per_100k,0.99,15.933549906367038
2026/2027,Jigawa,state,peak_week,0.01,15.0
2026/2027,Jigawa,state,peak_week,0.025,15.0
2026/2027,Jigawa,state,peak_week,0.05,16.0
2026/2027,Jigawa,state,peak_week,0.1,16.0
2026/2027,Jigawa,state,peak_week,0.15,16.0
2026/2027,Jigawa,state,peak_week,0.2,17.0
2026/2027,Jigawa,state,peak_week,0.25,17.0
2026/2027,Jigawa,state,peak_week,0.3,17.0
2026/2027,Jigawa,state,peak_week,0.35,17.0
2026/2027,Jigawa,state,peak_week,0.4,17.0
2026/2027,Jigawa,state,peak_week,0.45,18.0
2026/2027,Jigawa,state,peak_week,0.5,18.0
2026/2027,Jigawa,state,peak_week,0.55,18.0
2026/2027,Jigawa,state,peak_week,0.6,18.0
2026/2027,Jigawa,state,peak_week,0.65,18.0
2026/2027,Jigawa,state,peak_week,0.7,18.0
2026/2027,Jigawa,state,peak_week,0.75,18.0
2026/2027,Jigawa,state,peak_week,0.8,19.0
2026/2027,Jigawa,state,peak_week,0.85,19.0
2026/2027,Jigawa,state,peak_week,0.9,19.0
2026/2027,Jigawa,state,peak_week,0.95,24.0
2026/2027,Jigawa,state,peak_week,0.975,26.0
2026/2027,Jigawa,state,peak_week,0.99,28.0
2026/2027,Jigawa,state,peak_incidence_per_100k,0.01,523.9518334134665
2026/2027,Jigawa,state,peak_incidence_per_100k,0.025,642.0948846656017
2026/2027,Jigawa,state,peak_incidence_per_100k,0.05,766.7301807478892
2026/2027,Jigawa,state,peak_incidence_per_100k,0.1,892.5704660011972
2026/2027,Jigawa,state,peak_incidence_per_100k,0.15,986.2143935962906
2026/2027,Jigawa,state,peak_incidence_per_100k,0.2,1041.7051059898251
2026/2027,Jigawa,state,peak_incidence_per_100k,0.25,1108.4610361314499
2026/2027,Jigawa,state,peak_incidence_per_100k,0.3,1174.6909269765833
2026/2027,Jigawa,state,peak_incidence_per_100k,0.35,1231.5357891755855
2026/2027,Jigawa,state,peak_incidence_per_100k,0.4,1299.3780873596168
2026/2027,Jigawa,state,peak_incidence_per_100k,0.45,1367.713796176308
2026/2027,Jigawa,state,peak_incidence_per_100k,0.5,1431.276754548111
2026/2027,Jigawa,state,peak_incidence_per_100k,0.55,1487.0522464041155
2026/2027,Jigawa,state,peak_incidence_per_100k,0.6,1549.6288127891419
2026/2027,Jigawa,state,peak_incidence_per_100k,0.65,1625.4142970698447
2026/2027,Jigawa,state,peak_incidence_per_100k,0.7,1720.0123623425714
2026/2027,Jigawa,state,peak_incidence_per_100k,0.75,1797.2082963283356
2026/2027,Jigawa,state,peak_incidence_per_100k,0.8,1909.5714472602547
2026/2027,Jigawa,state,peak_incidence_per_100k,0.85,2017.4371910904626
2026/2027,Jigawa,state,peak_incidence_per_100k,0.9,2209.213933711028
2026/2027,Jigawa,state,peak_incidence_per_100k,0.95,2453.249153916374
2026/2027,Jigawa,state,peak_incidence_per_100k,0.975,2676.307220270426
2026/2027,Jigawa,state,peak_incidence_per_100k,0.99,2848.459098682932
2026/2027,Jigawa,state,cumulative_cases,0.01,275464.5787953026
2026/2027,Jigawa,state,cumulative_cases,0.025,339071.32193858613
2026/2027,Jigawa,state,cumulative_cases,0.05,378863.5431294967
2026/2027,Jigawa,state,cumulative_cases,0.1,418608.6273767936
2026/2027,Jigawa,state,cumulative_cases,0.15,441457.69680005754
2026/2027,Jigawa,state,cumulative_cases,0.2,461349.17464207864
2026/2027,Jigawa,state,cumulative_cases,0.25,480855.32199827465
2026/2027,Jigawa,state,cumulative_cases,0.3,496958.02572572074
2026/2027,Jigawa,state,cumulative_cases,0.35,513177.1530695936
2026/2027,Jigawa,state,cumulative_cases,0.4,530628.7198905598
2026/2027,Jigawa,state,cumulative_cases,0.45,549660.4090642628
2026/2027,Jigawa,state,cumulative_cases,0.5,567219.4024945813
2026/2027,Jigawa,state,cumulative_cases,0.55,586095.9047021292
2026/2027,Jigawa,state,cumulative_cases,0.6,609678.2061794931
2026/2027,Jigawa,state,cumulative_cases,0.65,629385.2726653338
2026/2027,Jigawa,state,cumulative_cases,0.7,651866.8866803796
2026/2027,Jigawa,state,cumulative_cases,0.75,679100.3974724272
2026/2027,Jigawa,state,cumulative_cases,0.8,708312.6974311281
2026/2027,Jigawa,state,cumulative_cases,0.85,740832.7815529858
2026/2027,Jigawa,state,cumulative_cases,0.9,811996.327958841
2026/2027,Jigawa,state,cumulative_cases,0.95,894183.9022979984
2026/2027,Jigawa,state,cumulative_cases,0.975,951071.9611023472
2026/2027,Jigawa,state,cumulative_cases,0.99,1024348.8961668744
2026/2027,Jigawa,state,cumulative_hospitalizations,0.01,3280.853690977871
2026/2027,Jigawa,state,cumulative_hospitalizations,0.025,3878.907598097916
2026/2027,Jigawa,state,cumulative_hospitalizations,0.05,4441.077658521965
2026/2027,Jigawa,state,cumulative_hospitalizations,0.1,4937.2011978240635
2026/2027,Jigawa,state,cumulative_hospitalizations,0.15,5280.632613820985
2026/2027,Jigawa,state,cumulative_hospitalizations,0.2,5496.282397074576
2026/2027,Jigawa,state,cumulative_hospitalizations,0.25,5742.783080125029
2026/2027,Jigawa,state,cumulative_hospitalizations,0.3,5940.461052195993
2026/2027,Jigawa,state,cumulative_hospitalizations,0.35,6144.0616512218785
2026/2027,Jigawa,state,cumulative_hospitalizations,0.4,6352.848100930725
2026/2027,Jigawa,state,cumulative_hospitalizations,0.45,6558.6105932297
2026/2027,Jigawa,state,cumulative_hospitalizations,0.5,6744.728184172418
2026/2027,Jigawa,state,cumulative_hospitalizations,0.55,6957.353005905499
2026/2027,Jigawa,state,cumulative_hospitalizations,0.6,7233.461790678922
2026/2027,Jigawa,state,cumulative_hospitalizations,0.65,7482.961882409384
2026/2027,Jigawa,state,cumulative_hospitalizations,0.7,7709.235271104133
2026/2027,Jigawa,state,cumulative_hospitalizations,0.75,7982.100536008682
2026/2027,Jigawa,state,cumulative_hospitalizations,0.8,8265.842859567758
2026/2027,Jigawa,state,cumulative_hospitalizations,0.85,8571.92491870664
2026/2027,Jigawa,state,cumulative_hospitalizations,0.9,9104.656430163168
2026/2027,Jigawa,state,cumulative_hospitalizations,0.95,9773.657747686104
2026/2027,Jigawa,state,cumulative_hospitalizations,0.975,10435.84628590706
2026/2027,Jigawa,state,cumulative_hospitalizations,0.99,11266.105089726569
2026/2027,Jigawa,state,cumulative_deaths,0.01,479.470597962232
2026/2027,Jigawa,state,cumulative_deaths,0.025,602.7851020711494
2026/2027,Jigawa,state,cumulative_deaths,0.05,695.1488810298506
2026/2027,Jigawa,state,cumulative_deaths,0.1,752.9438341760844
2026/2027,Jigawa,state,cumulative_deaths,0.15,803.839704518859
2026/2027,Jigawa,state,cumulative_deaths,0.2,848.0208418697916
2026/2027,Jigawa,state,cumulative_deaths,0.25,886.2673351190679
2026/2027,Jigawa,state,cumulative_deaths,0.3,921.5633403045557
2026/2027,Jigawa,state,cumulative_deaths,0.35,948.5291048700651
2026/2027,Jigawa,state,cumulative_deaths,0.4,977.089938999509
2026/2027,Jigawa,state,cumulative_deaths,0.45,1001.2623132988784
2026/2027,Jigawa,state,cumulative_deaths,0.5,1032.5204507299952
2026/2027,Jigawa,state,cumulative_deaths,0.55,1061.0838474063248
2026/2027,Jigawa,state,cumulative_deaths,0.6,1096.206294374984
2026/2027,Jigawa,state,cumulative_deaths,0.65,1138.8867839309282
2026/2027,Jigawa,state,cumulative_deaths,0.7,1176.8284463794057
2026/2027,Jigawa,state,cumulative_deaths,0.75,1215.778286765233
2026/2027,Jigawa,state,cumulative_deaths,0.8,1259.2972465148903
2026/2027,Jigawa,state,cumulative_deaths,0.85,1318.8917678102043
2026/2027,Jigawa,state,cumulative_deaths,0.9,1389.866373317704
2026/2027,Jigawa,state,cumulative_deaths,0.95,1492.7753768523803
2026/2027,Jigawa,state,cumulative_deaths,0.975,1571.2233906622234
2026/2027,Jigawa,state,cumulative_deaths,0.99,1685.2236061852332
2026/2027,Jigawa,state,attack_rate_pct,0.01,3.947004172402417
2026/2027,Jigawa,state,attack_rate_pct,0.025,4.85839569024264
2026/2027,Jigawa,state,attack_rate_pct,0.05,5.428559969644949
2026/2027,Jigawa,state,attack_rate_pct,0.1,5.998048845647186
2026/2027,Jigawa,state,attack_rate_pct,0.15,6.3254425626308555
2026/2027,Jigawa,state,attack_rate_pct,0.2,6.610458321757003
2026/2027,Jigawa,state,attack_rate_pct,0.25,6.889952859091379
2026/2027,Jigawa,state,attack_rate_pct,0.3,7.120681031392687
2026/2027,Jigawa,state,attack_rate_pct,0.35,7.353077383689449
2026/2027,Jigawa,state,attack_rate_pct,0.4,7.603132789573407
2026/2027,Jigawa,state,attack_rate_pct,0.45,7.8758290356932825
2026/2027,Jigawa,state,attack_rate_pct,0.5,8.127423707631685
2026/2027,Jigawa,state,attack_rate_pct,0.55,8.397896351698638
2026/2027,Jigawa,state,attack_rate_pct,0.6,8.73579621066807
2026/2027,Jigawa,state,attack_rate_pct,0.65,9.018169625012664
2026/2027,Jigawa,state,attack_rate_pct,0.7,9.340298243900051
2026/2027,Jigawa,state,attack_rate_pct,0.75,9.730514587487566
2026/2027,Jigawa,state,attack_rate_pct,0.8,10.149084083161794
2026/2027,Jigawa,state,attack_rate_pct,0.85,10.615049283759259
2026/2027,Jigawa,state,attack_rate_pct,0.9,11.634718730245833
2026/2027,Jigawa,state,attack_rate_pct,0.95,12.812346359376857
2026/2027,Jigawa,state,attack_rate_pct,0.975,13.627468965857208
2026/2027,Jigawa,state,attack_rate_pct,0.99,14.677420178116233
2026/2027,Jigawa,state,deaths_per_100k,0.01,6.8701117906978
2026/2027,Jigawa,state,deaths_per_100k,0.025,8.637028119338787
2026/2027,Jigawa,state,deaths_per_100k,0.05,9.960465864123215
2026/2027,Jigawa,state,deaths_per_100k,0.1,10.788582938955914
2026/2027,Jigawa,state,deaths_per_100k,0.15,11.517846256510301
2026/2027,Jigawa,state,deaths_per_100k,0.2,12.150897279724427
2026/2027,Jigawa,state,deaths_per_100k,0.25,12.698913540453296
2026/2027,Jigawa,state,deaths_per_100k,0.3,13.204653626331202
2026/2027,Jigawa,state,deaths_per_100k,0.35,13.59103355843557
2026/2027,Jigawa,state,deaths_per_100k,0.4,14.00026850243168
2026/2027,Jigawa,state,deaths_per_100k,0.45,14.346623241156118
2026/2027,Jigawa,state,deaths_per_100k,0.5,14.794506592989265
2026/2027,Jigawa,state,deaths_per_100k,0.55,15.20377825453104
2026/2027,Jigawa,state,deaths_per_100k,0.6,15.707031505226823
2026/2027,Jigawa,state,deaths_per_100k,0.65,16.3185804422779
2026/2027,Jigawa,state,deaths_per_100k,0.7,16.862228923861103
2026/2027,Jigawa,state,deaths_per_100k,0.75,17.42032311945461
2026/2027,Jigawa,state,deaths_per_100k,0.8,18.043886106978142
2026/2027,Jigawa,state,deaths_per_100k,0.85,18.89778835907031
2026/2027,Jigawa,state,deaths_per_100k,0.9,19.914750559066583
2026/2027,Jigawa,state,deaths_per_100k,0.95,21.389285935286317
2026/2027,Jigawa,state,deaths_per_100k,0.975,22.51333113622746
2026/2027,Jigawa,state,deaths_per_100k,0.99,24.14678734425215
2026/2027,Kaduna,state,peak_week,0.01,14.0
2026/2027,Kaduna,state,peak_week,0.025,14.0
2026/2027,Kaduna,state,peak_week,0.05,15.0
2026/2027,Kaduna,state,peak_week,0.1,15.0
2026/2027,Kaduna,state,peak_week,0.15,15.0
2026/2027,Kaduna,state,peak_week,0.2,15.0
2026/2027,Kaduna,state,peak_week,0.25,16.0
2026/2027,Kaduna,state,peak_week,0.3,16.0
2026/2027,Kaduna,state,peak_week,0.35,16.0
2026/2027,Kaduna,state,peak_week,0.4,16.0
2026/2027,Kaduna,state,peak_week,0.45,16.0
2026/2027,Kaduna,state,peak_week,0.5,16.0
2026/2027,Kaduna,state,peak_week,0.55,16.0
2026/2027,Kaduna,state,peak_week,0.6,16.0
2026/2027,Kaduna,state,peak_week,0.65,17.0
2026/2027,Kaduna,state,peak_week,0.7,17.0
2026/2027,Kaduna,state,peak_week,0.75,17.0
2026/2027,Kaduna,state,peak_week,0.8,17.0
2026/2027,Kaduna,state,peak_week,0.85,17.0
2026/2027,Kaduna,state,peak_week,0.9,17.0
2026/2027,Kaduna,state,peak_week,0.95,17.0
2026/2027,Kaduna,state,peak_week,0.975,25.0
2026/2027,Kaduna,state,peak_week,0.99,27.0
2026/2027,Kaduna,state,peak_incidence_per_100k,0.01,509.13352193997713
2026/2027,Kaduna,state,peak_incidence_per_100k,0.025,723.3045805947423
2026/2027,Kaduna,state,peak_incidence_per_100k,0.05,906.7612564563788
2026/2027,Kaduna,state,peak_incidence_per_100k,0.1,1035.556991685805
2026/2027,Kaduna,state,peak_incidence_per_100k,0.15,1152.931717930156
2026/2027,Kaduna,state,peak_incidence_per_100k,0.2,1258.3742737592788
2026/2027,Kaduna,state,peak_incidence_per_100k,0.25,1332.8021234919647
2026/2027,Kaduna,state,peak_incidence_per_100k,0.3,1404.586883538782
2026/2027,Kaduna,state,peak_incidence_per_100k,0.35,1472.6668043392688
2026/2027,Kaduna,state,peak_incidence_per_100k,0.4,1538.162328091418
2026/2027,Kaduna,state,peak_incidence_per_100k,0.45,1614.6553369146902
2026/2027,Kaduna,state,peak_incidence_per_100k,0.5,1696.8389098624682
2026/2027,Kaduna,state,peak_incidence_per_100k,0.55,1772.766520022796
2026/2027,Kaduna,state,peak_incidence_per_100k,0.6,1840.7889611822193
2026/2027,Kaduna,state,peak_incidence_per_100k,0.65,1924.344318526869
2026/2027,Kaduna,state,peak_incidence_per_100k,0.7,2014.0300651886653
2026/2027,Kaduna,state,peak_incidence_per_100k,0.75,2111.6445547518124
2026/2027,Kaduna,state,peak_incidence_per_100k,0.8,2198.7087541933897
2026/2027,Kaduna,state,peak_incidence_per_100k,0.85,2338.1649858801698
2026/2027,Kaduna,state,peak_incidence_per_100k,0.9,2485.2086246522845
2026/2027,Kaduna,state,peak_incidence_per_100k,0.95,2821.5051229966493
2026/2027,Kaduna,state,peak_incidence_per_100k,0.975,3160.9724395992557
2026/2027,Kaduna,state,peak_incidence_per_100k,0.99,3410.116599077421
2026/2027,Kaduna,state,cumulative_cases,0.01,301918.80300536664
2026/2027,Kaduna,state,cumulative_cases,0.025,363340.24521800294
2026/2027,Kaduna,state,cumulative_cases,0.05,415087.8652196283
2026/2027,Kaduna,state,cumulative_cases,0.1,464082.7133822029
2026/2027,Kaduna,state,cumulative_cases,0.15,500955.4620462038
2026/2027,Kaduna,state,cumulative_cases,0.2,531858.130437591
2026/2027,Kaduna,state,cumulative_cases,0.25,555043.2180321512
2026/2027,Kaduna,state,cumulative_cases,0.3,577442.5031482572
2026/2027,Kaduna,state,cumulative_cases,0.35,598830.6487931559
2026/2027,Kaduna,state,cumulative_cases,0.4,624694.4631350727
2026/2027,Kaduna,state,cumulative_cases,0.45,653969.313840075
2026/2027,Kaduna,state,cumulative_cases,0.5,674762.8579527927
2026/2027,Kaduna,state,cumulative_cases,0.55,699806.218381025
2026/2027,Kaduna,state,cumulative_cases,0.6,722451.200813302
2026/2027,Kaduna,state,cumulative_cases,0.65,741040.0065857138
2026/2027,Kaduna,state,cumulative_cases,0.7,767999.4423756495
2026/2027,Kaduna,state,cumulative_cases,0.75,801744.7301121566
2026/2027,Kaduna,state,cumulative_cases,0.8,837264.3115753431
2026/2027,Kaduna,state,cumulative_cases,0.85,876413.5804867602
2026/2027,Kaduna,state,cumulative_cases,0.9,931998.5624635096
2026/2027,Kaduna,state,cumulative_cases,0.95,1052997.2238893276
2026/2027,Kaduna,state,cumulative_cases,0.975,1120682.8936471418
2026/2027,Kaduna,state,cumulative_cases,0.99,1222735.6648170636
2026/2027,Kaduna,state,cumulative_hospitalizations,0.01,4321.178550586039
2026/2027,Kaduna,state,cumulative_hospitalizations,0.025,5297.561838501683
2026/2027,Kaduna,state,cumulative_hospitalizations,0.05,6354.108788389682
2026/2027,Kaduna,state,cumulative_hospitalizations,0.1,7256.0136146331915
2026/2027,Kaduna,state,cumulative_hospitalizations,0.15,7754.825388836932
2026/2027,Kaduna,state,cumulative_hospitalizations,0.2,8095.286367118497
2026/2027,Kaduna,state,cumulative_hospitalizations,0.25,8396.465663431363
2026/2027,Kaduna,state,cumulative_hospitalizations,0.3,8644.54553584936
2026/2027,Kaduna,state,cumulative_hospitalizations,0.35,8840.125513268023
2026/2027,Kaduna,state,cumulative_hospitalizations,0.4,9058.158423423394
2026/2027,Kaduna,state,cumulative_hospitalizations,0.45,9314.582255855525
2026/2027,Kaduna,state,cumulative_hospitalizations,0.5,9527.926506627322
2026/2027,Kaduna,state,cumulative_hospitalizations,0.55,9743.715444310874
2026/2027,Kaduna,state,cumulative_hospitalizations,0.6,10020.730967237801
2026/2027,Kaduna,state,cumulative_hospitalizations,0.65,10319.170205267568
2026/2027,Kaduna,state,cumulative_hospitalizations,0.7,10545.688553932607
2026/2027,Kaduna,state,cumulative_hospitalizations,0.75,10959.882001067688
2026/2027,Kaduna,state,cumulative_hospitalizations,0.8,11378.45599087948
2026/2027,Kaduna,state,cumulative_hospitalizations,0.85,11790.886119527186
2026/2027,Kaduna,state,cumulative_hospitalizations,0.9,12533.535999308438
2026/2027,Kaduna,state,cumulative_hospitalizations,0.95,13606.143544527591
2026/2027,Kaduna,state,cumulative_hospitalizations,0.975,14400.174062436708
2026/2027,Kaduna,state,cumulative_hospitalizations,0.99,15318.058702377568
2026/2027,Kaduna,state,cumulative_deaths,0.01,389.323923133247
2026/2027,Kaduna,state,cumulative_deaths,0.025,522.1999910259422
2026/2027,Kaduna,state,cumulative_deaths,0.05,609.5559545686053
2026/2027,Kaduna,state,cumulative_deaths,0.1,683.7871156270276
2026/2027,Kaduna,state,cumulative_deaths,0.15,729.2358752630711
2026/2027,Kaduna,state,cumulative_deaths,0.2,760.2195009853568
2026/2027,Kaduna,state,cumulative_deaths,0.25,786.0006251756175
2026/2027,Kaduna,state,cumulative_deaths,0.3,818.2445361512254
2026/2027,Kaduna,state,cumulative_deaths,0.35,845.3084956675526
2026/2027,Kaduna,state,cumulative_deaths,0.4,869.9397721272842
2026/2027,Kaduna,state,cumulative_deaths,0.45,895.5754330750509
2026/2027,Kaduna,state,cumulative_deaths,0.5,921.1962934334263
2026/2027,Kaduna,state,cumulative_deaths,0.55,948.2708524787208
2026/2027,Kaduna,state,cumulative_deaths,0.6,978.9268778330512
2026/2027,Kaduna,state,cumulative_deaths,0.65,1008.911282571805
2026/2027,Kaduna,state,cumulative_deaths,0.7,1039.320571228886
2026/2027,Kaduna,state,cumulative_deaths,0.75,1073.1853842560927
2026/2027,Kaduna,state,cumulative_deaths,0.8,1108.442007776336
2026/2027,Kaduna,state,cumulative_deaths,0.85,1145.8797586956118
2026/2027,Kaduna,state,cumulative_deaths,0.9,1215.7314542638765
2026/2027,Kaduna,state,cumulative_deaths,0.95,1313.0994981606686
2026/2027,Kaduna,state,cumulative_deaths,0.975,1400.531960828747
2026/2027,Kaduna,state,cumulative_deaths,0.99,1488.0266227393577
2026/2027,Kaduna,state,attack_rate_pct,0.01,3.62696379335122
2026/2027,Kaduna,state,attack_rate_pct,0.025,4.364822266633146
2026/2027,Kaduna,state,attack_rate_pct,0.05,4.98646869033951
2026/2027,Kaduna,state,attack_rate_pct,0.1,5.575045945474031
2026/2027,Kaduna,state,attack_rate_pct,0.15,6.0179998888337405
2026/2027,Kaduna,state,attack_rate_pct,0.2,6.389234996610412
2026/2027,Kaduna,state,attack_rate_pct,0.25,6.667758468530945
2026/2027,Kaduna,state,attack_rate_pct,0.3,6.936842060888798
2026/2027,Kaduna,state,attack_rate_pct,0.35,7.1937787905286275
2026/2027,Kaduna,state,attack_rate_pct,0.4,7.504481924094055
2026/2027,Kaduna,state,attack_rate_pct,0.45,7.856161986766131
2026/2027,Kaduna,state,attack_rate_pct,0.5,8.105955742178368
2026/2027,Kaduna,state,attack_rate_pct,0.55,8.406802726973247
2026/2027,Kaduna,state,attack_rate_pct,0.6,8.678837891942695
2026/2027,Kaduna,state,attack_rate_pct,0.65,8.902146029187058
2026/2027,Kaduna,state,attack_rate_pct,0.7,9.226010911155125
2026/2027,Kaduna,state,attack_rate_pct,0.75,9.63139452952604
2026/2027,Kaduna,state,attack_rate_pct,0.8,10.058092816083821
2026/2027,Kaduna,state,attack_rate_pct,0.85,10.52839469680291
2026/2027,Kaduna,state,attack_rate_pct,0.9,11.196139517850597
2026/2027,Kaduna,state,attack_rate_pct,0.95,12.64970173281342
2026/2027,Kaduna,state,attack_rate_pct,0.975,13.462812645736442
2026/2027,Kaduna,state,attack_rate_pct,0.99,14.688777051927747
2026/2027,Kaduna,state,deaths_per_100k,0.01,4.676965326550532
2026/2027,Kaduna,state,deaths_per_100k,0.025,6.273211345189913
2026/2027,Kaduna,state,deaths_per_100k,0.05,7.322622358179776
2026/2027,Kaduna,state,deaths_per_100k,0.1,8.2143645445468
2026/2027,Kaduna,state,deaths_per_100k,0.15,8.760342483024921
2026/2027,Kaduna,state,deaths_per_100k,0.2,9.132550134760605
2026/2027,Kaduna,state,deaths_per_100k,0.25,9.442259907915425
2026/2027,Kaduna,state,deaths_per_100k,0.3,9.829607421553026
2026/2027,Kaduna,state,deaths_per_100k,0.35,10.154727951620501
2026/2027,Kaduna,state,deaths_per_100k,0.4,10.450624553667783
2026/2027,Kaduna,state,deaths_per_100k,0.45,10.758586870524626
2026/2027,Kaduna,state,deaths_per_100k,0.5,11.066371387253394
2026/2027,Kaduna,state,deaths_per_100k,0.55,11.39161924992622
2026/2027,Kaduna,state,deaths_per_100k,0.6,11.759891424104907
2026/2027,Kaduna,state,deaths_per_100k,0.65,12.120095390436596
2026/2027,Kaduna,state,deaths_per_100k,0.7,12.485403505873307
2026/2027,Kaduna,state,deaths_per_100k,0.75,12.89222298679217
2026/2027,Kaduna,state,deaths_per_100k,0.8,13.315762348073571
2026/2027,Kaduna,state,deaths_per_100k,0.85,13.765503688252048
2026/2027,Kaduna,state,deaths_per_100k,0.9,14.60463516402762
2026/2027,Kaduna,state,deaths_per_100k,0.95,15.774321736469481
2026/2027,Kaduna,state,deaths_per_100k,0.975,16.82465173680078
2026/2027,Kaduna,state,deaths_per_100k,0.99,17.875728939354644
2026/2027,Kano,state,peak_week,0.01,15.0
2026/2027,Kano,state,peak_week,0.025,16.0
2026/2027,Kano,state,peak_week,0.05,16.0
2026/2027,Kano,state,peak_week,0.1,17.0
2026/2027,Kano,state,peak_week,0.15,17.0
2026/2027,Kano,state,peak_week,0.2,17.0
2026/2027,Kano,state,peak_week,0.25,17.0
2026/2027,Kano,state,peak_week,0.3,17.0
2026/2027,Kano,state,peak_week,0.35,17.0
2026/2027,Kano,state,peak_week,0.4,18.0
2026/2027,Kano,state,peak_week,0.45,18.0
2026/2027,Kano,state,peak_week,0.5,18.0
2026/2027,Kano,state,peak_week,0.55,18.0
2026/2027,Kano,state,peak_week,0.6,18.0
2026/2027,Kano,state,peak_week,0.65,18.0
2026/2027,Kano,state,peak_week,0.7,18.0
2026/2027,Kano,state,peak_week,0.75,18.0
2026/2027,Kano,state,peak_week,0.8,19.0
2026/2027,Kano,state,peak_week,0.85,19.0
2026/2027,Kano,state,peak_week,0.9,19.0
2026/2027,Kano,state,peak_week,0.95,26.0
2026/2027,Kano,state,peak_week,0.975,27.0
2026/2027,Kano,state,peak_week,0.99,28.0
2026/2027,Kano,state,peak_incidence_per_100k,0.01,502.9919422864639
2026/2027,Kano,state,peak_incidence_per_100k,0.025,596.4773179325861
2026/2027,Kano,state,peak_incidence_per_100k,0.05,683.5021608563708
2026/2027,Kano,state,peak_incidence_per_100k,0.1,774.7744417538644
2026/2027,Kano,state,peak_incidence_per_100k,0.15,822.3278218134438
2026/2027,Kano,state,peak_incidence_per_100k,0.2,895.4994105387913
2026/2027,Kano,state,peak_incidence_per_100k,0.25,936.7976044811179
2026/2027,Kano,state,peak_incidence_per_100k,0.3,991.7364448456594
2026/2027,Kano,state,peak_incidence_per_100k,0.35,1052.1605666364248
2026/2027,Kano,state,peak_incidence_per_100k,0.4,1105.236409808989
2026/2027,Kano,state,peak_incidence_per_100k,0.45,1169.8007830006597
2026/2027,Kano,state,peak_incidence_per_100k,0.5,1240.6754170403992
2026/2027,Kano,state,peak_incidence_per_100k,0.55,1293.420654729908
2026/2027,Kano,state,peak_incidence_per_100k,0.6,1364.482261444767
2026/2027,Kano,state,peak_incidence_per_100k,0.65,1437.12917048744
2026/2027,Kano,state,peak_incidence_per_100k,0.7,1514.9452729017555
2026/2027,Kano,state,peak_incidence_per_100k,0.75,1610.048024178909
2026/2027,Kano,state,peak_incidence_per_100k,0.8,1684.992897274771
2026/2027,Kano,state,peak_incidence_per_100k,0.85,1814.27006068421
2026/2027,Kano,state,peak_incidence_per_100k,0.9,1962.3068847802517
2026/2027,Kano,state,peak_incidence_per_100k,0.95,2194.005463852736
2026/2027,Kano,state,peak_incidence_per_100k,0.975,2442.4124626564744
2026/2027,Kano,state,peak_incidence_per_100k,0.99,2734.8986175962145
2026/2027,Kano,state,cumulative_cases,0.01,609936.7858438838
2026/2027,Kano,state,cumulative_cases,0.025,724469.5524468973
2026/2027,Kano,state,cumulative_cases,0.05,800776.2658701559
2026/2027,Kano,state,cumulative_cases,0.1,873624.4273141832
2026/2027,Kano,state,cumulative_cases,0.15,914371.867144164
2026/2027,Kano,state,cumulative_cases,0.2,953069.9865584495
2026/2027,Kano,state,cumulative_cases,0.25,989460.1264215799
2026/2027,Kano,state,cumulative_cases,0.3,1028155.8678830167
2026/2027,Kano,state,cumulative_cases,0.35,1062754.500351616
2026/2027,Kano,state,cumulative_cases,0.4,1097932.201054284
2026/2027,Kano,state,cumulative_cases,0.45,1137184.4879029938
2026/2027,Kano,state,cumulative_cases,0.5,1176809.8205506136
2026/2027,Kano,state,cumulative_cases,0.55,1214061.2167760446
2026/2027,Kano,state,cumulative_cases,0.6,1246105.2768718686
2026/2027,Kano,state,cumulative_cases,0.65,1278567.748248099
2026/2027,Kano,state,cumulative_cases,0.7,1321175.5084389483
2026/2027,Kano,state,cumulative_cases,0.75,1373377.9208397353
2026/2027,Kano,state,cumulative_cases,0.8,1435659.349675047
2026/2027,Kano,state,cumulative_cases,0.85,1515399.421991453
2026/2027,Kano,state,cumulative_cases,0.9,1601698.9665239155
2026/2027,Kano,state,cumulative_cases,0.95,1764796.0058427397
2026/2027,Kano,state,cumulative_cases,0.975,1880876.8959349794
2026/2027,Kano,state,cumulative_cases,0.99,2016409.036233206
2026/2027,Kano,state,cumulative_hospitalizations,0.01,9307.89523625029
2026/2027,Kano,state,cumulative_hospitalizations,0.025,10811.400109126114
2026/2027,Kano,state,cumulative_hospitalizations,0.05,11955.569903134918
2026/2027,Kano,state,cumulative_hospitalizations,0.1,13063.996692550389
2026/2027,Kano,state,cumulative_hospitalizations,0.15,13911.908955042562
2026/2027,Kano,state,cumulative_hospitalizations,0.2,14362.372090481384
2026/2027,Kano,state,cumulative_hospitalizations,0.25,14927.888984419951
2026/2027,Kano,state,cumulative_hospitalizations,0.3,15387.330720100428
2026/2027,Kano,state,cumulative_hospitalizations,0.35,15894.47748288972
2026/2027,Kano,state,cumulative_hospitalizations,0.4,16267.493622853835
2026/2027,Kano,state,cumulative_hospitalizations,0.45,16671.907877841873
2026/2027,Kano,state,cumulative_hospitalizations,0.5,17078.292389293554
2026/2027,Kano,state,cumulative_hospitalizations,0.55,17591.06345425143
2026/2027,Kano,state,cumulative_hospitalizations,0.6,18164.918265299402
2026/2027,Kano,state,cumulative_hospitalizations,0.65,18842.919963849246
2026/2027,Kano,state,cumulative_hospitalizations,0.7,19463.691762197304
2026/2027,Kano,state,cumulative_hospitalizations,0.75,20164.274398438585
2026/2027,Kano,state,cumulative_hospitalizations,0.8,20793.142276647635
2026/2027,Kano,state,cumulative_hospitalizations,0.85,21758.91305308429
2026/2027,Kano,state,cumulative_hospitalizations,0.9,22988.381833184074
2026/2027,Kano,state,cumulative_hospitalizations,0.95,24576.521726263833
2026/2027,Kano,state,cumulative_hospitalizations,0.975,26550.97971100539
2026/2027,Kano,state,cumulative_hospitalizations,0.99,27960.636088292336
2026/2027,Kano,state,cumulative_deaths,0.01,1020.9633222589173
2026/2027,Kano,state,cumulative_deaths,0.025,1262.8107481562797
2026/2027,Kano,state,cumulative_deaths,0.05,1347.868399573635
2026/2027,Kano,state,cumulative_deaths,0.1,1454.8926820609627
2026/2027,Kano,state,cumulative_deaths,0.15,1523.7786880228
2026/2027,Kano,state,cumulative_deaths,0.2,1577.7589078273656
2026/2027,Kano,state,cumulative_deaths,0.25,1626.3651870360218
2026/2027,Kano,state,cumulative_deaths,0.3,1673.4341843338545
2026/2027,Kano,state,cumulative_deaths,0.35,1722.5842482644898
2026/2027,Kano,state,cumulative_deaths,0.4,1761.826870056212
2026/2027,Kano,state,cumulative_deaths,0.45,1809.1869299864697
2026/2027,Kano,state,cumulative_deaths,0.5,1863.1610919187895
2026/2027,Kano,state,cumulative_deaths,0.55,1905.286502168426
2026/2027,Kano,state,cumulative_deaths,0.6,1967.752513484315
2026/2027,Kano,state,cumulative_deaths,0.65,2021.9011905706075
2026/2027,Kano,state,cumulative_deaths,0.7,2076.5429534263976
2026/2027,Kano,state,cumulative_deaths,0.75,2125.4267513380078
2026/2027,Kano,state,cumulative_deaths,0.8,2207.6584586581416
2026/2027,Kano,state,cumulative_deaths,0.85,2330.492461075725
2026/2027,Kano,state,cumulative_deaths,0.9,2432.939363317531
2026/2027,Kano,state,cumulative_deaths,0.95,2628.8906081349382
2026/2027,Kano,state,cumulative_deaths,0.975,2773.6499762212625
2026/2027,Kano,state,cumulative_deaths,0.99,2959.564026672306
2026/2027,Kano,state,attack_rate_pct,0.01,3.7526375676099035
2026/2027,Kano,state,attack_rate_pct,0.025,4.457300694432318
2026/2027,Kano,state,attack_rate_pct,0.05,4.9267779355152275
2026/2027,Kano,state,attack_rate_pct,0.1,5.37497642708176
2026/2027,Kano,state,attack_rate_pct,0.15,5.625675150357402
2026/2027,Kano,state,attack_rate_pct,0.2,5.863765424760152
2026/2027,Kano,state,attack_rate_pct,0.25,6.087655849326076
2026/2027,Kano,state,attack_rate_pct,0.3,6.325731493368105
2026/2027,Kano,state,attack_rate_pct,0.35,6.538599664304799
2026/2027,Kano,state,attack_rate_pct,0.4,6.755030553968762
2026/2027,Kano,state,attack_rate_pct,0.45,6.996530344868027
2026/2027,Kano,state,attack_rate_pct,0.5,7.240325300958048
2026/2027,Kano,state,attack_rate_pct,0.55,7.469514607400787
2026/2027,Kano,state,attack_rate_pct,0.6,7.666665765562147
2026/2027,Kano,state,attack_rate_pct,0.65,7.866391200150189
2026/2027,Kano,state,attack_rate_pct,0.7,8.128535548998856
2026/2027,Kano,state,attack_rate_pct,0.75,8.449711019050271
2026/2027,Kano,state,attack_rate_pct,0.8,8.832897662381594
2026/2027,Kano,state,attack_rate_pct,0.85,9.323498652457092
2026/2027,Kano,state,attack_rate_pct,0.9,9.854456811394948
2026/2027,Kano,state,attack_rate_pct,0.95,10.8579117449533
2026/2027,Kano,state,attack_rate_pct,0.975,11.57209970533192
2026/2027,Kano,state,attack_rate_pct,0.99,12.405961530206149
2026/2027,Kano,state,deaths_per_100k,0.01,6.2814793388134325
2026/2027,Kano,state,deaths_per_100k,0.025,7.7694462185229805
2026/2027,Kano,state,deaths_per_100k,0.05,8.29276362703084
2026/2027,Kano,state,deaths_per_100k,0.1,8.951230786955897
2026/2027,Kano,state,deaths_per_100k,0.15,9.375052107221627
2026/2027,Kano,state,deaths_per_100k,0.2,9.70716554167564
2026/2027,Kano,state,deaths_per_100k,0.25,10.00621579346161
2026/2027,Kano,state,deaths_per_100k,0.3,10.295807914529034
2026/2027,Kano,state,deaths_per_100k,0.35,10.598203803147792
2026/2027,Kano,state,deaths_per_100k,0.4,10.839644129760288
2026/2027,Kano,state,deaths_per_100k,0.45,11.131027014386026
2026/2027,Kano,state,deaths_per_100k,0.5,11.463103177766218
2026/2027,Kano,state,deaths_per_100k,0.55,11.722279867421117
2026/2027,Kano,state,deaths_per_100k,0.6,12.10660215491592
2026/2027,Kano,state,deaths_per_100k,0.65,12.439752023208024
2026/2027,Kano,state,deaths_per_100k,0.7,12.775935602903694
2026/2027,Kano,state,deaths_per_100k,0.75,13.076693289188766
2026/2027,Kano,state,deaths_per_100k,0.8,13.582624069722506
2026/2027,Kano,state,deaths_per_100k,0.85,14.33836057020977
2026/2027,Kano,state,deaths_per_100k,0.9,14.968665386971985
2026/2027,Kano,state,deaths_per_100k,0.95,16.17425590026485
2026/2027,Kano,state,deaths_per_100k,0.975,17.064888266687245
2026/2027,Kano,state,deaths_per_100k,0.99,18.20872491707692
2026/2027,Katsina,state,peak_week,0.01,15.0
2026/2027,Katsina,state,peak_week,0.025,15.0
2026/2027,Katsina,state,peak_week,0.05,15.0
2026/2027,Katsina,state,peak_week,0.1,16.0
2026/2027,Katsina,state,peak_week,0.15,16.0
2026/2027,Katsina,state,peak_week,0.2,16.0
2026/2027,Katsina,state,peak_week,0.25,16.0
2026/2027,Katsina,state,peak_week,0.3,17.0
2026/2027,Katsina,state,peak_week,0.35,17.0
2026/2027,Katsina,state,peak_week,0.4,17.0
2026/2027,Katsina,state,peak_week,0.45,17.0
2026/2027,Katsina,state,peak_week,0.5,17.0
2026/2027,Katsina,state,peak_week,0.55,17.0
2026/2027,Katsina,state,peak_week,0.6,17.0
2026/2027,Katsina,state,peak_week,0.65,18.0
2026/2027,Katsina,state,peak_week,0.7,18.0
2026/2027,Katsina,state,peak_week,0.75,18.0
2026/2027,Katsina,state,peak_week,0.8,18.0
2026/2027,Katsina,state,peak_week,0.85,19.0
2026/2027,Katsina,state,peak_week,0.9,22.100000000000136
2026/2027,Katsina,state,peak_week,0.95,26.0
2026/2027,Katsina,state,peak_week,0.975,28.0
2026/2027,Katsina,state,peak_week,0.99,28.0
2026/2027,Katsina,state,peak_incidence_per_100k,0.01,641.4834340728723
2026/2027,Katsina,state,peak_incidence_per_100k,0.025,720.3818332361183
2026/2027,Katsina,state,peak_incidence_per_100k,0.05,820.3264093021121
2026/2027,Katsina,state,peak_incidence_per_100k,0.1,918.1939640052142
2026/2027,Katsina,state,peak_incidence_per_100k,0.15,987.8193390461922
2026/2027,Katsina,state,peak_incidence_per_100k,0.2,1057.2734406296584
2026/2027,Katsina,state,peak_incidence_per_100k,0.25,1105.5177785274966
2026/2027,Katsina,state,peak_incidence_per_100k,0.3,1147.8366768962615
2026/2027,Katsina,state,peak_incidence_per_100k,0.35,1187.9995421797157
2026/2027,Katsina,state,peak_incidence_per_100k,0.4,1232.0666266277706
2026/2027,Katsina,state,peak_incidence_per_100k,0.45,1283.0687240316192
2026/2027,Katsina,state,peak_incidence_per_100k,0.5,1342.3289295119885
2026/2027,Katsina,state,peak_incidence_per_100k,0.55,1395.2743152505425
2026/2027,Katsina,state,peak_incidence_per_100k,0.6,1439.942937176961
2026/2027,Katsina,state,peak_incidence_per_100k,0.65,1486.7080619143746
2026/2027,Katsina,state,peak_incidence_per_100k,0.7,1542.4692228784966
2026/2027,Katsina,state,peak_incidence_per_100k,0.75,1625.1188648061557
2026/2027,Katsina,state,peak_incidence_per_100k,0.8,1700.022011842244
2026/2027,Katsina,state,peak_incidence_per_100k,0.85,1781.0644035040173
2026/2027,Katsina,state,peak_incidence_per_100k,0.9,1900.5216796767338
2026/2027,Katsina,state,peak_incidence_per_100k,0.95,2175.361222704898
2026/2027,Katsina,state,peak_incidence_per_100k,0.975,2315.8152451052124
2026/2027,Katsina,state,peak_incidence_per_100k,0.99,2465.0442256484944
2026/2027,Katsina,state,cumulative_cases,0.01,371777.06225020875
2026/2027,Katsina,state,cumulative_cases,0.025,455578.9822788737
2026/2027,Katsina,state,cumulative_cases,0.05,490325.66215545224
2026/2027,Katsina,state,cumulative_cases,0.1,538461.6730262717
2026/2027,Katsina,state,cumulative_cases,0.15,568714.3820095944
2026/2027,Katsina,state,cumulative_cases,0.2,588517.3912969838
2026/2027,Katsina,state,cumulative_cases,0.25,609058.3558890817
2026/2027,Katsina,state,cumulative_cases,0.3,628847.9769528857
2026/2027,Katsina,state,cumulative_cases,0.35,647532.9204414025
2026/2027,Katsina,state,cumulative_cases,0.4,667671.0379659364
2026/2027,Katsina,state,cumulative_cases,0.45,686151.147701303
2026/2027,Katsina,state,cumulative_cases,0.5,702588.3645380801
2026/2027,Katsina,state,cumulative_cases,0.55,723894.5025640181
2026/2027,Katsina,state,cumulative_cases,0.6,745437.57106759
2026/2027,Katsina,state,cumulative_cases,0.65,765925.6883184322
2026/2027,Katsina,state,cumulative_cases,0.7,792744.991851019
2026/2027,Katsina,state,cumulative_cases,0.75,816300.5320821605
2026/2027,Katsina,state,cumulative_cases,0.8,850697.4053967356
2026/2027,Katsina,state,cumulative_cases,0.85,888848.4903572466
2026/2027,Katsina,state,cumulative_cases,0.9,946410.2526155484
2026/2027,Katsina,state,cumulative_cases,0.95,1034529.1576532989
2026/2027,Katsina,state,cumulative_cases,0.975,1089697.4724306548
2026/2027,Katsina,state,cumulative_cases,0.99,1207124.3582715087
2026/2027,Katsina,state,cumulative_hospitalizations,0.01,4566.364750361759
2026/2027,Katsina,state,cumulative_hospitalizations,0.025,5563.845004924247
2026/2027,Katsina,state,cumulative_hospitalizations,0.05,6028.63309650044
2026/2027,Katsina,state,cumulative_hospitalizations,0.1,6645.343390350888
2026/2027,Katsina,state,cumulative_hospitalizations,0.15,7065.9376127346695
2026/2027,Katsina,state,cumulative_hospitalizations,0.2,7471.930643785183
2026/2027,Katsina,state,cumulative_hospitalizations,0.25,7733.1434177853125
2026/2027,Katsina,state,cumulative_hospitalizations,0.3,8005.98460192931
2026/2027,Katsina,state,cumulative_hospitalizations,0.35,8260.997539660713
2026/2027,Katsina,state,cumulative_hospitalizations,0.4,8575.5552067245
2026/2027,Katsina,state,cumulative_hospitalizations,0.45,8826.281216521353
2026/2027,Katsina,state,cumulative_hospitalizations,0.5,9041.260934059515
2026/2027,Katsina,state,cumulative_hospitalizations,0.55,9287.239439019862
2026/2027,Katsina,state,cumulative_hospitalizations,0.6,9586.132460459532
2026/2027,Katsina,state,cumulative_hospitalizations,0.65,9823.116943820125
2026/2027,Katsina,state,cumulative_hospitalizations,0.7,10109.017747691552
2026/2027,Katsina,state,cumulative_hospitalizations,0.75,10421.841314168581
2026/2027,Katsina,state,cumulative_hospitalizations,0.8,10753.10248175929
2026/2027,Katsina,state,cumulative_hospitalizations,0.85,11225.41088418787
2026/2027,Katsina,state,cumulative_hospitalizations,0.9,11832.625415880964
2026/2027,Katsina,state,cumulative_hospitalizations,0.95,12778.716215164199
2026/2027,Katsina,state,cumulative_hospitalizations,0.975,13655.14739021758
2026/2027,Katsina,state,cumulative_hospitalizations,0.99,14197.534322238414
2026/2027,Katsina,state,cumulative_deaths,0.01,666.0164081470061
2026/2027,Katsina,state,cumulative_deaths,0.025,799.2472533318577
2026/2027,Katsina,state,cumulative_deaths,0.05,861.6343641437044
2026/2027,Katsina,state,cumulative_deaths,0.1,935.3073562901279
2026/2027,Katsina,state,cumulative_deaths,0.15,983.6363966663993
2026/2027,Katsina,state,cumulative_deaths,0.2,1028.7730655964992
2026/2027,Katsina,state,cumulative_deaths,0.25,1061.4976619344063
2026/2027,Katsina,state,cumulative_deaths,0.3,1096.5629460126574
2026/2027,Katsina,state,cumulative_deaths,0.35,1126.9520108654067
2026/2027,Katsina,state,cumulative_deaths,0.4,1157.551615591875
2026/2027,Katsina,state,cumulative_deaths,0.45,1189.9329318960106
2026/2027,Katsina,state,cumulative_deaths,0.5,1219.5311514816285
2026/2027,Katsina,state,cumulative_deaths,0.55,1252.6170786621276
2026/2027,Katsina,state,cumulative_deaths,0.6,1290.1288266938873
2026/2027,Katsina,state,cumulative_deaths,0.65,1328.5792360818605
2026/2027,Katsina,state,cumulative_deaths,0.7,1386.917462175362
2026/2027,Katsina,state,cumulative_deaths,0.75,1428.5175269055308
2026/2027,Katsina,state,cumulative_deaths,0.8,1483.874855493547
2026/2027,Katsina,state,cumulative_deaths,0.85,1549.955745236833
2026/2027,Katsina,state,cumulative_deaths,0.9,1640.5692531267832
2026/2027,Katsina,state,cumulative_deaths,0.95,1778.250409423419
2026/2027,Katsina,state,cumulative_deaths,0.975,1896.5591912981808
2026/2027,Katsina,state,cumulative_deaths,0.99,2067.7613644010507
2026/2027,Katsina,state,attack_rate_pct,0.01,3.9974386240286557
2026/2027,Katsina,state,attack_rate_pct,0.025,4.898497527078712
2026/2027,Katsina,state,attack_rate_pct,0.05,5.272102394884986
2026/2027,Katsina,state,attack_rate_pct,0.1,5.789672650287609
2026/2027,Katsina,state,attack_rate_pct,0.15,6.114957235193075
2026/2027,Katsina,state,attack_rate_pct,0.2,6.327884072901347
2026/2027,Katsina,state,attack_rate_pct,0.25,6.5487455879670495
2026/2027,Katsina,state,attack_rate_pct,0.3,6.761528472194859
2026/2027,Katsina,state,attack_rate_pct,0.35,6.962433590807372
2026/2027,Katsina,state,attack_rate_pct,0.4,7.178963594892514
2026/2027,Katsina,state,attack_rate_pct,0.45,7.377666290495411
2026/2027,Katsina,state,attack_rate_pct,0.5,7.554403298037435
2026/2027,Katsina,state,attack_rate_pct,0.55,7.783492146494822
2026/2027,Katsina,state,attack_rate_pct,0.6,8.015128529855978
2026/2027,Katsina,state,attack_rate_pct,0.65,8.235421817280539
2026/2027,Katsina,state,attack_rate_pct,0.7,8.52378958037443
2026/2027,Katsina,state,attack_rate_pct,0.75,8.777064555866204
2026/2027,Katsina,state,attack_rate_pct,0.8,9.146908217283286
2026/2027,Katsina,state,attack_rate_pct,0.85,9.557118087808076
2026/2027,Katsina,state,attack_rate_pct,0.9,10.17603634577105
2026/2027,Katsina,state,attack_rate_pct,0.95,11.123512535864645
2026/2027,Katsina,state,attack_rate_pct,0.975,11.716695856478312
2026/2027,Katsina,state,attack_rate_pct,0.99,12.979298681188672
2026/2027,Katsina,state,deaths_per_100k,0.01,7.1611726071789965
2026/2027,Katsina,state,deaths_per_100k,0.025,8.593703498757982
2026/2027,Katsina,state,deaths_per_100k,0.05,9.26450509391662
2026/2027,Katsina,state,deaths_per_100k,0.1,10.056655267387168
2026/2027,Katsina,state,deaths_per_100k,0.15,10.57630102361816
2026/2027,Katsina,state,deaths_per_100k,0.2,11.061621615074513
2026/2027,Katsina,state,deaths_per_100k,0.25,11.41348454218769
2026/2027,Katsina,state,deaths_per_100k,0.3,11.790515120912856
2026/2027,Katsina,state,deaths_per_100k,0.35,12.117265837740932
2026/2027,Katsina,state,deaths_per_100k,0.4,12.446280331193654
2026/2027,Katsina,state,deaths_per_100k,0.45,12.794452226758112
2026/2027,Katsina,state,deaths_per_100k,0.5,13.11269958031432
2026/2027,Katsina,state,deaths_per_100k,0.55,13.468447625722552
2026/2027,Katsina,state,deaths_per_100k,0.6,13.871783187979668
2026/2027,Katsina,state,deaths_per_100k,0.65,14.28521146853818
2026/2027,Katsina,state,deaths_per_100k,0.7,14.91247845707157
2026/2027,Katsina,state,deaths_per_100k,0.75,15.359772608324375
2026/2027,Katsina,state,deaths_per_100k,0.8,15.954988252026068
2026/2027,Katsina,state,deaths_per_100k,0.85,16.665506268848237
2026/2027,Katsina,state,deaths_per_100k,0.9,17.63980504377974
2026/2027,Katsina,state,deaths_per_100k,0.95,19.120186777526115
2026/2027,Katsina,state,deaths_per_100k,0.975,20.39227196579862
2026/2027,Katsina,state,deaths_per_100k,0.99,22.233079935867696
2026/2027,Kebbi,state,peak_week,0.01,15.0
2026/2027,Kebbi,state,peak_week,0.025,15.0
2026/2027,Kebbi,state,peak_week,0.05,16.0
2026/2027,Kebbi,state,peak_week,0.1,16.0
2026/2027,Kebbi,state,peak_week,0.15,16.0
2026/2027,Kebbi,state,peak_week,0.2,16.0
2026/2027,Kebbi,state,peak_week,0.25,17.0
2026/2027,Kebbi,state,peak_week,0.3,17.0
2026/2027,Kebbi,state,peak_week,0.35,17.0
2026/2027,Kebbi,state,peak_week,0.4,17.0
2026/2027,Kebbi,state,peak_week,0.45,17.0
2026/2027,Kebbi,state,peak_week,0.5,17.0
2026/2027,Kebbi,state,peak_week,0.55,18.0
2026/2027,Kebbi,state,peak_week,0.6,18.0
2026/2027,Kebbi,state,peak_week,0.65,18.0
2026/2027,Kebbi,state,peak_week,0.7,18.0
2026/2027,Kebbi,state,peak_week,0.75,18.0
2026/2027,Kebbi,state,peak_week,0.8,19.0
2026/2027,Kebbi,state,peak_week,0.85,19.0
2026/2027,Kebbi,state,peak_week,0.9,19.0
2026/2027,Kebbi,state,peak_week,0.95,26.0
2026/2027,Kebbi,state,peak_week,0.975,27.0
2026/2027,Kebbi,state,peak_week,0.99,27.0
2026/2027,Kebbi,state,peak_incidence_per_100k,0.01,528.0633317919867
2026/2027,Kebbi,state,peak_incidence_per_100k,0.025,622.7506088744485
2026/2027,Kebbi,state,peak_incidence_per_100k,0.05,695.022815676293
2026/2027,Kebbi,state,peak_incidence_per_100k,0.1,781.7936863446893
2026/2027,Kebbi,state,peak_incidence_per_100k,0.15,848.3346874428222
2026/2027,Kebbi,state,peak_incidence_per_100k,0.2,916.543341455291
2026/2027,Kebbi,state,peak_incidence_per_100k,0.25,951.2298512409359
2026/2027,Kebbi,state,peak_incidence_per_100k,0.3,993.1326754207314
2026/2027,Kebbi,state,peak_incidence_per_100k,0.35,1049.648108349857
2026/2027,Kebbi,state,peak_incidence_per_100k,0.4,1092.75602240123
2026/2027,Kebbi,state,peak_incidence_per_100k,0.45,1133.181818280338
2026/2027,Kebbi,state,peak_incidence_per_100k,0.5,1174.052755275401
2026/2027,Kebbi,state,peak_incidence_per_100k,0.55,1226.8223280125487
2026/2027,Kebbi,state,peak_incidence_per_100k,0.6,1293.8523791126738
2026/2027,Kebbi,state,peak_incidence_per_100k,0.65,1349.5251702373037
2026/2027,Kebbi,state,peak_incidence_per_100k,0.7,1419.2867310767822
2026/2027,Kebbi,state,peak_incidence_per_100k,0.75,1483.0284135636684
2026/2027,Kebbi,state,peak_incidence_per_100k,0.8,1573.045099600105
2026/2027,Kebbi,state,peak_incidence_per_100k,0.85,1663.4163249518836
2026/2027,Kebbi,state,peak_incidence_per_100k,0.9,1835.8871098657721
2026/2027,Kebbi,state,peak_incidence_per_100k,0.95,2038.0172837304674
2026/2027,Kebbi,state,peak_incidence_per_100k,0.975,2234.409365342842
2026/2027,Kebbi,state,peak_incidence_per_100k,0.99,2447.527744067251
2026/2027,Kebbi,state,cumulative_cases,0.01,229209.95723347354
2026/2027,Kebbi,state,cumulative_cases,0.025,271035.0774481434
2026/2027,Kebbi,state,cumulative_cases,0.05,303839.13206217304
2026/2027,Kebbi,state,cumulative_cases,0.1,327800.21963444963
2026/2027,Kebbi,state,cumulative_cases,0.15,344450.73325909104
2026/2027,Kebbi,state,cumulative_cases,0.2,360013.9313865943
2026/2027,Kebbi,state,cumulative_cases,0.25,373578.75708688574
2026/2027,Kebbi,state,cumulative_cases,0.3,387464.53207623743
2026/2027,Kebbi,state,cumulative_cases,0.35,398349.30534974876
2026/2027,Kebbi,state,cumulative_cases,0.4,411712.8226658425
2026/2027,Kebbi,state,cumulative_cases,0.45,423884.33110738243
2026/2027,Kebbi,state,cumulative_cases,0.5,437742.67818949453
2026/2027,Kebbi,state,cumulative_cases,0.55,448255.29675779387
2026/2027,Kebbi,state,cumulative_cases,0.6,462145.85709985567
2026/2027,Kebbi,state,cumulative_cases,0.65,477627.4960705096
2026/2027,Kebbi,state,cumulative_cases,0.7,493159.9310887191
2026/2027,Kebbi,state,cumulative_cases,0.75,511836.4843908531
2026/2027,Kebbi,state,cumulative_cases,0.8,532364.4684963654
2026/2027,Kebbi,state,cumulative_cases,0.85,563200.7403188496
2026/2027,Kebbi,state,cumulative_cases,0.9,598411.5960684516
2026/2027,Kebbi,state,cumulative_cases,0.95,655827.7854570915
2026/2027,Kebbi,state,cumulative_cases,0.975,712939.3163595372
2026/2027,Kebbi,state,cumulative_cases,0.99,769082.7716403563
2026/2027,Kebbi,state,cumulative_hospitalizations,0.01,2876.3127148955996
2026/2027,Kebbi,state,cumulative_hospitalizations,0.025,3301.4932157331723
2026/2027,Kebbi,state,cumulative_hospitalizations,0.05,3690.1175679315074
2026/2027,Kebbi,state,cumulative_hospitalizations,0.1,4080.161624973855
2026/2027,Kebbi,state,cumulative_hospitalizations,0.15,4380.281330959298
2026/2027,Kebbi,state,cumulative_hospitalizations,0.2,4596.1757231746205
2026/2027,Kebbi,state,cumulative_hospitalizations,0.25,4859.7934587913915
2026/2027,Kebbi,state,cumulative_hospitalizations,0.3,5085.392444776916
2026/2027,Kebbi,state,cumulative_hospitalizations,0.35,5245.245704835669
2026/2027,Kebbi,state,cumulative_hospitalizations,0.4,5450.451844496529
2026/2027,Kebbi,state,cumulative_hospitalizations,0.45,5647.559110218188
2026/2027,Kebbi,state,cumulative_hospitalizations,0.5,5831.4828237471
2026/2027,Kebbi,state,cumulative_hospitalizations,0.55,6062.052378186473
2026/2027,Kebbi,state,cumulative_hospitalizations,0.6,6278.18385542486
2026/2027,Kebbi,state,cumulative_hospitalizations,0.65,6512.2567114317035
2026/2027,Kebbi,state,cumulative_hospitalizations,0.7,6717.009545393076
2026/2027,Kebbi,state,cumulative_hospitalizations,0.75,6977.332457781303
2026/2027,Kebbi,state,cumulative_hospitalizations,0.8,7317.980114887992
2026/2027,Kebbi,state,cumulative_hospitalizations,0.85,7686.461990680734
2026/2027,Kebbi,state,cumulative_hospitalizations,0.9,8151.872220271236
2026/2027,Kebbi,state,cumulative_hospitalizations,0.95,8818.241302268723
2026/2027,Kebbi,state,cumulative_hospitalizations,0.975,9430.274158278711
2026/2027,Kebbi,state,cumulative_hospitalizations,0.99,10079.731169576418
2026/2027,Kebbi,state,cumulative_deaths,0.01,439.21004051487296
2026/2027,Kebbi,state,cumulative_deaths,0.025,492.8468998847045
2026/2027,Kebbi,state,cumulative_deaths,0.05,534.8446700375342
2026/2027,Kebbi,state,cumulative_deaths,0.1,593.9340174862799
2026/2027,Kebbi,state,cumulative_deaths,0.15,636.7569925490833
2026/2027,Kebbi,state,cumulative_deaths,0.2,687.9320564084061
2026/2027,Kebbi,state,cumulative_deaths,0.25,722.974157853703
2026/2027,Kebbi,state,cumulative_deaths,0.3,764.1496200330889
2026/2027,Kebbi,state,cumulative_deaths,0.35,801.4245342416963
2026/2027,Kebbi,state,cumulative_deaths,0.4,830.1628865909195
2026/2027,Kebbi,state,cumulative_deaths,0.45,869.1358202969583
2026/2027,Kebbi,state,cumulative_deaths,0.5,908.1137097261392
2026/2027,Kebbi,state,cumulative_deaths,0.55,941.19494629508
2026/2027,Kebbi,state,cumulative_deaths,0.6,971.6499583895427
2026/2027,Kebbi,state,cumulative_deaths,0.65,1006.7820941819539
2026/2027,Kebbi,state,cumulative_deaths,0.7,1050.2675936150833
2026/2027,Kebbi,state,cumulative_deaths,0.75,1090.9816080817625
2026/2027,Kebbi,state,cumulative_deaths,0.8,1136.249460297791
2026/2027,Kebbi,state,cumulative_deaths,0.85,1212.4679694028284
2026/2027,Kebbi,state,cumulative_deaths,0.9,1296.9043120296963
2026/2027,Kebbi,state,cumulative_deaths,0.95,1403.4593071941765
2026/2027,Kebbi,state,cumulative_deaths,0.975,1494.8194753566015
2026/2027,Kebbi,state,cumulative_deaths,0.99,1594.9101514465349
2026/2027,Kebbi,state,attack_rate_pct,0.01,3.819141151015703
2026/2027,Kebbi,state,attack_rate_pct,0.025,4.516039486873413
2026/2027,Kebbi,state,attack_rate_pct,0.05,5.062627062774373
2026/2027,Kebbi,state,attack_rate_pct,0.1,5.461871391750708
2026/2027,Kebbi,state,attack_rate_pct,0.15,5.73930550734038
2026/2027,Kebbi,state,attack_rate_pct,0.2,5.998622559389802
2026/2027,Kebbi,state,attack_rate_pct,0.25,6.224642339087108
2026/2027,Kebbi,state,attack_rate_pct,0.3,6.4560098386305915
2026/2027,Kebbi,state,attack_rate_pct,0.35,6.637374060456256
2026/2027,Kebbi,state,attack_rate_pct,0.4,6.860039600471247
2026/2027,Kebbi,state,attack_rate_pct,0.45,7.062843655408839
2026/2027,Kebbi,state,attack_rate_pct,0.5,7.293754145795787
2026/2027,Kebbi,state,attack_rate_pct,0.55,7.4689174531133125
2026/2027,Kebbi,state,attack_rate_pct,0.6,7.700364687139878
2026/2027,Kebbi,state,attack_rate_pct,0.65,7.958322784561303
2026/2027,Kebbi,state,attack_rate_pct,0.7,8.217127255665048
2026/2027,Kebbi,state,attack_rate_pct,0.75,8.528319640743952
2026/2027,Kebbi,state,attack_rate_pct,0.8,8.870360928090385
2026/2027,Kebbi,state,attack_rate_pct,0.85,9.384160922133386
2026/2027,Kebbi,state,attack_rate_pct,0.9,9.970851089431862
2026/2027,Kebbi,state,attack_rate_pct,0.95,10.927530870168031
2026/2027,Kebbi,state,attack_rate_pct,0.975,11.879134371602573
2026/2027,Kebbi,state,attack_rate_pct,0.99,12.814607607631222
2026/2027,Kebbi,state,deaths_per_100k,0.01,7.318203623942124
2026/2027,Kebbi,state,deaths_per_100k,0.025,8.211911468501027
2026/2027,Kebbi,state,deaths_per_100k,0.05,8.91168653140631
2026/2027,Kebbi,state,deaths_per_100k,0.1,9.89624479908358
2026/2027,Kebbi,state,deaths_per_100k,0.15,10.60976958764537
2026/2027,Kebbi,state,deaths_per_100k,0.2,11.46245851377224
2026/2027,Kebbi,state,deaths_per_100k,0.25,12.046336863836588
2026/2027,Kebbi,state,deaths_per_100k,0.3,12.732410470408587
2026/2027,Kebbi,state,deaths_per_100k,0.35,13.353492383572013
2026/2027,Kebbi,state,deaths_per_100k,0.4,13.83233643290583
2026/2027,Kebbi,state,deaths_per_100k,0.45,14.481711079143068
2026/2027,Kebbi,state,deaths_per_100k,0.5,15.131168298608857
2026/2027,Kebbi,state,deaths_per_100k,0.55,15.682374334471582
2026/2027,Kebbi,state,deaths_per_100k,0.6,16.18982170433505
2026/2027,Kebbi,state,deaths_per_100k,0.65,16.77520022430571
2026/2027,Kebbi,state,deaths_per_100k,0.7,17.499764123544907
2026/2027,Kebbi,state,deaths_per_100k,0.75,18.178148998048233
2026/2027,Kebbi,state,deaths_per_100k,0.8,18.932410808063022
2026/2027,Kebbi,state,deaths_per_100k,0.85,20.202378518478014
2026/2027,Kebbi,state,deaths_per_100k,0.9,21.609273378804957
2026/2027,Kebbi,state,deaths_per_100k,0.95,23.38471355509899
2026/2027,Kebbi,state,deaths_per_100k,0.975,24.90697455110548
2026/2027,Kebbi,state,deaths_per_100k,0.99,26.57470497827308
2026/2027,Kogi,state,peak_week,0.01,14.0
2026/2027,Kogi,state,peak_week,0.025,14.0
2026/2027,Kogi,state,peak_week,0.05,15.0
2026/2027,Kogi,state,peak_week,0.1,15.0
2026/2027,Kogi,state,peak_week,0.15,15.0
2026/2027,Kogi,state,peak_week,0.2,15.0
2026/2027,Kogi,state,peak_week,0.25,15.0
2026/2027,Kogi,state,peak_week,0.3,16.0
2026/2027,Kogi,state,peak_week,0.35,16.0
2026/2027,Kogi,state,peak_week,0.4,16.0
2026/2027,Kogi,state,peak_week,0.45,16.0
2026/2027,Kogi,state,peak_week,0.5,16.0
2026/2027,Kogi,state,peak_week,0.55,16.0
2026/2027,Kogi,state,peak_week,0.6,16.0
2026/2027,Kogi,state,peak_week,0.65,16.0
2026/2027,Kogi,state,peak_week,0.7,16.0
2026/2027,Kogi,state,peak_week,0.75,17.0
2026/2027,Kogi,state,peak_week,0.8,17.0
2026/2027,Kogi,state,peak_week,0.85,17.0
2026/2027,Kogi,state,peak_week,0.9,17.0
2026/2027,Kogi,state,peak_week,0.95,17.0
2026/2027,Kogi,state,peak_week,0.975,22.0
2026/2027,Kogi,state,peak_week,0.99,25.00999999999999
2026/2027,Kogi,state,peak_incidence_per_100k,0.01,476.1339186733631
2026/2027,Kogi,state,peak_incidence_per_100k,0.025,718.4743535552434
2026/2027,Kogi,state,peak_incidence_per_100k,0.05,868.0506533589598
2026/2027,Kogi,state,peak_incidence_per_100k,0.1,1009.8794322639503
2026/2027,Kogi,state,peak_incidence_per_100k,0.15,1103.9403114410181
2026/2027,Kogi,state,peak_incidence_per_100k,0.2,1168.9244490449853
2026/2027,Kogi,state,peak_incidence_per_100k,0.25,1230.4107327332943
2026/2027,Kogi,state,peak_incidence_per_100k,0.3,1304.270064907407
2026/2027,Kogi,state,peak_incidence_per_100k,0.35,1364.4632758366727
2026/2027,Kogi,state,peak_incidence_per_100k,0.4,1427.9105922788635
2026/2027,Kogi,state,peak_incidence_per_100k,0.45,1495.2731069152494
2026/2027,Kogi,state,peak_incidence_per_100k,0.5,1553.098789323264
2026/2027,Kogi,state,peak_incidence_per_100k,0.55,1636.4999658582828
2026/2027,Kogi,state,peak_incidence_per_100k,0.6,1705.2998889169378
2026/2027,Kogi,state,peak_incidence_per_100k,0.65,1804.104718177322
2026/2027,Kogi,state,peak_incidence_per_100k,0.7,1883.769490175751
2026/2027,Kogi,state,peak_incidence_per_100k,0.75,1974.297224627302
2026/2027,Kogi,state,peak_incidence_per_100k,0.8,2086.5341916016673
2026/2027,Kogi,state,peak_incidence_per_100k,0.85,2253.9075642012253
2026/2027,Kogi,state,peak_incidence_per_100k,0.9,2391.0039811012807
2026/2027,Kogi,state,peak_incidence_per_100k,0.95,2746.7402209001575
2026/2027,Kogi,state,peak_incidence_per_100k,0.975,2994.183923792697
2026/2027,Kogi,state,peak_incidence_per_100k,0.99,3294.2932144268243
2026/2027,Kogi,state,cumulative_cases,0.01,173049.88595067247
2026/2027,Kogi,state,cumulative_cases,0.025,225383.7637983645
2026/2027,Kogi,state,cumulative_cases,0.05,261601.40568576983
2026/2027,Kogi,state,cumulative_cases,0.1,293256.9631760785
2026/2027,Kogi,state,cumulative_cases,0.15,310559.8240413425
2026/2027,Kogi,state,cumulative_cases,0.2,322788.84613807726
2026/2027,Kogi,state,cumulative_cases,0.25,333780.48215598054
2026/2027,Kogi,state,cumulative_cases,0.3,346807.66526470194
2026/2027,Kogi,state,cumulative_cases,0.35,357616.58441052074
2026/2027,Kogi,state,cumulative_cases,0.4,368277.4479458305
2026/2027,Kogi,state,cumulative_cases,0.45,381565.5835203555
2026/2027,Kogi,state,cumulative_cases,0.5,393483.4190792291
2026/2027,Kogi,state,cumulative_cases,0.55,402772.65750002983
2026/2027,Kogi,state,cumulative_cases,0.6,414837.2830913098
2026/2027,Kogi,state,cumulative_cases,0.65,429154.4688202587
2026/2027,Kogi,state,cumulative_cases,0.7,443991.22225691593
2026/2027,Kogi,state,cumulative_cases,0.75,463258.7436960143
2026/2027,Kogi,state,cumulative_cases,0.8,485197.67423746694
2026/2027,Kogi,state,cumulative_cases,0.85,509242.2707332272
2026/2027,Kogi,state,cumulative_cases,0.9,541218.6329010639
2026/2027,Kogi,state,cumulative_cases,0.95,599410.7027792569
2026/2027,Kogi,state,cumulative_cases,0.975,637659.0568686519
2026/2027,Kogi,state,cumulative_cases,0.99,705143.3870031032
2026/2027,Kogi,state,cumulative_hospitalizations,0.01,2788.0338164497534
2026/2027,Kogi,state,cumulative_hospitalizations,0.025,3224.2390311832846
2026/2027,Kogi,state,cumulative_hospitalizations,0.05,3706.010894709224
2026/2027,Kogi,state,cumulative_hospitalizations,0.1,4138.832557132413
2026/2027,Kogi,state,cumulative_hospitalizations,0.15,4432.349093834471
2026/2027,Kogi,state,cumulative_hospitalizations,0.2,4722.816894381766
2026/2027,Kogi,state,cumulative_hospitalizations,0.25,4955.724558592427
2026/2027,Kogi,state,cumulative_hospitalizations,0.3,5133.893089424882
2026/2027,Kogi,state,cumulative_hospitalizations,0.35,5312.5896558861605
2026/2027,Kogi,state,cumulative_hospitalizations,0.4,5500.854551459458
2026/2027,Kogi,state,cumulative_hospitalizations,0.45,5664.473125709609
2026/2027,Kogi,state,cumulative_hospitalizations,0.5,5854.105799235478
2026/2027,Kogi,state,cumulative_hospitalizations,0.55,6014.0500422736695
2026/2027,Kogi,state,cumulative_hospitalizations,0.6,6216.859760889517
2026/2027,Kogi,state,cumulative_hospitalizations,0.65,6443.117676839307
2026/2027,Kogi,state,cumulative_hospitalizations,0.7,6676.675565492487
2026/2027,Kogi,state,cumulative_hospitalizations,0.75,6959.971781655226
2026/2027,Kogi,state,cumulative_hospitalizations,0.8,7233.249619077695
2026/2027,Kogi,state,cumulative_hospitalizations,0.85,7470.42642696425
2026/2027,Kogi,state,cumulative_hospitalizations,0.9,8006.464435838992
2026/2027,Kogi,state,cumulative_hospitalizations,0.95,8667.759502080902
2026/2027,Kogi,state,cumulative_hospitalizations,0.975,9353.911492148969
2026/2027,Kogi,state,cumulative_hospitalizations,0.99,10256.70330609475
2026/2027,Kogi,state,cumulative_deaths,0.01,244.56547391502318
2026/2027,Kogi,state,cumulative_deaths,0.025,297.8282698164147
2026/2027,Kogi,state,cumulative_deaths,0.05,372.96751775465015
2026/2027,Kogi,state,cumulative_deaths,0.1,415.3833417698375
2026/2027,Kogi,state,cumulative_deaths,0.15,443.38690614071555
2026/2027,Kogi,state,cumulative_deaths,0.2,463.9093344629068
2026/2027,Kogi,state,cumulative_deaths,0.25,478.6871520168742
2026/2027,Kogi,state,cumulative_deaths,0.3,492.3241773403663
2026/2027,Kogi,state,cumulative_deaths,0.35,511.3491075470381
2026/2027,Kogi,state,cumulative_deaths,0.4,527.3923789414289
2026/2027,Kogi,state,cumulative_deaths,0.45,545.9101015824325
2026/2027,Kogi,state,cumulative_deaths,0.5,563.6968229016016
2026/2027,Kogi,state,cumulative_deaths,0.55,577.9029280012722
2026/2027,Kogi,state,cumulative_deaths,0.6,592.1485401712781
2026/2027,Kogi,state,cumulative_deaths,0.65,614.496781370561
2026/2027,Kogi,state,cumulative_deaths,0.7,634.1808282598718
2026/2027,Kogi,state,cumulative_deaths,0.75,652.2150454399613
2026/2027,Kogi,state,cumulative_deaths,0.8,674.4946414990095
2026/2027,Kogi,state,cumulative_deaths,0.85,702.8491449545396
2026/2027,Kogi,state,cumulative_deaths,0.9,732.6734616018639
2026/2027,Kogi,state,cumulative_deaths,0.95,789.0209749921694
2026/2027,Kogi,state,cumulative_deaths,0.975,844.8601838619968
2026/2027,Kogi,state,cumulative_deaths,0.99,921.7905573004605
2026/2027,Kogi,state,attack_rate_pct,0.01,3.4241985421209833
2026/2027,Kogi,state,attack_rate_pct,0.025,4.459747264069784
2026/2027,Kogi,state,attack_rate_pct,0.05,5.17639839543929
2026/2027,Kogi,state,attack_rate_pct,0.1,5.802777969241723
2026/2027,Kogi,state,attack_rate_pct,0.15,6.1451557213209576
2026/2027,Kogi,state,attack_rate_pct,0.2,6.38713565332242
2026/2027,Kogi,state,attack_rate_pct,0.25,6.604630994745283
2026/2027,Kogi,state,attack_rate_pct,0.3,6.8624044175000485
2026/2027,Kogi,state,attack_rate_pct,0.35,7.076284276349344
2026/2027,Kogi,state,attack_rate_pct,0.4,7.287234507115541
2026/2027,Kogi,state,attack_rate_pct,0.45,7.550171487465614
2026/2027,Kogi,state,attack_rate_pct,0.5,7.785993862740483
2026/2027,Kogi,state,attack_rate_pct,0.55,7.969803268237502
2026/2027,Kogi,state,attack_rate_pct,0.6,8.208530229159464
2026/2027,Kogi,state,attack_rate_pct,0.65,8.491829384377148
2026/2027,Kogi,state,attack_rate_pct,0.7,8.785409407319735
2026/2027,Kogi,state,attack_rate_pct,0.75,9.166662584457637
2026/2027,Kogi,state,attack_rate_pct,0.8,9.60077586666546
2026/2027,Kogi,state,attack_rate_pct,0.85,10.07655469665058
2026/2027,Kogi,state,attack_rate_pct,0.9,10.709282144668949
2026/2027,Kogi,state,attack_rate_pct,0.95,11.860748958676037
2026/2027,Kogi,state,attack_rate_pct,0.975,12.617582501743302
2026/2027,Kogi,state,attack_rate_pct,0.99,13.95291851536118
2026/2027,Kogi,state,deaths_per_100k,0.01,4.839302462595443
2026/2027,Kogi,state,deaths_per_100k,0.025,5.893232010557238
2026/2027,Kogi,state,deaths_per_100k,0.05,7.380038556731519
2026/2027,Kogi,state,deaths_per_100k,0.1,8.219335282977646
2026/2027,Kogi,state,deaths_per_100k,0.15,8.773451593232164
2026/2027,Kogi,state,deaths_per_100k,0.2,9.179536051222854
2026/2027,Kogi,state,deaths_per_100k,0.25,9.471949889267506
2026/2027,Kogi,state,deaths_per_100k,0.3,9.7417904729526
2026/2027,Kogi,state,deaths_per_100k,0.35,10.118243412633868
2026/2027,Kogi,state,deaths_per_100k,0.4,10.43569722786021
2026/2027,Kogi,state,deaths_per_100k,0.45,10.802113874264702
2026/2027,Kogi,state,deaths_per_100k,0.5,11.154065942164776
2026/2027,Kogi,state,deaths_per_100k,0.55,11.435167106168869
2026/2027,Kogi,state,deaths_per_100k,0.6,11.717050010374074
2026/2027,Kogi,state,deaths_per_100k,0.65,12.159262465546488
2026/2027,Kogi,state,deaths_per_100k,0.7,12.548757577266072
2026/2027,Kogi,state,deaths_per_100k,0.75,12.905606932220044
2026/2027,Kogi,state,deaths_per_100k,0.8,13.346461082023897
2026/2027,Kogi,state,deaths_per_100k,0.85,13.907521546534495
2026/2027,Kogi,state,deaths_per_100k,0.9,14.497665718098022
2026/2027,Kogi,state,deaths_per_100k,0.95,15.612633648549158
2026/2027,Kogi,state,deaths_per_100k,0.975,16.717543579895516
2026/2027,Kogi,state,deaths_per_100k,0.99,18.239791752008724
2026/2027,Kwara,state,peak_week,0.01,14.0
2026/2027,Kwara,state,peak_week,0.025,14.0
2026/2027,Kwara,state,peak_week,0.05,14.0
2026/2027,Kwara,state,peak_week,0.1,15.0
2026/2027,Kwara,state,peak_week,0.15,15.0
2026/2027,Kwara,state,peak_week,0.2,15.0
2026/2027,Kwara,state,peak_week,0.25,15.0
2026/2027,Kwara,state,peak_week,0.3,15.0
2026/2027,Kwara,state,peak_week,0.35,16.0
2026/2027,Kwara,state,peak_week,0.4,16.0
2026/2027,Kwara,state,peak_week,0.45,16.0
2026/2027,Kwara,state,peak_week,0.5,16.0
2026/2027,Kwara,state,peak_week,0.55,16.0
2026/2027,Kwara,state,peak_week,0.6,16.0
2026/2027,Kwara,state,peak_week,0.65,16.0
2026/2027,Kwara,state,peak_week,0.7,17.0
2026/2027,Kwara,state,peak_week,0.75,17.0
2026/2027,Kwara,state,peak_week,0.8,17.0
2026/2027,Kwara,state,peak_week,0.85,17.0
2026/2027,Kwara,state,peak_week,0.9,17.0
2026/2027,Kwara,state,peak_week,0.95,18.0
2026/2027,Kwara,state,peak_week,0.975,22.024999999999864
2026/2027,Kwara,state,peak_week,0.99,25.0
2026/2027,Kwara,state,peak_incidence_per_100k,0.01,449.6243419716287
2026/2027,Kwara,state,peak_incidence_per_100k,0.025,653.8869507733664
2026/2027,Kwara,state,peak_incidence_per_100k,0.05,837.0142032108655
2026/2027,Kwara,state,peak_incidence_per_100k,0.1,985.8895986135683
2026/2027,Kwara,state,peak_incidence_per_100k,0.15,1079.5611945492903
2026/2027,Kwara,state,peak_incidence_per_100k,0.2,1131.0397299902302
2026/2027,Kwara,state,peak_incidence_per_100k,0.25,1195.9290196933719
2026/2027,Kwara,state,peak_incidence_per_100k,0.3,1268.3517323476815
2026/2027,Kwara,state,peak_incidence_per_100k,0.35,1322.117385541957
2026/2027,Kwara,state,peak_incidence_per_100k,0.4,1383.77563687743
2026/2027,Kwara,state,peak_incidence_per_100k,0.45,1449.0990881034127
2026/2027,Kwara,state,peak_incidence_per_100k,0.5,1501.6605469673636
2026/2027,Kwara,state,peak_incidence_per_100k,0.55,1564.092086456185
2026/2027,Kwara,state,peak_incidence_per_100k,0.6,1632.0723502177743
2026/2027,Kwara,state,peak_incidence_per_100k,0.65,1722.538165952378
2026/2027,Kwara,state,peak_incidence_per_100k,0.7,1796.6644517559916
2026/2027,Kwara,state,peak_incidence_per_100k,0.75,1886.2661177274226
2026/2027,Kwara,state,peak_incidence_per_100k,0.8,1985.720827806517
2026/2027,Kwara,state,peak_incidence_per_100k,0.85,2089.489755380874
2026/2027,Kwara,state,peak_incidence_per_100k,0.9,2240.0517224975397
2026/2027,Kwara,state,peak_incidence_per_100k,0.95,2500.0597773637332
2026/2027,Kwara,state,peak_incidence_per_100k,0.975,2759.381250412088
2026/2027,Kwara,state,peak_incidence_per_100k,0.99,3128.6029598651007
2026/2027,Kwara,state,cumulative_cases,0.01,139234.28148953483
2026/2027,Kwara,state,cumulative_cases,0.025,171299.829599682
2026/2027,Kwara,state,cumulative_cases,0.05,211885.60402725462
2026/2027,Kwara,state,cumulative_cases,0.1,242735.07858304828
2026/2027,Kwara,state,cumulative_cases,0.15,259290.77608217578
2026/2027,Kwara,state,cumulative_cases,0.2,269541.64548222657
2026/2027,Kwara,state,cumulative_cases,0.25,281270.9942237152
2026/2027,Kwara,state,cumulative_cases,0.3,290855.8630909793
2026/2027,Kwara,state,cumulative_cases,0.35,300197.69501258543
2026/2027,Kwara,state,cumulative_cases,0.4,310455.27155017905
2026/2027,Kwara,state,cumulative_cases,0.45,321826.20591224876
2026/2027,Kwara,state,cumulative_cases,0.5,332795.77547292324
2026/2027,Kwara,state,cumulative_cases,0.55,342996.2193840528
2026/2027,Kwara,state,cumulative_cases,0.6,352474.11180652963
2026/2027,Kwara,state,cumulative_cases,0.65,364511.0738165743
2026/2027,Kwara,state,cumulative_cases,0.7,376671.4142609225
2026/2027,Kwara,state,cumulative_cases,0.75,388214.9899123982
2026/2027,Kwara,state,cumulative_cases,0.8,399636.20656914526
2026/2027,Kwara,state,cumulative_cases,0.85,418464.6888260908
2026/2027,Kwara,state,cumulative_cases,0.9,448924.5659336032
2026/2027,Kwara,state,cumulative_cases,0.95,487291.0262659228
2026/2027,Kwara,state,cumulative_cases,0.975,518579.96938129846
2026/2027,Kwara,state,cumulative_cases,0.99,555277.9747272063
2026/2027,Kwara,state,cumulative_hospitalizations,0.01,2159.0138031810184
2026/2027,Kwara,state,cumulative_hospitalizations,0.025,2595.60254495514
2026/2027,Kwara,state,cumulative_hospitalizations,0.05,3132.554988428029
2026/2027,Kwara,state,cumulative_hospitalizations,0.1,3613.2488392298965
2026/2027,Kwara,state,cumulative_hospitalizations,0.15,3882.5345318481327
2026/2027,Kwara,state,cumulative_hospitalizations,0.2,4063.7160854351196
2026/2027,Kwara,state,cumulative_hospitalizations,0.25,4212.256690547132
2026/2027,Kwara,state,cumulative_hospitalizations,0.3,4341.266732299148
2026/2027,Kwara,state,cumulative_hospitalizations,0.35,4506.923570439315
2026/2027,Kwara,state,cumulative_hospitalizations,0.4,4621.208932214361
2026/2027,Kwara,state,cumulative_hospitalizations,0.45,4747.6273813990265
2026/2027,Kwara,state,cumulative_hospitalizations,0.5,4889.265491347024
2026/2027,Kwara,state,cumulative_hospitalizations,0.55,5003.718483215257
2026/2027,Kwara,state,cumulative_hospitalizations,0.6,5174.023058347128
2026/2027,Kwara,state,cumulative_hospitalizations,0.65,5295.969202446491
2026/2027,Kwara,state,cumulative_hospitalizations,0.7,5510.876776608256
2026/2027,Kwara,state,cumulative_hospitalizations,0.75,5744.454123615549
2026/2027,Kwara,state,cumulative_hospitalizations,0.8,5930.054966583476
2026/2027,Kwara,state,cumulative_hospitalizations,0.85,6130.690183481043
2026/2027,Kwara,state,cumulative_hospitalizations,0.9,6492.61110459461
2026/2027,Kwara,state,cumulative_hospitalizations,0.95,7047.040623112443
2026/2027,Kwara,state,cumulative_hospitalizations,0.975,7409.379734593504
2026/2027,Kwara,state,cumulative_hospitalizations,0.99,8134.452092281949
2026/2027,Kwara,state,cumulative_deaths,0.01,176.38806392394403
2026/2027,Kwara,state,cumulative_deaths,0.025,226.44619297600892
2026/2027,Kwara,state,cumulative_deaths,0.05,276.96622455427655
2026/2027,Kwara,state,cumulative_deaths,0.1,314.63210374579324
2026/2027,Kwara,state,cumulative_deaths,0.15,336.03070598596975
2026/2027,Kwara,state,cumulative_deaths,0.2,353.1610709077864
2026/2027,Kwara,state,cumulative_deaths,0.25,365.2604054662672
2026/2027,Kwara,state,cumulative_deaths,0.3,379.1639051740552
2026/2027,Kwara,state,cumulative_deaths,0.35,391.6097641630022
2026/2027,Kwara,state,cumulative_deaths,0.4,402.26135208050783
2026/2027,Kwara,state,cumulative_deaths,0.45,415.6679799604398
2026/2027,Kwara,state,cumulative_deaths,0.5,429.6177600247408
2026/2027,Kwara,state,cumulative_deaths,0.55,443.20806480014056
2026/2027,Kwara,state,cumulative_deaths,0.6,457.74323169657634
2026/2027,Kwara,state,cumulative_deaths,0.65,471.51246855853293
2026/2027,Kwara,state,cumulative_deaths,0.7,487.9589533562789
2026/2027,Kwara,state,cumulative_deaths,0.75,502.28500999599026
2026/2027,Kwara,state,cumulative_deaths,0.8,522.2010929632912
2026/2027,Kwara,state,cumulative_deaths,0.85,546.9540243615158
2026/2027,Kwara,state,cumulative_deaths,0.9,572.7953075638403
2026/2027,Kwara,state,cumulative_deaths,0.95,616.3842925359475
2026/2027,Kwara,state,cumulative_deaths,0.975,664.0180502440653
2026/2027,Kwara,state,cumulative_deaths,0.99,713.1257444206504
2026/2027,Kwara,state,attack_rate_pct,0.01,3.2687073095498302
2026/2027,Kwara,state,attack_rate_pct,0.025,4.021488092924922
2026/2027,Kwara,state,attack_rate_pct,0.05,4.9742923600630995
2026/2027,Kwara,state,attack_rate_pct,0.1,5.698524222342459
2026/2027,Kwara,state,attack_rate_pct,0.15,6.087190927489792
2026/2027,Kwara,state,attack_rate_pct,0.2,6.327843526682508
2026/2027,Kwara,state,attack_rate_pct,0.25,6.603205366865844
2026/2027,Kwara,state,attack_rate_pct,0.3,6.82822273035084
2026/2027,Kwara,state,attack_rate_pct,0.35,7.047534482888128
2026/2027,Kwara,state,attack_rate_pct,0.4,7.288344540928461
2026/2027,Kwara,state,attack_rate_pct,0.45,7.555292133633942
2026/2027,Kwara,state,attack_rate_pct,0.5,7.812817161392907
2026/2027,Kwara,state,attack_rate_pct,0.55,8.052285956119789
2026/2027,Kwara,state,attack_rate_pct,0.6,8.27479190730542
2026/2027,Kwara,state,attack_rate_pct,0.65,8.557375372283218
2026/2027,Kwara,state,attack_rate_pct,0.7,8.842855307769097
2026/2027,Kwara,state,attack_rate_pct,0.75,9.113855881095258
2026/2027,Kwara,state,attack_rate_pct,0.8,9.381983916593954
2026/2027,Kwara,state,attack_rate_pct,0.85,9.824007223803918
2026/2027,Kwara,state,attack_rate_pct,0.9,10.539092775179416
2026/2027,Kwara,state,attack_rate_pct,0.95,11.439795734164647
2026/2027,Kwara,state,attack_rate_pct,0.975,12.174344697072211
2026/2027,Kwara,state,attack_rate_pct,0.99,13.03587848772192
2026/2027,Kwara,state,deaths_per_100k,0.01,4.140941064926416
2026/2027,Kwara,state,deaths_per_100k,0.025,5.316121276181872
2026/2027,Kwara,state,deaths_per_100k,0.05,6.502145254845371
2026/2027,Kwara,state,deaths_per_100k,0.1,7.386401153010691
2026/2027,Kwara,state,deaths_per_100k,0.15,7.888761396539305
2026/2027,Kwara,state,deaths_per_100k,0.2,8.290919172886984
2026/2027,Kwara,state,deaths_per_100k,0.25,8.574966915216645
2026/2027,Kwara,state,deaths_per_100k,0.3,8.901369799886872
2026/2027,Kwara,state,deaths_per_100k,0.35,9.193552657553683
2026/2027,Kwara,state,deaths_per_100k,0.4,9.443612649330065
2026/2027,Kwara,state,deaths_per_100k,0.45,9.758350816387306
2026/2027,Kwara,state,deaths_per_100k,0.5,10.085840193105355
2026/2027,Kwara,state,deaths_per_100k,0.55,10.40489041610448
2026/2027,Kwara,state,deaths_per_100k,0.6,10.746122516213946
2026/2027,Kwara,state,deaths_per_100k,0.65,11.069373404544802
2026/2027,Kwara,state,deaths_per_100k,0.7,11.45547619833724
2026/2027,Kwara,state,deaths_per_100k,0.75,11.791799161003366
2026/2027,Kwara,state,deaths_per_100k,0.8,12.259355320854057
2026/2027,Kwara,state,deaths_per_100k,0.85,12.840462839265346
2026/2027,Kwara,state,deaths_per_100k,0.9,13.447120843227784
2026/2027,Kwara,state,deaths_per_100k,0.95,14.470429415440968
2026/2027,Kwara,state,deaths_per_100k,0.975,15.58869433077759
2026/2027,Kwara,state,deaths_per_100k,0.99,16.741561837205644
2026/2027,Lagos,state,peak_week,0.01,12.0
2026/2027,Lagos,state,peak_week,0.025,13.0
2026/2027,Lagos,state,peak_week,0.05,13.0
2026/2027,Lagos,state,peak_week,0.1,13.0
2026/2027,Lagos,state,peak_week,0.15,13.0
2026/2027,Lagos,state,peak_week,0.2,14.0
2026/2027,Lagos,state,peak_week,0.25,14.0
2026/2027,Lagos,state,peak_week,0.3,14.0
2026/2027,Lagos,state,peak_week,0.35,14.0
2026/2027,Lagos,state,peak_week,0.4,14.0
2026/2027,Lagos,state,peak_week,0.45,14.0
2026/2027,Lagos,state,peak_week,0.5,15.0
2026/2027,Lagos,state,peak_week,0.55,15.0
2026/2027,Lagos,state,peak_week,0.6,15.0
2026/2027,Lagos,state,peak_week,0.65,15.0
2026/2027,Lagos,state,peak_week,0.7,15.0
2026/2027,Lagos,state,peak_week,0.75,15.0
2026/2027,Lagos,state,peak_week,0.8,15.0
2026/2027,Lagos,state,peak_week,0.85,16.0
2026/2027,Lagos,state,peak_week,0.9,16.0
2026/2027,Lagos,state,peak_week,0.95,16.0
2026/2027,Lagos,state,peak_week,0.975,16.0
2026/2027,Lagos,state,peak_week,0.99,24.0
2026/2027,Lagos,state,peak_incidence_per_100k,0.01,338.0603308303203
2026/2027,Lagos,state,peak_incidence_per_100k,0.025,517.00213583328
2026/2027,Lagos,state,peak_incidence_per_100k,0.05,865.7700255669439
2026/2027,Lagos,state,peak_incidence_per_100k,0.1,1197.0905043900475
2026/2027,Lagos,state,peak_incidence_per_100k,0.15,1341.1637191435702
2026/2027,Lagos,state,peak_incidence_per_100k,0.2,1466.3680165703142
2026/2027,Lagos,state,peak_incidence_per_100k,0.25,1562.4702191916192
2026/2027,Lagos,state,peak_incidence_per_100k,0.3,1644.2616841721508
2026/2027,Lagos,state,peak_incidence_per_100k,0.35,1738.3276630277128
2026/2027,Lagos,state,peak_incidence_per_100k,0.4,1813.815767001065
2026/2027,Lagos,state,peak_incidence_per_100k,0.45,1883.8122809561155
2026/2027,Lagos,state,peak_incidence_per_100k,0.5,1952.8233336781427
2026/2027,Lagos,state,peak_incidence_per_100k,0.55,2044.1966450085558
2026/2027,Lagos,state,peak_incidence_per_100k,0.6,2137.9153075147206
2026/2027,Lagos,state,peak_incidence_per_100k,0.65,2242.9207473620872
2026/2027,Lagos,state,peak_incidence_per_100k,0.7,2343.2692499195546
2026/2027,Lagos,state,peak_incidence_per_100k,0.75,2443.1687185660703
2026/2027,Lagos,state,peak_incidence_per_100k,0.8,2564.5998421215913
2026/2027,Lagos,state,peak_incidence_per_100k,0.85,2743.3287932699823
2026/2027,Lagos,state,peak_incidence_per_100k,0.9,2970.4813212397885
2026/2027,Lagos,state,peak_incidence_per_100k,0.95,3342.4883842032064
2026/2027,Lagos,state,peak_incidence_per_100k,0.975,3749.6911919337304
2026/2027,Lagos,state,peak_incidence_per_100k,0.99,4070.06432169458
2026/2027,Lagos,state,cumulative_cases,0.01,380579.8991590469
2026/2027,Lagos,state,cumulative_cases,0.025,476676.30346638215
2026/2027,Lagos,state,cumulative_cases,0.05,733022.9169057402
2026/2027,Lagos,state,cumulative_cases,0.1,912657.7990363697
2026/2027,Lagos,state,cumulative_cases,0.15,983921.8272833965
2026/2027,Lagos,state,cumulative_cases,0.2,1041766.5398906416
2026/2027,Lagos,state,cumulative_cases,0.25,1084065.1921564054
2026/2027,Lagos,state,cumulative_cases,0.3,1138890.409708371
2026/2027,Lagos,state,cumulative_cases,0.35,1179326.3220847286
2026/2027,Lagos,state,cumulative_cases,0.4,1220200.8630984908
2026/2027,Lagos,state,cumulative_cases,0.45,1262853.625405711
2026/2027,Lagos,state,cumulative_cases,0.5,1298729.4273119168
2026/2027,Lagos,state,cumulative_cases,0.55,1340184.8195631015
2026/2027,Lagos,state,cumulative_cases,0.6,1386612.3905149696
2026/2027,Lagos,state,cumulative_cases,0.65,1442858.0329860663
2026/2027,Lagos,state,cumulative_cases,0.7,1496927.834527068
2026/2027,Lagos,state,cumulative_cases,0.75,1549742.525818711
2026/2027,Lagos,state,cumulative_cases,0.8,1605371.9839496382
2026/2027,Lagos,state,cumulative_cases,0.85,1679221.1067842261
2026/2027,Lagos,state,cumulative_cases,0.9,1784748.4005973286
2026/2027,Lagos,state,cumulative_cases,0.95,1909993.4903802746
2026/2027,Lagos,state,cumulative_cases,0.975,2066947.3600403562
2026/2027,Lagos,state,cumulative_cases,0.99,2185445.2845986593
2026/2027,Lagos,state,cumulative_hospitalizations,0.01,6918.168387042861
2026/2027,Lagos,state,cumulative_hospitalizations,0.025,8663.809859004028
2026/2027,Lagos,state,cumulative_hospitalizations,0.05,13291.341375546874
2026/2027,Lagos,state,cumulative_hospitalizations,0.1,16584.279253312336
2026/2027,Lagos,state,cumulative_hospitalizations,0.15,18073.616668652703
2026/2027,Lagos,state,cumulative_hospitalizations,0.2,19197.062871402104
2026/2027,Lagos,state,cumulative_hospitalizations,0.25,20087.663426653446
2026/2027,Lagos,state,cumulative_hospitalizations,0.3,20972.953257248304
2026/2027,Lagos,state,cumulative_hospitalizations,0.35,21896.520989692894
2026/2027,Lagos,state,cumulative_hospitalizations,0.4,22380.06825100423
2026/2027,Lagos,state,cumulative_hospitalizations,0.45,23132.93135858933
2026/2027,Lagos,state,cumulative_hospitalizations,0.5,23815.066278442482
2026/2027,Lagos,state,cumulative_hospitalizations,0.55,24610.454482274054
2026/2027,Lagos,state,cumulative_hospitalizations,0.6,25616.725275447385
2026/2027,Lagos,state,cumulative_hospitalizations,0.65,26549.505011246212
2026/2027,Lagos,state,cumulative_hospitalizations,0.7,27467.373107873453
2026/2027,Lagos,state,cumulative_hospitalizations,0.75,28859.917447586286
2026/2027,Lagos,state,cumulative_hospitalizations,0.8,30354.34626613422
2026/2027,Lagos,state,cumulative_hospitalizations,0.85,32139.104391375633
2026/2027,Lagos,state,cumulative_hospitalizations,0.9,33910.08751917697
2026/2027,Lagos,state,cumulative_hospitalizations,0.95,36436.74544812872
2026/2027,Lagos,state,cumulative_hospitalizations,0.975,39730.578877809516
2026/2027,Lagos,state,cumulative_hospitalizations,0.99,42406.97627393246
2026/2027,Lagos,state,cumulative_deaths,0.01,278.13547511295013
2026/2027,Lagos,state,cumulative_deaths,0.025,367.9671681798638
2026/2027,Lagos,state,cumulative_deaths,0.05,485.34169284223685
2026/2027,Lagos,state,cumulative_deaths,0.1,616.6172820466487
2026/2027,Lagos,state,cumulative_deaths,0.15,678.9397726688874
2026/2027,Lagos,state,cumulative_deaths,0.2,718.1070596738075
2026/2027,Lagos,state,cumulative_deaths,0.25,752.2585411987734
2026/2027,Lagos,state,cumulative_deaths,0.3,787.6370696622569
2026/2027,Lagos,state,cumulative_deaths,0.35,810.7473188744102
2026/2027,Lagos,state,cumulative_deaths,0.4,830.7526669735441
2026/2027,Lagos,state,cumulative_deaths,0.45,857.0171824185666
2026/2027,Lagos,state,cumulative_deaths,0.5,883.8523329752902
2026/2027,Lagos,state,cumulative_deaths,0.55,907.4733768635862
2026/2027,Lagos,state,cumulative_deaths,0.6,935.6643701963955
2026/2027,Lagos,state,cumulative_deaths,0.65,972.552538676954
2026/2027,Lagos,state,cumulative_deaths,0.7,1001.9184019027357
2026/2027,Lagos,state,cumulative_deaths,0.75,1047.6291261354875
2026/2027,Lagos,state,cumulative_deaths,0.8,1099.477486092295
2026/2027,Lagos,state,cumulative_deaths,0.85,1156.8250805544656
2026/2027,Lagos,state,cumulative_deaths,0.9,1223.19528725686
2026/2027,Lagos,state,cumulative_deaths,0.95,1335.6289836194214
2026/2027,Lagos,state,cumulative_deaths,0.975,1408.0697307013352
2026/2027,Lagos,state,cumulative_deaths,0.99,1521.0435749586657
2026/2027,Lagos,state,attack_rate_pct,0.01,2.412874520341663
2026/2027,Lagos,state,attack_rate_pct,0.025,3.022125208467786
2026/2027,Lagos,state,attack_rate_pct,0.05,4.647361363373624
2026/2027,Lagos,state,attack_rate_pct,0.1,5.7862455530413435
2026/2027,Lagos,state,attack_rate_pct,0.15,6.23805911007395
2026/2027,Lagos,state,attack_rate_pct,0.2,6.604794277892626
2026/2027,Lagos,state,attack_rate_pct,0.25,6.872967506490287
2026/2027,Lagos,state,attack_rate_pct,0.3,7.2205590918463045
2026/2027,Lagos,state,attack_rate_pct,0.35,7.476922559531463
2026/2027,Lagos,state,attack_rate_pct,0.4,7.736066930426235
2026/2027,Lagos,state,attack_rate_pct,0.45,8.00648521478831
2026/2027,Lagos,state,attack_rate_pct,0.5,8.233937606539913
2026/2027,Lagos,state,attack_rate_pct,0.55,8.496764571165944
2026/2027,Lagos,state,attack_rate_pct,0.6,8.79111512209796
2026/2027,Lagos,state,attack_rate_pct,0.65,9.14771219382623
2026/2027,Lagos,state,attack_rate_pct,0.7,9.490514445722596
2026/2027,Lagos,state,attack_rate_pct,0.75,9.825359305366797
2026/2027,Lagos,state,attack_rate_pct,0.8,10.178049771681819
2026/2027,Lagos,state,attack_rate_pct,0.85,10.646252814540613
2026/2027,Lagos,state,attack_rate_pct,0.9,11.315295291573365
2026/2027,Lagos,state,attack_rate_pct,0.95,12.109348489345859
2026/2027,Lagos,state,attack_rate_pct,0.975,13.104435181545469
2026/2027,Lagos,state,attack_rate_pct,0.99,13.85571138796595
2026/2027,Lagos,state,deaths_per_100k,0.01,1.7633774211041569
2026/2027,Lagos,state,deaths_per_100k,0.025,2.3329098735517473
2026/2027,Lagos,state,deaths_per_100k,0.05,3.077063730654691
2026/2027,Lagos,state,deaths_per_100k,0.1,3.909350262429171
2026/2027,Lagos,state,deaths_per_100k,0.15,4.304474518857093
2026/2027,Lagos,state,deaths_per_100k,0.2,4.552794908488565
2026/2027,Lagos,state,deaths_per_100k,0.25,4.769315118267359
2026/2027,Lagos,state,deaths_per_100k,0.3,4.993614799058034
2026/2027,Lagos,state,deaths_per_100k,0.35,5.140133655166742
2026/2027,Lagos,state,deaths_per_100k,0.4,5.26696745486459
2026/2027,Lagos,state,deaths_per_100k,0.45,5.433484341979352
2026/2027,Lagos,state,deaths_per_100k,0.5,5.603619052643069
2026/2027,Lagos,state,deaths_per_100k,0.55,5.7533763442601
2026/2027,Lagos,state,deaths_per_100k,0.6,5.932107090855392
2026/2027,Lagos,state,deaths_per_100k,0.65,6.165977881260992
2026/2027,Lagos,state,deaths_per_100k,0.7,6.352157296679134
2026/2027,Lagos,state,deaths_per_100k,0.75,6.641963043255041
2026/2027,Lagos,state,deaths_per_100k,0.8,6.9706813674169865
2026/2027,Lagos,state,deaths_per_100k,0.85,7.33426480886099
2026/2027,Lagos,state,deaths_per_100k,0.9,7.75505156353689
2026/2027,Lagos,state,deaths_per_100k,0.95,8.467880595707301
2026/2027,Lagos,state,deaths_per_100k,0.975,8.927154543844583
2026/2027,Lagos,state,deaths_per_100k,0.99,9.643408110772041
2026/2027,Nasarawa,state,peak_week,0.01,13.0
2026/2027,Nasarawa,state,peak_week,0.025,13.0
2026/2027,Nasarawa,state,peak_week,0.05,14.0
2026/2027,Nasarawa,state,peak_week,0.1,14.0
2026/2027,Nasarawa,state,peak_week,0.15,14.0
2026/2027,Nasarawa,state,peak_week,0.2,14.0
2026/2027,Nasarawa,state,peak_week,0.25,15.0
2026/2027,Nasarawa,state,peak_week,0.3,15.0
2026/2027,Nasarawa,state,peak_week,0.35,15.0
2026/2027,Nasarawa,state,peak_week,0.4,15.0
2026/2027,Nasarawa,state,peak_week,0.45,16.0
2026/2027,Nasarawa,state,peak_week,0.5,16.0
2026/2027,Nasarawa,state,peak_week,0.55,16.0
2026/2027,Nasarawa,state,peak_week,0.6,16.0
2026/2027,Nasarawa,state,peak_week,0.65,16.0
2026/2027,Nasarawa,state,peak_week,0.7,17.0
2026/2027,Nasarawa,state,peak_week,0.75,17.0
2026/2027,Nasarawa,state,peak_week,0.8,17.0
2026/2027,Nasarawa,state,peak_week,0.85,17.0
2026/2027,Nasarawa,state,peak_week,0.9,17.0
2026/2027,Nasarawa,state,peak_week,0.95,17.0
2026/2027,Nasarawa,state,peak_week,0.975,24.0
2026/2027,Nasarawa,state,peak_week,0.99,26.0
2026/2027,Nasarawa,state,peak_incidence_per_100k,0.01,433.357058588434
2026/2027,Nasarawa,state,peak_incidence_per_100k,0.025,599.3791740155241
2026/2027,Nasarawa,state,peak_incidence_per_100k,0.05,835.4756361689358
2026/2027,Nasarawa,state,peak_incidence_per_100k,0.1,1014.6401770899328
2026/2027,Nasarawa,state,peak_incidence_per_100k,0.15,1096.141188566077
2026/2027,Nasarawa,state,peak_incidence_per_100k,0.2,1170.745709107369
2026/2027,Nasarawa,state,peak_incidence_per_100k,0.25,1229.6337425565894
2026/2027,Nasarawa,state,peak_incidence_per_100k,0.3,1281.65624352722
2026/2027,Nasarawa,state,peak_incidence_per_100k,0.35,1322.2638962152532
2026/2027,Nasarawa,state,peak_incidence_per_100k,0.4,1371.7139210335645
2026/2027,Nasarawa,state,peak_incidence_per_100k,0.45,1419.2164106334762
2026/2027,Nasarawa,state,peak_incidence_per_100k,0.5,1474.0514442350363
2026/2027,Nasarawa,state,peak_incidence_per_100k,0.55,1522.3005106877447
2026/2027,Nasarawa,state,peak_incidence_per_100k,0.6,1569.0515400326233
2026/2027,Nasarawa,state,peak_incidence_per_100k,0.65,1626.3006759176583
2026/2027,Nasarawa,state,peak_incidence_per_100k,0.7,1682.5027874906505
2026/2027,Nasarawa,state,peak_incidence_per_100k,0.75,1761.2136007610031
2026/2027,Nasarawa,state,peak_incidence_per_100k,0.8,1849.539749117662
2026/2027,Nasarawa,state,peak_incidence_per_100k,0.85,1938.491958221436
2026/2027,Nasarawa,state,peak_incidence_per_100k,0.9,2051.8989915254742
2026/2027,Nasarawa,state,peak_incidence_per_100k,0.95,2237.4909489140305
2026/2027,Nasarawa,state,peak_incidence_per_100k,0.975,2425.0384233681266
2026/2027,Nasarawa,state,peak_incidence_per_100k,0.99,2590.7630149888155
2026/2027,Nasarawa,state,cumulative_cases,0.01,121852.17363286791
2026/2027,Nasarawa,state,cumulative_cases,0.025,152247.07998347335
2026/2027,Nasarawa,state,cumulative_cases,0.05,186113.6483807938
2026/2027,Nasarawa,state,cumulative_cases,0.1,208418.25303679355
2026/2027,Nasarawa,state,cumulative_cases,0.15,221837.2964273676
2026/2027,Nasarawa,state,cumulative_cases,0.2,231131.37353491673
2026/2027,Nasarawa,state,cumulative_cases,0.25,240093.24489828636
2026/2027,Nasarawa,state,cumulative_cases,0.3,245750.33146392732
2026/2027,Nasarawa,state,cumulative_cases,0.35,252647.96419214018
2026/2027,Nasarawa,state,cumulative_cases,0.4,259462.80692680005
2026/2027,Nasarawa,state,cumulative_cases,0.45,266040.27347828186
2026/2027,Nasarawa,state,cumulative_cases,0.5,273274.8137382404
2026/2027,Nasarawa,state,cumulative_cases,0.55,279437.2825468558
2026/2027,Nasarawa,state,cumulative_cases,0.6,288479.68569694116
2026/2027,Nasarawa,state,cumulative_cases,0.65,296488.44865154393
2026/2027,Nasarawa,state,cumulative_cases,0.7,305561.62609962304
2026/2027,Nasarawa,state,cumulative_cases,0.75,314121.2975819421
2026/2027,Nasarawa,state,cumulative_cases,0.8,326003.7179669408
2026/2027,Nasarawa,state,cumulative_cases,0.85,342270.80595110747
2026/2027,Nasarawa,state,cumulative_cases,0.9,360021.80905090726
2026/2027,Nasarawa,state,cumulative_cases,0.95,386989.9231695907
2026/2027,Nasarawa,state,cumulative_cases,0.975,408243.7931375014
2026/2027,Nasarawa,state,cumulative_cases,0.99,435667.87431754265
2026/2027,Nasarawa,state,cumulative_hospitalizations,0.01,2099.65690778972
2026/2027,Nasarawa,state,cumulative_hospitalizations,0.025,2439.421185533903
2026/2027,Nasarawa,state,cumulative_hospitalizations,0.05,2736.45183285064
2026/2027,Nasarawa,state,cumulative_hospitalizations,0.1,3170.3109784827393
2026/2027,Nasarawa,state,cumulative_hospitalizations,0.15,3404.8185255525436
2026/2027,Nasarawa,state,cumulative_hospitalizations,0.2,3566.4461137976955
2026/2027,Nasarawa,state,cumulative_hospitalizations,0.25,3754.928454434053
2026/2027,Nasarawa,state,cumulative_hospitalizations,0.3,3945.4464199966624
2026/2027,Nasarawa,state,cumulative_hospitalizations,0.35,4048.6061869594428
2026/2027,Nasarawa,state,cumulative_hospitalizations,0.4,4186.152751433535
2026/2027,Nasarawa,state,cumulative_hospitalizations,0.45,4324.740979597217
2026/2027,Nasarawa,state,cumulative_hospitalizations,0.5,4470.277082208735
2026/2027,Nasarawa,state,cumulative_hospitalizations,0.55,4601.123773785458
2026/2027,Nasarawa,state,cumulative_hospitalizations,0.6,4780.9353849119325
2026/2027,Nasarawa,state,cumulative_hospitalizations,0.65,4936.66330716393
2026/2027,Nasarawa,state,cumulative_hospitalizations,0.7,5104.826412992264
2026/2027,Nasarawa,state,cumulative_hospitalizations,0.75,5276.256707453846
2026/2027,Nasarawa,state,cumulative_hospitalizations,0.8,5474.8296681755855
2026/2027,Nasarawa,state,cumulative_hospitalizations,0.85,5751.160773643051
2026/2027,Nasarawa,state,cumulative_hospitalizations,0.9,6151.616729678926
2026/2027,Nasarawa,state,cumulative_hospitalizations,0.95,6642.097965483888
2026/2027,Nasarawa,state,cumulative_hospitalizations,0.975,7110.112925871244
2026/2027,Nasarawa,state,cumulative_hospitalizations,0.99,7475.035877259807
2026/2027,Nasarawa,state,cumulative_deaths,0.01,190.04524464685718
2026/2027,Nasarawa,state,cumulative_deaths,0.025,219.86257837384903
2026/2027,Nasarawa,state,cumulative_deaths,0.05,253.46283925453216
2026/2027,Nasarawa,state,cumulative_deaths,0.1,275.84178287960975
2026/2027,Nasarawa,state,cumulative_deaths,0.15,295.4996568095665
2026/2027,Nasarawa,state,cumulative_deaths,0.2,308.34838805156835
2026/2027,Nasarawa,state,cumulative_deaths,0.25,320.154880992462
2026/2027,Nasarawa,state,cumulative_deaths,0.3,330.9740907307307
2026/2027,Nasarawa,state,cumulative_deaths,0.35,345.5526192850997
2026/2027,Nasarawa,state,cumulative_deaths,0.4,358.3584989897274
2026/2027,Nasarawa,state,cumulative_deaths,0.45,368.7168801592317
2026/2027,Nasarawa,state,cumulative_deaths,0.5,380.1570207671476
2026/2027,Nasarawa,state,cumulative_deaths,0.55,393.0590086043942
2026/2027,Nasarawa,state,cumulative_deaths,0.6,403.222577999661
2026/2027,Nasarawa,state,cumulative_deaths,0.65,416.17146472594476
2026/2027,Nasarawa,state,cumulative_deaths,0.7,431.2785462013497
2026/2027,Nasarawa,state,cumulative_deaths,0.75,449.7784451760708
2026/2027,Nasarawa,state,cumulative_deaths,0.8,471.3365370974081
2026/2027,Nasarawa,state,cumulative_deaths,0.85,500.3795650978459
2026/2027,Nasarawa,state,cumulative_deaths,0.9,538.0952279242854
2026/2027,Nasarawa,state,cumulative_deaths,0.95,582.9285468427098
2026/2027,Nasarawa,state,cumulative_deaths,0.975,625.395455168353
2026/2027,Nasarawa,state,cumulative_deaths,0.99,677.9731243534311
2026/2027,Nasarawa,state,attack_rate_pct,0.01,3.3547399725862728
2026/2027,Nasarawa,state,attack_rate_pct,0.025,4.191549068865604
2026/2027,Nasarawa,state,attack_rate_pct,0.05,5.123937284435133
2026/2027,Nasarawa,state,attack_rate_pct,0.1,5.738010440303999
2026/2027,Nasarawa,state,attack_rate_pct,0.15,6.107453183211996
2026/2027,Nasarawa,state,attack_rate_pct,0.2,6.363330538957285
2026/2027,Nasarawa,state,attack_rate_pct,0.25,6.610061862622101
2026/2027,Nasarawa,state,attack_rate_pct,0.3,6.7658084025838425
2026/2027,Nasarawa,state,attack_rate_pct,0.35,6.955708701771557
2026/2027,Nasarawa,state,attack_rate_pct,0.4,7.143329690772003
2026/2027,Nasarawa,state,attack_rate_pct,0.45,7.32441542195549
2026/2027,Nasarawa,state,attack_rate_pct,0.5,7.523591199209093
2026/2027,Nasarawa,state,attack_rate_pct,0.55,7.693251532921039
2026/2027,Nasarawa,state,attack_rate_pct,0.6,7.942199995565852
2026/2027,Nasarawa,state,attack_rate_pct,0.65,8.162691074335802
2026/2027,Nasarawa,state,attack_rate_pct,0.7,8.412486791194716
2026/2027,Nasarawa,state,attack_rate_pct,0.75,8.648145058239344
2026/2027,Nasarawa,state,attack_rate_pct,0.8,8.975282682855967
2026/2027,Nasarawa,state,attack_rate_pct,0.85,9.423135590777683
2026/2027,Nasarawa,state,attack_rate_pct,0.9,9.911842504056239
2026/2027,Nasarawa,state,attack_rate_pct,0.95,10.654307802146024
2026/2027,Nasarawa,state,attack_rate_pct,0.975,11.23945294176681
2026/2027,Nasarawa,state,attack_rate_pct,0.99,11.99447157297586
2026/2027,Nasarawa,state,deaths_per_100k,0.01,5.232178957575678
2026/2027,Nasarawa,state,deaths_per_100k,0.025,6.053086770277205
2026/2027,Nasarawa,state,deaths_per_100k,0.05,6.978143212892438
2026/2027,Nasarawa,state,deaths_per_100k,0.1,7.594263011867054
2026/2027,Nasarawa,state,deaths_per_100k,0.15,8.135468420705974
2026/2027,Nasarawa,state,deaths_per_100k,0.2,8.489209769829804
2026/2027,Nasarawa,state,deaths_per_100k,0.25,8.81425701867256
2026/2027,Nasarawa,state,deaths_per_100k,0.3,9.11212314857945
2026/2027,Nasarawa,state,deaths_per_100k,0.35,9.513487941875512
2026/2027,Nasarawa,state,deaths_per_100k,0.4,9.866049535554446
2026/2027,Nasarawa,state,deaths_per_100k,0.45,10.151228489073317
2026/2027,Nasarawa,state,deaths_per_100k,0.5,10.46618960831453
2026/2027,Nasarawa,state,deaths_per_100k,0.55,10.821397176903671
2026/2027,Nasarawa,state,deaths_per_100k,0.6,11.101212723052116
2026/2027,Nasarawa,state,deaths_per_100k,0.65,11.457711475647521
2026/2027,Nasarawa,state,deaths_per_100k,0.7,11.873627979914032
2026/2027,Nasarawa,state,deaths_per_100k,0.75,12.38295291626104
2026/2027,Nasarawa,state,deaths_per_100k,0.8,12.976473659839236
2026/2027,Nasarawa,state,deaths_per_100k,0.85,13.776063885053983
2026/2027,Nasarawa,state,deaths_per_100k,0.9,14.814422396882073
2026/2027,Nasarawa,state,deaths_per_100k,0.95,16.04873872128761
2026/2027,Nasarawa,state,deaths_per_100k,0.975,17.217904856160427
2026/2027,Nasarawa,state,deaths_per_100k,0.99,18.665432653342226
2026/2027,Niger,state,peak_week,0.01,14.0
2026/2027,Niger,state,peak_week,0.025,14.0
2026/2027,Niger,state,peak_week,0.05,14.950000000000003
2026/2027,Niger,state,peak_week,0.1,15.0
2026/2027,Niger,state,peak_week,0.15,15.0
2026/2027,Niger,state,peak_week,0.2,15.0
2026/2027,Niger,state,peak_week,0.25,15.0
2026/2027,Niger,state,peak_week,0.3,15.0
2026/2027,Niger,state,peak_week,0.35,16.0
2026/2027,Niger,state,peak_week,0.4,16.0
2026/2027,Niger,state,peak_week,0.45,16.0
2026/2027,Niger,state,peak_week,0.5,16.0
2026/2027,Niger,state,peak_week,0.55,16.0
2026/2027,Niger,state,peak_week,0.6,16.0
2026/2027,Niger,state,peak_week,0.65,16.0
2026/2027,Niger,state,peak_week,0.7,16.0
2026/2027,Niger,state,peak_week,0.75,16.0
2026/2027,Niger,state,peak_week,0.8,16.200000000000045
2026/2027,Niger,state,peak_week,0.85,17.0
2026/2027,Niger,state,peak_week,0.9,17.0
2026/2027,Niger,state,peak_week,0.95,17.0
2026/2027,Niger,state,peak_week,0.975,25.0
2026/2027,Niger,state,peak_week,0.99,27.0
2026/2027,Niger,state,peak_incidence_per_100k,0.01,465.77659570206976
2026/2027,Niger,state,peak_incidence_per_100k,0.025,629.4281118512404
2026/2027,Niger,state,peak_incidence_per_100k,0.05,833.1618381850662
2026/2027,Niger,state,peak_incidence_per_100k,0.1,997.3503932829177
2026/2027,Niger,state,peak_incidence_per_100k,0.15,1093.943569690324
2026/2027,Niger,state,peak_incidence_per_100k,0.2,1172.5730753520163
2026/2027,Niger,state,peak_incidence_per_100k,0.25,1238.4323830424682
2026/2027,Niger,state,peak_incidence_per_100k,0.3,1292.2347202532007
2026/2027,Niger,state,peak_incidence_per_100k,0.35,1346.271305377131
2026/2027,Niger,state,peak_incidence_per_100k,0.4,1384.4886466647183
2026/2027,Niger,state,peak_incidence_per_100k,0.45,1439.5562768342193
2026/2027,Niger,state,peak_incidence_per_100k,0.5,1493.7313868072024
2026/2027,Niger,state,peak_incidence_per_100k,0.55,1548.6093712173079
2026/2027,Niger,state,peak_incidence_per_100k,0.6,1598.9039186865393
2026/2027,Niger,state,peak_incidence_per_100k,0.65,1663.3692984140514
2026/2027,Niger,state,peak_incidence_per_100k,0.7,1729.7792934019426
2026/2027,Niger,state,peak_incidence_per_100k,0.75,1802.3907548761913
2026/2027,Niger,state,peak_incidence_per_100k,0.8,1890.856262820217
2026/2027,Niger,state,peak_incidence_per_100k,0.85,2004.0266704897135
2026/2027,Niger,state,peak_incidence_per_100k,0.9,2149.1983388666863
2026/2027,Niger,state,peak_incidence_per_100k,0.95,2331.6470724731007
2026/2027,Niger,state,peak_incidence_per_100k,0.975,2599.262523557113
2026/2027,Niger,state,peak_incidence_per_100k,0.99,2959.445962183013
2026/2027,Niger,state,cumulative_cases,0.01,225249.55553201996
2026/2027,Niger,state,cumulative_cases,0.025,281444.30942043266
2026/2027,Niger,state,cumulative_cases,0.05,336201.1596459931
2026/2027,Niger,state,cumulative_cases,0.1,380250.2936934964
2026/2027,Niger,state,cumulative_cases,0.15,404583.7507451949
2026/2027,Niger,state,cumulative_cases,0.2,423985.16581490537
2026/2027,Niger,state,cumulative_cases,0.25,443305.59713431296
2026/2027,Niger,state,cumulative_cases,0.3,457387.466413364
2026/2027,Niger,state,cumulative_cases,0.35,469986.5745282153
2026/2027,Niger,state,cumulative_cases,0.4,486137.1595574202
2026/2027,Niger,state,cumulative_cases,0.45,500536.8283628036
2026/2027,Niger,state,cumulative_cases,0.5,513680.32525021187
2026/2027,Niger,state,cumulative_cases,0.55,526783.7639552738
2026/2027,Niger,state,cumulative_cases,0.6,546597.1024818034
2026/2027,Niger,state,cumulative_cases,0.65,562896.6223969915
2026/2027,Niger,state,cumulative_cases,0.7,578698.1264718586
2026/2027,Niger,state,cumulative_cases,0.75,599773.8698495994
2026/2027,Niger,state,cumulative_cases,0.8,630186.7419803964
2026/2027,Niger,state,cumulative_cases,0.85,661478.6115961889
2026/2027,Niger,state,cumulative_cases,0.9,709353.0325373345
2026/2027,Niger,state,cumulative_cases,0.95,768715.8422376788
2026/2027,Niger,state,cumulative_cases,0.975,814789.8879183078
2026/2027,Niger,state,cumulative_cases,0.99,877338.6334376753
2026/2027,Niger,state,cumulative_hospitalizations,0.01,3372.606354816955
2026/2027,Niger,state,cumulative_hospitalizations,0.025,3986.4081012657457
2026/2027,Niger,state,cumulative_hospitalizations,0.05,4696.572250083254
2026/2027,Niger,state,cumulative_hospitalizations,0.1,5330.208585171446
2026/2027,Niger,state,cumulative_hospitalizations,0.15,5627.26456255562
2026/2027,Niger,state,cumulative_hospitalizations,0.2,5894.582057285012
2026/2027,Niger,state,cumulative_hospitalizations,0.25,6091.463024471086
2026/2027,Niger,state,cumulative_hospitalizations,0.3,6339.969934074512
2026/2027,Niger,state,cumulative_hospitalizations,0.35,6582.731862675439
2026/2027,Niger,state,cumulative_hospitalizations,0.4,6743.454748236465
2026/2027,Niger,state,cumulative_hospitalizations,0.45,6925.646583319675
2026/2027,Niger,state,cumulative_hospitalizations,0.5,7083.753519081311
2026/2027,Niger,state,cumulative_hospitalizations,0.55,7288.692964186558
2026/2027,Niger,state,cumulative_hospitalizations,0.6,7488.148319665811
2026/2027,Niger,state,cumulative_hospitalizations,0.65,7759.8047201376085
2026/2027,Niger,state,cumulative_hospitalizations,0.7,7989.68931258897
2026/2027,Niger,state,cumulative_hospitalizations,0.75,8345.144665644475
2026/2027,Niger,state,cumulative_hospitalizations,0.8,8645.706216649894
2026/2027,Niger,state,cumulative_hospitalizations,0.85,9083.46954554034
2026/2027,Niger,state,cumulative_hospitalizations,0.9,9611.21665910425
2026/2027,Niger,state,cumulative_hospitalizations,0.95,10471.294558511398
2026/2027,Niger,state,cumulative_hospitalizations,0.975,11147.32851978703
2026/2027,Niger,state,cumulative_hospitalizations,0.99,11887.28707552399
2026/2027,Niger,state,cumulative_deaths,0.01,349.33046531981034
2026/2027,Niger,state,cumulative_deaths,0.025,432.53459288452314
2026/2027,Niger,state,cumulative_deaths,0.05,498.9591787964408
2026/2027,Niger,state,cumulative_deaths,0.1,553.1152626554987
2026/2027,Niger,state,cumulative_deaths,0.15,586.2113870689415
2026/2027,Niger,state,cumulative_deaths,0.2,611.5505709608991
2026/2027,Niger,state,cumulative_deaths,0.25,626.8359110154179
2026/2027,Niger,state,cumulative_deaths,0.3,650.8353642048338
2026/2027,Niger,state,cumulative_deaths,0.35,672.2306370588096
2026/2027,Niger,state,cumulative_deaths,0.4,690.5579827145972
2026/2027,Niger,state,cumulative_deaths,0.45,709.5676884015172
2026/2027,Niger,state,cumulative_deaths,0.5,732.5022358776322
2026/2027,Niger,state,cumulative_deaths,0.55,751.7477488948442
2026/2027,Niger,state,cumulative_deaths,0.6,770.1865769819767
2026/2027,Niger,state,cumulative_deaths,0.65,795.4895154391295
2026/2027,Niger,state,cumulative_deaths,0.7,819.3660748209396
2026/2027,Niger,state,cumulative_deaths,0.75,849.5476317482348
2026/2027,Niger,state,cumulative_deaths,0.8,880.7130237269989
2026/2027,Niger,state,cumulative_deaths,0.85,925.2074580286305
2026/2027,Niger,state,cumulative_deaths,0.9,978.9593132261692
2026/2027,Niger,state,cumulative_deaths,0.95,1058.7677443369348
2026/2027,Niger,state,cumulative_deaths,0.975,1140.2806137883924
2026/2027,Niger,state,cumulative_deaths,0.99,1196.6542026561958
2026/2027,Niger,state,attack_rate_pct,0.01,3.351620179099924
2026/2027,Niger,state,attack_rate_pct,0.025,4.187774863832185
2026/2027,Niger,state,attack_rate_pct,0.05,5.0025341370590395
2026/2027,Niger,state,attack_rate_pct,0.1,5.657967024359466
2026/2027,Niger,state,attack_rate_pct,0.15,6.020038796217594
2026/2027,Niger,state,attack_rate_pct,0.2,6.308723824239729
2026/2027,Niger,state,attack_rate_pct,0.25,6.5962038475680576
2026/2027,Niger,state,attack_rate_pct,0.3,6.805736235428444
2026/2027,Niger,state,attack_rate_pct,0.35,6.993205750725198
2026/2027,Niger,state,attack_rate_pct,0.4,7.233519772922935
2026/2027,Niger,state,attack_rate_pct,0.45,7.447780886231184
2026/2027,Niger,state,attack_rate_pct,0.5,7.643350681198049
2026/2027,Niger,state,attack_rate_pct,0.55,7.838324426987488
2026/2027,Niger,state,attack_rate_pct,0.6,8.133138705595087
2026/2027,Niger,state,attack_rate_pct,0.65,8.375668817267693
2026/2027,Niger,state,attack_rate_pct,0.7,8.610788659312956
2026/2027,Niger,state,attack_rate_pct,0.75,8.924386999729332
2026/2027,Niger,state,attack_rate_pct,0.8,9.376917952330812
2026/2027,Niger,state,attack_rate_pct,0.85,9.84252802378396
2026/2027,Niger,state,attack_rate_pct,0.9,10.554879597175892
2026/2027,Niger,state,attack_rate_pct,0.95,11.43817364146296
2026/2027,Niger,state,attack_rate_pct,0.975,12.123736375965299
2026/2027,Niger,state,attack_rate_pct,0.99,13.054435826914036
2026/2027,Niger,state,deaths_per_100k,0.01,5.197892772639928
2026/2027,Niger,state,deaths_per_100k,0.025,6.435935761322557
2026/2027,Niger,state,deaths_per_100k,0.05,7.424306113507745
2026/2027,Niger,state,deaths_per_100k,0.1,8.230126231795365
2026/2027,Niger,state,deaths_per_100k,0.15,8.722582868045322
2026/2027,Niger,state,deaths_per_100k,0.2,9.099619439121424
2026/2027,Niger,state,deaths_per_100k,0.25,9.327058974130171
2026/2027,Niger,state,deaths_per_100k,0.3,9.684160906726774
2026/2027,Niger,state,deaths_per_100k,0.35,10.002513713529721
2026/2027,Niger,state,deaths_per_100k,0.4,10.275217033117602
2026/2027,Niger,state,deaths_per_100k,0.45,10.558073587611334
2026/2027,Niger,state,deaths_per_100k,0.5,10.899330163847043
2026/2027,Niger,state,deaths_per_100k,0.55,11.185695433839545
2026/2027,Niger,state,deaths_per_100k,0.6,11.460057565874928
2026/2027,Niger,state,deaths_per_100k,0.65,11.836554819879328
2026/2027,Niger,state,deaths_per_100k,0.7,12.191828143471643
2026/2027,Niger,state,deaths_per_100k,0.75,12.64091722156217
2026/2027,Niger,state,deaths_per_100k,0.8,13.104645358112194
2026/2027,Niger,state,deaths_per_100k,0.85,13.766704128930877
2026/2027,Niger,state,deaths_per_100k,0.9,14.566509492003028
2026/2027,Niger,state,deaths_per_100k,0.95,15.754025922574293
2026/2027,Niger,state,deaths_per_100k,0.975,16.96690369036641
2026/2027,Niger,state,deaths_per_100k,0.99,17.805719365590928
2026/2027,Ogun,state,peak_week,0.01,13.0
2026/2027,Ogun,state,peak_week,0.025,13.0
2026/2027,Ogun,state,peak_week,0.05,14.0
2026/2027,Ogun,state,peak_week,0.1,14.0
2026/2027,Ogun,state,peak_week,0.15,14.0
2026/2027,Ogun,state,peak_week,0.2,14.0
2026/2027,Ogun,state,peak_week,0.25,14.0
2026/2027,Ogun,state,peak_week,0.3,14.0
2026/2027,Ogun,state,peak_week,0.35,15.0
2026/2027,Ogun,state,peak_week,0.4,15.0
2026/2027,Ogun,state,peak_week,0.45,15.0
2026/2027,Ogun,state,peak_week,0.5,15.0
2026/2027,Ogun,state,peak_week,0.55,15.0
2026/2027,Ogun,state,peak_week,0.6,15.0
2026/2027,Ogun,state,peak_week,0.65,15.0
2026/2027,Ogun,state,peak_week,0.7,15.0
2026/2027,Ogun,state,peak_week,0.75,15.0
2026/2027,Ogun,state,peak_week,0.8,15.0
2026/2027,Ogun,state,peak_week,0.85,16.0
2026/2027,Ogun,state,peak_week,0.9,16.0
2026/2027,Ogun,state,peak_week,0.95,16.0
2026/2027,Ogun,state,peak_week,0.975,16.0
2026/2027,Ogun,state,peak_week,0.99,24.0
2026/2027,Ogun,state,peak_incidence_per_100k,0.01,322.53227335918837
2026/2027,Ogun,state,peak_incidence_per_100k,0.025,491.884311521997
2026/2027,Ogun,state,peak_incidence_per_100k,0.05,836.6103655165678
2026/2027,Ogun,state,peak_incidence_per_100k,0.1,1086.3959805506854
2026/2027,Ogun,state,peak_incidence_per_100k,0.15,1221.96888902156
2026/2027,Ogun,state,peak_incidence_per_100k,0.2,1343.441740379667
2026/2027,Ogun,state,peak_incidence_per_100k,0.25,1488.7490115694686
2026/2027,Ogun,state,peak_incidence_per_100k,0.3,1635.1694125401525
2026/2027,Ogun,state,peak_incidence_per_100k,0.35,1769.4202093628696
2026/2027,Ogun,state,peak_incidence_per_100k,0.4,1927.2462542366725
2026/2027,Ogun,state,peak_incidence_per_100k,0.45,2050.0196400152945
2026/2027,Ogun,state,peak_incidence_per_100k,0.5,2182.927747435156
2026/2027,Ogun,state,peak_incidence_per_100k,0.55,2316.751609216843
2026/2027,Ogun,state,peak_incidence_per_100k,0.6,2438.259275421034
2026/2027,Ogun,state,peak_incidence_per_100k,0.65,2546.3236934143893
2026/2027,Ogun,state,peak_incidence_per_100k,0.7,2674.890721426953
2026/2027,Ogun,state,peak_incidence_per_100k,0.75,2814.481146941157
2026/2027,Ogun,state,peak_incidence_per_100k,0.8,2982.8676033883094
2026/2027,Ogun,state,peak_incidence_per_100k,0.85,3168.822891662581
2026/2027,Ogun,state,peak_incidence_per_100k,0.9,3488.5806019413194
2026/2027,Ogun,state,peak_incidence_per_100k,0.95,3925.8033145750564
2026/2027,Ogun,state,peak_incidence_per_100k,0.975,4270.117274635584
2026/2027,Ogun,state,peak_incidence_per_100k,0.99,4777.733389393703
2026/2027,Ogun,state,cumulative_cases,0.01,143202.0747028783
2026/2027,Ogun,state,cumulative_cases,0.025,191182.15957993362
2026/2027,Ogun,state,cumulative_cases,0.05,297868.7203072737
2026/2027,Ogun,state,cumulative_cases,0.1,357459.0051699832
2026/2027,Ogun,state,cumulative_cases,0.15,389071.17257267673
2026/2027,Ogun,state,cumulative_cases,0.2,412794.4333078545
2026/2027,Ogun,state,cumulative_cases,0.25,439611.324298195
2026/2027,Ogun,state,cumulative_cases,0.3,464262.73229148315
2026/2027,Ogun,state,cumulative_cases,0.35,483999.6174677317
2026/2027,Ogun,state,cumulative_cases,0.4,507281.28436889406
2026/2027,Ogun,state,cumulative_cases,0.45,528088.5051573791
2026/2027,Ogun,state,cumulative_cases,0.5,545422.271471316
2026/2027,Ogun,state,cumulative_cases,0.55,562785.7723890032
2026/2027,Ogun,state,cumulative_cases,0.6,583467.0207352823
2026/2027,Ogun,state,cumulative_cases,0.65,604792.2075400568
2026/2027,Ogun,state,cumulative_cases,0.7,626103.5721128274
2026/2027,Ogun,state,cumulative_cases,0.75,651877.5529243768
2026/2027,Ogun,state,cumulative_cases,0.8,683606.7120470656
2026/2027,Ogun,state,cumulative_cases,0.85,722424.3540081189
2026/2027,Ogun,state,cumulative_cases,0.9,769568.9644246366
2026/2027,Ogun,state,cumulative_cases,0.95,851623.2184823221
2026/2027,Ogun,state,cumulative_cases,0.975,903171.4458810014
2026/2027,Ogun,state,cumulative_cases,0.99,972239.1682175633
2026/2027,Ogun,state,cumulative_hospitalizations,0.01,2361.6539324641917
2026/2027,Ogun,state,cumulative_hospitalizations,0.025,2797.922288283283
2026/2027,Ogun,state,cumulative_hospitalizations,0.05,4551.468287021575
2026/2027,Ogun,state,cumulative_hospitalizations,0.1,5820.982869763425
2026/2027,Ogun,state,cumulative_hospitalizations,0.15,6323.289037311361
2026/2027,Ogun,state,cumulative_hospitalizations,0.2,6653.511023808597
2026/2027,Ogun,state,cumulative_hospitalizations,0.25,6917.820710558305
2026/2027,Ogun,state,cumulative_hospitalizations,0.3,7183.158445808863
2026/2027,Ogun,state,cumulative_hospitalizations,0.35,7434.617662369047
2026/2027,Ogun,state,cumulative_hospitalizations,0.4,7691.577643868434
2026/2027,Ogun,state,cumulative_hospitalizations,0.45,7880.15389265718
2026/2027,Ogun,state,cumulative_hospitalizations,0.5,8119.652362249697
2026/2027,Ogun,state,cumulative_hospitalizations,0.55,8375.627046412614
2026/2027,Ogun,state,cumulative_hospitalizations,0.6,8688.674683408371
2026/2027,Ogun,state,cumulative_hospitalizations,0.65,9038.198579235073
2026/2027,Ogun,state,cumulative_hospitalizations,0.7,9337.212514084413
2026/2027,Ogun,state,cumulative_hospitalizations,0.75,9699.179178467177
2026/2027,Ogun,state,cumulative_hospitalizations,0.8,10058.065373988187
2026/2027,Ogun,state,cumulative_hospitalizations,0.85,10501.263024353007
2026/2027,Ogun,state,cumulative_hospitalizations,0.9,11087.498840337697
2026/2027,Ogun,state,cumulative_hospitalizations,0.95,12168.178758528145
2026/2027,Ogun,state,cumulative_hospitalizations,0.975,13114.723406993011
2026/2027,Ogun,state,cumulative_hospitalizations,0.99,13920.93971087826
2026/2027,Ogun,state,cumulative_deaths,0.01,180.378760044104
2026/2027,Ogun,state,cumulative_deaths,0.025,234.47340171333013
2026/2027,Ogun,state,cumulative_deaths,0.05,325.78216531323784
2026/2027,Ogun,state,cumulative_deaths,0.1,425.2659967995345
2026/2027,Ogun,state,cumulative_deaths,0.15,464.00473379562555
2026/2027,Ogun,state,cumulative_deaths,0.2,493.93170882485043
2026/2027,Ogun,state,cumulative_deaths,0.25,517.6418706657538
2026/2027,Ogun,state,cumulative_deaths,0.3,534.998065172249
2026/2027,Ogun,state,cumulative_deaths,0.35,553.3018151349064
2026/2027,Ogun,state,cumulative_deaths,0.4,570.6950991361662
2026/2027,Ogun,state,cumulative_deaths,0.45,591.4375862697077
2026/2027,Ogun,state,cumulative_deaths,0.5,612.3333210775534
2026/2027,Ogun,state,cumulative_deaths,0.55,631.6601536710539
2026/2027,Ogun,state,cumulative_deaths,0.6,650.9132799390567
2026/2027,Ogun,state,cumulative_deaths,0.65,669.9253477209426
2026/2027,Ogun,state,cumulative_deaths,0.7,702.1550623313705
2026/2027,Ogun,state,cumulative_deaths,0.75,726.6942887280387
2026/2027,Ogun,state,cumulative_deaths,0.8,755.8657603975818
2026/2027,Ogun,state,cumulative_deaths,0.85,785.2822612597914
2026/2027,Ogun,state,cumulative_deaths,0.9,830.8266856078315
2026/2027,Ogun,state,cumulative_deaths,0.95,889.4811581739708
2026/2027,Ogun,state,cumulative_deaths,0.975,949.3236433930562
2026/2027,Ogun,state,cumulative_deaths,0.99,1009.5308658219758
2026/2027,Ogun,state,attack_rate_pct,0.01,2.221814813221753
2026/2027,Ogun,state,attack_rate_pct,0.025,2.9662374309852355
2026/2027,Ogun,state,attack_rate_pct,0.05,4.62150521594926
2026/2027,Ogun,state,attack_rate_pct,0.1,5.546062893669909
2026/2027,Ogun,state,attack_rate_pct,0.15,6.036533314291116
2026/2027,Ogun,state,attack_rate_pct,0.2,6.404605440541397
2026/2027,Ogun,state,attack_rate_pct,0.25,6.8206759881959265
2026/2027,Ogun,state,attack_rate_pct,0.3,7.203148543568477
2026/2027,Ogun,state,attack_rate_pct,0.35,7.509371089173568
2026/2027,Ogun,state,attack_rate_pct,0.4,7.8705917803180485
2026/2027,Ogun,state,attack_rate_pct,0.45,8.19342084173878
2026/2027,Ogun,state,attack_rate_pct,0.5,8.462358417155453
2026/2027,Ogun,state,attack_rate_pct,0.55,8.73175733213871
2026/2027,Ogun,state,attack_rate_pct,0.6,9.052631900660288
2026/2027,Ogun,state,attack_rate_pct,0.65,9.3834973300605
2026/2027,Ogun,state,attack_rate_pct,0.7,9.714148304189154
2026/2027,Ogun,state,attack_rate_pct,0.75,10.114037848259024
2026/2027,Ogun,state,attack_rate_pct,0.8,10.606323423702877
2026/2027,Ogun,state,attack_rate_pct,0.85,11.20858852427738
2026/2027,Ogun,state,attack_rate_pct,0.9,11.940048553779885
2026/2027,Ogun,state,attack_rate_pct,0.95,13.213140145025962
2026/2027,Ogun,state,attack_rate_pct,0.975,14.012923356738098
2026/2027,Ogun,state,attack_rate_pct,0.99,15.08452576837394
2026/2027,Ogun,state,deaths_per_100k,0.01,2.7986200750798687
2026/2027,Ogun,state,deaths_per_100k,0.025,3.6379115198859653
2026/2027,Ogun,state,deaths_per_100k,0.05,5.0545890642872155
2026/2027,Ogun,state,deaths_per_100k,0.1,6.5981047635598875
2026/2027,Ogun,state,deaths_per_100k,0.15,7.199145634524912
2026/2027,Ogun,state,deaths_per_100k,0.2,7.663469888016421
2026/2027,Ogun,state,deaths_per_100k,0.25,8.031338781754911
2026/2027,Ogun,state,deaths_per_100k,0.3,8.30062433600194
2026/2027,Ogun,state,deaths_per_100k,0.35,8.584611442256637
2026/2027,Ogun,state,deaths_per_100k,0.4,8.854472448982646
2026/2027,Ogun,state,deaths_per_100k,0.45,9.176297152095259
2026/2027,Ogun,state,deaths_per_100k,0.5,9.50049952992779
2026/2027,Ogun,state,deaths_per_100k,0.55,9.800360010566715
2026/2027,Ogun,state,deaths_per_100k,0.6,10.099076919744412
2026/2027,Ogun,state,deaths_per_100k,0.65,10.394053748225524
2026/2027,Ogun,state,deaths_per_100k,0.7,10.89410556308878
2026/2027,Ogun,state,deaths_per_100k,0.75,11.274837593865874
2026/2027,Ogun,state,deaths_per_100k,0.8,11.72744003006205
2026/2027,Ogun,state,deaths_per_100k,0.85,12.18384415342699
2026/2027,Ogun,state,deaths_per_100k,0.9,12.890476909175039
2026/2027,Ogun,state,deaths_per_100k,0.95,13.800515232848417
2026/2027,Ogun,state,deaths_per_100k,0.975,14.728985860076662
2026/2027,Ogun,state,deaths_per_100k,0.99,15.663115473303712
2026/2027,Ondo,state,peak_week,0.01,12.0
2026/2027,Ondo,state,peak_week,0.025,13.0
2026/2027,Ondo,state,peak_week,0.05,13.0
2026/2027,Ondo,state,peak_week,0.1,14.0
2026/2027,Ondo,state,peak_week,0.15,14.0
2026/2027,Ondo,state,peak_week,0.2,14.0
2026/2027,Ondo,state,peak_week,0.25,14.0
2026/2027,Ondo,state,peak_week,0.3,15.0
2026/2027,Ondo,state,peak_week,0.35,15.0
2026/2027,Ondo,state,peak_week,0.4,15.0
2026/2027,Ondo,state,peak_week,0.45,15.0
2026/2027,Ondo,state,peak_week,0.5,15.0
2026/2027,Ondo,state,peak_week,0.55,15.0
2026/2027,Ondo,state,peak_week,0.6,15.0
2026/2027,Ondo,state,peak_week,0.65,15.0
2026/2027,Ondo,state,peak_week,0.7,16.0
2026/2027,Ondo,state,peak_week,0.75,16.0
2026/2027,Ondo,state,peak_week,0.8,16.0
2026/2027,Ondo,state,peak_week,0.85,16.0
2026/2027,Ondo,state,peak_week,0.9,16.0
2026/2027,Ondo,state,peak_week,0.95,16.0
2026/2027,Ondo,state,peak_week,0.975,17.0
2026/2027,Ondo,state,peak_week,0.99,24.0
2026/2027,Ondo,state,peak_incidence_per_100k,0.01,364.02215857780044
2026/2027,Ondo,state,peak_incidence_per_100k,0.025,547.547863296175
2026/2027,Ondo,state,peak_incidence_per_100k,0.05,889.3741505039109
2026/2027,Ondo,state,peak_incidence_per_100k,0.1,1124.1466670032082
2026/2027,Ondo,state,peak_incidence_per_100k,0.15,1236.868988822239
2026/2027,Ondo,state,peak_incidence_per_100k,0.2,1347.756190312193
2026/2027,Ondo,state,peak_incidence_per_100k,0.25,1463.3563430408449
2026/2027,Ondo,state,peak_incidence_per_100k,0.3,1570.2053862883015
2026/2027,Ondo,state,peak_incidence_per_100k,0.35,1679.2835774549906
2026/2027,Ondo,state,peak_incidence_per_100k,0.4,1772.3910614417816
2026/2027,Ondo,state,peak_incidence_per_100k,0.45,1850.367969835437
2026/2027,Ondo,state,peak_incidence_per_100k,0.5,1934.4415461359306
2026/2027,Ondo,state,peak_incidence_per_100k,0.55,2042.388481539763
2026/2027,Ondo,state,peak_incidence_per_100k,0.6,2167.90503712807
2026/2027,Ondo,state,peak_incidence_per_100k,0.65,2280.3194732045113
2026/2027,Ondo,state,peak_incidence_per_100k,0.7,2369.0337109081593
2026/2027,Ondo,state,peak_incidence_per_100k,0.75,2482.1916276916922
2026/2027,Ondo,state,peak_incidence_per_100k,0.8,2633.736148719501
2026/2027,Ondo,state,peak_incidence_per_100k,0.85,2815.9860625150172
2026/2027,Ondo,state,peak_incidence_per_100k,0.9,3049.4437753522093
2026/2027,Ondo,state,peak_incidence_per_100k,0.95,3321.5333945507505
2026/2027,Ondo,state,peak_incidence_per_100k,0.975,3576.494945682695
2026/2027,Ondo,state,peak_incidence_per_100k,0.99,4031.197460880023
2026/2027,Ondo,state,cumulative_cases,0.01,135460.46307984018
2026/2027,Ondo,state,cumulative_cases,0.025,169042.86578797313
2026/2027,Ondo,state,cumulative_cases,0.05,252855.98680034681
2026/2027,Ondo,state,cumulative_cases,0.1,304707.04353451915
2026/2027,Ondo,state,cumulative_cases,0.15,333389.1323241065
2026/2027,Ondo,state,cumulative_cases,0.2,351338.8579630541
2026/2027,Ondo,state,cumulative_cases,0.25,370365.1832928952
2026/2027,Ondo,state,cumulative_cases,0.3,388536.2950743372
2026/2027,Ondo,state,cumulative_cases,0.35,405495.17630677845
2026/2027,Ondo,state,cumulative_cases,0.4,422833.29596008314
2026/2027,Ondo,state,cumulative_cases,0.45,438629.6640597187
2026/2027,Ondo,state,cumulative_cases,0.5,453463.2405792227
2026/2027,Ondo,state,cumulative_cases,0.55,469028.2857946112
2026/2027,Ondo,state,cumulative_cases,0.6,485023.31795233535
2026/2027,Ondo,state,cumulative_cases,0.65,501341.53837601014
2026/2027,Ondo,state,cumulative_cases,0.7,518051.13417559944
2026/2027,Ondo,state,cumulative_cases,0.75,537281.8139954899
2026/2027,Ondo,state,cumulative_cases,0.8,562582.3296941795
2026/2027,Ondo,state,cumulative_cases,0.85,588788.132004683
2026/2027,Ondo,state,cumulative_cases,0.9,625861.2011327214
2026/2027,Ondo,state,cumulative_cases,0.95,682773.6902073531
2026/2027,Ondo,state,cumulative_cases,0.975,735063.45673124
2026/2027,Ondo,state,cumulative_cases,0.99,785663.5180755565
2026/2027,Ondo,state,cumulative_hospitalizations,0.01,2240.5683689938073
2026/2027,Ondo,state,cumulative_hospitalizations,0.025,2884.6819943591317
2026/2027,Ondo,state,cumulative_hospitalizations,0.05,4350.793080495746
2026/2027,Ondo,state,cumulative_hospitalizations,0.1,5463.903749133362
2026/2027,Ondo,state,cumulative_hospitalizations,0.15,5973.858503177737
2026/2027,Ondo,state,cumulative_hospitalizations,0.2,6260.882519558423
2026/2027,Ondo,state,cumulative_hospitalizations,0.25,6511.682731763321
2026/2027,Ondo,state,cumulative_hospitalizations,0.3,6761.118243516631
2026/2027,Ondo,state,cumulative_hospitalizations,0.35,7011.629183573017
2026/2027,Ondo,state,cumulative_hospitalizations,0.4,7232.465191277837
2026/2027,Ondo,state,cumulative_hospitalizations,0.45,7455.8286803794845
2026/2027,Ondo,state,cumulative_hospitalizations,0.5,7737.528389970617
2026/2027,Ondo,state,cumulative_hospitalizations,0.55,7950.435531272515
2026/2027,Ondo,state,cumulative_hospitalizations,0.6,8204.118602827106
2026/2027,Ondo,state,cumulative_hospitalizations,0.65,8437.715244313418
2026/2027,Ondo,state,cumulative_hospitalizations,0.7,8710.736474669679
2026/2027,Ondo,state,cumulative_hospitalizations,0.75,9038.699538884874
2026/2027,Ondo,state,cumulative_hospitalizations,0.8,9436.896471916878
2026/2027,Ondo,state,cumulative_hospitalizations,0.85,9880.08104329195
2026/2027,Ondo,state,cumulative_hospitalizations,0.9,10554.360900675869
2026/2027,Ondo,state,cumulative_hospitalizations,0.95,11322.120465062822
2026/2027,Ondo,state,cumulative_hospitalizations,0.975,12131.780033768759
2026/2027,Ondo,state,cumulative_hospitalizations,0.99,13325.469843702836
2026/2027,Ondo,state,cumulative_deaths,0.01,139.17334332564212
2026/2027,Ondo,state,cumulative_deaths,0.025,182.6169406111759
2026/2027,Ondo,state,cumulative_deaths,0.05,248.1017081423247
2026/2027,Ondo,state,cumulative_deaths,0.1,322.13911987223736
2026/2027,Ondo,state,cumulative_deaths,0.15,345.9855186259138
2026/2027,Ondo,state,cumulative_deaths,0.2,372.7757831918808
2026/2027,Ondo,state,cumulative_deaths,0.25,394.3068843667938
2026/2027,Ondo,state,cumulative_deaths,0.3,409.0909825999043
2026/2027,Ondo,state,cumulative_deaths,0.35,421.9785360687379
2026/2027,Ondo,state,cumulative_deaths,0.4,436.00986732324424
2026/2027,Ondo,state,cumulative_deaths,0.45,452.8330138307632
2026/2027,Ondo,state,cumulative_deaths,0.5,467.90783018024354
2026/2027,Ondo,state,cumulative_deaths,0.55,480.33243588624185
2026/2027,Ondo,state,cumulative_deaths,0.6,496.87171503560035
2026/2027,Ondo,state,cumulative_deaths,0.65,512.9358538830393
2026/2027,Ondo,state,cumulative_deaths,0.7,531.6845204905123
2026/2027,Ondo,state,cumulative_deaths,0.75,555.0616978747568
2026/2027,Ondo,state,cumulative_deaths,0.8,582.8425992966822
2026/2027,Ondo,state,cumulative_deaths,0.85,615.6908029449964
2026/2027,Ondo,state,cumulative_deaths,0.9,657.3404969607653
2026/2027,Ondo,state,cumulative_deaths,0.95,710.2801330646108
2026/2027,Ondo,state,cumulative_deaths,0.975,769.2110939246551
2026/2027,Ondo,state,cumulative_deaths,0.99,838.632495612776
2026/2027,Ondo,state,attack_rate_pct,0.01,2.4765579414005208
2026/2027,Ondo,state,attack_rate_pct,0.025,3.0905287209712173
2026/2027,Ondo,state,attack_rate_pct,0.05,4.622843358891926
2026/2027,Ondo,state,attack_rate_pct,0.1,5.570811078811335
2026/2027,Ondo,state,attack_rate_pct,0.15,6.095191795906189
2026/2027,Ondo,state,attack_rate_pct,0.2,6.423357923249894
2026/2027,Ondo,state,attack_rate_pct,0.25,6.771207000537602
2026/2027,Ondo,state,attack_rate_pct,0.3,7.1034206233412
2026/2027,Ondo,state,attack_rate_pct,0.35,7.41347162300976
2026/2027,Ondo,state,attack_rate_pct,0.4,7.730456054777398
2026/2027,Ondo,state,attack_rate_pct,0.45,8.019253390715786
2026/2027,Ondo,state,attack_rate_pct,0.5,8.29044847519662
2026/2027,Ondo,state,attack_rate_pct,0.55,8.575016647045468
2026/2027,Ondo,state,attack_rate_pct,0.6,8.867446061595901
2026/2027,Ondo,state,attack_rate_pct,0.65,9.165784170450268
2026/2027,Ondo,state,attack_rate_pct,0.7,9.471277605465877
2026/2027,Ondo,state,attack_rate_pct,0.75,9.822862796773023
2026/2027,Ondo,state,attack_rate_pct,0.8,10.285419853278785
2026/2027,Ondo,state,attack_rate_pct,0.85,10.764527825799133
2026/2027,Ondo,state,attack_rate_pct,0.9,11.442316766377456
2026/2027,Ondo,state,attack_rate_pct,0.95,12.482820198730078
2026/2027,Ondo,state,attack_rate_pct,0.975,13.438808636938687
2026/2027,Ondo,state,attack_rate_pct,0.99,14.363905014940588
2026/2027,Ondo,state,deaths_per_100k,0.01,2.5444387300022124
2026/2027,Ondo,state,deaths_per_100k,0.025,3.3386969468597836
2026/2027,Ondo,state,deaths_per_100k,0.05,4.53592318824984
2026/2027,Ondo,state,deaths_per_100k,0.1,5.889513275066423
2026/2027,Ondo,state,deaths_per_100k,0.15,6.325485416785832
2026/2027,Ondo,state,deaths_per_100k,0.2,6.815278829229441
2026/2027,Ondo,state,deaths_per_100k,0.25,7.208921508351248
2026/2027,Ondo,state,deaths_per_100k,0.3,7.479212005321387
2026/2027,Ondo,state,deaths_per_100k,0.35,7.714828894285159
2026/2027,Ondo,state,deaths_per_100k,0.4,7.971356917715049
2026/2027,Ondo,state,deaths_per_100k,0.45,8.278926345245974
2026/2027,Ondo,state,deaths_per_100k,0.5,8.554531900524902
2026/2027,Ondo,state,deaths_per_100k,0.55,8.781684940093534
2026/2027,Ondo,state,deaths_per_100k,0.6,9.084064558405053
2026/2027,Ondo,state,deaths_per_100k,0.65,9.377757417043348
2026/2027,Ondo,state,deaths_per_100k,0.7,9.720530194588346
2026/2027,Ondo,state,deaths_per_100k,0.75,10.147923789606223
2026/2027,Ondo,state,deaths_per_100k,0.8,10.655828535178982
2026/2027,Ondo,state,deaths_per_100k,0.85,11.256376309462215
2026/2027,Ondo,state,deaths_per_100k,0.9,12.01783746297133
2026/2027,Ondo,state,deaths_per_100k,0.95,12.985707151491127
2026/2027,Ondo,state,deaths_per_100k,0.975,14.063113324436848
2026/2027,Ondo,state,deaths_per_100k,0.99,15.332311138654703
2026/2027,Osun,state,peak_week,0.01,12.0
2026/2027,Osun,state,peak_week,0.025,14.0
2026/2027,Osun,state,peak_week,0.05,14.0
2026/2027,Osun,state,peak_week,0.1,14.0
2026/2027,Osun,state,peak_week,0.15,14.0
2026/2027,Osun,state,peak_week,0.2,15.0
2026/2027,Osun,state,peak_week,0.25,15.0
2026/2027,Osun,state,peak_week,0.3,15.0
2026/2027,Osun,state,peak_week,0.35,15.0
2026/2027,Osun,state,peak_week,0.4,15.0
2026/2027,Osun,state,peak_week,0.45,15.0
2026/2027,Osun,state,peak_week,0.5,15.0
2026/2027,Osun,state,peak_week,0.55,15.0
2026/2027,Osun,state,peak_week,0.6,15.0
2026/2027,Osun,state,peak_week,0.65,15.0
2026/2027,Osun,state,peak_week,0.7,16.0
2026/2027,Osun,state,peak_week,0.75,16.0
2026/2027,Osun,state,peak_week,0.8,16.0
2026/2027,Osun,state,peak_week,0.85,16.0
2026/2027,Osun,state,peak_week,0.9,16.0
2026/2027,Osun,state,peak_week,0.95,16.0
2026/2027,Osun,state,peak_week,0.975,17.0
2026/2027,Osun,state,peak_week,0.99,23.0
2026/2027,Osun,state,peak_incidence_per_100k,0.01,354.96451748921976
2026/2027,Osun,state,peak_incidence_per_100k,0.025,523.1197098721188
2026/2027,Osun,state,peak_incidence_per_100k,0.05,834.910410909954
2026/2027,Osun,state,peak_incidence_per_100k,0.1,1063.5542870570328
2026/2027,Osun,state,peak_incidence_per_100k,0.15,1185.8293470341082
2026/2027,Osun,state,peak_incidence_per_100k,0.2,1272.480703572427
2026/2027,Osun,state,peak_incidence_per_100k,0.25,1370.1387339188962
2026/2027,Osun,state,peak_incidence_per_100k,0.3,1436.87045467969
2026/2027,Osun,state,peak_incidence_per_100k,0.35,1505.863670394775
2026/2027,Osun,state,peak_incidence_per_100k,0.4,1581.7220398319575
2026/2027,Osun,state,peak_incidence_per_100k,0.45,1665.2564159296917
2026/2027,Osun,state,peak_incidence_per_100k,0.5,1759.843843856852
2026/2027,Osun,state,peak_incidence_per_100k,0.55,1832.8600711767272
2026/2027,Osun,state,peak_incidence_per_100k,0.6,1912.6435263751691
2026/2027,Osun,state,peak_incidence_per_100k,0.65,1999.6342961710714
2026/2027,Osun,state,peak_incidence_per_100k,0.7,2093.249324919733
2026/2027,Osun,state,peak_incidence_per_100k,0.75,2213.20231035407
2026/2027,Osun,state,peak_incidence_per_100k,0.8,2358.2388260219914
2026/2027,Osun,state,peak_incidence_per_100k,0.85,2539.5513535905943
2026/2027,Osun,state,peak_incidence_per_100k,0.9,2822.3884727288496
2026/2027,Osun,state,peak_incidence_per_100k,0.95,3169.957550360758
2026/2027,Osun,state,peak_incidence_per_100k,0.975,3599.1661258932736
2026/2027,Osun,state,peak_incidence_per_100k,0.99,3886.7593510985657
2026/2027,Osun,state,cumulative_cases,0.01,100093.87035470021
2026/2027,Osun,state,cumulative_cases,0.025,134870.47990116978
2026/2027,Osun,state,cumulative_cases,0.05,191914.9508062314
2026/2027,Osun,state,cumulative_cases,0.1,227241.99232039152
2026/2027,Osun,state,cumulative_cases,0.15,246460.64820241134
2026/2027,Osun,state,cumulative_cases,0.2,258090.74631027007
2026/2027,Osun,state,cumulative_cases,0.25,268740.93794607493
2026/2027,Osun,state,cumulative_cases,0.3,280604.94466501666
2026/2027,Osun,state,cumulative_cases,0.35,290437.4640096443
2026/2027,Osun,state,cumulative_cases,0.4,302227.2094143293
2026/2027,Osun,state,cumulative_cases,0.45,311996.7435097389
2026/2027,Osun,state,cumulative_cases,0.5,324255.0998619583
2026/2027,Osun,state,cumulative_cases,0.55,337754.14791870257
2026/2027,Osun,state,cumulative_cases,0.6,346759.2103118297
2026/2027,Osun,state,cumulative_cases,0.65,361813.459893153
2026/2027,Osun,state,cumulative_cases,0.7,375558.1251215922
2026/2027,Osun,state,cumulative_cases,0.75,393265.37943275
2026/2027,Osun,state,cumulative_cases,0.8,414726.31055745546
2026/2027,Osun,state,cumulative_cases,0.85,439364.63335531944
2026/2027,Osun,state,cumulative_cases,0.9,481585.582953026
2026/2027,Osun,state,cumulative_cases,0.95,531514.9526332221
2026/2027,Osun,state,cumulative_cases,0.975,577576.8536885371
2026/2027,Osun,state,cumulative_cases,0.99,609288.4154834118
2026/2027,Osun,state,cumulative_hospitalizations,0.01,1651.1596819186661
2026/2027,Osun,state,cumulative_hospitalizations,0.025,2010.9906854520818
2026/2027,Osun,state,cumulative_hospitalizations,0.05,3027.8863637379545
2026/2027,Osun,state,cumulative_hospitalizations,0.1,3690.013450119723
2026/2027,Osun,state,cumulative_hospitalizations,0.15,3996.211291988234
2026/2027,Osun,state,cumulative_hospitalizations,0.2,4237.05698179534
2026/2027,Osun,state,cumulative_hospitalizations,0.25,4422.618382594191
2026/2027,Osun,state,cumulative_hospitalizations,0.3,4592.985586295583
2026/2027,Osun,state,cumulative_hospitalizations,0.35,4734.14610153362
2026/2027,Osun,state,cumulative_hospitalizations,0.4,4885.448098136957
2026/2027,Osun,state,cumulative_hospitalizations,0.45,4997.527843684303
2026/2027,Osun,state,cumulative_hospitalizations,0.5,5155.801274283238
2026/2027,Osun,state,cumulative_hospitalizations,0.55,5306.017671160872
2026/2027,Osun,state,cumulative_hospitalizations,0.6,5507.194480454218
2026/2027,Osun,state,cumulative_hospitalizations,0.65,5681.396941022568
2026/2027,Osun,state,cumulative_hospitalizations,0.7,5915.656304672891
2026/2027,Osun,state,cumulative_hospitalizations,0.75,6112.278541269163
2026/2027,Osun,state,cumulative_hospitalizations,0.8,6403.560947391935
2026/2027,Osun,state,cumulative_hospitalizations,0.85,6714.767120113892
2026/2027,Osun,state,cumulative_hospitalizations,0.9,7091.098132709869
2026/2027,Osun,state,cumulative_hospitalizations,0.95,7655.3688891087895
2026/2027,Osun,state,cumulative_hospitalizations,0.975,8397.203873901446
2026/2027,Osun,state,cumulative_hospitalizations,0.99,8766.729402872706
2026/2027,Osun,state,cumulative_deaths,0.01,136.8445111315765
2026/2027,Osun,state,cumulative_deaths,0.025,187.95609203301396
2026/2027,Osun,state,cumulative_deaths,0.05,249.10605740961975
2026/2027,Osun,state,cumulative_deaths,0.1,317.88002946207666
2026/2027,Osun,state,cumulative_deaths,0.15,346.7849776005
2026/2027,Osun,state,cumulative_deaths,0.2,364.7090798982322
2026/2027,Osun,state,cumulative_deaths,0.25,378.92111927893495
2026/2027,Osun,state,cumulative_deaths,0.3,394.2464745015442
2026/2027,Osun,state,cumulative_deaths,0.35,407.3179696314553
2026/2027,Osun,state,cumulative_deaths,0.4,420.62211314670213
2026/2027,Osun,state,cumulative_deaths,0.45,436.4827392902538
2026/2027,Osun,state,cumulative_deaths,0.5,447.4667088119154
2026/2027,Osun,state,cumulative_deaths,0.55,461.21548650162293
2026/2027,Osun,state,cumulative_deaths,0.6,475.6474154339759
2026/2027,Osun,state,cumulative_deaths,0.65,490.9232209189545
2026/2027,Osun,state,cumulative_deaths,0.7,507.6958103338068
2026/2027,Osun,state,cumulative_deaths,0.75,526.3204968261226
2026/2027,Osun,state,cumulative_deaths,0.8,549.2522388916402
2026/2027,Osun,state,cumulative_deaths,0.85,573.0233600523278
2026/2027,Osun,state,cumulative_deaths,0.9,605.0516454323072
2026/2027,Osun,state,cumulative_deaths,0.95,654.3446806834908
2026/2027,Osun,state,cumulative_deaths,0.975,685.6551156584028
2026/2027,Osun,state,cumulative_deaths,0.99,739.3493198221153
2026/2027,Osun,state,attack_rate_pct,0.01,2.362155209347916
2026/2027,Osun,state,attack_rate_pct,0.025,3.182862302724829
2026/2027,Osun,state,attack_rate_pct,0.05,4.529077546829029
2026/2027,Osun,state,attack_rate_pct,0.1,5.3627745039734664
2026/2027,Osun,state,attack_rate_pct,0.15,5.81632323725258
2026/2027,Osun,state,attack_rate_pct,0.2,6.0907865658595535
2026/2027,Osun,state,attack_rate_pct,0.25,6.342124690401249
2026/2027,Osun,state,attack_rate_pct,0.3,6.622108121710047
2026/2027,Osun,state,attack_rate_pct,0.35,6.854149671393571
2026/2027,Osun,state,attack_rate_pct,0.4,7.13238058029812
2026/2027,Osun,state,attack_rate_pct,0.45,7.362935715938253
2026/2027,Osun,state,attack_rate_pct,0.5,7.652225561688317
2026/2027,Osun,state,attack_rate_pct,0.55,7.970794986324209
2026/2027,Osun,state,attack_rate_pct,0.6,8.183309049044029
2026/2027,Osun,state,attack_rate_pct,0.65,8.538580295378411
2026/2027,Osun,state,attack_rate_pct,0.7,8.862946137712694
2026/2027,Osun,state,attack_rate_pct,0.75,9.280826701888376
2026/2027,Osun,state,attack_rate_pct,0.8,9.7872917838563
2026/2027,Osun,state,attack_rate_pct,0.85,10.368741400504447
2026/2027,Osun,state,attack_rate_pct,0.9,11.365130446930756
2026/2027,Osun,state,attack_rate_pct,0.95,12.543433576498918
2026/2027,Osun,state,attack_rate_pct,0.975,13.630466769887382
2026/2027,Osun,state,attack_rate_pct,0.99,14.378840577642773
2026/2027,Osun,state,deaths_per_100k,0.01,3.2294482538704545
2026/2027,Osun,state,deaths_per_100k,0.025,4.435650858050887
2026/2027,Osun,state,deaths_per_100k,0.05,5.878753305322885
2026/2027,Osun,state,deaths_per_100k,0.1,7.5017777300511135
2026/2027,Osun,state,deaths_per_100k,0.15,8.183917141577044
2026/2027,Osun,state,deaths_per_100k,0.2,8.606915187965253
2026/2027,Osun,state,deaths_per_100k,0.25,8.942310779519662
2026/2027,Osun,state,deaths_per_100k,0.3,9.30397995612268
2026/2027,Osun,state,deaths_per_100k,0.35,9.61245938853615
2026/2027,Osun,state,deaths_per_100k,0.4,9.926429183080888
2026/2027,Osun,state,deaths_per_100k,0.45,10.300730431856117
2026/2027,Osun,state,deaths_per_100k,0.5,10.559945513988199
2026/2027,Osun,state,deaths_per_100k,0.55,10.884408407937869
2026/2027,Osun,state,deaths_per_100k,0.6,11.224993260813385
2026/2027,Osun,state,deaths_per_100k,0.65,11.585493093375142
2026/2027,Osun,state,deaths_per_100k,0.7,11.981316127494498
2026/2027,Osun,state,deaths_per_100k,0.75,12.420847540001514
2026/2027,Osun,state,deaths_per_100k,0.8,12.962022876588364
2026/2027,Osun,state,deaths_per_100k,0.85,13.523007055567328
2026/2027,Osun,state,deaths_per_100k,0.9,14.278855349660668
2026/2027,Osun,state,deaths_per_100k,0.95,15.442141368979694
2026/2027,Osun,state,deaths_per_100k,0.975,16.181048824759422
2026/2027,Osun,state,deaths_per_100k,0.99,17.44819978642816
2026/2027,Oyo,state,peak_week,0.01,13.0
2026/2027,Oyo,state,peak_week,0.025,13.0
2026/2027,Oyo,state,peak_week,0.05,13.0
2026/2027,Oyo,state,peak_week,0.1,14.0
2026/2027,Oyo,state,peak_week,0.15,14.0
2026/2027,Oyo,state,peak_week,0.2,14.0
2026/2027,Oyo,state,peak_week,0.25,14.0
2026/2027,Oyo,state,peak_week,0.3,14.0
2026/2027,Oyo,state,peak_week,0.35,14.0
2026/2027,Oyo,state,peak_week,0.4,15.0
2026/2027,Oyo,state,peak_week,0.45,15.0
2026/2027,Oyo,state,peak_week,0.5,15.0
2026/2027,Oyo,state,peak_week,0.55,15.0
2026/2027,Oyo,state,peak_week,0.6,15.0
2026/2027,Oyo,state,peak_week,0.65,15.0
2026/2027,Oyo,state,peak_week,0.7,15.0
2026/2027,Oyo,state,peak_week,0.75,15.0
2026/2027,Oyo,state,peak_week,0.8,15.0
2026/2027,Oyo,state,peak_week,0.85,16.0
2026/2027,Oyo,state,peak_week,0.9,16.0
2026/2027,Oyo,state,peak_week,0.95,16.0
2026/2027,Oyo,state,peak_week,0.975,16.0
2026/2027,Oyo,state,peak_week,0.99,24.0
2026/2027,Oyo,state,peak_incidence_per_100k,0.01,324.9893632379286
2026/2027,Oyo,state,peak_incidence_per_100k,0.025,496.36659965507664
2026/2027,Oyo,state,peak_incidence_per_100k,0.05,826.7227335383751
2026/2027,Oyo,state,peak_incidence_per_100k,0.1,1126.713364766521
2026/2027,Oyo,state,peak_incidence_per_100k,0.15,1242.3662446674298
2026/2027,Oyo,state,peak_incidence_per_100k,0.2,1398.3276072001597
2026/2027,Oyo,state,peak_incidence_per_100k,0.25,1467.7578100926503
2026/2027,Oyo,state,peak_incidence_per_100k,0.3,1550.9541643781092
2026/2027,Oyo,state,peak_incidence_per_100k,0.35,1666.8196149042906
2026/2027,Oyo,state,peak_incidence_per_100k,0.4,1772.5457342373163
2026/2027,Oyo,state,peak_incidence_per_100k,0.45,1883.185934321709
2026/2027,Oyo,state,peak_incidence_per_100k,0.5,1981.8793038836457
2026/2027,Oyo,state,peak_incidence_per_100k,0.55,2125.9380993605787
2026/2027,Oyo,state,peak_incidence_per_100k,0.6,2234.8129392192645
2026/2027,Oyo,state,peak_incidence_per_100k,0.65,2371.609632725636
2026/2027,Oyo,state,peak_incidence_per_100k,0.7,2555.3117232911
2026/2027,Oyo,state,peak_incidence_per_100k,0.75,2745.233210691611
2026/2027,Oyo,state,peak_incidence_per_100k,0.8,2956.2645230449025
2026/2027,Oyo,state,peak_incidence_per_100k,0.85,3239.3996612395854
2026/2027,Oyo,state,peak_incidence_per_100k,0.9,3632.6872196601103
2026/2027,Oyo,state,peak_incidence_per_100k,0.95,4173.837359829186
2026/2027,Oyo,state,peak_incidence_per_100k,0.975,4729.172148321907
2026/2027,Oyo,state,peak_incidence_per_100k,0.99,5344.622925732329
2026/2027,Oyo,state,cumulative_cases,0.01,167349.67696604793
2026/2027,Oyo,state,cumulative_cases,0.025,223721.1154455271
2026/2027,Oyo,state,cumulative_cases,0.05,343759.58961987105
2026/2027,Oyo,state,cumulative_cases,0.1,415915.5654407196
2026/2027,Oyo,state,cumulative_cases,0.15,446962.23950871755
2026/2027,Oyo,state,cumulative_cases,0.2,470610.4423170266
2026/2027,Oyo,state,cumulative_cases,0.25,489330.0028754202
2026/2027,Oyo,state,cumulative_cases,0.3,511117.748583517
2026/2027,Oyo,state,cumulative_cases,0.35,531787.8702657383
2026/2027,Oyo,state,cumulative_cases,0.4,550920.5395415768
2026/2027,Oyo,state,cumulative_cases,0.45,573639.7686337904
2026/2027,Oyo,state,cumulative_cases,0.5,596905.2229538261
2026/2027,Oyo,state,cumulative_cases,0.55,622715.0571107353
2026/2027,Oyo,state,cumulative_cases,0.6,648423.490346904
2026/2027,Oyo,state,cumulative_cases,0.65,682805.170018519
2026/2027,Oyo,state,cumulative_cases,0.7,716830.1918311499
2026/2027,Oyo,state,cumulative_cases,0.75,753861.304784585
2026/2027,Oyo,state,cumulative_cases,0.8,791657.8222500697
2026/2027,Oyo,state,cumulative_cases,0.85,862071.2376737505
2026/2027,Oyo,state,cumulative_cases,0.9,926386.0781757192
2026/2027,Oyo,state,cumulative_cases,0.95,1046281.2913579304
2026/2027,Oyo,state,cumulative_cases,0.975,1123847.4864222936
2026/2027,Oyo,state,cumulative_cases,0.99,1244424.7594477518
2026/2027,Oyo,state,cumulative_hospitalizations,0.01,2644.8118503756677
2026/2027,Oyo,state,cumulative_hospitalizations,0.025,3165.3807555230856
2026/2027,Oyo,state,cumulative_hospitalizations,0.05,5240.209598719575
2026/2027,Oyo,state,cumulative_hospitalizations,0.1,7024.467261522462
2026/2027,Oyo,state,cumulative_hospitalizations,0.15,7698.305677075026
2026/2027,Oyo,state,cumulative_hospitalizations,0.2,8134.136925658285
2026/2027,Oyo,state,cumulative_hospitalizations,0.25,8463.554125724497
2026/2027,Oyo,state,cumulative_hospitalizations,0.3,8753.89992168423
2026/2027,Oyo,state,cumulative_hospitalizations,0.35,9047.474447455292
2026/2027,Oyo,state,cumulative_hospitalizations,0.4,9367.145890958944
2026/2027,Oyo,state,cumulative_hospitalizations,0.45,9658.26702769729
2026/2027,Oyo,state,cumulative_hospitalizations,0.5,9956.955324157041
2026/2027,Oyo,state,cumulative_hospitalizations,0.55,10214.10258121579
2026/2027,Oyo,state,cumulative_hospitalizations,0.6,10503.080143584617
2026/2027,Oyo,state,cumulative_hospitalizations,0.65,10843.881484731348
2026/2027,Oyo,state,cumulative_hospitalizations,0.7,11223.172067257248
2026/2027,Oyo,state,cumulative_hospitalizations,0.75,11580.155948468766
2026/2027,Oyo,state,cumulative_hospitalizations,0.8,12023.403997442205
2026/2027,Oyo,state,cumulative_hospitalizations,0.85,12585.108513850791
2026/2027,Oyo,state,cumulative_hospitalizations,0.9,13334.664476016396
2026/2027,Oyo,state,cumulative_hospitalizations,0.95,14311.380921312428
2026/2027,Oyo,state,cumulative_hospitalizations,0.975,15029.237971850274
2026/2027,Oyo,state,cumulative_hospitalizations,0.99,16196.130505021723
2026/2027,Oyo,state,cumulative_deaths,0.01,199.50981696453917
2026/2027,Oyo,state,cumulative_deaths,0.025,271.694606472903
2026/2027,Oyo,state,cumulative_deaths,0.05,372.5281255758508
2026/2027,Oyo,state,cumulative_deaths,0.1,491.09645654885395
2026/2027,Oyo,state,cumulative_deaths,0.15,531.4710802617413
2026/2027,Oyo,state,cumulative_deaths,0.2,563.7379832565929
2026/2027,Oyo,state,cumulative_deaths,0.25,591.98244481738
2026/2027,Oyo,state,cumulative_deaths,0.3,615.7127726410474
2026/2027,Oyo,state,cumulative_deaths,0.35,639.651113267123
2026/2027,Oyo,state,cumulative_deaths,0.4,656.8628602669032
2026/2027,Oyo,state,cumulative_deaths,0.45,677.4745158092346
2026/2027,Oyo,state,cumulative_deaths,0.5,696.8364028939388
2026/2027,Oyo,state,cumulative_deaths,0.55,719.6037248556398
2026/2027,Oyo,state,cumulative_deaths,0.6,741.6442270519789
2026/2027,Oyo,state,cumulative_deaths,0.65,762.5354574609453
2026/2027,Oyo,state,cumulative_deaths,0.7,786.1149158095538
2026/2027,Oyo,state,cumulative_deaths,0.75,821.0088139758806
2026/2027,Oyo,state,cumulative_deaths,0.8,858.1724990855072
2026/2027,Oyo,state,cumulative_deaths,0.85,899.593264236215
2026/2027,Oyo,state,cumulative_deaths,0.9,959.0022779701711
2026/2027,Oyo,state,cumulative_deaths,0.95,1048.6629781822523
2026/2027,Oyo,state,cumulative_deaths,0.975,1106.0685940819328
2026/2027,Oyo,state,cumulative_deaths,0.99,1185.3516598861368
2026/2027,Oyo,state,attack_rate_pct,0.01,2.22751107223616
2026/2027,Oyo,state,attack_rate_pct,0.025,2.9778441810141034
2026/2027,Oyo,state,attack_rate_pct,0.05,4.5756185846774775
2026/2027,Oyo,state,attack_rate_pct,0.1,5.5360520792790435
2026/2027,Oyo,state,attack_rate_pct,0.15,5.949299427564056
2026/2027,Oyo,state,attack_rate_pct,0.2,6.2640692828096185
2026/2027,Oyo,state,attack_rate_pct,0.25,6.513236351232923
2026/2027,Oyo,state,attack_rate_pct,0.3,6.803242556704701
2026/2027,Oyo,state,attack_rate_pct,0.35,7.078372606229434
2026/2027,Oyo,state,attack_rate_pct,0.4,7.333038366128146
2026/2027,Oyo,state,attack_rate_pct,0.45,7.63544309897889
2026/2027,Oyo,state,attack_rate_pct,0.5,7.945118373159419
2026/2027,Oyo,state,attack_rate_pct,0.55,8.288660663765443
2026/2027,Oyo,state,attack_rate_pct,0.6,8.63085325547883
2026/2027,Oyo,state,attack_rate_pct,0.65,9.088491259561366
2026/2027,Oyo,state,attack_rate_pct,0.7,9.541381962398448
2026/2027,Oyo,state,attack_rate_pct,0.75,10.034285298792337
2026/2027,Oyo,state,attack_rate_pct,0.8,10.537376566565836
2026/2027,Oyo,state,attack_rate_pct,0.85,11.47461567771174
2026/2027,Oyo,state,attack_rate_pct,0.9,12.330679590857526
2026/2027,Oyo,state,attack_rate_pct,0.95,13.926547116348319
2026/2027,Oyo,state,attack_rate_pct,0.975,14.958993437545296
2026/2027,Oyo,state,attack_rate_pct,0.99,16.563939533609418
2026/2027,Oyo,state,deaths_per_100k,0.01,2.6555792300601992
2026/2027,Oyo,state,deaths_per_100k,0.025,3.616396249799883
2026/2027,Oyo,state,deaths_per_100k,0.05,4.958542732101855
2026/2027,Oyo,state,deaths_per_100k,0.1,6.536748766598769
2026/2027,Oyo,state,deaths_per_100k,0.15,7.074155966829406
2026/2027,Oyo,state,deaths_per_100k,0.2,7.5036451955560555
2026/2027,Oyo,state,deaths_per_100k,0.25,7.87959364073152
2026/2027,Oyo,state,deaths_per_100k,0.3,8.195456622562892
2026/2027,Oyo,state,deaths_per_100k,0.35,8.514088362774512
2026/2027,Oyo,state,deaths_per_100k,0.4,8.743185650021239
2026/2027,Oyo,state,deaths_per_100k,0.45,9.017537484874053
2026/2027,Oyo,state,deaths_per_100k,0.5,9.27525425279656
2026/2027,Oyo,state,deaths_per_100k,0.55,9.578299126705359
2026/2027,Oyo,state,deaths_per_100k,0.6,9.871669652242442
2026/2027,Oyo,state,deaths_per_100k,0.65,10.149742773698483
2026/2027,Oyo,state,deaths_per_100k,0.7,10.46359760449994
2026/2027,Oyo,state,deaths_per_100k,0.75,10.928053502641546
2026/2027,Oyo,state,deaths_per_100k,0.8,11.422721443253028
2026/2027,Oyo,state,deaths_per_100k,0.85,11.974053329076828
2026/2027,Oyo,state,deaths_per_100k,0.9,12.76481814130808
2026/2027,Oyo,state,deaths_per_100k,0.95,13.958248604322222
2026/2027,Oyo,state,deaths_per_100k,0.975,14.722347151408258
2026/2027,Oyo,state,deaths_per_100k,0.99,15.777645913386278
2026/2027,Plateau,state,peak_week,0.01,14.0
2026/2027,Plateau,state,peak_week,0.025,14.0
2026/2027,Plateau,state,peak_week,0.05,14.0
2026/2027,Plateau,state,peak_week,0.1,15.0
2026/2027,Plateau,state,peak_week,0.15,15.0
2026/2027,Plateau,state,peak_week,0.2,15.0
2026/2027,Plateau,state,peak_week,0.25,15.0
2026/2027,Plateau,state,peak_week,0.3,15.0
2026/2027,Plateau,state,peak_week,0.35,16.0
2026/2027,Plateau,state,peak_week,0.4,16.0
2026/2027,Plateau,state,peak_week,0.45,16.0
2026/2027,Plateau,state,peak_week,0.5,16.0
2026/2027,Plateau,state,peak_week,0.55,16.0
2026/2027,Plateau,state,peak_week,0.6,16.0
2026/2027,Plateau,state,peak_week,0.65,17.0
2026/2027,Plateau,state,peak_week,0.7,17.0
2026/2027,Plateau,state,peak_week,0.75,17.0
2026/2027,Plateau,state,peak_week,0.8,17.0
2026/2027,Plateau,state,peak_week,0.85,17.0
2026/2027,Plateau,state,peak_week,0.9,17.0
2026/2027,Plateau,state,peak_week,0.95,18.0
2026/2027,Plateau,state,peak_week,0.975,22.0
2026/2027,Plateau,state,peak_week,0.99,27.0
2026/2027,Plateau,state,peak_incidence_per_100k,0.01,475.97809469680874
2026/2027,Plateau,state,peak_incidence_per_100k,0.025,708.7291533243382
2026/2027,Plateau,state,peak_incidence_per_100k,0.05,834.59017024495
2026/2027,Plateau,state,peak_incidence_per_100k,0.1,999.8773469575234
2026/2027,Plateau,state,peak_incidence_per_100k,0.15,1080.0507219890812
2026/2027,Plateau,state,peak_incidence_per_100k,0.2,1162.7435351006282
2026/2027,Plateau,state,peak_incidence_per_100k,0.25,1225.0450681469906
2026/2027,Plateau,state,peak_incidence_per_100k,0.3,1304.0631738932022
2026/2027,Plateau,state,peak_incidence_per_100k,0.35,1372.012959691182
2026/2027,Plateau,state,peak_incidence_per_100k,0.4,1427.9637820530045
2026/2027,Plateau,state,peak_incidence_per_100k,0.45,1483.6564025683165
2026/2027,Plateau,state,peak_incidence_per_100k,0.5,1539.5970565311345
2026/2027,Plateau,state,peak_incidence_per_100k,0.55,1597.060710526635
2026/2027,Plateau,state,peak_incidence_per_100k,0.6,1654.7334992987462
2026/2027,Plateau,state,peak_incidence_per_100k,0.65,1721.189580094639
2026/2027,Plateau,state,peak_incidence_per_100k,0.7,1802.890687349298
2026/2027,Plateau,state,peak_incidence_per_100k,0.75,1871.7671008756793
2026/2027,Plateau,state,peak_incidence_per_100k,0.8,1977.2858582327788
2026/2027,Plateau,state,peak_incidence_per_100k,0.85,2124.494347260449
2026/2027,Plateau,state,peak_incidence_per_100k,0.9,2289.3324983389234
2026/2027,Plateau,state,peak_incidence_per_100k,0.95,2534.8709181117088
2026/2027,Plateau,state,peak_incidence_per_100k,0.975,2730.6582219524307
2026/2027,Plateau,state,peak_incidence_per_100k,0.99,2983.58270769635
2026/2027,Plateau,state,cumulative_cases,0.01,188706.35702529678
2026/2027,Plateau,state,cumulative_cases,0.025,232326.6191565678
2026/2027,Plateau,state,cumulative_cases,0.05,280641.9952524465
2026/2027,Plateau,state,cumulative_cases,0.1,312035.6512945982
2026/2027,Plateau,state,cumulative_cases,0.15,335896.71979880874
2026/2027,Plateau,state,cumulative_cases,0.2,352767.2339678043
2026/2027,Plateau,state,cumulative_cases,0.25,368907.3715970683
2026/2027,Plateau,state,cumulative_cases,0.3,385003.8446085278
2026/2027,Plateau,state,cumulative_cases,0.35,399544.6437651693
2026/2027,Plateau,state,cumulative_cases,0.4,411396.78546264314
2026/2027,Plateau,state,cumulative_cases,0.45,425980.5781866317
2026/2027,Plateau,state,cumulative_cases,0.5,439930.34625450446
2026/2027,Plateau,state,cumulative_cases,0.55,450781.1249886601
2026/2027,Plateau,state,cumulative_cases,0.6,463336.10272701766
2026/2027,Plateau,state,cumulative_cases,0.65,475641.7756024787
2026/2027,Plateau,state,cumulative_cases,0.7,495156.92105985066
2026/2027,Plateau,state,cumulative_cases,0.75,515202.8921568043
2026/2027,Plateau,state,cumulative_cases,0.8,537912.7979458328
2026/2027,Plateau,state,cumulative_cases,0.85,562949.6727196741
2026/2027,Plateau,state,cumulative_cases,0.9,602600.7334586687
2026/2027,Plateau,state,cumulative_cases,0.95,668526.1066495574
2026/2027,Plateau,state,cumulative_cases,0.975,715674.1397799538
2026/2027,Plateau,state,cumulative_cases,0.99,763251.1252064563
2026/2027,Plateau,state,cumulative_hospitalizations,0.01,2789.083089421754
2026/2027,Plateau,state,cumulative_hospitalizations,0.025,3318.2899427897564
2026/2027,Plateau,state,cumulative_hospitalizations,0.05,4114.268154622678
2026/2027,Plateau,state,cumulative_hospitalizations,0.1,4685.53561238447
2026/2027,Plateau,state,cumulative_hospitalizations,0.15,4973.127762199692
2026/2027,Plateau,state,cumulative_hospitalizations,0.2,5177.689979589086
2026/2027,Plateau,state,cumulative_hospitalizations,0.25,5363.820271959268
2026/2027,Plateau,state,cumulative_hospitalizations,0.3,5517.697540123055
2026/2027,Plateau,state,cumulative_hospitalizations,0.35,5716.871717756115
2026/2027,Plateau,state,cumulative_hospitalizations,0.4,5832.529876369363
2026/2027,Plateau,state,cumulative_hospitalizations,0.45,5990.773742445018
2026/2027,Plateau,state,cumulative_hospitalizations,0.5,6148.649086640429
2026/2027,Plateau,state,cumulative_hospitalizations,0.55,6285.189619038654
2026/2027,Plateau,state,cumulative_hospitalizations,0.6,6475.375555876379
2026/2027,Plateau,state,cumulative_hospitalizations,0.65,6706.552674213877
2026/2027,Plateau,state,cumulative_hospitalizations,0.7,6975.402955426725
2026/2027,Plateau,state,cumulative_hospitalizations,0.75,7268.401505637557
2026/2027,Plateau,state,cumulative_hospitalizations,0.8,7557.085910624896
2026/2027,Plateau,state,cumulative_hospitalizations,0.85,7860.904682358601
2026/2027,Plateau,state,cumulative_hospitalizations,0.9,8248.273252250858
2026/2027,Plateau,state,cumulative_hospitalizations,0.95,9011.141598117
2026/2027,Plateau,state,cumulative_hospitalizations,0.975,9621.700635022251
2026/2027,Plateau,state,cumulative_hospitalizations,0.99,10168.302739244622
2026/2027,Plateau,state,cumulative_deaths,0.01,257.52371399901904
2026/2027,Plateau,state,cumulative_deaths,0.025,332.50919491736823
2026/2027,Plateau,state,cumulative_deaths,0.05,382.8887616045558
2026/2027,Plateau,state,cumulative_deaths,0.1,435.86238104989104
2026/2027,Plateau,state,cumulative_deaths,0.15,460.89866423311315
2026/2027,Plateau,state,cumulative_deaths,0.2,479.98413074197094
2026/2027,Plateau,state,cumulative_deaths,0.25,494.19248894476664
2026/2027,Plateau,state,cumulative_deaths,0.3,516.6355592517295
2026/2027,Plateau,state,cumulative_deaths,0.35,531.2090600439828
2026/2027,Plateau,state,cumulative_deaths,0.4,547.132682395556
2026/2027,Plateau,state,cumulative_deaths,0.45,566.4803547694713
2026/2027,Plateau,state,cumulative_deaths,0.5,583.1138889396115
2026/2027,Plateau,state,cumulative_deaths,0.55,598.3187647135305
2026/2027,Plateau,state,cumulative_deaths,0.6,616.6815018961381
2026/2027,Plateau,state,cumulative_deaths,0.65,631.2635670510133
2026/2027,Plateau,state,cumulative_deaths,0.7,654.6999583636374
2026/2027,Plateau,state,cumulative_deaths,0.75,678.9404078096854
2026/2027,Plateau,state,cumulative_deaths,0.8,709.1108779463486
2026/2027,Plateau,state,cumulative_deaths,0.85,735.4340223464338
2026/2027,Plateau,state,cumulative_deaths,0.9,785.7228165046909
2026/2027,Plateau,state,cumulative_deaths,0.95,850.2784482531865
2026/2027,Plateau,state,cumulative_deaths,0.975,902.9693105429641
2026/2027,Plateau,state,cumulative_deaths,0.99,954.5369741795805
2026/2027,Plateau,state,attack_rate_pct,0.01,3.4939319653324894
2026/2027,Plateau,state,attack_rate_pct,0.025,4.301568923615774
2026/2027,Plateau,state,attack_rate_pct,0.05,5.196136757045053
2026/2027,Plateau,state,attack_rate_pct,0.1,5.777395915895877
2026/2027,Plateau,state,attack_rate_pct,0.15,6.219187868684589
2026/2027,Plateau,state,attack_rate_pct,0.2,6.531548457145032
2026/2027,Plateau,state,attack_rate_pct,0.25,6.83038599328692
2026/2027,Plateau,state,attack_rate_pct,0.3,7.128415071217298
2026/2027,Plateau,state,attack_rate_pct,0.35,7.397640569370808
2026/2027,Plateau,state,attack_rate_pct,0.4,7.617085093589473
2026/2027,Plateau,state,attack_rate_pct,0.45,7.887106625335203
2026/2027,Plateau,state,attack_rate_pct,0.5,8.145389077127653
2026/2027,Plateau,state,attack_rate_pct,0.55,8.34629318690777
2026/2027,Plateau,state,attack_rate_pct,0.6,8.578750846181034
2026/2027,Plateau,state,attack_rate_pct,0.65,8.806592581309939
2026/2027,Plateau,state,attack_rate_pct,0.7,9.167918991275474
2026/2027,Plateau,state,attack_rate_pct,0.75,9.53907373293788
2026/2027,Plateau,state,attack_rate_pct,0.8,9.95955170207879
2026/2027,Plateau,state,attack_rate_pct,0.85,10.42311391833536
2026/2027,Plateau,state,attack_rate_pct,0.9,11.157260402636055
2026/2027,Plateau,state,attack_rate_pct,0.95,12.377880483215757
2026/2027,Plateau,state,attack_rate_pct,0.975,13.250834752767812
2026/2027,Plateau,state,attack_rate_pct,0.99,14.131731150834208
2026/2027,Plateau,state,deaths_per_100k,0.01,4.768097643110651
2026/2027,Plateau,state,deaths_per_100k,0.025,6.156467239378827
2026/2027,Plateau,state,deaths_per_100k,0.05,7.089253930949415
2026/2027,Plateau,state,deaths_per_100k,0.1,8.07006997348795
2026/2027,Plateau,state,deaths_per_100k,0.15,8.533621236338357
2026/2027,Plateau,state,deaths_per_100k,0.2,8.886992063690197
2026/2027,Plateau,state,deaths_per_100k,0.25,9.150062358099976
2026/2027,Plateau,state,deaths_per_100k,0.3,9.565599820545879
2026/2027,Plateau,state,deaths_per_100k,0.35,9.835430795334005
2026/2027,Plateau,state,deaths_per_100k,0.4,10.130259512368621
2026/2027,Plateau,state,deaths_per_100k,0.45,10.488485128228193
2026/2027,Plateau,state,deaths_per_100k,0.5,10.796457989607273
2026/2027,Plateau,state,deaths_per_100k,0.55,11.077978985152132
2026/2027,Plateau,state,deaths_per_100k,0.6,11.417968349711332
2026/2027,Plateau,state,deaths_per_100k,0.65,11.687957895205814
2026/2027,Plateau,state,deaths_per_100k,0.7,12.121886873805307
2026/2027,Plateau,state,deaths_per_100k,0.75,12.57070313261433
2026/2027,Plateau,state,deaths_per_100k,0.8,13.129314785561801
2026/2027,Plateau,state,deaths_per_100k,0.85,13.61669251409901
2026/2027,Plateau,state,deaths_per_100k,0.9,14.547798536054623
2026/2027,Plateau,state,deaths_per_100k,0.95,15.743057608742177
2026/2027,Plateau,state,deaths_per_100k,0.975,16.718638351952148
2026/2027,Plateau,state,deaths_per_100k,0.99,17.673422871126217
2026/2027,Rivers,state,peak_week,0.01,12.0
2026/2027,Rivers,state,peak_week,0.025,13.0
2026/2027,Rivers,state,peak_week,0.05,13.0
2026/2027,Rivers,state,peak_week,0.1,14.0
2026/2027,Rivers,state,peak_week,0.15,14.0
2026/2027,Rivers,state,peak_week,0.2,14.0
2026/2027,Rivers,state,peak_week,0.25,14.0
2026/2027,Rivers,state,peak_week,0.3,14.0
2026/2027,Rivers,state,peak_week,0.35,14.0
2026/2027,Rivers,state,peak_week,0.4,15.0
2026/2027,Rivers,state,peak_week,0.45,15.0
2026/2027,Rivers,state,peak_week,0.5,15.0
2026/2027,Rivers,state,peak_week,0.55,15.0
2026/2027,Rivers,state,peak_week,0.6,15.0
2026/2027,Rivers,state,peak_week,0.65,15.0
2026/2027,Rivers,state,peak_week,0.7,15.0
2026/2027,Rivers,state,peak_week,0.75,15.0
2026/2027,Rivers,state,peak_week,0.8,15.0
2026/2027,Rivers,state,peak_week,0.85,16.0
2026/2027,Rivers,state,peak_week,0.9,16.0
2026/2027,Rivers,state,peak_week,0.95,16.0
2026/2027,Rivers,state,peak_week,0.975,17.0
2026/2027,Rivers,state,peak_week,0.99,24.0
2026/2027,Rivers,state,peak_incidence_per_100k,0.01,311.5116669592769
2026/2027,Rivers,state,peak_incidence_per_100k,0.025,490.6888557896385
2026/2027,Rivers,state,peak_incidence_per_100k,0.05,923.1263489576685
2026/2027,Rivers,state,peak_incidence_per_100k,0.1,1156.858460617733
2026/2027,Rivers,state,peak_incidence_per_100k,0.15,1304.7462257467319
2026/2027,Rivers,state,peak_incidence_per_100k,0.2,1400.9035994240242
2026/2027,Rivers,state,peak_incidence_per_100k,0.25,1486.4357627845668
2026/2027,Rivers,state,peak_incidence_per_100k,0.3,1570.3354952690488
2026/2027,Rivers,state,peak_incidence_per_100k,0.35,1624.1010694696974
2026/2027,Rivers,state,peak_incidence_per_100k,0.4,1686.9911299926994
2026/2027,Rivers,state,peak_incidence_per_100k,0.45,1774.41319434914
2026/2027,Rivers,state,peak_incidence_per_100k,0.5,1850.0844233660741
2026/2027,Rivers,state,peak_incidence_per_100k,0.55,1925.7574302011678
2026/2027,Rivers,state,peak_incidence_per_100k,0.6,2019.0705846686355
2026/2027,Rivers,state,peak_incidence_per_100k,0.65,2097.1897382250845
2026/2027,Rivers,state,peak_incidence_per_100k,0.7,2210.4206402878003
2026/2027,Rivers,state,peak_incidence_per_100k,0.75,2355.1354832603292
2026/2027,Rivers,state,peak_incidence_per_100k,0.8,2480.446023097998
2026/2027,Rivers,state,peak_incidence_per_100k,0.85,2670.7929705654133
2026/2027,Rivers,state,peak_incidence_per_100k,0.9,2940.8505538659188
2026/2027,Rivers,state,peak_incidence_per_100k,0.95,3293.7559274634145
2026/2027,Rivers,state,peak_incidence_per_100k,0.975,3707.7662696671737
2026/2027,Rivers,state,peak_incidence_per_100k,0.99,4255.6091036062935
2026/2027,Rivers,state,cumulative_cases,0.01,168813.17341985644
2026/2027,Rivers,state,cumulative_cases,0.025,223028.59246579048
2026/2027,Rivers,state,cumulative_cases,0.05,343445.1368399163
2026/2027,Rivers,state,cumulative_cases,0.1,414655.37273431686
2026/2027,Rivers,state,cumulative_cases,0.15,443952.84765860625
2026/2027,Rivers,state,cumulative_cases,0.2,467484.2702392874
2026/2027,Rivers,state,cumulative_cases,0.25,488789.51873723237
2026/2027,Rivers,state,cumulative_cases,0.3,506187.5886874741
2026/2027,Rivers,state,cumulative_cases,0.35,526111.7137445185
2026/2027,Rivers,state,cumulative_cases,0.4,542478.8270436315
2026/2027,Rivers,state,cumulative_cases,0.45,558899.2269938414
2026/2027,Rivers,state,cumulative_cases,0.5,579882.5921192687
2026/2027,Rivers,state,cumulative_cases,0.55,595957.6291153225
2026/2027,Rivers,state,cumulative_cases,0.6,611205.6666318043
2026/2027,Rivers,state,cumulative_cases,0.65,633546.4495664964
2026/2027,Rivers,state,cumulative_cases,0.7,654599.3063168817
2026/2027,Rivers,state,cumulative_cases,0.75,679960.157377926
2026/2027,Rivers,state,cumulative_cases,0.8,706281.631797294
2026/2027,Rivers,state,cumulative_cases,0.85,743255.4289063015
2026/2027,Rivers,state,cumulative_cases,0.9,801663.4702229504
2026/2027,Rivers,state,cumulative_cases,0.95,906572.0401787272
2026/2027,Rivers,state,cumulative_cases,0.975,945344.8038105619
2026/2027,Rivers,state,cumulative_cases,0.99,1040326.6094401204
2026/2027,Rivers,state,cumulative_hospitalizations,0.01,2769.986500828502
2026/2027,Rivers,state,cumulative_hospitalizations,0.025,3542.695044630115
2026/2027,Rivers,state,cumulative_hospitalizations,0.05,5363.615670147087
2026/2027,Rivers,state,cumulative_hospitalizations,0.1,7054.926072126326
2026/2027,Rivers,state,cumulative_hospitalizations,0.15,7741.915367507703
2026/2027,Rivers,state,cumulative_hospitalizations,0.2,8211.602391108445
2026/2027,Rivers,state,cumulative_hospitalizations,0.25,8547.669177528873
2026/2027,Rivers,state,cumulative_hospitalizations,0.3,8787.349263232907
2026/2027,Rivers,state,cumulative_hospitalizations,0.35,9085.633866347054
2026/2027,Rivers,state,cumulative_hospitalizations,0.4,9358.40427344137
2026/2027,Rivers,state,cumulative_hospitalizations,0.45,9646.347976760957
2026/2027,Rivers,state,cumulative_hospitalizations,0.5,9927.43281030251
2026/2027,Rivers,state,cumulative_hospitalizations,0.55,10142.78973614203
2026/2027,Rivers,state,cumulative_hospitalizations,0.6,10473.867907746457
2026/2027,Rivers,state,cumulative_hospitalizations,0.65,10776.676037229145
2026/2027,Rivers,state,cumulative_hospitalizations,0.7,11163.490096050395
2026/2027,Rivers,state,cumulative_hospitalizations,0.75,11554.017744417442
2026/2027,Rivers,state,cumulative_hospitalizations,0.8,11963.489856444947
2026/2027,Rivers,state,cumulative_hospitalizations,0.85,12464.681775281617
2026/2027,Rivers,state,cumulative_hospitalizations,0.9,13168.044981309002
2026/2027,Rivers,state,cumulative_hospitalizations,0.95,14164.755305749512
2026/2027,Rivers,state,cumulative_hospitalizations,0.975,15179.387222247911
2026/2027,Rivers,state,cumulative_hospitalizations,0.99,16722.389953258473
2026/2027,Rivers,state,cumulative_deaths,0.01,211.13314674499114
2026/2027,Rivers,state,cumulative_deaths,0.025,285.11401209396473
2026/2027,Rivers,state,cumulative_deaths,0.05,383.4671208365029
2026/2027,Rivers,state,cumulative_deaths,0.1,475.5504152816585
2026/2027,Rivers,state,cumulative_deaths,0.15,505.2246981654473
2026/2027,Rivers,state,cumulative_deaths,0.2,536.8387219165129
2026/2027,Rivers,state,cumulative_deaths,0.25,566.0837180755549
2026/2027,Rivers,state,cumulative_deaths,0.3,591.2741843763148
2026/2027,Rivers,state,cumulative_deaths,0.35,610.095405680141
2026/2027,Rivers,state,cumulative_deaths,0.4,631.215242718588
2026/2027,Rivers,state,cumulative_deaths,0.45,651.9162439228397
2026/2027,Rivers,state,cumulative_deaths,0.5,671.5290053676861
2026/2027,Rivers,state,cumulative_deaths,0.55,694.6469927187021
2026/2027,Rivers,state,cumulative_deaths,0.6,713.973765981337
2026/2027,Rivers,state,cumulative_deaths,0.65,737.9183384767935
2026/2027,Rivers,state,cumulative_deaths,0.7,764.5852138974543
2026/2027,Rivers,state,cumulative_deaths,0.75,786.1041440906242
2026/2027,Rivers,state,cumulative_deaths,0.8,814.9929607760314
2026/2027,Rivers,state,cumulative_deaths,0.85,864.5416988288791
2026/2027,Rivers,state,cumulative_deaths,0.9,901.9767527956535
2026/2027,Rivers,state,cumulative_deaths,0.95,991.0416931710168
2026/2027,Rivers,state,cumulative_deaths,0.975,1052.0912662810208
2026/2027,Rivers,state,cumulative_deaths,0.99,1127.6485002785807
2026/2027,Rivers,state,attack_rate_pct,0.01,2.3332937582470095
2026/2027,Rivers,state,attack_rate_pct,0.025,3.082645815897177
2026/2027,Rivers,state,attack_rate_pct,0.05,4.747013386779968
2026/2027,Rivers,state,attack_rate_pct,0.1,5.731263582245806
2026/2027,Rivers,state,attack_rate_pct,0.15,6.136206004619592
2026/2027,Rivers,state,attack_rate_pct,0.2,6.461451483499488
2026/2027,Rivers,state,attack_rate_pct,0.25,6.755927337078278
2026/2027,Rivers,state,attack_rate_pct,0.3,6.996399139118751
2026/2027,Rivers,state,attack_rate_pct,0.35,7.271785447499506
2026/2027,Rivers,state,attack_rate_pct,0.4,7.498007622746228
2026/2027,Rivers,state,attack_rate_pct,0.45,7.724966312850667
2026/2027,Rivers,state,attack_rate_pct,0.5,8.014993174394275
2026/2027,Rivers,state,attack_rate_pct,0.55,8.23717834351728
2026/2027,Rivers,state,attack_rate_pct,0.6,8.447932931219015
2026/2027,Rivers,state,attack_rate_pct,0.65,8.75672168460748
2026/2027,Rivers,state,attack_rate_pct,0.7,9.047709042133008
2026/2027,Rivers,state,attack_rate_pct,0.75,9.398240427129805
2026/2027,Rivers,state,attack_rate_pct,0.8,9.76204930961448
2026/2027,Rivers,state,attack_rate_pct,0.85,10.273091950810342
2026/2027,Rivers,state,attack_rate_pct,0.9,11.080393392248325
2026/2027,Rivers,state,attack_rate_pct,0.95,12.53041359212712
2026/2027,Rivers,state,attack_rate_pct,0.975,13.06632110182805
2026/2027,Rivers,state,attack_rate_pct,0.99,14.3791360305024
2026/2027,Rivers,state,deaths_per_100k,0.01,2.918229919378982
2026/2027,Rivers,state,deaths_per_100k,0.025,3.9407750670799286
2026/2027,Rivers,state,deaths_per_100k,0.05,5.300187310118544
2026/2027,Rivers,state,deaths_per_100k,0.1,6.572939737047512
2026/2027,Rivers,state,deaths_per_100k,0.15,6.983090305457219
2026/2027,Rivers,state,deaths_per_100k,0.2,7.4200514903996595
2026/2027,Rivers,state,deaths_per_100k,0.25,7.824268564313299
2026/2027,Rivers,state,deaths_per_100k,0.3,8.172444933468512
2026/2027,Rivers,state,deaths_per_100k,0.35,8.432587180078501
2026/2027,Rivers,state,deaths_per_100k,0.4,8.724500322511057
2026/2027,Rivers,state,deaths_per_100k,0.45,9.010624420061275
2026/2027,Rivers,state,deaths_per_100k,0.5,9.2817071379214
2026/2027,Rivers,state,deaths_per_100k,0.55,9.60123821773353
2026/2027,Rivers,state,deaths_per_100k,0.6,9.868368077964313
2026/2027,Rivers,state,deaths_per_100k,0.65,10.199324012360426
2026/2027,Rivers,state,deaths_per_100k,0.7,10.56790694170461
2026/2027,Rivers,state,deaths_per_100k,0.75,10.865336250606937
2026/2027,Rivers,state,deaths_per_100k,0.8,11.264630300293192
2026/2027,Rivers,state,deaths_per_100k,0.85,11.94948065222744
2026/2027,Rivers,state,deaths_per_100k,0.9,12.466898671158186
2026/2027,Rivers,state,deaths_per_100k,0.95,13.697932157742908
2026/2027,Rivers,state,deaths_per_100k,0.975,14.541744195604057
2026/2027,Rivers,state,deaths_per_100k,0.99,15.586077519274511
2026/2027,Sokoto,state,peak_week,0.01,15.0
2026/2027,Sokoto,state,peak_week,0.025,16.0
2026/2027,Sokoto,state,peak_week,0.05,16.0
2026/2027,Sokoto,state,peak_week,0.1,16.0
2026/2027,Sokoto,state,peak_week,0.15,17.0
2026/2027,Sokoto,state,peak_week,0.2,17.0
2026/2027,Sokoto,state,peak_week,0.25,17.0
2026/2027,Sokoto,state,peak_week,0.3,17.0
2026/2027,Sokoto,state,peak_week,0.35,17.0
2026/2027,Sokoto,state,peak_week,0.4,17.0
2026/2027,Sokoto,state,peak_week,0.45,18.0
2026/2027,Sokoto,state,peak_week,0.5,18.0
2026/2027,Sokoto,state,peak_week,0.55,18.0
2026/2027,Sokoto,state,peak_week,0.6,18.0
2026/2027,Sokoto,state,peak_week,0.65,18.0
2026/2027,Sokoto,state,peak_week,0.7,18.0
2026/2027,Sokoto,state,peak_week,0.75,18.0
2026/2027,Sokoto,state,peak_week,0.8,19.0
2026/2027,Sokoto,state,peak_week,0.85,19.0
2026/2027,Sokoto,state,peak_week,0.9,19.0
2026/2027,Sokoto,state,peak_week,0.95,26.0
2026/2027,Sokoto,state,peak_week,0.975,26.0
2026/2027,Sokoto,state,peak_week,0.99,28.0
2026/2027,Sokoto,state,peak_incidence_per_100k,0.01,571.0962260982016
2026/2027,Sokoto,state,peak_incidence_per_100k,0.025,681.2324480671556
2026/2027,Sokoto,state,peak_incidence_per_100k,0.05,790.1057483988233
2026/2027,Sokoto,state,peak_incidence_per_100k,0.1,886.2180934888893
2026/2027,Sokoto,state,peak_incidence_per_100k,0.15,953.8062075982101
2026/2027,Sokoto,state,peak_incidence_per_100k,0.2,1012.8485088041971
2026/2027,Sokoto,state,peak_incidence_per_100k,0.25,1064.5538480384207
2026/2027,Sokoto,state,peak_incidence_per_100k,0.3,1111.91429899277
2026/2027,Sokoto,state,peak_incidence_per_100k,0.35,1160.6656636676237
2026/2027,Sokoto,state,peak_incidence_per_100k,0.4,1212.107926880986
2026/2027,Sokoto,state,peak_incidence_per_100k,0.45,1266.7061109231888
2026/2027,Sokoto,state,peak_incidence_per_100k,0.5,1325.5581848068368
2026/2027,Sokoto,state,peak_incidence_per_100k,0.55,1370.647620655356
2026/2027,Sokoto,state,peak_incidence_per_100k,0.6,1422.0029284147947
2026/2027,Sokoto,state,peak_incidence_per_100k,0.65,1488.4558928064064
2026/2027,Sokoto,state,peak_incidence_per_100k,0.7,1549.0264723158166
2026/2027,Sokoto,state,peak_incidence_per_100k,0.75,1644.5086434771338
2026/2027,Sokoto,state,peak_incidence_per_100k,0.8,1733.1641449996173
2026/2027,Sokoto,state,peak_incidence_per_100k,0.85,1854.1264035117424
2026/2027,Sokoto,state,peak_incidence_per_100k,0.9,2032.4385773470206
2026/2027,Sokoto,state,peak_incidence_per_100k,0.95,2222.8807174920453
2026/2027,Sokoto,state,peak_incidence_per_100k,0.975,2399.096683417809
2026/2027,Sokoto,state,peak_incidence_per_100k,0.99,2604.779855793115
2026/2027,Sokoto,state,cumulative_cases,0.01,239671.40058941935
2026/2027,Sokoto,state,cumulative_cases,0.025,285131.29630711745
2026/2027,Sokoto,state,cumulative_cases,0.05,315182.3087628833
2026/2027,Sokoto,state,cumulative_cases,0.1,344121.59893477947
2026/2027,Sokoto,state,cumulative_cases,0.15,359758.0786142647
2026/2027,Sokoto,state,cumulative_cases,0.2,378735.7782027081
2026/2027,Sokoto,state,cumulative_cases,0.25,393313.4569072798
2026/2027,Sokoto,state,cumulative_cases,0.3,405371.9640789641
2026/2027,Sokoto,state,cumulative_cases,0.35,415756.84062247665
2026/2027,Sokoto,state,cumulative_cases,0.4,427488.62072284834
2026/2027,Sokoto,state,cumulative_cases,0.45,437079.5067062289
2026/2027,Sokoto,state,cumulative_cases,0.5,452402.89649430825
2026/2027,Sokoto,state,cumulative_cases,0.55,464707.51615378505
2026/2027,Sokoto,state,cumulative_cases,0.6,480850.49882196524
2026/2027,Sokoto,state,cumulative_cases,0.65,497404.1588623371
2026/2027,Sokoto,state,cumulative_cases,0.7,514679.51363134605
2026/2027,Sokoto,state,cumulative_cases,0.75,533405.9611901278
2026/2027,Sokoto,state,cumulative_cases,0.8,550094.8949851383
2026/2027,Sokoto,state,cumulative_cases,0.85,576645.3289341967
2026/2027,Sokoto,state,cumulative_cases,0.9,612669.1174516461
2026/2027,Sokoto,state,cumulative_cases,0.95,665973.0602533913
2026/2027,Sokoto,state,cumulative_cases,0.975,720435.7217633834
2026/2027,Sokoto,state,cumulative_cases,0.99,779925.0515747283
2026/2027,Sokoto,state,cumulative_hospitalizations,0.01,3161.4454259984072
2026/2027,Sokoto,state,cumulative_hospitalizations,0.025,3681.1051923049354
2026/2027,Sokoto,state,cumulative_hospitalizations,0.05,4047.822064721569
2026/2027,Sokoto,state,cumulative_hospitalizations,0.1,4400.547272363124
2026/2027,Sokoto,state,cumulative_hospitalizations,0.15,4655.111456263762
2026/2027,Sokoto,state,cumulative_hospitalizations,0.2,4900.921803558215
2026/2027,Sokoto,state,cumulative_hospitalizations,0.25,5076.309786102509
2026/2027,Sokoto,state,cumulative_hospitalizations,0.3,5242.30452006593
2026/2027,Sokoto,state,cumulative_hospitalizations,0.35,5416.5210029829805
2026/2027,Sokoto,state,cumulative_hospitalizations,0.4,5594.360174946702
2026/2027,Sokoto,state,cumulative_hospitalizations,0.45,5741.190920600527
2026/2027,Sokoto,state,cumulative_hospitalizations,0.5,5923.06453945624
2026/2027,Sokoto,state,cumulative_hospitalizations,0.55,6128.711173305197
2026/2027,Sokoto,state,cumulative_hospitalizations,0.6,6346.806651185112
2026/2027,Sokoto,state,cumulative_hospitalizations,0.65,6530.890569682122
2026/2027,Sokoto,state,cumulative_hospitalizations,0.7,6755.767648345284
2026/2027,Sokoto,state,cumulative_hospitalizations,0.75,7047.269217799364
2026/2027,Sokoto,state,cumulative_hospitalizations,0.8,7302.982469226098
2026/2027,Sokoto,state,cumulative_hospitalizations,0.85,7650.821773526874
2026/2027,Sokoto,state,cumulative_hospitalizations,0.9,8064.585273072026
2026/2027,Sokoto,state,cumulative_hospitalizations,0.95,8726.44353377129
2026/2027,Sokoto,state,cumulative_hospitalizations,0.975,9446.911611467538
2026/2027,Sokoto,state,cumulative_hospitalizations,0.99,9981.794655322583
2026/2027,Sokoto,state,cumulative_deaths,0.01,448.49803791449915
2026/2027,Sokoto,state,cumulative_deaths,0.025,528.3467651707376
2026/2027,Sokoto,state,cumulative_deaths,0.05,567.888475472114
2026/2027,Sokoto,state,cumulative_deaths,0.1,615.461643216336
2026/2027,Sokoto,state,cumulative_deaths,0.15,644.5342977134367
2026/2027,Sokoto,state,cumulative_deaths,0.2,672.2863855461659
2026/2027,Sokoto,state,cumulative_deaths,0.25,697.4816419297265
2026/2027,Sokoto,state,cumulative_deaths,0.3,722.3547200010398
2026/2027,Sokoto,state,cumulative_deaths,0.35,737.2382905221056
2026/2027,Sokoto,state,cumulative_deaths,0.4,756.6455163675037
2026/2027,Sokoto,state,cumulative_deaths,0.45,778.5928541789176
2026/2027,Sokoto,state,cumulative_deaths,0.5,800.5655113117056
2026/2027,Sokoto,state,cumulative_deaths,0.55,822.5712495208231
2026/2027,Sokoto,state,cumulative_deaths,0.6,841.0677745169353
2026/2027,Sokoto,state,cumulative_deaths,0.65,867.0313412388812
2026/2027,Sokoto,state,cumulative_deaths,0.7,896.6981960612868
2026/2027,Sokoto,state,cumulative_deaths,0.75,924.9681791768938
2026/2027,Sokoto,state,cumulative_deaths,0.8,960.0927638627861
2026/2027,Sokoto,state,cumulative_deaths,0.85,1013.3682585422906
2026/2027,Sokoto,state,cumulative_deaths,0.9,1060.817062649406
2026/2027,Sokoto,state,cumulative_deaths,0.95,1142.9720785050479
2026/2027,Sokoto,state,cumulative_deaths,0.975,1213.8415100145805
2026/2027,Sokoto,state,cumulative_deaths,0.99,1292.3502753134708
2026/2027,Sokoto,state,attack_rate_pct,0.01,3.8887575630825313
2026/2027,Sokoto,state,attack_rate_pct,0.025,4.626361269049883
2026/2027,Sokoto,state,attack_rate_pct,0.05,5.113950116439486
2026/2027,Sokoto,state,attack_rate_pct,0.1,5.583500856533795
2026/2027,Sokoto,state,attack_rate_pct,0.15,5.837208551586456
2026/2027,Sokoto,state,attack_rate_pct,0.2,6.14512878163048
2026/2027,Sokoto,state,attack_rate_pct,0.25,6.381657037297097
2026/2027,Sokoto,state,attack_rate_pct,0.3,6.577310798438601
2026/2027,Sokoto,state,attack_rate_pct,0.35,6.745809280530943
2026/2027,Sokoto,state,attack_rate_pct,0.4,6.936161773492324
2026/2027,Sokoto,state,attack_rate_pct,0.45,7.091777463611422
2026/2027,Sokoto,state,attack_rate_pct,0.5,7.3404051587970365
2026/2027,Sokoto,state,attack_rate_pct,0.55,7.540052186535717
2026/2027,Sokoto,state,attack_rate_pct,0.6,7.801978080852734
2026/2027,Sokoto,state,attack_rate_pct,0.65,8.0705673681869
2026/2027,Sokoto,state,attack_rate_pct,0.7,8.350866420755139
2026/2027,Sokoto,state,attack_rate_pct,0.75,8.654709993224735
2026/2027,Sokoto,state,attack_rate_pct,0.8,8.925494147510669
2026/2027,Sokoto,state,attack_rate_pct,0.85,9.356284807425068
2026/2027,Sokoto,state,attack_rate_pct,0.9,9.940784166562628
2026/2027,Sokoto,state,attack_rate_pct,0.95,10.805660452187986
2026/2027,Sokoto,state,attack_rate_pct,0.975,11.68933737956326
2026/2027,Sokoto,state,attack_rate_pct,0.99,12.654573868596366
2026/2027,Sokoto,state,deaths_per_100k,0.01,7.2770473768603665
2026/2027,Sokoto,state,deaths_per_100k,0.025,8.572622657250829
2026/2027,Sokoto,state,deaths_per_100k,0.05,9.21420160498317
2026/2027,Sokoto,state,deaths_per_100k,0.1,9.986093935107535
2026/2027,Sokoto,state,deaths_per_100k,0.15,10.457808560951284
2026/2027,Sokoto,state,deaths_per_100k,0.2,10.908096501796328
2026/2027,Sokoto,state,deaths_per_100k,0.25,11.316898901975982
2026/2027,Sokoto,state,deaths_per_100k,0.3,11.720473839282175
2026/2027,Sokoto,state,deaths_per_100k,0.35,11.96196530337479
2026/2027,Sokoto,state,deaths_per_100k,0.4,12.27685475659758
2026/2027,Sokoto,state,deaths_per_100k,0.45,12.632958470656781
2026/2027,Sokoto,state,deaths_per_100k,0.5,12.98947300011675
2026/2027,Sokoto,state,deaths_per_100k,0.55,13.34652428233677
2026/2027,Sokoto,state,deaths_per_100k,0.6,13.646637275762286
2026/2027,Sokoto,state,deaths_per_100k,0.65,14.06790579677172
2026/2027,Sokoto,state,deaths_per_100k,0.7,14.5492615437644
2026/2027,Sokoto,state,deaths_per_100k,0.75,15.007952528081557
2026/2027,Sokoto,state,deaths_per_100k,0.8,15.577861970808058
2026/2027,Sokoto,state,deaths_per_100k,0.85,16.442276675075583
2026/2027,Sokoto,state,deaths_per_100k,0.9,17.21215115896055
2026/2027,Sokoto,state,deaths_per_100k,0.95,18.5451468291494
2026/2027,Sokoto,state,deaths_per_100k,0.975,19.695029698345685
2026/2027,Sokoto,state,deaths_per_100k,0.99,20.968863597899446
2026/2027,Taraba,state,peak_week,0.01,14.0
2026/2027,Taraba,state,peak_week,0.025,15.0
2026/2027,Taraba,state,peak_week,0.05,15.0
2026/2027,Taraba,state,peak_week,0.1,15.0
2026/2027,Taraba,state,peak_week,0.15,15.0
2026/2027,Taraba,state,peak_week,0.2,15.0
2026/2027,Taraba,state,peak_week,0.25,16.0
2026/2027,Taraba,state,peak_week,0.3,16.0
2026/2027,Taraba,state,peak_week,0.35,16.0
2026/2027,Taraba,state,peak_week,0.4,16.0
2026/2027,Taraba,state,peak_week,0.45,16.0
2026/2027,Taraba,state,peak_week,0.5,16.0
2026/2027,Taraba,state,peak_week,0.55,16.0
2026/2027,Taraba,state,peak_week,0.6,16.0
2026/2027,Taraba,state,peak_week,0.65,16.0
2026/2027,Taraba,state,peak_week,0.7,17.0
2026/2027,Taraba,state,peak_week,0.75,17.0
2026/2027,Taraba,state,peak_week,0.8,17.0
2026/2027,Taraba,state,peak_week,0.85,17.0
2026/2027,Taraba,state,peak_week,0.9,17.0
2026/2027,Taraba,state,peak_week,0.95,18.0
2026/2027,Taraba,state,peak_week,0.975,24.0
2026/2027,Taraba,state,peak_week,0.99,27.0
2026/2027,Taraba,state,peak_incidence_per_100k,0.01,499.0156513476746
2026/2027,Taraba,state,peak_incidence_per_100k,0.025,681.1020630898992
2026/2027,Taraba,state,peak_incidence_per_100k,0.05,879.840934645896
2026/2027,Taraba,state,peak_incidence_per_100k,0.1,1045.952828745228
2026/2027,Taraba,state,peak_incidence_per_100k,0.15,1134.0669774389728
2026/2027,Taraba,state,peak_incidence_per_100k,0.2,1198.3960899228505
2026/2027,Taraba,state,peak_incidence_per_100k,0.25,1278.1415911041145
2026/2027,Taraba,state,peak_incidence_per_100k,0.3,1336.3673836257274
2026/2027,Taraba,state,peak_incidence_per_100k,0.35,1396.340242391031
2026/2027,Taraba,state,peak_incidence_per_100k,0.4,1454.8259243673183
2026/2027,Taraba,state,peak_incidence_per_100k,0.45,1516.4559640243206
2026/2027,Taraba,state,peak_incidence_per_100k,0.5,1566.0628163746742
2026/2027,Taraba,state,peak_incidence_per_100k,0.55,1620.2320625633809
2026/2027,Taraba,state,peak_incidence_per_100k,0.6,1683.490927744885
2026/2027,Taraba,state,peak_incidence_per_100k,0.65,1740.2185213506357
2026/2027,Taraba,state,peak_incidence_per_100k,0.7,1809.798772303307
2026/2027,Taraba,state,peak_incidence_per_100k,0.75,1906.6099325869347
2026/2027,Taraba,state,peak_incidence_per_100k,0.8,1992.2508648202077
2026/2027,Taraba,state,peak_incidence_per_100k,0.85,2102.707563575648
2026/2027,Taraba,state,peak_incidence_per_100k,0.9,2222.333401757525
2026/2027,Taraba,state,peak_incidence_per_100k,0.95,2501.521709241809
2026/2027,Taraba,state,peak_incidence_per_100k,0.975,2756.852546821903
2026/2027,Taraba,state,peak_incidence_per_100k,0.99,2925.3225899946933
2026/2027,Taraba,state,cumulative_cases,0.01,152443.4864190981
2026/2027,Taraba,state,cumulative_cases,0.025,185724.86592755516
2026/2027,Taraba,state,cumulative_cases,0.05,229712.95034466655
2026/2027,Taraba,state,cumulative_cases,0.1,256277.38172879358
2026/2027,Taraba,state,cumulative_cases,0.15,270683.9016977286
2026/2027,Taraba,state,cumulative_cases,0.2,282739.49720094167
2026/2027,Taraba,state,cumulative_cases,0.25,292296.72965201834
2026/2027,Taraba,state,cumulative_cases,0.3,300466.56352643
2026/2027,Taraba,state,cumulative_cases,0.35,309989.2738101456
2026/2027,Taraba,state,cumulative_cases,0.4,318198.2423124057
2026/2027,Taraba,state,cumulative_cases,0.45,328013.7754723091
2026/2027,Taraba,state,cumulative_cases,0.5,335598.2144886857
2026/2027,Taraba,state,cumulative_cases,0.55,346816.03394112346
2026/2027,Taraba,state,cumulative_cases,0.6,355919.3289443451
2026/2027,Taraba,state,cumulative_cases,0.65,366796.79337412585
2026/2027,Taraba,state,cumulative_cases,0.7,376129.4594256473
2026/2027,Taraba,state,cumulative_cases,0.75,386885.73645034083
2026/2027,Taraba,state,cumulative_cases,0.8,399340.04681190866
2026/2027,Taraba,state,cumulative_cases,0.85,415347.90829523193
2026/2027,Taraba,state,cumulative_cases,0.9,442744.79472684895
2026/2027,Taraba,state,cumulative_cases,0.95,476609.7066704869
2026/2027,Taraba,state,cumulative_cases,0.975,498405.48567412747
2026/2027,Taraba,state,cumulative_cases,0.99,540831.4679924633
2026/2027,Taraba,state,cumulative_hospitalizations,0.01,1986.7204185511787
2026/2027,Taraba,state,cumulative_hospitalizations,0.025,2323.380145580581
2026/2027,Taraba,state,cumulative_hospitalizations,0.05,2731.3826776028345
2026/2027,Taraba,state,cumulative_hospitalizations,0.1,3145.01888855975
2026/2027,Taraba,state,cumulative_hospitalizations,0.15,3320.169257950126
2026/2027,Taraba,state,cumulative_hospitalizations,0.2,3479.0791720795555
2026/2027,Taraba,state,cumulative_hospitalizations,0.25,3578.4249984394896
2026/2027,Taraba,state,cumulative_hospitalizations,0.3,3696.8849079844495
2026/2027,Taraba,state,cumulative_hospitalizations,0.35,3825.0906979596125
2026/2027,Taraba,state,cumulative_hospitalizations,0.4,3930.235945973081
2026/2027,Taraba,state,cumulative_hospitalizations,0.45,4043.080141192979
2026/2027,Taraba,state,cumulative_hospitalizations,0.5,4130.7805251042955
2026/2027,Taraba,state,cumulative_hospitalizations,0.55,4223.683885695456
2026/2027,Taraba,state,cumulative_hospitalizations,0.6,4349.369600185117
2026/2027,Taraba,state,cumulative_hospitalizations,0.65,4474.0652606698595
2026/2027,Taraba,state,cumulative_hospitalizations,0.7,4608.440708633735
2026/2027,Taraba,state,cumulative_hospitalizations,0.75,4743.830275593928
2026/2027,Taraba,state,cumulative_hospitalizations,0.8,4950.53359722652
2026/2027,Taraba,state,cumulative_hospitalizations,0.85,5164.623992171796
2026/2027,Taraba,state,cumulative_hospitalizations,0.9,5440.604348669716
2026/2027,Taraba,state,cumulative_hospitalizations,0.95,5837.674635114823
2026/2027,Taraba,state,cumulative_hospitalizations,0.975,6208.743333256314
2026/2027,Taraba,state,cumulative_hospitalizations,0.99,6732.304498822179
2026/2027,Taraba,state,cumulative_deaths,0.01,274.38945766750163
2026/2027,Taraba,state,cumulative_deaths,0.025,324.9065922349808
2026/2027,Taraba,state,cumulative_deaths,0.05,372.8168555586931
2026/2027,Taraba,state,cumulative_deaths,0.1,415.87194753120986
2026/2027,Taraba,state,cumulative_deaths,0.15,442.38195870187474
2026/2027,Taraba,state,cumulative_deaths,0.2,463.1970568826249
2026/2027,Taraba,state,cumulative_deaths,0.25,481.2579128439975
2026/2027,Taraba,state,cumulative_deaths,0.3,501.89779579744106
2026/2027,Taraba,state,cumulative_deaths,0.35,520.9914378566614
2026/2027,Taraba,state,cumulative_deaths,0.4,539.7093403152745
2026/2027,Taraba,state,cumulative_deaths,0.45,558.5521104518111
2026/2027,Taraba,state,cumulative_deaths,0.5,574.9565273115934
2026/2027,Taraba,state,cumulative_deaths,0.55,594.9113917524015
2026/2027,Taraba,state,cumulative_deaths,0.6,613.1056837274236
2026/2027,Taraba,state,cumulative_deaths,0.65,635.1253655013063
2026/2027,Taraba,state,cumulative_deaths,0.7,657.8635769528546
2026/2027,Taraba,state,cumulative_deaths,0.75,679.5383436914062
2026/2027,Taraba,state,cumulative_deaths,0.8,718.7173722995727
2026/2027,Taraba,state,cumulative_deaths,0.85,757.247761921916
2026/2027,Taraba,state,cumulative_deaths,0.9,803.5385991829253
2026/2027,Taraba,state,cumulative_deaths,0.95,870.8704527252357
2026/2027,Taraba,state,cumulative_deaths,0.975,939.5384395409527
2026/2027,Taraba,state,cumulative_deaths,0.99,1014.9592365462076
2026/2027,Taraba,state,attack_rate_pct,0.01,3.5191028021080455
2026/2027,Taraba,state,attack_rate_pct,0.025,4.287391422615217
2026/2027,Taraba,state,attack_rate_pct,0.05,5.302840457322079
2026/2027,Taraba,state,attack_rate_pct,0.1,5.916070757390687
2026/2027,Taraba,state,attack_rate_pct,0.15,6.248640065415601
2026/2027,Taraba,state,attack_rate_pct,0.2,6.526939131600715
2026/2027,Taraba,state,attack_rate_pct,0.25,6.747564389452129
2026/2027,Taraba,state,attack_rate_pct,0.3,6.936162052465151
2026/2027,Taraba,state,attack_rate_pct,0.35,7.155990378556809
2026/2027,Taraba,state,attack_rate_pct,0.4,7.345491450313333
2026/2027,Taraba,state,attack_rate_pct,0.45,7.572079486697111
2026/2027,Taraba,state,attack_rate_pct,0.5,7.747163520931089
2026/2027,Taraba,state,attack_rate_pct,0.55,8.006122829694775
2026/2027,Taraba,state,attack_rate_pct,0.6,8.2162691055821
2026/2027,Taraba,state,attack_rate_pct,0.65,8.467371441627048
2026/2027,Taraba,state,attack_rate_pct,0.7,8.682812665286527
2026/2027,Taraba,state,attack_rate_pct,0.75,8.931117433873263
2026/2027,Taraba,state,attack_rate_pct,0.8,9.21862068849724
2026/2027,Taraba,state,attack_rate_pct,0.85,9.588156386774626
2026/2027,Taraba,state,attack_rate_pct,0.9,10.220603610826439
2026/2027,Taraba,state,attack_rate_pct,0.95,11.002362866754009
2026/2027,Taraba,state,attack_rate_pct,0.975,11.505510549659732
2026/2027,Taraba,state,attack_rate_pct,0.99,12.484899021845301
2026/2027,Taraba,state,deaths_per_100k,0.01,6.334181486062111
2026/2027,Taraba,state,deaths_per_100k,0.025,7.500351284371141
2026/2027,Taraba,state,deaths_per_100k,0.05,8.606342401949568
2026/2027,Taraba,state,deaths_per_100k,0.1,9.600253643187894
2026/2027,Taraba,state,deaths_per_100k,0.15,10.212227672292196
2026/2027,Taraba,state,deaths_per_100k,0.2,10.692736692747497
2026/2027,Taraba,state,deaths_per_100k,0.25,11.109665026749266
2026/2027,Taraba,state,deaths_per_100k,0.3,11.586129266992108
2026/2027,Taraba,state,deaths_per_100k,0.35,12.02689909488967
2026/2027,Taraba,state,deaths_per_100k,0.4,12.458995109871903
2026/2027,Taraba,state,deaths_per_100k,0.45,12.893973650080998
2026/2027,Taraba,state,deaths_per_100k,0.5,13.272663685937957
2026/2027,Taraba,state,deaths_per_100k,0.55,13.733314521331973
2026/2027,Taraba,state,deaths_per_100k,0.6,14.153323177494869
2026/2027,Taraba,state,deaths_per_100k,0.65,14.661639574949618
2026/2027,Taraba,state,deaths_per_100k,0.7,15.18654297038944
2026/2027,Taraba,state,deaths_per_100k,0.75,15.686897128880528
2026/2027,Taraba,state,deaths_per_100k,0.8,16.591330847877373
2026/2027,Taraba,state,deaths_per_100k,0.85,17.480790970256965
2026/2027,Taraba,state,deaths_per_100k,0.9,18.5493982223195
2026/2027,Taraba,state,deaths_per_100k,0.95,20.103729732558364
2026/2027,Taraba,state,deaths_per_100k,0.975,21.6889053966334
2026/2027,Taraba,state,deaths_per_100k,0.99,23.42996724396441
2026/2027,Yobe,state,peak_week,0.01,15.0
2026/2027,Yobe,state,peak_week,0.025,16.0
2026/2027,Yobe,state,peak_week,0.05,16.0
2026/2027,Yobe,state,peak_week,0.1,16.0
2026/2027,Yobe,state,peak_week,0.15,16.0
2026/2027,Yobe,state,peak_week,0.2,17.0
2026/2027,Yobe,state,peak_week,0.25,17.0
2026/2027,Yobe,state,peak_week,0.3,17.0
2026/2027,Yobe,state,peak_week,0.35,17.0
2026/2027,Yobe,state,peak_week,0.4,17.0
2026/2027,Yobe,state,peak_week,0.45,17.0
2026/2027,Yobe,state,peak_week,0.5,17.0
2026/2027,Yobe,state,peak_week,0.55,18.0
2026/2027,Yobe,state,peak_week,0.6,18.0
2026/2027,Yobe,state,peak_week,0.65,18.0
2026/2027,Yobe,state,peak_week,0.7,18.0
2026/2027,Yobe,state,peak_week,0.75,18.0
2026/2027,Yobe,state,peak_week,0.8,18.0
2026/2027,Yobe,state,peak_week,0.85,19.0
2026/2027,Yobe,state,peak_week,0.9,20.0
2026/2027,Yobe,state,peak_week,0.95,26.0
2026/2027,Yobe,state,peak_week,0.975,27.0
2026/2027,Yobe,state,peak_week,0.99,27.0
2026/2027,Yobe,state,peak_incidence_per_100k,0.01,595.795498548273
2026/2027,Yobe,state,peak_incidence_per_100k,0.025,668.5040423644067
2026/2027,Yobe,state,peak_incidence_per_100k,0.05,749.0567948274723
2026/2027,Yobe,state,peak_incidence_per_100k,0.1,854.5662436776591
2026/2027,Yobe,state,peak_incidence_per_100k,0.15,928.6206377094055
2026/2027,Yobe,state,peak_incidence_per_100k,0.2,989.7698532495943
2026/2027,Yobe,state,peak_incidence_per_100k,0.25,1038.894817711424
2026/2027,Yobe,state,peak_incidence_per_100k,0.3,1086.5458490484314
2026/2027,Yobe,state,peak_incidence_per_100k,0.35,1137.2668426992336
2026/2027,Yobe,state,peak_incidence_per_100k,0.4,1183.4697534701716
2026/2027,Yobe,state,peak_incidence_per_100k,0.45,1230.0460682997523
2026/2027,Yobe,state,peak_incidence_per_100k,0.5,1290.3465328296902
2026/2027,Yobe,state,peak_incidence_per_100k,0.55,1342.6166682166574
2026/2027,Yobe,state,peak_incidence_per_100k,0.6,1390.653297688769
2026/2027,Yobe,state,peak_incidence_per_100k,0.65,1454.860570670366
2026/2027,Yobe,state,peak_incidence_per_100k,0.7,1513.9418474172128
2026/2027,Yobe,state,peak_incidence_per_100k,0.75,1586.5076261807044
2026/2027,Yobe,state,peak_incidence_per_100k,0.8,1654.8875451872186
2026/2027,Yobe,state,peak_incidence_per_100k,0.85,1750.5901730624
2026/2027,Yobe,state,peak_incidence_per_100k,0.9,1897.2927600097605
2026/2027,Yobe,state,peak_incidence_per_100k,0.95,2121.3013290833287
2026/2027,Yobe,state,peak_incidence_per_100k,0.975,2237.3251839555637
2026/2027,Yobe,state,peak_incidence_per_100k,0.99,2641.3956363021807
2026/2027,Yobe,state,cumulative_cases,0.01,171971.90794752928
2026/2027,Yobe,state,cumulative_cases,0.025,214897.7159535514
2026/2027,Yobe,state,cumulative_cases,0.05,231790.97951034558
2026/2027,Yobe,state,cumulative_cases,0.1,251902.72460518786
2026/2027,Yobe,state,cumulative_cases,0.15,266010.1610887526
2026/2027,Yobe,state,cumulative_cases,0.2,275206.9745577293
2026/2027,Yobe,state,cumulative_cases,0.25,283099.42091995
2026/2027,Yobe,state,cumulative_cases,0.3,294389.78107986785
2026/2027,Yobe,state,cumulative_cases,0.35,306380.2799811982
2026/2027,Yobe,state,cumulative_cases,0.4,315157.14753970434
2026/2027,Yobe,state,cumulative_cases,0.45,323129.260528085
2026/2027,Yobe,state,cumulative_cases,0.5,331506.7000795831
2026/2027,Yobe,state,cumulative_cases,0.55,340665.40609036136
2026/2027,Yobe,state,cumulative_cases,0.6,349476.14908372186
2026/2027,Yobe,state,cumulative_cases,0.65,360830.25987686706
2026/2027,Yobe,state,cumulative_cases,0.7,374895.35668948916
2026/2027,Yobe,state,cumulative_cases,0.75,387713.2844210771
2026/2027,Yobe,state,cumulative_cases,0.8,404695.60648448614
2026/2027,Yobe,state,cumulative_cases,0.85,421460.4881449193
2026/2027,Yobe,state,cumulative_cases,0.9,452513.2798128062
2026/2027,Yobe,state,cumulative_cases,0.95,499775.6238639748
2026/2027,Yobe,state,cumulative_cases,0.975,526419.7089143025
2026/2027,Yobe,state,cumulative_cases,0.99,588006.8858882172
2026/2027,Yobe,state,cumulative_hospitalizations,0.01,2102.297079541223
2026/2027,Yobe,state,cumulative_hospitalizations,0.025,2449.8144713293673
2026/2027,Yobe,state,cumulative_hospitalizations,0.05,2706.313116015186
2026/2027,Yobe,state,cumulative_hospitalizations,0.1,2928.4783037826815
2026/2027,Yobe,state,cumulative_hospitalizations,0.15,3089.531352337465
2026/2027,Yobe,state,cumulative_hospitalizations,0.2,3236.1700188167642
2026/2027,Yobe,state,cumulative_hospitalizations,0.25,3360.0882539046747
2026/2027,Yobe,state,cumulative_hospitalizations,0.3,3466.9768209190097
2026/2027,Yobe,state,cumulative_hospitalizations,0.35,3581.766945563679
2026/2027,Yobe,state,cumulative_hospitalizations,0.4,3678.4613661515505
2026/2027,Yobe,state,cumulative_hospitalizations,0.45,3807.485400933345
2026/2027,Yobe,state,cumulative_hospitalizations,0.5,3915.7682227448754
2026/2027,Yobe,state,cumulative_hospitalizations,0.55,4019.0418233777023
2026/2027,Yobe,state,cumulative_hospitalizations,0.6,4156.213770963357
2026/2027,Yobe,state,cumulative_hospitalizations,0.65,4329.193185213513
2026/2027,Yobe,state,cumulative_hospitalizations,0.7,4464.645276319666
2026/2027,Yobe,state,cumulative_hospitalizations,0.75,4638.183732249991
2026/2027,Yobe,state,cumulative_hospitalizations,0.8,4806.983960025655
2026/2027,Yobe,state,cumulative_hospitalizations,0.85,5024.327479312726
2026/2027,Yobe,state,cumulative_hospitalizations,0.9,5297.9183930948175
2026/2027,Yobe,state,cumulative_hospitalizations,0.95,5790.121279554599
2026/2027,Yobe,state,cumulative_hospitalizations,0.975,6162.164001258542
2026/2027,Yobe,state,cumulative_hospitalizations,0.99,6659.018829244808
2026/2027,Yobe,state,cumulative_deaths,0.01,390.7513479877775
2026/2027,Yobe,state,cumulative_deaths,0.025,419.7426243611767
2026/2027,Yobe,state,cumulative_deaths,0.05,457.6833382996798
2026/2027,Yobe,state,cumulative_deaths,0.1,494.6994480910609
2026/2027,Yobe,state,cumulative_deaths,0.15,521.4684661866763
2026/2027,Yobe,state,cumulative_deaths,0.2,546.0924403094435
2026/2027,Yobe,state,cumulative_deaths,0.25,567.0613427201868
2026/2027,Yobe,state,cumulative_deaths,0.3,583.5370125236137
2026/2027,Yobe,state,cumulative_deaths,0.35,604.546943553974
2026/2027,Yobe,state,cumulative_deaths,0.4,622.562075837969
2026/2027,Yobe,state,cumulative_deaths,0.45,636.2627797877211
2026/2027,Yobe,state,cumulative_deaths,0.5,652.7585928054776
2026/2027,Yobe,state,cumulative_deaths,0.55,671.7715109030253
2026/2027,Yobe,state,cumulative_deaths,0.6,690.6146363907582
2026/2027,Yobe,state,cumulative_deaths,0.65,716.1182145228182
2026/2027,Yobe,state,cumulative_deaths,0.7,738.4113945970399
2026/2027,Yobe,state,cumulative_deaths,0.75,760.7818069875213
2026/2027,Yobe,state,cumulative_deaths,0.8,791.148108456316
2026/2027,Yobe,state,cumulative_deaths,0.85,825.3118994963884
2026/2027,Yobe,state,cumulative_deaths,0.9,874.964471848967
2026/2027,Yobe,state,cumulative_deaths,0.95,937.3143255538075
2026/2027,Yobe,state,cumulative_deaths,0.975,1010.0145804486036
2026/2027,Yobe,state,cumulative_deaths,0.99,1069.3045983880613
2026/2027,Yobe,state,attack_rate_pct,0.01,3.953012790028535
2026/2027,Yobe,state,attack_rate_pct,0.025,4.939722015362524
2026/2027,Yobe,state,attack_rate_pct,0.05,5.328037105323062
2026/2027,Yobe,state,attack_rate_pct,0.1,5.790333456736238
2026/2027,Yobe,state,attack_rate_pct,0.15,6.114612448111164
2026/2027,Yobe,state,attack_rate_pct,0.2,6.326013959580491
2026/2027,Yobe,state,attack_rate_pct,0.25,6.50743278424104
2026/2027,Yobe,state,attack_rate_pct,0.3,6.766957369673919
2026/2027,Yobe,state,attack_rate_pct,0.35,7.0425756150110805
2026/2027,Yobe,state,attack_rate_pct,0.4,7.244324087358943
2026/2027,Yobe,state,attack_rate_pct,0.45,7.427574159901237
2026/2027,Yobe,state,attack_rate_pct,0.5,7.620141225592379
2026/2027,Yobe,state,attack_rate_pct,0.55,7.830666784288653
2026/2027,Yobe,state,attack_rate_pct,0.6,8.03319393048415
2026/2027,Yobe,state,attack_rate_pct,0.65,8.294183912629366
2026/2027,Yobe,state,attack_rate_pct,0.7,8.6174896679522
2026/2027,Yobe,state,attack_rate_pct,0.75,8.9121275124081
2026/2027,Yobe,state,attack_rate_pct,0.8,9.302489735647038
2026/2027,Yobe,state,attack_rate_pct,0.85,9.68785378968328
2026/2027,Yobe,state,attack_rate_pct,0.9,10.401645269316697
2026/2027,Yobe,state,attack_rate_pct,0.95,11.488035789435843
2026/2027,Yobe,state,attack_rate_pct,0.975,12.100487033593053
2026/2027,Yobe,state,attack_rate_pct,0.99,13.516153703721043
2026/2027,Yobe,state,deaths_per_100k,0.01,8.98196161659069
2026/2027,Yobe,state,deaths_per_100k,0.025,9.648366308328283
2026/2027,Yobe,state,deaths_per_100k,0.05,10.52048623333067
2026/2027,Yobe,state,deaths_per_100k,0.1,11.371352849796168
2026/2027,Yobe,state,deaths_per_100k,0.15,11.986675853252983
2026/2027,Yobe,state,deaths_per_100k,0.2,12.552692046306616
2026/2027,Yobe,state,deaths_per_100k,0.25,13.03469134730768
2026/2027,Yobe,state,deaths_per_100k,0.3,13.41340746573968
2026/2027,Yobe,state,deaths_per_100k,0.35,13.896349866459989
2026/2027,Yobe,state,deaths_per_100k,0.4,14.310452664891557
2026/2027,Yobe,state,deaths_per_100k,0.45,14.625382344931447
2026/2027,Yobe,state,deaths_per_100k,0.5,15.004561483078861
2026/2027,Yobe,state,deaths_per_100k,0.55,15.441599772136527
2026/2027,Yobe,state,deaths_per_100k,0.6,15.87473514259394
2026/2027,Yobe,state,deaths_per_100k,0.65,16.460970253611524
2026/2027,Yobe,state,deaths_per_100k,0.7,16.973409913179037
2026/2027,Yobe,state,deaths_per_100k,0.75,17.487624864639407
2026/2027,Yobe,state,deaths_per_100k,0.8,18.185636415041188
2026/2027,Yobe,state,deaths_per_100k,0.85,18.97093852949161
2026/2027,Yobe,state,deaths_per_100k,0.9,20.11227176182074
2026/2027,Yobe,state,deaths_per_100k,0.95,21.545469614267915
2026/2027,Yobe,state,deaths_per_100k,0.975,23.216585791714454
2026/2027,Yobe,state,deaths_per_100k,0.99,24.579449075799253
2026/2027,Zamfara,state,peak_week,0.01,16.0
2026/2027,Zamfara,state,peak_week,0.025,16.0
2026/2027,Zamfara,state,peak_week,0.05,16.0
2026/2027,Zamfara,state,peak_week,0.1,16.0
2026/2027,Zamfara,state,peak_week,0.15,17.0
2026/2027,Zamfara,state,peak_week,0.2,17.0
2026/2027,Zamfara,state,peak_week,0.25,17.0
2026/2027,Zamfara,state,peak_week,0.3,17.0
2026/2027,Zamfara,state,peak_week,0.35,17.0
2026/2027,Zamfara,state,peak_week,0.4,17.0
2026/2027,Zamfara,state,peak_week,0.45,17.0
2026/2027,Zamfara,state,peak_week,0.5,17.0
2026/2027,Zamfara,state,peak_week,0.55,18.0
2026/2027,Zamfara,state,peak_week,0.6,18.0
2026/2027,Zamfara,state,peak_week,0.65,18.0
2026/2027,Zamfara,state,peak_week,0.7,18.0
2026/2027,Zamfara,state,peak_week,0.75,18.0
2026/2027,Zamfara,state,peak_week,0.8,18.0
2026/2027,Zamfara,state,peak_week,0.85,18.0
2026/2027,Zamfara,state,peak_week,0.9,19.0
2026/2027,Zamfara,state,peak_week,0.95,26.0
2026/2027,Zamfara,state,peak_week,0.975,27.0
2026/2027,Zamfara,state,peak_week,0.99,27.0
2026/2027,Zamfara,state,peak_incidence_per_100k,0.01,571.1583517059432
2026/2027,Zamfara,state,peak_incidence_per_100k,0.025,673.0178422153235
2026/2027,Zamfara,state,peak_incidence_per_100k,0.05,755.2008369749051
2026/2027,Zamfara,state,peak_incidence_per_100k,0.1,874.2107304158793
2026/2027,Zamfara,state,peak_incidence_per_100k,0.15,951.2317902600456
2026/2027,Zamfara,state,peak_incidence_per_100k,0.2,992.3512240505092
2026/2027,Zamfara,state,peak_incidence_per_100k,0.25,1046.2746688270463
2026/2027,Zamfara,state,peak_incidence_per_100k,0.3,1088.0329795007328
2026/2027,Zamfara,state,peak_incidence_per_100k,0.35,1136.3890815758377
2026/2027,Zamfara,state,peak_incidence_per_100k,0.4,1181.1754055730141
2026/2027,Zamfara,state,peak_incidence_per_100k,0.45,1221.5209486377698
2026/2027,Zamfara,state,peak_incidence_per_100k,0.5,1268.1076350847554
2026/2027,Zamfara,state,peak_incidence_per_100k,0.55,1317.2756218850607
2026/2027,Zamfara,state,peak_incidence_per_100k,0.6,1368.7884017879242
2026/2027,Zamfara,state,peak_incidence_per_100k,0.65,1413.0987111650886
2026/2027,Zamfara,state,peak_incidence_per_100k,0.7,1462.957379017935
2026/2027,Zamfara,state,peak_incidence_per_100k,0.75,1525.3130417550549
2026/2027,Zamfara,state,peak_incidence_per_100k,0.8,1600.0571216846997
2026/2027,Zamfara,state,peak_incidence_per_100k,0.85,1694.9411352265745
2026/2027,Zamfara,state,peak_incidence_per_100k,0.9,1827.5925818387454
2026/2027,Zamfara,state,peak_incidence_per_100k,0.95,2016.7787258897126
2026/2027,Zamfara,state,peak_incidence_per_100k,0.975,2186.7157384260245
2026/2027,Zamfara,state,peak_incidence_per_100k,0.99,2359.933192015627
2026/2027,Zamfara,state,cumulative_cases,0.01,206754.26046234282
2026/2027,Zamfara,state,cumulative_cases,0.025,241687.03549301974
2026/2027,Zamfara,state,cumulative_cases,0.05,274583.90980927803
2026/2027,Zamfara,state,cumulative_cases,0.1,301237.36672622454
2026/2027,Zamfara,state,cumulative_cases,0.15,314568.41328030813
2026/2027,Zamfara,state,cumulative_cases,0.2,328892.8034724133
2026/2027,Zamfara,state,cumulative_cases,0.25,339043.97535730805
2026/2027,Zamfara,state,cumulative_cases,0.3,351661.1097024313
2026/2027,Zamfara,state,cumulative_cases,0.35,361959.4128838058
2026/2027,Zamfara,state,cumulative_cases,0.4,373130.038717072
2026/2027,Zamfara,state,cumulative_cases,0.45,382383.1668851732
2026/2027,Zamfara,state,cumulative_cases,0.5,393547.7521315942
2026/2027,Zamfara,state,cumulative_cases,0.55,405780.0847492986
2026/2027,Zamfara,state,cumulative_cases,0.6,418034.0741778936
2026/2027,Zamfara,state,cumulative_cases,0.65,432297.0460576013
2026/2027,Zamfara,state,cumulative_cases,0.7,444882.6465018988
2026/2027,Zamfara,state,cumulative_cases,0.75,462956.35588033136
2026/2027,Zamfara,state,cumulative_cases,0.8,481708.1768140098
2026/2027,Zamfara,state,cumulative_cases,0.85,503660.72161196254
2026/2027,Zamfara,state,cumulative_cases,0.9,536662.0490521423
2026/2027,Zamfara,state,cumulative_cases,0.95,598168.2846869738
2026/2027,Zamfara,state,cumulative_cases,0.975,633431.5184463992
2026/2027,Zamfara,state,cumulative_cases,0.99,687940.7411776102
2026/2027,Zamfara,state,cumulative_hospitalizations,0.01,2619.522981289851
2026/2027,Zamfara,state,cumulative_hospitalizations,0.025,3044.72765853984
2026/2027,Zamfara,state,cumulative_hospitalizations,0.05,3356.2218741292663
2026/2027,Zamfara,state,cumulative_hospitalizations,0.1,3730.5252576215057
2026/2027,Zamfara,state,cumulative_hospitalizations,0.15,3976.9535933409275
2026/2027,Zamfara,state,cumulative_hospitalizations,0.2,4168.573831718132
2026/2027,Zamfara,state,cumulative_hospitalizations,0.25,4321.790199104586
2026/2027,Zamfara,state,cumulative_hospitalizations,0.3,4479.193428821969
2026/2027,Zamfara,state,cumulative_hospitalizations,0.35,4620.781370547276
2026/2027,Zamfara,state,cumulative_hospitalizations,0.4,4771.915979172509
2026/2027,Zamfara,state,cumulative_hospitalizations,0.45,4913.673764410852
2026/2027,Zamfara,state,cumulative_hospitalizations,0.5,5055.004243194555
2026/2027,Zamfara,state,cumulative_hospitalizations,0.55,5202.653207538507
2026/2027,Zamfara,state,cumulative_hospitalizations,0.6,5362.410778481745
2026/2027,Zamfara,state,cumulative_hospitalizations,0.65,5510.735923220648
2026/2027,Zamfara,state,cumulative_hospitalizations,0.7,5685.443806866873
2026/2027,Zamfara,state,cumulative_hospitalizations,0.75,5850.532375825974
2026/2027,Zamfara,state,cumulative_hospitalizations,0.8,6037.924606993653
2026/2027,Zamfara,state,cumulative_hospitalizations,0.85,6305.550606401374
2026/2027,Zamfara,state,cumulative_hospitalizations,0.9,6736.638245065464
2026/2027,Zamfara,state,cumulative_hospitalizations,0.95,7183.601255823461
2026/2027,Zamfara,state,cumulative_hospitalizations,0.975,7605.5763450662735
2026/2027,Zamfara,state,cumulative_hospitalizations,0.99,8170.831616386481
2026/2027,Zamfara,state,cumulative_deaths,0.01,439.29560742480186
2026/2027,Zamfara,state,cumulative_deaths,0.025,485.94056484626975
2026/2027,Zamfara,state,cumulative_deaths,0.05,539.4973632940441
2026/2027,Zamfara,state,cumulative_deaths,0.1,581.4750727073852
2026/2027,Zamfara,state,cumulative_deaths,0.15,619.3411136765025
2026/2027,Zamfara,state,cumulative_deaths,0.2,647.4453807890155
2026/2027,Zamfara,state,cumulative_deaths,0.25,674.4037065667736
2026/2027,Zamfara,state,cumulative_deaths,0.3,695.5199800453064
2026/2027,Zamfara,state,cumulative_deaths,0.35,715.751344904227
2026/2027,Zamfara,state,cumulative_deaths,0.4,744.0612834063741
2026/2027,Zamfara,state,cumulative_deaths,0.45,772.5540885755017
2026/2027,Zamfara,state,cumulative_deaths,0.5,796.2339399517036
2026/2027,Zamfara,state,cumulative_deaths,0.55,821.1397976690347
2026/2027,Zamfara,state,cumulative_deaths,0.6,842.1004727647286
2026/2027,Zamfara,state,cumulative_deaths,0.65,868.1886370971638
2026/2027,Zamfara,state,cumulative_deaths,0.7,901.8815449466482
2026/2027,Zamfara,state,cumulative_deaths,0.75,934.9239711205717
2026/2027,Zamfara,state,cumulative_deaths,0.8,972.2382388062363
2026/2027,Zamfara,state,cumulative_deaths,0.85,1016.4291782116328
2026/2027,Zamfara,state,cumulative_deaths,0.9,1073.2493497026944
2026/2027,Zamfara,state,cumulative_deaths,0.95,1155.1483579820333
2026/2027,Zamfara,state,cumulative_deaths,0.975,1239.6084239645058
2026/2027,Zamfara,state,cumulative_deaths,0.99,1348.1557812595568
2026/2027,Zamfara,state,attack_rate_pct,0.01,3.7470463365034323
2026/2027,Zamfara,state,attack_rate_pct,0.025,4.380139586479952
2026/2027,Zamfara,state,attack_rate_pct,0.05,4.976335825016959
2026/2027,Zamfara,state,attack_rate_pct,0.1,5.459381436132609
2026/2027,Zamfara,state,attack_rate_pct,0.15,5.700982499349072
2026/2027,Zamfara,state,attack_rate_pct,0.2,5.960586116086871
2026/2027,Zamfara,state,attack_rate_pct,0.25,6.144557712790387
2026/2027,Zamfara,state,attack_rate_pct,0.3,6.373220410813369
2026/2027,Zamfara,state,attack_rate_pct,0.35,6.55985849566676
2026/2027,Zamfara,state,attack_rate_pct,0.4,6.7623058479553695
2026/2027,Zamfara,state,attack_rate_pct,0.45,6.930002029528349
2026/2027,Zamfara,state,attack_rate_pct,0.5,7.132339907125806
2026/2027,Zamfara,state,attack_rate_pct,0.55,7.354028771091967
2026/2027,Zamfara,state,attack_rate_pct,0.6,7.576110125513835
2026/2027,Zamfara,state,attack_rate_pct,0.65,7.834600646628122
2026/2027,Zamfara,state,attack_rate_pct,0.7,8.062691849837403
2026/2027,Zamfara,state,attack_rate_pct,0.75,8.390245083139789
2026/2027,Zamfara,state,attack_rate_pct,0.8,8.73008785965711
2026/2027,Zamfara,state,attack_rate_pct,0.85,9.127937956570001
2026/2027,Zamfara,state,attack_rate_pct,0.9,9.72602721871122
2026/2027,Zamfara,state,attack_rate_pct,0.95,10.840716291585672
2026/2027,Zamfara,state,attack_rate_pct,0.975,11.479798507236486
2026/2027,Zamfara,state,attack_rate_pct,0.99,12.467679399673209
2026/2027,Zamfara,state,deaths_per_100k,0.01,7.961436890162458
2026/2027,Zamfara,state,deaths_per_100k,0.025,8.806792223743619
2026/2027,Zamfara,state,deaths_per_100k,0.05,9.777412151815845
2026/2027,Zamfara,state,deaths_per_100k,0.1,10.53818207220505
2026/2027,Zamfara,state,deaths_per_100k,0.15,11.224435452299542
2026/2027,Zamfara,state,deaths_per_100k,0.2,11.733774369372238
2026/2027,Zamfara,state,deaths_per_100k,0.25,12.222345176174128
2026/2027,Zamfara,state,deaths_per_100k,0.3,12.605039370728594
2026/2027,Zamfara,state,deaths_per_100k,0.35,12.971696199988422
2026/2027,Zamfara,state,deaths_per_100k,0.4,13.484762538325995
2026/2027,Zamfara,state,deaths_per_100k,0.45,14.001143003652036
2026/2027,Zamfara,state,deaths_per_100k,0.5,14.43029740245246
2026/2027,Zamfara,state,deaths_per_100k,0.55,14.881670944688114
2026/2027,Zamfara,state,deaths_per_100k,0.6,15.261545200494629
2026/2027,Zamfara,state,deaths_per_100k,0.65,15.734345907814298
2026/2027,Zamfara,state,deaths_per_100k,0.7,16.34496881174499
2026/2027,Zamfara,state,deaths_per_100k,0.75,16.94380291396527
2026/2027,Zamfara,state,deaths_per_100k,0.8,17.62005640309878
2026/2027,Zamfara,state,deaths_per_100k,0.85,18.420937106767738
2026/2027,Zamfara,state,deaths_per_100k,0.9,19.45069975808615
2026/2027,Zamfara,state,deaths_per_100k,0.95,20.934970883866672
2026/2027,Zamfara,state,deaths_per_100k,0.975,22.465656539933736
2026/2027,Zamfara,state,deaths_per_100k,0.99,24.43288070537544
