level,group,target,week,mean,p05,p25,p50,p75,p95
national,Nigeria,cases,1,59033.58077657956,13970.96384444875,20431.276262116546,37591.93599562576,82327.35519177084,159814.03179554304
national,Nigeria,hospitalizations,1,903.6379081365099,231.46930588317264,327.7405498747361,571.5657618292514,1231.7339138527598,2564.1246358635813
national,Nigeria,deaths,1,85.80670486024214,23.851226533779318,26.727566425307696,49.67041820733828,97.05111764407604,268.3995356749101
national,Nigeria,cases,2,54266.923118677856,16028.452127741093,21458.96592688661,34534.55307187492,73476.98051970464,141273.41642475832
national,Nigeria,hospitalizations,2,779.4585451075509,255.64026352790538,318.25793530511123,513.8377234827199,1040.8996531165262,2057.736761859969
national,Nigeria,deaths,2,81.41445667349018,21.560734439551066,26.77869123968756,46.35174688328261,97.68112319624257,233.29532236157897
national,Nigeria,cases,3,44191.53691794257,11011.262010687191,15510.743701997386,29210.71392436068,61598.75537098099,116153.4465138853
national,Nigeria,hospitalizations,3,629.2451256243951,147.69752859599808,222.1268068321601,418.562049084984,860.1791709957685,1701.5409366355404
national,Nigeria,deaths,3,68.66613467195162,17.93898891137223,22.83139264961835,39.81930463384979,79.78034751759074,214.64205259612
national,Nigeria,cases,4,38079.07157411676,10037.26323581196,14050.847249800607,25203.114216673333,54328.57353101607,98730.42568834197
national,Nigeria,hospitalizations,4,582.1955815077594,156.0225714265835,207.1388208714144,354.38455411306745,755.5051773045982,1733.008406228352
national,Nigeria,deaths,4,66.1031269823595,20.193474882880405,21.35612672250872,35.21083265607756,79.84507449172199,202.2404968146672
national,Nigeria,cases,5,37862.57525212981,10158.174754176403,13703.687650810378,23855.36099718545,52038.80217254324,101766.36902257949
national,Nigeria,hospitalizations,5,520.2073667384375,148.1704274463242,191.63016773055935,340.979996556778,745.3120361869818,1403.7184603485814
national,Nigeria,deaths,5,54.8828275323312,15.432371810567497,16.75249446203773,32.67755802247469,67.68490613348864,162.1890061257487
national,Nigeria,cases,6,38380.543663645636,10642.419428951998,14407.666490834348,24815.222829060287,52155.899718191584,96934.41410974003
national,Nigeria,hospitalizations,6,565.4744731022445,139.2647202887848,192.95489414364454,365.1403809704793,751.8210026521701,1612.4176641028866
national,Nigeria,deaths,6,62.449858243838385,16.84626003840667,17.42096807093808,32.74070360629991,73.77232346691308,206.97251963925913
national,Nigeria,cases,7,43474.69932692363,13522.298774712563,18020.750243371647,27893.560547105728,60785.33853627833,105221.43383253882
national,Nigeria,hospitalizations,7,670.3728060053301,174.2282087027832,242.2107701354444,418.10277983371145,956.9513509794997,1767.3585824307318
national,Nigeria,deaths,7,67.5199252577291,18.07959188529866,18.868664326894763,36.046394936470406,73.13200233443995,222.81548520773495
national,Nigeria,cases,8,55752.75069458929,14662.687150669033,20252.902538460672,35171.83701411413,73808.55304816726,167288.35714369736
national,Nigeria,hospitalizations,8,817.1503280191004,226.8993665407537,299.6072293560669,530.5731281090086,1142.7857398117667,2234.6002540863906
national,Nigeria,deaths,8,76.52571179865453,23.421725269345814,25.244697604878027,43.00991341290682,93.01653261486805,238.20749190169622
national,Nigeria,cases,9,80705.2737991364,21631.185712576575,28817.79354424255,52122.470378375976,114462.3733095667,218093.3295388026
national,Nigeria,hospitalizations,9,1225.922244345134,320.1661625531656,459.52845613536175,778.2377417099713,1627.4372465029196,3226.9299546199913
national,Nigeria,deaths,9,105.00910436922909,26.20810808614535,31.51643575013648,67.43402237199297,130.9108551902952,327.7074309986634
national,Nigeria,cases,10,136845.16934318055,36889.697719730204,49733.580453669456,89340.66732071935,194754.36814218748,361025.83253001387
national,Nigeria,hospitalizations,10,1969.6548231743507,462.46971387167173,684.4585607966038,1318.1795884448368,2679.8586049456203,5278.435785314469
national,Nigeria,deaths,10,156.72494252253463,36.62050859917066,60.18488516889793,115.12403748300889,208.1970733507817,423.9366846323631
national,Nigeria,cases,11,286403.0043187094,74174.79072280567,102639.62465725142,186624.4854448873,390371.5338681446,758694.4623498973
national,Nigeria,hospitalizations,11,4207.739466979608,1095.6759727794583,1531.482947647521,2813.140665156586,5663.88318349293,11470.847381970736
national,Nigeria,deaths,11,285.3451059617351,67.68061734276993,124.85489770662811,212.89248469660427,367.67367234811604,693.4518068562408
national,Nigeria,cases,12,808146.687835165,208684.3040487829,288844.6451066915,524100.7231396358,1159885.4926878929,2110583.7077295054
national,Nigeria,hospitalizations,12,11008.649896715286,2961.7463601442637,4229.462924709514,7313.627018052702,14696.25843427814,28609.184374186272
national,Nigeria,deaths,12,726.9550206499943,172.73013439513315,314.2944651146533,538.7836738328581,887.1363624172806,1973.0045447623756
national,Nigeria,cases,13,1962828.888016172,601754.4906235142,781830.9152410878,1226322.5682011545,2656442.6785261203,5171394.620710369
national,Nigeria,hospitalizations,13,24692.84806363933,7693.728708511069,10214.09718048461,16311.308586162197,34294.060774884536,61037.274311951005
national,Nigeria,deaths,13,1698.2450778848124,444.9517952253698,804.0040611633984,1305.9621138841096,2152.8950197948507,4116.917477851012
national,Nigeria,cases,14,3018102.4038283057,745171.4563923096,1046085.5777578792,2012217.549423844,4183588.442735075,8084233.978934204
national,Nigeria,hospitalizations,14,41279.62807483358,12396.482269503727,16795.428051759467,27007.55413671135,55647.01898294498,109407.22150094243
national,Nigeria,deaths,14,3020.903441656542,741.4082779616789,1366.961115541698,2237.8389981170712,3707.1922557076264,7539.129922347606
national,Nigeria,cases,15,3965103.1635099975,910086.0025649159,1305103.085471997,2651674.0277176662,5676521.628717387,10703155.40360496
national,Nigeria,hospitalizations,15,55626.99744062253,13525.394059765973,19435.282753593317,36638.73359837737,79015.86315570872,148952.14321771212
national,Nigeria,deaths,15,4291.583205618613,1208.0745712421829,2030.2184953188805,3151.912989380368,5130.791749203438,10868.081212498968
national,Nigeria,cases,16,4558636.227498011,1325167.0866873595,1737088.7191186533,2951186.502527244,6449077.932013735,11462638.243841313
national,Nigeria,hospitalizations,16,65790.20232430728,19452.72791147444,26004.04646335258,42176.33849177508,85527.08940141539,181232.57383469137
national,Nigeria,deaths,16,5091.623311924988,1472.2549166032245,2363.8827375282367,3762.478752100219,5924.382316957563,13184.960902984601
national,Nigeria,cases,17,4295199.675023398,1064813.4930090972,1534735.9365842133,2811827.2079820177,6039294.484040259,11682905.40124124
national,Nigeria,hospitalizations,17,63982.98748694815,17258.250462357824,24392.86280925807,41252.9832020624,86821.99629182098,170549.42312961584
national,Nigeria,deaths,17,5147.791255188753,1595.8780055453606,2448.5602086690433,3880.0534192990353,5765.536868987031,12726.161653104533
national,Nigeria,cases,18,3784148.5345875397,906843.8882125367,1233892.3423497824,2365018.925406009,5386314.265225898,9933632.262244022
national,Nigeria,hospitalizations,18,53235.935628427134,11418.954922961659,16873.82100740459,34784.2509300542,74091.78013758079,150854.5637401151
national,Nigeria,deaths,18,4883.5650079828965,1156.663690594454,2056.857677908107,3490.087585330163,5929.238008702321,12823.94323334928
national,Nigeria,cases,19,2696542.9590241853,832242.057378047,1100534.448075991,1745555.1856914558,3754312.038706679,6874534.511521715
national,Nigeria,hospitalizations,19,37027.79153406833,9976.538183835146,13817.625419092807,24869.652447262757,48950.16683365614,98768.95106172447
national,Nigeria,deaths,19,3670.701325390918,1116.4150394649555,1740.774381928454,2763.309877415855,4592.310376545083,9053.181120437299
national,Nigeria,cases,20,1812551.3026767576,485059.1527949017,665163.9861166441,1109847.0597818182,2493971.5811958574,4991736.040493789
national,Nigeria,hospitalizations,20,21559.659156062506,7414.791691168812,9741.518708580683,14450.050980886099,29101.96113946737,52840.08869113322
national,Nigeria,deaths,20,2584.5135439535375,715.0678374275662,1177.0874400460298,1898.0874407985825,3129.7661954147447,6642.929131070957
national,Nigeria,cases,21,885903.5554757164,286712.182272292,366671.40672744426,561455.8077886363,1218333.2853617845,2256675.0417129793
national,Nigeria,hospitalizations,21,7890.85008994944,2000.0039274966698,2844.4840533807737,5082.473358939087,10740.73840206839,21430.174734255394
national,Nigeria,deaths,21,1497.4846398300735,395.21216533853806,695.4469012359195,1111.0036675715141,1875.362567910798,3917.8611629865827
national,Nigeria,cases,22,368921.81069019553,108214.07902637722,146705.67348237918,236943.01822764345,504830.8933743866,981166.780643695
national,Nigeria,hospitalizations,22,3504.781550904671,1019.5545956796315,1362.8214928307402,2198.372104022924,4820.353464318088,9580.93749755128
national,Nigeria,deaths,22,679.0732610094184,185.8252373409961,302.81441045481074,502.72079175337103,822.1222965709537,1703.128090223674
national,Nigeria,cases,23,277284.69149708794,62841.53658665089,88226.17058878443,175615.22424271237,379499.08220173686,761429.4842080006
national,Nigeria,hospitalizations,23,3499.19766365519,907.9465833873174,1261.250188148742,2279.6769799034482,4795.610653324903,9457.251075620316
national,Nigeria,deaths,23,369.74806477304026,111.78232011060524,167.06264042386817,271.93517488075963,461.35320704934287,895.8431932680223
national,Nigeria,cases,24,406614.05323771527,135535.1759903759,173777.0398095412,256795.93841092807,546917.9762745096,1042277.0177541624
national,Nigeria,hospitalizations,24,5448.178589610299,1218.2875764680869,1908.086157717643,3679.7062353699753,7293.6529586860215,14952.334038119063
national,Nigeria,deaths,24,466.83289494325373,109.54463843880997,191.88966250586398,345.83114030977504,574.4649607832908,1274.3261781406682
national,Nigeria,cases,25,656966.6953333156,177111.70496070723,239842.09844261466,416300.92558453797,901202.3941249322,1733770.181026746
national,Nigeria,hospitalizations,25,9187.31062657031,2039.4361012221996,3144.679787121907,6179.564686820941,13197.167632559947,24455.162896144328
national,Nigeria,deaths,25,798.3090045533928,234.05615589630528,365.36254491446203,586.7130920362073,925.8554676649372,2138.7681628746514
national,Nigeria,cases,26,937340.7207882454,186793.71931642332,280816.68193122564,641161.8830812987,1354820.6046621243,2548628.6413679835
national,Nigeria,hospitalizations,26,15255.352323496278,4865.784160274847,6276.951560518595,9531.644157120088,20485.851951157405,41572.001298228824
national,Nigeria,deaths,26,1226.2290018442977,338.4896481368198,590.4343672092648,922.1659751003835,1478.2645419775388,2954.917594432004
national,Nigeria,cases,27,1335336.51118369,338966.80922007776,470542.69624496624,871350.894472358,1856196.6338973818,3527596.318479497
national,Nigeria,hospitalizations,27,18691.73322634996,5806.729720544175,7890.871558323368,12808.40596863012,24694.114888740278,48434.5421953239
national,Nigeria,deaths,27,1725.888157240706,470.078110360338,780.8209286098959,1279.147812771872,2088.9315542942895,4438.7013442715925
national,Nigeria,cases,28,1620728.8480221035,494592.05315202055,648781.3982979344,1035638.0180829866,2211982.214833795,4467408.315590718
national,Nigeria,hospitalizations,28,21998.719581173573,5272.783502788793,7916.289758316187,14880.778347844513,29456.57720425216,58856.0216400059
national,Nigeria,deaths,28,2075.5187204173753,560.0994223124497,922.9909770363886,1560.8830787836116,2475.448756391045,5424.944720160805
national,Nigeria,cases,29,1661065.5046732202,519898.25868601876,674623.1968899732,1061880.2595267333,2319268.4515527333,4279920.58078236
national,Nigeria,hospitalizations,29,22070.810254734315,4951.551884665858,7666.999246063075,14908.138758584104,31045.229071189166,59257.74456443217
national,Nigeria,deaths,29,2221.8522348992396,566.4106458400381,1004.1716218311983,1662.741633336294,2842.7864383493834,5496.796287834082
national,Nigeria,cases,30,1375562.7447150159,239839.19199949346,411957.4447255102,944010.5882280032,1941694.8543829394,3848647.758457788
national,Nigeria,hospitalizations,30,20109.32191657836,5604.206728270233,7717.7558334745645,12949.641869895182,28418.091831410882,52160.09827628532
national,Nigeria,deaths,30,2005.7447560798782,571.8078871781282,949.1882977337533,1537.1614191822548,2543.1044192488807,4760.914552988539
national,Nigeria,cases,31,1097805.5651330275,272487.6797120369,374122.04669207416,729468.0251616265,1589697.3847471552,2955525.4599067727
national,Nigeria,hospitalizations,31,15231.166887430212,4150.19147629642,5818.408956838532,9879.163674665646,20833.024230536495,39903.84386977375
national,Nigeria,deaths,31,1597.415787672935,415.72447837769926,714.1299195994595,1234.709397806057,1861.3504816702448,3876.190882079039
national,Nigeria,cases,32,779483.0595272743,190456.69975958954,264021.65720830875,507184.08205326553,1069237.892544473,2064642.1400185046
national,Nigeria,hospitalizations,32,10550.116921613297,2289.608801800524,3645.0197562611665,6849.53468894174,14495.914506991934,29000.94120350519
national,Nigeria,deaths,32,1132.0981422788282,332.3729463865907,549.464025035577,874.6846981768538,1371.0793155360243,2858.803553369201
national,Nigeria,cases,33,495668.02738108044,100583.50623704761,152483.56332710595,337778.67950732214,707295.0267516228,1347958.6377898655
national,Nigeria,hospitalizations,33,7011.401439612073,1949.8500593321003,2685.4085162680535,4623.6016912683735,9446.965728415938,18630.97119357468
national,Nigeria,deaths,33,793.5774198771114,199.83009626486282,360.37615212234897,582.6562775106797,949.527485554888,2096.3089384539285
national,Nigeria,cases,34,371163.1997206701,97590.1505207635,131865.31753206637,237585.99624983556,501841.90937027946,985203.5834545261
national,Nigeria,hospitalizations,34,5211.860545780165,1420.6371609947146,1989.0650190590713,3315.8759290046037,7275.621736208743,13451.9051531667
national,Nigeria,deaths,34,513.9216749446042,136.5526498270539,242.65339784395633,398.36911161112675,614.7489139965573,1369.167698087721
national,Nigeria,cases,35,296643.9078419473,90215.22208548839,115918.41618770052,185116.36394945788,404836.70069285156,791991.9959209219
national,Nigeria,hospitalizations,35,4066.017414982722,1203.9341397972235,1573.8548517481722,2626.4106064651346,5611.110899745328,10396.21356052022
national,Nigeria,deaths,35,413.2433919359799,95.76760269044159,178.8147239541142,302.00823853179384,495.2465222653005,1075.9697998948097
national,Nigeria,cases,36,223674.2878820919,44605.59322882725,68438.03228045636,154550.26905464617,318548.3133364586,591050.1199542794
national,Nigeria,hospitalizations,36,3384.4347953804186,971.718119921088,1321.3630445230956,2208.6836591320057,4575.41689069991,8833.375741390506
national,Nigeria,deaths,36,331.8293350089405,84.84999847444793,147.33704993179643,246.63331312588377,403.00986342039573,809.6831652219943
national,Nigeria,cases,37,200605.8344110538,55965.52268905746,76481.76980987274,132034.08812207502,283984.7844056366,536497.2655553687
national,Nigeria,hospitalizations,37,2951.444568730729,809.4869358591732,1146.4290586004404,1888.92973602029,3966.6856680896753,7674.361127735423
national,Nigeria,deaths,37,288.6007946597766,67.11082735573751,117.56541841319685,208.31896112998103,343.0194829734279,849.8614474098099
national,Nigeria,cases,38,184881.04817118513,52734.54164707283,70235.40101687596,118818.83284995788,247569.5279412164,500206.45158725936
national,Nigeria,hospitalizations,38,2604.3881468934046,681.3185816701272,936.3700976124605,1697.8747182916632,3606.6703411387102,7010.17011864159
national,Nigeria,deaths,38,244.65847334358398,51.83075591433176,97.14834180144581,185.7135875358474,305.75093153397734,619.7210496279321
national,Nigeria,cases,39,179786.14521621377,50839.710471875136,67825.76088866658,120594.99448655616,245431.90085212953,471665.2990662621
national,Nigeria,hospitalizations,39,2530.907840870126,615.2208976590068,901.9891253450081,1658.01973413527,3579.064501971402,6832.444354830406
national,Nigeria,deaths,39,263.6431633500826,53.42937106901067,100.22696100931047,181.54577252713773,334.0551225616006,753.4016883609866
national,Nigeria,cases,40,188561.76202110123,37631.3093970028,58655.61918030579,127733.01309786667,270126.24508513545,534045.7394584296
national,Nigeria,hospitalizations,40,2577.971225513653,676.515880548495,937.0743170503815,1692.23695740208,3512.1740886509056,7150.069107778839
national,Nigeria,deaths,40,271.43637488247873,53.26949037322738,103.30740165871859,185.6275106841872,328.9540075530333,741.1629868559289
national,Nigeria,cases,41,193280.68557254478,48171.14472557967,68542.05086091041,124484.83608592977,272900.8858665399,504083.021771595
national,Nigeria,hospitalizations,41,2549.32989263712,602.7825817510349,911.5439009445506,1597.3428918360178,3499.768259629417,6714.914412970046
national,Nigeria,deaths,41,247.1562902342231,52.3593880251875,91.55474705937216,175.45356378098737,309.9971962260946,695.1338075606084
national,Nigeria,cases,42,164216.66311273447,48271.18740564186,64852.7796348273,103731.6880414122,227137.55897528635,429887.2382061358
national,Nigeria,hospitalizations,42,1988.6100216070763,409.6842033037843,662.6133805561745,1333.7258605234024,2749.3229834991307,5488.741490405311
national,Nigeria,deaths,42,201.79257877315615,49.91334759378598,80.53382327622394,145.20451678388036,253.6820896735867,535.578083282405
national,Nigeria,cases,43,125626.20830358323,37705.941058510856,47882.41866952743,76336.42271647975,173094.14623868733,334351.1281466694
national,Nigeria,hospitalizations,43,1532.2915374662216,376.0143517799384,552.3108064322569,992.3373222173223,2139.4352011508645,4151.34598052128
national,Nigeria,deaths,43,160.58195072707247,29.517889134978073,49.32093955191258,106.48742158774577,201.8238042684547,470.7782098922847
national,Nigeria,cases,44,83205.3698988261,20469.80190610844,27873.944619008846,53892.38212058894,115113.54945974032,237674.7776543193
national,Nigeria,hospitalizations,44,1048.851101370507,237.41104293229998,358.712860936631,711.2199905397124,1460.7595636152555,2877.844528092371
national,Nigeria,deaths,44,110.29063876425606,31.96887454066116,40.99418902217568,75.05083369314735,129.33715812643544,324.213077888185
national,Nigeria,cases,45,58588.6806335713,16007.023118058958,21921.155813783036,38384.15753600487,83818.57843994355,146823.1489376947
national,Nigeria,hospitalizations,45,834.1336627058257,264.3199247967134,339.4301837822331,515.4194170316892,1152.4703506177498,2301.1998212530607
national,Nigeria,deaths,45,86.97990740802037,21.26763743409345,24.165953327498904,53.20395277997868,108.26610739593173,282.1116345910906
national,Nigeria,cases,46,40989.32076773481,9384.262991384727,13588.941904675889,28106.657557167186,58419.598755412044,111776.85689479689
national,Nigeria,hospitalizations,46,590.9909789982948,147.0544088388499,201.57570990239307,382.9270815614923,805.4567262863712,1581.1679155550644
national,Nigeria,deaths,46,74.52799656069553,17.453779164064393,18.83354763269066,37.78134768062587,87.90603883206853,241.9643543282455
national,Nigeria,cases,47,33804.53823027358,11296.670614912735,14395.144214989761,21549.808981342394,46601.086487495384,87658.66875138521
national,Nigeria,hospitalizations,47,451.0904727181257,104.37990809598982,145.69397384294464,297.4151073968851,599.394414051115,1316.8339684617222
national,Nigeria,deaths,47,52.62363907100662,12.315311661769256,12.44310279034947,27.587264424885266,66.24937646972386,167.02834014437354
national,Nigeria,cases,48,28264.2154080864,8298.025320006274,10992.264615146389,17490.257533953096,39135.89864194649,75580.79233562785
national,Nigeria,hospitalizations,48,406.6718521265656,102.92959457101392,134.13031661505423,244.40092520447809,561.5713740265505,1069.6953435190837
national,Nigeria,deaths,48,44.09706326119148,9.864300654443541,10.794565939139892,21.02664793921489,57.95379825499455,144.28359663774958
national,Nigeria,cases,49,22921.500534188755,6008.819341267549,8357.641619908205,15097.924314376745,32948.32000413703,58934.33575565069
national,Nigeria,hospitalizations,49,359.0724769537477,105.939608107249,124.99061590840921,215.15149140513802,490.7674934800362,1015.8397133230897
national,Nigeria,deaths,49,39.56489044018364,8.867175700063493,8.988792696855283,15.05439414955502,46.165437510162576,145.7206951401025
national,Nigeria,cases,50,20830.09194593268,5291.312381774483,7277.0491016971355,13738.984346089808,29037.517986868894,54549.27074568898
national,Nigeria,hospitalizations,50,327.20479550627795,88.21318856760581,107.78355564344025,200.46680806771624,449.37615121826474,927.7639323996668
national,Nigeria,deaths,50,34.94210961128642,8.653031340414179,8.777847552967508,14.720873797509554,41.01613940223622,125.32089495252742
national,Nigeria,cases,51,21085.928208512556,6333.143073419358,8094.1716508428035,13052.403080186552,28676.732191344658,55028.85665437222
national,Nigeria,hospitalizations,51,313.7116432509596,83.15577369995265,98.21922463771008,194.66256555081966,444.5567007838266,857.2740609620378
national,Nigeria,deaths,51,36.27295197206711,7.57617857404557,7.57617857404557,11.687689491500503,39.73393596713302,142.00761882430453
national,Nigeria,cases,52,20019.079905554074,6472.445891125692,8206.221890165156,12803.753873709642,27340.5403345531,49782.18052436164
national,Nigeria,hospitalizations,52,320.9472972140934,83.38295904404757,100.99570486679423,192.79014539308963,462.95370250548046,902.7173188549158
national,Nigeria,deaths,52,37.56228491889103,7.315150821129175,7.4002896036805055,12.490398975255447,42.7465194652024,137.83491588656776
state,Kano,cases,1,1975.7416998977415,467.763399613643,683.951708285806,1258.2171251315683,2755.2460594143167,5348.265170035575
state,Kano,hospitalizations,1,54.08467755077608,14.435506558088237,20.37711928946687,34.667498145125464,73.35936649307894,151.44960190667942
state,Kano,deaths,1,3.59808522524871,0.9528634053115703,1.1714816489844027,2.3426574312216135,4.158010362800851,10.696540224248585
state,Kano,cases,2,4696.99661742561,1388.8708494521456,1858.6810214265101,2989.889609133137,6358.916779129993,12224.191482384427
state,Kano,hospitalizations,2,37.352175879019164,12.27044074854782,15.693352700251534,24.927088388356907,49.73508655768044,97.59605262998608
state,Kano,deaths,2,6.879863099503551,1.6606841961005183,2.795662877875428,4.803858655579243,8.388700969593055,17.653421656927883
state,Kano,cases,3,3035.685031699927,757.5621006726583,1066.4918020498374,2007.1174118494712,4230.8464230419995,7976.514390988355
state,Kano,hospitalizations,3,67.88240681227785,16.951108819831788,25.85061732472861,46.20515950159121,91.965351160013,179.14692483441888
state,Kano,deaths,3,5.97596214591412,1.4901814448380892,2.44747576264982,4.384502187380066,7.154973519930531,16.248588135465443
state,Kano,cases,4,3694.723464569685,975.7976995332505,1364.9536645879557,2446.274299440709,5270.270555064287,9575.461518122926
state,Kano,hospitalizations,4,47.14875489498313,12.848754580588558,18.03892516028833,29.521738443949342,60.80273463264665,137.03235986386522
state,Kano,deaths,4,6.779674825302736,1.8751962215023399,2.851201493887091,4.776990785874639,8.341912555736636,17.79744048070476
state,Kano,cases,5,3204.5174439093557,861.3001788491075,1161.1769812184716,2019.797843858516,4403.532007526373,8609.45204542975
state,Kano,hospitalizations,5,62.30178474807774,18.34064853498977,25.059311136438893,42.09886568678535,88.20250193111355,163.27676591533168
state,Kano,deaths,5,3.780086447048279,0.9784204725244452,1.393476897015089,2.846989025454018,4.7717751615564765,9.847167969918646
state,Kano,cases,6,2828.8481866614966,785.6493488029932,1062.998615681894,1829.6224448668966,3843.5451879292277,7141.944452123469
state,Kano,hospitalizations,6,42.623812598048005,10.727178101247208,15.68723318100356,28.198850139871357,56.275188798596645,118.7619077098659
state,Kano,deaths,6,4.344084465459281,1.048946442457388,1.4986495030986,2.9686095105050696,5.290138196879012,12.722875654222102
state,Kano,cases,7,3304.377081012763,1029.0355099394396,1370.761496618003,2120.7519913113874,4619.384101776881,7994.983152928505
state,Kano,hospitalizations,7,50.33700081329719,13.69872185239593,19.298967951719792,32.086534370080734,71.2614912358647,130.1790982146014
state,Kano,deaths,7,3.3156819359207703,0.8133834812232914,1.0122262085150084,2.1513200586621917,3.738634447695938,10.12135960336158
state,Kano,cases,8,3540.7905993419,932.2039149720704,1287.0965621388393,2234.219308166664,4687.056181161035,10621.585144847206
state,Kano,hospitalizations,8,64.8538566531764,18.85586825529838,24.979624344540042,42.8057634250326,90.05683911183215,174.32398628224075
state,Kano,deaths,8,6.2116398922492255,1.7229936435461184,2.5440530810891495,4.370894555361016,7.639219013715124,17.059690996780425
state,Kano,cases,9,4435.062572506528,1189.4721421742988,1584.3116794487207,2864.6943068372125,6289.711923441704,11983.30196804721
state,Kano,hospitalizations,9,97.38397489531184,26.71136518377666,37.69383236222649,62.53044246166253,128.7074820140266,253.35391858323956
state,Kano,deaths,9,8.485312376852079,1.7978589084379024,3.446819373666172,6.1641049727182295,10.51857378773879,24.018688935470085
state,Kano,cases,10,5916.258168420008,1595.2985154555188,2150.5247394868447,3862.693383627696,8419.605984021775,15607.329451183776
state,Kano,hospitalizations,10,103.71741271000289,25.06633991193958,36.651500292838065,69.72415166137861,140.7874956626216,276.4021169093209
state,Kano,deaths,10,6.536349682136832,1.4249476864660071,2.7934513852421947,4.965548887088349,8.615410899204228,17.075646502176966
state,Kano,cases,11,11578.190748497947,2998.9737034316486,4149.650064211664,7544.695129090417,15781.065407563587,30670.33150738613
state,Kano,hospitalizations,11,160.66582229991948,42.13945682206362,58.73773967337253,107.55136253982337,216.12564745099155,437.2915301286128
state,Kano,deaths,11,14.785823483951662,3.7436624631546835,6.951220155648949,11.27612008792162,18.879839940753623,34.88388866633408
state,Kano,cases,12,12520.507833750213,3232.8012794072124,4474.756980346092,8119.6719524825685,17970.135519499374,32699.676991764056
state,Kano,hospitalizations,12,279.5386061130547,75.16252042447844,107.36013807711169,185.6921083543156,373.1970682594996,726.5592332448479
state,Kano,deaths,12,14.560154774109726,3.223902132757617,6.156593682215474,10.72990243706281,17.826566056549083,39.94794326342713
state,Kano,cases,13,19804.27741548528,6071.064062472979,7888.031572741509,12372.94343018839,26802.826640944444,52178.64126265246
state,Kano,hospitalizations,13,475.765125608479,148.04021416567107,196.6302334255358,314.1779741340025,660.8662797971774,1176.4469479759111
state,Kano,deaths,13,26.290700374885358,6.5785974874227975,12.227325910649261,20.12213054170764,33.44270542149774,64.33288342207213
state,Kano,cases,14,33978.73544115519,8388.932607023766,11776.775534868651,22653.976487485306,47100.36501604435,91015.79953893209
state,Kano,hospitalizations,14,850.9945633813222,255.3921547113792,346.103281580272,556.688615145846,1147.2660529499794,2255.86088282459
state,Kano,deaths,14,41.26598799368762,9.759125442188717,18.405489619949783,30.44272592477414,50.75206289470253,103.7169390519641
state,Kano,cases,15,54589.69388618107,12529.262281526038,17967.722402366686,36506.85067345596,78151.91809330494,147356.89304176107
state,Kano,hospitalizations,15,1373.9734536498627,334.0088505592647,479.99082170149353,904.938531358542,1951.7089909426952,3679.2264699892253
state,Kano,deaths,15,70.13908348991656,19.462462445096467,32.974174562146345,51.40891894593483,83.93125394622317,178.22204816122832
state,Kano,cases,16,132314.31479823924,38462.99756057694,50419.00707198143,85658.14846043324,187184.31243963676,332702.7073353179
state,Kano,hospitalizations,16,2571.661632518611,760.698408190782,1016.7373295745133,1648.7835618666275,3343.019526151572,7083.385501452608
state,Kano,deaths,16,148.1986349015648,42.906280414881344,68.84494770069085,109.53200999043169,172.4247281815976,383.6448447208589
state,Kano,cases,17,180327.46499978597,44705.0009463972,64433.923781222744,118050.50560428064,253550.4241798856,490488.1695834826
state,Kano,hospitalizations,17,4818.67964348519,1301.0553401294899,1838.1773740805845,3107.474389492765,6538.091191896789,12841.425362553815
state,Kano,deaths,17,342.0839670661104,107.04953108128669,163.4725534356735,258.196206782304,382.96094848894063,843.5539881419484
state,Kano,cases,18,333755.57572270377,79983.83612172329,108828.76752124786,208591.56498961177,475062.956957225,876126.0838930501
state,Kano,hospitalizations,18,4845.365414270345,1041.1754136720688,1537.41753022278,3166.7718563531366,6742.671097207547,13725.963742261729
state,Kano,deaths,18,500.96972615371806,120.77147374039463,212.60466708552764,358.81546281533457,607.645132402266,1311.0077485447919
state,Kano,cases,19,562220.7477620569,173524.50021701265,229461.9539923655,363945.14824415714,782759.6487939246,1433308.4768388118
state,Kano,hospitalizations,19,3755.3155611282755,1013.8179619174363,1403.0913883596309,2523.1545805976657,4963.58453481429,10012.448996843
state,Kano,deaths,19,502.16218186276024,155.39704108106474,240.26746996246226,379.0390455070729,627.2585763264506,1232.6576692310057
state,Kano,cases,20,315282.3173462455,84377.0819170124,115704.6863354648,193053.27918792746,433809.2026854241,868272.7063470384
state,Kano,hospitalizations,20,2313.6718868407384,797.6413628424648,1047.0407271052736,1551.6911484349757,3122.051551039297,5666.253306008039
state,Kano,deaths,20,303.81234922866764,85.41692019899668,140.10931833129143,224.12441400480938,367.41559146225137,776.1303247182477
state,Kano,cases,21,151205.01389588695,48939.30482216354,62586.17483995848,95830.58686232676,207941.74870939617,385158.5123727479
state,Kano,hospitalizations,21,777.8849914612416,199.13157729885418,282.1000788363008,501.9780781939576,1057.8913680513745,2108.107233312616
state,Kano,deaths,21,166.06984638358455,44.64639956747791,78.78004265491828,124.14992378928982,207.47671169710588,430.14023685308484
state,Kano,cases,22,54650.05256525275,16033.40611446302,21734.872215788066,35101.041360243515,74781.227663022,145337.22703101058
state,Kano,hospitalizations,22,373.8847829211792,110.83476679919049,147.16906845265316,235.61088502673303,513.1437973622417,1017.0446912314483
state,Kano,deaths,22,39.78455127488493,11.040363751045646,18.388067687806778,29.815379719209407,48.05162113185873,98.35268138569033
state,Kano,cases,23,26532.431495425433,6015.057864236777,8443.794843648755,16804.9564104168,36312.043465075265,72854.16933682626
state,Kano,hospitalizations,23,434.12984496484745,115.27633265972368,158.75058633643184,284.06870961399653,593.6560936033463,1167.2741816648004
state,Kano,deaths,23,35.5121544443457,11.447650463771636,17.354753046031036,26.825707325071146,43.886538055169275,83.02093314909652
state,Kano,cases,24,32506.190006396,10836.474658951589,13893.482684556348,20529.91234450715,43721.914762268396,83320.31332673032
state,Kano,hospitalizations,24,745.6268661508557,169.86617285324016,263.759592836994,504.9074764718564,996.8276205761579,2039.305495509159
state,Kano,deaths,24,48.44975724582871,13.14895694532864,21.483171291818106,36.604398596228506,59.0624392632121,127.807787821464
state,Kano,cases,25,49018.82500918242,13216.27500082268,17896.664065727735,31062.46646419716,67241.54019450038,129360.41031973455
state,Kano,hospitalizations,25,889.451703935897,199.4449046979657,306.1375523348448,599.1045326967273,1276.5358068105145,2363.305482203401
state,Kano,deaths,25,71.02934341895426,22.321679968939936,33.70243693412921,52.793188543378385,82.04309525238565,186.65279822826247
state,Kano,cases,26,54388.62925568693,10839.511068098138,16295.021653350937,37203.393444113644,78612.13660181143,147880.66632992428
state,Kano,hospitalizations,26,1151.7579658180302,368.5784256003293,474.95411112741914,720.2971909658746,1546.040021544044,3135.542153986929
state,Kano,deaths,26,89.39197773529057,25.86857310156678,43.89837866763166,67.63665652666097,107.43033908063302,213.0976907188678
state,Kano,cases,27,95334.56918114495,24201.308070289917,33594.831286811386,62209.50530157943,132520.04264366312,251845.3392174868
state,Kano,hospitalizations,27,1689.2914302422691,526.4038637803225,714.5002526407934,1158.3138395612636,2231.0138287816076,4373.616873078827
state,Kano,deaths,27,149.98874304429202,42.43080174148336,69.04565546174355,111.72692224549453,181.0841995820071,382.3399505236344
state,Kano,cases,28,127080.1632136068,38781.92198130432,50871.61486334473,81204.30560899645,173439.213597155,350282.8784462741
state,Kano,hospitalizations,28,1822.3310989518461,438.3545376937795,657.0897211862596,1233.361741113007,2439.426614513405,4872.064275114899
state,Kano,deaths,28,163.49658241845464,45.494761507982886,73.75229393835522,123.42348776349897,194.6386178988841,424.30909869273853
state,Kano,cases,29,153908.88683800618,48173.737321943365,62509.81692148192,98391.22130198266,214894.85295729575,396559.58857082255
state,Kano,hospitalizations,29,1358.8085047029308,305.83614526987424,472.85804266970075,918.2464813893572,1910.8075896764403,3646.1046663536563
state,Kano,deaths,29,161.23524840158228,42.338168123263706,73.7790432654272,121.07886814639834,205.83206318067755,396.44839693402156
state,Kano,cases,30,149880.41411824382,26135.22386040196,44888.73643791489,102859.72533972762,211564.549711299,419340.6844610499
state,Kano,hospitalizations,30,1019.5548836057002,284.76735246288143,391.83368794527803,656.8660281931387,1440.4533358616748,2643.155284348648
state,Kano,deaths,30,112.98416796373841,32.97124848416124,54.02893181914888,86.8376083021636,142.9688449958291,266.72180669475796
state,Kano,cases,31,95219.33541059923,23636.170058807038,32451.330647803166,63271.927636204986,137883.10664423852,256346.91152882396
state,Kano,hospitalizations,31,996.454187357634,272.5450628810236,381.5280549885978,646.8131299417344,1362.4179671000188,2608.2956841663563
state,Kano,deaths,31,86.85690706222836,23.33232129152662,39.37759159728635,67.36175920462014,101.04735353674515,209.35671613649552
state,Kano,cases,32,77027.56569613966,18822.70605771285,26092.054791610484,50120.24058116043,105659.79769331812,204021.0400162773
state,Kano,hospitalizations,32,728.0933319154224,159.22444787641032,252.56629875225622,473.24870801809993,999.8249780177258,1998.7294316082384
state,Kano,deaths,32,78.67137210900391,24.15388852553454,38.96956336021191,61.13448353648781,94.96550345113971,196.35908540697912
state,Kano,cases,33,47756.36550637461,9693.011616519152,14693.182805717426,32544.941616228287,68144.99866862531,129868.00842028097
state,Kano,hospitalizations,33,512.4628206771317,143.73829909769367,197.32235263197128,338.5160889960572,689.8891095149811,1358.9266766366031
state,Kano,deaths,33,56.15472439003256,15.27310759339038,26.34937027124119,41.64777562524853,66.89764645184339,145.82475470435662
state,Kano,cases,34,34643.549065968895,9110.656213904205,12309.597664261502,22176.632336876024,46839.94597453794,91952.65670858888
state,Kano,hospitalizations,34,395.31620195047253,109.05926753321168,151.97855868337888,252.15975659138752,551.1413789185735,1017.4832417207243
state,Kano,deaths,34,32.04168225028205,9.326470994293103,15.782811028794239,25.12776238113381,38.113341536903064,83.38819958471971
state,Kano,cases,35,27474.24777465423,8357.145396174064,10737.486051375676,17145.82143797467,37493.84698861533,73347.81461004201
state,Kano,hospitalizations,35,308.10881473629405,92.48834980553376,120.35709465675816,199.65356771767864,424.5121610419416,785.0078046536275
state,Kano,deaths,35,27.727918762831592,7.285626355360447,12.783675661131396,20.651810964330792,32.99357235806522,70.08326281596098
state,Kano,cases,36,20319.2890976117,4054.0050427270708,6218.768636084766,14040.571293694886,28936.948239170066,53689.009445013515
state,Kano,hospitalizations,36,259.3444805537448,75.75583270234466,102.36117150608808,169.87957065370233,349.97009979728193,673.9686190492632
state,Kano,deaths,36,22.893210157127616,6.591483158657695,10.966436606597577,17.412359654751537,27.563710544602777,53.96334256326154
state,Kano,cases,37,18431.251800131875,5143.726960607753,7028.4722296556665,12131.84072131996,26090.94124601667,49288.24928290655
state,Kano,hospitalizations,37,234.24457261595282,65.6349944084035,92.15889633021084,150.60814863661457,314.16797342581157,606.0341831162252
state,Kano,deaths,37,20.15319869561061,5.330490455374635,9.074117972420495,14.989166145097172,23.768548764629006,56.803012718627635
state,Kano,cases,38,18118.32664363282,5169.857090737897,6884.691259721723,11645.173427678395,24260.901978921058,49015.71086348987
state,Kano,hospitalizations,38,207.50596208430792,55.7036981892624,75.83733325280511,135.95011507772494,286.6294566189815,555.2999728710198
state,Kano,deaths,38,16.774197743576558,4.162093070997388,7.500075600653517,13.111857857694849,20.717814705047847,40.611983386572064
state,Kano,cases,39,17477.3088626184,4944.074553513409,6595.0713436302785,11724.093873842441,23857.89347059497,45847.149660458475
state,Kano,hospitalizations,39,204.76922472610465,51.26455211156017,74.24420982205362,134.82736698993654,288.7668447613217,549.4706055097971
state,Kano,deaths,39,18.733791025473227,4.523519394978345,8.03520720081863,13.38934683915134,23.430767034487864,51.0411074740179
state,Kano,cases,40,17501.313057268664,3494.688605477884,5445.783340655384,11856.292935570682,25070.64756213296,49562.86353924861
state,Kano,hospitalizations,40,196.36901226987328,52.85542586742035,72.52210175187467,129.5209811097422,266.887915648034,541.4723935232763
state,Kano,deaths,40,17.784895370829435,4.076418477791711,7.574431031510862,12.605157058796497,21.364090285849194,46.55490290027794
state,Kano,cases,41,17545.096695816683,4374.516737518179,6223.44167045086,11300.977727663512,24771.666417884247,45754.4549243882
state,Kano,hospitalizations,41,191.11513940400957,46.52537525799121,69.46128814211923,120.40492950300874,261.72399958029774,500.5567402726057
state,Kano,deaths,41,15.895843353100135,3.7838697448562337,6.670558540940518,11.68597612265785,19.719813156400413,42.716997898322056
state,Kano,cases,42,15027.335522945034,4418.941906190632,5936.06929807001,9493.282386821556,20784.262440171275,39334.77844637689
state,Kano,hospitalizations,42,152.12685225576965,32.76879475046357,51.8899398679033,102.62524553322434,209.64270516477507,416.7394876592825
state,Kano,deaths,42,12.19515581340367,3.1366157178606935,5.524175622985914,9.1365753789007,15.17150312891345,30.854209785495634
state,Kano,cases,43,11116.103800396579,3338.021811905706,4238.308852570553,6755.562078850416,15315.47130293938,29581.46554748224
state,Kano,hospitalizations,43,126.48051883154037,32.529563816805265,46.882257323760136,82.63497495277258,175.8381458689148,339.3084718815687
state,Kano,deaths,43,10.881104847585728,1.9679403429676068,4.216081000950727,7.733577836534843,13.536370231730777,29.90668485584756
state,Kano,cases,44,7719.988061037699,1901.06949753555,2587.8267049289143,5001.117503361463,10679.570707936127,22047.504859577883
state,Kano,hospitalizations,44,88.20579304998446,21.26756119384639,31.526678151962486,60.50194553076947,122.11235768134084,238.59345067496398
state,Kano,deaths,44,9.024768950792849,2.2265642979579585,4.282260372491943,6.804102879513721,10.585030221725447,24.157724653659546
state,Kano,cases,45,5214.350516790404,1426.2790244118796,1952.4012745533814,3416.9527068269695,7458.806515271097,13063.703818884487
state,Kano,hospitalizations,45,73.07398281019256,23.846178982118165,31.048440584679426,46.03177807549382,100.2688979294598,198.0692066550314
state,Kano,deaths,45,6.4182736400318445,1.3183903620659527,2.4314079561019275,4.591783400197195,8.005111005824215,18.781873034640597
state,Kano,cases,46,3776.3985845245847,866.4398489098412,1253.5754213479477,2590.2587390335875,5381.248987056968,10293.988603921069
state,Kano,hospitalizations,46,62.542923180132014,16.349890320295533,23.202726960595285,41.60118681188125,84.466401080865,163.16153349104522
state,Kano,deaths,46,4.513693374006682,0.9270473727143926,1.418718740443822,2.8657391339552776,5.442373963732521,13.349903564773875
state,Kano,cases,47,3173.936022644237,1062.2991579526085,1352.9908925055147,2024.2252419038473,4374.47902842918,8226.407863498836
state,Kano,hospitalizations,47,39.44271437238482,9.409267242565317,14.200802270297386,26.824551717892515,51.95032698904944,111.64390405722958
state,Kano,deaths,47,2.3763632077353467,0.5176121941075866,0.5329976496712828,1.5464809771152814,3.052649199864761,6.970403968049064
state,Kano,cases,48,2754.236466007768,810.4480376774794,1072.7430044159075,1705.3485935257306,3812.638292957503,7360.6943978524305
state,Kano,hospitalizations,48,31.660726898940368,7.856604905385009,11.656546633527705,19.8334948060885,43.315183408845996,80.93410051645509
state,Kano,deaths,48,4.078605849118048,0.764814650053212,1.3316282901867342,2.956279239059814,5.454704035963803,11.22753167459659
state,Kano,cases,49,2068.293012852864,543.921115437198,755.6249034257196,1363.1393124589513,2972.029188453853,5314.197865646678
state,Kano,hospitalizations,49,29.84148242633846,8.579665670740878,11.632452699349972,18.780498598013164,40.401714924165866,81.59199403210673
state,Kano,deaths,49,3.0391731814311918,0.7376450146585487,0.8592620114503398,1.999302709290307,3.751332948416974,9.129436373135146
state,Kano,cases,50,1771.228680400784,451.53013911006104,620.1774799034122,1168.9854786738174,2468.2800884121693,4634.976820454289
state,Kano,hospitalizations,50,18.955388574033496,4.872578378091642,6.908427949833011,12.11681000645861,25.865664381117718,52.2900800130421
state,Kano,deaths,50,2.5401331139021526,0.6161070685725172,0.7409232811258469,1.7563027636476418,3.1789915504138637,7.509364189250179
state,Kano,cases,51,1716.3228212707731,516.9013045328793,660.0753254387737,1063.1862910539726,2333.4655196139497,4475.929115692796
state,Kano,hospitalizations,51,31.60005382373164,8.097738869554203,11.40502507114046,20.771001558765143,44.25535516914851,83.04138117384703
state,Kano,deaths,51,1.7577369104547547,0.5282967658393207,0.5282967658393207,0.9306985268316204,2.0464017893799697,5.770291693947473
state,Kano,cases,52,1419.1057521383473,459.9126806809834,582.6757171641755,908.2119957498775,1937.5145398095378,3526.5340526476707
state,Kano,hospitalizations,52,27.41307782911944,6.784973183708848,9.965777750272764,17.41113209983418,39.057042676410646,74.29156511191337
state,Kano,deaths,52,2.850801149917794,0.650097716030148,0.735236498581479,1.7975146536484945,3.482872041174484,8.514564403828432
state,Lagos,cases,1,2161.4785144175885,511.8089219053193,748.3105207717845,1376.5345449658726,3014.2259570584947,5850.88798249295
state,Lagos,hospitalizations,1,18.351252849485586,4.572474350196945,6.50121568449768,11.515699280624611,25.092647876181893,52.49445495592453
state,Lagos,deaths,1,1.2207534186068945,0.42022510430918847,0.42022510430918847,0.4741552250562959,1.274749382391402,4.158325745739284
state,Lagos,cases,2,1508.0626542092448,445.44608412503203,596.3557255803801,959.7158496590316,2041.8948074728564,3925.9036163616206
state,Lagos,hospitalizations,2,27.109627927885718,8.724603558929498,11.23291977676746,17.999418390959306,36.17876539672621,71.25136997856566
state,Lagos,deaths,2,2.129609146525123,0.6335012452521969,0.6335012452521969,1.2139981184927497,2.581508013085049,6.115721264540081
state,Lagos,cases,3,1681.0591993673884,419.1773797441304,590.2975455613973,1111.322262846064,2343.0745852404125,4417.848622550746
state,Lagos,hospitalizations,3,29.81163380280176,7.027935176811871,11.007894192149575,20.110671451736575,40.57513724041537,79.56370497152768
state,Lagos,deaths,3,1.048974513946986,0.38961430146067805,0.38961430146067805,0.4078010873887349,1.1321526465143181,3.509717015240707
state,Lagos,cases,4,1563.1723224958484,412.4183579845923,577.1241308889528,1034.7806154704506,2230.0044530290425,4052.126863440409
state,Lagos,hospitalizations,4,37.80723625139499,10.160824685726034,14.343625643888466,23.597718870257125,48.80732977247282,110.2414087803247
state,Lagos,deaths,4,1.9385121117111743,0.6728122918003128,0.6728122918003128,1.0727593015517152,2.3518378100120545,5.744440322981508
state,Lagos,cases,5,1859.6905024165064,499.5350247165773,673.6029959029124,1172.002306543561,2555.6764235102296,4997.0655612669825
state,Lagos,hospitalizations,5,29.169162135316462,8.21500659709955,11.416167100276667,19.534799074225795,41.501245099712555,77.2709782932706
state,Lagos,deaths,5,2.8528044085880904,0.7809937776790448,0.9105186533600764,2.070739601275153,3.607140400187661,7.6584151986192674
state,Lagos,cases,6,2796.158569907655,776.5621949926796,1050.7076005181816,1808.4756051085847,3799.134074506743,7059.431150620417
state,Lagos,hospitalizations,6,35.95524773109459,8.93359685931616,13.135049854820911,23.733111712034273,47.51539139718281,100.4452496603519
state,Lagos,deaths,6,1.5839290570911575,0.4777435076618356,0.4777435076618356,0.8075064191524102,1.8648485415657923,5.250094842684599
state,Lagos,cases,7,2201.2164438108625,685.2639517675599,912.939817091356,1412.623018019691,3077.3434374566723,5326.34545930187
state,Lagos,hospitalizations,7,35.6960470686835,9.505353141409435,13.507916326357934,22.647343712842737,50.64615614750756,92.75527786393137
state,Lagos,deaths,7,1.9429747267178386,0.537503110737685,0.537503110737685,1.0824670940126877,2.1314021185366343,6.349258400784078
state,Lagos,cases,8,3638.1232615146378,957.8494800744037,1322.4950036931823,2295.6458210283204,4815.889599097307,10913.506550787097
state,Lagos,hospitalizations,8,53.37678445751103,15.395059248015698,20.451465878671257,35.17057071107041,74.18594769972634,143.76562322720918
state,Lagos,deaths,8,1.4532812237012924,0.5405920650618149,0.5405920650618149,0.6851269241691516,1.7105690520909616,4.666257497174844
state,Lagos,cases,9,6653.449869962478,1784.8037532616552,2377.0947465754016,4297.771443323016,9435.572739158866,17976.414738719963
state,Lagos,hospitalizations,9,64.7143786784229,17.50933128752234,24.844881954628246,41.43406986871255,85.63588889058002,168.8913392434693
state,Lagos,deaths,9,2.566251628966814,0.6569119527465833,0.6569119527465833,1.6176615780149752,3.2087222552594685,8.141471406139905
state,Lagos,cases,10,14264.146786906618,3847.3081167936202,5185.8306825348445,9313.474996409659,20299.141886296802,37627.087939077755
state,Lagos,hospitalizations,10,143.59719339578993,34.993245973380425,50.9904104636563,96.65819810554466,194.78476397435293,382.0458231260997
state,Lagos,deaths,10,5.4053980971144355,1.2088041262693654,2.2180407258708135,4.060663053573822,7.156894797702997,14.333837364238686
state,Lagos,cases,11,40668.21842098674,10535.710937066584,14577.194428000448,26501.501773102063,55429.839610079194,107724.92899017477
state,Lagos,hospitalizations,11,302.3640749698286,79.95069958106228,111.09718837900661,202.69539594160972,406.4338054520754,821.449066308579
state,Lagos,deaths,11,13.078118974380526,3.2300914098884985,6.090383925878019,9.947049992284315,16.7275556211087,30.998931285660763
state,Lagos,cases,12,134425.96253051705,34716.07155318006,48049.31661370488,87179.9752286077,192931.44816723073,351063.164081415
state,Lagos,hospitalizations,12,710.3204650785823,192.11409648932454,273.7528580145878,472.36770928268044,947.7964466399444,1843.7648946946813
state,Lagos,deaths,12,27.655913523517096,6.780596497233408,12.18273150888928,20.606948964775576,33.67928690357394,74.4277475923271
state,Lagos,cases,13,358339.42172732187,109861.93962237674,142736.65731683295,223882.96861014556,484965.4228844488,944094.5692455823
state,Lagos,hospitalizations,13,1551.6226841288865,484.3610403355659,642.5982143084766,1025.4015673413528,2154.41897818463,3833.4474933072033
state,Lagos,deaths,13,72.72246074154545,19.472716490738954,34.73211187805366,56.05902589211287,92.04303922177968,175.48933091410686
state,Lagos,cases,14,420794.9831584127,103897.68826728463,145851.83173251402,280552.18797261384,583289.7449898567,1127126.776266614
state,Lagos,hospitalizations,14,3289.4546251025376,989.202035987026,1339.5339040325528,2152.827221374388,4433.673068549215,8715.13346994975
state,Lagos,deaths,14,163.0071866213565,40.74926407832153,74.3002569833036,121.00904943707377,199.81655818572818,405.3392666481058
state,Lagos,cases,15,593459.4007238384,136216.6214552869,195338.616302319,396879.1667076756,849606.4841270833,1601940.0641072853
state,Lagos,hospitalizations,15,4297.825917332456,1046.398206486868,1502.8078043184923,2831.39798395841,6104.104063638307,11505.151547032972
state,Lagos,deaths,15,146.37573692675835,41.391191089911366,69.38281584390029,107.5732718539547,174.94837499153965,370.2865013931175
state,Lagos,cases,16,373762.8298398633,108651.9632727272,142425.25634464785,241968.65739160994,528759.4036909346,939819.2471511954
state,Lagos,hospitalizations,16,6141.178595797204,1817.5398344289954,2428.8276784019163,3937.8255156877744,7982.780260036779,16912.829802327662
state,Lagos,deaths,16,164.8114040161685,47.79509792782109,76.62194908370407,121.83937971238382,191.73499177713646,426.47376202754884
state,Lagos,cases,17,189970.61347338505,47095.67512413992,67879.61127658357,124363.36473096008,267109.2044260439,516717.3058820223
state,Lagos,hospitalizations,17,6338.446203169586,1711.6262309691033,2418.1163902004637,4087.654770396743,8600.03158198157,16890.96600736287
state,Lagos,deaths,17,194.86154158625362,60.683872628109974,92.89493814011733,146.9712650749109,218.19760320794234,481.1433291822286
state,Lagos,cases,18,88239.33241461778,21145.81489713484,28771.99073999105,55147.80788204652,125598.92680095565,231634.12195308483
state,Lagos,hospitalizations,18,4083.8229832642915,877.4112873175842,1295.6754976433863,2668.998272616275,5682.9920919574,11568.952364656441
state,Lagos,deaths,18,87.20062766550153,20.396350927280704,36.532274811837254,62.22283598104271,105.94446279613452,229.53164542479848
state,Lagos,cases,19,19337.767470512317,5967.764659600757,7891.8478452122545,12517.672500127284,26923.65425314641,49300.612390843475
state,Lagos,hospitalizations,19,1279.8326984360833,345.03376831143953,477.76865841999455,859.6890635582315,1691.82960998896,3413.397084207202
state,Lagos,deaths,19,41.27847672209528,12.141346665345939,19.272630734773692,30.932988046666367,51.78976948613242,102.65875841170329
state,Lagos,cases,20,9558.173604856078,2557.2854820183584,3507.1169281629345,5852.273130500215,13151.82734884975,26324.462334526565
state,Lagos,hospitalizations,20,385.19514982040914,132.2506013181397,173.8620389452894,258.0612492870904,520.0705536743186,944.5619831160001
state,Lagos,deaths,20,8.23864773575996,1.7756930169443148,3.268395402682882,5.809755905090494,10.14415004955383,22.50730302250526
state,Lagos,cases,21,8111.834796787205,2624.851959830153,3357.0635901415744,5140.765280998312,11155.997820409157,20664.418086100453
state,Lagos,hospitalizations,21,140.62520732366423,35.390065847574576,50.476286997541834,90.45685869467955,191.53896425988182,382.5004557288391
state,Lagos,deaths,21,7.409272255865393,1.5409819187879044,3.004046666075865,5.281096354832075,9.463149111562878,20.638314176513294
state,Lagos,cases,22,10978.74332246718,3220.41395638805,4365.874682502194,7051.222896712254,15023.224169185294,29198.37225065553
state,Lagos,hospitalizations,22,142.3589142977539,41.76650181462644,55.66102694370501,89.48187905667797,195.61266591947134,388.3083643040749
state,Lagos,deaths,22,6.657100032465105,1.436349277955899,2.629256685140436,4.768337755567893,8.181983825120033,17.59785043624601
state,Lagos,cases,23,17583.12250045368,3985.9361968050002,5595.498404193256,11136.571720001744,24064.225214622908,48281.26694428574
state,Lagos,hospitalizations,23,247.76937521919405,65.47668727681837,90.33148188680235,161.97747811562976,338.97260033483104,666.9175000762052
state,Lagos,deaths,23,6.688589375952766,1.8308989592242795,2.8528271034418764,4.840865256297056,8.422086473455838,16.636746606259397
state,Lagos,cases,24,30537.678364486343,10180.198461874883,13052.085722300304,19286.638473057872,41074.22153775978,78274.69187281202
state,Lagos,hospitalizations,24,401.5384347890109,91.12125212332622,141.74320537836874,271.7563297807884,536.9714912305523,1099.0158417655045
state,Lagos,deaths,24,15.294421580553793,3.661728673507055,6.407644583796895,11.389712108347588,18.78907677760189,41.43895576038061
state,Lagos,cases,25,38779.574228938436,10455.453367136279,14158.203744516488,24573.936095697623,53195.932483270226,102339.42602814056
state,Lagos,hospitalizations,25,495.50581782711737,110.76581604195178,170.25643191358216,333.6115128662815,711.3395438070204,1317.3100462897696
state,Lagos,deaths,25,26.180635349651922,7.800485818223551,12.095038800949759,19.29897475325596,30.336489611525433,69.81118477559029
state,Lagos,cases,26,52662.03754249498,10495.380452885562,15777.70656351274,36022.344808665875,76116.57279558228,143186.182048409
state,Lagos,hospitalizations,26,502.4242379974602,160.39965439849902,206.85528516911836,313.99976534451844,674.612285571771,1368.768321398907
state,Lagos,deaths,26,30.05754577121245,8.231703518566633,14.426517766949893,22.582691241719726,36.255299677662485,72.56127164829256
state,Lagos,cases,27,62775.48300287441,15935.714851075436,22121.1538808525,40963.31963650788,87261.34135379194,165834.5592673122
state,Lagos,hospitalizations,27,1002.197753316192,312.0172476582122,423.6535438232275,687.0594780448789,1323.7131342808993,2595.360450140106
state,Lagos,deaths,27,40.42284610126441,10.914977105705502,18.216600838930425,29.925947573949575,48.953696048352725,104.16699096136433
state,Lagos,cases,28,98582.12456905242,30084.82493385136,39463.39583494117,62993.95972556938,134545.12587698325,271731.4767114066
state,Lagos,hospitalizations,28,1042.6125115891307,250.47154722708754,375.668103326373,705.5065459548215,1395.816930279626,2788.175729088048
state,Lagos,deaths,28,47.87023506306907,12.813113261625691,21.20813419076365,35.96493267502024,57.122212045785304,125.35493894154206
state,Lagos,cases,29,59064.67070269866,18486.91672390642,23988.643573236535,37758.77399844893,82469.12551903725,152186.2156455157
state,Lagos,hospitalizations,29,1277.6726362749716,287.5281136422906,444.584294071564,863.3976837028292,1796.7355210586256,3428.49240453234
state,Lagos,deaths,29,39.53675548748329,9.828650011615153,17.684594268534994,29.503119864493012,50.67989604437312,98.30806433338262
state,Lagos,cases,30,56224.19950324435,9803.51385155224,16838.5421254743,38585.270601316995,79363.84527125521,157307.16264015468
state,Lagos,hospitalizations,30,1089.4152053640962,304.32906297135344,418.7244395141056,701.8991108247313,1539.1255341536737,2824.1563671038675
state,Lagos,deaths,30,41.94561462074822,11.799287582206917,19.733153920537575,32.094421293253724,53.2428886839096,99.86907455025865
state,Lagos,cases,31,53187.584658774154,13202.352155245135,18126.36248609215,35342.26416384549,77018.89756413075,143190.9194115029
state,Lagos,hospitalizations,31,928.8123984886699,253.99475989561782,355.5871323277387,602.8820506827021,1269.9585524826484,2431.347780190294
state,Lagos,deaths,31,42.587250630610576,11.07166313978153,19.031984549203383,32.91538846104301,49.62736355658615,103.36141237682538
state,Lagos,cases,32,38205.535102933885,9335.647771663727,12941.279332722983,24859.373815355466,52407.258411542345,101194.90262661141
state,Lagos,hospitalizations,32,843.4794021831777,184.58151615834117,292.69561757142293,548.3031521507979,1158.2152089856786,2315.2059519816457
state,Lagos,deaths,32,24.725544296866364,7.121990304809318,11.905853731901438,19.062729957851055,29.986496892322435,62.725677110094125
state,Lagos,cases,33,29317.222882638467,5950.148899996535,9019.751501017217,19978.93733767738,41833.79461948258,79725.51954398169
state,Lagos,hospitalizations,33,560.9197817420021,157.39766807541892,216.03860263641673,370.55719741298765,755.0902990300478,1487.2668628529202
state,Lagos,deaths,33,22.39836986321664,5.661752704927107,10.196063218834468,16.45880023223221,26.795387409130687,59.10592636893053
state,Lagos,cases,34,24097.790978792033,6337.079279120433,8562.266889984163,15425.788354877592,32581.6196825319,63962.07680427039
state,Lagos,hospitalizations,34,415.8810979304096,114.7702563277889,159.91663472216152,265.2962471890106,579.7920623067293,1070.3324611576656
state,Lagos,deaths,34,15.765802555549062,4.23893383101353,7.514432135319811,12.255411102481359,18.84339164220888,41.812708619143734
state,Lagos,cases,35,19930.20001736958,6062.198011232438,7788.953893378327,12437.713220910879,27198.656253515423,53207.97947927982
state,Lagos,hospitalizations,35,324.2857498096255,97.38097949714329,126.70821033951648,210.15459383681537,446.7809617811276,826.1428244810663
state,Lagos,deaths,35,12.401607568000044,2.8642676442526085,5.428459309141164,9.098016608582343,14.853992944160078,32.151959884108614
state,Lagos,cases,36,15348.903158862897,3062.1421834385733,4697.399996959451,10605.973085920226,21858.664542846236,40556.31892496815
state,Lagos,hospitalizations,36,261.2176958305602,76.30810175024952,103.10486972117182,171.10907327869876,352.4953791934395,678.8251135133856
state,Lagos,deaths,36,10.0014495820181,2.492370088087774,4.505014552817549,7.470383555555203,12.140389858733023,24.285221543348165
state,Lagos,cases,37,13582.107932376008,3790.255802399574,5179.163608787598,8939.941499227829,19226.691654435923,36321.2681729379
state,Lagos,hospitalizations,37,233.82673940182764,65.51663965285152,91.99343074413943,150.3388675249273,313.60818305164287,604.9559901488177
state,Lagos,deaths,37,8.307696260451442,1.8297556682318534,3.425668318755231,6.024212565843934,9.881089726093906,24.39348485076071
state,Lagos,cases,38,12291.703003828638,3507.0669244416404,4670.46264850642,7900.118727711627,16459.013178231588,33253.42941231806
state,Lagos,hospitalizations,38,194.9618582339182,52.29229895790781,71.21465734332457,127.71094316779568,269.32513717318665,521.8319388546043
state,Lagos,deaths,38,7.295431897540564,1.4374307200194503,2.9599430655327525,5.574312546239728,9.117711156965164,18.385837585027023
state,Lagos,cases,39,11944.928310558838,3378.8181832673163,4507.227656444704,8012.769063840147,16305.876895771364,31334.90974507813
state,Lagos,hospitalizations,39,193.3012547152299,48.35173404051497,70.05068504749198,127.25741004729825,272.6175032342208,518.7916718439038
state,Lagos,deaths,39,8.004962150485321,1.517403365967879,3.117892849301241,5.5580995696134154,10.134584812304794,22.718294398113983
state,Lagos,cases,40,12757.744862078387,2547.2688424456237,3969.5677035402105,8642.667544104574,18275.598839852064,36129.80666578066
state,Lagos,hospitalizations,40,207.63936278609592,55.93072892409431,76.72042978677405,136.97411263181044,282.18510274792857,572.4491611022812
state,Lagos,deaths,40,8.337069403137646,1.5228471225668878,3.255052955773137,5.7515457928395195,10.098157781462977,22.59907373488748
state,Lagos,cases,41,13458.872491071026,3355.524154091952,4773.862048512044,8668.915693987057,19002.481915613564,35098.69195599186
state,Lagos,hospitalizations,41,199.95054387568788,48.71107449218641,72.70181349718712,125.98836067008048,273.8067162673332,523.6234110178294
state,Lagos,deaths,41,7.793681589685845,1.5801738239694663,2.985246422077007,5.5910116823354015,9.764999811542307,21.713210325994574
state,Lagos,cases,42,11092.568164393773,3261.6984368377734,4381.606633602909,7007.458699195186,15342.197877290104,29035.757851734408
state,Lagos,hospitalizations,42,151.44375732541528,32.618153029835184,51.65399921309139,102.16297599109177,208.70303350108895,414.87596260129806
state,Lagos,deaths,42,6.112686839788001,1.47793860035301,2.5046157423068656,4.445101986650225,7.686906625057473,16.11124462678101
state,Lagos,cases,43,8280.304804873611,2486.2896638354787,3156.9275862193003,5032.068955064969,11408.479453651938,22035.442087518648
state,Lagos,hospitalizations,43,120.97268420910223,31.08090880537179,44.81348982025788,79.02150040063059,168.1977999453807,324.60534076068586
state,Lagos,deaths,43,4.8008463553274785,0.8652131154379838,1.5275257681466647,3.231978572789217,6.043803639039138,13.976270952637549
state,Lagos,cases,44,5301.068276908124,1305.1673277606917,1776.7693525887153,3433.9967027892512,7333.4388933313985,15139.896119130995
state,Lagos,hospitalizations,44,76.06409491443756,18.23670197525272,27.0994406350696,52.13085644064986,105.35541600492553,205.98215515089197
state,Lagos,deaths,44,3.174388216948045,0.9114591660206612,1.1623290368174228,2.194662336328957,3.742410535326658,9.298484868742344
state,Lagos,cases,45,3909.7922347557815,1069.2620480693763,1463.781036536497,2561.992240231551,5592.82409653584,9795.72259415485
state,Lagos,hospitalizations,45,61.82290315333173,20.071960802965446,26.180174637016144,38.88749275346672,84.88581162781134,167.82992442142657
state,Lagos,deaths,45,2.5524524425341943,0.6146784890744547,0.6146784890744547,1.6070798684228276,3.1984894506767256,8.22298294788907
state,Lagos,cases,46,2282.4878706240634,523.378968530505,757.4075901250624,1565.4504996833728,3252.6413628613877,6222.458043738703
state,Lagos,hospitalizations,46,32.72243134189538,8.205295914416023,11.84119147124956,21.602824782698942,44.34573407471123,86.09884994383337
state,Lagos,deaths,46,2.664845951409792,0.6040323916451685,0.6040323916451685,1.5187835306866375,3.1976307443619643,8.349906838879852
state,Lagos,cases,47,1671.0519540087691,558.9770899540287,712.0673189560539,1065.5669477689048,2303.307301636987,4331.891528041923
state,Lagos,hospitalizations,47,26.27691287844339,6.018208245119701,9.248790173201854,17.760061946026784,34.70053614693707,74.94755305966105
state,Lagos,deaths,47,1.3213109750273675,0.33931885226186725,0.33931885226186725,0.6693366429497931,1.6566999208528292,4.224970271739201
state,Lagos,cases,48,1836.3080911521745,540.1078372284379,715.0172036666961,1136.8653396503496,2542.0951494813835,4908.08887445226
state,Lagos,hospitalizations,48,28.204658695649204,6.918420491191236,10.315832565784593,17.626592688509014,38.62085473205941,72.25478187045947
state,Lagos,deaths,48,1.446422468958277,0.3476662040735022,0.3476662040735022,0.7984286587646172,1.9341520202905578,4.5583395561260955
state,Lagos,cases,49,1326.986290630221,348.7077341298605,484.57043041164303,874.4479400467743,1906.9666240534195,3410.0731799333084
state,Lagos,hospitalizations,49,22.742699915964764,6.377521575127534,8.72084431848911,14.221362944289707,30.85918323818405,62.55566373749446
state,Lagos,deaths,49,0.9915937249978611,0.3269244155262845,0.3269244155262845,0.32929155045536784,1.105791696905891,3.4893681921388624
state,Lagos,cases,50,1127.6671535179366,287.1997733356411,394.60505132637684,744.1206463792615,1571.593514284179,2951.4828367713635
state,Lagos,hospitalizations,50,18.60510260131957,4.7867254102598125,6.769084473403748,11.8856968297873,25.3923016476903,51.35112918042212
state,Lagos,deaths,50,0.845550163572009,0.2852962168270388,0.2852962168270388,0.2858034613541684,0.9473666031346809,2.9674669351462906
state,Lagos,cases,51,861.9928088556271,259.256892864264,331.20501404820214,533.7772154933219,1172.1207033383992,2248.756181391878
state,Lagos,hospitalizations,51,13.741603053724734,3.511537201739034,4.595183127640176,8.819628730684368,19.412050618653396,36.90616425769589
state,Lagos,deaths,51,1.380316202150956,0.4435596403890718,0.4435596403890718,0.6210206074242905,1.5577686057404037,4.684358382026927
state,Lagos,cases,52,836.5738036321341,270.84481614763945,343.2500600936133,535.2503098388968,1142.329638697424,2079.5282349353884
state,Lagos,hospitalizations,52,9.210220033697023,2.380247067301383,2.912240102138727,5.568505305057203,13.29107650187768,25.861631440258734
state,Lagos,deaths,52,0.5123727685034319,0.0,0.0,0.0,0.5038641775808053,2.4781473612162617
state,Katsina,cases,1,2083.341850890852,493.2796380686118,721.2357435436013,1326.7601992237862,2905.2770382632425,5639.442181188719
state,Katsina,hospitalizations,1,21.75299566182466,5.378809913930873,7.8240217878033675,13.722787317003014,29.693970556897625,61.92796473420618
state,Katsina,deaths,1,3.650886283585604,0.964296763191915,1.1975371430720587,2.382765801917257,4.219901057836142,10.836886395169008
state,Katsina,cases,2,5349.606940630107,1581.9412448008984,2117.013909097993,3405.361477981551,7242.388540132694,13922.42305091367
state,Katsina,hospitalizations,2,56.59328132068929,18.928918752316882,24.06928563796855,37.936072114428114,75.19154759501274,147.06687730979644
state,Katsina,deaths,2,2.0146126124032797,0.6077700166044941,0.6077700166044941,1.1240710785074668,2.4360361576168184,5.826698547973341
state,Katsina,cases,3,2475.1335422644866,617.5366746167657,869.4400454953604,1636.4325385673299,3449.676235572706,6503.919265981969
state,Katsina,hospitalizations,3,48.64264183272577,11.936744335719212,18.350312845438033,33.019128619189935,65.9969188036328,128.8256688675537
state,Katsina,deaths,3,4.030075056039696,1.0669960006902108,1.4684529954159111,2.8553978238981843,4.83910379614602,11.350291048009858
state,Katsina,cases,4,1874.0747113253474,494.59137257820635,692.0348544379756,1240.6573357151963,2673.449592647169,4857.745787870635
state,Katsina,hospitalizations,4,22.167144112263223,5.803166235077123,8.152510878617628,13.67260051661118,28.710196152956065,65.35577715754606
state,Katsina,deaths,4,2.5695047252166945,0.8340743706219843,0.8340743706219843,1.5695657332100583,3.155218395805584,7.360972125726135
state,Katsina,cases,5,2298.9232444859067,617.6908228584567,832.8491055132151,1448.9000597635268,3159.2029071592624,6176.903927006389
state,Katsina,hospitalizations,5,21.576048116365303,5.942108644117537,8.286664260319965,14.35898986501356,30.78877915373775,57.542728272414976
state,Katsina,deaths,5,2.2725814624809035,0.6555937461782495,0.6555937461782495,1.577687218866939,2.8673962846467766,6.268179361042563
state,Katsina,cases,6,2369.204505971298,657.876274685216,890.1765391243987,1532.2799787661306,3219.087342773819,5981.737592117666
state,Katsina,hospitalizations,6,26.08401476426937,6.2774979006933656,9.355543626494304,17.119838273196756,34.54308313943606,73.32026907213843
state,Katsina,deaths,6,2.8911902345126577,0.7522115280994728,0.7918102248458113,1.8459354105187216,3.510730265643124,8.840831569625916
state,Katsina,cases,7,2582.308381478187,804.0214244334918,1071.096430981656,1657.2494427211695,3610.0485076975383,6248.238677116261
state,Katsina,hospitalizations,7,24.560841173466088,6.314438554567519,9.101256102059505,15.4646576119878,34.95906112203876,64.27788355814624
state,Katsina,deaths,7,2.7369570875704397,0.6982579219714495,0.727417538380596,1.7052850794548406,3.0679324313965957,8.547252465050562
state,Katsina,cases,8,3745.661722650151,986.1841063395406,1361.6051425342787,2363.5131999595565,4958.231822133461,11236.037323772396
state,Katsina,hospitalizations,8,40.532647746247655,11.521641332194966,15.383445629514863,26.625085482971738,56.422876982349855,109.56399271641416
state,Katsina,deaths,8,3.0336262314789413,0.9448430067219811,0.9448430067219811,1.9452529784322388,3.73751351273039,8.903444975426096
state,Katsina,cases,9,2548.1403287146954,683.0932692509749,909.983979511757,1645.7434369843063,3613.8965886454507,6885.6628815342465
state,Katsina,hospitalizations,9,36.41469247937988,9.536770435061138,13.712664863303395,23.156359075672494,48.31904121749075,95.71370687066855
state,Katsina,deaths,9,2.3780597588842713,0.6194810532002966,0.6194810532002966,1.468506996243114,2.968908899304883,7.620589579469177
state,Katsina,cases,10,4820.035593340119,1299.5705922515037,1751.936419839789,3146.911210572636,6859.616861897281,12715.753214914768
state,Katsina,hospitalizations,10,42.17601473558089,9.746750653251341,14.523133924245766,28.158478928582817,57.45680163701083,113.368622184008
state,Katsina,deaths,10,3.5789901183078205,0.8572408134177993,1.2821198153673217,2.5888419125997557,4.784579138496561,9.874211072975012
state,Katsina,cases,11,5136.529339636417,1330.0475018746117,1840.5869421805114,3346.922230116328,7001.287623764786,13607.452345890553
state,Katsina,hospitalizations,11,61.397650602533595,15.650330127712557,22.056690091106827,40.89705098875218,82.80294921570152,168.16528872679942
state,Katsina,deaths,11,6.602941890513277,1.5189018728065338,2.8171268272005046,4.893373143271513,8.543676174579447,16.226708783208224
state,Katsina,cases,12,5602.477544183573,1446.1526186861222,2001.9379900232639,3633.0673610223594,8041.230669342198,14632.82139242494
state,Katsina,hospitalizations,12,68.59818742208545,17.89488433080828,25.882674885577877,45.31577018682512,91.8331977760862,179.4975397263069
state,Katsina,deaths,12,6.173669818054605,1.2383205053283222,2.286318322010999,4.386388414101998,7.645186763353379,17.803355642458254
state,Katsina,cases,13,12646.152576809176,3876.4675579253317,5036.737361139706,7900.689395980797,17115.250283134992,33319.607967649805
state,Katsina,hospitalizations,13,151.6978395379892,46.734445086208375,62.296806017329885,99.94487439449266,210.98184506278386,376.1114862838521
state,Katsina,deaths,13,9.188541505272767,1.82650362920749,3.9332458615471855,6.877681686065298,11.845705558997022,23.366465220713827
state,Katsina,cases,14,19476.537053363445,4808.196455090815,6750.143186028365,12985.067673841524,26997.991323895127,52170.77422020079
state,Katsina,hospitalizations,14,331.9061121677795,99.18199538332425,134.6262222296001,216.90978093993158,447.67045384036237,880.8398784411163
state,Katsina,deaths,14,22.938809471268353,5.093689136667667,9.990765181073069,16.808343106002255,28.31102394484555,58.30895381365053
state,Katsina,cases,15,35032.84724346553,8040.357664491324,11530.516289521012,23428.093360633604,50154.02092390525,94566.65517045041
state,Katsina,hospitalizations,15,441.01955858083204,106.6969623317446,153.62651306144156,290.23656800027425,626.7470768050987,1182.1007176349315
state,Katsina,deaths,15,41.637842173069856,11.264358794136822,19.362723581425477,30.411751527480924,49.904302159491124,106.41832799288068
state,Katsina,cases,16,89682.89913516074,26070.06579323775,34173.90133725515,58059.14551107344,126874.02354522097,225507.02812246906
state,Katsina,hospitalizations,16,913.3803042228152,269.72430101337176,360.72614279018546,585.3692201622994,1187.5377979754162,2516.9458068522645
state,Katsina,deaths,16,80.78896821186962,23.068915747944967,37.28819352818079,59.59237108614228,94.06943270462895,209.85786072030547
state,Katsina,cases,17,133117.96468545802,33001.091828478486,47565.03647323762,87144.9434073264,187171.35285837896,362079.44273243676
state,Katsina,hospitalizations,17,1606.297044883878,433.21759437771857,612.34042447672,1035.6335669389164,2179.697209443936,4281.772686412041
state,Katsina,deaths,17,111.29052572899398,34.364341719737084,52.831456046219174,83.8342712585503,124.66945967754378,275.42041144028065
state,Katsina,cases,18,255655.85723832343,61267.22156334546,83362.38026662864,159780.4799395344,363897.0234618474,671110.5618455135
state,Katsina,hospitalizations,18,3217.8241721741983,691.1845809017171,1020.7751056485605,2102.9479592559287,4477.963033403917,9116.076185391854
state,Katsina,deaths,18,237.04914112661137,56.74769518420275,100.2977573965771,169.63531409269655,287.6378270845824,621.1935336333498
state,Katsina,cases,19,246511.42402370693,76083.19962175799,100609.60291150089,159575.2660816327,343209.17593617615,628449.5978612963
state,Katsina,hospitalizations,19,3767.408181603286,1017.0849420912224,1407.611547540976,2531.2805335072917,4979.566907865397,10044.685063380592
state,Katsina,deaths,19,350.9826590965039,108.40616838638554,167.77652711593544,264.85295679984625,438.49273666971214,861.9943236655283
state,Katsina,cases,20,179495.7197747943,48037.0283120393,65872.42245482274,109908.43049062336,246975.30385992752,494323.5442474165
state,Katsina,hospitalizations,20,1857.147232076185,640.1246648926806,840.3347858265008,1245.452586276283,2506.089505076876,4548.496239143632
state,Katsina,deaths,20,305.34638470811495,85.85183243908564,140.8194821463356,225.2574023474637,369.2697243079672,780.041404742692
state,Katsina,cases,21,75482.23309227952,24430.385639477307,31243.01064024307,47838.88296730579,103805.65799105243,192273.66223770112
state,Katsina,hospitalizations,21,1360.0746370900524,348.7230232043215,493.7076157410557,877.9368298877529,1849.3761149440916,3684.592088222722
state,Katsina,deaths,21,216.39441646901707,58.39595093120558,102.8112872805236,161.8474272421898,270.2738059429073,560.0077595438514
state,Katsina,cases,22,27234.980676998683,7989.9307250621305,10831.32193854047,17492.506077843624,37267.58334852941,72429.9772134678
state,Katsina,hospitalizations,22,259.12455763736443,76.59976015946673,101.81135736280461,163.17924814170163,355.7534185002315,705.3995046641481
state,Katsina,deaths,22,84.1586189316549,24.14041999783408,39.482511549999316,63.3428724041982,101.42035725228544,206.4495579695696
state,Katsina,cases,23,15618.959978562709,3540.5917871119423,4970.364427842975,9892.49480022734,21376.117608104127,42888.09368804537
state,Katsina,hospitalizations,23,145.957879719374,38.27040056422254,52.953107844913355,95.27722304958252,199.83522123198256,393.5652054324516
state,Katsina,deaths,23,27.536101429620583,8.728395991576066,13.345061060243859,20.747035747175776,34.080838601835474,64.66612001478732
state,Katsina,cases,24,13090.045712342091,4363.384498899151,5594.479275110645,8267.051220826814,17606.756183080535,33553.51890360226
state,Katsina,hospitalizations,24,183.89915876197833,41.31432466971996,64.56665478982775,124.28596418353567,246.108021420596,504.27349984330937
state,Katsina,deaths,24,16.80594166590396,4.09436932982924,7.0951252243474165,12.539563065710539,20.625639942190965,45.37758431638067
state,Katsina,cases,25,25041.81356074893,6751.3242599243695,9142.399926192651,15868.428319414576,34351.27272081454,66086.01030625512
state,Katsina,hospitalizations,25,359.9134993511372,80.24334162300168,123.48748012423583,242.23141380348986,516.8045216201349,957.2886543373231
state,Katsina,deaths,25,33.07126737856222,10.031601455681821,15.414917549168619,24.44520882849046,38.28097511374013,87.7633688848601
state,Katsina,cases,26,43956.34948995809,8760.231510331063,13169.340171740967,30067.352139278697,63533.63274887694,119516.0141620731
state,Katsina,hospitalizations,26,663.350791706031,211.99329688067883,273.29911561604877,414.69381785487377,890.5811415663138,1806.6338008576306
state,Katsina,deaths,26,50.370528026499784,14.26963810425868,24.5161296110185,38.00679436480021,60.62188185522864,120.67353449982708
state,Katsina,cases,27,74105.70881959968,18812.05594892221,26113.875152143388,48356.772880597615,103010.90210553636,195765.42262669367
state,Katsina,hospitalizations,27,864.2787156679395,268.98382037867725,365.2724241442645,592.4654653060979,1141.5923509796266,2238.414341072771
state,Katsina,deaths,27,81.23020852313712,22.652914856583493,37.1476707377407,60.39238022333417,98.16515230545858,207.77135229585036
state,Katsina,cases,28,85855.43858734575,26200.86560402166,34368.70061763476,54861.563087075534,117175.76066790894,236651.90384074603
state,Katsina,hospitalizations,28,988.3968000688025,237.40759033826666,356.1001803644722,668.803502768434,1323.2522351482544,2643.2779389326993
state,Katsina,deaths,28,88.31174867271152,24.24385852488544,39.585998753139044,66.55446894238408,105.22000053480458,229.91725537515987
state,Katsina,cases,29,85875.25158398681,26878.792762150813,34877.8161108836,54898.36562249394,119903.2550940208,221265.72673241378
state,Katsina,hospitalizations,29,899.6282707371867,202.22369359974118,312.8456246365028,607.8352632386325,1265.2282648751923,2414.550099514345
state,Katsina,deaths,29,109.30127504327696,28.464960599704437,49.84113286082007,81.99956356621512,139.62197033895535,269.2191131560623
state,Katsina,cases,30,94239.6187148175,16432.618017041645,28224.224326458017,64674.520006925966,133024.6217612401,263667.58111804264
state,Katsina,hospitalizations,30,1218.7943811983664,340.5567515904725,468.52528766323184,785.2990003400093,1721.863422721161,3159.364827679939
state,Katsina,deaths,30,143.49676811651665,42.065065109796805,68.75971262342989,110.35099501524559,181.508090228663,338.38867575025085
state,Katsina,cases,31,67868.58420214074,16846.713218913403,23129.838365137883,45097.63645621395,98277.76519941792,182714.44719440053
state,Katsina,hospitalizations,31,821.2434513087825,224.494703859643,314.3339693620294,533.0196176603473,1122.9227916968682,2149.952210163816
state,Katsina,deaths,31,97.66380695956059,26.325335378410056,44.3442653065961,75.77064489424029,113.59975916238548,235.23179016349795
state,Katsina,cases,32,52610.23667667158,12855.768727086137,17820.802455391917,34232.27991262312,72166.32110549559,139347.97706516238
state,Katsina,hospitalizations,32,601.1238988932355,131.32183731526942,208.40848276794665,390.65970749827636,825.53428785394,1650.4825048916848
state,Katsina,deaths,32,106.92874246465777,33.07532071799625,53.145731347855246,83.17197412652862,129.00197979894907,266.3572368354249
state,Katsina,cases,33,25626.813209993026,5201.052423316649,7884.271061866923,17463.977467668417,36567.870714923585,69690.00272329134
state,Katsina,hospitalizations,33,339.06400598862825,94.85949328567258,130.34795937937184,223.85990547344988,456.5726008082602,899.6730280840405
state,Katsina,deaths,33,58.20895850076954,15.8579896492973,27.332351291934508,43.180606311975126,69.33799872138314,151.10187610828527
state,Katsina,cases,34,18457.38023904785,4853.6284924497695,6558.002751751301,11815.091752164715,24955.537604468864,48991.28322083341
state,Katsina,hospitalizations,34,214.86337987868268,58.94649060464157,82.32353954706693,136.88969625297037,299.7374001811172,553.7419808365742
state,Katsina,deaths,34,28.64779286891245,8.2657802314508,14.058952738521805,22.444030811392025,34.09578703110752,74.72020605218843
state,Katsina,cases,35,14852.962623551566,4517.670052959759,5804.55530377457,9269.098193157926,20269.86562831501,39653.62148459507
state,Katsina,hospitalizations,35,170.1434245040618,50.76143666625133,66.19144772736412,110.09530715731186,234.59214405117757,434.18677230250717
state,Katsina,deaths,35,18.085924931517038,4.504456586363791,8.157019762076438,13.384121170538789,21.583222466860335,46.223313893995055
state,Katsina,cases,36,11073.827959784798,2209.0317081384696,3388.8566729742183,7651.843205906998,15770.566866911995,29260.76959916535
state,Katsina,hospitalizations,36,147.6974234169401,42.83958719149494,58.03539745348621,96.59896509714201,199.45882833866543,384.51266509065186
state,Katsina,deaths,36,13.979964758200403,3.7583980261527232,6.500651340308549,10.541003781068168,16.903945913392267,33.451431334008795
state,Katsina,cases,37,10456.448089845677,2917.835729370853,3987.1367582071543,6882.507962096178,14802.135509551254,27963.014996787933
state,Katsina,hospitalizations,37,128.4675182331593,35.672758302570934,50.270263007949424,82.43797491111745,172.45358871521552,333.0829856213283
state,Katsina,deaths,37,12.723646978669032,3.1060690809189433,5.534252695850196,9.370858498383784,15.065322738987952,36.4920655802293
state,Katsina,cases,38,9565.698995909002,2729.1253689432438,3634.528899947686,6147.983228132528,12808.875215873415,25878.99696806024
state,Katsina,hospitalizations,38,110.38110719014352,29.290360155466775,40.04547978237191,72.1569269995592,152.64782387262287,296.1680343757623
state,Katsina,deaths,38,11.011977072493622,2.4872731086498763,4.742260872859987,8.533323352250267,13.671558640635078,27.111145743743897
state,Katsina,cases,39,8698.437752996828,2460.3003809668267,3282.0471482835137,5834.903525065413,11874.231192803702,22818.892198740414
state,Katsina,hospitalizations,39,105.09278745500247,25.947139573390306,37.795247299476316,69.03138586840295,148.40121543291957,282.81776248763026
state,Katsina,deaths,39,12.085096726061117,2.6616526588064633,4.989621490208339,8.538988884508743,15.195649308273051,33.49910209833122
state,Katsina,cases,40,9427.614699377278,1882.1511504912978,2933.219111610434,6386.604089889977,13505.266512800197,26699.38930254496
state,Katsina,hospitalizations,40,104.98446779201404,27.91962918913621,38.48036591715849,69.08798675899878,142.8521571412993,290.3002768682365
state,Katsina,deaths,40,12.921361524952383,2.761163707203001,5.352872393542862,9.080182156811084,15.569753871894726,34.23385151767365
state,Katsina,cases,41,9652.505569344972,2406.320324665965,3423.5612214189096,6217.118298904901,13628.417264615155,25172.720776644495
state,Katsina,hospitalizations,41,112.12865768200069,26.985727337518252,40.49173756316813,70.49034039306255,153.70729431095157,294.34601465778854
state,Katsina,deaths,41,10.832683266164796,2.348657149513581,4.369308126857215,7.880046261162036,13.503645409110305,29.60142632957198
state,Katsina,cases,42,8336.786083657576,2451.2030440260855,3292.911936926071,5266.469270851302,11530.7542421271,21822.66141741344
state,Katsina,hospitalizations,42,81.24879237581705,17.138172750543173,27.408679468096828,54.6600440936161,112.14214212125441,223.37966909622799
state,Katsina,deaths,42,9.228654178672867,2.2044814367383045,4.0540347713737015,6.852425714464138,11.527458462484068,23.676264584803754
state,Katsina,cases,43,6434.099401845107,1931.7819232717536,2452.9101506311663,3910.013999040708,8864.88963183081,17122.714032688593
state,Katsina,hospitalizations,43,59.95640428932487,15.03218645100841,21.8949377720485,38.990126909918935,83.55529399998017,161.71875476437106
state,Katsina,deaths,43,8.494894067101347,1.4254817565226316,3.164224752661152,5.972395750672273,10.605017775181565,23.674153272535374
state,Katsina,cases,44,4553.526002145766,1121.0098925071607,1526.1204215621315,2949.694141053535,6299.351279200612,13005.170699594153
state,Katsina,hospitalizations,44,45.65970820749796,10.646687325828765,16.012552335029014,31.16759676964404,63.39192524848268,124.31547487557039
state,Katsina,deaths,44,4.0950174111629165,1.1207965895680547,1.658957307511466,2.92838953719825,4.831613474832555,11.663767230514619
state,Katsina,cases,45,2677.8662296854045,732.1222640790664,1002.3651028015416,1754.6323494466592,3830.7316716125915,6709.68871566281
state,Katsina,hospitalizations,45,32.269663955260825,10.155976498300642,13.389804171787713,20.117348114618245,44.46990690693107,88.38241137911808
state,Katsina,deaths,45,4.049021747771877,0.8901710901394102,1.3168708213322735,2.7755463544021155,5.080209406506517,12.356629410314595
state,Katsina,cases,46,2293.715036963608,525.9571691771508,761.1364333026615,1573.1522267426024,3268.6384580332056,6253.056760536416
state,Katsina,hospitalizations,46,25.17797867236136,6.143762456035581,8.965396264927834,16.540903908382255,34.19052028702174,66.59299211861418
state,Katsina,deaths,46,3.3303317727326047,0.721184813320271,0.8816117435226488,2.0073030113913193,4.011763585252304,10.163326522595812
state,Katsina,cases,47,1945.969760488275,651.0481962852924,829.3094313973713,1240.9312628795533,2682.180163393427,5044.303024435342
state,Katsina,hospitalizations,47,22.869387623592136,5.140111226356636,7.966492500818775,15.412859655745425,30.233792889401577,65.44522460276293
state,Katsina,deaths,47,2.128254592708769,0.4763838655409608,0.4763838655409608,1.3436512223136592,2.7298516408440205,6.335553326305557
state,Katsina,cases,48,1398.1731061746457,411.07217071339375,544.2716502764473,865.523469500786,1935.6541500212843,3737.4394930996223
state,Katsina,hospitalizations,48,21.823182373347382,5.301316097349993,7.838959582223424,13.549499470864081,29.94841953112063,56.22036380384441
state,Katsina,deaths,48,2.321907545439864,0.48933211858566605,0.49178707666225674,1.5312466250887473,3.1297509148678855,6.823234007072681
state,Katsina,cases,49,772.3994414486126,202.66457707778014,281.78898834573624,508.8478445347481,1110.1713515093793,1985.558227832905
state,Katsina,hospitalizations,49,20.299431524178743,5.719648256328583,7.718090499784157,12.651203057123343,27.572748788025564,55.999578440265225
state,Katsina,deaths,49,1.3363062380129536,0.4003996060794243,0.4003996060794243,0.6280454682781079,1.57906147685275,4.498338974726643
state,Katsina,cases,50,1129.416530589931,287.6464684255583,395.21821917147486,745.2755457404973,1574.0309547898946,2956.059036020191
state,Katsina,hospitalizations,50,14.652399020218548,3.817209606007892,5.195513914000318,9.275794306759648,20.046736284117266,40.74779542702466
state,Katsina,deaths,50,1.5584647604472752,0.43093432724044567,0.43093432724044567,0.927888085873622,1.9229836893344139,4.951850448063571
state,Katsina,cases,51,1138.0429436270663,342.50665996909606,437.4692122648242,704.8392694232789,1547.3731097740442,2968.397748161878
state,Katsina,hospitalizations,51,18.590985777325077,4.6739366916240535,6.447317289898598,12.070151442434373,26.16890833181659,49.45397550538035
state,Katsina,deaths,51,0.6734084864821517,0.0,0.0,0.0,0.7320775641302653,3.2935537911715334
state,Katsina,cases,52,1038.2846398475626,336.3125336767481,426.15495419079315,664.3941511927198,1417.6748996063138,2580.57672549079
state,Katsina,hospitalizations,52,14.42468111318826,3.613360512133519,4.939019563662531,8.971392473951115,20.694727499994265,39.77759812041622
state,Katsina,deaths,52,1.7889508106102558,0.45659725524741246,0.45659725524741246,0.9648392555052172,2.148552931588383,5.682570765194517
state,Kaduna,cases,1,2587.991391642674,612.9519424210345,896.0995434227101,1648.2302951586007,3608.929067334315,7005.075440990858
state,Kaduna,hospitalizations,1,43.9529305631849,11.5960665428859,16.444689362931058,28.106280274218886,59.68058245505806,123.40572149844846
state,Kaduna,deaths,1,4.200969056305512,1.0830379906142913,1.4681366800972668,2.7993115985374972,4.862667353741949,12.294452647667026
state,Kaduna,cases,2,1274.78409347927,376.4321835704567,504.01344706827905,811.20351980062,1726.0937643016382,3318.8629337266125
state,Kaduna,hospitalizations,2,45.30989726817982,15.024441498682915,19.157706803471008,30.30771004390875,60.264086240928435,118.0575887649525
state,Kaduna,deaths,2,1.306483071590122,0.44437263815749484,0.44437263815749484,0.5530201276852837,1.51226682865197,3.9913585086296965
state,Kaduna,cases,3,1759.719440913273,438.8266609318676,617.9491334346665,1163.3391822893527,2452.6934816180947,4624.492776416001
state,Kaduna,hospitalizations,3,22.332847207160462,5.0769577701051345,8.08969296667425,14.980280867404106,30.47139927413617,59.98482637594116
state,Kaduna,deaths,3,1.9786874760290747,0.6098831475282984,0.6098831475282984,1.2037028801342822,2.3375673382415183,6.059290168265321
state,Kaduna,cases,4,1969.7266906099005,519.8726562610028,727.3881953687585,1303.9972021413166,2809.8795682040636,5105.6018592278215
state,Kaduna,hospitalizations,4,22.72163146911234,5.9424292082840395,8.372150610728113,14.02471001853612,29.423174220999723,66.94816697408436
state,Kaduna,deaths,4,3.7181803848452066,1.122261709511573,1.3048553120166666,2.4573958078872904,4.590919304705703,10.24983478871171
state,Kaduna,cases,5,1737.76251758111,466.7357887211399,629.3973723736146,1095.137396845584,2388.1416272666193,4669.550554784692
state,Kaduna,hospitalizations,5,20.755922471146544,5.725677680106136,7.948413679812487,13.799565394372662,29.630928207373817,55.41041129965156
state,Kaduna,deaths,5,2.8974069060958025,0.790557661153003,0.9339144579077896,2.108343224459886,3.663558460350064,7.764444307167136
state,Kaduna,cases,6,1355.9052257754017,376.19642250592545,509.1847119013856,876.77894714278,1842.4499351660297,3424.024246952345
state,Kaduna,hospitalizations,6,30.26780809797861,7.403421748289347,10.95768129564837,19.92321359597504,40.042061699081486,84.81858407681845
state,Kaduna,deaths,6,2.2162606916054046,0.6120649369525413,0.6120649369525413,1.315701385235613,2.670323748728405,7.007359272254004
state,Kaduna,cases,7,1580.450859565437,491.8183691760643,655.3164639843808,1014.1478721501775,2209.6132614190883,3824.6616780301083
state,Kaduna,hospitalizations,7,25.30300284771205,6.5271885841245405,9.395064371586113,15.943553752472733,36.004977532366524,66.17657633583627
state,Kaduna,deaths,7,2.430133855150415,0.636687950633372,0.636687950633372,1.466742386902084,2.7092362027893047,7.705408724888047
state,Kaduna,cases,8,2171.807176362277,571.4991657715301,789.2176527835634,1370.255701686733,2875.01478063354,6515.711981372354
state,Kaduna,hospitalizations,8,33.683314536643756,9.455557985866088,12.680160710820289,22.06691874243993,46.94804483502722,91.32082331116435
state,Kaduna,deaths,8,2.4621845264225994,0.8013291525794541,0.8013291525794541,1.4978933606413205,3.01792431280281,7.399193425062393
state,Kaduna,cases,9,2823.7915237627562,757.0676695886939,1008.4931984015102,1823.8139775618624,4004.7932973949864,7630.351917208171
state,Kaduna,hospitalizations,9,41.30118303123648,10.913695283614494,15.635287545801155,26.313065513082705,54.76395845069007,108.35206764797228
state,Kaduna,deaths,9,6.288525598947104,1.378111138727149,2.4086163725059073,4.491494808395057,7.829321791956215,18.17755266361707
state,Kaduna,cases,10,5238.603211083401,1412.4875628828113,1904.1282896366752,3420.216327443571,7455.263170773473,13819.83572904289
state,Kaduna,hospitalizations,10,46.930535865545345,10.930463449507405,16.232946765075674,31.370172001287,63.89559103099364,125.96588120093973
state,Kaduna,deaths,10,4.5006385067713115,1.0352443680857708,1.7559953389719278,3.334054468494257,5.98573012523655,12.132209286431493
state,Kaduna,cases,11,7583.738041490701,1964.0781445880787,2717.807740776344,4941.6701863882245,10336.754552110633,20089.697175657213
state,Kaduna,hospitalizations,11,74.21629717785068,19.070956296255837,26.793432058424656,49.50433672408949,100.01933825361144,202.91842629161994
state,Kaduna,deaths,11,14.417647082849346,3.6329477806414228,6.7656426989973895,10.989601654414649,18.415854531894823,34.046376855177044
state,Kaduna,cases,12,12845.928580974647,3316.8443549450953,4591.077171195106,8330.719628994697,18437.18632734729,33549.53300612695
state,Kaduna,hospitalizations,12,202.9004265736222,54.356268495948456,77.75806714672177,134.69113021126705,270.97305532331256,527.8029340119355
state,Kaduna,deaths,12,19.829872180805964,4.655369594657754,8.581941304425499,14.705130352430336,24.206831479902835,53.82507549117147
state,Kaduna,cases,13,43611.276599815414,13370.008740191466,17371.068052228755,27247.08303295467,59022.455055690145,114901.35152407638
state,Kaduna,hospitalizations,13,324.08060498348465,100.62253987434437,133.7534716659609,213.90298053614276,450.2911685392961,801.8380131526128
state,Kaduna,deaths,13,69.84641860571344,18.674040013176285,33.338139697393196,53.83305349449364,88.4132675272911,168.60417343118903
state,Kaduna,cases,14,88612.20148422336,21878.475484226357,30713.376758896615,59079.21266329287,122831.11432227657,237354.8796524393
state,Kaduna,hospitalizations,14,756.3702651136774,226.91670573127166,307.55326511587106,494.7505510687727,1019.737223360112,2005.2091926571793
state,Kaduna,deaths,14,183.15637553519005,45.8783918089845,83.55130954065064,135.99853518430825,224.48798174506135,455.26029032680356
state,Kaduna,cases,15,116675.46529912755,26779.877988611202,38403.47641534928,78027.07894562194,167034.9100939604,314946.41814212064
state,Kaduna,hospitalizations,15,1020.2602612382371,247.82751396478966,356.2554880387896,671.88500643054,1449.3727973210903,2732.48480741954
state,Kaduna,deaths,15,191.01082985600516,54.23003955395665,90.69937439909731,140.45641924233428,228.23714716168524,482.7365412615711
state,Kaduna,cases,16,286055.0120393099,83155.34336090345,109003.3595633479,185187.80025822084,404679.9250347436,719280.0284747267
state,Kaduna,hospitalizations,16,1963.1186788439763,580.5246172535343,775.9995377188914,1258.5401855236196,2552.017905935507,5407.629613647365
state,Kaduna,deaths,16,294.4097395860313,85.9333883122233,137.29133105188126,217.85074423594187,342.3768266291737,760.5876210064878
state,Kaduna,cases,17,293572.37377320515,72780.03058082079,104898.5673716588,192185.9560598557,412778.79614354525,798511.6492038389
state,Kaduna,hospitalizations,17,3682.190830896563,994.0284344245276,1404.4961619207534,2374.490741367512,4996.162156398983,9813.159205740794
state,Kaduna,deaths,17,283.49126861325965,88.59657436996986,135.3835383480934,213.93006017688174,317.3871816211116,699.3190430422894
state,Kaduna,cases,18,178441.18891661984,42762.70946936977,58184.58598801351,111522.53720036865,253990.8567035788,468418.3390961137
state,Kaduna,hospitalizations,18,2931.1711261873534,629.5419412645917,929.7807143178129,1915.5804427782757,4079.088063007358,8304.153098188423
state,Kaduna,deaths,18,172.80103078059142,41.16192043675409,72.95806835498497,123.58181254729739,209.73611789630002,453.2670348597453
state,Kaduna,cases,19,60514.29386541196,18676.588834965045,24697.471994986456,39172.703614007245,84252.21659398414,154274.68310233607
state,Kaduna,hospitalizations,19,1902.7619215889304,513.3262757888739,710.6163900742943,1278.2826631697387,2515.132321707779,5073.97908355618
state,Kaduna,deaths,19,72.81028459471092,21.94232461833287,34.39220804601811,54.74900323814546,91.16102876819821,179.96873521234608
state,Kaduna,cases,20,20275.27198314254,5425.461992235174,7440.18016100924,12414.56675206229,27897.88704784208,55838.78871412823
state,Kaduna,hospitalizations,20,723.4364197154018,248.9554657502229,327.01144575888236,484.9548443521675,976.4397386877715,1772.7134658115024
state,Kaduna,deaths,20,20.745985469797933,5.164993406638822,9.066755620594428,15.060402578767105,25.282812289972,54.44057016790912
state,Kaduna,cases,21,9512.281442294721,3078.129471434334,3936.7362949373255,6028.342573045809,13081.931302712317,24231.705743449384
state,Kaduna,hospitalizations,21,141.84827955857406,35.70432967112536,50.920835101461336,91.24667815320218,193.20172660123808,385.81235739056285
state,Kaduna,deaths,21,11.191785501745894,2.3285183163050425,4.817530753108761,8.125885449103952,14.202043534256434,30.43858417880644
state,Kaduna,cases,22,7362.528021701071,2159.430461869132,2927.6298547675337,4728.549625168644,10074.945532145215,19581.46103475116
state,Kaduna,hospitalizations,22,79.08405051394651,22.89040555153743,30.652224409636954,49.54537299073403,108.83260556931148,216.47709803678885
state,Kaduna,deaths,22,11.883768018392962,2.8018180587831862,5.121900250232324,8.730143501235757,14.488347602081042,30.37121320340893
state,Kaduna,cases,23,10300.121996658161,2334.6250023349735,3277.5379432047303,6523.606788385816,14096.87840175071,28283.693879690098
state,Kaduna,hospitalizations,23,135.26363688957372,35.41266200362759,49.02689689373666,88.2710522730498,185.2202810278042,364.85237882429533
state,Kaduna,deaths,23,14.513967201564387,4.288006016491859,6.7974590322184545,10.820906136171628,18.068681594655388,34.69374005936369
state,Kaduna,cases,24,23691.56929338511,7897.794675024036,10125.867124928947,14962.76842424531,31866.048105665028,60726.98015519012
state,Kaduna,hospitalizations,24,160.11612360989,35.871557499792964,56.13300876292129,108.17079897569359,214.32324317087716,439.28165516076217
state,Kaduna,deaths,24,18.607256518103306,4.609917856349476,7.914349275688231,13.909762463579646,22.814147701526785,50.070980831210804
state,Kaduna,cases,25,38159.22403330313,10288.18758985147,13931.707232084842,24180.82519628976,52344.97222470424,100702.34600624177
state,Kaduna,hospitalizations,25,230.98798756747846,51.22159703159337,79.01806539042927,155.34429386240805,331.8344025367847,614.9688036832698
state,Kaduna,deaths,25,43.607842188688934,13.443139007648115,20.491252826181046,32.314173800145554,50.42866937343052,115.21355981192353
state,Kaduna,cases,26,38798.10138625276,7732.130263357278,11623.844753925649,26538.931472345386,56078.05586129918,105491.09184952862
state,Kaduna,hospitalizations,26,576.6015341516281,184.18116720591019,237.48182612894502,360.4135633281023,774.1607157220582,1570.597519856207
state,Kaduna,deaths,26,49.25564067932665,13.938243295360296,23.96235663758362,37.160235390972524,59.284510817228934,118.03287088761515
state,Kaduna,cases,27,78690.63335858501,19976.00511421966,27729.582202487116,51348.63074424481,109384.16851142918,207877.3392035788
state,Kaduna,hospitalizations,27,707.2315799431766,219.9820537632001,298.79438179184285,484.75213572773146,934.2130952864404,1831.963099873626
state,Kaduna,deaths,27,86.4989782820034,24.16843773733042,39.59192203618709,64.32599929295517,104.51900163874046,221.14804447807316
state,Kaduna,cases,28,112345.26296199372,34285.09119687043,44972.99946988845,71788.65306229236,153329.04004864203,309667.9054783421
state,Kaduna,hospitalizations,28,1064.820750552909,255.8229014427495,383.68366001605585,720.5411167632399,1425.541415020677,2847.5298288288
state,Kaduna,deaths,28,122.70812028525707,33.96595166112461,55.21676532221669,92.57152327580101,146.12819755677432,318.84974013413216
state,Kaduna,cases,29,60578.39336409904,18960.721188904732,24603.445143822373,38726.47359299864,84582.65265589235,156086.43779414054
state,Kaduna,hospitalizations,29,886.3546460247662,199.22854551349812,308.22011023237445,598.8621374124774,1246.5663603644052,2378.949278913012
state,Kaduna,deaths,29,70.5927452239751,18.124687510832896,31.999222088546595,52.87214794902182,90.2728605487126,174.3898866104687
state,Kaduna,cases,30,48504.72993985734,8457.39775183974,14526.547965427408,33287.54744331745,68467.40536731103,135709.45228426813
state,Kaduna,hospitalizations,30,891.3334167600012,248.86383595630676,342.4784670709346,574.2124164394484,1259.3506199932172,2310.946331578617
state,Kaduna,deaths,30,98.29749171616706,28.594107894150522,46.93854268603148,75.51987410678605,124.41869146167181,232.22628359200883
state,Kaduna,cases,31,43638.06447859126,10831.81196017387,14871.76161665784,28996.706812931836,63190.6847853394,117482.1299629441
state,Kaduna,hospitalizations,31,588.6015502289864,160.69423636326823,225.11478009314288,381.92648475833295,804.9250812729289,1541.3713689205094
state,Kaduna,deaths,31,48.29873267167118,12.653480901422483,21.656887894660763,37.359512128132124,56.26135110010461,117.03647386719972
state,Kaduna,cases,32,29406.37029003523,7185.36896931969,9960.60472832902,19133.89973291807,40337.36246107885,77888.95710701299
state,Kaduna,hospitalizations,32,605.3962336266273,132.260719134422,209.8943283489654,393.4387059321379,831.3989133119701,1662.2005019354942
state,Kaduna,deaths,32,33.5424897760156,9.905773481992272,16.329289017803877,25.93915901637374,40.607008064024,84.56742540529085
state,Kaduna,cases,33,20763.60318752668,4213.895490527538,6387.938583410186,14149.771422581616,29628.453094158845,56465.23086536769
state,Kaduna,hospitalizations,33,317.93401712155946,88.903232139949,122.18661071993388,209.88816128520136,428.1411767507624,843.7094132317203
state,Kaduna,deaths,33,23.2257168578703,5.897336972744684,10.59199751310775,17.07620812049587,27.778335333127153,61.23149471142526
state,Kaduna,cases,34,16549.477140234514,4351.842278037592,5880.04826641034,10593.75175494616,22375.969147509073,43927.321607493584
state,Kaduna,hospitalizations,34,203.1969682635023,55.70666162266071,77.82028980579,129.4373995508459,283.4839425517408,523.7607571000736
state,Kaduna,deaths,34,17.238889761611162,4.699549450982215,8.263034916571751,13.420848498686842,20.58805504861597,45.576871893435445
state,Kaduna,cases,35,13429.142713548437,4084.5349663036195,5248.06640989299,8380.517098024777,18326.810915841786,35852.545568066045
state,Kaduna,hospitalizations,35,159.49009707469133,47.539393315078854,62.008917810323375,103.1798519685252,219.92701591296483,407.0972876103306
state,Kaduna,deaths,35,15.019854418360056,3.619907888278411,6.685515757675251,11.07263856460412,17.954170312807506,38.634677274044094
state,Kaduna,cases,36,10158.582017671913,2026.3902657468052,3108.712134788154,7019.396930870805,14467.173023854615,26842.518409898243
state,Kaduna,hospitalizations,36,132.90989118087714,38.47986599449623,52.164496513498804,86.89302797048731,179.52377285522442,346.17453634948436
state,Kaduna,deaths,36,11.504078143957791,2.9707279113411698,5.259048836711541,8.63059113309041,13.940258753202414,27.748595479350058
state,Kaduna,cases,37,9216.923925005485,2571.8653369127514,3514.421824122489,6066.603892137365,13047.51583352248,24648.432697485918
state,Kaduna,hospitalizations,37,117.40018600182819,32.53784380422608,45.88750320811437,75.3054075949835,157.62617471033124,304.5244139798484
state,Kaduna,deaths,37,10.50139862384419,2.439816486790405,4.474001949087971,7.688078388814408,12.458556330672323,30.40858635477148
state,Kaduna,cases,38,8834.643193870359,2520.498130633317,3356.7136894009273,5678.098070515788,11829.986509961382,23901.332368355197
state,Kaduna,hospitalizations,38,110.61692550669058,29.35449151418336,40.13238209631298,72.31181631430931,152.97313013039695,296.79720450493386
state,Kaduna,deaths,38,8.851386947245581,1.8584501712795871,3.7068199318388038,6.814280361784946,11.025992230215211,22.04216127115435
state,Kaduna,cases,39,7914.640100583306,2238.543353069046,2986.252785400568,5309.103167325932,10804.302469239814,20762.876805384574
state,Kaduna,hospitalizations,39,97.17863460491233,23.936976709614324,34.901256818593495,63.80728811999327,137.25640452457333,261.6459448006799
state,Kaduna,deaths,39,10.616318438960086,2.250029013682635,4.3162998891596995,7.466666154499441,13.37501998468463,29.620895320563566
state,Kaduna,cases,40,8449.815210988727,1686.8579615957647,2628.924362314753,5724.174219727234,12104.59198029144,23930.411267889674
state,Kaduna,hospitalizations,40,104.02782851422974,27.658594211486697,38.124007391003815,68.45535706871188,141.5537157132079,287.670936057388
state,Kaduna,deaths,40,9.490101126036949,1.8318023472481137,3.7831151091215833,6.589428622231872,11.475465457112179,25.52777469889445
state,Kaduna,cases,41,8682.656065689433,2164.4663779058146,3079.509107192336,5592.4085597802,12259.123646431832,22643.616667778435
state,Kaduna,hospitalizations,41,97.77700847665203,23.4354214315329,35.22804156758024,61.42098247867578,134.08092498108127,256.87803365795116
state,Kaduna,deaths,41,8.816204046891144,1.776222576316403,3.45145435182739,6.362051057556949,11.02432677513989,24.370280339383648
state,Kaduna,cases,42,7600.393709354533,2234.6247336994497,3001.9939872880486,4801.246948761106,10512.270941999774,19895.197977369742
state,Kaduna,hospitalizations,42,81.72933014037658,17.244146135785105,27.574658917895427,54.98524131036104,112.80318201645301,224.690621055977
state,Kaduna,deaths,42,7.772502371575911,1.8264447416258514,3.3310236246801175,5.729087317130997,9.735327518031742,20.1461712711157
state,Kaduna,cases,43,5739.751092688329,1723.23442826216,2188.132832129316,3488.0149299130767,7908.258647503319,15275.06240485631
state,Kaduna,hospitalizations,43,55.97917121799455,13.985959968868704,20.40086269518641,36.38045605029309,78.03739486262805,151.10007396899064
state,Kaduna,deaths,43,5.703021090251167,1.0026217051556334,1.9289340975849438,3.9040791189164037,7.162463431659656,16.35472342187639
state,Kaduna,cases,44,3544.96819448259,872.5511425010606,1187.953678484423,2296.2901177625317,4904.196553842849,10125.074065894913
state,Kaduna,hospitalizations,44,39.27351938141393,9.0522323783953,13.683499662781069,26.763787997113603,54.57654101819439,107.1595340217096
state,Kaduna,deaths,44,3.85295223534733,1.0659195223747584,1.528767958091115,2.736045539544445,4.5460827661541385,11.043716802365969
state,Kaduna,cases,45,2502.0917002802844,684.0182492025757,936.5290312530292,1639.4360598325145,3579.3115656286172,6269.365067580394
state,Kaduna,hospitalizations,45,29.852269406581197,9.344395951929844,12.342967515786581,18.581092734071785,41.16203942472745,81.87997510435059
state,Kaduna,deaths,45,3.2993678295057425,0.753005923762188,0.9598675719537717,2.19377791729709,4.143318797397649,10.298525843934137
state,Kaduna,cases,46,2227.18905409135,510.68017702501004,739.0413694313296,1527.516048660476,3173.8485130710587,6071.745675616646
state,Kaduna,hospitalizations,46,19.118168516058084,4.6463351021112125,6.6535321529509766,12.47160398699903,26.0267003273798,50.91214927545299
state,Kaduna,deaths,46,3.364422283395963,0.7271545991280892,0.8971872504867945,2.0321967064686737,4.053249698895818,10.255733721155387
state,Kaduna,cases,47,1517.8265300307214,507.6612640190234,646.722434181404,967.8276566057035,2092.142533447501,3934.829020598074
state,Kaduna,hospitalizations,47,17.68788419165524,3.965429327029603,6.015501772216679,11.841637462085787,23.437730734580597,50.98761844873592
state,Kaduna,deaths,47,1.9849099306549451,0.45242258404027236,0.45242258404027236,1.2257696340832926,2.542246577812382,5.966587727490992
state,Kaduna,cases,48,1064.0657217407838,312.6737991699007,414.06668558992646,658.607049604043,1473.202113342536,2844.7406301843275
state,Kaduna,hospitalizations,48,17.629393637354166,4.324067104154063,6.209578463646995,10.867432707006301,24.243362282617497,45.67231462308264
state,Kaduna,deaths,48,1.150660300584614,0.2976094776391659,0.2976094776391659,0.5394922124587281,1.5116949529208803,3.7580538817344276
state,Kaduna,cases,49,934.8308155509716,245.4387443939037,341.1810715259073,615.9274227353583,1343.5424658597844,2402.7803841831255
state,Kaduna,hospitalizations,49,12.593856633656328,3.640990502893512,4.549726712295353,7.690027508083461,17.18872460621234,35.28456060043722
state,Kaduna,deaths,49,1.2632467953712505,0.38507954517185156,0.38507954517185156,0.565753309755427,1.4803816122628703,4.287961924638874
state,Kaduna,cases,50,1000.6199361499062,254.75887246042282,350.0741896005827,660.2469335393946,1394.5761984013861,2619.139747341049
state,Kaduna,hospitalizations,50,10.688830493983758,2.842649038485839,3.613755462325071,6.652311458038437,14.673355889901135,30.089288453731783
state,Kaduna,deaths,50,1.8411656906643852,0.48507649066405867,0.48507649066405867,1.1701060416262299,2.290224474272388,5.699635062242522
state,Kaduna,cases,51,1118.5251355202631,336.6205806863115,429.9559240313934,692.7445231348019,1520.841318849576,2917.5163167236155
state,Kaduna,hospitalizations,51,11.374662372995942,2.9426935907627776,3.6888039576219755,7.228919948546905,16.105446156198987,30.765640004121625
state,Kaduna,deaths,51,1.5682113757487859,0.4861720227827191,0.4861720227827191,0.7767506236425294,1.8034911737510377,5.230449664869969
state,Kaduna,cases,52,1144.181574342229,370.6826782102376,469.67950797391194,732.1938647075128,1562.2294491038153,2843.624066816215
state,Kaduna,hospitalizations,52,8.401475770853223,2.1882685079254833,2.5966988169255325,5.038723248798852,12.138431334722071,23.69510957904966
state,Kaduna,deaths,52,0.6674612784036672,0.0,0.0,0.0,0.749757104354479,3.0468502049633606
state,Bauchi,cases,1,1338.217822286137,316.58135078068335,463.04623081970664,852.1038810945033,1866.3222938356273,3623.060367733787
state,Bauchi,hospitalizations,1,16.00060360880329,4.014900954009928,5.586507807665841,9.989518832340046,21.910876874840355,45.971272398177994
state,Bauchi,deaths,1,2.0765967040338023,0.6180950505607157,0.6180950505607157,1.1682856141195825,2.34585278248315,6.587208807676293
state,Bauchi,cases,2,3094.2218228833312,914.7006559470533,1224.2297627824846,1969.5137193344237,4189.159084718997,8053.4288441695235
state,Bauchi,hospitalizations,2,32.7019028703137,10.660790548793347,13.668517277097099,21.78223858312814,43.58112801481387,85.63675460680432
state,Bauchi,deaths,2,1.7580329805619013,0.5498852162521332,0.5498852162521332,0.9217718091217592,2.108783641774839,5.176514972411501
state,Bauchi,cases,3,1783.6490456385764,444.8042618483947,626.3611539780861,1179.1634957778863,2486.0411653931524,4687.356973418316
state,Bauchi,hospitalizations,3,21.467049707298884,4.8517951502187335,7.7517005170477065,14.386067806974381,29.301162240515865,57.71715782735264
state,Bauchi,deaths,3,5.595971848640329,1.4079145472136672,2.257154552698503,4.087245573601869,6.704770375865155,15.296363264312044
state,Bauchi,cases,4,1814.37186471651,478.8116196334364,669.9684517718957,1201.1226563729824,2588.2944503861854,4703.042109807834
state,Bauchi,hospitalizations,4,25.355395639184675,6.603818427267084,9.415266002659031,15.696952274405724,32.809257375168656,74.51076191819752
state,Bauchi,deaths,4,3.040365981357122,0.9528296062659503,0.9568825710044218,1.935419660507291,3.7468370297387388,8.55140459790821
state,Bauchi,cases,5,1978.800594974463,531.5762336360951,716.7869779662999,1247.0907820969364,2719.33930298941,5317.011329163413
state,Bauchi,hospitalizations,5,22.304814307203262,6.134403147369621,8.587193011603395,14.85602711280444,31.817506136441054,59.437248471622425
state,Bauchi,deaths,5,3.9172691933644876,1.0074510416055158,1.464493395906885,2.9611324676587936,4.943028648429714,10.16901268589461
state,Bauchi,cases,6,1483.847461588072,411.7621736867944,557.2898938095809,959.5444925275452,2016.2683432859374,3746.968879741478
state,Bauchi,hospitalizations,6,23.276546670190534,5.563347927284747,8.280155793474654,15.238154962489086,30.852055363901016,65.60236299307526
state,Bauchi,deaths,6,2.815498869250646,0.7366048429434586,0.7546342218282174,1.7868886979024765,3.417142831191728,8.636656607872071
state,Bauchi,cases,7,1857.547616623575,578.1684262084353,770.3141337974726,1192.0188326077027,2596.949840449602,4494.9818705114785
state,Bauchi,hospitalizations,7,23.79649388050013,6.095325998965592,8.798661169748572,14.971439550265119,33.88186541922219,62.32240826308353
state,Bauchi,deaths,7,4.088477827450001,0.9658608640964059,1.3894394088145976,2.7420685140128005,4.626941864377677,12.206176722786003
state,Bauchi,cases,8,2540.423794497298,668.6236178018916,923.2780341779892,1602.88915616583,3362.9305302116372,7621.27181110154
state,Bauchi,hospitalizations,8,22.012797217836546,5.959497688120704,8.072103881236057,14.297004726408511,30.7971150223021,60.22326463735683
state,Bauchi,deaths,8,2.5484076602989836,0.8230872164185697,0.8230872164185697,1.5657173291431379,3.127020872459087,7.627252252263827
state,Bauchi,cases,9,1894.1306790915216,507.5817078462765,676.2611410545996,1223.2535151429317,2686.4555903085507,5118.814690600771
state,Bauchi,hospitalizations,9,27.01800314307412,6.888186137400353,10.014403296929537,17.0842752497226,35.9219183087792,71.4031833601756
state,Bauchi,deaths,9,2.275625408360149,0.5990335431551471,0.5990335431551471,1.3870277946735985,2.8379052081224505,7.336045619471238
state,Bauchi,cases,10,4268.122068011051,1150.6809011028981,1551.2597601428602,2786.5374402461766,6074.211493098003,11259.93569154304
state,Bauchi,hospitalizations,10,49.37496669930742,11.53902225512306,17.11197896235596,33.02133612362374,67.20583824265361,132.44226037469028
state,Bauchi,deaths,10,5.787341733890382,1.2818694332054914,2.412552912137383,4.3665512378331215,7.6499325108345735,15.260680273837657
state,Bauchi,cases,11,4151.123909389089,1074.7455172912596,1487.3607797337834,2704.772954169644,5658.211644543264,10997.278865138898
state,Bauchi,hospitalizations,11,69.25496768354381,17.747041731162795,24.960129799531465,46.17298439575731,93.35593012816176,189.46761853371112
state,Bauchi,deaths,11,5.701713067753762,1.3363295621702065,2.358307414761294,4.184988506006531,7.396524378697915,14.15605492233827
state,Bauchi,cases,12,7569.87585294872,1954.2523821059724,2705.1757174990435,4908.999659070983,10864.882748395608,19770.801375607483
state,Bauchi,hospitalizations,12,103.19216541892,27.286794593936133,39.24500437846173,68.33753363065067,137.97696069558674,269.21582887511977
state,Bauchi,deaths,12,9.556801952765195,1.863210961307024,3.851162937139905,6.95122239513959,11.761761187324218,26.756940456922887
state,Bauchi,cases,13,10232.98774741415,3136.6197320152373,4075.5019727153285,6392.992005016353,13849.350473392611,26961.80380949997
state,Bauchi,hospitalizations,13,110.14003988187586,33.743177419354055,45.070131486118626,72.47201113008363,153.28948298021004,273.4779215757903
state,Bauchi,deaths,13,12.707405093698757,2.80537240619988,5.641717166234467,9.6058637969569,16.294403222146798,31.805008077605645
state,Bauchi,cases,14,18288.029242885023,4514.742126992712,6338.192415031505,12192.665492011418,25350.52881487391,48987.28336212447
state,Bauchi,hospitalizations,14,222.18116045309378,66.16228140289707,89.9241872069208,145.0873081229069,299.78988906830864,590.18784609492
state,Bauchi,deaths,14,17.711964792043,3.7627050815673404,7.590161395537703,12.918643419942029,21.908907815471203,45.354687509574084
state,Bauchi,cases,15,28900.33509098304,6632.75537470427,9511.977951707486,19326.939446327746,41374.617588999456,78013.02660278778
state,Bauchi,hospitalizations,15,376.5915881433184,90.99924812290432,131.08843251956762,247.7864532277776,535.247799631737,1009.654099423929
state,Bauchi,deaths,15,46.24246065731805,12.588832321003128,21.56176951372384,33.80402290741968,55.40164627226128,118.01883105340977
state,Bauchi,cases,16,70743.67810458648,20564.44346501324,26956.931330756044,45798.14950727214,100080.87407966453,177884.80796962162
state,Bauchi,hospitalizations,16,1032.162841848895,304.8927307388429,407.71616320935,661.5414907536956,1341.9347540953622,2844.0394583248553
state,Bauchi,deaths,16,74.31197890557074,21.162862727324722,34.25609487892142,54.793971642447104,86.54074378183091,193.15971500587776
state,Bauchi,cases,17,117921.62073143809,29233.701210524672,42135.08250323242,77196.70099615355,165804.4840621869,320745.74576606485
state,Bauchi,hospitalizations,17,1160.1966135283815,312.70181493880267,442.1096455440081,747.919057140606,1574.4512974420577,3093.1020863587823
state,Bauchi,deaths,17,107.05831927923363,33.031467070285224,50.80255971681165,80.63688530234181,119.93300400301246,265.0021838957203
state,Bauchi,cases,18,244370.73213478844,58562.73887243573,79682.5799846223,152727.45578120055,347833.95062250685,641486.5649941585
state,Bauchi,hospitalizations,18,2801.7597734548535,601.7129769709115,888.7007138153135,1830.9921779579013,3899.0134040674957,7937.605222626802
state,Bauchi,deaths,18,199.45191182909346,47.62708535142517,84.2988968498054,142.68535325757253,242.05067429135093,522.9249457244186
state,Bauchi,cases,19,216155.67379860237,66714.12636331262,88220.32742539002,139924.9085217111,300945.9820355279,551061.6550302259
state,Bauchi,hospitalizations,19,2710.904242112847,731.6565330069262,1012.6958225263888,1821.3350523871557,3583.2243925445728,7228.295401519077
state,Bauchi,deaths,19,298.8888876604878,92.21395043951203,142.7974390838413,225.50646398491708,373.4473897465728,734.2703353218716
state,Bauchi,cases,20,221476.71818726658,59272.24415796809,81279.0106474631,135614.23521358255,304738.5422816129,609937.0102390721
state,Bauchi,hospitalizations,20,2710.6988041817694,934.6292962739996,1226.8071905492088,1818.0183906460693,3657.736775824497,6638.3358385980855
state,Bauchi,deaths,20,294.7742424797652,82.85453927300611,135.92523233356076,217.44916449241785,356.49156081840795,753.0873382697439
state,Bauchi,cases,21,55718.133113807075,18033.4107271688,23062.25678637321,35312.7603942524,76625.5137004908,141929.55942022894
state,Bauchi,hospitalizations,21,838.4957336397498,214.70528017722387,304.13016810130387,541.118483970248,1140.2914558789794,2272.2323045960047
state,Bauchi,deaths,21,146.63985822378785,39.33778749694817,69.50173590042397,109.59516366912798,183.23116333784128,379.9992336822669
state,Bauchi,cases,22,20518.82833510306,6019.437767987319,8160.16699763776,13178.76194628399,28077.47977547384,54569.137796407886
state,Bauchi,hospitalizations,22,251.9854162971565,74.47002792358539,98.98969062646006,158.673334250839,345.9622895833449,686.0123081908312
state,Bauchi,deaths,22,101.28688232017694,29.19700429691208,47.624906637615396,76.28438883012406,122.0205369800895,248.17464361929063
state,Bauchi,cases,23,11687.689397135446,2649.2351112173856,3719.1589989202635,7402.475292557881,15995.871200060294,32093.65935458398
state,Bauchi,hospitalizations,23,145.40315057043242,38.12216464842689,52.74944839055327,94.91380067232217,199.07711862758828,392.07582071194884
state,Bauchi,deaths,23,24.314190444508895,7.629937317871655,11.725322640869399,18.29152097736889,30.11976922550884,57.25158639987101
state,Bauchi,cases,24,16538.742879314945,5513.135312368804,7068.5489520453375,10445.181635173254,22245.332825440655,42393.101074863895
state,Bauchi,hospitalizations,24,167.18739021958908,37.48982268364996,58.64053394491425,112.96222399421107,223.77361986572015,458.60528893027646
state,Bauchi,deaths,24,14.49873981032093,3.4339585988447294,6.0457102289486375,10.78435605920626,17.8221909267053,39.36540648303474
state,Bauchi,cases,25,20711.643152553992,5583.775149440682,7561.408249892077,13124.434369333645,28411.39721804516,54658.85913172624
state,Bauchi,hospitalizations,25,301.7500869711877,67.1504814489178,103.42556319504334,203.0331874965083,433.35716379799675,802.8545911020738
state,Bauchi,deaths,25,24.40425579378013,7.225312425051736,11.239186288209815,17.97229456446883,28.28843051203441,65.18317783788761
state,Bauchi,cases,26,35162.46665890953,7007.50428151709,10534.549183221518,24052.031181495964,50823.21861813046,95606.05073040295
state,Bauchi,hospitalizations,26,593.9977025127392,189.7584424926745,244.6644074641864,371.2985953508778,797.5069596641322,1617.9307996950138
state,Bauchi,deaths,26,46.54440465011599,13.1323416515244,22.615665206035256,35.10153305076487,56.032228376459145,111.6111796336891
state,Bauchi,cases,27,45382.930492148414,11520.364760770059,15992.095599497847,29613.940915952513,63084.85389215393,119888.95137828353
state,Bauchi,hospitalizations,27,706.8190122999416,219.85332461908934,298.61974193525685,484.46916950664087,933.6683036200255,1830.8953399944176
state,Bauchi,deaths,27,72.78562139703334,20.22389146140951,33.2301161676081,54.08772268949167,87.98144021769008,186.33169033268314
state,Bauchi,cases,28,69807.35905551161,21303.275743384904,27944.3986308246,44606.7844096914,95273.36166997922,192417.31078326568
state,Bauchi,hospitalizations,28,777.1537273404895,186.50591778251746,279.8568173712018,525.7958135994861,1040.5152066874782,2078.7062757445933
state,Bauchi,deaths,28,72.95355544510979,19.902883649830837,32.6067645488001,54.93769284266633,86.95423688003997,190.20834943227632
state,Bauchi,cases,29,57445.041893359725,17979.962985898135,23330.828002961258,36723.37023388588,80207.72749186939,148013.1182110818
state,Bauchi,hospitalizations,29,876.0584172921414,196.90523666213463,304.6321412078778,591.9017661533544,1232.090492499189,2351.334049469508
state,Bauchi,deaths,29,72.16110166549217,18.54364514062876,32.72212414190009,54.05230565899486,92.27234217676629,178.23208958203966
state,Bauchi,cases,30,68198.04400946871,11891.505096667055,20424.72875972198,46802.68927367946,96265.5606041413,190807.86153770812
state,Bauchi,hospitalizations,30,971.4210954146566,271.2893265023707,373.3059499141209,625.8382171779638,1372.4681538100199,2518.4454696727325
state,Bauchi,deaths,30,89.81131007976812,26.064930463618722,42.84160958543744,68.98031767649162,113.70013474942881,212.29425337918693
state,Bauchi,cases,31,69517.72162292192,17256.089446136895,23691.885879800364,46193.47120870979,100665.80383651648,187154.1809111359
state,Bauchi,hospitalizations,31,675.0729922992224,184.408444352286,258.27695733038854,438.08679392149463,923.1227080450708,1767.5768061799638
state,Bauchi,deaths,31,98.60824385383216,26.586900948146166,44.77831299255998,76.5055144646478,114.69673934146934,237.49306534743323
state,Bauchi,cases,32,34977.79377371977,8546.874756583387,11847.897538642008,22759.134790608816,47979.7357060333,92645.73174851306
state,Bauchi,hospitalizations,32,394.4652035116991,85.90683498713528,136.5360925004342,256.23573872061496,541.8543044984058,1083.6669034287984
state,Bauchi,deaths,32,68.0094957275244,20.787715170244034,33.62070928267392,52.81944935348496,82.12309459589086,169.94786496895085
state,Bauchi,cases,33,20715.254868490316,4204.0815244218265,6373.062573589782,14116.8227548334,29559.463851353117,56333.75484726109
state,Bauchi,hospitalizations,33,251.59638599942141,70.20354151361255,96.56404460146713,166.0238498592066,338.88067911070686,668.0115621022
state,Bauchi,deaths,33,45.04542934977635,12.110066297921641,21.03341036152256,33.35822953281459,53.70022497842135,117.28608993724244
state,Bauchi,cases,34,13610.885391624115,3578.9807893408083,4835.848769174093,8712.618672083321,18402.86454523004,36127.70336613964
state,Bauchi,hospitalizations,34,184.90932558493344,50.62807904590319,70.76123644154289,117.75557794892374,258.00589195471514,476.7637948082653
state,Bauchi,deaths,34,21.855682862552392,6.142853997833168,10.608725664183948,17.07265929296227,26.05482716407968,57.37159559221917
state,Bauchi,cases,35,11244.674310124372,3420.0057624574747,4394.283991905846,7017.228586211477,15345.71647004726,30020.81770674145
state,Bauchi,hospitalizations,35,135.70915282318637,40.34697068297992,52.672444164241604,87.7427920068721,187.19070915733704,346.62664784658824
state,Bauchi,deaths,35,17.997081954920827,4.478827204694274,8.114383627018357,13.31714705135443,21.478072390944668,46.00343672419656
state,Bauchi,cases,36,8783.549066319227,1751.9962586110355,2687.8329443729144,6069.232141145064,12509.000471177995,23209.4238318291
state,Bauchi,hospitalizations,36,108.30256130945925,31.225031588771042,42.39496947095624,70.7417734694576,146.35065928528536,282.3776184103241
state,Bauchi,deaths,36,13.491728112000848,3.6031369317748063,6.255913651438693,10.164434005395766,16.319760601251854,32.327320466778836
state,Bauchi,cases,37,7963.973017455178,2222.1473326076066,3036.5863591315137,5241.861806483324,11273.889810048151,21297.946262559402
state,Bauchi,hospitalizations,37,94.34253550090433,26.006571285950844,36.756473111447534,60.4454358409822,126.73477985464382,245.02556186708097
state,Bauchi,deaths,37,12.182556599377723,2.943912857433119,5.276203033367656,8.961294213111843,14.430873582605955,35.011434922205346
state,Bauchi,cases,38,6623.795424277813,1889.5708290408552,2516.5491809141786,4257.078567237579,8869.646264921448,17920.509349008047
state,Bauchi,hospitalizations,38,88.01059606981006,23.20664433358943,31.801634760823195,57.4636070131734,121.78818099306483,236.48284531861833
state,Bauchi,deaths,38,9.163955000099293,1.9494896301810638,3.8567285585648277,7.0631592343254725,11.409010915092985,22.776036542139888
state,Bauchi,cases,39,7168.948673345441,2027.5675812943723,2704.8391833721635,4808.865870113318,9786.390927325407,18806.819590396055
state,Bauchi,hospitalizations,39,84.59831813601703,20.741613407080465,30.300957436321205,55.503040471739865,119.54056645396344,227.99113478307845
state,Bauchi,deaths,39,10.281270098596037,2.156113397384483,4.162675543526399,7.222006132529502,12.959627120351335,28.736047756580316
state,Bauchi,cases,40,7356.349892381374,1468.4631561644026,2288.6339868948307,4983.384213561165,10538.228894461845,20833.885359627042
state,Bauchi,hospitalizations,40,83.59274101239478,22.082516851696006,30.511683833631984,54.94148959813675,113.81716517354968,231.504487029891
state,Bauchi,deaths,40,10.945991437157018,2.226355538197054,4.449543446118315,7.646858807389644,13.213663996801994,29.223872403734088
state,Bauchi,cases,41,7614.327174240146,1898.0543646387782,2700.521632942923,4904.265233871251,10750.790727078256,19857.705061079956
state,Bauchi,hospitalizations,41,82.43318453900893,19.63959877285216,29.600341572834445,51.724445001981735,113.09731979811238,216.8190035291844
state,Bauchi,deaths,41,9.52732308101717,1.9781997597584133,3.775308865465026,6.897658810929013,11.899126827393454,26.216032120885952
state,Bauchi,cases,42,6217.567705960424,1827.9256290620795,2455.6970406442088,3927.634528542083,8599.72371774089,16275.73278667376
state,Bauchi,hospitalizations,42,73.86089875980508,15.50891454434649,24.85687478593986,49.66039033333988,101.97916892362602,203.2248044245496
state,Bauchi,deaths,42,7.4634876413118585,1.7616802255327615,3.177448406745818,5.490478355189891,9.354659942407615,19.39634209841581
state,Bauchi,cases,43,5071.875918818998,1522.6381386871271,1933.4505706490027,3082.105247482101,6988.100743234196,13497.855438388744
state,Bauchi,hospitalizations,43,55.468589846991804,13.851649572155745,20.209059276215505,36.045436879558906,77.32902890667924,149.73688994092151
state,Bauchi,deaths,43,6.327844553352531,1.0974923260948306,2.2060773063335906,4.368115583271955,7.934816523731251,17.996871580843173
state,Bauchi,cases,44,3229.0702112019185,794.7295070340572,1082.0339271928667,2091.632524854343,4467.209639700389,9222.977318116926
state,Bauchi,hospitalizations,44,35.99506827943871,8.233580596349903,12.487678405063821,24.502710689647298,50.05039870156333,98.35104333635925
state,Bauchi,deaths,44,4.261394387051817,1.158434108780902,1.7482478689559584,3.0603089577764564,5.027445141563,12.089029750834397
state,Bauchi,cases,45,2226.0704829424476,608.4798376364491,833.1457215376695,1458.541705003583,3184.5030347694055,5577.9186459761095
state,Bauchi,hospitalizations,45,30.416706876369826,9.533912550965514,12.587420051863717,18.939832105380464,41.93447759872171,83.39839445748906
state,Bauchi,deaths,45,2.624875334633085,0.6281607646136071,0.6349299171366158,1.6642632085972644,3.290578555189688,8.425278618888676
state,Bauchi,cases,46,1901.0564034245447,435.78724452432516,630.723965675769,1303.7922180362025,2709.156453332137,5182.898007876052
state,Bauchi,hospitalizations,46,24.411822120759236,5.934316596417726,8.673223757795137,16.026627332113772,33.15877982570675,64.61125316444931
state,Bauchi,deaths,46,4.127543020828653,0.8601553658978096,1.2441937320837475,2.586802958619896,4.977518190682683,12.314472285505389
state,Bauchi,cases,47,1359.7261333621336,454.7127896401055,579.2985567665477,866.9787223895217,1874.259412314998,3525.133695244682
state,Bauchi,hospitalizations,47,15.167310808134069,3.4283928461818167,5.065395220713754,10.102499723845574,20.12813880107972,43.94695642783937
state,Bauchi,deaths,47,1.8287229620702234,0.426199434373843,0.426199434373843,1.096760401793587,2.3369321981988667,5.562792958868109
state,Bauchi,cases,48,1137.636194125034,334.34112833882165,442.73782907570643,704.1700615729528,1575.0340882663022,3041.3129901543066
state,Bauchi,hospitalizations,48,14.306195078477005,3.5487706300568984,4.916915646915367,8.73962605814826,19.71727855156969,37.30406313816297
state,Bauchi,deaths,48,3.432637966905328,0.664348444407115,1.025345130893354,2.4365816056565914,4.606812820730523,9.621320664283546
state,Bauchi,cases,49,1324.7522381638075,348.119425777983,483.7535621763816,872.975186417104,1903.756878913447,3404.3347799931053
state,Bauchi,hospitalizations,49,13.12355327517158,3.7841794108049376,4.767980318425036,8.031779442787453,17.9040309522727,36.71152027042088
state,Bauchi,deaths,49,1.7218487880185689,0.4793195570015707,0.4793195570015707,0.9489380628378647,2.087402149740532,5.582077908157751
state,Bauchi,cases,50,902.669404452634,229.74767146527435,315.74190217752243,595.5821975594583,1258.09985071314,2362.910740598513
state,Bauchi,hospitalizations,50,11.641054458461678,3.0769686992281526,3.9940674882007157,7.283091762066814,15.96531117002653,32.65197960011355
state,Bauchi,deaths,50,1.3786996941698157,0.3958805402287785,0.3958805402287785,0.7710665609389477,1.6852174191450913,4.467704988434625
state,Bauchi,cases,51,1080.7134181955992,325.2175191963458,415.4004816729762,669.3134531462601,1469.4414601634267,2818.944064548063
state,Bauchi,hospitalizations,51,13.145113096681314,3.3683089882432338,4.366967381226646,8.419106737184926,18.57948602487726,35.36005157963014
state,Bauchi,deaths,51,2.440830186628728,0.6767927455300701,0.6767927455300701,1.4733877647145308,2.9026978099072256,7.673315075678049
state,Bauchi,cases,52,1020.9925488874775,330.70017418380814,419.04775560561865,653.3230203921908,1394.0703407913388,2537.6232766991543
state,Bauchi,hospitalizations,52,10.918715743482576,2.7850756112426103,3.5776275259295374,6.68566598767967,15.721679514096532,30.430213959793022
state,Bauchi,deaths,52,1.0476010136843934,0.3136455177847601,0.3136455177847601,0.34968622472955335,1.1628021262757229,3.5903875761298996
state,Oyo,cases,1,1562.286584617001,369.7168893201247,540.687270890825,994.8393850547095,2178.7498827534077,4229.413350569868
state,Oyo,hospitalizations,1,21.346066542145717,5.2823823958975265,7.665830936353807,13.458847549242387,29.14371065800721,60.7998364769696
state,Oyo,deaths,1,1.6930512182455664,0.5312038475085211,0.5312038475085211,0.8634701243325308,1.8754960416521773,5.520606348217769
state,Oyo,cases,2,490.37394274108766,144.36969155385282,193.50818511654373,311.823813898025,664.1978785329104,1277.6600392989992
state,Oyo,hospitalizations,2,12.20436287175759,3.960620773723632,4.726765403503783,7.894459696750414,16.4050080687456,32.82403003531667
state,Oyo,deaths,2,1.2671212289393676,0.4349123472043203,0.4349123472043203,0.5199577358941132,1.45878294348388,3.885097007158707
state,Oyo,cases,3,919.546813458316,228.9520422088556,322.6016137701821,607.7447546357384,1281.8504435297114,2417.319771488195
state,Oyo,hospitalizations,3,12.596879962582715,2.9158837946923333,4.284122331153239,8.289836224297309,17.29530703697118,34.452383715939725
state,Oyo,deaths,3,1.0402292291656245,0.387428549268586,0.387428549268586,0.39990326561665573,1.120191182821836,3.484417318040623
state,Oyo,cases,4,804.1446397935706,211.80364710227613,296.58456816179387,532.1594214743768,1147.390909925903,2085.313203199537
state,Oyo,hospitalizations,4,13.785037449593332,3.6952996176010338,4.828071880039042,8.343115961510183,17.918650963203227,41.25356779782832
state,Oyo,deaths,4,1.9977377529500737,0.6880746574996993,0.6880746574996993,1.1197786721141014,2.4278723519562107,5.897434131063694
state,Oyo,cases,5,663.6037097054699,177.7817123976982,239.95552327118833,417.97439870277697,912.1968123525464,1784.2151709568054
state,Oyo,hospitalizations,5,14.65872136767715,4.114972922779236,5.431112970643697,9.6362625123556,21.01406492211092,39.54145692961937
state,Oyo,deaths,5,1.051858838140787,0.3800114316034695,0.3800114316034695,0.4941427003808866,1.2417157077440688,3.212961548583192
state,Oyo,cases,6,862.4875819052742,239.0347648354282,323.6639152362478,557.588180012754,1172.107816701288,2178.567038868005
state,Oyo,hospitalizations,6,15.037448655033167,3.6698632052330975,5.12165601189089,9.711501095491673,20.011212586173553,42.9342576672457
state,Oyo,deaths,6,1.0929784831556142,0.36862900498838713,0.36862900498838713,0.39467995297992997,1.210529814394365,3.822600843322619
state,Oyo,cases,7,916.858033501989,285.0267813379267,379.91941671410274,588.181525312476,1282.017508060348,2219.3752227910063
state,Oyo,hospitalizations,7,15.185822966919687,3.9314394797305914,5.386752630370392,9.410160305713978,21.735947478849276,40.27345057957688
state,Oyo,deaths,7,1.2216034900921109,0.3846772089424345,0.3846772089424345,0.49036835961719527,1.241064289622249,4.259675996163771
state,Oyo,cases,8,1351.1063801853106,355.2579243623552,490.7409799117724,852.3125273546967,1788.7022693529145,4054.255313817358
state,Oyo,hospitalizations,8,32.14905875186235,8.99271462375576,12.074571646500141,21.04579961721399,44.8254958225249,87.23399405615034
state,Oyo,deaths,8,1.3435698488041221,0.5108445042017413,0.5108445042017413,0.5923981939982077,1.5614125567338062,4.354456139663645
state,Oyo,cases,9,1870.4372176764039,501.2232750457127,667.793830124238,1207.9475503652066,2652.8562580639036,5054.805314802763
state,Oyo,hospitalizations,9,44.40377530018032,11.78784896677072,16.855882628380193,28.317130267818037,58.855574738214585,116.37564978765424
state,Oyo,deaths,9,2.50195243947731,0.6441530681687917,0.6441530681687917,1.566819997498785,3.1269782692498946,7.963921008321042
state,Oyo,cases,10,3219.1054941586954,867.6877390898437,1169.8356196819204,2101.578582554258,4581.399283845049,8492.877736927627
state,Oyo,hospitalizations,10,97.25086559080609,23.456681967731672,34.326431381649925,65.35676855528476,132.03178352375903,259.2718821800998
state,Oyo,deaths,10,6.650906545278215,1.4468131171403327,2.8516608543112993,5.057088595432609,8.762956737145213,17.353012330579524
state,Oyo,cases,11,10416.992489564322,2698.126751607887,3733.4096090114117,6787.98870317025,14198.3894441318,27594.512348765496
state,Oyo,hospitalizations,11,284.85094430741424,75.27743634408208,104.62584628892532,190.93611269486263,382.9127557962235,773.9692915103423
state,Oyo,deaths,11,10.480159722977282,2.4481846298942207,4.779769396024964,7.923554095743154,13.450724321324586,25.084122620689477
state,Oyo,cases,12,42038.72651371492,10856.168576738715,15025.912245220072,27263.354462949323,60335.31351843255,109788.29501139466
state,Oyo,hospitalizations,12,769.5558104606696,208.1957091594045,296.632953890097,511.78749421602885,1026.8076490068065,1997.3880379201717
state,Oyo,deaths,12,33.34845950270981,8.326348725883758,14.801712793526054,24.899549092350885,40.56893669305537,89.41279520202805
state,Oyo,cases,13,102894.12732690854,31545.430364908538,40985.19227259881,64285.82911503664,139253.96205935295,271089.91778715036
state,Oyo,hospitalizations,13,2355.9559229627002,735.8014073786951,976.0130494220306,1557.1269539680243,3271.0296946767735,5819.875749803008
state,Oyo,deaths,13,71.89395552814467,19.24264071499241,34.33054849182087,55.41778711701395,90.99740615025021,173.5059146078529
state,Oyo,cases,14,124652.79709430542,30777.2548407999,43205.470641546504,83108.20628378046,172789.1621760009,333891.81919357437
state,Oyo,hospitalizations,14,2227.264690859456,669.5554353414846,906.7968565400388,1457.551384051049,3002.1185778304525,5901.482989353517
state,Oyo,deaths,14,142.69961894690877,35.579819841793714,64.97648833576173,105.90174176732691,174.95120972437414,355.025848521541
state,Oyo,cases,15,202613.66808721508,46505.36862228658,66690.34363995385,135498.76232583402,290065.42766874057,546921.3500059897
state,Oyo,hospitalizations,15,3472.306493704671,845.2624591095118,1214.0260355888804,2287.482134336668,4931.718373982436,9295.582754078749
state,Oyo,deaths,15,198.0609452821442,56.25793638736769,94.0663260158535,145.65031421260582,236.65411170821997,500.498031351963
state,Oyo,cases,16,122696.06435138227,35666.97684076047,46753.8814114327,79431.42297356686,173577.45810260912,308517.84569153574
state,Oyo,hospitalizations,16,2820.539428342827,834.3846708990835,1115.1926491979325,1808.3826678176188,3666.5180377094157,7768.724850430437
state,Oyo,deaths,16,152.95481744581875,44.30593319742961,71.07147826698946,113.05557048979306,177.9531947487582,395.9066264550256
state,Oyo,cases,17,86430.74110270069,21426.66256863924,30882.76896147538,56581.28815503592,121526.6304324053,235091.29626708443
state,Oyo,hospitalizations,17,1454.975173050916,392.33739779352726,554.5963868092167,938.0378348659999,1974.3915475662257,3878.56334710179
state,Oyo,deaths,17,71.2438859500674,21.752208641946186,33.63331875847622,53.57947033083765,79.85143473512888,176.83944414471705
state,Oyo,cases,18,37315.907713529545,8942.005067609525,12167.120979433412,23321.475311806254,53115.31029713666,97957.67980777763
state,Oyo,hospitalizations,18,640.8848357570757,137.03263622367064,202.75823927868788,418.5607520109488,892.1766065111112,1817.0902829159845
state,Oyo,deaths,18,32.356674473741016,7.091814384387855,13.194205462109661,22.910032853355073,39.4449686456127,86.1839918332311
state,Oyo,cases,19,7628.611419019889,2353.8219954436377,3112.9193405288224,4937.919029021817,10621.4271974002,19449.678304438312
state,Oyo,hospitalizations,19,215.77633526251367,57.56497282058953,80.02987637461206,144.6685336238617,285.50533322997387,576.8744467948047
state,Oyo,deaths,19,11.503254459382536,2.8841702653047867,4.991954363943344,8.438390585971927,14.603001592754332,29.638280643101144
state,Oyo,cases,20,2570.6261571605937,687.2345833431143,942.7599553855482,1573.658114771863,3537.3973813109205,7081.123448874621
state,Oyo,hospitalizations,20,45.68020389822858,15.105393343178752,20.134778306030427,30.31155340742088,61.97942480902268,113.28577070418235
state,Oyo,deaths,20,3.1476184456043237,0.7813771723752703,0.8782676388891526,1.9965696564161668,3.9038794268790977,9.34416973577017
state,Oyo,cases,21,2959.3567664981047,957.1679908216428,1224.3505119250462,1875.2195980344986,4070.165605952268,7539.768645742271
state,Oyo,hospitalizations,21,57.657117788299914,14.071398641279794,20.319544876959593,36.87799619930014,78.74240817520291,157.83148636256297
state,Oyo,deaths,21,4.1057893092330655,0.9264904336609212,1.4073682415230118,2.776407506605767,5.290799028619247,12.009686123285633
state,Oyo,cases,22,3097.40560998938,908.0601466198933,1231.3010308172743,1989.0872310336392,4238.729389327976,8238.855535099168
state,Oyo,hospitalizations,22,75.98500667584113,21.9658860913191,29.42733530665462,47.589350065417044,104.58226410916924,208.06109150006097
state,Oyo,deaths,22,3.1775922944725945,0.7709420357781582,0.9479569350885725,2.0960812391413772,3.928311944218835,8.982157471351078
state,Oyo,cases,23,5035.984483304846,1141.060728860089,1602.1209758709579,3189.365395480852,6892.500997286887,13829.489944031906
state,Oyo,hospitalizations,23,80.91696953960316,20.89002680457151,29.074431631621252,52.666653839663915,110.9491605103567,218.93773424701078
state,Oyo,deaths,23,3.8720303827311646,1.1480357493247146,1.4158532771204873,2.662420630824269,4.907967804700191,10.058838339361825
state,Oyo,cases,24,7052.570669308161,2350.568787357833,3013.8934900160075,4453.898780819226,9486.214031207155,18078.470163186175
state,Oyo,hospitalizations,24,113.22384260870173,25.140220396511108,39.50464754538639,76.39702197564777,151.65417071166266,311.1392282522276
state,Oyo,deaths,24,7.843773510362613,1.5539273387642023,3.014367143448907,5.714260199974158,9.724140273813509,21.9986128086386
state,Oyo,cases,25,13330.320776188955,3593.5402251041032,4866.408252885277,8446.950105432401,18286.12919662083,35179.8366657681
state,Oyo,hospitalizations,25,253.2465156884286,56.232097352048775,86.69555066607887,170.34504410803996,363.76883149651593,674.0691005657714
state,Oyo,deaths,25,10.365332062520958,2.6772279068102605,4.471679986109653,7.481799526083121,12.093756013146052,28.58801027005804
state,Oyo,cases,26,19061.05304992922,3798.2977686426248,5710.302568338254,13038.10563883795,27550.718973491214,51827.41301309671
state,Oyo,hospitalizations,26,380.0862968559785,121.17766242885787,156.34403496766538,237.4511611184091,510.430647525257,1035.8986984595144
state,Oyo,deaths,26,23.214184098500404,6.197532342020469,11.027342551574371,17.38633385298698,28.046234403255035,56.35232189204301
state,Oyo,cases,27,28429.738026311294,7216.552549259653,10017.865847190995,18551.263272829536,39519.09809913388,75103.99338995923
state,Oyo,hospitalizations,27,664.9042097992877,206.77508947400213,280.8772087590054,455.7212212226455,878.3202037963756,1722.4162937361962
state,Oyo,deaths,27,30.62064519156918,8.095415176206341,13.669181598495246,22.60762680508797,37.13264609029086,79.28025879864337
state,Oyo,cases,28,32808.99294558518,10012.029188888688,13133.363052565248,20964.699689865494,44778.03759063284,90435.78299872475
state,Oyo,hospitalizations,28,581.6613928603281,139.39958350917337,209.29832365272318,393.45108558936425,778.8596597201733,1556.2302911240695
state,Oyo,deaths,28,33.169352441062514,8.657902153620642,14.527563045814732,24.845274423566387,39.63809702115776,87.34530013695857
state,Oyo,cases,29,25085.313114691355,7851.169665671211,10187.857639782265,16036.293784963178,35025.62996568566,64635.803380309866
state,Oyo,hospitalizations,29,555.9687675724592,124.67810032559018,193.08918911541795,375.51741260921267,782.064022158315,1492.8304799546258
state,Oyo,deaths,29,25.648377446250162,6.1185469277246565,11.28289408036955,19.052166240897485,32.97337293357859,64.2832177141572
state,Oyo,cases,30,19728.27981250962,3439.3790277656276,5907.952594981094,13538.824426424106,27847.92278670835,55198.03504015663
state,Oyo,hospitalizations,30,467.0893398286761,130.07051223579256,179.17772939668123,300.73788767210954,660.1392990384448,1211.772503799472
state,Oyo,deaths,30,25.070350272087055,6.769810265119015,11.58606552321164,19.08997552644716,31.928157180548247,60.232593286142844
state,Oyo,cases,31,19556.456312913037,4853.875996735429,6664.435866821895,12994.727359068325,28319.236221721643,52650.705741349484
state,Oyo,hospitalizations,31,368.4173867807487,100.31021913295272,140.6731878368896,238.92423573788457,503.9558254202008,965.3794139122816
state,Oyo,deaths,31,19.730373494741713,4.740898270714257,8.526573441112252,15.129077883640132,23.076760635824662,48.630961774357225
state,Oyo,cases,32,16103.65642072227,3934.5441177496364,5454.374620937894,10478.03919338333,22089.9065177571,42654.66711547461
state,Oyo,hospitalizations,32,286.0069315420549,62.07220918098178,98.8161444655803,185.6875755377891,392.97384858381,786.1916844615947
state,Oyo,deaths,32,14.67044695416585,3.946698536543547,6.860310757898736,11.219206524145218,17.872327234754216,37.812126322545545
state,Oyo,cases,33,11366.03953840758,2306.3344218714733,3496.4575160533905,7745.470125471869,16218.870025015072,30909.96290330495
state,Oyo,hospitalizations,33,224.34540496687293,62.52185457434576,86.03849445009087,148.004733130803,302.2131634487973,595.8362563579428
state,Oyo,deaths,33,13.59856500983173,3.155689355614788,5.984252163681864,9.891030258933379,16.339129911844672,36.494871017350974
state,Oyo,cases,34,9290.43628477633,2442.6852388833217,3300.6199347030843,5946.892622672121,12561.428340814604,24660.355552158213
state,Oyo,hospitalizations,34,178.4580680819304,48.83652807737285,68.27104282935224,113.63462914306919,249.01810342642267,460.18486711745425
state,Oyo,deaths,34,10.517961428708437,2.5970597309668637,4.846021720049858,8.101184903670081,12.624502103739143,28.395269174023333
state,Oyo,cases,35,7670.119476248702,2332.603411324149,2997.1971471108864,4786.411453662919,10467.60262562097,20478.069922488754
state,Oyo,hospitalizations,35,138.98365471531645,41.337326712106766,53.95802392493522,89.86838809417463,191.69831395548846,354.95311387041596
state,Oyo,deaths,35,8.753573985462529,1.8098867707440873,3.6744284899334563,6.342732411770483,10.52816759561735,23.10631511022378
state,Oyo,cases,36,5703.854380017888,1137.4293386709332,1745.1796028500673,3941.124992039786,8123.233861434743,15072.293695491091
state,Oyo,hospitalizations,36,119.00384005347475,34.380026690759586,46.64355851437291,77.76565933534391,160.77704105745548,310.1217339012545
state,Oyo,deaths,36,7.20530566527141,1.7246783807292205,3.099415930441178,5.307635511484327,8.785246342632725,17.829130968688155
state,Oyo,cases,37,5065.931546092019,1413.2590723802423,1931.365886655546,3334.2557279043976,7171.54091533598,13548.361997808977
state,Oyo,hospitalizations,37,100.03624859293754,27.61936318092081,39.011233005698614,64.1148650276034,134.3629091522905,259.7178390885541
state,Oyo,deaths,37,6.693082532057657,1.5097758608160925,2.651726463616849,4.795848460685549,7.978251519070545,19.952781355078542
state,Oyo,cases,38,4548.157428630418,1297.2294215101333,1727.7669769133495,2922.964968767687,6090.3528295432825,12305.458111677764
state,Oyo,hospitalizations,38,88.28553844040083,23.28141640841046,31.902955962340812,57.64419566220941,122.16746227343694,237.21640775850776
state,Oyo,deaths,38,5.2181177348988275,1.073678912875574,1.9578520247520839,3.9106371870606806,6.557354218541008,13.48011701266036
state,Oyo,cases,39,4514.674746031977,1276.6034829264715,1703.1530175245066,3028.281077313145,6163.154871061861,11844.272514712335
state,Oyo,hospitalizations,39,82.62466317382204,20.240301620295163,29.579229080348203,54.20020982861633,116.76117719624308,222.71112392157022
state,Oyo,deaths,39,5.707628428569537,1.1106244189555352,2.059739166280959,3.8728985536671883,7.273387991692696,16.623526639263144
state,Oyo,cases,40,4830.480578790257,963.9782603934547,1502.5742899322559,3272.1833985477138,6919.981122801559,13681.011247092873
state,Oyo,hospitalizations,40,88.84113006686925,23.514650321833184,32.466797195336696,58.41232772803228,120.94089029623828,245.9300134996405
state,Oyo,deaths,40,5.774476457973716,1.101643924390225,2.078150897238376,3.8841405632280406,7.0285262458023094,16.071822782482762
state,Oyo,cases,41,4929.338500831705,1228.4916075073677,1748.0274302045643,3174.7818785717236,6959.957364236757,12855.983803729141
state,Oyo,hospitalizations,41,88.6160414970223,21.169161335711728,31.868076396346947,55.63175628792856,121.55286153642163,232.96116777105138
state,Oyo,deaths,41,5.246250764504453,1.1179978843608884,1.8196246520186545,3.663244641110611,6.616407025536329,15.069954271053966
state,Oyo,cases,42,4113.003449377132,1208.9580968466053,1624.2713771368217,2598.057655394303,5688.960890513608,10767.16045032089
state,Oyo,hospitalizations,42,70.28239964216094,14.7197452145861,23.620848486954234,47.23869106429539,97.05649508577693,193.4623241842382
state,Oyo,deaths,42,4.464831854796552,1.1297310434221584,1.6789158889309561,3.162216716884667,5.640240726707432,12.079774925594215
state,Oyo,cases,43,3187.1024222437254,956.5464723178601,1214.7258818647827,1936.6100391232023,4391.374141490483,8482.498198919882
state,Oyo,hospitalizations,43,49.36631416176038,12.246385265859045,17.916644170349407,32.04132156260348,68.86271049269557,133.44425201617597
state,Oyo,deaths,43,3.51553017160155,0.6679335904093753,0.9512179497138274,2.267033973736907,4.437727388564143,10.561491902807191
state,Oyo,cases,44,1979.4041431300498,486.8736093958453,663.0242274377867,1282.0241608674348,2738.5258629822774,5654.357841320444
state,Oyo,hospitalizations,44,35.59568457379599,8.133844319838113,12.341991603625022,24.22724383487718,49.4989791706666,97.27790567036571
state,Oyo,deaths,44,2.4604981395946077,0.7470789921884562,0.7723565221887039,1.618510195061174,2.8871245310351568,7.441169921411149
state,Oyo,cases,45,1374.58323727588,375.4542947929639,514.2225224935839,900.5076616952632,1966.5733707047998,3444.9021527649206
state,Oyo,hospitalizations,45,31.02144837081791,9.736944213417742,12.849305317022269,19.324154382766622,42.762000925995515,85.02509738027265
state,Oyo,deaths,45,1.7296940297367709,0.45949821167299876,0.45949821167299876,0.9489026515841864,2.1385487349960384,5.894570488755554
state,Oyo,cases,46,848.4496694379368,194.06718087217553,281.1250268147437,581.7142225122839,1209.3434468416392,2314.1050837725456
state,Oyo,hospitalizations,46,15.686116524888043,3.850550655231009,5.342700773559401,10.164303137666842,21.39779877414307,42.02108134994802
state,Oyo,deaths,46,1.7147122545924711,0.4333668052875549,0.4333668052875549,0.8071169477046826,2.011616348100719,5.708148954504886
state,Oyo,cases,47,804.631715865598,268.8093816663323,342.5716493862216,512.8956108131136,1109.2663651381347,2086.683237370041
state,Oyo,hospitalizations,47,17.174012717238234,3.8559898712229614,5.821885234675954,11.487228973214902,22.763288768231128,49.55284400125515
state,Oyo,deaths,47,1.1141285197194384,0.30263959634092186,0.30263959634092186,0.48888682256164284,1.3695193658894018,3.660168108526204
state,Oyo,cases,48,519.08442694406,152.17069619141142,201.6820645075137,321.0940711911042,718.8706574316709,1388.6094435016032
state,Oyo,hospitalizations,48,9.113103543052825,2.3342260791074962,2.891888276444514,5.406299960085083,12.626919551696421,24.194737117018644
state,Oyo,deaths,48,0.8562831718660213,0.24607047399095622,0.24607047399095622,0.27288815339545935,1.0767281085560314,2.9340701890295526
state,Oyo,cases,49,395.2683117830468,103.35205122136425,143.8931936034328,260.2318212198166,568.3332215750828,1016.857051625983
state,Oyo,hospitalizations,49,8.959240449478104,2.6567981588428573,3.049585874939743,5.341035239015885,12.272149434908338,25.476518881621253
state,Oyo,deaths,49,0.4920220920491459,0.0,0.0,0.0,0.5024227604278741,2.5155800179392687
state,Oyo,cases,50,492.5251954949359,125.01930430396658,171.9837354494535,324.8142239059977,686.6380863499929,1290.0136213952233
state,Oyo,hospitalizations,50,7.994570210426351,2.177344382148192,2.533934158066158,4.861334669890598,11.00510261177481,22.813030255671055
state,Oyo,deaths,50,0.38250826440837077,0.0,0.0,0.0,0.36555058843266464,2.0252571927959764
state,Oyo,cases,51,420.7395553722009,126.18602652630838,161.34665396909804,260.3425080382888,572.2972496954244,1098.4427321987118
state,Oyo,hospitalizations,51,8.610677735323337,2.2762890793556374,2.62697403408821,5.365392806294075,12.231734491516914,23.571970274819417
state,Oyo,deaths,51,0.4874364130760498,0.0,0.0,0.0,0.44165085458061887,2.573630662053179
state,Oyo,cases,52,350.718416327785,113.15451128932295,143.55930382709164,224.18506299256072,479.11302182499225,872.6664073583044
state,Oyo,hospitalizations,52,11.991119948228341,3.0386910703738916,3.9944769292398594,7.38554059802297,17.244394520574076,33.29232230321816
state,Oyo,deaths,52,0.6043624499864312,0.0,0.0,0.0,0.6522278042390517,2.821283772239741
state,Anambra,cases,1,1576.4906241962,373.08522716706574,545.6090475573643,1003.8875929642709,2198.5551148279674,4267.850934093685
state,Anambra,hospitalizations,1,18.48338434544464,4.603802457071519,6.55260993379359,11.60145004370031,25.271420505331907,52.86096986091994
state,Anambra,deaths,1,2.6580939336919314,0.7475372061409796,0.7475372061409796,1.6223704082798052,3.0465450077743146,8.17613054715997
state,Anambra,cases,2,797.1329571577718,235.12229243121388,314.9373737085981,507.11606790342285,1079.473146229278,2075.9125702355796
state,Anambra,hospitalizations,2,8.832001733882054,2.9364181419540962,3.2458439689881287,5.594383635437633,11.904134067314853,24.077254578030622
state,Anambra,deaths,2,0.5930410059950186,0.0,0.0,0.0,0.6591212355613949,2.6481561049765903
state,Anambra,cases,3,838.9270526762798,208.81327429050035,294.26119228436676,554.4320324813045,1169.5008113714575,2205.527868435048
state,Anambra,hospitalizations,3,11.247104377924945,2.6239215697713814,3.755032620731235,7.359661551995845,15.463430692019088,30.902599994346247
state,Anambra,deaths,3,1.4724992962238628,0.49257571484130874,0.49257571484130874,0.7798336056328371,1.6956059109487664,4.701477266584366
state,Anambra,cases,4,917.4954758760889,241.76282478075672,338.47947491425333,607.2193091051098,1309.0650531246206,2379.0310449693056
state,Anambra,hospitalizations,4,11.903251536078285,3.2208782114313736,4.0798342964297944,7.1435990965303775,15.489778091827596,35.82883932524386
state,Anambra,deaths,4,2.2735757835311547,0.7587996257943914,0.7587996257943914,1.3376638648660228,2.7802122627026846,6.606399073918633
state,Anambra,cases,5,713.7288212614623,191.26561738835386,258.1286425415475,449.57388899660697,981.0710774571359,1918.857978826952
state,Anambra,hospitalizations,5,11.640785777760216,3.3153447797154847,4.181408775974098,7.569406909293883,16.7362564929212,31.663375948266133
state,Anambra,deaths,5,1.3483007047340214,0.44971575171231715,0.44971575171231715,0.7682086689655448,1.6529066780427586,3.985732039064481
state,Anambra,cases,6,792.5660563399557,219.59777778696034,297.3740221039827,512.356101951982,1077.114570804959,2002.0750364083183
state,Anambra,hospitalizations,6,11.45234395117107,2.843731808001076,3.743595863145916,7.300210300278285,15.281329906458765,33.044115271409986
state,Anambra,deaths,6,1.1420575232154544,0.37983459042816836,0.37983459042816836,0.43707543777027885,1.2777255053659964,3.969198276135901
state,Anambra,cases,7,1043.0649021864197,324.3558966421922,432.2964129922341,669.1948767048435,1458.4343571255438,2524.6801762202117
state,Anambra,hospitalizations,7,21.02765640005444,5.356782592833001,7.70226935744232,13.18436320888529,29.978863674282273,55.2371372497845
state,Anambra,deaths,7,1.1547664335276036,0.3699663798045577,0.3699663798045577,0.4333736799711047,1.155361489754624,4.058535421413122
state,Anambra,cases,8,1258.4899288075867,330.85500369489023,457.057754076989,793.862408815268,1666.1114173021988,3776.4788295846975
state,Anambra,hospitalizations,8,19.146970258186535,5.215409775821201,6.939383777894282,12.387059139216197,26.827007108466674,52.579081595054745
state,Anambra,deaths,8,1.885682888432538,0.654152265004009,0.654152265004009,1.0391153801683004,2.27996838923694,5.856547506758232
state,Anambra,cases,9,2789.1166440492043,747.7622376527099,996.1014679209567,1801.4140217990105,3955.621385211006,7536.675549393063
state,Anambra,hospitalizations,9,36.74718413195382,9.630469740469382,13.84349873568317,23.371171961701698,48.75761582001816,96.57374336981104
state,Anambra,deaths,9,3.2498566319644207,0.7917456347904248,0.9583015170310222,2.154946593811617,4.072578539201085,10.017793253892656
state,Anambra,cases,10,5833.090470473461,1572.8623686815863,2120.284828608334,3808.38875889414,8301.25346414295,15387.952707377975
state,Anambra,hospitalizations,10,58.98264096727509,13.930821345963134,20.56681092086678,39.51085334067801,80.21599633788405,157.89616503726685
state,Anambra,deaths,10,8.148519737195043,1.8102509443206194,3.6111199089121957,6.251407345789888,10.687987567780876,20.971804825785533
state,Anambra,cases,11,13092.849006253135,3391.396200102299,4692.590977040648,8531.737288255339,17845.49600666219,34682.406837437615
state,Anambra,hospitalizations,11,154.05045966728784,40.374191000303995,56.293272406444785,103.10944267543188,207.2408697391724,419.35664834987347
state,Anambra,deaths,11,19.240787172148536,5.083112945640242,9.196376879289467,14.742482861946229,24.493237058951955,45.01629002518093
state,Anambra,cases,12,45933.35952667543,11861.995461755434,16418.031399325475,29789.171440702932,65924.97401331138,119959.36528897003
state,Anambra,hospitalizations,12,791.7761193418852,214.22822907690147,305.2157146439389,526.5746080852927,1056.4462593726844,2055.0150116763816
state,Anambra,deaths,12,89.31493926708525,23.522497949951457,40.54867901406351,67.0997095636329,108.30045560145163,236.72943197349926
state,Anambra,cases,13,124834.61750978493,38272.12543499732,49724.74265318591,77993.81101592355,168947.5171124799,328895.0614795134
state,Anambra,hospitalizations,13,1801.876100568267,562.5920618143584,746.3340759517364,1190.838090645804,2501.8317582907107,4451.487919462596
state,Anambra,deaths,13,221.07568873224767,60.6703860556132,106.6365774468063,170.88008031643577,279.2754657004292,530.6424509221047
state,Anambra,cases,14,170415.4203428792,42076.49893412287,59067.33352867375,113619.07225263104,236223.5001347405,456469.8043519401
state,Anambra,hospitalizations,14,1677.7921382638426,504.201737360553,682.9412894489788,1097.8840808918012,2261.5731491492033,4445.977093614845
state,Anambra,deaths,14,247.64301696802926,62.29395187172298,113.1589186455716,183.97176114284431,303.44784715265223,615.0304511851513
state,Anambra,cases,15,168677.50454466933,38715.96351042929,55520.133871807266,112803.75145778447,241481.86844028818,455316.6972427089
state,Anambra,hospitalizations,15,2553.3373544769734,621.3579217419824,892.5538499098658,1681.9944064494007,3626.6173221727727,6835.888319752431
state,Anambra,deaths,15,245.99477899806556,70.04563541501352,116.95827730629199,180.96367900091832,293.8811717745757,621.2586517218455
state,Anambra,cases,16,167273.08426769526,48625.494816804014,63740.37812086927,108289.9838495899,236640.17622701195,420605.700455231
state,Anambra,hospitalizations,16,2478.6177973326185,733.1505409324849,979.9294636823872,1589.116877417106,3222.0784751726355,6827.168986750725
state,Anambra,deaths,16,202.4238502611592,58.863715365318114,94.22961246889277,149.70410707305143,235.45475014212437,523.4413619993661
state,Anambra,cases,17,97457.20508096616,24160.280408997078,34822.742420556184,63799.73075713511,137030.4259389036,265083.01809618116
state,Anambra,hospitalizations,17,1566.1613238551074,422.3747720822373,597.0247364084676,1009.7478504286084,2125.243146254401,4174.827818742056
state,Anambra,deaths,17,136.8669340777509,42.41927635413284,65.09264453837318,103.15696967492842,153.2931872521898,338.3806769927871
state,Anambra,cases,18,48895.30128373809,11717.009260700148,15942.87493290708,30558.412593427915,69597.24032867767,128354.14555515384
state,Anambra,hospitalizations,18,603.0858939572006,128.90425042538635,190.75944230032314,393.8539018669215,839.5797407093141,1710.0276371536718
state,Anambra,deaths,18,51.15624082935357,11.652440933468593,21.194199925465263,36.38596364469798,62.240152645112346,135.32175116896403
state,Anambra,cases,19,6390.606676395025,1971.7211729654366,2607.6449956105857,4136.514495348375,8897.79875470054,16293.550073826726
state,Anambra,hospitalizations,19,154.39532765153493,40.982087801871366,57.08597222361864,103.4219586219429,204.38030628328917,413.2471958130608
state,Anambra,deaths,19,16.79003990867281,4.528959683883089,7.52930531955207,12.435168251174904,21.21024333677941,42.61235653656636
state,Anambra,cases,20,2413.7392993594385,645.247546887548,885.1841162587292,1477.5931548437775,3321.5308389443435,6649.0652776820325
state,Anambra,hospitalizations,20,46.70792552711924,15.460072423932356,20.60021641001122,31.001108312592756,63.366381589380715,115.80261529362198
state,Anambra,deaths,20,1.7752795315147833,0.5034661819549411,0.5034661819549411,0.930785204911657,2.1597255961714388,5.665077796591751
state,Anambra,cases,21,3058.26205774754,989.1803094957214,1265.2893780225797,1937.9039501002853,4206.182934856079,7791.705144610279
state,Anambra,hospitalizations,21,41.85426931222733,10.010265817961125,14.574789161926372,26.671407062629584,57.25505196104251,115.03281996163739
state,Anambra,deaths,21,3.8875660448952627,0.885438700153697,1.3007005028025416,2.609079200836557,5.0120609047403555,11.433241781992816
state,Anambra,cases,22,4148.987757017829,1216.5902556793785,1649.5373519736381,2664.5121000169565,5677.670669215607,11035.41804675611
state,Anambra,hospitalizations,22,46.22743066742107,13.087799158219068,17.66482255531023,28.805817299108497,63.766572712482926,127.24284929133142
state,Anambra,deaths,22,2.7846327673320284,0.69434145892624,0.7544084995568822,1.788455506087077,3.4386363002486435,7.990333203057834
state,Anambra,cases,23,4723.185774161577,1070.138310310909,1502.566535408609,2991.242454918009,6464.411885522462,12970.611101809694
state,Anambra,hospitalizations,23,83.61616087970128,21.611312427056564,30.065396847605715,54.43499273513512,114.63793260032631,226.18477542108437
state,Anambra,deaths,23,4.9578055360153925,1.4127723518426398,1.972948114230631,3.506973420549057,6.2703429095883525,12.609002209676595
state,Anambra,cases,24,8842.725393449324,2947.383106118241,3779.0557145073335,5584.525873386013,11894.013118101342,22666.93328916367
state,Anambra,hospitalizations,24,171.85284272173348,38.55751532881242,60.294939057920836,116.1234915683708,230.00875227278945,471.3545601000055
state,Anambra,deaths,24,14.398793849655435,3.4053433927303187,6.00023969828642,10.708303978420563,17.700719140064628,39.10490237577834
state,Anambra,cases,25,15714.184363321674,4236.304261688862,5736.782426049499,9957.58517155609,21556.17438845803,41470.75989088333
state,Anambra,hospitalizations,25,280.73153958649834,62.41910667722437,96.1757761837624,188.8681008326267,403.20174181116073,747.0466605990283
state,Anambra,deaths,25,18.88958136051309,5.439632289694428,8.582111310579853,13.853490587766835,21.93003755885686,50.81509309499195
state,Anambra,cases,26,21548.935228182432,4294.162782957984,6455.712721020283,14739.903365150878,31146.62915351477,58591.79378177307
state,Anambra,hospitalizations,26,394.5794643625581,125.82422500996523,162.32801674229557,246.5197438744392,529.8809665310415,1075.33319570623
state,Anambra,deaths,26,31.387692964211013,8.627083263388524,15.087211933082964,23.592701845571142,37.85088719303198,75.71178842502633
state,Anambra,cases,27,33503.51050245802,8504.602807951002,11805.840740091775,21862.11516407476,46571.88673249388,88507.29118442727
state,Anambra,hospitalizations,27,484.6925471567657,150.5455390690054,204.59362366678238,332.12012450414863,640.3524096461191,1256.0133019109517
state,Anambra,deaths,27,50.85674022663584,13.916210032174092,23.057020980819317,37.71580493731235,61.536404017412046,130.65723372479613
state,Anambra,cases,28,34534.79694686918,10538.7140274931,13824.229897554429,22067.494453475985,47133.41274648027,95192.75329802658
state,Anambra,hospitalizations,28,420.85372165033596,100.65095464922926,151.25846705617306,284.5872390103201,563.6275930569204,1126.4531002516558
state,Anambra,deaths,28,47.781722052008014,12.788095165327682,21.16791116288715,35.89798236282075,57.016941997645326,125.12608683772636
state,Anambra,cases,29,34998.59454080759,10954.087473701984,14214.157269066745,22373.70199145406,48866.99591973369,90178.13076273823
state,Anambra,hospitalizations,29,400.1538554829344,89.51899752856903,138.79172810812432,270.1847064296915,562.9977856351077,1074.923626891269
state,Anambra,deaths,29,41.005691242836754,10.221049230373104,18.361670375521363,30.608465442350653,52.552627253854595,101.90670375925599
state,Anambra,cases,30,25304.955725778414,4411.836159449195,7578.176441073251,17365.98960763115,35719.69602886421,70800.58779775604
state,Anambra,hospitalizations,30,533.6343978278958,148.70390995835265,204.79236410991422,343.63389817098505,754.1289485702616,1384.1840708621462
state,Anambra,deaths,30,41.527491948050944,11.674672475874095,19.531293921390873,31.77221079505259,52.71477465430202,98.88700344903198
state,Anambra,cases,31,16509.69860249479,4097.559293810622,5626.061152052391,10970.188385275915,23907.369121580112,44448.361435039486
state,Anambra,hospitalizations,31,253.11593081432423,68.68957487443059,96.45457384216427,164.0397969103525,346.35051513134863,663.7559456422366
state,Anambra,deaths,31,29.254933197420957,7.379156826979222,12.904557984247862,22.541276415052785,34.14135658566807,71.43911885751119
state,Anambra,cases,32,14880.318798941073,3635.593363654202,5039.974906944844,9682.033209120887,20411.842960458824,39414.468690788504
state,Anambra,hospitalizations,32,231.6740666132624,50.132100962066865,79.92009528020877,150.34602203913374,318.39123210980995,637.1695711798001
state,Anambra,deaths,32,21.539276146082774,6.115914127798329,10.307197307014311,16.577546659313196,26.148179538763078,54.8319363891287
state,Anambra,cases,33,11172.446463568645,2267.0380013828717,3436.892001887316,7613.53929461033,15942.627956794862,30383.515508232238
state,Anambra,hospitalizations,33,183.94280275821384,51.132901592141195,70.43319879906772,121.28939380193472,247.84950411857125,488.8283595122975
state,Anambra,deaths,33,20.627287108315066,5.1574307277578955,9.3484753558299,15.13709751492638,24.691162687010753,54.555661450878794
state,Anambra,cases,34,9233.323889064528,2427.6644483316118,3280.3256100775484,5910.3322474291745,12484.209883246602,24508.767675546274
state,Anambra,hospitalizations,34,147.75765558032344,40.31084859148455,56.4206445050669,94.02375046106854,206.2467809102551,381.28863352186784
state,Anambra,deaths,34,15.49836852023302,4.155302806807963,7.378513129091814,12.043810108362312,18.526624295974024,41.12927363288034
state,Anambra,cases,35,7439.519387061751,2262.453395222266,2907.068902900313,4642.497972507081,10152.907918205012,19862.452428169552
state,Anambra,hospitalizations,35,119.09190904410367,35.321171918399074,46.14846189620769,76.95594578654706,164.31578947240195,304.3720026229196
state,Anambra,deaths,35,13.824609520214578,3.275014309829624,6.1117629695267155,10.171370483820642,16.539169887734538,35.67579887077753
state,Anambra,cases,36,5683.811046713104,1133.4296014017657,1739.0446066768898,3927.27480062713,8094.690323548638,15019.3354551199
state,Anambra,hospitalizations,36,94.91261088515058,27.2773512213021,37.078932198642065,61.953152428928654,128.2996822616717,247.66285769094702
state,Anambra,deaths,36,9.665866158457368,2.3854810730814404,4.336525656078548,7.2111352708251975,11.738209307024015,23.51133093129529
state,Anambra,cases,37,4915.696823422769,1371.3262344113928,1874.0711609549132,3235.365262391949,6958.874790789569,13146.622873534432
state,Anambra,hospitalizations,37,85.74358377441878,23.570818885731764,33.35117522926666,54.9036043271818,115.21423941550059,222.8362455526208
state,Anambra,deaths,37,8.31003448725241,1.8302181114014342,3.4267868397252013,6.025987829710666,9.883839757537336,24.399902671361
state,Anambra,cases,38,4534.877697418107,1293.4396784555045,1722.7204246358579,2914.429438953953,6072.571178860768,12269.533556754674
state,Anambra,hospitalizations,38,74.83789639581926,19.62423652667972,26.947230704350275,48.81141717232584,103.61642070593506,201.33710651433393
state,Anambra,deaths,38,6.701113980723971,1.3336815176455787,2.674126901474838,5.099799463049413,8.387446770817812,16.986629150989422
state,Anambra,cases,39,4380.572968169718,1238.6625531431641,1652.5448665277631,2938.320661437498,5980.098257439706,11492.504021004557
state,Anambra,hospitalizations,39,72.31379109397007,17.62131386696646,25.80872582199796,47.393871759283776,102.24089935801128,195.12692552797654
state,Anambra,deaths,39,7.310356918328968,1.3787475237275983,2.7984108099563727,5.0492968636172355,9.270720697021378,20.87813746800415
state,Anambra,cases,40,4732.352895766888,944.3794895164681,1472.0365988625144,3205.7048320354043,6779.415548594274,13403.128713802613
state,Anambra,hospitalizations,40,76.87658563824888,20.24986037242937,28.009786318670827,50.49996643016731,104.70115659275784,213.0445912849177
state,Anambra,deaths,40,8.10283692473073,1.484431342407924,3.1477137642735973,5.581229353935451,9.818192456523768,22.003756703308824
state,Anambra,cases,41,4805.49523296309,1197.608482856787,1704.0942859565916,3095.0106405900106,6785.107765708023,12533.034195113225
state,Anambra,hospitalizations,41,73.7885556500692,17.501024193474368,26.429683396377172,46.26139511259385,101.27511189665212,194.24966054052007
state,Anambra,deaths,41,7.334863316141289,1.4971831396115398,2.775941393170555,5.244851935963934,9.199622327166187,20.520313164728705
state,Anambra,cases,42,4120.087246710915,1211.0414927518095,1627.0698903587243,2602.532906306506,5698.758288663979,10785.70187043061
state,Anambra,hospitalizations,42,57.72583147578221,11.950561970488883,19.2836508953376,38.740984950809505,79.78290703076958,159.2059286518524
state,Anambra,deaths,42,7.021527202940431,1.6689695663849204,2.9576048791110674,5.148908689042066,8.809732812841837,18.322958692765585
state,Anambra,cases,43,3225.6072961722366,968.1114101128456,1229.409027389288,1960.0118689259443,4444.423821257652,8584.959156994204
state,Anambra,hospitalizations,43,41.642161007925694,10.214239744603658,15.014616714826476,26.972408626569432,58.1449794754341,112.81898111322485
state,Anambra,deaths,43,4.285486945598972,0.7863641890763531,1.2971863412312097,2.846308313178164,5.401885082176724,12.611447807395955
state,Anambra,cases,44,2021.4742979610917,497.2376143169935,677.130238151195,1309.2797214493014,2796.722205188041,5774.495834787399
state,Anambra,hospitalizations,44,26.258816009584915,5.801437692183157,8.934997948738282,17.78524760004558,36.603625409090796,72.18178726600999
state,Anambra,deaths,44,2.7838546969236893,0.8218405735755565,0.9497195290006307,1.8805493704468401,3.276116297672158,8.285893462938239
state,Anambra,cases,45,1407.0416789933606,384.3371594977057,526.3797804222346,921.779754217229,2013.0004889243864,3526.2121099952515
state,Anambra,hospitalizations,45,22.185149217512908,6.943044080562705,9.0210086779917,13.70604646084429,30.665082183340296,61.24559482512328
state,Anambra,deaths,45,2.0931346257947347,0.5285660798259858,0.5285660798259858,1.241845143988087,2.6103087216805942,6.930903761425017
state,Anambra,cases,46,963.5349262907814,220.4952994787657,319.34792846949875,660.6615908878643,1373.3233640415533,2627.7604688921656
state,Anambra,hospitalizations,46,14.839924826741502,3.654150439264903,5.019186576948807,9.594859506437093,20.25538229653328,39.82675892057115
state,Anambra,deaths,46,2.281818942305207,0.5359084125076217,0.5359084125076217,1.234710095106231,2.7242135680459927,7.295405677617582
state,Anambra,cases,47,904.1638006730329,302.14308704187255,385.01834291962825,576.3850446453741,1246.434656601237,2344.6068778385866
state,Anambra,hospitalizations,47,10.576413550789054,2.4479374617540612,3.3308071295461548,6.9273952001690695,14.08589149166593,31.092978654436426
state,Anambra,deaths,47,1.6169994377480834,0.3903759222638402,0.3903759222638402,0.9205205582194624,2.0564516968860023,5.011167888358913
state,Anambra,cases,48,592.1037440837896,173.67570395992297,230.1384173227099,366.31574658585623,819.9397552768992,1583.7091761577406
state,Anambra,hospitalizations,48,9.96073965927213,2.5329850466412545,3.223281924431953,5.95179535025951,13.787249515020434,26.34006484747473
state,Anambra,deaths,48,1.224652702131184,0.31026540401522823,0.31026540401522823,0.6049595498968923,1.618505484142722,3.9603914554510116
state,Anambra,cases,49,543.39441411258,142.35911324951647,198.0546377168481,357.8809400898668,781.1514271468801,1397.334605098725
state,Anambra,hospitalizations,49,8.258563398544746,2.4664200035755526,2.759404746237311,4.886655749452176,11.321107174720101,23.57929127108331
state,Anambra,deaths,49,0.6551270839375866,0.0,0.0,0.0,0.7642718893888505,3.1282914262966917
state,Anambra,cases,50,350.5749044314835,88.77297465584742,122.22925113854014,231.10183730800927,488.8560330835787,918.6855494005403
state,Anambra,hospitalizations,50,8.895432079079987,2.4001992694496574,2.8956383078477477,5.461252206135327,12.233845208272122,25.2503342565651
state,Anambra,deaths,50,0.9184213004409014,0.30241281823266647,0.30241281823266647,0.3529162854573891,1.0512353722207095,3.176775331926563
state,Anambra,cases,51,492.7715933220717,147.9090747268761,189.07504745454213,304.97914033215716,670.2149544034219,1286.2247403140157
state,Anambra,hospitalizations,51,3.2745796561906393,0.9733959174569308,0.9733959174569308,1.7219949464460464,4.6582076730617015,9.507565039214157
state,Anambra,deaths,51,0.5325756822579701,0.0,0.0,0.0,0.514921379433849,2.755257020063699
state,Anambra,cases,52,383.03183168267157,123.64222522946612,156.8403963463549,244.87348342890652,523.2224308616301,952.9327346019434
state,Anambra,hospitalizations,52,5.495275002548162,1.4956227720786708,1.4956227720786708,3.127305206136068,7.979765061935183,15.878444355267623
state,Anambra,deaths,52,1.1416609996099105,0.3323855481068209,0.3323855481068209,0.43032873145288264,1.2920275579454943,3.8646589987673488
state,Rivers,cases,1,1392.588198852413,329.4747108786669,481.8858608589473,886.73870934528,1942.1329757104631,3770.192166320694
state,Rivers,hospitalizations,1,22.63803007158052,5.619809903014997,8.1679832753006,14.296683432339147,30.89042541884498,64.38090477398124
state,Rivers,deaths,1,3.3338433217587387,0.895428206254018,1.0405924994336755,2.1411739931199647,3.847103940876173,9.991514601142912
state,Rivers,cases,2,560.5460956087578,165.12965322609404,221.28551906280688,356.4975716619087,759.1934881073009,1460.2629816588235
state,Rivers,hospitalizations,2,8.882701317292447,2.951858418841067,3.268169470102362,5.629058230235738,11.971986598308053,24.209115823783645
state,Rivers,deaths,2,1.4592998574803309,0.4807498986203652,0.4807498986203652,0.6801535576892812,1.717926171578731,4.399961408405071
state,Rivers,cases,3,885.7590339260069,220.51187513471393,310.7241298415917,585.4013677917696,1234.7646600310218,2328.557685646302
state,Rivers,hospitalizations,3,9.868097308841358,2.325381635140805,3.2140228801531094,6.408530679023894,13.590283422979848,27.27284206766881
state,Rivers,deaths,3,1.7041495749850883,0.5466970673969928,0.5466970673969928,0.975391362864012,1.9917833989206302,5.327922403719156
state,Rivers,cases,4,695.0311929659522,182.9644320281115,256.25581684182373,459.90549427863283,991.760624018955,1802.5754024219823
state,Rivers,hospitalizations,4,12.152436704302799,3.2837319406948735,4.178964567309967,7.302517111817997,15.811567361636197,36.54753458289819
state,Rivers,deaths,4,1.255698452731417,0.4911572260589812,0.4911572260589812,0.5131273926550735,1.446862789263277,3.923484069371154
state,Rivers,cases,5,770.9358760738056,206.6546004337724,278.86935708438466,485.6379239117601,1059.676266287425,2072.5238411225628
state,Rivers,hospitalizations,5,10.698247477611273,3.065199908273,3.790468189617277,6.9228397097739585,15.398044664263846,29.198903466415338
state,Rivers,deaths,5,0.9502244762723924,0.35555007262150573,0.35555007262150573,0.39796464381538005,1.0974163311930665,2.941772957276186
state,Rivers,cases,6,860.2024238775846,238.3995300257068,322.8047154425852,556.109916410037,1169.003270902534,2172.7989708376963
state,Rivers,hospitalizations,6,11.094647413243464,2.7611827324851523,3.6058967130284145,7.05926820969579,14.808708427820577,32.05586798504304
state,Rivers,deaths,6,1.8628305963881913,0.537494281316562,0.537494281316562,1.0335689510302621,2.223151509616456,6.031786265543577
state,Rivers,cases,7,1194.3489194906329,371.49965848551193,495.0806536114697,766.3054807604784,1669.9050157746183,2890.648846064438
state,Rivers,hospitalizations,7,23.90696132752917,6.126994156891197,8.842394967100287,15.042723952144733,34.037551630538886,62.60503150342484
state,Rivers,deaths,7,1.938975270991667,0.536681030175257,0.536681030175257,1.079282078548249,2.126612816366343,6.338018126339429
state,Rivers,cases,8,1280.330157642264,336.6095469070708,465.0007204633987,807.645748009607,1695.0200207090193,3841.98233236728
state,Rivers,hospitalizations,8,21.61128079492559,5.855274994953426,7.913446365338286,14.029483013436492,30.241031081002845,59.15256139038398
state,Rivers,deaths,8,1.8742946326885552,0.651218006657345,0.651218006657345,1.029968746205284,2.2652557983956414,5.825791851190977
state,Rivers,cases,9,2329.289004440544,624.3618152717046,831.7732791972675,1504.3655858459592,3303.5469007025913,6294.422268188594
state,Rivers,hospitalizations,9,44.44520293509243,11.799520545552573,16.872179844695324,28.343888262572886,58.910205431609974,116.4827795439664
state,Rivers,deaths,9,1.9688492019368513,0.5374491489714811,0.5374491489714811,1.1416264105369633,2.443344553085237,6.479048001844376
state,Rivers,cases,10,4893.362021137409,1319.3518599442239,1778.598028810312,3194.7899452605097,6963.964676226578,12909.171012476267
state,Rivers,hospitalizations,10,80.45292524610416,19.275325577099014,28.286675056127088,54.011758687369934,109.28735323152844,214.77322535937316
state,Rivers,deaths,10,6.783550421674899,1.472121071043993,2.919034901587087,5.163040440316749,8.933732393060925,17.6740470133267
state,Rivers,cases,11,15834.67183543266,4101.756411421396,5675.418477612504,10318.473478748847,21582.51253622195,41945.03500851196
state,Rivers,hospitalizations,11,240.63957775639443,63.47992521130938,88.28913969222003,161.25015922253638,323.5345801836032,654.1080418098663
state,Rivers,deaths,11,9.025747212746621,2.0103089055177215,4.0447023259231685,6.788662664163886,11.612891207250815,21.76676196540921
state,Rivers,cases,12,44253.634559647144,11428.19013898214,15817.621221409474,28699.806197416096,63514.196859414005,115572.66168177799
state,Rivers,hospitalizations,12,565.1070378564857,152.69057197001325,217.66308398150605,375.7314521020057,754.1031810630675,1467.163002960791
state,Rivers,deaths,12,43.507899176863965,11.084876269402118,19.475509716295285,32.56006250824678,52.864108168288695,116.15489901797197
state,Rivers,cases,13,81066.02690802509,24853.192668610387,32290.410080711812,50648.06610341883,109712.51170474084,213580.8798974843
state,Rivers,hospitalizations,13,1592.1099732018367,497.01765867928134,659.3811373044535,1052.1667417695455,2210.6252104747664,3933.4372626719837
state,Rivers,deaths,13,67.18908254245555,17.936098179758392,32.05017089446896,51.776353192952705,85.05951860095038,162.24259164049843
state,Rivers,cases,14,149460.42646565198,36902.50378295419,51804.08644872125,99647.95424889882,207176.51661041263,400340.57166953577
state,Rivers,hospitalizations,14,3076.8911093399634,925.2349402310406,1252.935353951891,2013.689886664535,4147.192990229014,8152.070858451012
state,Rivers,deaths,14,161.4029803088074,40.34090128423643,73.56372128582784,119.81564022539725,197.8523077346203,401.3647333973262
state,Rivers,cases,15,163149.4554375654,37447.10429128128,53700.55671018878,109106.8357941283,233567.82415310564,440394.7094263857
state,Rivers,hospitalizations,15,2737.8940841369213,666.3247083386497,957.1151640312686,1803.5946105672651,3888.720989984917,7329.869174369096
state,Rivers,deaths,15,260.6763522695066,74.26864654987554,123.9698145471616,191.77975008076035,311.40915170734473,658.2462189331908
state,Rivers,cases,16,139263.86678659826,40483.22893844096,53067.19984493806,90157.19459437534,197015.78253242304,350177.19027308084
state,Rivers,hospitalizations,16,2343.465399740471,693.135420091147,926.4635750974337,1502.4470250447598,3046.403504612327,6454.997351784863
state,Rivers,deaths,16,188.80157749634924,54.85494324555741,87.852563982823,139.61221051966967,219.62056403840168,488.3221600319856
state,Rivers,cases,17,101588.55062101233,25184.49994984114,36298.95381617298,66504.30410984767,142839.31776005434,276320.1804776282
state,Rivers,hospitalizations,17,1583.496589303194,427.05796196597834,603.6398291831288,1020.9283090205554,2148.7627346888735,4221.019032500016
state,Rivers,deaths,17,82.494588996396,25.295461329870143,39.026843480136016,62.07925415396386,92.44261073725123,204.5347812612622
state,Rivers,cases,18,35341.75864186334,8468.899812274372,11523.39977616872,22087.663460641867,50305.336987761715,92775.44342611579
state,Rivers,hospitalizations,18,682.1702500015206,145.91076240502167,215.86377292853263,445.54649537572635,949.6248653561203,1934.0280983660957
state,Rivers,deaths,18,41.941703212041524,9.417111257127154,17.273110390495447,29.780917673485117,51.067400234149034,111.23754026284911
state,Rivers,cases,19,8848.868937897674,2730.445271223525,3610.9504039440285,5727.8351530944465,12320.34683360162,22560.562351441724
state,Rivers,hospitalizations,19,182.8027150379722,48.656716437769106,67.70450715392465,122.51104627376687,241.92530850637803,488.97457283944914
state,Rivers,deaths,19,12.860452054160735,3.306628315530537,5.643663528251709,9.46494807749989,16.300047082604156,32.97062382547145
state,Rivers,cases,20,2835.803792953478,758.2030711902494,1040.0773796263484,1736.0316832995402,3902.265287736237,7811.408738334995
state,Rivers,hospitalizations,20,60.2096059567402,20.119209697342054,26.714306967916322,40.05924321562266,81.58573080570388,148.86440290489642
state,Rivers,deaths,20,2.1795312444660637,0.5864341611365756,0.5864341611365756,1.2489661521667292,2.680427992636056,6.763439624439579
state,Rivers,cases,21,3313.515286241361,1071.797200765208,1370.9437632456875,2099.6787453484285,4557.214329589493,8441.89891987865
state,Rivers,hospitalizations,21,52.54656991733987,12.758124959828402,18.461827630283715,33.577428236190876,71.79390867329104,143.99141645329502
state,Rivers,deaths,21,4.0670430245865,0.9192072729557788,1.388443869352014,2.746721088096256,5.241346925689109,11.907416708171484
state,Rivers,cases,22,3385.117028412383,992.4735569792723,1345.7299088045506,2173.8825393626084,4632.421729801577,9003.991163552964
state,Rivers,hospitalizations,22,64.3688587987536,18.500380008808236,24.835911524418457,40.25731473582439,88.6501125248287,176.51419270726092
state,Rivers,deaths,22,4.6416130888129645,1.05294226509849,1.6604933864790357,3.228586121367676,5.731022179144668,12.633496437699371
state,Rivers,cases,23,4779.234412031935,1082.846498797493,1520.4051345420357,3026.742988087827,6541.118760903259,13124.508761215237
state,Rivers,hospitalizations,23,94.59730026428164,24.54571610182038,34.09693703182479,61.62911943243543,129.64495067851846,255.66788667332227
state,Rivers,deaths,23,4.7133281573882275,1.3533777334719856,1.8479618640041306,3.317494934527543,5.964689106287637,12.036863682478705
state,Rivers,cases,24,9700.204688586635,3233.255558637138,4145.566360807636,6126.093207942767,13047.342400771486,24864.794777876246
state,Rivers,hospitalizations,24,107.4081541110057,23.809295297028857,37.44235995767227,72.45636510244421,143.88180826563234,295.24670986055594
state,Rivers,deaths,24,8.155838662282616,1.6167931431070424,3.1568670961058496,5.9525995761281525,10.104820322921297,22.815005808903805
state,Rivers,cases,25,15395.944895582013,4150.49696718215,5620.589781849047,9755.91939588547,21119.632026322874,40630.938321579706
state,Rivers,hospitalizations,25,203.72346105249088,45.08422271384456,69.61389456076168,136.96983753742808,292.717840993163,542.5767028830387
state,Rivers,deaths,25,20.36648028779336,5.917891452312501,9.293756374358576,14.956630899338567,23.633007552850167,54.663300868321926
state,Rivers,cases,26,19327.62158296722,3851.4281019865093,5790.170856575112,13220.447763957858,27936.00912509249,52552.19454583085
state,Rivers,hospitalizations,26,433.26325293892506,138.2263892996429,178.29989353938225,270.72474515261376,581.7959138895881,1180.5880168772908
state,Rivers,deaths,26,26.042624537913806,7.038287826636246,12.432276039202192,19.534071479482467,31.439172388319623,63.05174009467783
state,Rivers,cases,27,31711.705260199018,8049.7272263859095,11174.416528385667,20692.886192344893,44081.19096219467,83773.90998442413
state,Rivers,hospitalizations,27,471.881520623711,146.54824915104314,199.1707169673886,323.3334738159723,623.4355704129179,1222.8572840608647
state,Rivers,deaths,27,34.0968496539585,9.095348054366603,15.281883898705903,25.203004999532403,41.32487765072361,88.10611981595868
state,Rivers,cases,28,30573.331141030383,9329.744771985066,12238.39200357796,19536.1040153667,41726.80913861416,84273.45124167795
state,Rivers,hospitalizations,28,645.938992221286,154.88807869665422,232.49785524974993,436.96584245791456,864.8916285094324,1728.0196459571514
state,Rivers,deaths,28,37.2399516940373,9.80847643125006,16.377407282234742,27.92429795031448,44.47943299460453,97.87013547595906
state,Rivers,cases,29,30661.334666759147,9596.498566179675,12452.5702554079,19600.95852357826,42811.12011292405,79002.84914975398
state,Rivers,hospitalizations,29,609.8264354671321,136.830899159303,211.85719137680985,411.9258271299254,857.7846092021525,1637.2806368835231
state,Rivers,deaths,29,44.72468974157679,11.214511401982097,20.075867212406955,33.406939459788106,57.29394050136919,111.01760910249851
state,Rivers,cases,30,17268.19344886776,3010.390761980106,5171.1525779271415,11850.514576592142,24375.380664503973,48315.148554742416
state,Rivers,hospitalizations,30,352.70635838022514,98.04193415496535,135.14924140217204,227.0047853106545,498.58235308356603,915.4176779150391
state,Rivers,deaths,30,21.181640761965266,5.61076636835444,9.708567626712618,16.09309880416576,27.01617370739269,51.098359487669995
state,Rivers,cases,31,15029.030597449679,3730.0033375648522,5121.430208754977,9986.299816384835,21763.283152632495,40462.17351494722
state,Rivers,hospitalizations,31,283.4509580615573,77.00875087370552,108.08818981970646,183.7413824036738,387.81539813606236,743.1110244804529
state,Rivers,deaths,31,25.278903905249468,6.27786315519746,11.077046931146448,19.44718720334515,29.522639640185773,61.918263139623356
state,Rivers,cases,32,14336.778259319823,3502.766700508983,4855.853172967014,9328.36018008596,19666.263363123595,37974.81771555767
state,Rivers,hospitalizations,32,257.3898428009588,55.78336104225782,88.8636062163533,167.0731996155053,353.6912273383297,707.7018230165952
state,Rivers,deaths,32,20.408904383732107,5.758990469372562,9.740045124331882,15.695883088461077,24.786467271505437,52.03148958284209
state,Rivers,cases,33,10265.982607729924,2083.0397624665634,3157.987471387371,6995.7975197754095,14649.175437834278,27918.52270809788
state,Rivers,hospitalizations,33,192.26681621835297,53.479329612573025,73.64830584533428,126.79346611433701,259.0498676414494,510.87483981285203
state,Rivers,deaths,33,18.5527589523644,4.566673432476038,8.355620124192221,13.588869284173906,22.226296665342783,49.22553046810337
state,Rivers,cases,34,8343.919408346204,2193.7474806730047,2964.284529500465,5340.981913713425,11281.696115452702,22148.107874798876
state,Rivers,hospitalizations,34,154.0093088636149,42.04696833083509,58.83379063424194,98.01719563364212,214.95648403964861,397.35460324691184
state,Rivers,deaths,34,15.095398399808124,4.029278623010968,7.1736958141647795,11.724947068864703,18.04928533424301,40.09940060262252
state,Rivers,cases,35,6763.266883903875,2056.733075890536,2642.760892580279,4220.460616784727,9230.04147712551,18057.106762480507
state,Rivers,hospitalizations,35,126.75233541662608,37.63802794524804,49.15596942780118,81.92860204417124,174.86095811489278,323.8510812797796
state,Rivers,deaths,35,11.798210117143693,2.6900151742100347,5.138579048168021,8.64266400400965,14.139084535922288,30.657029556197664
state,Rivers,cases,36,5068.625291231142,1010.6665182236617,1550.7444772381534,3502.17382873787,7218.609601266782,13393.899475168895
state,Rivers,hospitalizations,36,104.92454420079777,30.229110663132094,41.05383942288986,68.52457988055886,141.79675824147546,273.61977749851195
state,Rivers,deaths,36,9.772840895912442,2.419556999817968,4.390239457266221,7.293782917606358,11.866423371061178,23.758045149747343
state,Rivers,cases,37,4544.25211254012,1267.650262578184,1732.4140097660743,2990.8655906869617,6433.072860695264,12153.351343390648
state,Rivers,hospitalizations,37,88.11716032045236,24.243169065268283,34.2911528075516,56.4333375681014,118.39429886321744,228.9612485728285
state,Rivers,deaths,37,8.678785256813981,1.903139942702186,3.6031643988368023,6.305925994483269,10.317487267503143,25.41191725373131
state,Rivers,cases,38,4123.74551125335,1176.1115998865553,1566.4823173075285,2650.1747657010765,5522.062377000069,11157.33176845068
state,Rivers,hospitalizations,38,74.21601998854696,19.45511178861368,26.71805528413872,48.4029490638909,102.75853562852095,199.67788339128606
state,Rivers,deaths,38,6.825739731936578,1.3554483457012974,2.7340918087343127,5.199353430267125,8.540657966323707,17.280186389994057
state,Rivers,cases,39,4000.6756712705933,1131.1795883660468,1509.1768957878564,2683.4715508300123,5461.5166711016445,10495.978083584714
state,Rivers,hospitalizations,39,78.35842904507491,19.15667074514561,28.019147808334893,51.38402328125261,110.75327534131476,211.29790176825617
state,Rivers,deaths,39,6.9302231964328165,1.3152355031050957,2.6234369720759934,4.770635933648734,8.797599829356221,19.870320812571045
state,Rivers,cases,40,4358.251890333732,869.6613298245724,1355.615008330539,2952.262604462502,6243.524747751556,12343.732100194224
state,Rivers,hospitalizations,40,78.2834787277889,20.633763303875288,28.533881150974157,51.430371982740276,106.61076838135267,216.91155062555598
state,Rivers,deaths,40,8.098086647081743,1.4836522474926204,3.1455368615017685,5.577775235055304,9.81251459289016,21.9916833191324
state,Rivers,cases,41,4433.949384063003,1104.9551076473983,1572.2891611775794,2855.6865913799215,6260.536316381291,11564.143527495686
state,Rivers,hospitalizations,41,75.37992504722135,17.894709357160643,27.013362401649445,47.267075115839596,103.45143433950733,198.40439780077918
state,Rivers,deaths,41,7.165336868377103,1.4665009029939013,2.6985598596664753,5.1168742559647615,8.990598315759101,20.079290738589698
state,Rivers,cases,42,3710.3424120622094,1090.5325805875927,1465.196775793148,2343.673023869308,5132.051888698736,9713.219025561946
state,Rivers,hospitalizations,42,60.591222756356366,12.582497767043161,20.273412197957747,40.68018658838857,83.72479085162523,167.02333930677423
state,Rivers,deaths,42,5.661394709533149,1.382880946958542,2.2792068190718755,4.0948853963122405,7.12818452466874,15.010688243388635
state,Rivers,cases,43,2887.859128726459,866.6687575766334,1100.614799872829,1754.7410986481714,3979.0948824274587,7686.215769635213
state,Rivers,hospitalizations,43,44.56894444485703,10.98428310121474,16.114285483354372,28.893177927195932,62.206262233712266,120.634539925819
state,Rivers,deaths,43,4.263476771180032,0.7829886538205817,1.2873254732115063,2.8297977071560982,5.374404445216806,12.553019508403946
state,Rivers,cases,44,1832.3750008555603,450.6529023362966,613.7257481610513,1186.769895446825,2535.138014461393,5234.49282763164
state,Rivers,hospitalizations,44,29.572997415076824,6.629608404431294,10.144723700816641,20.072615740250324,41.18239575847598,81.09269928588168
state,Rivers,deaths,44,2.9279284487412904,0.8549666776880049,1.028307291864119,1.996656291198298,3.44847463361723,8.660181960635677
state,Rivers,cases,45,1394.1592169860485,380.8116308210381,521.5546746841923,913.3370530513666,1994.5739855272532,3493.940923228082
state,Rivers,hospitalizations,45,22.984300007474122,7.183043064647933,9.36740312318329,14.214387783405325,31.759643512174762,63.39722735812598
state,Rivers,deaths,45,2.1912221451917167,0.5470740036788877,0.5470740036788877,1.3203441260426863,2.7367249285781896,7.208607095981547
state,Rivers,cases,46,838.0222619652276,191.67263643630267,277.6618050151605,574.561122267629,1194.4858928790927,2285.6860438703807
state,Rivers,hospitalizations,46,16.196800840507954,3.9690184515091653,5.537843196130715,10.507789175930986,22.08689965862297,43.344687544845854
state,Rivers,deaths,46,1.6646822352227468,0.42409079595629556,0.42409079595629556,0.7684364731850366,1.9471541396290322,5.5645642324213
state,Rivers,cases,47,664.9218974224359,222.0199877230161,282.9906624257049,423.7776415580207,916.7278773374933,1724.6445535448624
state,Rivers,hospitalizations,47,10.099342319146006,2.3458206081472897,3.1501454890603995,6.596700209881769,13.456576487892015,29.754205072895655
state,Rivers,deaths,47,1.3987269778720202,0.352868001216155,0.352868001216155,0.735993979196829,1.7627831010667596,4.433605601080951
state,Rivers,cases,48,519.6721217732313,152.34377890927158,201.911095016996,321.45803713651424,719.684110481074,1390.17970064103
state,Rivers,hospitalizations,48,8.918414382462167,2.288532542232142,2.8157027937844656,5.280893725410225,12.360166405286966,23.701538681860413
state,Rivers,deaths,48,1.0864277385222858,0.28655405407037055,0.28655405407037055,0.48230405224083156,1.4183919714418676,3.581304466887155
state,Rivers,cases,49,392.61273147835374,102.65273905398234,142.92219617624505,258.4811839400679,564.5178519251118,1010.0359128699503
state,Rivers,hospitalizations,49,11.360886578127833,3.307543289186894,4.041474656274486,6.894182131035236,15.522974713154769,31.96156768870905
state,Rivers,deaths,49,1.0510002242526038,0.3398443743892459,0.3398443743892459,0.38182477016341004,1.1890119790441716,3.666786731741506
state,Rivers,cases,50,449.1020508506264,113.9314114694809,156.76364570712198,296.14724134666704,626.135789083149,1176.4229238353992
state,Rivers,hospitalizations,50,10.856360636154896,2.883907569766577,3.6807200335707018,6.76337797641159,14.90084075894499,30.540521920402476
state,Rivers,deaths,50,0.9213549297326776,0.3030303733460433,0.3030303733460433,0.35567906639682745,1.0554241857116766,3.185304695789946
state,Rivers,cases,51,399.54914622077797,119.79553290031298,153.1895058473537,247.21128853694782,543.491786390684,1043.2009578925577
state,Rivers,hospitalizations,51,7.425358619460789,1.9893651977171642,2.169797712372022,4.563041633633477,10.563888058677025,20.474698862898347
state,Rivers,deaths,51,1.1460196786232302,0.3892561157580413,0.3892561157580413,0.4225644710511542,1.2446295420499676,3.9884413794357028
state,Rivers,cases,52,331.0055216970738,106.75645037411178,135.4571340459771,211.56403090237455,452.2039463523903,823.6996969697428
state,Rivers,hospitalizations,52,9.905753121586741,2.545173409424844,3.1833176127124467,6.023634341056752,14.281299325734981,27.72286285516946
state,Rivers,deaths,52,0.5748564931231614,0.0,0.0,0.0,0.6055082015389539,2.71323035540138
state,Jigawa,cases,1,1156.9267796769711,273.59009630501237,400.2279023863626,736.6184914261272,1613.5413048857426,3132.468268665499
state,Jigawa,hospitalizations,1,50.482598870555236,13.42606148571934,18.979107008691606,32.33492939457433,68.49644244141713,141.4797639327738
state,Jigawa,deaths,1,1.6208991905507582,0.5146421581712379,0.5146421581712379,0.8053714990434725,1.7858448232813111,5.31730914482512
state,Jigawa,cases,2,1072.7651818067836,316.6662409279737,424.0451613072663,682.5920470872317,1452.6104967143838,2793.166540268505
state,Jigawa,hospitalizations,2,12.019267310808628,3.9044939107755336,4.645610101014125,7.768414273843759,16.158357718132365,32.344701968681385
state,Jigawa,deaths,2,4.667610610837892,1.1878773685163735,1.715014716062872,3.151465018586321,5.715681059490416,12.342679772401848
state,Jigawa,cases,3,3002.733823524515,749.3309086220138,1054.908399679261,1985.3272379632194,4184.926463943057,7889.950017444269
state,Jigawa,hospitalizations,3,23.395011086776524,5.35414219726751,8.504295376854547,15.709179300747772,31.906884283216446,62.766488649088686
state,Jigawa,deaths,3,2.8449628926253627,0.8054821061553961,0.8634509561488803,1.910464479015485,3.4079768066021163,8.323313713029913
state,Jigawa,cases,4,1465.872129044116,386.7014432752121,541.1616036369344,970.3493166874506,2091.223602767592,3799.9998936523893
state,Jigawa,hospitalizations,4,18.792117177130738,4.955244615254445,6.81520439190469,11.52873375610804,24.369131874116025,55.66029442056546
state,Jigawa,deaths,4,2.481476549264563,0.8117642487870049,0.8117642487870049,1.5008340630016157,3.044073116767409,7.137329830321811
state,Jigawa,cases,5,1176.8764231898904,315.8546320996125,426.04520867675143,741.5478656609733,1617.4577053879393,3162.9348825224056
state,Jigawa,hospitalizations,5,16.263519303711174,4.539346654003523,6.094348296487274,10.733171409049094,23.284357107679,43.72246362622515
state,Jigawa,deaths,5,2.9900099954285118,0.8103930757655771,0.9824371615419629,2.1863328255288637,3.780569046897422,7.98434779457111
state,Jigawa,cases,6,2036.7472709844144,565.4588550370577,765.1754738846445,1317.214139123554,2767.4211124136054,5142.567641796251
state,Jigawa,hospitalizations,6,10.507606331723402,2.625585709154427,3.3797088998468827,6.663491151335323,14.032369440800151,30.432550104030856
state,Jigawa,deaths,6,2.08574949210854,0.5846364870717485,0.5846364870717485,1.2119279201192115,2.5058456273553364,6.648525692323663
state,Jigawa,cases,7,1856.9650709886325,577.9868908872165,770.0723720703074,1191.644891199302,2596.135535598967,4493.572643978881
state,Jigawa,hospitalizations,7,24.702478133527343,6.355040580359294,9.15732759103647,15.556051975072194,35.15866779263047,64.64023731805375
state,Jigawa,deaths,7,2.9470958281099686,0.740169793405586,0.8311031529702158,1.8676657082670065,3.312103898275307,9.120311796385733
state,Jigawa,cases,8,2196.2072178770704,577.9281777722169,798.0915849683437,1385.6545352383466,2907.311654837584,6588.892908154652
state,Jigawa,hospitalizations,8,34.21361454997315,9.615531794159645,12.889472103855095,22.419850918973637,47.68166721490004,92.73336520609222
state,Jigawa,deaths,8,2.833036378941374,0.8946267856045027,0.8946267856045027,1.7887195927166752,3.4857256237268244,8.377099773977077
state,Jigawa,cases,9,2526.7605383020386,677.3557386197484,902.343503100217,1631.9321025710715,3583.5782375691806,6827.904033427184
state,Jigawa,hospitalizations,9,26.962635015911996,6.872575513193164,9.992605927072919,17.0484866894547,35.848850282532425,71.25989834291656
state,Jigawa,deaths,9,2.921709795272046,0.7272356470871553,0.7987426874879904,1.8978873098344697,3.6592741080698072,9.12008359046784
state,Jigawa,cases,10,3181.520168240488,857.5483471183477,1156.1695337595124,2077.0371191030454,4527.913157106927,8393.736524432898
state,Jigawa,hospitalizations,10,51.248181540625694,12.00536215299831,17.78558319143952,34.286626677437695,69.7424876714063,137.4051234121133
state,Jigawa,deaths,10,6.190495032179358,1.3588994091631403,2.617619716888945,4.689037523969179,8.169723431879225,16.237815524981393
state,Jigawa,cases,11,4659.550864232728,1206.4703958061593,1669.6103357351333,3036.094449772398,6351.181268292797,12344.016475564991
state,Jigawa,hospitalizations,11,67.11281582092658,17.1754155058104,24.168565390609444,44.73460732296665,90.47887224605769,183.65996699083846
state,Jigawa,deaths,11,8.026802759449195,1.8062256773919652,3.5391954625823634,6.008195913380803,10.349010276343876,19.485407450114852
state,Jigawa,cases,12,5203.836928066332,1343.199799302107,1859.4456844698484,3374.533827089801,7469.093141582969,13591.74725051439
state,Jigawa,hospitalizations,12,105.29673814252115,27.858158247826545,40.0579113579412,69.73807926106471,140.7841498879116,274.6739058874301
state,Jigawa,deaths,12,12.596381554920429,2.6901784124442756,5.252300996260342,9.2477357175573,15.44767929245965,34.77384407011374
state,Jigawa,cases,13,8271.813041862966,2535.346737954693,3294.3077057944092,5167.689053984088,11195.1595869222,21794.827834246233
state,Jigawa,hospitalizations,13,153.30301623273948,47.236234889004905,62.96218909137052,101.00601815607301,213.21022182590292,380.07572422550834
state,Jigawa,deaths,13,15.348579654115216,3.539316475864024,6.9227084612263425,11.651422025307944,19.629983377874773,38.132126310400864
state,Jigawa,cases,14,14182.638844043955,3501.0806512744157,4915.215868192596,9455.518726441123,19659.79905495428,37990.74409808388
state,Jigawa,hospitalizations,14,370.31673223385286,110.74096778269751,150.27474024308896,242.05215441532945,499.4379333411573,982.5863327472571
state,Jigawa,deaths,14,24.132117032822002,5.397489223220782,10.538708362684208,17.696175756410405,29.77232126600722,61.26579406228436
state,Jigawa,cases,15,23412.73651449059,5373.180810538763,7705.715227108268,15657.075315196604,33518.482934039246,63200.227817396415
state,Jigawa,hospitalizations,15,576.8785604125968,139.79866907449792,201.15247274680274,379.75095408866827,819.6912341436769,1545.7382070717995
state,Jigawa,deaths,15,42.375367641352966,11.476500790585025,19.71494654768047,30.95509437913984,50.784816214011386,108.2763899542146
state,Jigawa,cases,16,46342.80921596486,13471.122764842941,17658.748548190015,30001.35641585124,65561.17941181775,116529.40437309499
state,Jigawa,hospitalizations,16,1277.4739367379486,377.52298577382123,504.7605064963328,818.8533605992681,1660.7971652735964,3519.557117550064
state,Jigawa,deaths,16,90.26127122922823,25.856431818244587,41.722500244787156,66.60981258242566,105.07979869841262,234.27814127893538
state,Jigawa,cases,17,71251.42716931055,17663.493935930015,25458.90015434941,46644.1943973817,100183.70675205777,193803.9205549673
state,Jigawa,hospitalizations,17,2549.7882792066493,688.1054481121203,972.3742564255621,1644.142545864014,3459.777147605664,6795.781220857327
state,Jigawa,deaths,17,161.1449104403465,50.06528786558163,76.73137192850379,121.49871684355266,180.46378024518157,398.14465237288715
state,Jigawa,cases,18,128245.57224483644,30733.318992709577,41817.03643143337,80151.07310222955,182543.19091191603,336652.42807657656
state,Jigawa,hospitalizations,18,2002.5561915054755,429.85009573340716,635.0036242257797,1308.6018095095862,2786.9292676738696,5673.9214814459965
state,Jigawa,deaths,18,398.89483737327635,96.00940345794315,169.1684367717864,285.6474579840807,483.8779389646018,1044.212684950108
state,Jigawa,cases,19,174730.04364916243,53928.418193715464,71313.03505734622,113108.62368127398,243270.60170464058,445452.527468798
state,Jigawa,hospitalizations,19,1678.6712866568503,452.78524889009805,626.8524661973379,1127.6990943965793,2218.959946816475,4476.606443519369
state,Jigawa,deaths,19,293.7382255227166,90.61297892974265,140.32768426639672,221.61616222312477,367.01616780967197,721.6418944792881
state,Jigawa,cases,20,198382.44406561746,53091.61091022019,72803.65311774568,121473.14940717084,272962.2598512205,546336.5915560325
state,Jigawa,hospitalizations,20,921.0805057765958,317.1494690329553,416.5010416023575,617.5352868383779,1243.109357408391,2256.6261562067034
state,Jigawa,deaths,20,195.89572553466613,54.82163007538843,90.15057733995742,144.42073161803057,236.9806965262573,500.99291304172345
state,Jigawa,cases,21,242119.63898074217,78365.313416697,100217.54537270068,153450.6018762413,332970.0895202722,616740.7871977733
state,Jigawa,hospitalizations,21,256.08266765252586,65.05642724861437,92.44142495715076,165.01545482376633,348.5029698058139,695.142459861774
state,Jigawa,deaths,21,76.40811937372543,20.14924998846036,35.96431881127059,56.9854500976296,95.5930749025752,198.75929614800305
state,Jigawa,cases,22,84152.4131652571,24689.28388792368,33468.581082605175,54050.22958986971,115151.03105064842,223795.38257549104
state,Jigawa,hospitalizations,22,75.64483775022426,21.864405503136567,29.29288441407993,47.37464570763879,104.11572211637016,207.13730208269877
state,Jigawa,deaths,22,38.00146130789046,10.513962181521112,17.5404264145086,28.468139338014296,45.90709702233662,94.00900801341726
state,Jigawa,cases,23,16297.957870651855,3694.5443811896125,5186.469076763005,10322.563899249919,22305.378490639356,44752.47773562068
state,Jigawa,hospitalizations,23,123.88382792688341,32.37172498709917,44.84899189544077,80.8157432562436,169.66843409748745,334.2988850632252
state,Jigawa,deaths,23,14.993178899946743,4.451452849890957,7.038470480276678,11.186278200772076,18.658074952760863,35.79699689505541
state,Jigawa,cases,24,12543.291130826043,4181.103627477167,5360.781066681005,7921.7316043095125,16871.3587538102,32152.096332461526
state,Jigawa,hospitalizations,24,174.39120892749725,39.13842252428326,61.195063113962284,117.84346509161112,233.4011454829428,478.2911475093689
state,Jigawa,deaths,24,21.655190968226343,5.482128607753555,9.300321669424129,16.227881098221737,26.516689555555395,58.01132143982003
state,Jigawa,cases,25,15856.028559862147,4274.549884813688,5788.5712641140735,10047.470691170869,21750.74799383999,41845.08120489684
state,Jigawa,hospitalizations,25,241.5833222738691,53.606657160153034,82.67264334620747,162.48483652703496,347.0355857258627,643.1012760244116
state,Jigawa,deaths,25,40.5767736985205,12.461738845765701,19.030938763462316,30.05050137110301,46.934130933984946,107.31693800748332
state,Jigawa,cases,26,26377.45573050818,5256.545330225083,7902.416361702332,18042.77891293213,38125.62766901379,71720.20939268614
state,Jigawa,hospitalizations,26,806.8217399783694,257.9906083321332,332.5358241727415,504.46564771216015,1083.1239870617924,2197.004277984919
state,Jigawa,deaths,26,39.951925196229496,11.172759390297122,19.3411308248319,30.095715507303613,48.124172811391674,95.99657906236389
state,Jigawa,cases,27,34855.91486706487,8847.930144735736,12282.422033465584,22744.616413261137,48451.79407466338,92079.91461651512
state,Jigawa,hospitalizations,27,769.6895689426669,239.47016340684826,325.2328444788164,527.5899622366761,1016.6882783646454,1993.6096465265778
state,Jigawa,deaths,27,80.6849867386153,22.496085819191226,36.89473521090047,59.985322236949635,97.50764453217894,206.3871080953294
state,Jigawa,cases,28,45999.2330159592,14037.457022785142,18413.62635899483,29393.309004452476,62780.06084374133,126793.08673005668
state,Jigawa,hospitalizations,28,1150.0626241426257,276.363001913087,414.4497676397886,778.248303110483,1539.6328913844145,3075.3486430708745
state,Jigawa,deaths,28,105.65786748309183,29.146718178991478,47.468607333447856,79.6748910801356,125.85003831479874,274.7659814009253
state,Jigawa,cases,29,46084.38771391405,14424.008640507214,18716.674954645,29460.678907656624,64345.475103792196,118741.52429007285
state,Jigawa,hospitalizations,29,534.9907708186945,119.9444869990467,185.77890061046276,361.33604101475555,752.570241768394,1436.5659768376067
state,Jigawa,deaths,29,95.78912927393374,24.855438927765928,43.612983657427726,71.83193675266699,122.39547353874417,236.11668487320884
state,Jigawa,cases,30,55492.624003186174,9675.942189963695,16619.434028748336,38083.20443774722,78331.18772838585,155260.3437980078
state,Jigawa,hospitalizations,30,468.6518855461759,130.50804338670386,179.7791871003766,301.74512967501875,662.3462717090068,1215.8209029422655
state,Jigawa,deaths,30,71.80969002616239,20.699821265707584,34.15084190900686,55.10804682238471,90.96300823905354,170.01271261541066
state,Jigawa,cases,31,68356.87908750203,16967.925869492316,23296.255622597077,45422.1033551528,98984.84214633968,184029.0127599681
state,Jigawa,hospitalizations,31,458.9450520162021,125.1368188837697,175.390944445756,297.71892616657846,627.6978948465718,1202.1957501314726
state,Jigawa,deaths,31,73.42573192608315,19.61250369649144,33.204844087124435,56.91091599610722,85.44680574416972,177.1983123186546
state,Jigawa,cases,32,65320.67200346489,15961.856660761852,22126.401065595033,42502.75439372088,89601.34308105885,173013.5259616195
state,Jigawa,hospitalizations,32,281.90125442162713,61.169951786786186,97.38825957659947,183.01698182273347,387.3379937022339,774.9307895733772
state,Jigawa,deaths,32,47.21309771272629,14.221865184866893,23.18756465226132,36.60065688307528,57.073484521021335,118.4317684927334
state,Jigawa,cases,33,28328.525139686542,5749.45844515721,8715.544909625642,19305.15437923687,40423.00082128025,77036.90399446196
state,Jigawa,hospitalizations,33,207.01916453767384,57.63781921970638,79.34632390567938,136.54813461843278,278.89986725807086,549.9470203380603
state,Jigawa,deaths,33,29.33267461589229,7.636262130094572,13.51451908616336,21.63349931482682,35.033798056664665,76.9210154874591
state,Jigawa,cases,34,15614.649869472996,4105.978933292011,5547.866646900407,9995.324121497773,21112.041780410567,41446.10051341185
state,Jigawa,hospitalizations,34,157.82104053049005,43.10550793437579,60.305123912105785,100.45206217765079,220.26692748924307,407.1502785323086
state,Jigawa,deaths,34,19.180729766117334,5.306644083260238,9.249698656367102,14.956903197701456,22.88753370987729,50.538065608481276
state,Jigawa,cases,35,10410.89775383351,3166.365622701242,4068.408935450372,6496.883224919506,14207.88052923148,27794.94070810001
state,Jigawa,hospitalizations,35,125.7170120403211,37.32489978664661,48.74949820799533,81.25653667659401,173.43575551235745,321.2184412018499
state,Jigawa,deaths,35,15.215927571904457,3.676477434536245,6.7796228588735685,11.220464820505725,18.186259099038438,39.11999338070437
state,Jigawa,cases,36,7398.403425668845,1475.5842188626038,2263.858395057111,5112.079357938409,10536.426524995115,19549.609634698456
state,Jigawa,hospitalizations,36,105.46531151704318,30.388541911946522,41.26853321321122,68.87951764081798,142.52576604892374,275.02176984302736
state,Jigawa,deaths,36,13.16956189687468,3.5006755274636663,6.094403986767446,9.915924433882576,15.934239375218551,31.585486342014494
state,Jigawa,cases,37,6345.468733360401,1770.3977191294528,2419.3405097371615,4176.497959535692,8982.801388245813,16969.942175526026
state,Jigawa,hospitalizations,37,86.31929046593798,23.7338962038196,33.57916508811532,55.27463835366326,115.98555707388357,224.32185393976178
state,Jigawa,deaths,37,10.681353570934846,2.49380391651043,4.559915629846394,7.82443654141337,12.669786454961057,30.90153964310685
state,Jigawa,cases,38,6149.135042553092,1754.1132014586453,2336.169142182076,3951.9912296373877,8234.07277584097,16636.450004698458
state,Jigawa,hospitalizations,38,80.29491426784455,21.108320353361734,28.95826432662392,52.39575924064579,111.14443454412941,215.89692922229725
state,Jigawa,deaths,38,9.054283618129473,1.917547688714509,3.8041318863306883,6.975838038935295,11.274625665437632,22.51855037919003
state,Jigawa,cases,39,5841.023593100073,1651.8625531415591,2203.6986761788266,3918.0447760538696,7973.697074874561,15323.478707962127
state,Jigawa,hospitalizations,39,80.32903800183354,19.657208841262023,28.739762297630094,52.68484322377364,113.52837507784174,216.5697638184999
state,Jigawa,deaths,39,10.458367094231068,2.205755887143207,4.243879237921384,7.35133002043813,13.179198016293146,29.20376588338916
state,Jigawa,cases,40,6113.210769803409,1220.174415607635,1901.7645805015688,4141.194687648553,8757.461641014164,17313.506217158938
state,Jigawa,hospitalizations,40,74.61879739320094,19.63377125215267,27.168716616600037,49.00684748932913,101.63660315870546,206.83887785275758
state,Jigawa,deaths,40,10.482692418186481,2.100837438256826,4.237534468558225,7.310461508609153,12.660695770905729,28.04804320821011
state,Jigawa,cases,41,6598.47334218595,1644.7281963129892,2340.149577952892,4249.922699262091,9316.545347773583,17208.63415784002
state,Jigawa,hospitalizations,41,76.60545285872513,18.197889824208303,27.46285882606991,48.04155828464786,105.12743972536686,201.60399813936212
state,Jigawa,deaths,41,10.025647298762284,2.119669227606932,4.002144020426039,7.272810808564631,12.51185691777863,27.508839149183554
state,Jigawa,cases,42,5427.4873293170795,1595.557289890177,2143.5691978757895,3428.494341481081,7506.986072092221,14207.744179218053
state,Jigawa,hospitalizations,42,60.52232113490373,12.567302145652203,20.249612251659332,40.63355625972852,83.6300037317383,166.83536069689396
state,Jigawa,deaths,42,7.5800456021382905,1.7861121556491222,3.235383511005418,5.580491804451262,9.498263942966272,19.679209555037897
state,Jigawa,cases,43,3888.3294851569212,1167.1600008235678,1482.1262901765153,2362.789758860454,5357.482255509468,10348.45409912941
state,Jigawa,hospitalizations,43,47.41130583504666,11.732067746733762,17.182167458053744,30.75842587494006,66.15015040790169,128.22418384136358
state,Jigawa,deaths,43,5.471269471910927,0.9673797041555074,1.825982507902007,3.731701481044784,6.875554078966777,15.7447075235115
state,Jigawa,cases,44,2786.717837134301,685.7557654319544,933.7143559253217,1805.0502201693994,3855.2962716569737,7959.770019754007
state,Jigawa,hospitalizations,44,34.453740322973914,7.848665072758129,11.925424494877031,23.43959231041361,47.92228699660361,94.20944750945746
state,Jigawa,deaths,44,3.608951913619573,1.0105072613214583,1.397308924556593,2.5418256886095185,4.257767391859595,10.41761927295973
state,Jigawa,cases,45,1947.996439935919,532.3796316121618,728.9935292199325,1276.3020022390988,2786.758232944565,4881.32979736391
state,Jigawa,hospitalizations,45,24.454377406378967,7.624458615704456,10.004505382136454,15.149349095339023,33.772803667723764,67.35459436051809
state,Jigawa,deaths,45,2.564344757929229,0.6168933401895034,0.6168933401895034,1.6164738749745968,3.213617731894689,8.256215823984935
state,Jigawa,cases,46,1255.396359705104,287.5182074506005,416.28294144406266,860.8756993539736,1789.1838747090924,3423.204757783033
state,Jigawa,hospitalizations,46,16.35176710869869,4.004962300058089,5.5970505917498965,10.612004925070504,22.29597705015744,43.74627769932225
state,Jigawa,deaths,46,2.4836937497072618,0.571891323245761,0.571891323245761,1.3847569538624975,2.9742713041463,7.85239048149043
state,Jigawa,cases,47,1113.614531444037,372.28899992735,474.3412079694799,709.9892822952916,1535.0852856033405,2887.369496382863
state,Jigawa,hospitalizations,47,18.33515691689321,4.103254164371007,6.2593367547325265,12.287969107021448,24.28710314440477,52.794531260830155
state,Jigawa,deaths,47,2.280096500824835,0.501665074310808,0.501665074310808,1.468026416607315,2.9277910859712364,6.724843704295351
state,Jigawa,cases,48,1013.001323686403,297.63476128418023,394.1663827077394,626.982299832353,1402.5217393602682,2708.30207119874
state,Jigawa,hospitalizations,48,10.604973902056646,2.6838176160751246,3.4747672085438213,6.365756402358282,14.667791167711119,27.968093498848475
state,Jigawa,deaths,48,1.6656207378806862,0.3836383130153471,0.3836383130153471,0.9845073482639848,2.237741022871643,5.133446350246534
state,Jigawa,cases,49,1021.6347754390962,268.297426249399,372.9204324377651,673.1511669924606,1468.2568996387777,2625.7455319226187
state,Jigawa,hospitalizations,49,9.269221605162878,2.740948953988682,3.1778514980745847,5.541879686169254,12.692528350229543,26.315129864983355
state,Jigawa,deaths,49,1.2843933892701056,0.3895294011867121,0.3895294011867121,0.5838466540282152,1.5090441085571151,4.349067920716145
state,Jigawa,cases,50,1007.1121455543346,256.4166271607096,352.34975049260936,664.5329440366253,1403.621917833335,2636.1227318990345
state,Jigawa,hospitalizations,50,13.487467979059934,3.530992041108716,4.730969105412077,8.505306665929929,18.468634416503264,37.61751085260006
state,Jigawa,deaths,50,0.4287211526381029,0.0,0.0,0.0,0.4474298327829178,2.206653455233688
state,Jigawa,cases,51,1033.8756483256523,311.0924276197331,397.3705029315945,640.2891415947167,1405.7719174177623,2696.841584427454
state,Jigawa,hospitalizations,51,8.362741646808264,2.2163537126124755,2.531474731792854,5.1977901253474545,11.883338997030027,22.924983007964773
state,Jigawa,deaths,51,2.0210351379721447,0.5860389543403776,0.5860389543403776,1.1417215076327765,2.379369768263709,6.510276271702684
state,Jigawa,cases,52,981.8017702194738,317.980327914159,402.94000742501635,628.2314199715372,1340.5729909214529,2440.273620806983
state,Jigawa,hospitalizations,52,8.589916382133588,2.2330113561526885,2.6702394033306387,5.162195152191204,12.407068769764413,24.200042833742945
state,Jigawa,deaths,52,1.2830619251950084,0.36022567290034546,0.36022567290034546,0.5501309629464568,1.4840044161658543,4.272115683857942
state,Niger,cases,1,4496.711440549085,1065.5847265032303,1557.4813811233282,2864.116504666526,6270.32995425624,12170.267067945373
state,Niger,hospitalizations,1,28.550316169829284,7.278080589361942,10.464574588508222,18.128521824348557,38.8790169980561,80.75890345097565
state,Niger,deaths,1,2.4277414091726675,0.6965862497328063,0.6965862497328063,1.4436337791719427,2.7707388852146604,7.550699968369644
state,Niger,cases,2,977.0656788973087,288.3541836336826,386.1629396256711,621.6667906088647,1323.0572160562356,2544.135976155744
state,Niger,hospitalizations,2,25.109677367143615,8.031902077281117,10.361546295791808,16.646054709846553,33.53045323468217,66.10477138130756
state,Niger,deaths,2,3.461441571890772,0.9270088093684099,1.118773053567493,2.2397659438708826,4.240857068294572,9.412507231320077
state,Niger,cases,3,1377.7391648211596,343.4082169302016,483.6708632102426,910.7409590965299,1920.3755598782468,3621.012626914721
state,Niger,hospitalizations,3,12.23977125141197,2.8386534472638907,4.144166615417175,8.043784827989345,16.81073597095434,33.513388850461084
state,Niger,deaths,3,1.3130726614417982,0.4543472414880293,0.4543472414880293,0.6417019042189204,1.4864017304892276,4.25898941102663
state,Niger,cases,4,1330.1832130412258,350.83820234974024,491.01045628108227,880.497356702802,1897.6882924469892,3448.3989973746175
state,Niger,hospitalizations,4,15.188494453573446,4.048788314110996,5.385579455941322,9.23686916810937,19.728390351277845,45.295502187290985
state,Niger,deaths,4,2.7745611141133115,0.885909233757167,0.885909233757167,1.7292554356984278,3.4134509760523066,7.880577884012298
state,Niger,cases,5,1111.7900211010276,298.3460653412222,402.4477958965683,700.5165927675472,1528.0259221356519,2988.104031091369
state,Niger,hospitalizations,5,13.857570594457169,3.902894084577052,5.099664139082508,9.088087290121013,19.879496748662163,37.4520178868831
state,Niger,deaths,5,1.5535998519889562,0.4965095456252204,0.4965095456252204,0.9521942014614403,1.9289467497765804,4.504507102318623
state,Niger,cases,6,1250.4990333189182,346.89530556031417,469.5528887574353,808.5919176588977,1699.2483062247275,3157.963833826531
state,Niger,hospitalizations,6,14.500604335272666,3.546303034825123,4.915546732686789,9.350856889790254,19.303788668049357,41.45504057916135
state,Niger,deaths,6,1.4486739987395756,0.44821399666573447,0.44821399666573447,0.6957837482549857,1.6877711451101767,4.863774062969535
state,Niger,cases,7,1487.0287230046538,462.7057700040104,616.5454291750616,954.179342260186,2079.024180675775,3598.6657290832677
state,Niger,hospitalizations,7,14.46526965249943,3.7553857272640627,5.100747523983957,8.94398302000268,20.717809239619,38.42518459729749
state,Niger,deaths,7,2.17156598447135,0.5842530325598235,0.5842530325598235,1.2635919505900877,2.4037592478458087,6.9884682003623855
state,Niger,cases,8,1485.946721224811,390.7861495989379,539.7804063992901,937.4100861621744,1967.1823563455073,4458.670245608772
state,Niger,hospitalizations,8,18.860505905260574,5.1410063285778325,6.826119902675501,12.196078297590631,26.430024830116416,51.81471819080466
state,Niger,deaths,8,3.54797424539873,1.0726715242142488,1.2063951510372166,2.3437184580878023,4.378455261384413,10.243289457809473
state,Niger,cases,9,3002.6038528489535,805.054165039352,1072.395199127709,1939.3266568983668,4258.364303722194,8113.424667502574
state,Niger,hospitalizations,9,28.828319376785434,7.398568308298337,10.72705826828972,18.254365749654944,38.31084378440992,76.0878210271399
state,Niger,deaths,9,2.3031094927755467,0.6045239736537101,0.6045239736537101,1.4089060523347043,2.8730814550055257,7.412449486382414
state,Niger,cases,10,3254.37122488566,877.2013739530888,1182.6582970023192,2124.605458617526,4631.584490360998,8585.90040517301
state,Niger,hospitalizations,10,37.75243096091845,8.645231767474106,12.93204600048969,25.16979739528102,51.46510488299527,101.64608377767671
state,Niger,deaths,10,2.230825025899496,0.592651858086312,0.592651858086312,1.4811392488421578,2.999158137383805,6.5178658047402465
state,Niger,cases,11,5077.730508524834,1314.8137130064122,1819.5100485158578,3308.6053854290235,6921.146703846725,13451.704117845844
state,Niger,hospitalizations,11,46.03045078443022,11.549298645442477,16.377750922015167,30.577668501964638,62.16200513804267,126.49931757459733
state,Niger,deaths,11,5.798891304723639,1.3560644515781277,2.4079028344124804,4.261560317065778,7.520524090083045,14.379879251470818
state,Niger,cases,12,19224.3440298383,4964.132230573749,6871.013249807816,12467.363563941246,27591.62443121789,50207.151727601595
state,Niger,hospitalizations,12,98.28883840114067,25.955606172799502,37.351057587873925,65.07448020786794,131.43664661834623,256.4993586009121
state,Niger,deaths,12,13.376630271530775,2.9022654972168653,5.6116419665900885,9.836707889343717,16.392983275770764,36.829888372566316
state,Niger,cases,13,40343.27964312249,12368.07948362417,16069.327580226276,25205.303530258647,54599.65288772645,106291.37826945528
state,Niger,hospitalizations,13,218.39129076582677,67.58329857933784,89.94279274358239,144.03431323330716,303.56862224088854,540.8215214358045
state,Niger,deaths,13,31.61466315277129,8.057087154327117,14.807811905864874,24.242794266195638,40.16204684983253,77.07851257164799
state,Niger,cases,14,79203.05120393088,19555.263260348886,27452.054722795296,52805.94197416727,109788.52243363886,212151.89517434855
state,Niger,hospitalizations,14,454.88086005764626,136.18899277710932,184.72623504502835,297.405150037627,613.4082818044319,1206.5894900189078
state,Niger,deaths,14,76.47030261479347,18.720648763761716,34.568768757286975,56.632096351091114,93.85754772823974,190.93808881179174
state,Niger,cases,15,136186.16988402122,31258.191568134705,44825.49470461096,91074.97848330333,194966.7495489603,367612.1037145463
state,Niger,hospitalizations,15,761.8956976789837,184.87763283546803,265.8748458561815,501.65451023830957,1082.4487633596218,2040.9513794875486
state,Niger,deaths,15,118.12613883577174,33.26547015469834,55.89154311771044,86.76149267471344,141.2218540463492,299.11675079721925
state,Niger,cases,16,180875.9773044454,52579.84919656861,68923.88967550812,117096.31315397273,255884.06940029806,454809.85097789444
state,Niger,hospitalizations,16,1418.783630384237,419.3611223370544,560.6622031814779,909.4717329352453,1844.47556620076,3908.6842115404293
state,Niger,deaths,16,163.79215473415755,47.49515252404336,76.14480388165185,121.08428116944943,190.55024213248555,423.846063844723
state,Niger,cases,17,189472.5829420348,46972.20624524766,67701.65512679699,124037.33049081462,266408.94697911735,515362.6745887904
state,Niger,hospitalizations,17,2023.0356372675017,545.8011579729884,771.3668010646695,1304.411024645839,2745.1065022509283,5392.206296997904
state,Niger,deaths,17,259.4179744610907,81.01502467830944,123.84293447588641,195.7429481927346,290.4456578449832,640.0589244252897
state,Niger,cases,18,141012.88903875308,33793.00924529645,45980.14277785776,88130.4435530179,200715.99251952767,370167.2494926697
state,Niger,hospitalizations,18,1982.092646763086,425.44956020129496,628.5077302369582,1295.2260452873327,2758.454440988429,5615.960037620516
state,Niger,deaths,18,284.36324252828575,68.22549465336841,120.43146736310341,203.55039782490113,345.00681969848694,744.8592935788432
state,Niger,cases,19,46652.20215566864,14398.158824809436,19039.8528706957,30199.27826279953,64952.536452561006,118935.1262540431
state,Niger,hospitalizations,19,1276.7016879096107,344.1878847136669,476.5983028293789,857.5850990659827,1687.6914681888074,3405.050550561344
state,Niger,deaths,19,114.81991695704647,35.000106850791404,54.53592726710696,86.47893279282661,143.61511369614158,282.9683385480075
state,Niger,cases,20,14504.20174482324,3880.97228876328,5322.257625699234,8880.825054660361,19957.253934521636,39945.564208653916
state,Niger,hospitalizations,20,531.5848139833131,182.7600672851215,240.1445781432705,356.26002081074904,717.5855752716474,1302.98311092646
state,Niger,deaths,20,61.098419139978226,16.60543542570697,27.747738129597472,44.8638577304657,74.0560988562933,157.3222095589637
state,Niger,cases,21,6091.678475672063,1970.9952540256454,2520.8807319601665,3860.4274096771087,8377.82222135799,15518.574984296456
state,Niger,hospitalizations,21,112.6231401049908,28.19503969924941,40.29842052933126,72.37405300512191,153.47025374355763,306.6749318503898
state,Niger,deaths,21,16.164515259748786,3.6888000876297724,7.195009344351588,11.855405446877041,20.414736613106477,43.286743302702064
state,Niger,cases,22,7441.951916623397,2182.733123512408,2959.218407043825,4779.563113723623,10183.625887109534,19792.679804199848
state,Niger,hospitalizations,22,52.497687318900894,14.958596948849125,20.14342893000465,32.76389879394323,72.36728881983197,144.27293585232238
state,Niger,deaths,22,6.308421733915454,1.3703124078030595,2.4623998097646806,4.503135567487109,7.759837566608432,16.742805042184123
state,Niger,cases,23,7969.583763489288,1806.2103919602291,2535.797574727173,5047.471899229144,10907.357431850105,21884.53070877723
state,Niger,hospitalizations,23,71.86733709855831,18.471735257521953,25.751971387676686,46.73785272408964,98.58162387011139,194.64020513225864
state,Niger,deaths,23,5.604373272818506,1.5693592668974272,2.302459640428146,4.006511129676241,7.076163158065075,14.117378042632014
state,Niger,cases,24,17870.93894407484,5957.272166084856,7637.966830077818,11286.570897853338,24037.167031186087,45807.740288608795
state,Niger,hospitalizations,24,119.10417969714591,26.485940379197054,41.58986001745696,80.38148413752442,159.51293260620508,327.208411697034
state,Niger,deaths,24,19.26308188063609,4.797605032471772,8.212590548620256,14.408588165684387,23.61088131658319,51.77962762773328
state,Niger,cases,25,22346.071781264098,6024.468127247776,8158.155678724843,14160.15856636107,30653.41119382932,58972.05266999942
state,Niger,hospitalizations,25,191.4164457858391,42.3138551674223,65.3689180742895,128.67573734890482,275.06090057897165,509.8994183813735
state,Niger,deaths,25,37.773727951501876,11.554167948304697,17.68048194069754,27.95712162879357,43.702481387874975,100.014367235313
state,Niger,cases,26,37486.783822699865,7470.768809785666,11230.952584912677,25641.944763073097,54182.71683871963,101925.70945881063
state,Niger,hospitalizations,26,366.96818012668797,116.97194616281409,150.92778821622832,229.24296735339348,492.82569298209097,1000.2055804569485
state,Niger,deaths,26,51.547953648696854,14.619622109413477,25.100965818421635,38.90084005382244,62.03427112533541,123.46232298550267
state,Niger,cases,27,59774.43594602612,15173.855809092136,21063.59822275299,39005.009055851326,83089.74109575429,157906.74469004179
state,Niger,hospitalizations,27,455.3856894543753,141.4012283833116,192.18803270477716,312.01954000105843,601.6529815477973,1180.1646808341582
state,Niger,deaths,27,62.38611886259122,17.232551023196084,28.40565073519256,46.32354179788714,75.44020663394218,159.92876315648954
state,Niger,cases,28,58181.20103186521,17755.178069652622,23290.262293693413,37177.628966868026,79405.99565015349,160371.2103151194
state,Niger,hospitalizations,28,577.2103364553003,138.32704554269873,207.69181649104917,390.4378019695869,772.9021698710862,1544.334325566124
state,Niger,deaths,28,71.06762752622421,19.36982838800922,31.749741040673598,53.51119676664831,84.71127033275259,185.3322462841862
state,Niger,cases,29,63044.00921550512,19732.474052990237,25604.860090271988,40302.70385007473,88025.25554735318,162439.28551114438
state,Niger,hospitalizations,29,653.6234308443186,146.71354159716174,227.11930985339737,441.533109152845,919.3605060122857,1754.747343158685
state,Niger,deaths,29,75.57939305058974,19.456778927529154,34.29771614116351,56.62450342365292,96.63028699269427,186.6063143244795
state,Niger,cases,30,44538.236695392065,7765.7232304322215,13338.57654565987,30565.419589233054,62868.49019408338,124611.90581179333
state,Niger,hospitalizations,30,682.2922525763006,190.32985507575037,262.01399350090315,439.46113297635026,964.0964516133599,1769.3416537685805
state,Niger,deaths,30,67.67782947364124,19.468383040214263,32.1560747699139,51.923984024409364,85.74422038406357,160.30795105164978
state,Niger,cases,31,25438.56344418077,6314.0301325758255,8669.134597471955,16903.326685674772,36836.83998233891,68486.25044918133
state,Niger,hospitalizations,31,313.0047656408657,85.11368266417888,119.4222046287162,202.93559185440125,428.21243366968366,820.4224674968558
state,Niger,deaths,31,66.9964330274242,17.83188368934024,30.250043902739826,51.90825658250706,77.97906120770261,161.80457438039608
state,Niger,cases,32,19120.56834292013,4671.796106180575,6476.338971123333,12441.09493638061,26228.232571073226,50645.42378286877
state,Niger,hospitalizations,32,252.13199457224184,54.627904267950264,87.03501575146129,163.65316047885125,346.47378944995694,693.280797079803
state,Niger,deaths,32,35.77070327333229,10.609266247824293,17.447139987399687,27.67690861450268,43.29092857908758,90.087076520628
state,Niger,cases,33,12599.5739156854,2556.722952643974,3875.9964509311385,8586.105646272023,17979.026414304557,34264.37503912549
state,Niger,hospitalizations,33,167.3939655637353,46.4680058078374,64.04129622391282,110.34683621949424,225.58224165597704,444.9981068400428
state,Niger,deaths,33,27.147437931747387,7.01403382877286,12.46877216238557,20.00279338910515,32.43762292705188,71.30693611218499
state,Niger,cases,34,10039.852065802172,2639.7846135924415,3566.9174161882675,6426.629496354505,13574.671262367863,26649.456964020446
state,Niger,hospitalizations,34,107.95019502197168,29.25608996731675,41.05491403255108,68.59545109839702,150.78766504326916,278.9884215330412
state,Niger,deaths,34,16.856845059082094,4.5800949754462605,8.068894838071401,13.118607960376005,20.135600022854355,44.60068669634467
state,Niger,cases,35,7888.0845675593,2398.9097805844403,3082.387101062268,4922.439653702022,10765.054638231739,21059.95661574546
state,Niger,hospitalizations,35,82.31667647584575,24.19867033152787,31.71035831746663,53.08377743622763,113.69173100665,210.85903472116192
state,Niger,deaths,35,15.085763594928443,3.638923506405126,6.717149469058459,11.12232974682635,18.032185994784967,38.797814268513406
state,Niger,cases,36,6048.742391019129,1206.253291768654,1850.7452089043286,4179.446876711384,8614.38589980989,15983.552412292758
state,Niger,hospitalizations,36,65.43243118568421,18.58583112749775,25.374731130976752,42.603440886916474,88.55724748746842,171.2321408501299
state,Niger,deaths,36,12.582661477173293,3.313974121814193,5.8001070110151955,9.46309942498489,15.23175676440485,30.233743461039822
state,Niger,cases,37,5717.578577770349,1595.1438517891,2179.8832551459,3763.195703747043,8093.985782520937,15290.915937346042
state,Niger,hospitalizations,37,63.42356620626012,17.248213687283037,24.51187198555158,40.518393114855776,85.30979228741184,165.23831947966974
state,Niger,deaths,37,9.417030473343575,2.11433451123917,3.9560414778237343,6.865995894415459,11.185082144070549,27.436646201777673
state,Niger,cases,38,5120.978725483874,1460.7000141439519,1945.4500439887124,3291.145105779968,6857.364453597242,13855.064034488465
state,Niger,hospitalizations,38,51.47973512166481,13.27169337549593,18.33910653084154,33.468828533978865,71.39315144711223,139.01454739534654
state,Niger,deaths,38,9.25585369991502,1.9762544933355273,3.9008004799976836,7.13632760599597,11.521615304552839,22.991789924655368
state,Niger,cases,39,5050.945037508961,1428.328492081091,1905.5339875516995,3388.030956934995,6895.194558445982,13250.987590830471
state,Niger,hospitalizations,39,51.409840141920796,12.311365570669615,18.16410154782489,33.59414963788875,72.80130977960238,139.2004833066966
state,Niger,deaths,39,8.94321775162988,1.7808886964268211,3.5488942425862997,6.24450646635556,11.299991913309952,25.200781997000153
state,Niger,cases,40,5155.87806411721,1028.9690006451385,1603.8391682583783,3492.6304498257387,7386.105288391973,14602.48696895821
state,Niger,hospitalizations,40,53.5191100699362,13.875810525718405,19.30809036411515,35.05217772113029,72.99532751110466,148.8403626284748
state,Niger,deaths,40,9.41970865467531,1.8127210443429553,3.7508854345060225,6.538289394044349,11.391403045234693,25.349024757211087
state,Niger,cases,41,5277.11023035302,1315.2163674204369,1871.398735091615,3398.7922900895196,7450.96303885248,13762.878024703265
state,Niger,hospitalizations,41,49.0939619263212,11.391451091979134,17.37160887528411,30.654315996352913,67.50091290843613,129.77257745367166
state,Niger,deaths,41,8.279195194808914,1.667964309326365,3.2066566950190714,5.957191722662657,10.363076139593462,22.97509919434917
state,Niger,cases,42,4497.703035213148,1322.101020634455,1776.250157259219,2841.0949828777057,6221.027920825678,11774.088839280157
state,Niger,hospitalizations,42,39.88028004746104,8.014677280321036,13.119122189819587,26.663058556841808,55.23167846368553,110.51676263019093
state,Niger,deaths,42,6.939698953710551,1.6517900720390535,2.916867377353541,5.08561505913756,8.708756586080725,18.124058325560664
state,Niger,cases,43,3430.4271015368868,1029.6290328590194,1307.5133996839108,2084.4937263207585,4726.612125645826,9129.981938505476
state,Niger,hospitalizations,43,30.235176565913136,7.21233035086873,10.72770744160217,19.4845504985231,42.31262048159307,82.35108704545777
state,Niger,deaths,43,5.695721906715641,1.0015127043292154,1.925694400780016,3.8986547123154622,7.153434923055899,16.335527345711146
state,Niger,cases,44,2231.453036301411,548.9659877027234,747.5355491017266,1445.3164973233856,3087.189272910144,6374.123394900781
state,Niger,hospitalizations,44,23.219745420818747,5.106227338128113,7.82518501076517,15.686796152231585,32.40302162346009,64.00683899215272
state,Niger,deaths,44,4.002596649904146,1.0998613036964242,1.609290818630851,2.8550114070880728,4.722685149813719,11.427221554296253
state,Niger,cases,45,2064.1425094819238,564.1651939242638,772.495855584212,1352.419948964641,2952.8884294736426,5172.281286331131
state,Niger,hospitalizations,45,17.24427234878399,5.458564716367407,6.878435417864127,10.561773970750673,23.89482975208867,47.93697976265513
state,Niger,deaths,45,2.783613695848643,0.657658012606599,0.7117031508908838,1.7893719976362272,3.4920560539533883,8.867871974739892
state,Niger,cases,46,1030.043468240693,235.7682865065581,341.4371997425618,706.2858046666654,1468.088458201083,2809.02402001512
state,Niger,hospitalizations,46,11.870562961753128,2.9640121917070674,3.882377640101982,7.593869701987529,16.241001243230976,32.11604522029523
state,Niger,deaths,46,2.579166476977726,0.5888442383205212,0.5888442383205212,1.455449724445766,3.0920829952222544,8.11480716441819
state,Niger,cases,47,938.3791638649583,313.60195317698185,399.60990943158953,598.2103087461239,1293.587923006798,2433.2712623080615
state,Niger,hospitalizations,47,11.93136891329765,2.7377458403490147,3.8435261886849856,7.865910005116827,15.871892082435258,34.89242788606027
state,Niger,deaths,47,1.5977576959998145,0.3871004798548632,0.3871004798548632,0.9044064637660327,2.0308065919038256,4.960731288389244
state,Niger,cases,48,859.6481495961509,252.4705317444,334.4031282953254,532.0089731687569,1190.2591824899444,2298.5589451472442
state,Niger,hospitalizations,48,12.793539133495061,3.1955202083024714,4.327936204272518,7.77012778073603,17.655046824345156,33.49121416340483
state,Niger,deaths,48,1.0663851923523144,0.283086541122521,0.283086541122521,0.46436709263134474,1.3891276656160256,3.525867343135728
state,Niger,cases,49,721.5387970724602,189.27109491108686,263.19209080621295,475.31899964929113,1037.097997791626,1854.9172858520312
state,Niger,hospitalizations,49,7.206325268211829,2.179889464553746,2.322664747867638,4.202787372419415,9.889731547292474,20.723849956762265
state,Niger,deaths,49,1.032323921397331,0.3357977999484093,0.3357977999484093,0.36537118958933923,1.1629471076129334,3.611218650194067
state,Niger,cases,50,665.6869496272956,169.23533215221107,232.67803705801782,439.1317157946461,927.9076675740495,1742.9878268263642
state,Niger,hospitalizations,50,8.622472765347188,2.332725042687062,2.7861244079334946,5.279613955479973,11.861816317217265,24.512386774968075
state,Niger,deaths,50,0.9585664232752117,0.31082224937171593,0.31082224937171593,0.39053789292079755,1.108275687884185,3.2929222093717283
state,Niger,cases,51,705.8463510282088,212.16705442191,271.0971711046204,437.0167708300319,959.8609480419387,1841.6943205108926
state,Niger,hospitalizations,51,7.7040860353273,2.0569234515402792,2.2774431053175173,4.751960882419391,10.956594277498326,21.203973285824542
state,Niger,deaths,51,1.313464660160153,0.42821204588702183,0.42821204588702183,0.5649317194894188,1.4692673269573655,4.487674059316335
state,Niger,cases,52,518.5102610095711,167.6134055035298,212.52319974221797,331.61252587267563,708.1571828583026,1289.4603292055472
state,Niger,hospitalizations,52,8.424852820327226,2.193819524763265,2.605822622171951,5.05404177772315,12.17175981031679,23.75775407107049
state,Niger,deaths,52,1.5918012942476176,0.419723719761257,0.419723719761257,0.8061642543311413,1.8942844774557488,5.142904774176621
state,Benue,cases,1,2336.093990070073,553.2171362391621,808.8157290888315,1487.7674881804446,3257.6989493593173,6323.415314771788
state,Benue,hospitalizations,1,25.290876066719328,6.363993459296886,9.198626526043906,16.016300829632048,34.47547250437073,71.73087326861564
state,Benue,deaths,1,2.7809779021272103,0.7745629210106392,0.7745629210106392,1.7171769735645799,3.1928397616527304,8.50787522252473
state,Benue,cases,2,728.1765120821078,214.7219897709214,287.64127227323297,463.2162672320937,986.1233020767315,1896.4731594306256
state,Benue,hospitalizations,2,6.584890300396941,2.2502909069591404,2.253754613238815,4.053531484433062,8.888937525272318,18.2176710605965
state,Benue,deaths,2,0.6874329169067183,0.0,0.0,0.0,0.80571550043039,2.9704946724504864
state,Benue,cases,3,1334.956426461838,332.72111453281946,468.6313638907325,882.4493315720713,1860.7546323194592,3508.620361209011
state,Benue,hospitalizations,3,18.211036881552403,4.127691891438891,6.480143392330828,12.15058635931453,24.898628280506973,49.185990629268254
state,Benue,deaths,3,1.8066732324732624,0.5703699266395864,0.5703699266395864,1.0609289749546895,2.1213324152052677,5.601931585942404
state,Benue,cases,4,717.0969545684272,188.7965202182531,264.41140754328717,474.51723993141803,1023.233379089859,1859.7528181242099
state,Benue,hospitalizations,4,13.602549978198976,3.64931775061177,4.755551204119996,8.226856399400218,17.683239770004487,40.72779231671515
state,Benue,deaths,4,1.5068273871811957,0.5597017050024724,0.5597017050024724,0.7242950660636094,1.7883398683689564,4.610591236315489
state,Benue,cases,5,897.5330219623695,240.7098640383784,324.76780917959866,565.4463304878457,1233.6267098225667,2412.5808437237874
state,Benue,hospitalizations,5,17.284586650364847,4.809138849637398,6.5159948349407,11.430522441582392,24.72767715415735,46.380505096848154
state,Benue,deaths,5,1.6964964074009685,0.5285473633404099,0.5285473633404099,1.0781616526859965,2.117940220080713,4.859691401814783
state,Benue,cases,6,887.2441630722475,245.91667056640765,332.97217714755254,573.6031568429762,1205.7413506285448,2241.056215825868
state,Benue,hospitalizations,6,13.975243749666483,3.425340972745145,4.713771327683489,8.997795974976034,18.611239802031626,40.00692709204142
state,Benue,deaths,6,1.9313555655553436,0.5520482068800249,0.5520482068800249,1.0886326273710953,2.3104259398407527,6.222188465984158
state,Benue,cases,7,1056.5469162738657,328.5572185837478,437.8915712355272,677.8491057189087,1477.280038578166,2557.294294025413
state,Benue,hospitalizations,7,17.342875709126957,4.458110717779443,6.242347364129191,10.80474670206189,24.781745250539707,45.802605848878756
state,Benue,deaths,7,2.433607379102018,0.6373893693209122,0.6373893693209122,1.4694599178460879,2.7133225493057553,7.71499919437351
state,Benue,cases,8,1349.325566302978,354.78870902050573,490.09332438971313,851.1886580963671,1786.3451126282566,4048.914273300813
state,Benue,hospitalizations,8,23.837417638529878,6.484612055833353,8.79294418531808,15.512455704801202,33.32361189245087,65.08786906383017
state,Benue,deaths,8,2.5737393115897573,0.8294665180587762,0.8294665180587762,1.5856028096118147,3.159007168073544,7.694117395283317
state,Benue,cases,9,1988.4012275650148,532.8803730366038,709.9505219143971,1284.1522445110043,2820.1392013078666,5373.492504796127
state,Benue,hospitalizations,9,31.618136428308173,8.184931965309627,11.82507070175711,20.057165096940285,41.99154479721997,83.30560608629555
state,Benue,deaths,9,2.5492274336725007,0.653535579624166,0.653535579624166,1.6042074124169199,3.1870904115352623,8.094486390528617
state,Benue,cases,10,2937.8961096585886,791.8258939188148,1067.587427950681,1917.9619805094644,4181.221810007199,7751.113799456189
state,Benue,hospitalizations,10,55.33004957148396,13.0215358355071,19.253394316200797,37.043746467897186,75.26995037188263,148.21940465097492
state,Benue,deaths,10,3.957886027398049,0.9306345093026722,1.4775062284734832,2.8961048984369206,5.279832788891623,10.805219639046246
state,Benue,cases,11,5663.43105369732,1466.5588799845916,2029.4589178480535,3690.2829868094927,7719.437751462203,15003.126490551163
state,Benue,hospitalizations,11,69.45461280518113,17.800316379558694,25.03390233427134,46.307038834506,93.62406731341642,190.0088823530219
state,Benue,deaths,11,5.8821280447769135,1.3729563622782388,2.450353611944888,4.3271013073304285,7.626660588153121,14.571459781874065
state,Benue,cases,12,11604.20000299314,2996.1558629944825,4147.226843871429,7525.411628577111,16655.03094721066,30306.68352832133
state,Benue,hospitalizations,12,224.2217194063343,60.144717449007395,85.99357621745602,148.87996919827856,299.4125110547206,583.0983661811017
state,Benue,deaths,12,13.315630995562216,2.8856864820545,5.583551998726446,9.790667468840377,16.319088115727602,36.669165763259855
state,Benue,cases,13,27828.81406886939,8531.292193027382,11084.44340212953,17386.514334517728,37662.97693417083,73320.35188293396
state,Benue,hospitalizations,13,261.70803499103476,81.12442499466682,107.89859070916633,172.66997250800267,363.70282840094245,647.7990781921437
state,Benue,deaths,13,46.08063991152738,12.074286769813302,21.819242272810058,35.43903668851908,58.419148273304096,111.7096213747365
state,Benue,cases,14,58198.925933617844,14369.13708251012,20171.778124750104,38802.06707751913,80673.43491587375,155891.06105074688
state,Benue,hospitalizations,14,1029.1189585656361,308.99542807819205,418.6713057852629,673.2831939654427,1387.3311953619882,2727.6972032030176
state,Benue,deaths,14,65.34917392837215,15.889681731504005,29.462749531646146,48.35881048081848,80.24042013794863,163.38471528083454
state,Benue,cases,15,92608.65881461455,21255.79730631724,30481.8008687199,61932.25921031211,132580.48165468944,249982.34380381362
state,Benue,hospitalizations,15,1217.0615146232221,295.77764820928337,425.10016014955227,801.5528469170919,1728.8658856374796,3259.239109556719
state,Benue,deaths,15,151.73737209990833,42.9334130724372,71.94339324207496,111.52324547495476,181.34950326194178,383.7941710183724
state,Benue,cases,16,163935.2150716238,47655.17786739436,62468.451369775576,106129.09239538621,231918.12202412522,412212.7078690989
state,Benue,hospitalizations,16,1518.6732432913468,448.9358468886283,600.1782384841031,973.5284434222895,1974.3149558036912,4183.752069854957
state,Benue,deaths,16,194.3171631926351,56.47807372790542,90.43459695349954,143.69836568916685,226.03174166594346,502.54173787927743
state,Benue,cases,17,172575.64247790587,42783.21347374342,61664.044420449034,112975.79751598074,242650.94893389632,469403.39524394606
state,Benue,hospitalizations,17,1757.0347404542076,473.9399734556428,669.8615419826799,1132.85253186429,2384.210291288105,4683.425440926966
state,Benue,deaths,17,159.08212470083294,49.41564214246144,75.74248387095399,119.94030464592433,178.1552224427108,393.06678779679976
state,Benue,cases,18,108806.84214173221,26074.82308639072,35478.54714939221,68002.1751709537,154874.40260113036,285624.8254505048
state,Benue,hospitalizations,18,1439.6579231100632,308.8029427488435,456.31867379227435,940.6697325427144,2003.6617137934265,4079.5546806897883
state,Benue,deaths,18,117.17501703016201,27.667756705814377,49.28736566241493,83.70869104344457,142.2888183080127,307.87627271072813
state,Benue,cases,19,49034.61544095029,15133.472708873402,20012.201578740955,31741.499178577644,68269.48279322725,125008.7716673226
state,Benue,hospitalizations,19,492.97505180741814,132.4538451723399,183.64532732147975,330.9394681915766,651.8687121405156,1315.8206734741752
state,Benue,deaths,19,57.66796519580995,17.235663357891674,27.13142966793879,43.31198984851203,72.25401951600304,142.84265712109806
state,Benue,cases,20,12968.056708620243,3469.8596019514957,4758.508432685357,7940.212734324364,17843.614065725167,35715.10141316834
state,Benue,hospitalizations,20,181.4361615490916,61.94674658626448,81.60372819457012,121.37890597027759,245.15045464141372,445.6775379925128
state,Benue,deaths,20,18.128471249253174,4.422742767869352,7.854742030818969,13.12676805773945,22.118423794457645,47.76565652135753
state,Benue,cases,21,5328.628114244355,1724.0214973558418,2205.039019372912,3376.8201436206227,7328.453975540542,13574.894984070354
state,Benue,hospitalizations,21,77.21140031320856,19.09605469198266,27.427271420058304,49.50614752893364,105.32774264029453,210.7843415015611
state,Benue,deaths,21,7.937798219302246,1.638660863107443,3.257853051848447,5.67923915821544,10.126381656354365,22.009912155598485
state,Benue,cases,22,5184.5725045825275,1520.4267899999188,2061.411171143169,3329.6619358348594,7094.721772929854,13789.437303232502
state,Benue,hospitalizations,22,50.58188465707055,14.387007791080638,19.386134615650107,31.554577038624245,69.7394922184955,139.06969428186758
state,Benue,deaths,22,4.37282982540939,1.0015147723783495,1.5305503603508792,3.02205477660037,5.402267597254378,11.967613262486278
state,Benue,cases,23,5372.958697483873,1217.4645807933102,1709.369753958039,3402.80081019167,7353.676148650262,14754.74959016511
state,Benue,hospitalizations,23,102.58727675869441,26.68081479835488,37.03032219160361,66.86363118901792,140.56419298085675,277.120065508091
state,Benue,deaths,23,10.288882123507905,2.8457782444231765,4.670813954137811,7.596923586334443,12.867972274965219,24.958784569134075
state,Benue,cases,24,10013.659114778766,3337.757190427675,4279.545554218912,6324.064959634689,13468.945780071806,25668.23040098812
state,Benue,hospitalizations,24,181.6258678332276,40.794080169572155,63.76052845285444,122.74560322253824,243.06988740593488,498.0612830251107
state,Benue,deaths,24,17.164699746819707,4.197052185841218,7.258291756648765,12.812468486328726,21.061529515282693,46.312377713604164
state,Benue,cases,25,22744.559360448955,6131.912817585026,8303.647769430576,14412.676920926573,31200.033240222354,60023.64588210486
state,Benue,hospitalizations,25,262.82341315672045,58.38790242474262,89.99884587498406,176.79922860169722,377.5088573506039,699.4974433795356
state,Benue,deaths,25,26.310381427487037,7.8424962610889155,12.157549938485813,19.395874962711588,30.48607905847393,70.14921261788096
state,Benue,cases,26,30262.38887951851,6030.859503294476,9066.405813082418,20700.207973542016,43740.793363494435,82283.07579788285
state,Benue,hospitalizations,26,364.8709702982141,116.29957301116916,150.0618860326328,227.93071308753747,490.0111667463757,994.4992767680418
state,Benue,deaths,26,36.10477973805294,10.029214226609213,17.430224592903826,27.174491654958615,43.50930214505664,86.88443239745463
state,Benue,cases,27,41320.10725628714,10488.958535013851,14560.374730230458,26962.776312595695,57437.333497428874,109156.2608659393
state,Benue,hospitalizations,27,563.5498004829749,175.15053874375678,237.97389387815906,386.20565289007874,744.4826659881307,1460.1025286521892
state,Benue,deaths,27,60.13487428683366,16.584997074007738,27.361268890995245,44.64278158271951,72.72532830344372,154.21315835783014
state,Benue,cases,28,48023.2977815385,14655.165768153025,19223.89174116403,30686.69343456656,65542.50191997281,132372.17680434114
state,Benue,hospitalizations,28,657.9950739909141,157.79314307872855,236.8492226426137,445.12758888603946,881.0280191157601,1760.2409256815045
state,Benue,deaths,28,60.38344126521373,16.349955969937522,26.894519004245502,45.42979046041831,72.00438364400009,157.7080758477679
state,Benue,cases,29,40843.11186204663,12783.457194573692,16587.91999327002,26110.011941963498,57027.3718427781,105236.97640572386
state,Benue,hospitalizations,29,471.76380616689335,105.67753834872062,163.74594110901126,318.59387211076336,663.6769965243329,1266.9866890015314
state,Benue,deaths,29,54.40917167300405,13.801542951944631,24.539732497470258,40.69432370224571,69.64058772167549,134.7429206898708
state,Benue,cases,30,44936.74023644866,7835.214019663782,13457.929028640145,30838.904887758425,63430.99903630064,125726.84822912692
state,Benue,hospitalizations,30,583.772746235451,162.74323632036743,224.09170080294678,375.9538808166081,824.9454139340081,1514.0874998888714
state,Benue,deaths,30,70.25152547131466,20.23543400721762,33.398595938505025,53.90730596263156,88.99495289169843,166.352953218963
state,Benue,cases,31,29819.06298550037,7401.430341304461,10162.065901530652,19814.123305883815,43180.036142128076,80279.23462664786
state,Benue,hospitalizations,31,372.7479327317716,101.497842062904,142.33397119985494,241.73678047672664,509.8752392958577,976.7079290494248
state,Benue,deaths,31,43.97485068225014,11.455964515844297,19.669702744151813,33.9950847965322,51.23908559156483,106.68375776700607
state,Benue,cases,32,16429.358451596814,4014.136918630386,5564.704611643852,10689.96823165249,22536.675013074713,43517.33919272193
state,Benue,hospitalizations,32,204.68323165259613,44.2006358944399,70.53314052198988,132.7894650825676,281.3409662196774,563.1401366865132
state,Benue,deaths,32,24.158397868795348,6.94291168268556,11.621297555779055,18.62037458656165,29.303287609908836,61.32061430867446
state,Benue,cases,33,11299.955192103154,2292.9203146661766,3476.1244123552,7700.434616210302,16124.572868387426,30730.256413307863
state,Benue,hospitalizations,33,129.48296176487716,35.78140108016361,49.39836754192184,85.2790119849591,174.5711487381472,344.58930735549825
state,Benue,deaths,33,14.865257144761905,3.516476377404217,6.590608250947284,10.836563487019863,17.84447174709571,39.750086142719134
state,Benue,cases,34,8447.127371375165,2220.8915914497557,3000.9584578052654,5407.050265589957,11421.237796632511,22422.04273202235
state,Benue,hospitalizations,34,96.50972760962492,26.078999406549535,36.638868517382875,61.28746612757291,134.8489512712387,249.5877761708136
state,Benue,deaths,34,10.066380600732646,2.4556873493738514,4.616260171668289,7.743488262139921,12.089029119000323,27.239970257265455
state,Benue,cases,35,6836.655266415776,2079.0582893501373,2671.4441688295337,4266.261022330633,9330.192936926502,18253.026774104997
state,Benue,hospitalizations,35,76.63771868401402,22.4810605875811,29.480731538160917,49.39728041508581,105.87403141633996,196.41814805560912
state,Benue,deaths,35,8.308712628817634,1.7020795780199371,3.460145817398124,6.00613076553835,9.99969944873181,22.001246193687386
state,Benue,cases,36,5400.194176162988,1076.8325798358485,1652.2332769936193,3731.2920324295987,7690.793987216532,14269.966566446436
state,Benue,hospitalizations,36,60.44974661552303,17.116748529069742,23.39643068048749,39.33285942312453,81.83978969920861,158.31345287790018
state,Benue,deaths,36,6.631908608166281,1.60305646388194,2.8103308297143226,4.862829842060708,8.095204401879315,16.50132688268106
state,Benue,cases,37,4721.372199097371,1317.0872220152162,1799.9619547089437,3107.453071264357,6683.796805987065,12626.983984372051
state,Benue,hospitalizations,37,58.57975666347763,15.875991774977937,22.59344038657852,37.39630950863378,78.8195028676959,152.7375964739023
state,Benue,deaths,37,5.826291215909725,1.3371836727021593,2.2342741270769673,4.133287749676576,6.951889848222243,17.55753416971747
state,Benue,cases,38,4619.004990008149,1317.4477564580422,1754.6904075543378,2968.5021458913807,6185.218197522961,12497.116140683838
state,Benue,hospitalizations,38,50.1752535946002,12.916896540051809,17.85833290314853,32.611927326563666,69.59344482747852,135.5337608464074
state,Benue,deaths,38,5.1963106726919,1.0698416173023375,1.947280752144641,3.8930867200507504,6.530344465866885,13.428365517640477
state,Benue,cases,39,4233.255707909914,1196.9826148419165,1596.949375770641,2839.4948128179135,5779.001752821011,11106.069392285666
state,Benue,hospitalizations,39,48.4961272881263,11.571190429745716,17.098486492139237,31.670550631654052,68.6976064760999,131.40467062780903
state,Benue,deaths,39,5.84411359222654,1.13351513147492,2.1228024381163717,3.9733322538671367,7.443908054863351,16.986759317198032
state,Benue,cases,40,4505.207747805157,899.0124170088917,1401.3482044897007,3051.8207968531365,6454.03552159378,12759.888527186127
state,Benue,hospitalizations,40,47.62023270130306,12.265906272308369,17.110288704884518,31.150504319361858,64.98733411224795,132.6241949977409
state,Benue,deaths,40,5.788602352386424,1.1039748654946027,2.08466388051092,3.8944747953209506,7.0455136057101715,16.1079446296326
state,Benue,cases,41,4400.627127919329,1096.6454481250453,1560.4681594305885,2834.222706659561,6213.489890612116,11477.248133301007
state,Benue,hospitalizations,41,49.172847336342215,11.410970594427127,17.400548558114863,30.704179123277612,67.60881824795459,129.9785755750209
state,Benue,deaths,41,5.406182105130669,1.1471468659953383,1.8931392698434635,3.784827011079395,6.8149856736835694,15.488937892101859
state,Benue,cases,42,3875.0586413912642,1138.9768120548529,1530.2692960699474,2447.733942162942,5359.866209821167,10144.354003452072
state,Benue,hospitalizations,42,37.90127232665971,7.578146442514515,12.435411387207797,25.323490011834622,52.50869005847606,105.11662413308717
state,Benue,deaths,42,4.645620789732306,1.1680963322080506,1.7698909774800144,3.303564205972896,5.8657410832491745,12.523959712049951
state,Benue,cases,43,3173.3964024097704,952.4298696485251,1209.4993361511843,1928.2800301995862,4372.490818708453,8446.026662194945
state,Benue,hospitalizations,43,28.561712423278472,6.771852462629848,10.098678215176339,18.38583781167196,39.989497715129346,77.880454565322
state,Benue,deaths,43,3.0682293612303853,0.5986035471411333,0.7486858015753904,1.9279230052060807,3.8733031994782277,9.361434374070278
state,Benue,cases,44,2007.6867692667236,493.84104932186136,672.507316551423,1300.3473363627054,2777.64968831018,5735.123361858273
state,Benue,hospitalizations,44,21.090975396489068,4.656269217701514,7.047514257602695,14.216364278481043,29.45956457954181,58.27846985563346
state,Benue,deaths,44,2.6035160950913094,0.7802129448811881,0.85096290488035,1.7346446250689533,3.059523703905468,7.815547099422859
state,Benue,cases,45,1408.552979592365,384.7507554080087,526.9458356675773,922.7702061449695,2015.1621864016108,3529.9979906649614
state,Benue,hospitalizations,45,16.27820497705835,5.168076710288821,6.459169344368293,9.946491961283222,22.570003569362257,45.33270438745685
state,Benue,deaths,45,1.7885825025687427,0.47074214597922037,0.47074214597922037,0.996592354888687,2.21534911179116,6.063280824673795
state,Benue,cases,46,934.8354185772438,213.90475943440597,309.8160519209928,640.9740073552872,1332.4306986625136,2549.542325310635
state,Benue,hospitalizations,46,12.164701475747918,3.032437085525724,3.99508843546958,7.792261133539365,16.639013667976087,32.880536636434606
state,Benue,deaths,46,2.2257107681296806,0.525870114331289,0.525870114331289,1.1928509159092293,2.654453949805519,7.140021373616972
state,Benue,cases,47,772.123932960537,257.9223912062631,328.7083016919454,492.15957644010314,1064.4663687453378,2002.4438111924821
state,Benue,hospitalizations,47,8.45461576507619,1.9931875323042645,2.5262791269350915,5.45473404590314,11.283406461428822,25.131110752598218
state,Benue,deaths,47,1.3656573700194274,0.34708823315325943,0.34708823315325943,0.7075594299496313,1.717530356478928,4.344606371875523
state,Benue,cases,48,736.8524168440712,216.3058113633499,286.5484121425162,455.96020985659095,1020.2924611530808,1970.4620035475245
state,Benue,hospitalizations,48,10.022391056555216,2.547423101949845,3.2473546989986923,5.99142069502581,13.871537073939457,26.495903654707988
state,Benue,deaths,48,1.4719588190502053,0.35188914885048905,0.35188914885048905,0.8202733615925857,1.9697918432120627,4.625854202997838
state,Benue,cases,49,490.54655159290326,128.44232330540362,178.7311254704705,323.0420620794847,705.2229642165471,1261.589283230889
state,Benue,hospitalizations,49,10.155725740980511,2.9812692849532625,3.544156260254515,6.115457201731096,13.893058896440746,28.710059927413266
state,Benue,deaths,49,1.3959084180433114,0.4128102869481538,0.4128102869481538,0.678507937370979,1.659001387991684,4.668764043301493
state,Benue,cases,50,559.006972354294,141.99510887318598,195.28602316531294,368.70399636148676,779.2684165418896,1463.9234446088385
state,Benue,hospitalizations,50,8.597684779210836,2.3265956230123344,2.776176066396327,5.2631137728077455,11.828020876886807,24.445350959522106
state,Benue,deaths,50,1.0637979754279603,0.3325788539335177,0.3325788539335177,0.4878712824243866,1.2558485226515628,3.593413603127071
state,Benue,cases,51,612.0747441192278,183.88789983036426,235.00023301793004,378.9086170649772,832.3912723720932,1597.2389205148284
state,Benue,hospitalizations,51,13.594376753869058,3.476194259177685,4.538868691955859,8.72079606730535,19.20660727827893,36.52464604811593
state,Benue,deaths,51,1.1356486104477153,0.38681539406262405,0.38681539406262405,0.4136446780740734,1.2305552197730085,3.957162751796429
state,Benue,cases,52,586.0870241583766,189.54627001573965,240.2978324659579,374.878038737704,800.4028045100506,1457.32059793284
state,Benue,hospitalizations,52,9.265017798111717,2.393248106579818,2.9336089709142876,5.604382839219435,13.36913514103512,26.008351135972347
state,Benue,deaths,52,1.2567556004768732,0.3550748678025605,0.3550748678025605,0.5279659062421622,1.4484860631659369,4.196730606159608
state,Borno,cases,1,1205.0794122831378,285.008984145533,416.9130504579382,767.2925140366638,1680.6823501108418,3262.774216306008
state,Borno,hospitalizations,1,19.29857346442883,4.797070259149186,6.869668785789328,12.13045939534975,26.374295736375913,55.12205542222638
state,Borno,deaths,1,3.3435078486382843,0.8975334018059367,1.045390032304633,2.148559046965636,3.8584997195491595,10.017356190100637
state,Borno,cases,2,3634.976972598803,1074.6794470115126,1438.285278581382,2313.775133310389,4921.206812748431,9460.58934016403
state,Borno,hospitalizations,2,36.136934133981896,11.849828022126793,15.164249204338713,24.105317390556472,48.12701464156356,94.47100536917166
state,Borno,deaths,2,3.4667824177036137,0.9281730842994775,1.121434122508759,2.2438349216765476,4.24743931264895,9.42558479974928
state,Borno,cases,3,1436.9885154967299,358.208669213787,504.4989028201137,949.921727431198,2002.9439362842825,3776.663457585981
state,Borno,hospitalizations,3,27.187891688984173,6.343641577101441,9.984352651178744,18.311217788764935,37.03131187385367,72.69653097637479
state,Borno,deaths,3,1.6793132289675619,0.5409398830146329,0.5409398830146329,0.9545888142835374,1.9602773790663823,5.261284007049248
state,Borno,cases,4,1327.443088199991,350.11397401744966,489.99769555799367,878.6828710775919,1893.7800077684217,3441.2987096099932
state,Borno,hospitalizations,4,19.874665623446862,5.227269066949496,7.244229970792983,12.21651452074413,25.76180261468682,58.7707333028734
state,Borno,deaths,4,2.554441357623696,0.8302595988536667,0.8302595988536667,1.5578134157175831,3.136213843710677,7.322731890149626
state,Borno,cases,5,1295.5226502802007,347.7710588949611,469.0610139080634,816.3439146862572,1780.4832118578684,3481.6346452310354
state,Borno,hospitalizations,5,12.47087024165529,3.535478620047712,4.525446421520024,8.138402467117674,17.913916891559815,33.832174327759034
state,Borno,deaths,5,2.1669515212194947,0.6324991386973684,0.6324991386973684,1.4868830053196824,2.7311594768864857,6.01214313369533
state,Borno,cases,6,1110.172329616509,307.886884328573,416.79125327948714,717.814887773462,1508.604738841867,2803.759020147669
state,Borno,hospitalizations,6,19.611605988299075,4.7215005323137476,6.875879972193307,12.780992722596837,26.032193262330214,55.52407443059835
state,Borno,deaths,6,2.3226333083281396,0.6343496049668345,0.6343496049668345,1.4000137407957163,2.8039565404590174,7.298899160066906
state,Borno,cases,7,1696.806000621154,528.0774476757189,703.6049038572935,1088.8373088418127,2372.2589840454207,4106.134479721183
state,Borno,hospitalizations,7,21.884908319342642,5.5657692511591375,8.041775051643729,13.737744388004858,31.187456534983973,57.43114292090976
state,Borno,deaths,7,2.132182033634596,0.5762247455303732,0.5762247455303732,1.232487677468442,2.356987806881051,6.878697754914882
state,Borno,cases,8,1671.1724209825898,439.5900930617493,607.1442384457376,1054.3057774388403,2212.3545262701446,5014.201610748341
state,Borno,hospitalizations,8,26.77385502084982,7.370929537571736,9.952611188014753,17.467838034362227,37.38816687936866,72.91390376611746
state,Borno,deaths,8,2.4750115137562627,0.8045717167707573,0.8045717167707573,1.508001041784378,3.0341827722113104,7.433180612160564
state,Borno,cases,9,2202.697676234513,590.3894699301076,786.5334504433297,1422.5876481803946,3124.0296903986728,5952.427835296725
state,Borno,hospitalizations,9,22.881569242663808,5.773005721730618,8.385436556022148,14.409715210376218,30.461379474844602,60.695170002572844
state,Borno,deaths,9,3.563882421250759,0.8530526434167425,1.109938106766476,2.3992426524739163,4.465362032529461,10.870930822801613
state,Borno,cases,10,2471.5879496160364,666.0299589715524,898.0370189604935,1613.4845179063607,3517.637904912698,6521.103010580489
state,Borno,hospitalizations,10,40.60294181196268,9.355076664326079,13.957380797472421,27.09577466368987,55.32629638796109,109.20036557286728
state,Borno,deaths,10,3.3066734959390858,0.8042385219109953,1.1410187643974117,2.36694761843397,4.426924737371655,9.20187012026371
state,Borno,cases,11,4297.149331584938,1112.5782498314752,1539.7047164715364,2799.9318768369762,5857.239608959593,11384.075682805624
state,Borno,hospitalizations,11,48.06196949078655,12.09147959742429,17.128540731421985,31.94195274234163,64.89086170942257,132.0078087925295
state,Borno,deaths,11,4.069409757474206,1.003672517181935,1.5223125730828597,2.8942717520456562,5.306349120243318,10.383206826426111
state,Borno,cases,12,3838.733579213107,990.6485718735759,1371.4955970167057,2489.212616221521,5509.867654837717,10026.697077331306
state,Borno,hospitalizations,12,53.73529947050473,13.859528720740437,20.141377346313924,35.42417202799043,72.006933752048,140.94891742273555
state,Borno,deaths,12,8.00916575182519,1.5585824437440916,3.1362458420107178,5.779448762483432,9.881057249939417,22.66639320087948
state,Borno,cases,13,8379.408876668916,2568.3343496953025,3337.166329790054,5234.912791641597,11340.776335575847,22078.303391985177
state,Borno,hospitalizations,13,126.47681691769913,38.85017165490854,51.84210553705215,83.27186207022567,175.96891412940812,313.82417852158346
state,Borno,deaths,13,11.245838584956362,2.39902018170562,4.932489196702773,8.473329083782712,14.44764067949255,28.301963806519677
state,Borno,cases,14,16957.338029276973,4186.181311024497,5876.959205984347,11305.466761209025,23505.977297268968,45422.94556299929
state,Borno,hospitalizations,14,266.41760046276823,79.47442758118773,107.9461490277202,174.04307853307105,359.4090516189192,707.3664002127216
state,Borno,deaths,14,23.32266406305254,5.19141486557262,10.167026311966744,17.093939117152786,28.781090782145203,59.26010353790422
state,Borno,cases,15,31984.512301869272,7340.669977432784,10527.145926264933,21389.501268682834,45789.97544193646,86338.2158101493
state,Borno,hospitalizations,15,415.9352647592967,100.58523674319852,144.85156903252624,273.70910105571255,591.1228791547826,1114.9605980508409
state,Borno,deaths,15,53.788228092196555,14.759298612960897,25.16543162829493,39.36306998082592,64.41035792261093,137.02902669107104
state,Borno,cases,16,73744.95267155483,21436.912519699195,28100.595502377095,47741.13414283366,104326.75082032575,185431.44137849179
state,Borno,hospitalizations,16,847.7562020451419,250.29470578955403,334.7654421438882,543.2861247149629,1102.2377039815285,2336.2355136147444
state,Borno,deaths,16,108.71888363842436,31.288151128290785,50.36313542385881,80.28391221851682,126.53446158495994,281.8631976954173
state,Borno,cases,17,100490.57812638879,24912.296893136696,35906.62654823425,65785.51960678792,141295.50996619067,273333.7212011405
state,Borno,hospitalizations,17,1322.6383742592834,356.58609307865873,504.09700425693023,852.6866123242083,1794.843847438085,3525.941267022649
state,Borno,deaths,17,214.69461788687087,66.93002459057735,102.40280506127394,161.95493857590378,240.3937053836267,529.9654989561434
state,Borno,cases,18,161565.9400505833,38718.55240028298,52681.98455768314,100975.77437425074,229970.88800759736,424119.99816618336
state,Borno,hospitalizations,18,1437.1600246861287,308.26578797392534,455.5257474659226,939.0370095325866,2000.1859120398803,4072.4795721979194
state,Borno,deaths,18,298.3570584891553,71.62021649419329,126.38629739335565,213.58126443730507,361.97451221966537,781.4351945062797
state,Borno,cases,19,173826.87580231405,53649.66225261547,70944.41971488796,112523.97098794275,242013.15434942362,443150.0213149235
state,Borno,hospitalizations,19,2143.7427791078426,578.4304180550798,800.6937920645016,1440.216059191454,2833.62788443556,5716.377062829332
state,Borno,deaths,19,248.48326164054168,76.54645584726455,118.62782081745212,187.43502958201972,310.5098956668361,610.685357449156
state,Borno,cases,20,167718.5412302422,44885.14655582136,61550.32086675741,102697.0285873342,230770.63989458425,461889.8127348827
state,Borno,hospitalizations,20,2275.5599659487148,784.491440119165,1029.7843524501286,1526.125519649607,3070.629362723277,5572.939903403734
state,Borno,deaths,20,155.18857818673686,43.2808040137259,71.3056787391842,114.35576635103901,187.77944925107676,397.2085397481149
state,Borno,cases,21,58551.0972427697,18950.346002753493,24234.876953298583,37108.240884793406,80521.48538040841,149145.82717550502
state,Borno,hospitalizations,21,852.0997528385963,218.20078188763844,309.0747991442756,549.9035080846716,1158.7860714620053,2309.070009275077
state,Borno,deaths,21,98.92378690776346,26.300923549154867,46.71611487233411,73.85165388571612,123.68906248362765,256.8631996569744
state,Borno,cases,22,13812.254167011113,4051.75500982714,5492.82149776289,8871.169817974622,18900.482577142295,36733.77043767951
state,Borno,hospitalizations,22,293.4618675283473,86.84318752466069,115.38279971389818,184.85145691858028,402.8460605674499,798.6465972062692
state,Borno,deaths,22,25.504939387610516,6.82470546009134,11.599778730457977,19.02607852464138,30.87731663534288,63.5666098290272
state,Borno,cases,23,8583.076795592344,1945.3107409322201,2731.053992842997,5436.051007717091,11746.9698711277,23569.052318752067
state,Borno,hospitalizations,23,77.23140048810589,19.90514918204187,27.72132069262068,50.25207998305763,105.91233602256744,209.0422802695623
state,Borno,deaths,23,21.10693851892311,6.536378790314628,10.112809759574306,15.846960084596384,26.17636989841443,49.87012849294216
state,Borno,cases,24,12151.389177648425,4050.448609755847,5193.271204973526,7674.2139121697855,16344.241654775184,31147.5867015877
state,Borno,hospitalizations,24,122.63235907888121,27.293367134685678,42.84097939035048,82.77214593724744,164.22815917659676,336.84985926348435
state,Borno,deaths,24,20.67270939528099,5.200982650635636,8.853571231472502,15.480665266268073,25.323222642146803,55.45185441117356
state,Borno,cases,25,18842.317734473818,5079.7466647986985,6878.897482951194,11939.857977550777,25847.16551101006,49725.7821086221
state,Borno,hospitalizations,25,171.76430086391738,37.89006407513323,58.590435128196724,115.43151400391005,246.86586349002943,457.7195261192997
state,Borno,deaths,25,32.193921097160654,9.747525771522776,14.992215645738936,23.789967145262302,37.269447465220644,85.47761600976499
state,Borno,cases,26,37835.74868543068,7540.321728394962,11335.50815988427,25880.648836420878,54687.100170588375,102874.52095279298
state,Borno,hospitalizations,26,471.21277516418064,150.3931451080419,193.9686042783398,294.4703054447513,632.7254510706941,1283.8449708196658
state,Borno,deaths,26,63.55187980903679,18.187730426386196,31.063406687052108,48.01569048060964,76.43366603265994,151.8941919951041
state,Borno,cases,27,40951.848286827415,10395.470688818921,14430.601904473073,26722.471704685948,56925.4357554334,108183.43745764547
state,Borno,hospitalizations,27,456.6976220965229,141.81057693238932,192.74337370699106,312.9193503186177,603.3853761794637,1183.5600732321775
state,Borno,deaths,27,82.35682201825023,22.97697694465043,37.67032149385763,61.233500357880125,99.5237868126402,210.6316712359798
state,Borno,cases,28,51324.15319872041,15662.528424260838,20545.27676874378,32795.95153502018,70047.50529051216,141470.58610814487
state,Borno,hospitalizations,28,800.269446424982,192.07594073537814,288.1999082865482,541.4447318198881,1071.4543027736688,2140.485721578094
state,Borno,deaths,28,103.51865348675305,28.54207191150069,46.496482860706095,78.05681207457988,123.30583427432188,269.23500219565966
state,Borno,cases,29,52184.468207961974,16333.371199864923,21194.23518682868,33360.36646029577,72862.6797344234,134458.8479834828
state,Borno,hospitalizations,29,830.2423667696575,186.56700132591735,288.66643430991775,560.9295791959333,1167.6759276432208,2228.452091402221
state,Borno,deaths,29,119.67072073234516,31.234967642227637,54.620718280518304,89.80236971037388,152.84187086637394,294.62246789444214
state,Borno,cases,30,41820.44417358449,7291.796331797202,12524.593099382595,28700.250970691268,59032.18218844998,117008.0030809897
state,Borno,hospitalizations,30,699.3377947062742,195.1028070492563,268.57519200723567,450.448962518477,988.1719363908289,1813.5049428004424
state,Borno,deaths,30,69.63194667621592,20.05077796612149,33.09947756196935,53.429850887172954,88.21238768893573,164.89770941294285
state,Borno,cases,31,54703.45813318224,13578.647396673457,18642.991911934834,36349.54640285752,79213.96292388992,147271.88591546254
state,Borno,hospitalizations,31,735.0357708532384,200.85283070904816,281.2729458606924,477.03061284312736,1005.0857001042464,1924.4367615289889
state,Borno,deaths,31,89.35873480001034,24.02521247524023,40.52739053764027,69.30843990509771,103.95327076263433,215.34686858843946
state,Borno,cases,32,32659.366085397847,7980.313495489809,11062.54135090758,21250.571429909607,44799.52695193666,86505.01833490007
state,Borno,hospitalizations,32,413.68140000749366,90.12975726477386,143.2191598228768,268.7351759836206,568.2323395093184,1136.3723555486995
state,Borno,deaths,32,48.89142540952707,14.7517477095068,24.029548710533817,37.90955896277116,59.09505837014646,122.58926208780564
state,Borno,cases,33,14075.265143681114,2856.2656044403125,4330.04320244361,9591.767496348697,20084.721554562537,38277.29649076478
state,Borno,hospitalizations,33,186.23902682940306,51.7801764346951,71.3201034426558,122.80772187694642,250.9391848898074,494.9100001768101
state,Borno,deaths,33,28.271367081651725,7.334068717570105,13.006638247471031,20.841525392279515,33.77293123292434,74.1944635112896
state,Borno,cases,34,9751.532567068864,2563.955421899958,3464.4659355553795,6242.062399629305,13184.850686615624,25884.19856338629
state,Borno,hospitalizations,34,144.045628101774,39.279997409166825,54.987797170875496,91.65257318316466,201.0752437374043,371.74918557322746
state,Borno,deaths,34,21.148930556586215,5.921936446833308,10.249685531942868,16.513699578502585,25.218062733275683,55.56625140485385
state,Borno,cases,35,7288.8000009044945,2216.6035978389436,2848.161407717879,4548.436640544728,9947.224593034141,19460.08705537804
state,Borno,hospitalizations,35,107.32628409930683,31.7627199814711,41.52924046979919,69.31845856828173,148.11949788317452,274.4541465400145
state,Borno,deaths,35,17.777981295695447,4.415621145707184,8.009236257401238,13.151978410832335,21.21875587732275,45.461185274535886
state,Borno,cases,36,5571.10416747183,1110.9384369563215,1704.546538799587,3849.3929519706467,7934.185430039732,14721.542772057468
state,Borno,hospitalizations,36,87.54021052239948,25.10378976282818,34.15196429563497,57.11420748185479,118.36095767048101,228.54918613800973
state,Borno,deaths,36,13.734827811365461,3.6804455482538154,6.377775037271418,10.351938083488779,16.610641961001924,32.887045079456335
state,Borno,cases,37,5169.5270113817105,1442.1741712543144,1970.8738889478627,3402.4463805408755,7318.186416005259,13825.384185255733
state,Borno,hospitalizations,37,79.14968251142494,21.702987597090974,30.739858113903217,50.65390871077968,106.37983330248676,205.82060008637
state,Borno,deaths,37,11.477709157781726,2.7326283523082524,4.939972366032036,8.427644714681914,13.604206106320177,33.08221932302333
state,Borno,cases,38,4400.273030415703,1255.0264685992547,1671.5680723809844,2827.912465839184,5892.334611523139,11905.398720339454
state,Borno,hospitalizations,38,64.96640532645401,16.939593767939495,23.309358803481654,42.327499077162216,89.99857279528925,174.99902378698246
state,Borno,deaths,38,10.093607288055642,2.220127615650332,4.302370143336345,7.803015089171047,12.547631536559877,24.957667752626094
state,Borno,cases,39,4688.621202962036,1325.817523289285,1768.7979977626278,3144.9707726697284,6400.601755546082,12300.559404532243
state,Borno,hospitalizations,39,64.63435182077552,15.670661414051096,23.000411266010357,42.32443222737298,91.42602802225943,174.5818946511503
state,Borno,deaths,39,9.928519973804505,2.0572304002317963,4.00092570542051,6.964405562896597,12.522263313988041,27.80439887220156
state,Borno,cases,40,4697.5758626141605,937.4335688186407,1461.2138599368707,3182.144433579916,6729.598274979708,13304.645495050807
state,Borno,hospitalizations,40,69.38276370258845,18.20499460866198,25.21818591200538,45.54414477569402,94.52957557909691,192.447163868124
state,Borno,deaths,40,10.665686762859044,2.1504221116360154,4.321286500422786,7.443351906038812,12.87914035286796,28.512542803388317
state,Borno,cases,41,4648.2211963970185,1158.3886386200945,1648.301645356631,2993.705621631962,6563.058536663575,12122.906221032725
state,Borno,hospitalizations,41,66.80012763178189,15.77214422071433,23.866439881465617,41.84492180601426,91.71772789343132,176.00400969078132
state,Borno,deaths,41,9.597077377494784,1.998005118674521,3.807065199373091,6.950179118485581,11.984907452310846,26.397021754862074
state,Borno,cases,42,3812.958747884769,1120.7127853261272,1505.7362151716734,2408.5017913873608,5273.977617430581,9981.811208956597
state,Borno,hospitalizations,42,53.274723862216064,10.968895208606405,17.746127972474905,35.728574825319924,73.65947432251664,147.06214403675884
state,Borno,deaths,42,7.393759906579732,1.7470630559282636,3.1427869108679403,5.4366249818267205,9.26874433843965,19.227107757561612
state,Borno,cases,43,3308.0202657710947,992.8641432000994,1260.8357404847084,2010.0994056796478,4557.967411972875,8804.258974428387
state,Borno,hospitalizations,43,41.131209977115326,10.079803462134663,14.822633523336108,26.63707545079447,57.435949585894875,111.45451940705941
state,Borno,deaths,43,6.366579031306774,1.1033660014941375,2.2232359296375876,4.396845231482157,7.98263481891651,18.09854104550834
state,Borno,cases,44,2178.2890751083046,535.8690177094835,729.7098147023881,1410.873705969513,3013.646684559008,6222.305279466076
state,Borno,hospitalizations,44,25.83987566208982,5.696718253094489,8.78203214068058,17.496017487112354,36.024655088585476,71.05503200324986
state,Borno,deaths,44,5.133261744531721,1.3549803030426024,2.2145304614976835,3.749202928636381,6.050094073181642,14.309785307498716
state,Borno,cases,45,1410.787356778523,385.3622348627757,527.7827181032296,924.2345363998417,2018.3581406212193,3535.595212953831
state,Borno,hospitalizations,45,19.90826333811474,6.259143633740225,8.033924017003198,12.25747842226309,27.546023222662956,55.114308660196244
state,Borno,deaths,45,2.5652927231741884,0.6170698365969318,0.6170698365969318,1.6172224618193205,3.2148232699407444,8.258864075688889
state,Borno,cases,46,1368.5789098489863,313.50938947684034,453.8739031492244,938.5178294082355,1950.452708863936,3731.6744725406106
state,Borno,hospitalizations,46,21.673212352813614,5.238314259879429,7.6286515574461875,14.18799090416025,29.47011173560699,57.5261600453729
state,Borno,deaths,46,2.4626721559059015,0.5681528443685024,0.5681528443685024,1.369167692167091,2.9482913168320657,7.794522013333805
state,Borno,cases,47,987.2722696974093,329.97645580964746,420.4609815575443,629.3981976927768,1360.9690474385552,2559.9709880750593
state,Borno,hospitalizations,47,15.399711892266026,3.477936840614248,5.153046759066546,10.262942884586877,20.433463318453555,44.596488689434125
state,Borno,deaths,47,2.3161860849986144,0.5076567591655685,0.5076567591655685,1.49750352645366,2.974703034934014,6.817106114812972
state,Borno,cases,48,1091.9827308166687,320.89567141641425,424.94622118306575,675.8963638824303,1511.8432158940352,2919.3318646769953
state,Borno,hospitalizations,48,12.736237352773605,3.182131660477629,4.305613288431374,7.733382816671246,17.576886158694066,33.346703335664216
state,Borno,deaths,48,1.510497851852631,0.3582349543724176,0.3582349543724176,0.8530993262099871,2.0233476903849477,4.727308245509724
state,Borno,cases,49,867.383460849801,227.67737008453082,316.5193402388836,571.4641265768402,1246.6383768955416,2229.5347232136673
state,Borno,hospitalizations,49,8.8861088004696,2.6369400991966137,3.019317516924106,5.293639596416465,12.172947644123045,25.278621917026413
state,Borno,deaths,49,2.2913671347722913,0.5921029134709352,0.5921029134709352,1.407521012494216,2.813864427634459,7.130833489233392
state,Borno,cases,50,592.5470919949371,150.55941842003065,207.04204947525957,390.84642829846484,826.0005062025041,1551.6611157846153
state,Borno,hospitalizations,50,8.536435459416658,2.3114470115793035,2.7515891449017853,5.222334242421503,11.744496820623365,24.279674668098576
state,Borno,deaths,50,1.2441754110352332,0.36909080489250123,0.36909080489250123,0.6512162535632277,1.5035053705112114,4.09769849745541
state,Borno,cases,51,933.861040608044,280.9305412418624,358.87035111003763,578.3123407743205,1269.815735922601,2436.11115929153
state,Borno,hospitalizations,51,15.262543908660723,3.876426615160309,5.1765875018891965,9.840001963745845,21.533099250368647,40.8450540505169
state,Borno,deaths,51,1.596537017340299,0.4925241881786542,0.4925241881786542,0.7999650689413539,1.8401206768634983,5.311854692118914
state,Borno,cases,52,923.1937673138426,298.9583841695341,378.8516125459763,590.7080881995857,1260.5701702789113,2294.6916979846983
state,Borno,hospitalizations,52,9.206848240727238,2.3794470748469787,2.9109252123508047,5.566297654115019,13.2862733226095,25.852603342814408
state,Borno,deaths,52,1.964437341251708,0.48906729056580167,0.48906729056580167,1.1045650188294887,2.3724562155340916,6.1577889279623275
state,Ogun,cases,1,1573.267366579979,372.32086569379453,544.4921713309002,1001.8343246038845,2194.0608042644535,4259.128469392601
state,Ogun,hospitalizations,1,18.94777224440803,4.713907321339597,6.733238685653426,11.902827211721794,25.899729651052525,54.149112614911125
state,Ogun,deaths,1,3.3460930535868565,0.898096513897235,1.046673309179114,2.150534451631295,3.861547940297425,10.024268474893942
state,Ogun,cases,2,746.4647658674568,220.13244722620325,294.8805960210398,474.8591338984736,1010.8810406581113,1944.0631052332794
state,Ogun,hospitalizations,2,8.375325883946303,2.79727195675623,3.044648852124795,5.281899758059133,11.29265404575573,22.88893461095448
state,Ogun,deaths,2,1.1634910703243904,0.4097267927539764,0.4097267927539764,0.4319377507967521,1.316396064604128,3.6022035058362283
state,Ogun,cases,3,828.4451545697998,206.19490242654777,290.5764702332538,547.5004996166429,1154.8935068451246,2177.991429154578
state,Ogun,hospitalizations,3,10.688000878207976,2.5029372426251877,3.5357865774024724,6.9742125204052225,14.704331369943898,29.431628209596425
state,Ogun,deaths,3,0.5297294887811008,0.0,0.0,0.0,0.5435370011925084,2.64957879147123
state,Ogun,cases,4,635.5051730498707,167.23141523888873,234.25477000425286,420.4879079561712,906.8576925491228,1648.329922607722
state,Ogun,hospitalizations,4,10.121836100503131,2.771201370350885,3.370622805127946,6.006645856958402,13.187588801920864,30.68705033438455
state,Ogun,deaths,4,0.6103878142091408,0.0,0.0,0.0,0.7143608026524757,2.885353474307732
state,Ogun,cases,5,704.362152015587,188.74593664810854,254.73270800719436,443.66902485301443,968.2008325686672,1893.6978423503117
state,Ogun,hospitalizations,5,10.45726351029352,3.0012026897911257,3.690449708429817,6.757421557915486,15.055675723098862,28.568391303787052
state,Ogun,deaths,5,1.942383980067637,0.583092815641585,0.583092815641585,1.2926254361855838,2.439707901367575,5.4644045080108
state,Ogun,cases,6,948.2704314973297,262.8809284169686,355.9175299868235,613.0809130109579,1288.6497722593595,2395.0953079352566
state,Ogun,hospitalizations,6,12.826607281442016,3.1606830367340226,4.2722985112671035,8.22531928770572,17.095983280148715,36.838539251913346
state,Ogun,deaths,6,1.9451161358515352,0.5549648848058163,0.5549648848058163,1.0996676576518203,2.32791616287448,6.26034599898964
state,Ogun,cases,7,848.7939373324643,263.8163613803158,351.6721988811375,544.4905551009169,1186.8748782980797,2054.722490908424
state,Ogun,hospitalizations,7,14.741861411500759,3.8229799965393054,5.210556635714504,9.122967634297463,21.10871434296257,39.13480984951819
state,Ogun,deaths,7,1.1233054192985745,0.36300281029966297,0.36300281029966297,0.4063944791792965,1.1147929128206642,3.9633228158282825
state,Ogun,cases,8,1402.612867910862,368.82904175164305,509.473123415529,884.8182028402532,1856.8783236336312,4208.734252091786
state,Ogun,hospitalizations,8,17.502496588931994,4.788216472461592,6.289070240031512,11.290527464473199,24.54770181890187,48.19042838439469
state,Ogun,deaths,8,1.6622364249536012,0.5961259704356369,0.5961259704356369,0.8582365297254014,1.9890202077342054,5.248340417011702
state,Ogun,cases,9,2517.236118230608,674.7997429411308,898.9397696919474,1625.7793317459289,3570.0718043464913,6802.173213732718
state,Ogun,hospitalizations,9,42.15145524434401,11.153273161123147,15.96981405391577,26.86231627937338,55.88534106868188,110.55107774892005
state,Ogun,deaths,9,2.637752257507122,0.6710901840224013,0.6710901840224013,1.6741589687227316,3.2995597522196904,8.338773183426227
state,Ogun,cases,10,4230.322432681844,1140.4836948895877,1537.5157509684077,2761.8560427529196,6020.420391478389,11160.229181439825
state,Ogun,hospitalizations,10,74.33991804684712,17.753671065052934,26.088722620171225,49.883149728469874,101.01033454552882,198.57953709043227
state,Ogun,deaths,10,9.224902175532657,2.1423657840251895,4.156061047532523,7.108377074114903,12.06927137284014,23.56842789693265
state,Ogun,cases,11,9270.110496373865,2400.9889036147624,3322.3009294781186,6040.6116145959595,12635.226091491058,24556.614573607116
state,Ogun,hospitalizations,11,194.17006419715722,51.079842465236,71.11801679031191,130.04796112243423,261.1235951359179,528.124739263546
state,Ogun,deaths,11,10.479717217103152,2.4480513005812155,4.779545912434142,7.923209052926463,13.450165562048904,25.08311403834175
state,Ogun,cases,12,39306.38089963,10150.513725907236,14049.247524219318,25491.324872952046,56413.79272646547,102652.6087552056
state,Ogun,hospitalizations,12,630.256399876369,170.37776192304776,242.8275130842348,419.0868815808599,841.0028081931486,1636.1237764326438
state,Ogun,deaths,12,46.95833595833041,12.02174595659445,21.06285607842382,35.1617776241775,57.03987704217349,125.23723227064384
state,Ogun,cases,13,92786.24019596544,28446.471592064296,36958.91992928041,57970.62226722823,125574.27211205644,244459.34284738198
state,Ogun,hospitalizations,13,1378.5740229593134,430.2647817451767,570.8655193944533,911.0032535292457,1914.1852290277247,3406.076431538819
state,Ogun,deaths,13,118.62573005378898,32.22004761852382,56.98070122430136,91.58681221224467,149.97626125570088,285.38036284926903
state,Ogun,cases,14,189622.6925208636,46818.96431962069,65724.79973352945,126424.94887090335,262847.86098017625,507917.657574363
state,Ogun,hospitalizations,14,2363.528801637126,710.5616230259014,962.3109666592821,1546.7455485444054,3185.7669945767275,6262.4349890077265
state,Ogun,deaths,14,157.3867231330908,39.31853278386971,71.71974600844749,116.82784602930928,192.93465162801212,391.4141755646466
state,Ogun,cases,15,245016.1042554677,56238.046643775684,80647.25736374652,163855.64328156735,350769.4393767306,661379.2036947325
state,Ogun,hospitalizations,15,2435.4400477511736,592.6325371860843,851.3112191609549,1604.3145700694483,3459.1819944286026,6520.326744508228
state,Ogun,deaths,15,260.70243582428276,74.27614922961025,123.98227137398163,191.79896611280665,311.44029224087194,658.3119317296027
state,Ogun,cases,16,170786.1495297121,49646.74117724545,65079.06499642341,110564.29487162962,241610.07876394928,429439.2193760466
state,Ogun,hospitalizations,16,2379.0894024682248,703.6827636780877,940.5563251686525,1525.2918070266803,3092.70860716274,6553.095821182546
state,Ogun,deaths,16,191.59263799076086,55.6762985133411,89.15915418313054,141.67993403909557,222.86482232468614,495.5177153478082
state,Ogun,cases,17,79009.0477522367,19586.718830693582,28230.85127690284,51722.69816949708,111091.3343806213,214904.46548373208
state,Ogun,hospitalizations,17,1244.7625721136192,335.5476399964729,474.3797981583292,802.4602582016438,1689.1860009542527,3318.4349075581636
state,Ogun,deaths,17,76.4816736292917,23.4017771352896,36.14428515927551,57.53656197226787,85.71328232450082,189.73306465213426
state,Ogun,cases,18,44070.2483010276,10560.684261664343,14369.544450207079,27542.831025649106,62729.334407929186,115688.14911682825
state,Ogun,hospitalizations,18,511.75662380285075,109.26455928216146,161.7681182424659,334.15755895304744,712.4959352547316,1451.344382208741
state,Ogun,deaths,18,36.69724203613124,8.144854588527458,15.041389333041986,26.021600257256473,44.708334315637,97.52980924779067
state,Ogun,cases,19,6123.378169492218,1889.243110675717,2498.5794128063467,3963.5279714804396,8525.74633895514,15612.286581352606
state,Ogun,hospitalizations,19,129.21358058929675,34.178908245906364,47.673165014386484,86.50042443233177,171.09851459397697,346.1186130953235
state,Ogun,deaths,19,6.457113904442707,1.5370697163392628,2.5632291382389116,4.612717706328145,8.27862038700535,17.219633812630192
state,Ogun,cases,20,2789.7090661518864,745.8669137723941,1023.1610960566517,1707.8069604314,3838.841815334212,7684.46628029458
state,Ogun,hospitalizations,20,42.22461631584163,13.912768175771344,18.56972068972429,27.992892457725574,57.31571710219445,104.8227618527973
state,Ogun,deaths,20,2.5485203438348654,0.6612453408323667,0.6612453408323667,1.5358658965701149,3.149938771784532,7.753818622272404
state,Ogun,cases,21,3804.048712737095,1230.5663846066084,1573.9852993453794,2410.5697969600947,5231.809647667224,9691.410169356606
state,Ogun,hospitalizations,21,41.053337348857475,9.804415579140949,14.283599637389523,26.154056632902428,56.165903292252004,112.8634460250776
state,Ogun,deaths,21,2.523405334432211,0.6266563074343172,0.6282871771340635,1.5542730906630229,3.2549482939709318,7.799445272935597
state,Ogun,cases,22,3571.026093043066,1047.0185529624525,1419.6698510910123,2293.2908100106197,4886.811962802698,9498.395069317756
state,Ogun,hospitalizations,22,56.42165407163598,16.12933055601797,21.694525364013373,35.24084154485139,77.74956339970566,154.9302579690177
state,Ogun,deaths,22,5.767218451734844,1.2675904104841624,2.2028497816467745,4.0906069544570025,7.103178540602989,15.41276062195225
state,Ogun,cases,23,4848.000680534631,1098.4382193968886,1542.2913737858617,3070.298715554235,6635.230692769281,13313.32633414354
state,Ogun,hospitalizations,23,70.43995147093902,18.09030157829363,25.22792446848542,45.80271137370715,96.63090994174516,190.80779049321137
state,Ogun,deaths,23,5.546098684535444,1.5552678344696016,2.2728065279444034,3.961557169948166,7.0036464884799425,13.981637606603758
state,Ogun,cases,24,9809.96222481579,3269.847294720088,4192.479803228694,6195.41394452524,13194.968799734906,25146.121526337738
state,Ogun,hospitalizations,24,114.97397091654929,25.5407387002599,40.125256418714265,77.58289277117608,153.99312534120264,315.92179979664087
state,Ogun,deaths,24,11.718728297155707,2.6377821083627278,4.780558848306732,8.668317525997193,14.442415139193226,32.117258591235405
state,Ogun,cases,25,17108.173887596822,4612.167351513425,6245.742958078057,10840.945053617112,23468.368008064495,45149.44399057961
state,Ogun,hospitalizations,25,265.4557427915917,58.980452318760626,90.90679773516828,178.5732416542365,381.2854747112222,706.486740338802
state,Ogun,deaths,25,22.41333668152875,6.5806733345268125,10.279969481615748,16.485386580772015,25.99302016984776,59.996230356169754
state,Ogun,cases,26,21915.811751470552,4367.285712195715,6565.6349221719665,14990.85963575999,31676.901461598776,59589.30585059278
state,Ogun,hospitalizations,26,466.76674075429804,148.96773019346932,192.132912469352,291.68835795370956,626.7587231250154,1271.74774420473
state,Ogun,deaths,26,26.968826867802935,7.313596937366678,12.892327738170271,20.23735768677134,32.55020497332679,65.24549428543578
state,Ogun,cases,27,35759.490614270864,9077.315869146414,12600.83811487909,23334.237939568175,49707.80797541164,94466.87518216873
state,Ogun,hospitalizations,27,436.66000436785095,135.55844974179013,184.26145142384405,299.17622464865076,576.9258916988347,1131.7010274819497
state,Ogun,deaths,27,41.39046592602931,11.1933058335509,18.665492348965394,30.648364375031726,50.120592849661364,106.62364652569501
state,Ogun,cases,28,37082.34683239574,11316.181167039067,14844.054715759066,23695.38769726554,50610.30566374486,102214.76688266508
state,Ogun,hospitalizations,28,528.1409707955582,126.50316535069418,189.98134954164578,357.2187406230829,707.2255706060575,1413.190742847386
state,Ogun,deaths,28,44.216947739145255,11.780515986055068,19.547968344980198,33.20162450191509,52.77729452633304,115.90929383354175
state,Ogun,cases,29,44684.70171932336,13985.89835072719,18148.189610701418,28565.881198669907,62391.171050560486,115135.12633063937
state,Ogun,hospitalizations,29,535.3147167154355,120.01758428435441,185.89178736475924,361.5550322364677,753.0256898861928,1437.4348231402762
state,Ogun,deaths,29,60.599958713615905,15.455298052792017,27.39325006851646,45.352770508962685,77.533158965826,149.90928194177667
state,Ogun,cases,30,28707.12462971963,5005.104168077377,8597.131768614436,19700.832544938763,40522.037524022264,80319.25458771699
state,Ogun,hospitalizations,30,408.7544417134715,113.73605569811305,156.72336311944184,263.1342777687267,577.7458532413636,1060.6326370553209
state,Ogun,deaths,30,40.91798514530086,11.493018238983957,19.23703807085457,31.30251732135458,51.944930982355004,97.4554163668952
state,Ogun,cases,31,24381.962745132743,6051.7431925019755,8309.031315958106,16201.226453797337,35306.82601169185,65641.71748935823
state,Ogun,hospitalizations,31,220.84677499223983,59.83997719831729,84.07921107443036,143.08205960408074,302.24187596915186,579.3412726823576
state,Ogun,deaths,31,27.64615790593754,6.933561131901214,12.165126641968392,21.289373431996825,32.27257222739509,67.58687451065508
state,Ogun,cases,32,21281.64142275389,5199.904140601181,7208.392044826129,13847.270200958412,29192.596549880043,56369.35923963444
state,Ogun,hospitalizations,32,190.72056378920976,41.132221123157535,65.67716138208377,123.70725721584559,262.17443959580817,524.8438628791108
state,Ogun,deaths,32,20.021062879144353,5.63652241316727,9.545443215083129,15.39336566995902,24.319234992150594,51.07059705365278
state,Ogun,cases,33,17229.805136594732,3496.5887674086807,5300.645052699179,11741.540067486854,24586.001637286594,46855.59591239283
state,Ogun,hospitalizations,33,148.4833441186844,41.13735464359632,56.737166725755074,97.84260032361843,200.13708402349965,394.9125747639591
state,Ogun,deaths,33,18.946071026326216,4.678683811185418,8.543870174403223,13.882420683098905,22.69364692704913,50.23614852516251
state,Ogun,cases,34,14260.109239541936,3749.7292813136996,5066.54403873991,9128.21789884874,19280.643590002546,37850.875075628166
state,Ogun,hospitalizations,34,118.14951742041711,32.088499914181,44.99186546774946,75.11059724452963,164.9971974958852,305.19940884216385
state,Ogun,deaths,34,14.010157862606665,3.68987247061773,6.622085363627144,10.866190645172015,16.763724297406764,37.325764367719884
state,Ogun,cases,35,11620.350081668354,3534.2887252950673,4541.113933737574,7251.68126252839,15858.39266816205,31023.73395872463
state,Ogun,hospitalizations,35,93.88277511879217,27.696800763811776,36.25127648401273,60.591796917153474,129.61346930820264,240.2697348478721
state,Ogun,deaths,35,11.714398094487937,2.665806909251456,5.098307032728666,8.579403514798898,14.03976489836703,30.4493442966209
state,Ogun,cases,36,8801.043958505461,1755.4874429980484,2693.1878968142364,6081.321328199857,12533.91479607284,23255.648613484827
state,Ogun,hospitalizations,36,80.85360325648725,23.13241665149123,31.49726787596906,52.7253893425237,109.34674997753945,211.21350050028073
state,Ogun,deaths,36,9.434080993594,2.3116434957882306,4.220135660948771,7.032049840383632,11.460388077490927,22.976737101606073
state,Ogun,cases,37,7741.085957501691,2159.9361020456895,2951.5843520364583,5095.1486850165475,10958.380010384815,20701.92923875209
state,Ogun,hospitalizations,37,65.34528944278469,17.7926080617927,25.272961253254742,41.75700090615754,87.884650637471,170.1976655013431
state,Ogun,deaths,37,8.793956735289234,1.928263098445037,3.658229801042127,6.393323210509317,10.452872827162096,25.727870089775582
state,Ogun,cases,38,6928.182875480187,1976.4363092729554,2632.2222439112343,4452.723202142241,9277.223138495869,18743.94346328316
state,Ogun,hospitalizations,38,59.1321314954094,15.352888200786401,21.159265805481922,38.49530616990611,81.95001027347166,159.43241539725466
state,Ogun,deaths,38,7.03912016156882,1.3927049132844225,2.836729024143453,5.369752125856614,8.802897519337378,17.78264522719791
state,Ogun,cases,39,6634.946419799403,1876.484259888083,2503.3141394028144,4450.637473940398,9057.4472417231,17406.053908084334
state,Ogun,hospitalizations,39,58.523174830112325,14.118300094781247,20.765508332613837,38.2900888321904,82.81937545869803,158.2318210187494
state,Ogun,deaths,39,7.1149489077433685,1.3461027007287552,2.7084752369569918,4.9060667058242124,9.027539220025258,20.360125349834448
state,Ogun,cases,40,7556.726943870117,1508.4839107581843,2350.9920525017815,5119.133665036166,10825.26425933203,21401.322406598414
state,Ogun,hospitalizations,40,58.13056636984021,15.134333754278902,21.026195297406517,38.102263834003935,79.25547974393027,161.5171560454005
state,Ogun,deaths,40,8.224595266319282,1.5044009761508308,3.203511780912482,5.6697647654573995,9.963726530714517,22.31321971648588
state,Ogun,cases,41,7657.601966970215,1908.8459146447794,2715.873276548842,4932.139851917845,10811.88876062897,19970.553967731405
state,Ogun,hospitalizations,41,59.94544952489279,14.076286078305532,21.352154648118965,37.51280370892202,82.3428911567232,158.1068531243366
state,Ogun,deaths,41,7.721460147443121,1.5671128728018253,2.9523063061731714,5.536533573394146,9.676021539199445,21.525473934954416
state,Ogun,cases,42,6425.495733928126,1889.0787622805178,2537.8407423981735,4058.9948785054066,8887.303045696231,16819.97208905305
state,Ogun,hospitalizations,42,45.185720695349204,9.18485929735993,14.951904703173552,30.253959556722894,62.5310300522068,124.9925897918701
state,Ogun,deaths,42,6.0995575960963375,1.4751759179487456,2.4980646310207355,4.434923561481308,7.670668356380543,16.079258903940975
state,Ogun,cases,43,4765.962212551259,1430.756965665027,1816.7958459663728,2896.18227830955,6566.631394080644,12683.823129376271
state,Ogun,hospitalizations,43,34.20885443435235,8.258154628699502,12.221208146237942,22.09321811374388,47.828398354718786,92.96568566623837
state,Ogun,deaths,43,4.271159565197207,0.784166906276659,1.2907674730968295,2.8355608411845643,5.383996739635072,12.573414284809868
state,Ogun,cases,44,2935.9928742687116,722.5297498795723,983.7658777587686,1901.7595105040111,4061.7909037480867,8386.048542095024
state,Ogun,hospitalizations,44,27.382700958961642,6.082343657187154,9.34532298770916,18.56109652254538,38.156691563814164,75.20426596875573
state,Ogun,deaths,44,2.6819955702721354,0.798343906678342,0.8939764666733363,1.7981936055764067,3.1538608584900536,8.020407001747328
state,Ogun,cases,45,2059.7722263457185,562.9691835255443,770.8589729584056,1349.5558229529943,2946.6373699316073,5161.333516934742
state,Ogun,hospitalizations,45,17.717993719178303,5.600970002518327,7.083971288262145,10.863402295460304,24.544296331443228,49.213667860822504
state,Ogun,deaths,45,2.39815928151803,0.5858802441180235,0.5858802441180235,1.4849358109906723,3.0017864103122625,7.790877828085332
state,Ogun,cases,46,1206.865362037828,276.37357435405266,400.1644949829721,827.5839063368026,1720.0341921456265,3290.937522345281
state,Ogun,hospitalizations,46,16.341928997189793,4.002680386747457,5.593291780448226,10.605388735799199,22.282703666756518,43.72078254630128
state,Ogun,deaths,46,1.5982471520392323,0.4116945858500626,0.4116945858500626,0.7167449243701304,1.86100857297528,5.37268146048455
state,Ogun,cases,47,865.3087295800793,289.1303636103883,368.4481153584135,551.6002079771123,1192.887263046594,2243.9193316433298
state,Ogun,hospitalizations,47,9.261816246557533,2.1663379079803624,2.8326108421760168,6.015463835159528,12.350479383021801,27.401148855041775
state,Ogun,deaths,47,1.2999533608113252,0.3355704330213578,0.3355704330213578,0.6508956587556958,1.627351639632371,4.1672505813443905
state,Ogun,cases,48,671.2639285015816,196.98926600822062,260.9879270818615,415.3405293988738,929.5086849487305,1795.2166432485103
state,Ogun,hospitalizations,48,8.666787037335403,2.2294678129441436,2.7172233322083947,5.118790158721938,12.01535391194955,23.064016746595264
state,Ogun,deaths,48,0.8975432509224666,0.2534401404374113,0.2534401404374113,0.31101040740677743,1.138924898003424,3.051893284990085
state,Ogun,cases,49,552.5206512470095,144.7623878404753,201.3915930187743,363.89722621878695,794.2634268554198,1420.7763099887582
state,Ogun,hospitalizations,49,5.998203252602003,1.8495222011970094,1.8495222011970094,3.414292976716166,8.23936767863411,17.431550518424867
state,Ogun,deaths,49,0.579887069264141,0.0,0.0,0.0,0.646452489740335,2.852601029399376
state,Ogun,cases,50,415.4165998096176,105.32999224285749,144.9566798124432,273.9088648908446,579.201206405063,1088.3050799365246
state,Ogun,hospitalizations,50,4.196709977851601,1.2313698062057679,1.2313698062057679,2.3148043073689157,5.789335209323532,12.467160588610112
state,Ogun,deaths,50,0.3948353944971634,0.0,0.0,0.0,0.387991765175505,2.0749736455815198
state,Ogun,cases,51,388.47226420425926,116.45502430434216,148.9255123260317,240.3471941199885,528.4342801302943,1014.3243745288362
state,Ogun,hospitalizations,51,3.522697048473663,1.0350418842474163,1.0350418842474163,1.8943811328509297,5.016546634682285,10.173017804979352
state,Ogun,deaths,51,0.5499094053921392,0.0,0.0,0.0,0.5423009532296508,2.8231267709952372
state,Ogun,cases,52,403.721317870658,130.3572508720691,165.34395368379103,258.1197708970711,551.4646020775474,1004.3252924801232
state,Ogun,hospitalizations,52,7.843946423478223,2.055835998275274,2.3790290707055197,4.6732638584063775,11.343302479089225,22.20057848024
state,Ogun,deaths,52,0.5261942763954062,0.0,0.0,0.0,0.526779226390495,2.531145442916549
state,Sokoto,cases,1,1032.4150906176587,244.06346535565794,357.0839275680345,657.3024881513171,1439.9299259491304,2795.526906229662
state,Sokoto,hospitalizations,1,10.136566851386622,2.6205128223919463,3.2989922696684104,6.17282327557853,13.95385497936092,29.657997049853485
state,Sokoto,deaths,1,2.3466148701107388,0.678516317109348,0.678516317109348,1.3802442164824973,2.6729232914922485,7.328888853994202
state,Sokoto,cases,2,2808.629922565042,830.2102040766247,1111.1794819617012,1787.6971033014765,3802.538815117095,7310.2576689798825
state,Sokoto,hospitalizations,2,30.65109265351658,9.950840960207211,12.775446797658518,20.395176458867898,40.86687349147037,80.3620068929022
state,Sokoto,deaths,2,3.9176406756344773,1.0260430646429084,1.34512593105384,2.5858767944608965,4.800748594149939,10.52489676718295
state,Sokoto,cases,3,1403.917613252099,349.9475776563976,492.8734241603225,928.0524015281956,1956.8571745985082,3689.784642092948
state,Sokoto,hospitalizations,3,19.916870582786785,4.495362713282155,7.1464311242877345,13.321964219294404,27.205527679722493,53.65626721603381
state,Sokoto,deaths,3,5.326102078484866,1.3493857842542298,2.121750577283642,3.8757624328934686,6.384473465886943,14.618903126915605
state,Sokoto,cases,4,1228.1506856349597,323.8705087429324,453.29884012421996,812.9323496284943,1752.1576372094864,3184.009472111073
state,Sokoto,hospitalizations,4,20.205619255459577,5.310422707316829,7.375376411757988,12.426758394034724,26.187520380828484,59.72154605000816
state,Sokoto,deaths,4,1.726587248881163,0.6178582786344696,0.6178582786344696,0.9034603108297924,2.078066148307869,5.193567417087318
state,Sokoto,cases,5,1585.8357827908806,425.86673937920165,574.3155463987252,999.360904138642,2179.3871350850263,4261.454861274879
state,Sokoto,hospitalizations,5,15.096609909641607,4.230808777574241,5.612147811508363,9.935671665966904,21.633757463378757,40.68269270594266
state,Sokoto,deaths,5,2.0679721755201643,0.6107632084745696,0.6107632084745696,1.4014208881898178,2.6029376073567256,5.771169755960493
state,Sokoto,cases,6,983.9225794320843,272.79161517694956,369.3224314325852,636.144207545522,1337.0856899272978,2485.08646488042
state,Sokoto,hospitalizations,6,22.196268464893702,5.315227083792998,7.866268308221579,14.513946309946833,29.43147931021271,62.63195116545275
state,Sokoto,deaths,6,1.5504221416327169,0.4704691164619206,0.4704691164619206,0.7799843103672517,1.8212267472648072,5.154927385266336
state,Sokoto,cases,7,1523.3371212418604,474.0203457927087,631.6137440707444,977.4860374943394,2129.777465963507,3686.4987761151006
state,Sokoto,hospitalizations,7,21.70326988031754,5.5214915058398955,7.969844399310779,13.620500200697546,30.931393457515682,56.96630164772447
state,Sokoto,deaths,7,1.6381458449116457,0.4742900163486875,0.4742900163486875,0.8375583923771944,1.7631333332317523,5.484948305275408
state,Sokoto,cases,8,2028.1685582560394,533.6527383788931,736.9784237880954,1279.6055619949348,2684.888941011203,6084.909140796398
state,Sokoto,hospitalizations,8,23.025844630546718,6.239580005596934,8.472341704697975,14.971869119203614,32.19992172243444,62.924277159311195
state,Sokoto,deaths,8,5.23853058653866,1.4867950367653355,2.0582124030077438,3.6346191686846945,6.454901530968159,14.583957050628573
state,Sokoto,cases,9,2067.9492659324414,554.2280709315698,738.3785326198147,1335.540239369877,2932.9450477685987,5588.396532225646
state,Sokoto,hospitalizations,9,26.487065187055517,6.738487897973787,9.805377197245242,16.741080487449775,35.221231728771926,70.02915023150635
state,Sokoto,deaths,9,4.13481988456877,0.9638416654320112,1.38396337492007,2.8407145498609006,5.175168302067636,12.412651402907233
state,Sokoto,cases,10,3519.507326530882,948.7271302076871,1279.0622168220148,2297.726957212038,5008.8887384685495,9285.26681882168
state,Sokoto,hospitalizations,10,26.7272884066054,5.899037806911714,8.965308704052301,17.718722989955154,36.5272207923483,72.42065279361053
state,Sokoto,deaths,10,5.345833651892168,1.1974049481212194,2.187694188557606,4.012940351076547,7.079974232233331,14.189237308686995
state,Sokoto,cases,11,3752.7724917471683,971.5393603492906,1344.5686474400204,2445.183280154056,5115.271445614765,9942.112865000467
state,Sokoto,hospitalizations,11,54.7146061700289,13.866906198829192,19.587078226721705,36.40944006993776,73.8267797466333,150.04592283208336
state,Sokoto,deaths,11,6.629313707998321,1.5242349193872746,2.8305292171366245,4.91406548295023,8.577185165845941,16.287193823103493
state,Sokoto,cases,12,6849.853342842317,1768.299560345315,2447.8068911242553,4442.037797879068,9831.491061227141,17890.418929467454
state,Sokoto,hospitalizations,12,92.12920791050699,24.283339711078685,34.97184240849351,60.97536492480111,123.22056863357025,240.52466530177043
state,Sokoto,deaths,12,7.1517969730710265,1.409139272543816,2.7396459072590296,5.129407870439576,8.837737592407276,20.397163963113996
state,Sokoto,cases,13,8350.977910765292,2559.6177514521564,3325.841429716606,5217.149689596785,11302.298779047427,22003.398225524757
state,Sokoto,hospitalizations,13,129.4300949767507,39.77338765953985,53.066307981465336,85.22420326657114,180.06878439499525,321.1177661822088
state,Sokoto,deaths,13,8.359799309869222,1.6179736279126988,3.5300895758877653,6.233899280465655,10.795924728042124,21.37518120837564
state,Sokoto,cases,14,13874.86259688186,3425.08765314751,4808.537004835441,9250.318081046493,19233.171796894672,37166.346596834665
state,Sokoto,hospitalizations,14,253.70613310553384,75.6491443630294,102.76748683545708,165.7225552203479,342.2773150130351,673.6948080748688
state,Sokoto,deaths,14,15.639119032190896,3.2347206622641065,6.637872455015807,11.375649105217748,19.369269903261372,40.215895090650896
state,Sokoto,cases,15,28335.938377903996,6503.208773584743,9326.204752281408,18949.49579330073,40566.618148996655,76489.53780719885
state,Sokoto,hospitalizations,15,405.59198698907534,98.06512292745983,141.2333015957409,266.8941521214519,576.4335690127467,1087.275987460451
state,Sokoto,deaths,15,42.04452578351217,11.381337361999485,19.55694508801392,30.711359665943007,50.3898320159327,107.44289375956522
state,Sokoto,cases,16,70021.47268013774,20354.4986999149,26681.728096242707,45330.60346571137,99059.17641581374,176068.83963263678
state,Sokoto,hospitalizations,16,757.208460717479,223.48586720667734,298.945023596424,485.2201228287048,984.5411475353573,2086.8925383308256
state,Sokoto,deaths,16,76.68595723117348,21.86147875776984,35.36743475212929,56.55270486527927,89.30019628016163,199.28000240009288
state,Sokoto,cases,17,92561.33507579184,22946.524338456435,33073.351326773176,60594.66368492134,130146.57200928131,251766.36721009138
state,Sokoto,hospitalizations,17,1178.4338347701648,317.6286717142493,449.06892233314665,759.6812362394235,1599.1946126846003,3141.6966341176917
state,Sokoto,deaths,17,101.34912279550915,31.233434920334886,48.065602546314665,76.32364943471784,113.54358127438294,250.9481180626574
state,Sokoto,cases,18,134351.93755659784,32196.710770693233,43808.17118537729,83967.45454845516,191234.8970194293,352681.9310824569
state,Sokoto,hospitalizations,18,1526.966519905465,327.578017511974,484.0336858410349,997.7380078592586,2125.1507907444143,4326.849682232435
state,Sokoto,deaths,18,145.6920891911219,34.58563585842661,61.42231999894489,104.14993078982702,176.86615685415688,382.4118825126883
state,Sokoto,cases,19,208266.20363638198,64279.100927537525,85000.35036818104,134817.7736791746,289961.7630731664,530948.5014644671
state,Sokoto,hospitalizations,19,2007.7233855648142,541.6829932207506,749.85044410406,1348.814266750292,2653.8560397570745,5353.7815253512435
state,Sokoto,deaths,19,128.34031876464485,39.202630238195354,61.01899227990017,96.6909097319704,160.49696351950564,316.117784158723
state,Sokoto,cases,20,148740.9897057935,39806.25620858582,54585.75755720712,91076.69433957979,204658.71128831088,409626.63199250033
state,Sokoto,hospitalizations,20,1508.9397167595491,519.9811032218165,682.6728469527102,1011.8735939688187,2036.2734473558712,3695.9433552666524
state,Sokoto,deaths,20,222.44016370231483,62.34720638706224,102.43901507813469,164.02558392372183,269.06399273231443,568.6689370115166
state,Sokoto,cases,21,47221.80521027488,15283.434937487398,19545.457776235085,29927.94424495038,64941.12541013268,120287.2885345175
state,Sokoto,hospitalizations,21,486.4969028527333,124.26050080023727,176.18971753601798,313.8093210300044,661.750300803846,1319.0706847557246
state,Sokoto,deaths,21,185.78415474129986,50.032692881153636,88.19411943619237,138.9176645990943,232.07704663943275,481.01495637144353
state,Sokoto,cases,22,14583.705325020563,4278.095777010478,5799.64383702514,9366.668242703454,19956.104260920132,38785.356606349196
state,Sokoto,hospitalizations,22,164.28106684717613,48.30626797690456,64.32551552714209,103.31818330992488,225.6782734650412,447.8406047151181
state,Sokoto,deaths,22,67.4582349948463,19.210153730441835,31.543520827828633,50.72464671867375,81.33478857448647,165.7668025529569
state,Sokoto,cases,23,10215.713420770602,2315.486623009065,3250.673227024392,6470.143411540786,13981.358768130835,28051.92585184084
state,Sokoto,hospitalizations,23,127.23232889290675,33.26651861420187,46.078337569749905,83.00946281046681,174.2445543680778,343.28922960325724
state,Sokoto,deaths,23,27.780312564051897,8.811654242021028,13.46782998201023,20.933152775125894,34.38106992965767,65.2281084731801
state,Sokoto,cases,24,13331.433708442733,4443.860119529576,5697.655259605775,8419.507209424519,17931.428564054295,34172.236327423125
state,Sokoto,hospitalizations,24,120.02889884548883,26.697563117414383,41.917772494630505,81.00806530141315,160.74877121491886,329.7353895566619
state,Sokoto,deaths,24,16.919234552095798,4.126795741215774,7.14665188913263,12.625744379537146,20.76329032673544,45.67278447380763
state,Sokoto,cases,25,23225.04434623377,6261.466568331689,8479.077993071563,14717.156368572116,31859.134552057658,61291.62705884177
state,Sokoto,hospitalizations,25,269.5888981319758,59.91084520210663,92.33241937085525,181.35871024634645,387.2153347127376,717.4609928298406
state,Sokoto,deaths,25,27.449267597251506,8.211255865721043,12.706260706348328,20.246446403773152,31.79914651388375,73.11635614162914
state,Sokoto,cases,26,31302.185234181656,6238.103495311845,9377.945791246431,21411.46475558007,45243.68378554403,85110.21067038784
state,Sokoto,hospitalizations,26,496.3758950848927,158.4605335098124,204.35802749655733,310.21523044456876,666.4952056406648,1352.3113694024194
state,Sokoto,deaths,26,60.237513242168,17.20255118129777,29.417135758027882,45.499017592670306,72.45789407051171,144.04395742848735
state,Sokoto,cases,27,51611.970495238995,13101.696329164111,18187.181639473165,33678.65390255792,71743.52014829361,136344.09959937268
state,Sokoto,hospitalizations,27,515.7452051152885,160.23457345381922,217.73821176382225,353.41809447688746,681.3571504522142,1336.3802013868776
state,Sokoto,deaths,27,63.4125604569792,17.527799400566828,28.881830434569295,47.08987443611681,76.67803928532729,162.53475922000172
state,Sokoto,cases,28,45045.90441540286,13746.518005522796,18031.993727471017,28784.1287105654,61478.95915465112,124165.35157881844
state,Sokoto,hospitalizations,28,779.8512102074509,187.1559101720683,280.83041221025417,527.6219600685498,1044.1256365126,2085.91561221633
state,Sokoto,deaths,28,77.79365366644313,21.270931600539278,34.80625367867901,58.5986923173195,92.7106490352038,202.7225170936019
state,Sokoto,cases,29,64894.55421545262,20311.705973086075,26356.46274604187,41485.72878047285,90609.06906557205,167207.35616230636
state,Sokoto,hospitalizations,29,723.3039288158652,162.43670800193823,251.40115855992565,488.63794219387387,1017.3270243960926,1941.635473676293
state,Sokoto,deaths,29,65.05200267668904,16.644579862169415,29.44532932634921,48.70284697696082,83.20902439781997,160.81602233042062
state,Sokoto,cases,30,47291.25957381073,8245.793575821364,14163.111543189752,32454.76612240364,66754.52771292429,132314.37684856326
state,Sokoto,hospitalizations,30,599.9397903848843,167.27019854253743,230.3147464013938,386.37541648613904,847.780089554675,1555.9746888159277
state,Sokoto,deaths,30,123.57342725979373,36.12721624034948,59.141182390678196,94.99782236410995,156.34371501022824,291.59346809251537
state,Sokoto,cases,31,42058.786393065886,10439.77737515858,14333.52307343806,27947.29286587942,60903.806178721396,113230.46841184852
state,Sokoto,hospitalizations,31,589.6809998152178,160.99026810957315,225.52875374317415,382.6275511571049,806.4005785730556,1544.19516091249
state,Sokoto,deaths,31,93.95410730594352,25.2979192436383,42.63934827080459,72.88411493408124,109.29087731431785,226.34961728624367
state,Sokoto,cases,32,30308.829540006976,7405.905694844915,10266.308442839285,19721.11535576842,41575.27418091902,80279.25965966748
state,Sokoto,hospitalizations,32,395.1286650903305,86.05263630017726,136.76683318820858,256.6672963590026,542.7650368982002,1085.4866205863327
state,Sokoto,deaths,32,72.12816915391952,22.088064963377757,35.686966887112945,56.03153971204421,87.0841057904021,180.15049608984145
state,Sokoto,cases,33,19247.069643020448,3906.062475841632,5921.3252998319185,13116.276134991616,27464.479185442022,52341.24484618851
state,Sokoto,hospitalizations,33,174.26653832582016,48.40529211553441,66.69579182500354,114.89117503344528,234.82962137747674,463.20038879681624
state,Sokoto,deaths,33,35.776947296381316,9.471141741956005,16.598306348058696,26.442263316227105,42.68961956788387,93.47628911159484
state,Sokoto,cases,34,12868.487982696533,3383.727274816463,4572.0451967594245,8237.37459395449,17399.110769794916,34157.230136660386
state,Sokoto,hospitalizations,34,120.6213751487697,32.774948890250826,45.9460056989404,76.68957609464607,168.44095005484235,311.5517751089348
state,Sokoto,deaths,34,23.218052790373214,6.568677501532539,11.300783521912411,18.150066601529517,27.66770925553559,60.85143675362912
state,Sokoto,cases,35,9745.36654293485,2963.906788771661,3808.2912584923024,6081.536840119814,13299.645192339885,26018.21695274834
state,Sokoto,hospitalizations,35,88.22239265388227,25.98484313041352,34.02898670141593,56.91743099201501,121.82149529523923,225.87636857403777
state,Sokoto,deaths,35,13.088515421454607,3.062575462478635,5.758357198601959,9.616230103715505,15.66759361584318,33.85326358244648
state,Sokoto,cases,36,7681.557510302329,1532.0888894183206,2350.5280721627173,5307.742335339117,10939.663811899487,20297.755756308154
state,Sokoto,hospitalizations,36,78.90452705805778,22.557781974033986,30.723451589194685,51.446094681655254,106.71920255874909,206.16032915100706
state,Sokoto,deaths,36,11.73587356536232,3.044500818088938,5.375336891816401,8.809519711792088,14.21783665337519,28.282721085733158
state,Sokoto,cases,37,6612.839968313148,1845.025171915365,2521.3073606400785,4352.492333002373,9361.28116537278,17684.91328125768
state,Sokoto,hospitalizations,37,65.59695813672751,17.863901897772145,25.372633432024436,41.91920886577407,88.22185384432771,170.8471409889488
state,Sokoto,deaths,37,8.405402201629913,1.8490794759594662,3.4724072168183016,6.098394346185905,9.996003476265328,24.661662087377405
state,Sokoto,cases,38,6134.130581737761,1749.8312585296583,2330.46715961258,3942.347132134152,8213.98170045457,16595.859681894934
state,Sokoto,hospitalizations,38,67.61342007285322,17.659476887147544,24.28484895491824,44.0661524483937,93.65017925164202,182.0615430313017
state,Sokoto,deaths,38,7.405284487941717,1.4565931933857543,3.012733299154812,5.661955092982691,9.252590958734444,18.644271324638176
state,Sokoto,cases,39,6259.353704433428,1770.2191747565544,2361.5706580297165,4198.676035301665,8544.741655920454,16420.8195149385
state,Sokoto,hospitalizations,39,57.01082634816041,13.734133298724533,20.21243123080579,37.29169963176325,80.68946530242594,154.18562679535484
state,Sokoto,deaths,39,7.888501117654288,1.4846765083612046,3.0643592381444087,5.472842676067232,9.989832494663546,22.409950787418207
state,Sokoto,cases,40,6177.975382011583,1233.1096725758723,1921.9195628564871,4185.070772843592,8850.235409056622,17496.909655959003
state,Sokoto,hospitalizations,40,55.807640507821155,14.500384918538636,20.160743951398796,36.565861091262796,76.10208842822455,155.1315461136936
state,Sokoto,deaths,40,8.685611186914295,1.6136995432191157,3.414723996547412,6.004897832116782,10.51461661806548,23.48462996737711
state,Sokoto,cases,41,6537.721072592705,1629.578241479396,2318.5978354208437,4210.79030362155,9230.771529536185,17050.2087381516
state,Sokoto,hospitalizations,41,61.17789334162654,14.381194977389464,21.804213651942128,38.291702206770296,84.02845145035785,161.3246943864933
state,Sokoto,deaths,41,8.63566737142718,1.7324024029522223,3.369171526091778,6.225967360781094,10.802063328987572,23.901323861109937
state,Sokoto,cases,42,5683.941610334578,1670.9823442457052,2244.8836006493348,3590.5115761623233,7861.680677274249,14878.998075853975
state,Sokoto,hospitalizations,42,46.05319266397122,9.376187059141566,15.251569345944159,30.841081082334128,63.724492762754195,127.35942466922573
state,Sokoto,deaths,42,6.349051718533541,1.5276658219631747,2.622533227941613,4.628309728240728,7.97918922106509,16.686975346161667
state,Sokoto,cases,43,4103.111826749606,1231.6698710439546,1564.0296976140905,2493.326475119239,5653.396338030241,10919.987057213919
state,Sokoto,hospitalizations,43,39.076733609020664,9.53918612560555,14.050599071507106,25.288578415560597,54.584681733478526,105.96752110692951
state,Sokoto,deaths,43,5.195954743421416,0.9254669895115692,1.7035439267185648,3.52669567711544,6.534337647242284,15.019225951782833
state,Sokoto,cases,44,2901.953119279449,714.1440382119963,972.3524386951684,1879.7065228687677,4014.703146692964,8288.842627856278
state,Sokoto,hospitalizations,44,27.790667262929727,6.1842975874145,9.494249160897311,18.842688431461873,38.72037200532726,76.30126504020292
state,Sokoto,deaths,44,3.180944921995783,0.9129586859141667,1.1658864703568408,2.1999181501985703,3.7502126829225175,9.31542779225373
state,Sokoto,cases,45,2047.2729770836747,559.5485282435698,766.1773989470656,1341.3642656049376,2928.7589970819186,5130.022296520829
state,Sokoto,hospitalizations,45,20.80299548862209,6.527912925399881,8.42184311601039,12.82675807028669,28.771797048957218,57.523871992354486
state,Sokoto,deaths,45,3.463712546101001,0.7831939702065278,1.0384387643174338,2.3218166392483943,4.349514714101914,10.75148432960599
state,Sokoto,cases,46,1342.457725918582,307.51093436681754,445.198357108134,920.5989509475759,1913.2337835627704,3660.483337989403
state,Sokoto,hospitalizations,46,16.892073122875836,4.130268985185097,5.80345816299104,10.975319667088913,23.024858233610203,45.14629280812695
state,Sokoto,deaths,46,2.1238775030338006,0.5076092578000878,0.5076092578000878,1.1167040977530922,2.52755291957272,6.857358871197432
state,Sokoto,cases,47,1025.1898321778558,342.6752037433135,436.6313969291825,653.5850172378557,1413.2244309357538,2658.2291102833024
state,Sokoto,hospitalizations,47,9.447924454704438,2.206231473725175,2.903189172566392,6.144655069226616,12.596331253604578,27.9241619523536
state,Sokoto,deaths,47,1.953191321678945,0.4471035481428285,0.4471035481428285,1.199601734865255,2.500601139742683,5.884683040341424
state,Sokoto,cases,48,1194.3548183496594,351.04539924066773,464.84164003082554,739.2965365112861,1653.5407137176976,3192.859031069382
state,Sokoto,hospitalizations,48,13.759304369394176,3.4210803689892524,4.70401586205163,8.389179234808132,18.971838797178286,35.92582364851042
state,Sokoto,deaths,48,1.8355770053160831,0.4112401918414095,0.4112401918414095,1.1272880078015575,2.470688912463419,5.5747334615755
state,Sokoto,cases,49,988.5536197303222,259.5859387235585,360.82450107961773,651.3430882314451,1420.7279895718664,2540.773086201176
state,Sokoto,hospitalizations,49,8.380986254088612,2.4997012457718495,2.810133194632982,4.966088780095671,11.487365051080952,23.910957955841127
state,Sokoto,deaths,49,0.9919445393058848,0.32700125476303593,0.32700125476303593,0.3296039827586963,1.1062866352435103,3.490423358437241
state,Sokoto,cases,50,672.2395301530852,170.90850233033683,234.97475841395143,443.45758194713443,937.0375032431068,1760.1287363306897
state,Sokoto,hospitalizations,50,8.563141224588223,2.3180525011928115,2.7623101707382665,5.240115988662794,11.780917141295348,24.351917132501384
state,Sokoto,deaths,50,1.4119486959327865,0.4024268307449808,0.4024268307449808,0.8003529618939869,1.7296202415589743,4.558119094898398
state,Sokoto,cases,51,1001.5900298625796,301.3558983472091,384.94230628265313,620.2824706642175,1361.8840344012874,2612.6754489023215
state,Sokoto,hospitalizations,51,6.393444692851999,1.7388559091443918,1.7706433636596184,3.862519877476584,9.10771431338453,17.770513859243714
state,Sokoto,deaths,51,1.4348473793581595,0.4560010190612731,0.4560010190612731,0.6664885205886109,1.6295113092739615,4.843798621173269
state,Sokoto,cases,52,763.434491031897,247.10655821651073,313.1891715502371,488.4234166466795,1042.4908621177613,1897.8506271966062
state,Sokoto,hospitalizations,52,7.967336165827103,2.08515524486348,2.427218997643196,4.754172949483738,11.51933613615177,22.53145287003657
state,Sokoto,deaths,52,1.1865456793003326,0.34126363845127683,0.34126363845127683,0.4685331232275476,1.3532481129525467,3.9945950995756405
state,Delta,cases,1,1883.8312611972883,445.9678105857822,652.1042433386002,1199.6686570156012,2627.0918425531704,5099.546124685105
state,Delta,hospitalizations,1,9.605066319838771,2.493741564763757,3.0910220388407375,5.825827138173699,13.230439705096863,28.174870232399616
state,Delta,deaths,1,1.1643314223202117,0.40655226842649017,0.40655226842649017,0.42619073590243783,1.2007360151252162,3.9904896487813595
state,Delta,cases,2,537.2512777559931,158.23803730692444,212.0643692438203,341.66737182650274,727.6581093079524,1399.6448859069008
state,Delta,hospitalizations,2,28.86033263616482,9.330850164320207,11.995538637653812,19.183871087063345,38.496546289057434,75.75563048840556
state,Delta,deaths,2,1.5815396072479602,0.5094398940227243,0.5094398940227243,0.7804210730516253,1.8801254556354126,4.72221809202509
state,Delta,cases,3,864.5169461885474,215.20561435080236,303.25685737788547,571.3542717629307,1205.162231043057,2272.753722162688
state,Delta,hospitalizations,3,19.232306716032014,4.347828180263855,6.8790711828671185,12.851927775570893,26.279842786161502,51.86248829883636
state,Delta,deaths,3,0.5751225186034892,0.0,0.0,0.0,0.6147145649980408,2.817872863522998
state,Delta,cases,4,670.82061013896,176.565457149043,247.307491932944,443.87346761457127,957.2286755113494,1739.8402662580497
state,Delta,hospitalizations,4,13.940886732170453,3.7345642608029603,4.889998431768419,8.442391839675938,18.119672302959756,41.70253579373531
state,Delta,deaths,4,2.067728059088306,0.706074915638943,0.706074915638943,1.1752327756481118,2.517546614089046,6.077873264382059
state,Delta,cases,5,665.6355595329239,178.32829013444936,240.69218096844924,419.2553019647963,914.9886697534514,1789.672993542064
state,Delta,hospitalizations,5,10.435854624936402,2.9955157623920012,3.6815618558859624,6.7427221531220916,15.025252099099145,28.51236266725893
state,Delta,deaths,5,1.3947180449329977,0.4604266332412972,0.4604266332412972,0.8103221006158573,1.7160909650679843,4.1044772353408625
state,Delta,cases,6,770.6408999411827,213.5029596674602,289.13035158947866,498.17276745368804,1047.327723961086,1946.7327834214839
state,Delta,hospitalizations,6,8.988934636974053,2.274316660109864,2.7937610959046197,5.638216204223455,12.021234896631345,26.227285752693273
state,Delta,deaths,6,1.4110781806119603,0.4399374200454796,0.4399374200454796,0.6644699467489551,1.6381396209148162,4.755495482476601
state,Delta,cases,7,805.9803751837986,250.47461904978178,333.904181904809,517.008135238481,1127.0284229485671,1951.152909203483
state,Delta,hospitalizations,7,16.14054957945588,4.164593846798796,5.76551956162613,10.027535786036427,23.084304860784705,42.721176227196835
state,Delta,deaths,7,1.17759466268704,0.3749966927766205,0.3749966927766205,0.45286279738761454,1.1846672414478587,4.12731468823033
state,Delta,cases,8,1099.648959577914,289.0030053382876,399.28965609017996,693.6180856709123,1455.863135611818,3300.080896729561
state,Delta,hospitalizations,8,22.653456073577797,6.127140825509384,8.325225113133001,14.72380723345326,31.684287946088926,61.931458058489596
state,Delta,deaths,8,0.7051597990590283,0.0,0.0,0.0,0.8559084968545079,3.3838096368550246
state,Delta,cases,9,2088.285948318978,559.6856706497226,745.6462344571221,1348.677726495566,2961.7841834392993,5643.337358412156
state,Delta,hospitalizations,9,35.00994594566962,9.140890544970388,13.159891299057776,22.248773887705507,46.466062001810585,92.08004968109655
state,Delta,deaths,9,3.198480196027957,0.7816697079255006,0.9333797467072775,2.1147960584058847,4.0080238032711515,9.877578424582657
state,Delta,cases,10,5951.219584521688,1604.730055373649,2163.2367675122077,3885.5215564451732,8469.358132948928,15699.549409323727
state,Delta,hospitalizations,10,51.11087409600813,11.971179674905521,17.736208342946455,34.19388152131053,69.55655255428998,137.04134806750477
state,Delta,deaths,10,4.082563301864642,0.954708573004249,1.5415954516530679,2.9968910573160654,5.4422822715658725,11.11060226429883
state,Delta,cases,11,12346.159108210155,3197.9413976552837,4424.934234823122,8045.149369549982,16827.78163732166,32704.550707978535
state,Delta,hospitalizations,11,167.70931008366682,44.01896501248372,61.340405058251996,112.28074927773231,225.5854196131133,456.3871002018823
state,Delta,deaths,11,6.619325586437752,1.522215069311836,2.8254531657814215,4.906228419607863,8.564493895009885,16.264285582842373
state,Delta,cases,12,43433.08635498802,11216.275578110337,15524.319935056841,28167.649616938234,62336.52854805741,113429.75028859865
state,Delta,hospitalizations,12,337.70932497118565,90.9551010768312,129.82901398281058,224.40340837315918,450.788216076382,877.4213345296447
state,Delta,deaths,12,27.63705549210463,6.7754756660470035,12.174055240603586,20.592728263555408,33.65646259004461,74.37810451389106
state,Delta,cases,13,74345.79946957764,22792.850333353002,29613.543439274945,46449.40165571304,100617.57163048434,195875.54562797034
state,Delta,hospitalizations,13,793.9599750408339,247.5102172311978,328.5293992629315,524.5289470495854,1102.598340160509,1962.2794978035008
state,Delta,deaths,13,52.55062361743657,13.871000292102643,24.955141146821045,40.44661462451953,66.58473229828145,127.19856577235063
state,Delta,cases,14,140441.60054761387,34675.666502897824,48678.05542253336,93634.92070213346,194674.97691133711,376183.0948675122
state,Delta,hospitalizations,14,1390.2296155107417,417.66506448520175,565.7880826128106,909.6547752427624,1874.014005969252,3684.248513572993
state,Delta,deaths,14,86.27355759560103,21.21614112267742,39.069715542209984,63.924982999765795,105.86102126387146,215.22633813627007
state,Delta,cases,15,155578.44837956896,35709.32267652884,51208.53262243605,104043.6798705693,222729.04830385416,419958.1190691221
state,Delta,hospitalizations,15,2223.4606107088766,540.9842763725895,777.1569412466133,1464.6461718450769,3158.133162170295,5952.9468192990425
state,Delta,deaths,15,116.64936441827092,32.8406904193469,55.1862740955674,85.67353726467219,139.45876831455416,295.3962848762025
state,Delta,cases,16,153318.33002613497,44568.85455619411,58422.78651312453,99255.86435156052,216898.5081010817,385516.8033143373
state,Delta,hospitalizations,16,2321.0366183955693,686.4948394441899,917.5908155619229,1488.0640085190707,3017.2499300352815,6393.234805413962
state,Delta,deaths,16,174.18793750321936,50.5544308726138,81.011422830893,128.78587150669617,202.6340376856349,450.6471418277469
state,Delta,cases,17,106815.83384301593,26480.41808827957,38166.76540095561,69926.32988142097,150189.15632010755,290538.2674931265
state,Delta,hospitalizations,17,2057.131960813488,555.012413374962,784.3778705638374,1326.4016041777845,2791.3666243893367,5483.058702690201
state,Delta,deaths,17,172.09629780883506,53.514275237313605,81.98140637214604,129.77237092651626,192.7199783917548,425.1031778814898
state,Delta,cases,18,41312.37128268454,9899.758433076933,13470.268940478021,25819.201641160093,58803.814839367966,108448.58913337445
state,Delta,hospitalizations,18,1134.7953548748926,243.24447862063812,359.5438994633071,741.3997681138541,1579.4483674423007,3216.0544980138093
state,Delta,deaths,18,78.96092407473849,18.397503592164746,33.026009292849764,56.31655795967917,95.95370992467623,207.9953766150677
state,Delta,cases,19,9007.81956876027,2779.504184081363,3675.823883922102,5830.729553913502,12541.647947326706,22965.785817932898
state,Delta,hospitalizations,19,534.4504042552962,143.6589561264154,199.14860021044703,358.80991708212946,706.6851645891645,1426.3841550572213
state,Delta,deaths,19,26.29350801717588,7.483514802398936,12.087179518332334,19.61462829324053,33.078911564809786,65.91784592388503
state,Delta,cases,20,3013.446267747175,805.7448549301815,1105.2703135289144,1844.8057225132748,4146.69026602065,8300.626789236165
state,Delta,hospitalizations,20,102.02337820874195,34.54660668971331,45.647084980196404,68.10849366426363,138.0034254692002,251.2429135934728
state,Delta,deaths,20,5.521536288767127,1.2479608939258253,1.9998375234518693,3.7859111826421645,6.8321327646021,15.520983421016
state,Delta,cases,21,3046.699548910563,985.4379139890166,1260.5034257742332,1930.5758449448904,4190.281848599068,7762.252544474141
state,Delta,hospitalizations,21,45.68075320932412,10.993686920405597,15.965906922496309,29.14297733074508,62.45830939094328,125.39670450475786
state,Delta,deaths,21,3.053642584329933,0.7277158691639736,0.8908776697837127,1.966195409193768,3.9411349718511675,9.218513544007259
state,Delta,cases,22,2960.8574363179764,867.9974439259004,1176.9929522916664,1901.3831628611845,4051.8825468399473,7875.721276302804
state,Delta,hospitalizations,22,62.94282566622324,18.074923786354383,24.27222767231578,39.35716913516608,86.69414047709687,172.64121598439374
state,Delta,deaths,22,2.710955663619995,0.6799258513444413,0.7179842530386114,1.7305628369711905,3.3464833137315138,7.803679916236501
state,Delta,cases,23,5258.776089210364,1191.5753859267725,1673.028856937281,3330.4789193045754,7197.408459794917,14441.228390974531
state,Delta,hospitalizations,23,71.77753556901199,18.44773800887912,25.719001870549146,46.679019902754305,98.45889803408996,194.3990953089685
state,Delta,deaths,23,3.698406978911531,1.1054019238048218,1.32613737135797,2.5264117981316776,4.688567608573116,9.648153755288211
state,Delta,cases,24,8270.350309272839,2756.560692093603,3534.4065862807174,5223.024843026415,11124.155526209513,21199.84112525474
state,Delta,hospitalizations,24,99.80129968304468,22.06846040013028,34.744911242090794,67.3020307193563,133.71564656152367,274.4594765094176
state,Delta,deaths,24,8.374745938688456,1.6788581408469332,3.256796220376373,6.119736790521406,10.371774965539199,23.387507315437563
state,Delta,cases,25,16087.025944940753,4336.833990529757,5872.910887876997,10193.851864978866,22067.61674945188,42454.674313569456
state,Delta,hospitalizations,25,207.96373090473924,46.038727582183526,71.07646248881692,139.82749410312846,298.8013787558988,553.8353631937323
state,Delta,deaths,25,12.763926477336515,3.455149127262478,5.629219328404769,9.276132650429794,14.863753118624818,34.847383266060916
state,Delta,cases,26,21983.842026020444,4380.844968883376,6586.017904044066,15037.394703843785,31775.23037722915,59774.27549460377
state,Delta,hospitalizations,26,288.0138404048173,91.6588956925745,118.32888740940686,179.84010470170261,386.8663094460675,785.3785117043877
state,Delta,deaths,26,18.102383769887215,4.677847989584087,8.48789383380884,13.504250032129564,21.913423069831445,44.24297357464932
state,Delta,cases,27,27584.89040875349,7002.075806862134,9720.145297910934,17999.96434376728,38344.719133177954,72872.17391789773
state,Delta,hospitalizations,27,378.0377388307272,117.26716056250115,159.4466502293684,258.9691913952893,499.5157451333911,979.9816568642736
state,Delta,deaths,27,29.08792510601686,7.654524491817321,12.958108449101644,21.463271925486186,35.284206177806844,75.38875768968296
state,Delta,cases,28,30792.246579450675,9396.55388951327,12326.027342323463,19675.991742468846,42025.58465686708,84876.8652086459
state,Delta,hospitalizations,28,506.34115574887346,121.25022600953326,182.1132041377573,342.4606653220933,678.0477384164008,1354.9282034933542
state,Delta,deaths,28,30.0308787638129,7.770782559190811,13.101290009229574,22.471275495034416,35.90531410677559,79.23040669729997
state,Delta,cases,29,42812.47328359191,13399.87938241384,17387.780182914754,27368.99438157907,59777.082151574556,110311.18664966132
state,Delta,hospitalizations,29,666.5527002488768,149.63098708417675,231.62482535209003,450.273446756243,937.5382680215077,1789.424577941982
state,Delta,deaths,29,47.31092292434932,11.905376115940681,21.267938879781696,35.353029614832664,60.591102803208145,117.35343465654933
state,Delta,cases,30,25184.136749354595,4390.767824639468,7541.990953764694,17283.073873062793,35549.15364832264,70462.55767316396
state,Delta,hospitalizations,30,545.4766200105298,152.01987124056413,209.35069202368146,351.267584313121,770.8551540329833,1414.8660800961939
state,Delta,deaths,30,37.22731819508152,10.393071059669815,17.45526904451561,28.45844376501438,47.283397125684715,88.78691405229577
state,Delta,cases,31,18191.380884732655,4515.014346019086,6199.200379428614,12087.648861468278,26342.53444783039,48975.71096650015
state,Delta,hospitalizations,31,377.5378264715575,102.81143801633236,144.17091645418907,244.8476562392306,516.4225346685146,989.2380775226574
state,Delta,deaths,31,20.08318931504207,4.838637170857946,8.688763531646034,15.403675735464248,23.486667934752568,49.4759298243303
state,Delta,cases,32,13822.856568390962,3377.178085956695,4681.764681005437,8993.959656356445,18961.312215134567,36613.61683060889
state,Delta,hospitalizations,32,249.04580325063094,53.94968753094204,85.9616907374931,161.6457052150299,342.23738071268974,684.8161090251397
state,Delta,deaths,32,15.07821389557191,4.075501370447444,7.06497863759736,11.537371946343479,18.363727552004306,38.82272193965241
state,Delta,cases,33,10782.592362664804,2187.9036072881017,3316.940087339707,7347.859463398328,15386.336864112938,29323.365623997026
state,Delta,hospitalizations,33,181.11157102725016,50.334815248614504,69.33965022043736,119.41730358307395,244.03994461267277,481.32972980898256
state,Delta,deaths,33,12.418796160143833,2.819595054929284,5.419395855644224,9.01021052353249,14.936815579965437,33.46244694146488
state,Delta,cases,34,8909.112070903846,2342.3954317847415,3165.1201489305477,5702.788760898398,12045.861321403472,23648.243782703936
state,Delta,hospitalizations,34,143.56966200200728,39.147818911156506,54.8040736501965,91.34853448535296,200.41213539777465,370.5260120217706
state,Delta,deaths,34,9.049742156872561,2.1372147677097075,4.098671427277743,6.937697402588238,10.882757696395942,24.637403727171375
state,Delta,cases,35,7195.41742679433,2188.1960239279365,2811.663557807728,4490.158209834359,9819.787513799003,19210.7898999022
state,Delta,hospitalizations,35,113.67557258640224,33.683029189101504,44.021991136223434,73.44000841308751,156.859783945633,290.59923871123596
state,Delta,deaths,35,7.1388950682087104,1.4868084847780922,2.8960473589427997,5.120027995274633,8.60850872167141,19.09215576220468
state,Delta,cases,36,5484.253857442582,1093.6070671397144,1677.9628208337977,3789.3783126957296,7810.502653475414,14492.067987354698
state,Delta,hospitalizations,36,94.99544977464538,27.30177412410297,37.111820641854806,62.00752452024471,128.4113572749128,247.87762564272774
state,Delta,deaths,36,5.8625137152888485,1.4395839185463046,2.4217702934273637,4.264964614762035,7.1677160398520465,14.716619658248856
state,Delta,cases,37,4808.138938648094,1341.3051628881492,1833.052018405078,3164.5663877648203,6806.620251272777,12859.004873710712
state,Delta,hospitalizations,37,80.07083529760656,21.96392067160378,31.10465498157724,51.24758446172949,107.61398585287088,208.19765882466726
state,Delta,deaths,37,5.034068799050917,1.1789360925640513,1.8515173939806444,3.5257942683230623,6.01083189807313,15.36136251758113
state,Delta,cases,38,4413.602194387624,1258.8303186756623,1676.6334100541762,2836.479768494303,5910.182453007984,11941.457001605291
state,Delta,hospitalizations,38,69.30189879813285,18.118673471554956,24.90709127969385,45.175198720261044,95.97945350133118,186.5665586758841
state,Delta,deaths,38,4.133338940551932,0.8822215361352073,1.4304107360631573,3.0349771524975435,5.209734183884248,10.898036667324561
state,Delta,cases,39,4382.292059797349,1239.1489295042732,1653.1936278645267,2939.473891470801,5982.444916051374,11497.013448709677
state,Delta,hospitalizations,39,66.66402441137144,16.186230735791455,23.74266590429825,43.66431596584454,94.28446437310674,180.01207142019436
state,Delta,deaths,39,4.587866938406231,0.9220788179437753,1.5403013165457635,3.045648971549636,5.868852952958212,13.631661553790302
state,Delta,cases,40,4681.741278345546,934.2709710740352,1456.2860798475585,3171.416976953376,6706.915609278507,13259.80438340331
state,Delta,hospitalizations,40,71.12943318641649,18.681618485303105,25.868861096378602,46.699263596083156,96.90040033454129,197.2480783722329
state,Delta,deaths,40,4.8164058830985175,0.9433451069862469,1.635841330566425,3.1823224366298777,5.8748810596676275,13.61871674924871
state,Delta,cases,41,4787.937120609012,1193.2299697426524,1697.8655817561153,3083.700923209225,6760.318134839351,12487.24740661536
state,Delta,hospitalizations,41,70.51564116511653,16.691341634294186,25.22924519265252,44.19303787220452,96.79912324462232,185.7047149649519
state,Delta,deaths,41,4.60719569174782,1.0013071340252138,1.5253270322184966,3.1765196447738955,5.821446441885669,13.392656802086716
state,Delta,cases,42,4125.299002085398,1212.574307610071,1629.1288377901055,2605.825478340237,5705.966518947847,10799.34333155013
state,Delta,hospitalizations,42,56.025545452964195,11.575574089833577,18.69633095674905,37.59027135584604,77.44381076840872,154.5671120668679
state,Delta,deaths,42,3.4563450698584166,0.9143889536334839,1.168278114347908,2.3688416466093174,4.374520604104138,9.586592072168422
state,Delta,cases,43,3035.5148689288535,911.0171549687035,1156.9206775377063,1844.480764022214,4182.526005148789,8079.125733043985
state,Delta,hospitalizations,43,42.91798131738827,10.549918520221986,15.493986431656063,27.80971406079477,59.91538163790244,116.22595448746523
state,Delta,deaths,43,2.8355116779114917,0.5623680180066812,0.6428318426193991,1.7506857671955873,3.5783054152033547,8.734221156023938
state,Delta,cases,44,1920.8533406561519,472.4495882004462,643.3922995237481,1244.0914517924798,2657.531567836997,5487.156747021072
state,Delta,hospitalizations,44,27.49842111603611,6.111263651609882,9.387567009968972,18.640972172431464,38.316583734605494,75.51543795552705
state,Delta,deaths,44,2.293933870221148,0.7082731350234972,0.7082731350234972,1.4824957525764888,2.6852138885047245,7.002706468817105
state,Delta,cases,45,1422.9967538306917,388.70356662124044,532.3557284285093,932.2361350591908,2035.8219217005685,3566.18033964478
state,Delta,hospitalizations,45,20.296684712301015,6.375832076245917,8.202342347839448,12.50463595677109,28.078203211571967,56.160440793120145
state,Delta,deaths,45,2.1802504867297574,0.5450081167439456,0.5450081167439456,1.3115819319294098,2.722614129751137,7.177609362512903
state,Delta,cases,46,852.9179241645236,195.093268566707,282.60905409724,584.7794018544721,1215.7100663386154,2326.2829438686676
state,Delta,hospitalizations,46,13.19339512898121,3.271653837480094,4.3891308500546495,8.485847213441598,18.030484434994644,35.55323575600556
state,Delta,deaths,46,1.4994930985429074,0.3931279471230327,0.3931279471230327,0.6393230104252846,1.7319825561291098,5.085285710173788
state,Delta,cases,47,749.1144522925781,250.2164213080756,318.89562293448466,477.4823102780471,1032.7562809200554,1942.8179224084538
state,Delta,hospitalizations,47,8.87963285814259,2.0843869863000144,2.687626077887221,5.7500741537120685,11.845440863277162,26.32675491267603
state,Delta,deaths,47,1.0535281185905623,0.291755468323665,0.291755468323665,0.43534050880793096,1.2843019904054054,3.4925698600207475
state,Delta,cases,48,546.9038260696165,160.36382121291211,212.5235605339517,338.32293454140887,757.3766539590816,1462.9398747443975
state,Delta,hospitalizations,48,7.383520403045701,1.927641854144647,2.2139846266295726,4.290426683085862,10.253331759944896,19.806223615454766
state,Delta,deaths,48,0.981812721949748,0.26833683462762736,0.26833683462762736,0.388068923416211,1.264646538018317,3.2900553024736325
state,Delta,cases,49,403.70788144390434,105.57450095895078,146.9790729544665,265.7954357891904,580.4586609323281,1038.5349785168305
state,Delta,hospitalizations,49,10.111571361894802,2.9693064191691616,3.525922036423151,6.0869051819835205,13.833297886057672,28.590843102169373
state,Delta,deaths,49,0.5466746823227987,0.0,0.0,0.0,0.5928280698060816,2.727123071956321
state,Delta,cases,50,419.14317270940785,106.2815548551749,146.26286743268008,276.3690644272769,584.3935116426619,1098.0534300079462
state,Delta,hospitalizations,50,10.169535952044804,2.7146593221564728,3.4060220260685172,6.307767633064532,13.967666110009702,28.689499328798338
state,Delta,deaths,50,0.4558247125925286,0.0,0.0,0.0,0.49338572630769706,2.308464694315483
state,Delta,cases,51,384.8275607247631,115.3558735428855,147.522500900927,238.08865342525382,523.4798041886045,1004.8229115986757
state,Delta,hospitalizations,51,9.374386711951013,2.460702342059174,2.92081286213221,5.881084273798986,13.30370173457828,25.562665239940667
state,Delta,deaths,51,0.5526764630819445,0.0,0.0,0.0,0.5466486962974606,2.8339041571345276
state,Delta,cases,52,344.63347591140734,111.17956949722503,141.05834081353964,220.28922579053324,470.80677741096804,857.5514523665489
state,Delta,hospitalizations,52,7.4054443542245565,1.9515616120440975,2.2076407971755687,4.385509335546022,10.717235861347051,21.023818231239158
state,Delta,deaths,52,1.150571821914889,0.3341517381757839,0.3341517381757839,0.437929039033141,1.3042066563861163,3.8905082345763424
state,Imo,cases,1,1758.9371524647304,416.3504928531624,608.8277580316808,1120.1090460900982,2452.9472413359335,4761.569895509454
state,Imo,hospitalizations,1,23.445630660264214,5.846382120105356,8.481770276342147,14.82023373516823,31.981919660667796,66.61865733289812
state,Imo,deaths,1,1.4215321922327258,0.4681725124343705,0.4681725124343705,0.6423553670536153,1.534296791390978,4.746887321992993
state,Imo,cases,2,784.1465263442252,231.28034381013003,309.79675295326547,498.84850533517937,1061.892754850166,2042.1191011684725
state,Imo,hospitalizations,2,12.058141371167101,3.916281762665607,4.662654465077849,7.7948865314865765,16.21015961207309,32.445371201905346
state,Imo,deaths,2,1.474807661687722,0.48441278056197407,0.48441278056197407,0.6929548170202787,1.7386343250719962,4.4411042587415865
state,Imo,cases,3,944.2427285672536,235.1210669998736,331.28301689487586,624.075818481386,1316.266037813127,2482.1971019072435
state,Imo,hospitalizations,3,14.209717535767803,3.264379271235134,4.915660780407524,9.400122549110415,19.481893400924285,38.6895194276419
state,Imo,deaths,3,1.0393035787060967,0.38719706421271866,0.38719706421271866,0.39906683607045446,1.1189243877564452,3.4817379192318394
state,Imo,cases,4,784.5474999380334,206.62402765514042,289.3413895912805,519.1823745792879,1119.4391902492803,2034.5325488862484
state,Imo,hospitalizations,4,20.87224879467689,5.477901767040553,7.639517374461544,12.850208841373359,27.044955014671675,61.63657014468414
state,Imo,deaths,4,1.2521955990023128,0.49018435305378294,0.49018435305378294,0.5101302245067963,1.4420160993872078,3.9137317446806503
state,Imo,cases,5,959.8006744298539,257.46017309105434,347.34326965937885,604.7006287564473,1319.1853982794555,2579.840153627552
state,Imo,hospitalizations,5,7.152283398746995,2.1210408424802054,2.314882875128773,4.482404774807229,10.347032334120922,19.8968777134255
state,Imo,deaths,5,0.5203782610632349,0.0,0.0,0.0,0.6236047268523206,2.3427413835125366
state,Imo,cases,6,808.3832288967834,223.99468096727264,303.3211431487765,522.5881954025575,1098.6032976301738,2041.999858345979
state,Imo,hospitalizations,6,9.921021460154392,2.4899761564179697,3.153500186509775,6.267677522471888,13.255958718678787,28.809082225563955
state,Imo,deaths,6,1.532454017368645,0.466557965309352,0.466557965309352,0.7651867658665591,1.7977730414674893,5.103759624207128
state,Imo,cases,7,927.3379312895512,288.292571169814,384.26866943811115,594.9086682237128,1296.6667150764088,2244.7269705946437
state,Imo,hospitalizations,7,19.148108997280787,4.8984989004087,6.957772438912279,11.970861963799754,27.328558610426605,50.425935289733815
state,Imo,deaths,7,1.1931718166565288,0.3784269785238633,0.3784269785238633,0.4661528733871557,1.2046515054298101,4.174216847197212
state,Imo,cases,8,1562.5952086946052,410.98177285142236,567.6563212603576,985.7828440451754,2068.637370520027,4688.555401586922
state,Imo,hospitalizations,8,22.950666232246594,6.216880603837749,8.442641571570224,14.921789988411268,32.09582474982436,62.72384524913366
state,Imo,deaths,8,0.683191010280546,0.0,0.0,0.0,0.8218585405298293,3.303380818880644
state,Imo,cases,9,2770.737113130037,742.8298636864116,989.5331915378573,1789.5408535881215,3929.557655854015,7487.022090956413
state,Imo,hospitalizations,9,51.468633564057576,13.778132584862766,19.63494819086734,32.8800090016168,68.17141590606941,134.64383809221707
state,Imo,deaths,9,2.4793976069511525,0.6396688949886807,0.6396688949886807,1.5489514722060662,3.098248940485724,7.901520041593652
state,Imo,cases,10,4572.72546559052,1232.8537483100445,1662.0140532581404,2985.429240867504,6507.680021833143,12063.407510086283
state,Imo,hospitalizations,10,81.02815865908092,19.41851312617341,28.49350217739224,54.40026040916788,110.06621992558351,216.29704993016003
state,Imo,deaths,10,4.090879760134364,0.9563135000045557,1.5458680383664984,3.003610090282311,5.453112165686026,11.130960971776226
state,Imo,cases,11,12876.220296946529,3335.271342550183,4614.938748510751,8390.56902942446,17550.238027612453,34108.59377040426
state,Imo,hospitalizations,11,213.36907151840614,56.20297075282774,78.21231343896423,142.93923507560953,286.908865242725,580.1750871730117
state,Imo,deaths,11,7.521976228239544,1.7044642734497026,3.283460584697286,5.613359396452419,9.709615524330676,18.331274913662945
state,Imo,cases,12,45095.764255394504,11645.678329996528,16118.636715241524,29245.95919203992,64722.83938779055,117771.93444760118
state,Imo,hospitalizations,12,615.6305845432582,166.40704653928427,237.17818235237993,409.3537316990253,821.4941306019106,1598.1926441126575
state,Imo,deaths,12,30.873144888569463,7.654214238001543,13.662909554627008,23.03301153545528,37.573132354488,82.8968949727713
state,Imo,cases,13,141640.79136271257,43424.699778654125,56419.14199742659,88493.97418816172,191692.45327273945,373173.1649489393
state,Imo,hospitalizations,13,1287.577946028944,401.8187523158443,533.1455290709055,850.8479325114753,1787.8604798397982,3181.3472151920896
state,Imo,deaths,13,52.568565863241126,13.875982851120188,24.963837469868096,40.46050139739209,66.6073767008601,127.24151896362086
state,Imo,cases,14,188094.93555497282,46441.746021204846,65195.26121939788,125406.3624195524,260730.14471275988,503825.4671054437
state,Imo,hospitalizations,14,1848.9814140615824,555.7180136042302,752.6839403468009,1209.9391505492506,2492.2915627121993,4899.442874633058
state,Imo,deaths,14,122.29496920892805,30.385662635113903,55.608146615032766,90.72221232161375,149.96699033875223,304.4719027979036
state,Imo,cases,15,194054.61988879746,44540.80083294878,63873.10227228603,129774.8480230366,277812.15618253726,523817.7178815962
state,Imo,hospitalizations,15,3391.8774208302493,825.6661162247218,1185.8904772274682,2234.489259481545,4817.4946605586065,9080.30790483462
state,Imo,deaths,15,138.88912834283136,39.2377412635377,65.80740645667015,102.05780773484526,166.01029168143347,351.42534577557274
state,Imo,cases,16,204341.7877742545,59401.34886986044,77865.75956896426,132287.76204893098,289080.9451447145,513814.07245322503
state,Imo,hospitalizations,16,2839.8442209638374,840.1003194803093,1122.8295680378442,1820.7623485066063,3691.610961962251,7821.884811781041
state,Imo,deaths,16,205.18384548308939,59.67592872261691,95.52165996019224,151.7488162598694,238.66289893960865,530.5568288015261
state,Imo,cases,17,103504.5322058654,25659.49913838205,36983.571895666886,67758.59588681284,145533.28989330848,281531.6051769563
state,Imo,hospitalizations,17,1503.8716698312992,405.54697798472915,573.2551644049106,969.5738536931408,2040.731776598545,4008.852008764445
state,Imo,deaths,17,214.47191920795373,66.85988873422939,102.2960445481509,161.78669214537436,240.14447311341758,529.4172918829837
state,Imo,cases,18,53100.84169340378,12724.867936568955,17314.197682411163,33186.80863122904,75583.34161771777,139393.89165554545
state,Imo,hospitalizations,18,620.5549379902285,132.66084049553862,196.3047698353685,405.2723446203867,863.8877483132169,1759.5073840475509
state,Imo,deaths,18,99.03997082807253,23.268425058267326,41.570305639174144,70.70936119863225,120.29982769424035,260.4763601309942
state,Imo,cases,19,9559.187418706995,2949.6797106354798,3900.856971113777,6187.649587783658,13309.297113632289,24371.424727666657
state,Imo,hospitalizations,19,179.90088860909478,47.87274993270073,66.61981939726624,120.56108803587315,238.09007092394432,481.23898980059306
state,Imo,deaths,19,35.382936098099016,10.308845848705229,16.445704901145643,26.480078602643754,44.42847705872003,88.20401763979115
state,Imo,cases,20,3098.5084957633144,828.5097373350036,1136.487263276441,1896.8910255162898,4263.730592439285,8534.883700167491
state,Imo,hospitalizations,20,50.06404197572407,16.618270165342757,22.12009561927136,33.25283664134455,67.89546237709277,124.02132306961018
state,Imo,deaths,20,8.229308624670036,1.7738843102707929,3.264047649340161,5.802819542310969,10.132798707642236,22.483358672075543
state,Imo,cases,21,3355.0291446656893,1085.233841499813,1388.1271744641972,2125.989464261504,4614.305351354221,8547.645093958974
state,Imo,hospitalizations,21,55.66469091000427,13.559402060901487,19.595289993121007,35.59122746686768,76.03344656728618,152.43575768405125
state,Imo,deaths,21,3.368257165404647,0.7873816166865195,1.0459115702687298,2.209395089023221,4.346260824120943,10.056334010768404
state,Imo,cases,22,3337.8578358400114,978.607893816751,1326.9339346639263,2143.5282450816994,4567.754215961872,8878.310743195383
state,Imo,hospitalizations,22,56.38552558821578,16.118551456096554,21.680244212991866,35.218036003737524,77.70000808229979,154.83213458784277
state,Imo,deaths,22,2.994451927151923,0.7352899748683699,0.8578740545652342,1.9529035788285534,3.7004031398424084,8.52053458705668
state,Imo,cases,23,5345.453398394102,1211.2281665200287,1700.6156428297302,3385.379284534957,7316.033029570888,14679.22587876009
state,Imo,hospitalizations,23,82.42796271126184,21.293799557971926,29.629169922956567,53.656562750241505,113.01412010057025,222.9945983763418
state,Imo,deaths,23,4.548701387934969,1.3133292491321227,1.7636863854808562,3.1897337603952645,5.758593471856286,11.651083262041869
state,Imo,cases,24,10846.0505118321,3615.2656637875643,4635.332930822538,6849.787263096215,14588.531265468979,27801.787450696487
state,Imo,hospitalizations,24,100.53395692612705,22.23612961324616,35.004717099824774,67.79847250811419,134.6948045140518,276.4616072485538
state,Imo,deaths,24,5.656956649832581,1.1664715826808347,2.0134260968757873,4.0401286640747145,7.0501864958724045,16.264145892234176
state,Imo,cases,25,13453.296704451086,3626.6983741186546,4911.308083755627,8524.878956111867,18454.820410789252,35504.36535415875
state,Imo,hospitalizations,25,243.5656805998185,54.05289542772643,83.35640494876432,163.82081265193096,349.8796857844456,648.3647851367164
state,Imo,deaths,25,9.058866313388211,2.2729603732151276,3.8401456690925815,6.502841055489319,10.58249141398412,25.17299990665396
state,Imo,cases,26,24971.460214484912,4976.313415396335,7481.157131088361,17081.029199344594,36093.443977467214,67897.40415192074
state,Imo,hospitalizations,26,465.4480768218454,148.54496170736658,191.5884586130727,290.86325102015553,624.9890317075954,1268.1597880736747
state,Imo,deaths,26,23.008965764164778,6.13652728801348,10.92540085168985,17.230494429641343,27.80004348471963,55.866213413721354
state,Imo,cases,27,27979.22651309232,7102.183709530773,9859.107590216472,18257.285389000273,38892.86535129859,73913.88484648433
state,Imo,hospitalizations,27,599.4907594432759,186.36481829607973,253.18769947176725,410.85634352501165,791.9423619812451,1553.1207636673382
state,Imo,deaths,27,32.49325103722603,8.634071683085219,14.537932498320917,24.005738001132638,39.39097048154879,84.03468539028857
state,Imo,cases,28,38203.63289813416,11658.3778302311,15292.923397249371,24411.89339599247,52140.63549255115,105305.45650197881
state,Imo,hospitalizations,28,613.2721031765284,147.0165813353664,220.70748765505186,414.8509572013574,821.1688260606556,1640.7135883384008
state,Imo,deaths,28,37.66800724779834,9.929465819550288,16.57192885895231,28.248074676690454,44.98852683528214,98.97688139787367
state,Imo,cases,29,53600.185478082654,16776.49937708193,21769.231666283165,34265.41271693661,74839.36737002133,138106.55174977717
state,Imo,hospitalizations,29,623.9447191649197,140.0166416610401,216.77704755931748,421.4699523266441,877.6340525857502,1675.1468939167912
state,Imo,deaths,29,59.3207359585191,15.113577179099627,26.803618316526798,44.39018027294458,75.90229092505717,146.77540666902317
state,Imo,cases,30,27041.582324989333,4714.667980365273,8098.299037916042,18557.802966812393,38171.03639862791,75659.36183373125
state,Imo,hospitalizations,30,465.61936325967747,129.6589015335626,178.61190356401988,299.7903172253665,658.0630729941038,1207.963942030551
state,Imo,deaths,30,46.28785678827705,13.093426849850228,21.829488459341185,35.44060676337859,58.727401144887395,110.06797268641745
state,Imo,cases,31,20773.036584502803,5155.875718178911,7079.06227055151,13803.132361592241,30080.909116338316,55925.92852316815
state,Imo,hospitalizations,31,390.43830768927427,106.34930771563559,149.11830757367784,253.22608727027625,534.0561744881699,1022.9851612400859
state,Imo,deaths,31,30.41732709985177,7.701105139879426,13.438806128433212,23.445791556831786,35.491576028912334,74.22241228258008
state,Imo,cases,32,15656.37102035893,3825.2396172146077,5302.858850733786,10186.997825061779,21476.36098731846,41469.96272656499
state,Imo,hospitalizations,32,298.942163424104,64.91483617499061,103.3147987917919,194.10147364855663,410.73001586351256,821.6699459775177
state,Imo,deaths,32,25.735135654062876,7.4407699965445495,12.41239509920637,19.850171290740104,31.202684742416295,65.2268438121457
state,Imo,cases,33,13075.620733224003,2653.3531442446865,4022.468495333556,8910.524545135584,18658.307724113383,35558.9131171758
state,Imo,hospitalizations,33,251.32659706578707,70.12749162295414,96.45984002446988,165.84545781227868,338.5176650255395,667.2970153947545
state,Imo,deaths,33,20.51330069100703,5.124972042592974,9.293923722468017,15.052031358136112,24.55573260293051,54.26280168454249
state,Imo,cases,34,10765.45435941672,2830.62094501205,3824.7530105827827,6891.122218136952,14555.717307143374,28575.35255258613
state,Imo,hospitalizations,34,205.96290487106785,56.474777979180544,78.88794485888283,131.20423077014087,287.33740109062103,530.8688694321035
state,Imo,deaths,34,14.481385788380878,3.837253002841828,6.86161149244764,11.239088949702607,17.321954218931495,38.530162053541375
state,Imo,cases,35,8968.055775029994,2727.4439015414455,3504.485414512601,5596.430789452101,12238.866831240553,23943.082858342135
state,Imo,hospitalizations,35,165.1562635878052,49.25309584241152,64.23347263726853,106.85796295060344,227.72693180949278,421.50532416397573
state,Imo,deaths,35,12.39908274787587,2.863538649423386,5.427246579064562,9.096111615820258,14.85100208536281,32.14570576054395
state,Imo,cases,36,6619.603644127997,1320.1712212298983,2025.4782011657326,4573.9190688062445,9427.344481002208,17491.87475573865
state,Imo,hospitalizations,36,132.6453368669272,38.40186900136226,52.059463966779596,86.7193852357299,179.16712748378689,345.4886533241541
state,Imo,deaths,36,10.680290105134354,2.7085158001073695,4.845724517736672,7.994622693594837,12.953659601226448,25.85014509847248
state,Imo,cases,37,5864.846824048406,1636.2487002516577,2236.0466614809993,3860.1335165967457,8302.452684501057,15684.72247715274
state,Imo,hospitalizations,37,114.18432500775461,31.626924257920003,44.6139942908721,73.23288058123538,153.31773783099916,296.22608203601345
state,Imo,deaths,37,8.465645465996163,1.860994096948283,3.50122535989373,6.1441331472291,10.06685668485629,24.827014080998723
state,Imo,cases,38,5334.312606630331,1521.5808092042043,2026.5210059346884,3428.2651779932726,7143.019975734265,14432.178481134675
state,Imo,hospitalizations,38,98.6764079334644,26.107239023523025,35.73213608505516,64.46908971122198,136.50144487495206,264.9395562360282
state,Imo,deaths,38,7.31481350370958,1.4408117646186573,2.969257423385566,5.58977627859106,9.141509474468169,18.43143587408201
state,Imo,cases,39,5135.347588864662,1452.2081999087354,1937.3863397845457,3444.651299647552,7010.408879080227,13472.387775293226
state,Imo,hospitalizations,39,97.64797983418825,24.056188502468476,35.07288360562944,64.11710085698876,137.91734245818355,262.9015298032309
state,Imo,deaths,39,7.626970885853512,1.4316239930758092,2.9440840019716594,5.281293987588485,9.664614023227912,21.717187870861974
state,Imo,cases,40,5661.124637571168,1129.8805021135847,1761.0737354957284,3834.919872174343,8109.8589991252165,16033.267697105739
state,Imo,hospitalizations,40,102.86974706302708,27.34259237803577,37.69260946630905,67.68951279823801,139.9818578894015,284.487927693999
state,Imo,deaths,40,8.352445715182542,1.5253687247148697,3.262098673307127,5.762725321054229,10.116534634980097,22.63815019511677
state,Imo,cases,41,5926.812538973905,1477.2343578064488,2101.8792911535293,3817.285425568221,8368.253011740399,15457.125196124673
state,Imo,hospitalizations,41,100.5553868183123,24.122735683318112,36.24705608932418,63.17674638020052,137.88045203830717,264.1315712428087
state,Imo,deaths,41,7.47645137758071,1.5227980124763407,2.8405428812397417,5.351693299700318,9.37412471252375,20.88849797201169
state,Imo,cases,42,4844.313837904202,1424.041758490189,1913.1816459057532,3060.069388529441,6700.415440989331,12681.322093485827
state,Imo,hospitalizations,42,78.19051502117628,16.4637283505758,26.352339612851353,52.590397632687335,107.93509848993234,215.03640247451438
state,Imo,deaths,42,6.319094538701433,1.5213656796286763,2.607593785938419,4.605098400291406,7.942158759737882,16.61403369848876
state,Imo,cases,43,3682.7250517197726,1105.406715058019,1403.722713989094,2237.8310337152047,5074.212938154997,9801.343432739206
state,Imo,hospitalizations,43,58.68973722414743,14.698984799539797,21.41910553923176,38.159000327805984,81.79795642863255,158.33692297379866
state,Imo,deaths,43,4.462426057837821,0.8134782626488861,1.3763940166711617,2.9789301797825587,5.622624003826914,13.080774618567144
state,Imo,cases,44,2399.6518825982494,590.4018625587304,803.9321736773852,1554.2857621966618,3319.8615237496597,6854.4418529315035
state,Imo,hospitalizations,44,43.64647614037925,10.144054038248289,15.27834570003789,29.779347521977492,60.612978396401886,118.9072650250552
state,Imo,deaths,44,3.1675802276779534,0.9099021773699678,1.1586352654506942,2.1892050945940613,3.734309372207449,9.280892611559862
state,Imo,cases,45,1704.593448163085,465.7678126139902,637.8273242202029,1116.7844565053315,2438.605368047405,4271.593599211031
state,Imo,hospitalizations,45,29.35382717323434,9.177026219235039,12.127081647065935,18.264275563499112,40.479868198763505,80.53899788891641
state,Imo,deaths,45,2.125313582258019,0.534647042429936,0.534647042429936,1.267636765896415,2.6518440247641415,7.022145956165608
state,Imo,cases,46,996.5735026015996,228.08226098202485,330.3209261207643,683.3257333327133,1420.3985772878368,2717.8043864186648
state,Imo,hospitalizations,46,20.84131844088432,5.045601206112041,7.311210925014859,13.62923784687434,28.349142662373612,55.37303320569336
state,Imo,deaths,46,1.6259698858764946,0.41687721048736703,0.41687721048736703,0.7383561984718705,1.8970244304275354,5.452904074718368
state,Imo,cases,47,898.0093344814283,300.0819309516373,382.3936943874271,572.459239466062,1237.9529934872457,2328.6584293724413
state,Imo,hospitalizations,47,13.942348563946256,3.167165960849962,4.603241560704122,9.256543162744952,18.518277230515576,40.52221662712859
state,Imo,deaths,47,0.9947525921660807,0.28111273243106827,0.28111273243106827,0.3829817645521371,1.2009745966722143,3.3286886660401835
state,Imo,cases,48,618.9375225035885,181.57855263039227,240.59580717500592,382.93420406872696,857.0815128679496,1655.4061352766362
state,Imo,hospitalizations,48,14.44951876926535,3.582229832335578,4.972702649833854,8.831455075114924,19.912609184620393,37.665208878544234
state,Imo,deaths,48,0.974309972566083,0.2670185373840036,0.2670185373840036,0.3812495561152636,1.2535206808731556,3.2689789262538236
state,Imo,cases,49,524.5701774843606,137.40199796570215,191.1716655459552,345.4714451309188,754.1059557716584,1348.9825632528978
state,Imo,hospitalizations,49,9.82086391152559,2.8905415101517375,3.4058657717286605,5.898915340897927,13.439824396463905,27.8059055660348
state,Imo,deaths,49,0.5623413862915422,0.0,0.0,0.0,0.6182707053912648,2.7866573279745857
state,Imo,cases,50,422.8309112116008,107.22320128932546,147.55544334834397,278.8036263686491,589.5317081719478,1107.7001930950876
state,Imo,hospitalizations,50,13.411392563508551,3.512290312025767,4.700615303889911,8.454962267515272,18.3655197330847,37.41297506848757
state,Imo,deaths,50,0.8602480100469508,0.2900934361795992,0.2900934361795992,0.297802574657131,0.9676742573882335,3.0066261584737286
state,Imo,cases,51,462.4049424415851,138.75125773958374,177.38554833145443,286.16161041176457,628.9356453832378,1207.0612063592696
state,Imo,hospitalizations,51,9.803304987147621,2.5641687763976906,3.0856733247812347,6.170416811921838,13.905136939081725,26.679559474537303
state,Imo,deaths,51,0.6430747442992916,0.0,0.0,0.0,0.6863171941201192,3.1801208744181024
state,Imo,cases,52,363.7621684871669,117.38802049444118,148.92039850942433,232.53622692175452,496.9183882046157,905.067008403144
state,Imo,hospitalizations,52,13.61565398905255,3.4223838602137473,4.625125041334729,8.444375271195227,19.548097815979055,37.62238301353257
state,Imo,deaths,52,1.6866368716295765,0.4375372833472716,0.4375372833472716,0.8828199692133399,2.0171212821150135,5.403616808416364
state,Kebbi,cases,1,1042.2819418115898,246.4032848218978,360.50284496176107,663.5878353947965,1453.687651464562,2822.2276144872717
state,Kebbi,hospitalizations,1,9.720378794029305,2.5212511491312575,3.1361519422425177,5.901125906173081,13.387422083377537,28.49671134272537
state,Kebbi,deaths,1,1.3032466982954303,0.4400397215475082,0.4400397215475082,0.543665164455033,1.3820092482656365,4.401553123623854
state,Kebbi,cases,2,2529.3995808073646,747.6017767201527,1000.647395742843,1609.9304517419496,3424.5305106411333,6583.640629066004
state,Kebbi,hospitalizations,2,27.619544649190043,8.901198003676907,11.455064120495924,18.34443931864477,36.853915123071666,72.56342249425809
state,Kebbi,deaths,2,2.428844559866773,0.7001448057212487,0.7001448057212487,1.4469080276585946,2.9582782998512682,6.864286486673953
state,Kebbi,cases,3,1649.5789303839285,411.31362742192573,579.2312253090938,1090.5048005095098,2299.2044892958625,4335.148475440938
state,Kebbi,hospitalizations,3,30.56279738961999,7.2238244511732885,11.300898262075682,20.62579196789465,41.58961023828223,81.52953620448574
state,Kebbi,deaths,3,4.10161129817331,1.082646438082582,1.5046596625784667,2.911947859911976,4.92475034808251,11.531442108275694
state,Kebbi,cases,4,1394.2337297757329,367.7670656697305,514.683774615369,922.9110234646647,1989.0445874014258,3614.368479291827
state,Kebbi,hospitalizations,4,26.55909971931481,6.922664505571946,9.891883144718602,16.461028167628292,34.356416287979485,77.9662400145806
state,Kebbi,deaths,4,2.259906914392899,0.7553068936524262,0.7553068936524262,1.3269036675222503,2.762812057925869,6.571387044883593
state,Kebbi,cases,5,1455.5461024771148,390.818165598946,527.0783467888223,917.2246781900558,2000.3629752624888,3911.4792133533174
state,Kebbi,hospitalizations,5,11.60923212327006,3.306972387778913,4.168323927206192,7.547766193749746,16.691466312498697,31.580889629774138
state,Kebbi,deaths,5,1.5276325146977356,0.4906564393559249,0.4906564393559249,0.9291807463926802,1.894418840424983,4.439617181643699
state,Kebbi,cases,6,1388.741899894527,385.3244557461611,521.531019371528,898.0209179808578,1887.060836226845,3506.9087424284426
state,Kebbi,hospitalizations,6,16.81753161561316,4.079297577850791,5.804628713716889,10.906547473398227,22.355363352035816,47.83585596081756
state,Kebbi,deaths,6,1.8930648628001792,0.5439223619570897,0.5439223619570897,1.0578891078387715,2.2616982970719497,6.1158818377813935
state,Kebbi,cases,7,1343.7081548587842,418.04361168538685,557.0660922530295,862.1805495638301,1878.6851396862635,3251.9613076889677
state,Kebbi,hospitalizations,7,22.03619695114994,5.602647497381042,8.101684974529622,13.835395250225423,31.400727494269056,57.818301996039594
state,Kebbi,deaths,7,2.237162207575392,0.5975992302528549,0.5975992302528549,1.3152995909194274,2.4815119359614357,7.170950224288571
state,Kebbi,cases,8,1722.1108477740622,453.01153568265255,625.6697866368277,1086.4529504289912,2279.7786723003337,5166.976813166441
state,Kebbi,hospitalizations,8,28.297690068389173,7.830779776310498,10.554284018614453,18.482353768961733,39.49698975560829,76.97430424379522
state,Kebbi,deaths,8,4.174024006554268,1.226939496454584,1.5237114013783928,2.824600680303628,5.151966413893959,11.860261127900127
state,Kebbi,cases,9,2381.5640991506075,638.3904821276562,850.4547826327168,1538.1352721052222,3377.6774063518465,6435.64672347388
state,Kebbi,hospitalizations,9,18.842039762121907,4.7937283945340745,6.7933811055039275,11.795758902092262,25.124572777066724,50.22979302336135
state,Kebbi,deaths,9,3.82172162826558,0.9031692821495112,1.2338964657978524,2.598947345137096,4.786450744512103,11.56834516886723
state,Kebbi,cases,10,3045.6672315665583,820.8993054574242,1106.7731839862622,1988.3314926737685,4334.586447515537,8035.388564589926
state,Kebbi,hospitalizations,10,39.39518489062512,9.054327772422972,13.522964342004743,26.279771714491627,53.690376947398676,105.99974824209117
state,Kebbi,deaths,10,5.198657421050196,1.1692271822986418,2.1126802173024313,3.8949740277230154,6.889833359569019,13.83179868896249
state,Kebbi,cases,11,3269.0252447126636,846.2085793187401,1171.165722695349,2129.9445622727853,4455.9394716236075,8660.747655475307
state,Kebbi,hospitalizations,11,57.79126478735664,14.687962181281343,20.724042670648274,38.47545462325664,77.9592451255728,158.3877497668665
state,Kebbi,deaths,11,4.943763480958488,1.1821066493844299,1.9707323986900789,3.586600164691628,6.427499608448432,12.406927309933852
state,Kebbi,cases,12,4246.98795410775,1096.0842380398653,1517.4242976534122,2753.9810367426685,6095.803054557287,11092.878133251776
state,Kebbi,hospitalizations,12,70.25039834340039,18.343453214076305,26.520875746803526,46.41531718307357,94.03707916152128,183.78259267556666
state,Kebbi,deaths,12,4.708795514794913,0.9815110123806368,1.6047841486617747,3.2693305349077395,5.852301949137876,13.903815735401333
state,Kebbi,cases,13,6867.273744513578,2104.731583576799,2734.8378922950087,4290.1608353038955,9294.301192123266,18094.381981481387
state,Kebbi,hospitalizations,13,105.90547804535524,32.4194228720655,43.31480711515427,69.67264400087848,147.4108783198293,263.02000080387336
state,Kebbi,deaths,13,9.498605926125531,1.9128649628773908,4.083976852132959,7.118377324876947,12.238194799959672,24.110961145480097
state,Kebbi,cases,14,14210.62438205145,3507.990557275912,4924.915984470591,9474.17725033244,19698.591500620732,38065.70507319884
state,Kebbi,hospitalizations,14,234.51928313872514,69.87521338207276,94.95074847478406,153.16345185643172,316.41845460846423,622.8704800617163
state,Kebbi,deaths,14,17.291215261288336,3.655541825310767,7.39687844999526,12.605466952785212,21.393445884332785,44.31168376040075
state,Kebbi,cases,15,28870.936982448788,6626.007594372294,9502.301458997805,19307.279286691602,41332.53078253449,77933.67162440898
state,Kebbi,hospitalizations,15,336.2664801943035,81.17413620760334,116.9819734049487,221.21716276240096,477.97891153520504,901.7207213029218
state,Kebbi,deaths,15,30.10169038616916,7.946042131249782,13.85326596556463,21.912804272779077,36.13133637270822,77.35459676474281
state,Kebbi,cases,16,62460.85786098199,18156.631654789308,23800.684029411572,40435.963504843945,88363.24110917567,157057.85376223215
state,Kebbi,hospitalizations,16,795.7858850677733,234.9076423629199,314.2061385226393,509.9588602311675,1034.6851923896838,2193.1238989948606
state,Kebbi,deaths,16,74.47283346496113,21.210199121489886,34.33139636070406,54.91313880357612,86.727717062501,193.5744096648482
state,Kebbi,cases,17,102653.58506345299,25448.537193166845,36679.51166722065,67201.525812759,144336.81289861596,279217.0490294187
state,Kebbi,hospitalizations,17,1563.1002870511718,421.54782099591665,595.8566526254227,1007.7736207672676,2121.0900903910833,4166.671439149539
state,Kebbi,deaths,17,81.95621602785674,25.125908239718605,38.76875046111908,61.67251922993689,91.84009294136334,203.20949333954468
state,Kebbi,cases,18,151531.82043551325,36313.87344736853,49410.10623551409,94704.60879979632,215688.47706604423,397779.95096636703
state,Kebbi,hospitalizations,18,1864.0333626071117,400.0617751736145,591.0313006189394,1218.0579315026646,2594.176076840454,5281.566038300018
state,Kebbi,deaths,18,157.32380770219368,37.40734288860887,66.37199969223616,112.48762918344949,190.96977403339127,412.8139247480894
state,Kebbi,cases,19,135514.8708001969,41824.950990960955,55307.9099637983,87723.24652729354,188672.75972501418,345478.6664361534
state,Kebbi,hospitalizations,19,1943.911607446354,524.443403638173,725.9979304709586,1305.9342718689752,2569.518352565863,5183.674415022325
state,Kebbi,deaths,19,258.3800510893529,79.622657997963,123.37335503511942,194.91008742874905,322.8672290941896,634.9503969222943
state,Kebbi,cases,20,145954.14681849367,39060.42398563877,53563.015308431335,89370.25471776232,200824.18909421636,401951.81296582316
state,Kebbi,hospitalizations,20,1746.3418577632938,601.8930020576079,790.1641565799703,1171.1238985375319,2356.5862868977842,4277.199850455349
state,Kebbi,deaths,20,281.76242243678917,79.16557648280754,129.90156216022274,207.83906053920336,340.76464755762936,719.9132232420502
state,Kebbi,cases,21,64423.872196444485,20851.165877435935,26665.73524623963,40830.29749216813,88597.89011428159,164105.2529228816
state,Kebbi,hospitalizations,21,489.1913136886232,124.95281955896215,177.16905072181586,315.54928212690317,665.4133427258058,1326.3667572770726
state,Kebbi,deaths,21,196.9822286977578,53.09220223767198,93.54148065808506,147.30600116953627,246.0504696497308,509.9126920334546
state,Kebbi,cases,22,12012.579387029282,3523.7374339217,4777.053013689218,7715.249563987154,16437.882447797856,31947.741084581827
state,Kebbi,hospitalizations,22,226.5318407627368,66.87677577310826,88.929446125906,142.6081502031843,311.0534360424299,616.890064167598
state,Kebbi,deaths,22,110.93185648568989,32.04438139662594,52.2099126294127,83.57179379111157,133.62055717902794,271.67015883976853
state,Kebbi,cases,23,8448.574450231521,1914.8143502672685,2688.245933404566,5350.858839729979,11562.893057916237,23199.737435784416
state,Kebbi,hospitalizations,23,101.63373043069674,26.42600609855248,36.68024373396784,66.23892979373343,139.2610598102908,274.55990198699084
state,Kebbi,deaths,23,27.180083617324964,8.607019788775148,13.166085097305327,20.475709145806583,33.64315298703837,63.84683754448436
state,Kebbi,cases,24,10391.566787289172,3463.7466968553026,4441.073868755597,6562.744134829511,13977.240251231226,26636.87037213357
state,Kebbi,hospitalizations,24,115.73983118844413,25.71600645384831,40.396836324219485,78.10183262594158,155.01665739910786,318.01466437516183
state,Kebbi,deaths,24,18.393844534362305,4.548838930248903,7.817292795613716,13.747429912014859,22.554867155027637,49.5149369204176
state,Kebbi,cases,25,13612.822526328151,3669.7115153750105,4969.5526729443945,8625.969178631502,18673.64863972764,35925.34778925649
state,Kebbi,hospitalizations,25,263.71876456005396,58.58945027502933,90.30767344787088,177.40263520210226,378.79342278226136,701.8747584231736
state,Kebbi,deaths,25,24.635679304390926,7.300244972782172,11.35068520318474,18.14513205617044,28.555247941437884,65.78610619805367
state,Kebbi,cases,26,23462.27748914606,4675.5150414837635,7028.981326481027,16048.695854533362,33912.11659267443,63794.039976183056
state,Kebbi,hospitalizations,26,411.02793050028976,131.09766349313327,169.1193079865405,256.8117850250063,551.9553621653631,1120.087870095152
state,Kebbi,deaths,26,37.63871945518918,10.48517030209157,18.19214404636451,28.339246494221072,45.34935043059599,90.5176414428698
state,Kebbi,cases,27,37448.41679208603,9506.074117663225,13196.008201061164,24436.33395516238,52055.49688055646,98928.4825208015
state,Kebbi,hospitalizations,27,477.3466286235097,148.25346934177526,201.48409682875646,327.08180692912987,630.6521937792135,1237.0014447904086
state,Kebbi,deaths,27,65.22427804304824,18.0489266429404,29.722309951579042,48.44248750738193,78.8628720077989,167.13446457421327
state,Kebbi,cases,28,48589.44406994395,14827.943595944276,19450.52912280296,31048.46288337218,66315.17767069151,133932.69067324
state,Kebbi,hospitalizations,28,640.6785547173215,153.62051018485198,230.59922046405936,433.40462266621466,857.8508273647376,1713.9605153435293
state,Kebbi,deaths,28,77.16285851440426,21.092638108217162,34.51960100829012,58.121565487527214,91.96043349936812,201.09158401505968
state,Kebbi,cases,29,46556.56015337613,14571.80150624875,18908.448761545704,29762.531479383524,65004.743336689615,119958.11267400875
state,Kebbi,hospitalizations,29,632.2518066390094,141.89110758043515,219.67185237716058,427.08564078920375,889.3133095003407,1697.4271027739785
state,Kebbi,deaths,29,88.59001703345525,22.93232826168045,40.294699061401786,66.414744849949,113.21739878348703,218.4801006689938
state,Kebbi,cases,30,41858.72847472639,7298.472323419462,12536.059312175435,28726.5247485826,59086.22250601736,117115.1157835466
state,Kebbi,hospitalizations,30,651.5047976875171,181.70900614937634,250.16323501579424,419.6150463119071,920.6115981625247,1689.574447865644
state,Kebbi,deaths,30,94.37560169823686,27.425248194538188,45.04514448648908,72.49761719731146,119.46510899343201,223.0146930701353
state,Kebbi,cases,31,51673.22313529692,12826.432235339402,17610.248352821356,34335.98660058284,74826.02158967976,139114.02331395165
state,Kebbi,hospitalizations,31,674.271919347842,184.1887555148086,257.96974234058814,437.5665238353865,922.0277231638474,1765.4812350537584
state,Kebbi,deaths,31,108.89932719218976,29.437057578966694,49.50792588270561,84.51304152945997,126.65001489852547,262.13311436498634
state,Kebbi,cases,32,25314.256940345764,6185.366721410036,8574.42108487221,16471.227828909832,34724.172641534606,67050.36357958188
state,Kebbi,hospitalizations,32,366.42715588178487,79.74523604721162,126.78493493178767,237.99800799154116,503.3665318436364,1006.7652138973993
state,Kebbi,deaths,32,67.98137194753272,20.778835915273252,33.60660013434937,52.797516047974845,82.08921903137619,169.8781977428142
state,Kebbi,cases,33,13085.587415772738,2655.3762277079677,4025.5350852466536,8917.316692585498,18672.52939502205,35586.016018814524
state,Kebbi,hospitalizations,33,186.38286013270778,51.820721118429944,71.37565831040774,122.90282851103726,251.13271957009397,495.29094839404405
state,Kebbi,deaths,33,43.64117190193077,11.710245761973152,20.361452665861368,32.310399153175034,52.03202035074206,113.67869339177601
state,Kebbi,cases,34,8656.226621759804,2275.88553812985,3075.2598071598873,5540.904693543878,11703.949130872512,22977.034533222595
state,Kebbi,hospitalizations,34,119.45327875826318,32.4505618666706,45.495119004569844,75.94341684998096,166.81357689020783,308.54991297816576
state,Kebbi,deaths,34,23.64212351635247,6.701225408430095,11.516203337157453,18.485435791783367,28.16975797627967,61.93462182508181
state,Kebbi,cases,35,6678.644958206384,2030.990547033842,2609.687073694419,4167.649553475192,9114.55985592476,17831.19731879368
state,Kebbi,hospitalizations,35,91.89646977254861,27.096053065339863,35.47144674629742,59.30241520010188,126.8791665640693,235.21891963283335
state,Kebbi,deaths,35,16.871810471928427,4.154206678504833,7.574356373309736,12.468856051163696,20.146246543065963,43.2184829755097
state,Kebbi,cases,36,4863.045214397689,969.6420896715157,1487.8191660897537,3360.115450948377,6925.844789022542,12850.718410476664
state,Kebbi,hospitalizations,36,77.357728811115,22.101748540123303,30.109346467597682,50.43083897213036,104.63396559140084,202.15010287516608
state,Kebbi,deaths,36,12.820800979140783,3.389735426987852,5.919529373766508,9.646850659047754,15.516816211450285,30.782265335128503
state,Kebbi,cases,37,4389.151729033788,1224.35934330917,1673.263676399919,2888.7723538267473,6213.519105811507,11738.601070368484
state,Kebbi,hospitalizations,37,62.884071853125164,17.095382315792886,24.2982064481105,40.17067069826481,84.5869355654135,163.8460500337019
state,Kebbi,deaths,37,10.572575085814078,2.461171325113284,4.507985281353169,7.742015135161812,12.542108838663538,30.603575036909625
state,Kebbi,cases,38,4251.883915906661,1212.679480764748,1615.1773659872795,2732.5355571746886,5693.640574941906,11503.97396189044
state,Kebbi,hospitalizations,38,61.37095638094621,15.961765331451721,21.984335359901245,39.96585916337205,85.03853895561235,165.40589406068045
state,Kebbi,deaths,38,10.225187902451967,2.258416460487226,4.365417839551634,7.9076871143442,12.708719301929698,25.26631673537992
state,Kebbi,cases,39,4105.570822063553,1160.8571930502512,1548.7628708195148,2753.8390846472444,5604.704564622847,10771.133340881812
state,Kebbi,hospitalizations,39,52.587755282078504,12.610584685117434,18.594881204794362,34.371773148021504,74.46025021213015,142.35197548362396
state,Kebbi,deaths,39,8.935252874227547,1.7786525580508705,3.5452364345636127,6.238681091558984,11.290101375807827,25.17971370534982
state,Kebbi,cases,40,3932.86162989272,784.699309008283,1223.2320155074917,2664.073442636659,5634.163307852513,11139.092190575664
state,Kebbi,hospitalizations,40,58.792222756791816,15.314903042877432,21.272704045518303,38.539881405986165,80.15366835860748,163.33598585883436
state,Kebbi,deaths,40,10.52646303027151,2.1126992439528687,4.257569900092259,7.342251978642621,12.712952789254402,28.159162301437952
state,Kebbi,cases,41,4147.389127099289,1033.4948152308407,1470.632500128554,2671.1043621819254,5855.9527911988625,10816.87220282834
state,Kebbi,hospitalizations,41,60.588817382193426,14.23545648624788,21.5881412535238,37.91940906554055,83.22279764799092,159.7866502963114
state,Kebbi,deaths,41,9.414560727134466,1.9461801765423612,3.7239679844179774,6.8127485416698965,11.760444167336551,25.923423808616086
state,Kebbi,cases,42,3482.179232641559,1023.4281433309645,1375.059008678475,2199.528940022677,4816.485899624206,9116.015412320234
state,Kebbi,hospitalizations,42,42.866662741443356,8.673372835765617,14.150795620161395,28.68437703056825,59.34048408450077,118.66520695247716
state,Kebbi,deaths,42,7.131101039920273,1.6919715883649733,3.0121492616158134,5.233653992771629,8.944932216308608,18.589270990798315
state,Kebbi,cases,43,2994.0154952590087,898.5528192611343,1141.0956330536897,1819.258988686833,4125.350685270831,7968.696450933072
state,Kebbi,hospitalizations,43,38.00382665429585,9.256848015652318,13.647403070898566,24.584324078010386,53.095603374301085,103.10192907963449
state,Kebbi,deaths,43,7.02228064302292,1.2027486544487713,2.51356002640357,4.882951198100627,8.791720904238796,19.818789516183806
state,Kebbi,cases,44,1985.4926959058969,488.3735275964075,665.0657029453092,1285.9686892321258,2746.948258913646,5671.744668550954
state,Kebbi,hospitalizations,44,20.880122272849345,4.611689210125984,6.970465824663248,14.07067991121383,29.167938911820336,57.71092650457825
state,Kebbi,deaths,44,4.52109892749934,1.217076602270026,1.8873702467762683,3.2658507661671097,5.3325677288477795,12.751625349603529
state,Kebbi,cases,45,1475.4313114312574,403.053272163882,551.9950089174883,966.5998537594294,2110.8219918118257,3697.53142769153
state,Kebbi,hospitalizations,45,22.442533297850503,7.0203423348054335,9.132574508133633,13.869771723862298,31.017615675109006,61.93858708593184
state,Kebbi,deaths,45,2.5999733413089214,0.6235268291298619,0.6235268291298619,1.6446089663779988,3.2589270014271445,8.35574843569884
state,Kebbi,cases,46,1558.0423888470903,357.0176843836469,516.7998080214029,1068.4879357382597,2220.4108811626047,4248.041573734468
state,Kebbi,hospitalizations,46,12.954356176612846,3.2160836850807915,4.297594630908684,8.324726874471551,17.70724518878523,34.93236662297608
state,Kebbi,deaths,46,3.0951398392214986,0.6799384634498931,0.7739976966651738,1.8353078863095569,3.725128383724377,9.524868164954585
state,Kebbi,cases,47,1232.8092726856223,412.20780997285215,525.1732855057215,786.0211131551808,1699.3513013220572,3196.246193231066
state,Kebbi,hospitalizations,47,11.725528761263083,2.693748580757104,3.7656877436682525,7.723429378075155,15.600750399077604,34.3156144931539
state,Kebbi,deaths,47,1.4070115284697626,0.354313251676593,0.354313251676593,0.7431041339547119,1.7740987021843035,4.45586015793999
state,Kebbi,cases,48,1238.8383217350142,364.1462898453014,482.1773029262662,766.8456650064819,1715.1121955154479,3311.7141499344875
state,Kebbi,hospitalizations,48,11.364923807718043,2.8616232340295187,3.771225039341114,6.853745176624599,15.70579810002619,29.88725884550713
state,Kebbi,deaths,48,1.035836500908511,0.27778130514339794,0.27778130514339794,0.43692384875381574,1.3443537742113532,3.441049484362467
state,Kebbi,cases,49,912.4790504137712,239.5527008442947,333.00827915997127,601.1924763855093,1311.428864860018,2345.3675124376728
state,Kebbi,hospitalizations,49,7.3448881551096905,2.2176698433981805,2.380250939731355,4.292958585764531,10.078465054225186,21.100353121106956
state,Kebbi,deaths,49,1.9223379885172003,0.5192676914703594,0.5192676914703594,1.1113692398435058,2.3447168251704307,6.130650837257465
state,Kebbi,cases,50,767.3308710150146,195.18962258547202,268.3048811743456,506.23474450322146,1069.530085700172,2008.8783796115604
state,Kebbi,hospitalizations,50,9.529298230414879,2.5567335575309302,3.1497009504386275,5.882637016586023,13.09691960572814,26.96230769020798
state,Kebbi,deaths,50,1.4824155881213439,0.4161734841411592,0.4161734841411592,0.8618519134229496,1.8228623926711165,4.7479810297768585
state,Kebbi,cases,51,566.2833254934286,170.07836143200777,217.37304225600144,350.5327058234148,770.1441010469989,1477.8641979783752
state,Kebbi,hospitalizations,51,9.06499623159868,2.386026662811375,2.8018267667078374,5.672261925266865,12.869622965874497,24.75655999286532
state,Kebbi,deaths,51,0.6595688291293184,0.0,0.0,0.0,0.7112571479891254,3.24194318290097
state,Kebbi,cases,52,784.7554634818205,254.02654044446953,321.9522751899542,502.07400843065994,1071.5950432921704,1950.8117931093686
state,Kebbi,hospitalizations,52,8.694215897296347,2.257774301844546,2.710940467734263,5.230530722216809,12.555746256297521,24.479498327959334
state,Kebbi,deaths,52,1.5746409970813602,0.41648351143863427,0.41648351143863427,0.792220919291043,1.871941006714509,5.095482409803963
state,Akwa Ibom,cases,1,874.4498600401636,206.6036806452477,302.3481193744735,556.6760261665122,1219.6730029903958,2368.056839680986
state,Akwa Ibom,hospitalizations,1,36.677524731865645,9.556714881522343,13.620327002416424,23.393861454324167,49.85616256803204,103.26395629284276
state,Akwa Ibom,deaths,1,1.5111394230534123,0.4892183420451236,0.4892183420451236,0.7161844157425032,1.6482214175450378,5.0052280151318636
state,Akwa Ibom,cases,2,477.1004810443186,140.4428267674392,188.2539444654213,303.3735186128301,646.2289188599084,1243.1196545155772
state,Akwa Ibom,hospitalizations,2,10.792929490275036,3.532504899532745,4.107741438050475,6.933029757839629,14.523646365528325,29.167884947329817
state,Akwa Ibom,deaths,2,2.5260903123860574,0.7217012527736056,0.7217012527736056,1.5222447907241616,3.080147970085182,7.106416505877504
state,Akwa Ibom,cases,3,801.2916565890523,199.41197490727325,281.0311482163707,529.5442705317863,1117.0530880649858,2106.6579129532533
state,Akwa Ibom,hospitalizations,3,12.468701845344592,2.888163270892817,4.233887599883454,8.201520247296441,17.121378468534743,34.115347429261824
state,Akwa Ibom,deaths,3,1.2299004221819687,0.4342076452935656,0.4342076452935656,0.5689311016178831,1.3761883908742047,4.0258771271660345
state,Akwa Ibom,cases,4,650.359056937495,171.157369047301,239.74482285159897,430.3240141025201,928.0440290041677,1686.8197200203815
state,Akwa Ibom,hospitalizations,4,10.05714363789351,2.7548542817838433,3.344840861291973,5.965314230319126,13.103897384480351,30.50013103512811
state,Akwa Ibom,deaths,4,0.6009795969243571,0.0,0.0,0.0,0.6993099475044062,2.8512428645397208
state,Akwa Ibom,cases,5,590.6728854916338,158.16295696627964,213.5140745485627,371.99790507858177,811.9864234821109,1588.3131440562584
state,Akwa Ibom,hospitalizations,5,10.06441555342418,2.896819689928487,3.527314038541151,6.487615411143483,14.497253060577716,27.53999112411894
state,Akwa Ibom,deaths,5,0.46961324906718643,0.0,0.0,0.0,0.5398366318157907,2.1702763288933102
state,Akwa Ibom,cases,6,679.3734244867153,188.13216399313453,254.8145646161507,439.132042286592,923.3345234682804,1716.360528637774
state,Akwa Ibom,hospitalizations,6,15.001322937961621,3.6615506277448793,5.107789898330445,9.687238560925142,19.96362025834647,42.83474253525778
state,Akwa Ibom,deaths,6,1.990555685307284,0.5645725822351686,0.5645725822351686,1.1360176540375808,2.3855299190571557,6.386039010386402
state,Akwa Ibom,cases,7,919.5970633771599,285.88032934926207,381.05613897869085,589.9397338162164,1285.8462301030547,2226.001164763872
state,Akwa Ibom,hospitalizations,7,22.371474305671928,5.6867727955211995,8.23444827650722,14.05179430875958,31.87334630942837,58.67626533047298
state,Akwa Ibom,deaths,7,1.291917900802046,0.4000809946829906,0.4000809946829906,0.5500477852560631,1.3308041373326405,4.470291338654146
state,Akwa Ibom,cases,8,1278.6168347019516,336.1581143249726,464.37761039312477,806.56447219448,1692.7521977038564,3836.843711575449
state,Akwa Ibom,hospitalizations,8,17.90511764133288,4.892834994673827,6.448330323864199,11.559065202467545,25.105897720357923,49.2651980724737
state,Akwa Ibom,deaths,8,2.025433803240444,0.6900557075851297,0.6900557075851297,1.1510331489888428,2.459990936021423,6.2328722141443835
state,Akwa Ibom,cases,9,1833.415437253815,491.28802333850246,654.5633898546016,1184.0314978632591,2600.356242177107,4954.788647155001
state,Akwa Ibom,hospitalizations,9,42.50089897567792,11.251731014300013,16.107292364360063,27.088038503257682,56.34618881600093,111.45479146366306
state,Akwa Ibom,deaths,9,1.8150679905255365,0.5063721608055394,0.5063721608055394,1.0177908835043263,2.2442396179815653,6.046586090441922
state,Akwa Ibom,cases,10,3643.0851371998424,982.0647115839571,1323.9953107209549,2378.4174993271454,5184.747222650456,9611.235895525355
state,Akwa Ibom,hospitalizations,10,72.13213789622577,17.2041087108311,25.29490779189767,48.392056946795286,98.0209977157778,192.73100749441568
state,Akwa Ibom,deaths,10,3.345506252959873,0.8118126321312953,1.161182324912696,2.398656659561964,4.478034109775816,9.297948692277952
state,Akwa Ibom,cases,11,11304.30604171657,2928.014779275156,4051.473982611473,7366.215428498155,15407.769341332378,29944.856919485024
state,Akwa Ibom,hospitalizations,11,178.1095576644112,46.794202382173026,65.18343924864831,119.26404995056636,239.55349559537274,484.5831676268468
state,Akwa Ibom,deaths,11,7.998772874888798,1.8005769647530583,3.52499977756864,5.986278782355953,10.313517868839392,19.42134226633134
state,Akwa Ibom,cases,12,35681.91766839113,9214.460816787721,12753.69935042031,23140.723228524486,51211.88567350889,93187.10324525391
state,Akwa Ibom,hospitalizations,12,674.4366377592513,182.37211206520712,259.89246091298196,448.4878323884168,899.9327206206722,1750.7024451014806
state,Akwa Ibom,deaths,12,19.3020184813737,4.512007634968607,8.339041904123452,14.307009906575713,23.567845698685915,52.435275915570955
state,Akwa Ibom,cases,13,93029.38826101873,28521.017916091852,37055.77304180267,58122.53634240176,125903.3408974638,245099.948810228
state,Akwa Ibom,hospitalizations,13,1373.9433097364251,428.8171874195679,568.9459810599367,907.9420002328291,1907.756669619716,3394.6401522088618
state,Akwa Ibom,deaths,13,47.77086430253434,12.543661834274724,22.638467328932492,36.74722087444927,60.55233282417527,115.75596720832613
state,Akwa Ibom,cases,14,158894.5300869366,39231.87723341344,55074.057605989445,105937.86183487257,220253.69783316928,425610.39519759046
state,Akwa Ibom,hospitalizations,14,2094.7095212339136,629.6653855463968,852.7937720780283,1370.7849747848838,2823.4688446444047,5550.355658262598
state,Akwa Ibom,deaths,14,149.92058840549103,37.4179719803573,68.29183607814551,111.27360160960188,183.7928358952112,372.91630499929755
state,Akwa Ibom,cases,15,129772.35740090747,29786.02210266668,42714.36535552818,86785.7033026422,185784.63212243153,350299.15481070726
state,Akwa Ibom,hospitalizations,15,2632.078967617507,640.5431192738823,920.0991040426121,1733.8754527168596,3738.4445400239233,7046.64654799328
state,Akwa Ibom,deaths,15,143.81725705259717,40.6552693465707,68.16095245187601,105.68841253652026,171.89386693143115,363.8408743097795
state,Akwa Ibom,cases,16,120788.11042032957,35112.33556237472,46026.837449489336,78196.23935718108,170878.2924523659,303720.3409789924
state,Akwa Ibom,hospitalizations,16,2135.1761977000283,631.4663876649073,844.0649830772636,1368.8763691539477,2775.6632137378215,5881.427557610325
state,Akwa Ibom,deaths,16,152.9726868970704,44.311191832255815,71.07984356395704,113.06880885732619,177.9739657479574,395.9526951895446
state,Akwa Ibom,cases,17,64829.70838252007,16071.4581685314,23164.293140577185,42440.23485417365,91154.42818488652,176336.99698837864
state,Akwa Ibom,hospitalizations,17,1261.3920341933463,340.0401543347772,480.725558180265,813.1855056889424,1711.7479920107564,3362.745451282159
state,Akwa Ibom,deaths,17,218.03925164213402,67.98337054546184,104.00620395729192,164.48177301195662,244.13683788847948,538.1988297090709
state,Akwa Ibom,cases,18,28121.250511340328,6738.5034649218105,9168.9705951749,17574.96042786179,40027.77719347022,73821.26186752673
state,Akwa Ibom,hospitalizations,18,629.8862418928146,134.66746910759932,199.2668744800788,411.37164571696746,876.8721683988008,1785.9375970813555
state,Akwa Ibom,deaths,18,77.02446730277373,17.92774379855421,32.20198309654809,54.92849200007383,93.60572970404667,202.93402299717678
state,Akwa Ibom,cases,19,6170.2510029386785,1903.7100570412067,2517.709905120865,3993.870424895011,8591.005659971106,15731.782628335028
state,Akwa Ibom,hospitalizations,19,111.9536070903134,29.51589981545224,41.22147591669028,74.90213337838023,148.28664053549954,300.10760536544615
state,Akwa Ibom,deaths,19,21.613829278065843,6.028745711652843,9.842965334497649,16.079593021097686,27.234995647230953,54.44264771454745
state,Akwa Ibom,cases,20,1895.550382430125,506.5666066805794,695.0141929357904,1160.2957200064675,2608.535172143571,5222.0002008576275
state,Akwa Ibom,hospitalizations,20,32.41072533118008,10.525026319662539,14.124056336096777,21.4065609228281,44.068103153693855,80.782946076662
state,Akwa Ibom,deaths,20,6.1186922340476535,1.3642645566360163,2.2794072545316464,4.231933972824267,7.562048046234204,17.060655771961247
state,Akwa Ibom,cases,21,2153.049022823179,696.1932733537748,890.6037089510439,1364.1965997762784,2961.3085955367865,5485.901280453218
state,Akwa Ibom,hospitalizations,21,32.82850980635747,7.69019512657069,11.292887302642999,20.840519636568363,44.97961366419767,90.58251610128706
state,Akwa Ibom,deaths,21,2.8996038694369535,0.6984193686625244,0.8147544176349888,1.8467818455007385,3.7422139790372193,8.807135010363359
state,Akwa Ibom,cases,22,2887.62260130711,846.5106283721129,1147.8659192187001,1854.3448701495727,3951.6710440860465,7680.961604205381
state,Akwa Ibom,hospitalizations,22,41.83391510254719,11.776839150335261,15.92794118374526,26.032194958061268,57.739627998110805,115.30903018801729
state,Akwa Ibom,deaths,22,2.4674169516457423,0.6320853102925253,0.6320853102925253,1.538436587853507,3.0406586227142873,7.18424059118681
state,Akwa Ibom,cases,23,4279.565198669331,969.5539945435551,1361.3754215076701,2710.2585175116433,5857.2829793864785,11752.523190551014
state,Akwa Ibom,hospitalizations,23,78.6685651019867,20.289196054675475,28.248957845259753,51.19362796542593,107.87641424740451,212.90095069357656
state,Akwa Ibom,deaths,23,4.582708810829107,1.3216067537535505,1.7811050387569574,3.21614034548209,5.80119077846056,11.73081909388817
state,Akwa Ibom,cases,24,6715.552330132766,2238.2112532339465,2869.842420787043,4241.044517539625,9032.916649483674,17214.63632735594
state,Akwa Ibom,hospitalizations,24,112.93969096241115,25.07519205837755,39.4038851999812,76.2044834415721,151.2744169498369,310.36272771123663
state,Akwa Ibom,deaths,24,6.169029734859609,1.2573658289264626,2.248239441460602,4.432867503754964,7.677476216893636,17.609409292773044
state,Akwa Ibom,cases,25,10867.902986181374,2929.59552331556,3967.353097409471,6886.535876568579,14908.327925620351,28681.611956640427
state,Akwa Ibom,hospitalizations,25,171.68765421118863,37.872810549833964,58.56399791076011,115.37985931728834,246.75589812874108,457.5160158105001
state,Akwa Ibom,deaths,25,14.227942199727618,3.9295831147858284,6.335172568195532,10.370449911288357,16.55310255097026,38.66481260442414
state,Akwa Ibom,cases,26,17455.736333592242,3478.338727380464,5229.323449195273,11940.013308841626,25230.442405373684,47462.66711855887
state,Akwa Ibom,hospitalizations,26,289.1193870754457,92.01333800403451,118.78534878163893,180.53186110820897,388.34999031912344,788.3865965222316
state,Akwa Ibom,deaths,26,15.447454737287389,3.888252398253702,7.16845041864002,11.487202041071589,18.726945046570343,37.951214348485664
state,Akwa Ibom,cases,27,22328.261339479788,5667.60476694974,7867.732553480666,14569.790764364509,31037.751009585794,58985.82699521489
state,Akwa Ibom,hospitalizations,27,454.19394640405113,141.02938132893462,191.68356794897613,311.20216366776924,600.0792961340952,1177.0803492431403
state,Akwa Ibom,deaths,27,26.49338528367356,6.908160208946758,11.754364255796379,19.526044310330242,32.15506424181356,68.80100807890554
state,Akwa Ibom,cases,28,27321.396867611198,8337.311983166841,10936.590889478226,17458.10669605118,37288.57328427519,75309.88716231112
state,Akwa Ibom,hospitalizations,28,463.88144019308186,111.01902405759593,166.78833945036098,313.7162159729113,621.2177858386224,1241.449678871353
state,Akwa Ibom,deaths,28,37.5703827368029,9.901872368736099,16.527565285957504,28.174232521609333,44.872420323381384,98.72447133456821
state,Akwa Ibom,cases,29,31137.721141939037,9745.61045091307,12646.055601577922,19905.505063466928,43476.27217056183,80230.2953188448
state,Akwa Ibom,hospitalizations,29,500.5719455908378,112.17799662844841,173.78483152128194,338.06851189220833,704.1794786052095,1344.2522005486792
state,Akwa Ibom,deaths,29,40.75463746735993,10.153984823366661,18.24595223582424,30.419552360538578,52.23256135656797,101.29166527908244
state,Akwa Ibom,cases,30,24594.26187850651,4287.905826940758,7365.322434592396,16878.254119846133,34716.51404423269,68812.19212638888
state,Akwa Ibom,hospitalizations,30,553.7885011740332,154.3472955782818,212.55011518423294,356.6255560750395,782.5950310576145,1436.401330041504
state,Akwa Ibom,deaths,30,38.19613461936764,10.681812067065083,17.922991307262425,29.205025672952857,48.50707041390696,91.06243431181068
state,Akwa Ibom,cases,31,19629.1554880839,4871.92259108146,6689.21269269941,13043.035208751511,28424.508491336986,52846.42319649767
state,Akwa Ibom,hospitalizations,31,312.5968796896003,85.00182270148449,119.26577857770317,202.67068357280039,427.65489524683534,819.3554560333135
state,Akwa Ibom,deaths,31,28.456174488336067,7.1579189382372315,12.537430943204692,21.919707634338668,33.21350671973527,69.52648277141182
state,Akwa Ibom,cases,32,11151.568697981003,2724.3873035541283,3776.878809941315,7255.795888092702,15297.081877918943,29538.29878636953
state,Akwa Ibom,hospitalizations,32,210.0480462953253,45.37959944610531,72.39893209201419,136.279081983036,288.7052366934903,577.8545460310672
state,Akwa Ibom,deaths,32,19.13319730202837,5.356162600937892,9.099951088997582,14.700828127718763,23.249624204110916,48.87087528616968
state,Akwa Ibom,cases,33,8296.595805996394,1683.2844926563794,2552.0384335164063,5653.6894032706405,11839.015602886338,22563.070027129044
state,Akwa Ibom,hospitalizations,33,163.5583951276791,45.38680982123782,62.5598270270561,107.81064894151106,220.42129574843455,434.8394461813553
state,Akwa Ibom,deaths,33,15.920786852208387,3.8170942161624355,7.095841104300888,11.624408221821165,19.098764672769796,42.46242244247769
state,Akwa Ibom,cases,34,6847.195879380792,1800.1031524635005,2432.4386352259644,4382.857619119772,9258.060425301514,18175.500198246806
state,Akwa Ibom,hospitalizations,34,137.21476466888888,37.38302771087349,52.35107518630125,87.2891388459676,191.5585943133442,354.19471795712474
state,Akwa Ibom,deaths,34,11.288142801128288,2.8381288584504736,5.237812643945313,8.711131601220469,13.537594206789688,30.365292588125165
state,Akwa Ibom,cases,35,5547.586421302954,1686.9153350263396,2167.621676452346,3461.775709233797,7571.029944049562,14811.68668082352
state,Akwa Ibom,hospitalizations,35,108.54322124179002,32.13077627700209,42.00701382646536,70.1084159156182,149.79470586387214,277.54859757526134
state,Akwa Ibom,deaths,35,9.395080979604796,1.9954684556861837,3.983155633082169,6.8276902638957635,11.289556555829074,24.698439968235654
state,Akwa Ibom,cases,36,4268.380858157945,850.9741439696218,1305.8003624117991,2949.1950199521007,6078.98841420021,11279.50381063727
state,Akwa Ibom,hospitalizations,36,85.41340518734252,24.476756248843685,33.307586529187546,55.71825861539319,115.49381380360636,223.03523455763923
state,Akwa Ibom,deaths,36,8.003264566761505,1.8936459647656596,3.5010377130684205,5.925597645912731,9.743911710152997,19.67383013395498
state,Akwa Ibom,cases,37,3682.697489909812,1027.1770234348965,1403.8445891775436,2423.756095740952,5213.491398936847,9849.48847160838
state,Akwa Ibom,hospitalizations,37,75.95087514261405,20.796867945672528,29.473059678356087,48.592302432960594,102.09409880585663,197.5659944202671
state,Akwa Ibom,deaths,37,6.61835414150213,1.4949225911991575,2.6158005496192036,4.738828539994187,7.88992291747975,19.74664657787827
state,Akwa Ibom,cases,38,3345.1881045220616,953.928448916226,1270.6155869285017,2149.758013990142,4479.568698366866,9051.165019158918
state,Akwa Ibom,hospitalizations,38,66.76767412914847,17.42946886702203,23.973172583577977,43.51063974232907,92.483463782293,179.80501551295774
state,Akwa Ibom,deaths,38,5.497563640051817,1.1228288048260389,2.093253871317804,4.13543184797616,6.903307872671982,14.142974574700247
state,Akwa Ibom,cases,39,3361.2733693050577,950.27581342074,1267.8753354254377,2254.536916900347,4588.695877776709,8818.73272396896
state,Akwa Ibom,hospitalizations,39,64.25188341429472,15.573506780668582,22.860539721644788,42.07194258553979,90.88738011594798,173.5586242373525
state,Akwa Ibom,deaths,39,6.497411706312779,1.2428921734638116,2.4241331252086833,4.453227365675773,8.258691784009866,18.722367845441838
state,Akwa Ibom,cases,40,3514.515956447779,701.1442840794411,1093.0413237229639,2380.6567775287735,5034.893071430882,9954.401469811237
state,Akwa Ibom,hospitalizations,40,68.89637283006607,18.07226800772353,25.03699082344737,45.22247605068025,93.86936628906219,191.1102416223965
state,Akwa Ibom,deaths,40,6.40824168778997,1.2060942587152903,2.3700000902500946,4.347221331364769,7.789736135808996,17.690456133686155
state,Akwa Ibom,cases,41,3581.7012881368996,892.427736295812,1269.9559041683665,2306.727517143375,5057.279651855561,9341.711951198738
state,Akwa Ibom,hospitalizations,41,65.18837319427266,15.373395173508252,23.275253144715776,40.82630596757738,89.51341190555918,171.7958309816641
state,Akwa Ibom,deaths,41,6.389049832235951,1.325834431575875,2.3437947424234498,4.530144908619854,8.032302136354323,18.057369414069097
state,Akwa Ibom,cases,42,3097.2495809157435,910.2175555050088,1222.989339107359,1956.3462664015076,4284.10067173857,8108.484839515947
state,Akwa Ibom,hospitalizations,42,51.07367245771988,10.483465179958117,16.985829441982325,34.23895086095887,70.6314629540834,141.05709431673034
state,Akwa Ibom,deaths,42,5.3391043914028575,1.3148527097169902,2.1178923834781465,3.8442520549381016,6.728333715816818,14.223072432629738
state,Akwa Ibom,cases,43,2410.8010208057817,723.3843683603716,918.6972162638192,1464.802929565861,3321.8331575220054,6416.770481087389
state,Akwa Ibom,hospitalizations,43,39.26221185574052,9.587995183451346,14.120301376024752,25.410326027688967,54.84210540108776,106.46290887815837
state,Akwa Ibom,deaths,43,3.4506444896841884,0.6579081403999876,0.9219308494793766,2.2179969343471138,4.356108998829745,10.387957945584743
state,Akwa Ibom,cases,44,1548.5103019977576,380.7226834502989,518.5466717034565,1002.8653786261877,2142.463273395898,4423.872199449024
state,Akwa Ibom,hospitalizations,44,24.027235901689536,5.276881679035711,8.120129992974256,16.244482680983452,33.51937823314515,66.17942131723947
state,Akwa Ibom,deaths,44,2.347683755146097,0.720836890957258,0.720836890957258,1.5265316889966025,2.7505843304562507,7.144663075543988
state,Akwa Ibom,cases,45,1092.3691794119914,298.22109562705685,408.5196941691197,715.5547424475409,1562.906874890874,2737.94236786703
state,Akwa Ibom,hospitalizations,45,22.187162633682135,6.94364876725643,9.021881432151833,13.70732724640593,30.667839972809862,61.25101594624785
state,Akwa Ibom,deaths,45,2.114195418224358,0.5325460757661051,0.5325460757661051,1.2587257856183376,2.6374936179561868,6.990621866647245
state,Akwa Ibom,cases,46,685.5437489893385,156.65754991626332,227.01959970303284,469.96234339310723,977.2259708325766,1870.1184201992414
state,Akwa Ibom,hospitalizations,46,16.799226336466827,4.1087372261836865,5.767990637251883,10.912890392394823,22.899612769117542,44.90572473396106
state,Akwa Ibom,deaths,46,1.4339222578332378,0.38073082707457007,0.38073082707457007,0.5876276671987979,1.645830665970971,4.893388853106517
state,Akwa Ibom,cases,47,589.0706461262795,196.6170910795482,250.64295440650278,375.39371581610015,812.1948861340882,1528.0865199595191
state,Akwa Ibom,hospitalizations,47,8.827466034742852,2.0731972269360606,2.6678295388054605,5.71383726201905,11.776481791315607,26.180054797159848
state,Akwa Ibom,deaths,47,1.4800385503497706,0.3669632449762009,0.3669632449762009,0.8053379214597102,1.8731419353375303,4.650649921277817
state,Akwa Ibom,cases,48,455.6527430274824,133.48935392707025,176.96210754409782,281.8101237073329,631.0722046471269,1219.126831792551
state,Akwa Ibom,hospitalizations,48,10.100721922270775,2.5657649538972933,3.2779363291164785,6.041760037238864,13.978614508792118,26.69387853905678
state,Akwa Ibom,deaths,48,0.5449906547410347,0.0,0.0,0.0,0.7229151311823756,2.4709442076239925
state,Akwa Ibom,cases,49,393.76520658794567,102.95622822556503,143.34359196846952,259.24092970534133,566.1736551963264,1012.9961670266434
state,Akwa Ibom,hospitalizations,49,10.410203438464732,3.0502060433071563,3.649232109530039,6.279989991898321,14.237435436821045,29.397054299989005
state,Akwa Ibom,deaths,49,0.5777714162009865,0.0,0.0,0.0,0.6430705823435121,2.844687566970595
state,Akwa Ibom,cases,50,364.9140639280896,92.43441062823736,127.25521819264547,240.56822760681825,508.835058037361,956.1953875981877
state,Akwa Ibom,hospitalizations,50,9.629341937991601,2.5814154508424036,3.1897608447641668,5.949079807249369,13.233006788025314,27.232246923069937
state,Akwa Ibom,deaths,50,0.9609300668123673,0.3113151311309315,0.3113151311309315,0.3927429177036249,1.1116188547007702,3.2997296469184545
state,Akwa Ibom,cases,51,311.470626703119,93.23327006043193,119.28409491755787,192.63101286247482,423.76108445983283,813.58700085917
state,Akwa Ibom,hospitalizations,51,2.7555548485596093,0.8435078396310524,0.8435078396310524,1.3587771795487702,3.9031873309652507,8.105455783260435
state,Akwa Ibom,deaths,51,1.3576937635448663,0.4383801378439145,0.4383801378439145,0.6020917428536956,1.5279012152092557,4.617981403541082
state,Akwa Ibom,cases,52,348.7362478762511,112.51117428911562,142.74461549085527,222.9159945932405,476.4072639207909,867.7427129782619
state,Akwa Ibom,hospitalizations,52,4.370643303829052,1.2246865658727761,1.2246865658727761,2.379632440462556,6.353055758011196,12.820867427685936
state,Akwa Ibom,deaths,52,0.5187034156788636,0.0,0.0,0.0,0.5143921078845615,2.50249643046797
state,Edo,cases,1,1592.687439546044,376.92613072401514,551.2213318245699,1014.2052319669651,2221.1389498760045,4311.681172622521
state,Edo,hospitalizations,1,23.139554120915513,5.760513055147221,8.362847503190707,14.621812342025601,31.56825204000298,65.77056694339885
state,Edo,deaths,1,0.718618502870003,0.0,0.0,0.0,0.7383944314194039,3.4414019637879547
state,Edo,cases,2,493.52806279732266,145.30281685785434,194.7567294824814,313.8318240500887,668.4677711494003,1285.8677339369385
state,Edo,hospitalizations,2,9.08044407959361,3.0120596215301485,3.355215967231402,5.764253494212128,12.236541696716664,24.723239089870358
state,Edo,deaths,2,1.9856957195978693,0.6012848907229411,0.6012848907229411,1.101406471914261,2.399372409147941,5.753855205542003
state,Edo,cases,3,774.6115701153875,192.74730529869638,271.6522454683718,511.90110186657137,1079.8724034265051,2036.5680710451754
state,Edo,hospitalizations,3,9.481073118969283,2.2414861162934185,3.0619886374195295,6.14124443412506,13.063892666553661,26.25280960559353
state,Edo,deaths,3,0.5070716339459466,0.0,0.0,0.0,0.5072283290509914,2.5637296283531534
state,Edo,cases,4,769.5655564011514,202.66422705813693,283.8040054030304,509.26146850366194,1098.070200231301,1995.7109197456743
state,Edo,hospitalizations,4,11.5925335838961,3.142497029099127,3.95621477651348,6.945421803343562,15.088493653736583,34.93259681598299
state,Edo,deaths,4,1.6903151261307867,0.608368139315397,0.608368139315397,0.8742236652061011,2.0307878684969665,5.098435863941939
state,Edo,cases,5,712.6858476393732,190.98505228253265,257.7505070433574,448.91638552529577,979.6379825568956,1916.0564110567593
state,Edo,hospitalizations,5,8.843737716097996,2.572114427574817,3.019846246274713,5.648326678423377,12.760161988499174,24.340936195796065
state,Edo,deaths,5,1.1961568707862802,0.4141691662160014,0.4141691662160014,0.6284453175877216,1.4432147255466878,3.591648110463959
state,Edo,cases,6,632.002295194139,174.963801045004,237.00342682149335,408.4877649962304,858.977556183967,1596.7889746702724
state,Edo,hospitalizations,6,7.9883085365084066,2.0423459555758474,2.406813469091639,4.961146156436682,10.693123870645817,23.450217471315014
state,Edo,deaths,6,1.5682403351174505,0.4743396294346587,0.4743396294346587,0.7946281033889014,1.844436761147213,5.205563496027631
state,Edo,cases,7,1043.7786087478642,324.5783048830514,432.592607694647,669.653011519977,1459.4320037991333,2526.4066919857587
state,Edo,hospitalizations,7,12.961877891461215,3.3877025226819963,4.503434075280316,7.970385150532174,18.59145677474379,34.56513418789926
state,Edo,deaths,7,1.1759682236047164,0.3746384693601843,0.3746384693601843,0.45147491988117666,1.1825802924744877,4.122416713874443
state,Edo,cases,8,1219.5778649761064,320.6023110840036,442.90601522027333,769.3050573973442,1614.6058479439203,3659.7732537981387
state,Edo,hospitalizations,8,17.888893654066848,4.8886196315731425,6.441913304519972,11.548245091000222,25.083406498381198,49.22189269605409
state,Edo,deaths,8,1.7086354290426005,0.6082445842099902,0.6082445842099902,0.8960125232602578,2.0497838437066442,5.3753626035960425
state,Edo,cases,9,2275.794983616078,610.0060345487029,812.6561692359935,1469.808473897945,3227.687854728142,6149.904807362254
state,Edo,hospitalizations,9,35.078013040371765,9.160073014789864,13.186676095352219,22.292751179587626,46.55584862338602,92.25611954753333
state,Edo,deaths,9,1.9260873115796768,0.5288238706053543,0.5288238706053543,1.107256416682698,2.388083873376872,6.3590201423659805
state,Edo,cases,10,4396.335898921793,1185.2691414869284,1597.8785185774782,2870.255087183266,6256.667306427778,11598.133494663003
state,Edo,hospitalizations,10,60.380576469543406,14.278822079716534,21.069480255076684,40.455061724186905,82.1089415190772,161.5996439512731
state,Edo,deaths,10,2.8985404022972925,0.7244397192643084,0.9285808754026946,2.0328696288759405,3.888450038265072,8.189611942901548
state,Edo,cases,11,10864.45400390197,2814.0565091762114,3893.8056335314177,7079.581461466507,14808.265128886385,28779.76274675441
state,Edo,hospitalizations,11,194.67468952282087,51.21449840016453,71.30448277247334,130.38679443855273,261.8013333182756,529.492826859182
state,Edo,deaths,11,8.369823983438648,1.8753355148308826,3.712874236198018,6.276343624032981,10.783246299620458,20.26922045668868
state,Edo,cases,12,38133.64858601989,9847.644190823545,13630.059603051366,24730.76356249752,54730.66225880908,99589.94720562748
state,Edo,hospitalizations,12,418.66576724735006,112.93370421377942,161.09904624261884,278.27809286956244,558.7721537460945,1087.3767766157173
state,Edo,deaths,12,21.00618252730873,4.9748338547855,9.12321234572003,15.592292148714796,25.63073165726683,56.922070636242154
state,Edo,cases,13,91745.75536666471,28127.471236401252,36544.46384784758,57320.54803965541,124166.11334699398,241718.04697996317
state,Edo,hospitalizations,13,1109.5002804288897,346.1503906979892,459.32819485314553,733.1250646513196,1540.6452459334832,2741.556230908465
state,Edo,deaths,13,50.59298803178192,13.32736517826951,24.00630610985312,38.93146200419682,64.11405561785193,122.51204566422388
state,Edo,cases,14,122081.61941046089,30142.4056517738,42314.27024732841,81393.95014798682,169225.09738751553,327004.76251725847
state,Edo,hospitalizations,14,1883.1560973560865,566.0022584375334,766.6067342569067,1232.3088141817516,2538.350106256957,4989.968693957763
state,Edo,deaths,14,92.75513517028367,22.866075490701714,42.04558792369052,68.74679072070079,113.7973082460181,231.28489954858077
state,Edo,cases,15,154817.65181649264,35534.696200849634,50958.11370900195,103534.89265171513,221639.87967002532,417904.4837223709
state,Edo,hospitalizations,15,2114.241465468923,514.3733042052531,738.9500898524641,1392.6841773990984,3003.0223807024777,5660.613037672418
state,Edo,deaths,15,165.50589963974977,46.89379552167435,78.51888360762905,121.66666605954387,197.7874196868504,418.4814847255337
state,Edo,cases,16,160415.1462190875,46631.89556660034,61127.09570955299,103850.24734339703,226938.31156926017,403361.5785867464
state,Edo,hospitalizations,16,1945.8872953972057,575.4228513716836,769.1828534132986,1247.4901302814649,2529.620058515442,5360.179237151186
state,Edo,deaths,16,161.0037756975866,46.674586357580544,74.83946896282038,119.01854417573823,187.30910070512846,416.65742152066724
state,Edo,cases,17,85414.06065047676,21174.612969817692,30519.488946592635,55915.72125131046,120097.1235789114,232325.94942767295
state,Edo,hospitalizations,17,852.8263766271974,229.66454110359572,324.81795252897973,549.6792196046922,1157.4273129769088,2274.0892850806617
state,Edo,deaths,17,148.36454700414464,46.040289879989594,70.60453648887808,111.84329122780407,166.16069138631963,366.6838207804043
state,Edo,cases,18,34240.03926666579,8204.872523863654,11164.156326906987,21399.10632922481,48737.16663874477,89883.37701103433
state,Edo,hospitalizations,18,734.94572785601,157.2597426743981,232.61668224448306,480.0425886667457,1023.0614377616331,2083.5106505599415
state,Edo,deaths,18,65.67117900653571,15.17358039865005,27.37078463877236,46.790374360812386,79.83971295396722,173.25971906999993
state,Edo,cases,19,5721.366882445535,1765.1653602945917,2334.504120750863,3703.2917567596287,7966.040818626674,14587.412339447568
state,Edo,hospitalizations,19,91.78357105653566,24.066699787792306,33.68202044841108,61.34834961954509,121.62864353541192,246.3390590860028
state,Edo,deaths,19,25.351633587126287,7.190724149168965,11.635503069435595,18.903157797265884,31.902749677804447,63.60831735263097
state,Edo,cases,20,3116.528513591293,833.3323665601495,1143.1004217147404,1907.9250427361526,4288.525014333057,8584.509883371958
state,Edo,hospitalizations,20,36.645416152180765,11.986957219477503,16.042518357355707,24.24879684169827,49.784918956884354,91.15698016831467
state,Edo,deaths,20,8.067601228741992,1.7425634621812152,3.1887588675980676,5.682704562866227,9.93623081698838,22.06872131080994
state,Edo,cases,21,3258.2438217730764,1053.90768533292,1348.0658054104988,2064.648709097043,4481.203462358754,8301.108684396419
state,Edo,hospitalizations,21,29.66664909778467,6.877185491560453,10.1428284519981,18.797233767892195,40.67799921497269,82.01453035362886
state,Edo,deaths,21,2.361065833299067,0.5954770300686233,0.5954770300686233,1.4271852624281527,3.0432433905645118,7.361628974632626
state,Edo,cases,22,4529.473747463968,1328.22336438104,1800.864627113679,2908.8959562599243,6198.311876009569,12047.277044266777
state,Edo,hospitalizations,22,50.772078531059535,14.443753595667376,19.46131671907695,31.674635187168807,70.00037266104152,139.58625784043366
state,Edo,deaths,22,3.919199207552629,0.9144366283227201,1.310528015303118,2.672351432330445,4.84561322181018,10.840125454146797
state,Edo,cases,23,5255.519827876547,1190.8370774796103,1671.992486691462,3328.4164425364856,7192.952015502412,14432.287388717765
state,Edo,hospitalizations,23,62.762671289070745,16.038666738226116,22.40920924800991,40.772823665013085,86.1385153882861,170.19420594828762
state,Edo,deaths,23,5.880448112924622,1.6360637097302275,2.4428282194649116,4.219309143799222,7.419434437655853,14.759930898881532
state,Edo,cases,24,9347.404938455478,3115.636707208317,3994.7698749117894,5903.271710800702,12572.818660020617,23960.510571321112
state,Edo,hospitalizations,24,120.04688245053997,26.70167868023232,41.92414961842146,81.02025082628741,160.7728053592166,329.7845333122356
state,Edo,deaths,24,8.165443339850079,1.6195005511159313,3.1612516859969775,5.959933055191536,10.116533490988733,22.840125455818836
state,Edo,cases,25,13531.95085884568,3647.9059893721937,4940.025559439488,8574.721457321297,18562.713597624417,35711.9306063416
state,Edo,hospitalizations,25,202.17847062887617,44.736438036863355,69.08099134434653,135.92861794956488,290.5012349957543,538.474482277072
state,Edo,deaths,25,10.112453704583634,2.595126144095075,4.349513347745732,7.29242570707164,11.801410671359946,27.927396389175698
state,Edo,cases,26,19890.852162524843,3963.686769955795,5958.923941416955,13605.717021505287,28750.085688860403,54083.579807557835
state,Edo,hospitalizations,26,348.5046922175725,111.05248432010252,143.30452883596553,217.69009818295422,468.0470702532282,949.9682280778885
state,Edo,deaths,26,15.960552110127287,4.040859886136429,7.4234631709947525,11.877042904209677,19.342805129456668,39.16724136334025
state,Edo,cases,27,28899.538367188,7335.818135851162,10183.421401389136,18857.82793539804,40172.14324841111,76345.05689888017
state,Edo,hospitalizations,27,351.78209925421373,109.07488938906688,148.3326397018771,240.96133441690912,464.8454216792373,912.0298458038405
state,Edo,deaths,27,28.13257412973117,7.379705728355714,12.514877846672597,20.74996542092886,34.13202494770012,72.96308266264997
state,Edo,cases,28,31550.861200889973,9628.069646319042,12629.712864947403,20160.74912598353,43060.94094927997,86967.89479260678
state,Edo,hospitalizations,28,345.4346891847454,82.47779116768719,124.03768961429778,233.52993609874207,462.6834397017327,924.8869705547115
state,Edo,deaths,28,38.03083883971133,10.032019733349196,16.73681066628255,28.52251668316179,45.420048695057545,99.91498950361664
state,Edo,cases,29,39223.82995804885,12276.6120400621,15930.245319312173,25074.829948644634,54766.45818032979,101064.77279941938
state,Edo,hospitalizations,29,449.7774799914316,100.7163989316683,156.08427591794242,303.730858013137,632.7655666384519,1208.0177735158777
state,Edo,deaths,29,43.94292718211219,11.005677886649558,19.7155296357492,32.81867834292875,56.29727938928321,109.10242557053802
state,Edo,cases,30,20680.55629928565,3605.4363843885153,6193.161009639335,14192.353422864417,29192.111454710728,57862.33620375703
state,Edo,hospitalizations,30,307.9568896652545,85.51155739206455,117.92420126833278,198.15856084964358,435.37725554943495,799.4762953639761
state,Edo,deaths,30,34.86336878670266,9.68853187505629,16.314008699842304,26.636755140280375,44.29758714845043,83.23455693242335
state,Edo,cases,31,17526.115403657186,4349.871120649978,5972.469237731462,11645.586832790863,25379.19467231086,47184.71310926163
state,Edo,hospitalizations,31,223.23597151616102,60.49519818155108,84.9954784187003,144.63376282797265,305.50766352003325,585.5913042702822
state,Edo,deaths,31,22.680064429195784,5.557991420864723,9.882475868933831,17.42470453220746,26.5035686483793,55.69485961558503
state,Edo,cases,32,13585.49200640206,3319.172582374792,4601.358581455372,8839.510378879064,18635.71704485958,35984.920168183955
state,Edo,hospitalizations,32,160.4219678280766,34.47384750101869,55.13982343239888,103.99912197398234,220.58361670746143,441.742027451938
state,Edo,deaths,32,18.675205834057348,5.211541312149998,8.870147662796686,14.343588368224117,22.697874331553667,47.736167018039154
state,Edo,cases,33,11516.449583792586,2336.8653506976966,3542.736297959988,7847.972357403849,16433.493311787184,31318.980512284943
state,Edo,hospitalizations,33,131.80856774418598,36.436958289491216,50.29662079520172,86.81676820574937,177.70036429071342,350.7487671707911
state,Edo,deaths,33,14.751598651293646,3.484106117787741,6.536205229831222,10.751729071642732,17.709410608319338,39.45802419937923
state,Edo,cases,34,9377.21433377188,2465.5082159656663,3331.455655648379,6002.443401002938,12678.756059441746,24890.682086701454
state,Edo,hospitalizations,34,105.88763887450641,28.683306372502894,40.25876473285068,67.27792683449212,147.9141448849871,273.68790931334667
state,Edo,deaths,34,10.642337384793318,2.635995992548504,4.90930180098491,8.199700397605703,12.771980104525122,28.713457354210913
state,Edo,cases,35,7714.94572676049,2346.2398422825086,3014.717137096214,4814.38673234152,10528.775992201607,20597.73953804307
state,Edo,hospitalizations,35,82.9360057558591,24.385985312499578,31.953511629335942,53.48581062321964,114.5442950161185,212.43389444730502
state,Edo,deaths,35,8.884953547150056,1.8479111155309957,3.737684448299318,6.44209676759085,10.684170685841844,23.4325299765439
state,Edo,cases,36,5884.872444569478,1173.5523072495425,1800.586810643926,4066.2107153106504,8381.020124080205,15550.577323681966
state,Edo,hospitalizations,36,67.7534333939704,19.27013734810587,26.296233642782585,44.12689453279947,91.68627383091386,177.24973206722802
state,Edo,deaths,36,6.783360551813539,1.6351988218266,2.886730520040685,4.980383515058488,8.277569354113828,16.85224023217558
state,Edo,cases,37,5045.417227970492,1407.5332084617846,1923.542380818643,3320.752388378991,7142.501686221003,13493.505144141562
state,Edo,hospitalizations,37,60.664525157974424,16.466600000655372,23.419138819603603,38.74006319931045,81.61294194918696,158.11794331716106
state,Edo,deaths,37,6.371343135338356,1.4457818907305242,2.4969429092241735,4.550183284390363,7.597695719998789,19.06466829270545
state,Edo,cases,38,4606.48673313265,1313.8753214221579,1749.9332301133725,2960.4560527085787,6168.45616617192,12463.25153909849
state,Edo,hospitalizations,38,51.288959812144675,13.219805729182598,18.268795272514538,33.34351009160839,71.12995140917947,138.50549600790256
state,Edo,deaths,38,4.924287846809813,1.021935345691746,1.8153049251236888,3.673979949820588,6.193144340662573,12.782279979177412
state,Edo,cases,39,4454.857694946192,1259.6796615478968,1680.578892096889,2988.153594457108,6081.5011675600745,11687.363678051723
state,Edo,hospitalizations,39,53.68763789972743,12.88997689286793,18.99711646853013,35.09786963987035,76.00926565797099,145.29464296208724
state,Edo,deaths,39,5.9341706977323065,1.1486122048816707,2.164394452491759,4.039571124463506,7.5563708674049455,17.226321558778317
state,Edo,cases,40,4950.582000872853,987.9657854309812,1539.9502883416123,3353.5485152012843,7092.023556068132,14021.120035885178
state,Edo,hospitalizations,40,52.54983565243095,13.611280952168567,18.94696110165625,34.411078724768004,71.67950324745516,146.17582161686835
state,Edo,deaths,40,5.735512126012321,1.0952136987960768,2.060183926020314,3.8556321450724487,6.981664248194852,15.972175637553029
state,Edo,cases,41,5043.909943151364,1257.062592393759,1788.6714134323688,3248.580850033669,7121.71642500139,13154.755009402994
state,Edo,hospitalizations,41,51.711318945203146,12.03908559866762,18.331794067696322,32.308716854871385,71.08108722457277,136.60735677523266
state,Edo,deaths,41,5.242265870460672,1.117271499074942,1.817792686245046,3.6602148390515463,6.61145849560393,15.05951330466969
state,Edo,cases,42,4265.410494003777,1253.7821082825676,1684.4810513273478,2694.3421386104933,5899.75072917931,11166.076866044208
state,Edo,hospitalizations,42,39.24735637029082,7.875070926104099,12.900465535524589,26.234652898877663,54.36084311620711,108.78975142604469
state,Edo,deaths,42,4.372435364018844,1.110112085075156,1.6323937192994553,3.089935480677864,5.5249260179633835,11.852630986381863
state,Edo,cases,43,3201.3760072840846,960.8335431808804,1220.16885842648,1945.2849930630491,4411.03942118797,8520.480019120247
state,Edo,hospitalizations,43,30.35430608527245,7.243684925298888,10.772483681738922,19.56276025578236,42.47798752415386,82.66932045192625
state,Edo,deaths,43,3.213160404016597,0.6211127970884649,0.8144415191534051,2.0380215020584345,4.0565537002647245,9.751054711692218
state,Edo,cases,44,2014.9521904265641,495.630889672039,674.9433928893814,1305.054310400954,2787.7000657757526,5755.870923243327
state,Edo,hospitalizations,44,21.196456620425902,4.678567924389254,7.08605351545177,14.28923490258709,29.605434344505888,58.56235232685825
state,Edo,deaths,44,2.1060441807154753,0.6641511877036583,0.6641511877036583,1.3278484260006052,2.4556431127537146,6.504177051600724
state,Edo,cases,45,1393.6286078137155,380.6664196143523,521.3559358592198,912.989310929144,1993.8150256552199,3492.611721737639
state,Edo,hospitalizations,45,14.845609828845538,4.737075571026134,5.837098375689429,9.03358939216109,20.60434033325038,41.468704393733994
state,Edo,deaths,45,1.9099602864365197,0.49384749270803097,0.49384749270803097,1.0945907156257166,2.3731674773585096,6.409966486646049
state,Edo,cases,46,846.4700040311326,193.61257153642654,280.4675268167175,580.3561912717471,1206.522708735225,2308.70966882054
state,Edo,hospitalizations,46,11.45969779494141,2.8684052347812905,3.7248920298745265,7.3166664797057575,15.684876788739615,31.047856527351513
state,Edo,deaths,46,1.7736848521979713,0.44420020274403554,0.44420020274403554,0.8522916493799451,2.086901387211551,5.875840718005798
state,Edo,cases,47,666.1459305379113,222.42992145765157,283.51266654757023,424.55842666509284,918.4147558095847,1727.8164661779429
state,Edo,hospitalizations,47,10.359135759541038,2.4014392113799765,3.2485440172821622,6.776815370173066,13.799336965394204,30.483376742607
state,Edo,deaths,47,0.9425196950259717,0.2715671788770379,0.2715671788770379,0.3360207948955354,1.1262376016527993,3.1817023338200925
state,Edo,cases,48,491.418925475674,144.02289575582375,190.9005439259501,303.9605183718918,680.5776771029866,1314.6902101848714
state,Edo,hospitalizations,48,6.907141815181018,1.8153420448354622,2.0267455604528797,3.982219063295206,9.597739535685182,18.594102733437182
state,Edo,deaths,48,0.8333180631423082,0.2419423601970001,0.2419423601970001,0.25153399798228987,1.0418886180142215,2.8680716596232108
state,Edo,cases,49,430.20829041881257,112.55303533202158,156.66879270746495,283.265291171862,618.5327707365004,1106.6040805469986
state,Edo,hospitalizations,49,5.973692442367565,1.8427967043768585,1.8427967043768585,3.3982410940413303,8.205770170097777,17.364527081603253
state,Edo,deaths,49,1.1679294413582477,0.36491644969351955,0.36491644969351955,0.48376912265448935,1.3505067022661934,4.011079699890491
state,Edo,cases,50,351.24431941064364,88.94390657732684,122.46388536738603,231.54377000748863,489.78874176683473,920.4366734856948
state,Edo,hospitalizations,50,7.197506847938645,1.979960594313082,2.2135708219774606,4.329984439583523,9.91679859965368,20.654296823222925
state,Edo,deaths,50,0.9153416271503756,0.3017644480931135,0.3017644480931135,0.3500156461064121,1.0468375435429595,3.167820366258543
state,Edo,cases,51,454.77291576951194,136.4496307415964,174.44763563763433,281.4322152993368,618.5609488555664,1187.1650971381364
state,Edo,hospitalizations,51,7.0697835259896555,1.9031154800403822,2.032369874537962,4.321853755773915,10.062531102472445,19.543654770921503
state,Edo,deaths,51,0.593732990704768,0.0,0.0,0.0,0.6106999324202174,2.9926773168239302
state,Edo,cases,52,284.21220381942067,91.56910707346636,116.22467665355784,181.60496209976154,388.3287547089702,707.4653799118481
state,Edo,hospitalizations,52,6.392597221108246,1.7103078515459145,1.8111094246223616,3.7197479415013484,9.268740873154862,18.30121447841701
state,Edo,deaths,52,0.5622856739237649,0.0,0.0,0.0,0.58537441509982,2.666664796344567
state,Ondo,cases,1,654.4023751324418,154.42174554107532,226.10047371629972,416.5021423696218,912.8524339740621,1772.58584474437
state,Ondo,hospitalizations,1,8.965291684166669,2.3410172013330945,2.8404753320403664,5.407792599512881,12.358924037231239,26.388111914146396
state,Ondo,deaths,1,1.6304412139186943,0.5168369895590575,0.5168369895590575,0.813070996587273,1.7977258158557636,5.344251027019327
state,Ondo,cases,2,1095.0708013458966,323.265209148043,432.8747413827796,696.792492753233,1482.8067474842342,2851.2105305488335
state,Ondo,hospitalizations,2,20.586796708348057,6.494182093115569,8.390108131948901,13.584138242619156,27.538781718379923,54.46085392210903
state,Ondo,deaths,2,0.5357634234210259,0.0,0.0,0.0,0.5673612249229373,2.44638975069921
state,Ondo,cases,3,688.756435902214,171.3007442354241,241.47142296629443,455.1263003608539,960.2268890491314,1811.022595773274
state,Ondo,hospitalizations,3,14.527794288823777,3.3330576083526244,5.0401186670659675,9.618927737828814,19.912806068514218,39.52453581783344
state,Ondo,deaths,3,1.1505110792860669,0.4147788847070556,0.4147788847070556,0.49872877542564353,1.269865077926718,3.8009926404479173
state,Ondo,cases,4,549.687796619882,144.54946495759197,202.53633626762166,363.66042565238,784.4549711807535,1425.9575479301302
state,Ondo,hospitalizations,4,15.008827178590826,4.0035476528716245,5.314227778705817,9.122483654652884,19.496773874157704,44.77820195599406
state,Ondo,deaths,4,0.5484521624333258,0.0,0.0,0.0,0.613812529095509,2.657475198395355
state,Ondo,cases,5,685.3279961085999,183.62565378269412,247.83177602379348,431.6696575466253,942.0470054890907,1842.569533261321
state,Ondo,hospitalizations,5,17.611911853286976,4.89558717038244,6.651101171547724,11.653971550592704,25.190153817066594,47.23220957653545
state,Ondo,deaths,5,0.9550077629680204,0.35671079744392975,0.35671079744392975,0.40252842368183794,1.104263533278059,2.9546412255404455
state,Ondo,cases,6,662.5743314222055,183.4623037221962,248.49824989312071,428.26474666195287,900.5117894759912,1673.957197896767
state,Ondo,hospitalizations,6,11.848354285631201,2.9350860852643192,3.8959828676051065,7.5668527842781526,15.804364154028846,34.13777520689887
state,Ondo,deaths,6,1.0585647868293482,0.3607045774254475,0.3607045774254475,0.36469848079159317,1.1630099959513247,3.7189292642262153
state,Ondo,cases,7,645.122265899102,200.3473383904177,267.146606194897,413.7518333617779,902.1747277226126,1562.0237114363497
state,Ondo,hospitalizations,7,11.698050614616303,3.078294274160256,4.000790207736933,7.151095044801677,16.802114798558726,31.316872038598483
state,Ondo,deaths,7,1.4776166360168268,0.4402438002129331,0.4402438002129331,0.7056519468850989,1.5647858423877654,5.019435762274119
state,Ondo,cases,8,1099.4335964134038,288.9462606656069,399.21133171045244,693.4821702659553,1455.5780722840302,3299.434976682087
state,Ondo,hospitalizations,8,16.04825253362113,4.410273134267493,5.713729598125964,10.320411972660184,22.531171496149074,44.30773118018114
state,Ondo,deaths,8,0.7029016321315666,0.0,0.0,0.0,0.8524135905115163,3.375554378509972
state,Ondo,cases,9,1611.1061605481148,431.6285851454309,575.116924199315,1040.4198111027956,2285.1028852177933,4354.206157888197
state,Ondo,hospitalizations,9,37.64414871715683,9.883234254299161,14.196437959730314,23.9506541090343,49.940720600815965,98.8937894644376
state,Ondo,deaths,9,1.5734096048404003,0.45693340128318205,0.45693340128318205,0.8207874027101191,1.9274939618792555,5.358604992459067
state,Ondo,cases,10,2480.8432664577913,668.5267654508466,901.4022672883596,1619.5278077928344,3530.8087644837115,6545.5163503959075
state,Ondo,hospitalizations,10,53.22150697901713,12.496618499335874,18.49517796118757,35.619521455161276,72.41466977717506,142.63315123955505
state,Ondo,deaths,10,3.9140148498404943,0.9221564201439212,1.4549361233608988,2.860611346058828,5.222623452944941,10.69767397677173
state,Ondo,cases,11,6345.705883502206,1643.3248209199287,2274.0255829672915,4134.894183894018,8649.356449909399,16810.35792309368
state,Ondo,hospitalizations,11,105.94359604864331,27.53719220614112,38.51712619032244,70.80783730807451,142.63083799939668,288.93433295170587
state,Ondo,deaths,11,8.32589114945571,1.8664860243044368,3.6906347299466122,6.242007403416027,10.727642528628753,20.16885347518173
state,Ondo,cases,12,18270.377530178164,4717.761096356394,6530.022190539246,11848.680167320486,26222.471332878922,47715.810366757854
state,Ondo,hospitalizations,12,328.2832996109463,88.3960598847195,126.18814107870014,218.13060131716642,438.2152903603406,852.9755305147831
state,Ondo,deaths,12,34.16799684161348,8.548877295016954,15.178744860538306,25.517517578208633,41.56077994002955,91.57006280363527
state,Ondo,cases,13,42783.509422249,13116.225103358105,17041.34374381818,26729.910563531696,57902.18153156339,112720.48864251703
state,Ondo,hospitalizations,13,850.6954591840375,265.24613844964716,352.04757702482584,562.0354130079434,1181.3610302260383,2102.3967569278784
state,Ondo,deaths,13,66.43628654170881,17.727046841216133,31.685302567374798,51.19371113155064,84.1094359922183,160.44042088886852
state,Ondo,cases,14,55774.95125555793,13770.63377087388,19331.600021838294,37185.95416125446,77313.41711059483,149398.29662818406
state,Ondo,hospitalizations,14,1345.1470349770323,404.0982878180907,547.4214024508459,880.1451480859128,1813.254467081123,3564.828605422971
state,Ondo,deaths,14,102.84058015225348,25.433401438873364,46.67609597994178,76.24960557137518,126.14630581602438,256.2722943220471
state,Ondo,cases,15,93922.42903896037,21557.348437413588,30914.233043166765,62810.85084847027,134461.29630325927,253528.6334443929
state,Ondo,hospitalizations,15,2332.891396595203,567.646814255237,815.4378284035135,1536.7476114678632,3313.544511326836,6245.847074050528
state,Ondo,deaths,15,117.45019329227071,33.07104102207137,55.568729120638565,86.26351640817589,140.4148587943364,297.41382831342196
state,Ondo,cases,16,146618.12348793363,42621.107779233935,55869.609191550066,94918.24109573019,207419.78482422038,368669.29357163614
state,Ondo,hospitalizations,16,2650.229034569121,783.960178927018,1047.8183613525682,1699.1668718064586,3445.1436933000887,7299.737996836353
state,Ondo,deaths,16,102.90478835321166,29.577175031761403,47.64135997738481,75.97660981877004,119.77630394413993,266.8740405918796
state,Ondo,cases,17,140528.2122518222,34838.19799313913,50212.86435298596,91996.04044356402,197590.55552823708,382235.14125312434
state,Ondo,hospitalizations,17,2229.9199755236427,601.6917725659476,850.3133332240526,1437.8420230993672,3025.796434798784,5943.466312033793
state,Ondo,deaths,17,75.49100419520485,23.089779554274635,35.66936371998967,56.7881219863183,84.60457888142304,187.29437936863582
state,Ondo,cases,18,70192.46341933665,16820.878808693426,22887.352952735484,43868.801062163446,99911.29210185679,184260.22176250906
state,Ondo,hospitalizations,18,1598.1746744114325,342.89080999364785,506.6378157038441,1044.2824114493483,2224.2362563210295,4528.5413978794995
state,Ondo,deaths,18,24.09828206023283,5.088149004831149,9.67948840067828,16.989518272006922,29.430133949351777,64.59581175524539
state,Ondo,cases,19,21402.356961776055,6604.984627772377,8734.481210664126,13854.154761871472,29798.106221800386,54564.008364744026
state,Ondo,hospitalizations,19,552.245865056955,148.46663348158876,205.80045170079308,370.7680428480227,730.2047725795205,1473.8226453046177
state,Ondo,deaths,19,5.8245247653535985,1.405103954358922,2.2573066134895763,4.130835485227472,7.482000561319301,15.65537954782505
state,Ondo,cases,20,6229.24753954857,1666.3775881328095,2285.4358116723324,3813.9051400300186,8571.432473310233,17156.774690255977
state,Ondo,hospitalizations,20,92.32118335669546,31.199015973615122,41.25411014645685,61.60022259880163,124.91282076905594,227.48801504245503
state,Ondo,deaths,20,2.1027043042014855,0.5707550331609779,0.5707550331609779,1.1888369331521542,2.582026662485588,6.5558733340200375
state,Ondo,cases,21,2887.8979722080853,934.0391807652799,1194.7722965032613,1829.9303302624094,3971.89346900964,7357.745235069992
state,Ondo,hospitalizations,21,52.06258271797833,12.633747378051426,18.285886863305443,33.264837899888384,71.13582987583031,142.68065050157298
state,Ondo,deaths,21,3.2858146902738414,0.771767643705362,1.005340635790422,2.1457519874522863,4.240243144397443,9.837084161830775
state,Ondo,cases,22,2563.448121890155,751.3990978355367,1018.9349155236949,1646.1295577209107,3508.084167266885,6818.856633200355
state,Ondo,hospitalizations,22,37.41815045788366,10.45901876041575,14.181970541960016,23.244057979826113,51.681143692141774,103.31276024127466
state,Ondo,deaths,22,1.9332939230965596,0.5259133082959812,0.5259133082959812,1.1120528543841186,2.3619451510159273,5.809525510424142
state,Ondo,cases,23,3254.3333010348438,737.0980296415495,1035.0748808414291,2060.88896328777,4454.174208212219,8937.454075779568
state,Ondo,hospitalizations,23,64.67316420748377,16.54922085556325,23.110653107954917,42.024522958310676,88.74957225638744,175.323944563051
state,Ondo,deaths,23,1.8902103089901579,0.6539128466739585,0.6539128466739585,1.086088261474817,2.3651356654198494,5.299034210086968
state,Ondo,cases,24,5606.041174001652,1868.3146538653398,2395.6063042801197,3540.2987352281198,7540.598743883045,14370.775425773427
state,Ondo,hospitalizations,24,106.99164337829134,23.713976473024953,37.29466206866618,72.1741412724911,143.32516353154801,294.1085119528425
state,Ondo,deaths,24,5.773480218957166,1.1871691887929692,2.066895643264409,4.129559559256703,7.1930271717145535,16.570476965228398
state,Ondo,cases,25,10214.5793355336,2753.439073276503,3728.8176227663307,6472.529965524168,14012.136602406295,26957.5162703094
state,Ondo,hospitalizations,25,154.1629345052035,33.92791297055138,52.51931351961429,103.56937741993615,221.61308933882657,410.9848107021303
state,Ondo,deaths,25,8.197793143843526,2.077242314442394,3.423374692486383,5.856793062763596,9.58515650132558,22.91931841077139
state,Ondo,cases,26,12492.620981135638,2489.129798273308,3742.292992129704,8545.07021383957,18056.90453588318,33968.29735445222
state,Ondo,hospitalizations,26,254.7458583601194,80.99305881132206,104.59310479709512,159.02385123871704,342.2195568880544,694.8595726422508
state,Ondo,deaths,26,20.838199475249645,5.4912257114241045,9.847078068004706,15.58205026027476,25.19587583895907,50.72423669457162
state,Ondo,cases,27,24471.420522505552,6211.676609566038,8622.97233389153,15968.293095267063,34016.84571605647,64647.373878936975
state,Ondo,hospitalizations,27,328.6849399093104,101.86812559502351,138.5556136512899,225.11977242114114,434.3458414642399,852.2524481417568
state,Ondo,deaths,27,21.97231527644161,5.607568120164343,9.656755607229654,16.15028937635575,26.70231504141283,57.321392530176986
state,Ondo,cases,28,28510.00339496438,8700.053659833131,11412.409024605437,18217.63040406385,38910.781995416684,78586.13750358319
state,Ondo,hospitalizations,28,474.0751832662023,113.47533453123101,170.46753822050783,320.61719323119905,634.8615403445679,1268.6936419825392
state,Ondo,deaths,28,27.13926987135823,6.953425508199964,11.787178213693979,20.28396639323576,32.4660749624195,71.75366352468721
state,Ondo,cases,29,43329.09352428605,13561.584682196395,17597.606555654238,27699.26174838548,60498.41038824477,111642.2981911369
state,Ondo,hospitalizations,29,508.42912748903314,113.95094289109373,176.5228558992012,343.38005891414,715.2261957969952,1365.3257301421406
state,Ondo,deaths,29,43.46951285282342,10.879213940023774,19.497318914212727,32.46244327038273,55.69372829030304,107.94264205792143
state,Ondo,cases,30,34277.294569234786,5976.426792274103,10265.407064589217,23523.53280177024,48384.62723984369,95903.60478158318
state,Ondo,hospitalizations,30,586.4565232800671,163.49472541023496,225.1247447391383,377.683886496126,828.7360374818596,1521.040896877638
state,Ondo,deaths,30,40.60859112894982,11.400808055791513,19.087669763525696,31.06409446926233,51.55414777115631,96.72872312065064
state,Ondo,cases,31,19337.84049843255,4799.6075554183735,6589.928749557842,12849.459412362328,28002.668902903017,52062.158061617134
state,Ondo,hospitalizations,31,358.5833035204223,97.61328832859222,136.90177378113833,232.5373276094459,490.51363832326183,939.6538905407484
state,Ondo,deaths,31,19.54046500843271,4.688288819800197,8.439272155808858,14.981271409601565,22.85612179202185,48.17614485823015
state,Ondo,cases,32,18999.648264703617,4642.2464970420415,6435.377878341787,12362.414199220186,26062.36537873972,50325.14830047199
state,Ondo,hospitalizations,32,244.73144823602112,53.00157139834406,84.46123121513841,158.83937411577978,336.3150740975494,672.9828603538671
state,Ondo,deaths,32,10.474735549121167,2.620207458088385,4.7525146152368265,7.942542640074095,12.811583483816035,27.404388935196035
state,Ondo,cases,33,11094.952352084581,2251.3078871068105,3413.0482946718935,7560.728198327704,15832.04996401774,30172.78186934462
state,Ondo,hospitalizations,33,179.5701588608532,49.900311782757676,68.7442877620372,118.39807841390613,241.9658998402915,477.2472384573966
state,Ondo,deaths,33,8.489686528887775,1.6984308302803044,3.535113130982073,6.071917390676512,10.258888410689494,23.346698531232054
state,Ondo,cases,34,8915.284990255454,2344.0189344852906,3167.3136347342383,5706.740341724705,12054.207378421077,23664.627962098704
state,Ondo,hospitalizations,34,136.48785936570405,37.18116196619592,52.070488813518025,86.82480463829812,190.5458814985049,352.3266619302247
state,Ondo,deaths,34,6.798992240481076,1.5840372737802162,2.950141078991698,5.149646045991713,8.20603925507307,18.862303948357145
state,Ondo,cases,35,7160.082595695394,2177.4469432173087,2797.853214985861,4468.106359952466,9771.566871849223,19116.458886154487
state,Ondo,hospitalizations,35,108.31501386785885,32.06175614627408,41.917418892386365,69.9602783615409,149.48056078544724,276.9683075012225
state,Ondo,deaths,35,5.369948005080609,1.1604946847756863,2.0409715158185193,3.7768492256449777,6.499703838308903,14.682477068459685
state,Ondo,cases,36,5449.698917954012,1086.7114736171898,1667.3860161525045,3765.500421783484,7761.2932625300145,14400.767365665655
state,Ondo,hospitalizations,36,89.84587132503584,25.783554182873104,35.06735071423418,58.62754983191948,121.46921639092243,234.5268380730206
state,Ondo,deaths,36,4.538390447910235,1.1570409954628675,1.7501894509563591,3.2316254165248894,5.564662313643698,11.631964708979632
state,Ondo,cases,37,4697.47980576532,1310.4184849850503,1790.8501588606207,3091.7261483744014,6649.975711863235,12563.093899553407
state,Ondo,hospitalizations,37,76.27226762355106,20.887908139475577,29.600338205977764,48.799437367937905,102.52469767715448,198.39535608175777
state,Ondo,deaths,37,4.585576209845737,1.0891274732284617,1.6342954073266847,3.181029749534751,5.476762971749503,14.114991838609665
state,Ondo,cases,38,4445.175748650854,1267.8407162557066,1688.6319655692114,2856.7736290725607,5952.459657549127,12026.870318043142
state,Ondo,hospitalizations,38,70.49645820446126,18.443544369272004,25.34731324455945,45.9598231495047,97.6273608295233,189.75375241029226
state,Ondo,deaths,38,3.2661140598140137,0.7280654271069462,1.0057298060857376,2.3299202565030854,4.124668335139575,8.819018005248706
state,Ondo,cases,39,4187.217174722006,1183.9570995739314,1579.5750718920199,2808.6104676741606,5716.156516047448,10985.303614753173
state,Ondo,hospitalizations,39,63.87694204790892,15.478264166183548,22.723420871893317,41.824421980692236,90.35933288754666,172.5554919507885
state,Ondo,deaths,39,3.584592261797915,0.7517886906965892,1.071156785706807,2.2984958380475033,4.6003086369637565,10.92947660024261
state,Ondo,cases,40,4638.852515904711,925.7049171086607,1442.9389413293716,3142.361124835941,6645.478476210777,13138.349992659114
state,Ondo,hospitalizations,40,67.71548502793605,17.75002538547002,24.597073127495285,44.44150695546885,92.26646550389414,187.86437133591102
state,Ondo,deaths,40,3.8644125914491014,0.7853280943842376,1.1943191668699913,2.481753692190263,4.723289601782797,11.16997775470287
state,Ondo,cases,41,4690.370781871197,1168.8995927040123,1663.2541240056435,3020.855459257842,6622.567932896009,12232.820892750316
state,Ondo,hospitalizations,41,69.58310534579651,16.46064059741385,24.88720702575603,43.60370547942098,95.5237898298413,183.2700227735261
state,Ondo,deaths,41,3.3619278899996754,0.7719964006785731,0.9469983915643325,2.2200490973907416,4.259257546071564,10.09657453727194
state,Ondo,cases,42,3923.3729209082476,1153.1863902465625,1549.3562551773427,2478.256910747835,5426.688312497478,10270.813769536928
state,Ondo,hospitalizations,42,53.580949304546344,11.036431580060338,17.851905944460277,35.93582157860357,74.08075213492275,147.89760794413274
state,Ondo,deaths,42,2.9044757273114823,0.795365682562394,0.8860398472122046,1.9303296207294853,3.674935356275502,8.208567093938175
state,Ondo,cases,43,2987.9769787009163,896.7391509837621,1138.7929526829073,1815.589002985389,4117.031183426204,7952.6280385799055
state,Ondo,hospitalizations,43,36.43560124966127,8.844155571031909,13.05805314863737,23.554918432962104,50.91902371106657,98.91330509534497
state,Ondo,deaths,43,2.1393768171643988,0.4529655372271394,0.4529655372271394,1.2155702607291459,2.6876467110241533,6.840536044448011
state,Ondo,cases,44,1891.5023164353058,465.21894784061755,633.5509793819156,1225.076104166499,2616.929809737793,5403.340246457808
state,Ondo,hospitalizations,44,24.80256691624894,5.440708807211031,8.403275380006619,16.77985835289178,34.591073781067124,68.26508712070209
state,Ondo,deaths,44,1.570125550257671,0.536137298117527,0.536137298117527,0.8791600295985259,1.7895744162350042,5.057761069360505
state,Ondo,cases,45,1369.6060832813018,374.09220273896676,512.3583373491037,897.2458144017216,1959.4542699508374,3432.434142687591
state,Ondo,hospitalizations,45,24.17807615276381,7.541498108327173,9.884767129763013,14.973630626357808,33.394446386163715,66.61083901793715
state,Ondo,deaths,45,1.568250049825866,0.42849076152560606,0.42849076152560606,0.8173885340621725,1.9267559772370415,5.429317207487268
state,Ondo,cases,46,773.6697451526285,176.89475790116916,256.2886075385355,530.4159207915077,1102.7928240437927,2110.2985616137985
state,Ondo,hospitalizations,46,13.0253144070394,3.232581550770629,4.3247702311909055,8.372560857238566,17.80320961284021,35.116692472833094
state,Ondo,deaths,46,1.1261881895057602,0.321485963386854,0.321485963386854,0.34057967937821315,1.23411754478594,3.976328834762859
state,Ondo,cases,47,755.7519829577293,252.43935768121926,321.7262803100169,481.7162521751753,1041.9036703536658,1960.0181656886944
state,Ondo,hospitalizations,47,10.682299839133204,2.47059583409642,3.3708935459752256,7.000772022476345,14.22552812531164,31.390034715421937
state,Ondo,deaths,47,0.5960152386717034,0.0,0.0,0.0,0.7379140519704195,2.663981884559699
state,Ondo,cases,48,424.74681418439286,124.3872112900491,164.91776024409018,262.6697381674213,588.2940129494078,1136.549526348323
state,Ondo,hospitalizations,48,8.400739909594828,2.1669889346287814,2.6130514114945553,4.947316435914887,11.650610044119396,22.389643801913042
state,Ondo,deaths,48,0.9668134067228761,0.26569864187579767,0.26569864187579767,0.37442192121512147,1.2423813350679018,3.2478769976589383
state,Ondo,cases,49,365.5162835210045,95.51724564942657,133.01453825077593,240.61840198650683,525.5873910477724,940.4358217011556
state,Ondo,hospitalizations,49,7.071773809306586,2.143184642037542,2.266717957062676,4.115183211658311,9.706371028242348,20.35806532868946
state,Ondo,deaths,49,0.49689940542496946,0.0,0.0,0.0,0.5106346428656892,2.53479533507133
state,Ondo,cases,50,308.22425460380026,77.95893825644282,107.38507768442204,203.14289168278464,429.84806334055156,807.9003933404797
state,Ondo,hospitalizations,50,5.828200176014859,1.639822166865639,1.6615098723717328,3.414343728951981,8.041396271389214,16.934294268582914
state,Ondo,deaths,50,0.4639871763056319,0.0,0.0,0.0,0.5069652153533828,2.338548857625103
state,Ondo,cases,51,336.2615790488782,100.70959681825173,128.82725517078433,207.99340792399693,457.460993837816,878.2151156130135
state,Ondo,hospitalizations,51,7.983815411639667,2.1246776248976897,2.3854006708557236,4.9414279986996075,11.350439347831498,21.93536261103472
state,Ondo,deaths,51,0.5000131624972632,0.0,0.0,0.0,0.46239295092290333,2.625047127592342
state,Ondo,cases,52,303.66306217030797,97.8821209110302,124.2191472627486,194.05822743836666,414.88013770857754,755.7811937747701
state,Ondo,hospitalizations,52,4.706716630947418,1.3059334589658669,1.3059334589658669,2.6038405303002365,6.840864599657895,13.73775716065263
state,Ondo,deaths,52,1.19709805444857,0.34334456701644844,0.34334456701644844,0.4774878203610988,1.3675975503593636,4.025050719346151
state,Zamfara,cases,1,2677.6775763191204,634.2200731178691,927.1762923003939,1705.3618767092582,3733.981922298194,7247.775427513073
state,Zamfara,hospitalizations,1,15.694735184666833,3.942314858096921,5.467429182081938,9.790837401057079,21.496667128363963,45.12207055671166
state,Zamfara,deaths,1,3.561966915490515,0.9450318015236612,1.1536341969647705,2.3151840615296817,4.115616570290605,10.60040612127534
state,Zamfara,cases,2,830.0789320420231,244.86913855037855,327.97889102203766,528.0904921034269,1124.0737867861385,2161.6450396971077
state,Zamfara,hospitalizations,2,43.53367070610173,14.409772937623718,18.38449366926217,29.10680297427205,57.91410682121429,113.49075523285434
state,Zamfara,deaths,2,2.6380933434222755,0.7464521137975137,0.7464521137975137,1.60874558318305,3.220077303693029,7.384427369192197
state,Zamfara,cases,3,1844.101104427409,459.9051498977466,647.611983912855,1219.1395981950823,2570.28560499769,4846.167374865456
state,Zamfara,hospitalizations,3,10.825430659578464,2.532677696707821,3.589681797041449,7.068963877838189,14.890933709807758,29.793223548869893
state,Zamfara,deaths,3,7.604366602204346,1.8417604599834148,3.260839891943148,5.654869619912838,9.078979196289566,20.318053401135284
state,Zamfara,cases,4,1127.8643484567895,297.3643417124785,416.2326226190705,746.5236537631077,1609.1176015275717,2924.1447235747346
state,Zamfara,hospitalizations,4,13.353288018491348,3.586500492776807,4.6564784544502995,8.06803059768697,17.36163722124642,40.0095140882974
state,Zamfara,deaths,4,2.106209268113877,0.7159549411066777,0.7159549411066777,1.2056705588714494,2.566767241194449,6.176913134742289
state,Zamfara,cases,5,1005.6041763661689,269.781543541446,363.94956693931545,633.575722894507,1382.1215681382773,2702.87453538852
state,Zamfara,hospitalizations,5,14.464124872120658,4.063479866369942,5.350636702831894,9.503164755502592,20.738590087135208,39.034138031593216
state,Zamfara,deaths,5,1.5118421801136583,0.4870870738471542,0.4870870738471542,0.9151465859006719,1.8733628877292223,4.400045741442971
state,Zamfara,cases,6,1351.7344804246327,375.0370267017022,507.6165474675139,874.0809013299588,1836.783688105867,3413.4966849068214
state,Zamfara,hospitalizations,6,17.326625973327047,4.196360924790212,5.999900717464033,11.24822892005147,23.025590750453784,49.23729545875114
state,Zamfara,deaths,6,2.2759412023556305,0.6245764533827834,0.6245764533827834,1.3630377611325328,2.745350617797503,7.17104158935662
state,Zamfara,cases,7,1463.7947140982724,455.4654904155499,606.9031045480365,939.2652179545389,2046.54678316847,3542.460721534332
state,Zamfara,hospitalizations,7,11.099316297714187,2.93157461191175,3.762439294890907,6.7625922554590305,15.953618833608743,29.77656428107432
state,Zamfara,deaths,7,2.5290459051624303,0.6565981586418699,0.6565981586418699,1.543881201886318,2.825229703650627,7.977640197682671
state,Zamfara,cases,8,1792.6351737647763,471.5935425148832,651.318435055703,1130.960758196953,2373.1275005581124,5378.494303149765
state,Zamfara,hospitalizations,8,20.533436964282785,5.575443163629636,7.487460220884138,13.31120287132112,28.74797824447932,56.27778583719551
state,Zamfara,deaths,8,2.804122403391289,0.8873746526230966,0.8873746526230966,1.7661133331460226,3.4493628864772496,8.301085981818098
state,Zamfara,cases,9,1840.130751168702,493.09016070941726,656.9632355300022,1188.369587450585,2609.879125279759,4972.9304899380695
state,Zamfara,hospitalizations,9,33.175382685579,8.623845638759983,12.437933041427033,21.06340855307644,44.04595052668224,87.33425685905573
state,Zamfara,deaths,9,4.224946888095017,0.981277634877644,1.427089454706197,2.910193369819112,5.286877568950423,12.655287292632131
state,Zamfara,cases,10,2694.152454421005,726.071177133938,978.9618366024097,1758.8087508821447,3834.360269840702,7108.17560674931
state,Zamfara,hospitalizations,10,39.43591560256595,9.064470634415223,13.537615189517727,26.307291700505917,53.74554890501111,106.10769018551994
state,Zamfara,deaths,10,2.696663245816981,0.6848026434018184,0.8230602855834143,1.8669288606324788,3.620982835868332,7.686810486767231
state,Zamfara,cases,11,4312.114846242491,1116.4555631434437,1545.0692204099812,2809.684303712789,5877.63712518619,11423.716817597362
state,Zamfara,hospitalizations,11,55.71241864129379,14.133191525894112,19.955819159475112,37.07949104430413,75.1670231874385,152.75134872401048
state,Zamfara,deaths,11,5.5186361879768,1.2991120203137552,2.2647766343954636,4.040583613523177,7.162676377157485,13.73395013290688
state,Zamfara,cases,12,5321.18118066418,1373.5050947361933,1901.3898628101529,3450.6360180965357,7637.5081195448265,13898.198881738812
state,Zamfara,hospitalizations,12,63.1964794201194,16.428317742607252,23.79611896396389,41.72087328914778,84.62775191303437,165.4878397260019
state,Zamfara,deaths,12,8.358717981084347,1.6194617941335814,3.297810577276136,6.044258903464715,10.306079166223704,23.590819528094258
state,Zamfara,cases,13,9266.109617679556,2840.1863207991832,3690.3656308983946,5788.905779399147,12540.808652510888,24414.43459593833
state,Zamfara,hospitalizations,13,87.81877305655604,26.76538854721514,35.817447226942654,57.715957718815176,122.30212035552259,218.35201977060694
state,Zamfara,deaths,13,10.030908465741268,2.061052861942526,4.342617008204307,7.5313883277636595,12.911669300090015,25.388445897804203
state,Zamfara,cases,14,23458.153012520575,5791.296798006341,8130.218057835817,15639.691518488924,32517.149852093236,62835.7760776519
state,Zamfara,hospitalizations,14,254.80691285917996,75.98040386283166,103.2159454069194,166.44309072934823,343.7608784971377,676.6106796935205
state,Zamfara,deaths,14,19.562698686346074,4.234042133876004,8.440279402360838,14.296090112385972,24.176068367390528,49.942139681662375
state,Zamfara,cases,15,42940.83325112301,9855.486429866298,14133.458205402534,28716.605957620774,61475.22127406059,115912.86041784543
state,Zamfara,hospitalizations,15,474.86668852199125,114.94373107205604,165.46685717820952,312.5376670565501,674.8160739033788,1272.695269269337
state,Zamfara,deaths,15,34.70843652352514,9.271181390102182,16.0534172240068,25.306780740450705,41.63144366476453,88.96093068997827
state,Zamfara,cases,16,79947.12070415472,23239.879745677335,30463.990522387732,51756.33399397057,113100.90340240303,201026.6451620378
state,Zamfara,hospitalizations,16,885.0900296201226,261.348284183263,349.53459386546865,567.227374608159,1150.7652860073426,2439.0423590400387
state,Zamfara,deaths,16,66.37555958977167,18.827327605307993,30.540787480777617,48.91437107049203,77.31565024471035,172.69905343629168
state,Zamfara,cases,17,154582.47714381324,38322.45090663792,55234.730906985795,101196.62411549232,217351.6003481435,420462.41012045025
state,Zamfara,hospitalizations,17,1218.6635746051584,328.4968935586158,464.4204877363952,785.6275906080318,1653.7762357107058,3248.8920224842645
state,Zamfara,deaths,17,97.78121852267749,30.109773016460238,46.355169000891685,73.62813655025207,109.55057652854997,242.1651725677196
state,Zamfara,cases,18,118762.34053279719,28460.66044583494,38724.78903424999,74224.20372768104,169044.90530628173,311758.4881511687
state,Zamfara,hospitalizations,18,1425.9628841291185,305.85792484466475,451.97135652574525,931.7181254419062,1984.6051981045794,4040.764517862453
state,Zamfara,deaths,18,152.28318662010344,36.18455229835513,64.22704924593286,108.87447621220115,184.8579522918567,399.63915827789907
state,Zamfara,cases,19,102693.95404490342,31695.022683823427,41912.51118851917,66477.09893076449,142977.4051862605,261806.10981386935
state,Zamfara,hospitalizations,19,2154.196350061211,581.254587483079,804.6012829859571,1447.240609865152,2847.4439858370856,5744.24381094274
state,Zamfara,deaths,19,306.3853661760096,94.54406804496277,146.3920184665209,231.16856388510448,382.8076459212075,752.6502703532788
state,Zamfara,cases,20,41147.413605424015,11011.394322597716,15100.038259510875,25194.996398369,56616.65359677764,113319.57113648589
state,Zamfara,hospitalizations,20,1196.3543722566421,412.12841491741995,541.1399698318758,802.1900961480517,1614.5203036243906,2930.6079584378363
state,Zamfara,deaths,20,282.39553695803124,79.34506988980843,130.19465513609524,208.30665818068093,341.5298700343334,721.5273720608948
state,Zamfara,cases,21,13487.42255790762,4364.749050224125,5582.126220946999,8547.713802375107,18548.656790611494,34357.38377869302
state,Zamfara,hospitalizations,21,575.0129493305947,147.0043669577286,208.36250300611434,370.97004621388055,782.0875503040576,1558.759260010525
state,Zamfara,deaths,21,154.1388707981248,41.386648687278154,73.08270252007813,115.21257981266376,192.58874351352176,399.35117616290336
state,Zamfara,cases,22,8254.214013700714,2421.0476613773935,3282.272114503907,5301.274158408866,11295.091562782523,21952.798000144074
state,Zamfara,hospitalizations,22,113.59635544970068,33.18612136745226,44.29294334846689,71.32820941012355,156.16563605402533,310.20017833470945
state,Zamfara,deaths,22,65.17204384671658,18.535227265212995,30.456716453582676,48.99728069065285,78.58518416478626,160.19755602144505
state,Zamfara,cases,23,9959.680659978096,2257.4350323456583,3169.1856840913006,6307.975339979465,13630.958226356037,27348.91425130476
state,Zamfara,hospitalizations,23,65.10690804411183,16.6651331939581,23.269903607163506,42.30869928189031,89.34236682406637,176.48856155075214
state,Zamfara,deaths,23,30.025400787293343,9.577066179510934,14.596472462131295,22.644168730923894,37.14116446798159,70.39459554787207
state,Zamfara,cases,24,13851.932376985962,4617.3876108090535,5920.130956089708,8748.244099238467,18631.511189286197,35506.36064389907
state,Zamfara,hospitalizations,24,105.24073533986882,23.313279727292315,36.67377669691734,70.98774213871866,140.985166833018,289.3238096405058
state,Zamfara,deaths,24,14.68716638926361,3.4879008776854397,6.131426335071012,10.9277211823424,18.051176346556982,39.85648053424348
state,Zamfara,cases,25,23354.97776531825,6296.500674053503,8526.518078491077,14799.494124889134,32037.369646812895,61634.51629472297
state,Zamfara,hospitalizations,25,281.1599502290455,62.51554394612665,96.32354500217727,189.15682077926917,403.81638484396467,748.1841660092954
state,Zamfara,deaths,25,22.395386945091555,6.574861394854917,10.27132137092228,16.47198090986882,25.972325200170726,59.94946585446927
state,Zamfara,cases,26,49976.597115402496,9960.139689692256,14973.104731370118,34185.41038591779,72235.1178561009,135884.65396993523
state,Zamfara,hospitalizations,26,449.18834847843556,143.33203325227473,184.8750939863799,280.68930581419266,603.1679285510111,1223.9186508412893
state,Zamfara,deaths,26,49.067066189130244,13.882190450828334,23.868690262756772,37.01704655013086,59.058304947789594,117.58622325481562
state,Zamfara,cases,27,45329.4725700291,11506.793696884433,15973.257265097684,29579.057352808348,63010.544800199445,119747.73250159815
state,Zamfara,hospitalizations,27,460.47485600450807,142.98914751603584,194.34227657491806,315.51002756304985,608.373177789484,1193.3358733645073
state,Zamfara,deaths,27,60.97948940395725,16.82794440213334,27.753096906110677,45.27336410639434,73.74388812754401,156.35752164400364
state,Zamfara,cases,28,52607.24537961653,16054.105450219233,21058.919016754844,33615.85190451119,71798.6679041672,145007.274742108
state,Zamfara,hospitalizations,28,543.3852109806966,130.1764565608779,195.48340990736935,367.53881187491936,727.6291327935462,1453.9327464747973
state,Zamfara,deaths,28,73.9476467370499,20.183862359882966,33.058510131377815,55.68961305815061,88.13652677057242,192.77859171437925
state,Zamfara,cases,29,38546.18617555213,12064.505385380524,15655.018904064273,24641.622710427982,53820.301688160376,99318.77179357698
state,Zamfara,hospitalizations,29,530.7563467156286,118.98900366096717,184.30331348891394,358.4735207084098,746.6169004632379,1425.208945423109
state,Zamfara,deaths,29,64.16598797611975,16.407897301312424,29.03693884228083,48.03613815213856,82.07945329454449,158.64543902087019
state,Zamfara,cases,30,34547.31117853948,6023.51211361518,10346.277494701273,23708.83999579593,48765.76997668539,96659.06349168693
state,Zamfara,hospitalizations,30,538.7267540140073,150.12982949338186,206.75252234643472,346.91651255274724,761.3215003181225,1397.377854690527
state,Zamfara,deaths,30,51.47302707592804,14.63878802957581,24.332769286206503,39.43636305868793,65.27658241063378,122.24670927965666
state,Zamfara,cases,31,22623.524818818347,5615.23458199436,7709.732765261751,15032.762646306226,32760.514433249125,60907.72985930002
state,Zamfara,hospitalizations,31,525.4107296546607,143.3645813208662,200.88082329211412,340.88616052220533,718.5496855717339,1376.0669995636429
state,Zamfara,deaths,31,67.54983940825024,17.985151796690086,30.504380386682953,52.338863975976224,78.62185252009928,163.12960109545094
state,Zamfara,cases,32,17308.46392275594,4228.966609840069,5862.497346316426,11261.98792873468,23742.55213800589,45845.78565922985
state,Zamfara,hospitalizations,32,295.7769692517259,64.21925789098884,102.21399792585393,192.04262990226542,406.38516006889176,812.9885719116888
state,Zamfara,deaths,32,68.5508317727859,20.958626078101005,33.89228694962613,53.24162904867068,82.77514293828281,171.2888433400083
state,Zamfara,cases,33,10903.341286870014,2212.4137841271313,3354.0926133857297,7430.148077850498,15558.636067406063,29651.724252829965
state,Zamfara,hospitalizations,33,165.28829040781662,45.87444415498386,63.22799011101884,108.95450445788609,222.74895368493765,439.4211425467209
state,Zamfara,deaths,33,51.86722799378053,14.052370534344222,24.297740633811628,38.4485268098119,61.80426322616832,134.81060647087648
state,Zamfara,cases,34,8809.562551537552,2316.2135064550775,3129.7462123769074,5639.062353733612,11911.26601610599,23384.01917663727
state,Zamfara,hospitalizations,34,115.4614088963051,31.341996859908868,43.95425215398802,73.39348122377082,161.25216779515276,298.29130498403083
state,Zamfara,deaths,34,22.038425287203985,6.199972125553537,10.70155531957922,17.217178061238275,26.271172209614598,57.83836647305891
state,Zamfara,cases,35,7310.545993103052,2223.2188671923027,2856.6606589644116,4562.007933814892,9976.900854984095,19518.140863058514
state,Zamfara,hospitalizations,35,87.13413102951179,25.655700440023008,33.601727040544944,56.21099371664938,120.32340256207456,223.10908554861493
state,Zamfara,deaths,35,16.249796322067727,3.974758369099898,7.275832497299353,11.999925796954162,19.410021081204217,41.67897699343528
state,Zamfara,cases,36,5578.252917179362,1112.3650020988666,1706.7346754449081,3854.3328265067266,7944.36590276911,14740.43110762563
state,Zamfara,hospitalizations,36,72.4587663404252,20.657405280538967,28.164360580381874,47.215334073219935,98.02962973690414,189.4489655018632
state,Zamfara,deaths,36,12.920747805964057,3.4215309523515662,5.969648583766261,9.723967427427972,15.636450038480126,31.012469145901893
state,Zamfara,cases,37,5148.035353092987,1436.1755165579077,1962.6776567811132,3388.2997168732113,7287.763704150551,13767.913849325949
state,Zamfara,hospitalizations,37,61.4447013080486,16.687618712416914,23.728133506837096,39.24292566672278,82.65830887828339,160.13138856974524
state,Zamfara,deaths,37,11.066583051779086,2.6093451008228135,4.743783772392588,8.11626340784574,13.121850553017564,31.956533500757146
state,Zamfara,cases,38,4383.984578270712,1250.3781028002609,1665.3781485071545,2817.4430845934044,5870.524262987423,11861.33492233483
state,Zamfara,hospitalizations,38,59.85754035822754,15.550172441195404,21.426599249505912,38.9717847822332,82.9507344004753,161.36790146063436
state,Zamfara,deaths,38,9.67181434315836,2.097370318227242,4.100233859802316,7.467427662055032,12.031170441717194,23.968112827774036
state,Zamfara,cases,39,4312.423538012855,1219.3812819656125,1626.8262168073757,2892.603511550814,5887.070378886088,11313.738140525742
state,Zamfara,hospitalizations,39,55.383223288264396,13.320689532136178,19.6172046715809,36.217224180519956,78.39723680547417,149.83107612299193
state,Zamfara,deaths,39,10.388194136479948,2.1860855346112045,4.211703065787116,7.300086690815954,13.092195189683633,29.018437136087154
state,Zamfara,cases,40,4602.473195630293,918.4389760332032,1431.6175648366348,3117.7152248409343,6593.365964368146,13035.329342769464
state,Zamfara,hospitalizations,40,53.96841540212949,13.998432711729118,19.475491154132307,35.3493579544338,73.60527537231894,150.07550560010492
state,Zamfara,deaths,40,10.214750925487754,2.0282202655879416,4.114878911007832,7.115842399950542,12.34078183690388,27.367779630597468
state,Zamfara,cases,41,4643.09341739619,1157.109910750678,1646.4825763156389,2990.4026622863903,6555.81882056863,12109.534366026897
state,Zamfara,hospitalizations,41,52.88292427255617,12.328971192934501,18.761579467075233,33.04923789115695,72.68359751161567,139.66665031943322
state,Zamfara,deaths,41,9.33499259041723,1.9235828871543308,3.687735009784035,6.752824528495922,11.66257118188068,25.716920348996084
state,Zamfara,cases,42,4174.192937089828,1226.9543666628308,1648.4447946326598,2636.714649348311,5773.590326604268,10927.320311553638
state,Zamfara,hospitalizations,42,39.67465740105727,7.969322387925007,13.048085673732261,26.523879415406604,54.94876409563203,109.95569642535997
state,Zamfara,deaths,42,7.525742228928322,1.774729524982443,3.208392033406969,5.538555295829293,9.431360047415168,19.547423987093904
state,Zamfara,cases,43,3088.24323248575,926.8541174711391,1177.0276966338424,1876.5271016372012,4255.171946193373,8219.435208092811
state,Zamfara,hospitalizations,43,34.36929135511054,8.300377431130537,12.281504877265492,22.198537200000093,48.05108547752446,93.39422620593547
state,Zamfara,deaths,43,5.5898246907263065,0.9854135014716157,1.8786641959170138,3.8199093947553338,7.022369383652246,16.05686071454843
state,Zamfara,cases,44,2152.713443645815,529.5684473549592,721.1343736834294,1394.3042834051098,2978.267489814012,6149.270011164975
state,Zamfara,hospitalizations,44,22.403450287671497,4.933696314238235,7.526996523434112,15.122976753888546,31.274388458485504,61.81036481494299
state,Zamfara,deaths,44,3.965214530759973,1.091386564771708,1.589185503176768,2.8253074661301762,4.678590260367179,11.331466336908106
state,Zamfara,cases,45,1702.7977568925367,465.2763878331393,637.1547508993297,1115.607625184208,2436.036890742509,4267.095306234492
state,Zamfara,hospitalizations,45,14.360594898714965,4.591074145693797,5.626372139001628,8.72434409292733,19.93847287246674,40.15977628386227
state,Zamfara,deaths,45,3.747557131280371,0.8351406416554705,1.1736416805641763,2.5421417747025967,4.704330371315743,11.530921504468905
state,Zamfara,cases,46,1092.344232457989,250.07500164141874,362.12895513168786,749.0235237911241,1556.858075067877,2978.8196196270574
state,Zamfara,hospitalizations,46,14.046229670435372,3.469814270926273,4.715544510604856,9.060394426806816,19.18313970711655,37.76722458278483
state,Zamfara,deaths,46,2.648567399375411,0.6011495957470472,0.6011495957470472,1.5067624223306075,3.177597195070484,8.305283614271772
state,Zamfara,cases,47,1256.5203064058187,420.1487328793469,535.2851502740386,801.1458853267416,1732.0282214379758,3257.69005978141
state,Zamfara,hospitalizations,47,11.186676833114285,2.5785121529564154,3.561815401788632,7.350247988066432,14.890583463504544,32.80484051489589
state,Zamfara,deaths,47,2.6765756768603994,0.5670701091814951,0.6794757821980149,1.7897975784960312,3.4398803784053364,7.731977143959555
state,Zamfara,cases,48,1060.7503579855243,311.69738736402377,412.77465542002153,656.5538079492493,1468.6131793878174,2835.8823361376817
state,Zamfara,hospitalizations,48,8.634698683439547,2.221934567154044,2.704663044566816,5.0981151124458375,11.971375766360456,22.982705793462557
state,Zamfara,deaths,48,1.2880981887213074,0.3210463426135688,0.3210463426135688,0.660727837744446,1.7094919314830617,4.132752521212394
state,Zamfara,cases,49,596.1623305754888,156.25485045041802,217.3489181545329,392.6671152890782,856.9650286444449,1532.874577067991
state,Zamfara,hospitalizations,49,9.439044608340325,2.7870204790394446,3.248075348712813,5.6518395500338565,12.922680634524326,26.774259061099222
state,Zamfara,deaths,49,1.596311394819486,0.4540438244441038,0.4540438244441038,0.8461656294418372,1.9245956255870968,5.234988292370467
state,Zamfara,cases,50,681.7763485924462,173.34368342336344,238.31747423272435,449.7535747894791,950.3253346271417,1785.0761202178307
state,Zamfara,hospitalizations,50,8.681477325111375,2.3473137704744413,2.809802611470449,5.318886298739423,11.942253374165482,24.671939769451132
state,Zamfara,deaths,50,2.0554322084197967,0.5256141953589255,0.5256141953589255,1.351461187804433,2.56518760005753,6.259521663518052
state,Zamfara,cases,51,684.5889146988045,205.75634708741097,262.9142211866449,423.8440160954472,930.9643704551677,1786.2778114833852
state,Zamfara,hospitalizations,51,6.70733152885567,1.815130469840244,1.8921770711374277,4.0758133226544935,9.55108714539332,18.593878630942182
state,Zamfara,deaths,51,1.6722293727027464,0.5093796761012721,0.5093796761012721,0.8615646618321496,1.9373171616588505,5.527863150354751
state,Zamfara,cases,52,563.415800433429,182.18804723152127,230.97976390189285,360.36295876002396,769.4554636096212,1401.005416063796
state,Zamfara,hospitalizations,52,8.394069362976337,2.1865098131476075,2.593808177406658,5.033869972793538,12.127872077257017,23.675262307063413
state,Zamfara,deaths,52,1.2585551909873474,0.35542772109597776,0.35542772109597776,0.5294843122211136,1.4509192299417806,4.201894822711271
state,Plateau,cases,1,1837.9335423999005,435.083651720166,636.200435118073,1170.4310517598744,2563.094909328182,4975.342204385522
state,Plateau,hospitalizations,1,36.76780871553928,9.58202529667077,13.655380193697042,23.452347334393057,49.97809354768802,103.51393595492573
state,Plateau,deaths,1,1.860673393505753,0.5693908816440898,0.5693908816440898,0.997430745254723,2.0822088996525197,5.989357879992029
state,Plateau,cases,2,603.3004815586892,177.77825209856354,238.20965217923307,383.7163329969453,817.0722731996094,1571.5190334428912
state,Plateau,hospitalizations,2,37.432191678004834,12.298134662496192,15.728189845599646,24.981195299224783,49.84096496427711,97.80181147770811
state,Plateau,deaths,2,3.1070876423600255,0.849606992034692,0.9418633163498188,1.9692574338575377,3.8032648282071895,8.54310127254202
state,Plateau,cases,3,1207.9240344209234,300.98849914659843,423.9754197665093,798.4445844009605,1683.7255468999952,3174.900293092239
state,Plateau,hospitalizations,3,18.797913738545606,4.254196783505696,6.709393723358119,12.553623589746067,25.692365618824063,50.7240834653612
state,Plateau,deaths,3,1.5331797776989264,0.50687839212532,0.50687839212532,0.831513753300705,1.7738768858822223,4.867028240635845
state,Plateau,cases,4,904.3937396430583,238.29997212551757,333.6370226064598,598.5434591210579,1290.377833399582,2345.0814613332295
state,Plateau,hospitalizations,4,16.667968306109717,4.421194018856459,5.9729221454096715,10.178451730885053,21.634978253170082,49.55374138900848
state,Plateau,deaths,4,2.008142758837212,0.6907531683119112,0.6907531683119112,1.1280304657688562,2.441216242851656,5.924284199868299
state,Plateau,cases,5,916.5174437719331,245.81676818355402,331.6507098079319,577.4143448040865,1259.7121999088806,2463.5755603215853
state,Plateau,hospitalizations,5,13.921855765228509,3.91991746307876,5.126269240097988,9.132088824514842,19.970567520344694,37.61973528849785
state,Plateau,deaths,5,0.9890738426918726,0.36493676215636783,0.36493676215636783,0.434871569457266,1.152789111125577,3.045837621625882
state,Plateau,cases,6,739.488697637392,204.8431807536781,277.4173910557975,478.02047765483775,1005.0052947845122,1868.1001374491198
state,Plateau,hospitalizations,6,13.7070291761575,3.363570580571496,4.6107328569123,8.817502163889706,18.257583338858538,39.267434589407
state,Plateau,deaths,6,1.4599397445844955,0.4506896202083655,0.4506896202083655,0.7051500826435161,1.7026165305143302,4.896161487786574
state,Plateau,cases,7,1136.444756712561,353.4553197087534,471.04990037331794,729.1362653673746,1588.964334403242,2750.573841394765
state,Plateau,hospitalizations,7,14.570325813463377,3.781062231247903,5.142459848490792,9.011972499159153,20.866299289898762,38.69474436635844
state,Plateau,deaths,7,2.796063882110494,0.7100624022187434,0.7566205958311591,1.751019589982929,3.136703334701452,8.708654648389098
state,Plateau,cases,8,1099.5364824093635,288.97336944336604,399.24874981690795,693.5471014803397,1455.7142563174407,3299.743553720065
state,Plateau,hospitalizations,8,18.641073498817082,5.084012692638105,6.739358867958561,12.049785444741124,26.125933228381744,51.22920970697078
state,Plateau,deaths,8,2.5905028346483623,0.833688097177953,0.833688097177953,1.5987622640248604,3.1801744815635886,7.738366202988652
state,Plateau,cases,9,1707.6366658464756,457.5337376425864,609.6139437907474,1102.7784715022426,2421.991306138587,4614.989387546316
state,Plateau,hospitalizations,9,25.772213071980474,6.536923189964002,9.523929099320505,16.278977844740055,34.2777758374632,68.17905107578564
state,Plateau,deaths,9,2.3535270669672967,0.614586953952005,0.614586953952005,1.4490049982848168,2.937553244502725,7.552484153544115
state,Plateau,cases,10,2799.3367802414614,754.4467487884734,1017.2070293534616,1827.4892059453982,3984.043744554724,7385.627014779509
state,Plateau,hospitalizations,10,32.76943544157548,7.404216131084397,11.139462125852916,21.802628150243834,44.71461748214412,88.43899886222272
state,Plateau,deaths,10,4.45833369259608,1.0271018203829114,1.7343185018808627,3.299965661692282,5.930784990988466,12.02892001111147
state,Plateau,cases,11,5526.5465592733435,1431.094408192147,1980.3916170399946,3601.0808408860416,7532.868578261499,14640.542455285711
state,Plateau,hospitalizations,11,70.75984431038873,18.148613142058664,25.51620931864347,47.18345432331307,95.37708336029928,193.54753425595618
state,Plateau,deaths,11,2.732670150443191,0.7285941875168012,0.8310178353878279,1.8269616977437004,3.5779566888629724,7.263390884032983
state,Plateau,cases,12,11045.877895110414,2851.963744060851,3947.657103164791,7163.318600953595,15853.715131454956,28848.591487838563
state,Plateau,hospitalizations,12,116.18704680520817,30.81473298612307,44.26437465631366,76.98533379417867,155.31021327177356,302.91723656553023
state,Plateau,deaths,12,6.199375046314127,1.2428159790558029,2.2982486402227797,4.4059426147289065,7.676571376461696,17.87161744617986
state,Plateau,cases,13,22819.220952431264,6995.410130292316,9088.973334577318,14256.620189101774,30883.154434452197,60121.91157816897
state,Plateau,hospitalizations,13,251.24905996185848,77.85487402591171,103.563102299082,165.75579530805172,349.18322006294244,621.9689837376827
state,Plateau,deaths,13,28.578290225382375,7.21388683956121,13.336129923825274,21.89273053067575,36.32992618357552,69.80952804549003
state,Plateau,cases,14,70848.43974790144,17492.42709744399,24556.248233054954,47235.753635703026,98207.6905451993,189773.5574313739
state,Plateau,hospitalizations,14,530.8808392467671,159.05979414112878,215.68868869248143,347.15232562626306,715.8363956428933,1407.9069484856504
state,Plateau,deaths,14,46.83164660245692,11.175905741967581,20.960838151653036,34.5831586115134,57.566864299900715,117.50624721638171
state,Plateau,cases,15,88682.71835500562,20354.671855097953,29189.563506175702,59306.76321733,126960.04195449597,239384.96404634888
state,Plateau,hospitalizations,15,968.9141348657374,235.3171584149711,338.29367543103405,638.0542192299764,1376.4520857600705,2595.052791618887
state,Plateau,deaths,15,77.3071065181615,21.52427424847511,36.39743578059591,56.689677699920345,92.48898556488444,196.28058511962203
state,Plateau,cases,16,118611.56452239782,34479.61473004937,45197.4439682166,76787.17292759824,167799.1521082205,298247.4681635395
state,Plateau,hospitalizations,16,1662.8702897523144,491.62885376011593,657.2221633993452,1065.998402904729,2161.746420899548,4580.830120224245
state,Plateau,deaths,16,136.45288033226572,39.44973140460215,63.34636110746169,100.83030931967501,158.77175947439468,353.36344204302503
state,Plateau,cases,17,131161.5581861532,32516.07072651559,46865.97377302577,85864.18757758416,184420.54114280146,356758.06321970787
state,Plateau,hospitalizations,17,1978.0022590153794,533.6352143886451,754.1821795781209,1275.3665417499103,2684.007551936284,5272.211226410944
state,Plateau,deaths,17,146.8839948987388,45.57401055455642,69.89476801047014,110.72475021014466,164.50373785526352,363.0392139048183
state,Plateau,cases,18,128143.50928198388,30708.859581414927,41783.75622265923,80087.28536961111,182397.9160663598,336384.507884072
state,Plateau,hospitalizations,18,1837.4652610450125,394.34849937430454,582.5975921190559,1200.6919928639209,2557.206817757257,5206.313898671878
state,Plateau,deaths,18,203.83613384705012,48.69064187389194,86.16452785458809,145.82799472036294,247.36660322405106,534.3840695703421
state,Plateau,cases,19,31952.038176248047,9861.064132270723,13040.186254601736,20683.33890228252,44486.03913240005,81459.01575732631
state,Plateau,hospitalizations,19,975.7564528671637,262.8835786444487,364.10652571040754,655.3570697165887,1289.9431865537535,2602.8017211165347
state,Plateau,deaths,19,98.56083275221303,29.94632349428028,46.73965749284804,74.19842550360944,123.31368909963503,243.10416622546143
state,Plateau,cases,20,7324.631563031959,1959.5310719327904,2687.4303139658323,4484.630679419472,10078.612647781214,20173.404792821028
state,Plateau,hospitalizations,20,431.62972897353893,148.27212721505114,194.88675971679186,289.20975048169123,582.7220185624891,1058.252620529774
state,Plateau,deaths,20,26.94249097142253,6.921894829929957,11.935582253677401,19.637300279724805,32.772894967208984,70.24003826323295
state,Plateau,cases,21,4320.157069189202,1397.6133137282486,1787.6128073350624,2737.6697681673804,5941.5763263023455,11006.06715806253
state,Plateau,hospitalizations,21,77.65917070240633,19.211110148164813,27.590025389998168,49.7953091545866,105.93649829516342,211.99686527287736
state,Plateau,deaths,21,11.798024213878543,2.494502075813201,5.107634497085524,8.580967450084072,14.960126290076648,32.00633712462914
state,Plateau,cases,22,3274.860067101298,960.1245936633744,1301.878398001581,2103.0651582778537,4481.550688985777,8710.77537863014
state,Plateau,hospitalizations,22,52.93884577544892,15.090218612260898,20.31781351374442,33.042373182184875,72.97239994742242,145.4711029297216
state,Plateau,deaths,22,5.875151011639614,1.2881034734650862,2.2546806086599456,4.1729868306411575,7.2343100246961605,15.678363761218938
state,Plateau,cases,23,6396.984386301325,1449.6470559267184,2035.2863945621873,4051.4063662570493,8755.134130208091,17566.506711625952
state,Plateau,hospitalizations,23,49.91824706337745,12.606129241827094,17.693289291398905,32.357447875137794,68.58395985608638,135.706147691628
state,Plateau,deaths,23,4.1344137149828075,1.2122842161407008,1.5510536567242288,2.8673836822833416,5.238600255539346,10.677733185178063
state,Plateau,cases,24,9823.715908018157,3274.4325939460014,4198.358512310181,6204.100504765803,13213.467818512168,25181.374494904863
state,Plateau,hospitalizations,24,103.90415459090451,23.00740212277717,36.1998149485089,70.08208735389233,139.19889681125653,285.67133854559
state,Plateau,deaths,24,12.82865176250563,2.9557143696881303,5.285763968245561,9.513302179472156,15.792040218233213,35.01161691154402
state,Plateau,cases,25,14434.769367481398,3891.3340412315392,5269.654283672122,9146.830241083968,19801.14743217818,38094.43351242089
state,Plateau,hospitalizations,25,223.6712727976623,49.57456981130111,76.49435988725537,150.41332042678206,321.33707284967977,595.5416424284466
state,Plateau,deaths,25,15.525705702605102,4.3500470568730965,6.9608188961097905,11.34028125030491,18.050277164439304,42.047983773561334
state,Plateau,cases,26,22611.236624387577,4505.892302000696,6773.995577363412,15466.554376409886,32682.04768669843,61480.11831652784
state,Plateau,hospitalizations,26,440.4495887699123,140.53035488565973,181.267009086724,275.221338541626,591.4402186512591,1200.1413367718128
state,Plateau,deaths,26,27.147765536097783,7.366785580985653,12.981207927415722,20.373229831875395,32.7648521241466,65.66931901659095
state,Plateau,cases,27,36695.19587960723,9314.858134737064,12930.576495825784,23944.825340156483,51008.48345712955,96938.71174522242
state,Plateau,hospitalizations,27,477.94450944890616,148.4400198097907,201.73717974331572,327.4918732069852,631.4416897479987,1238.5488108244988
state,Plateau,deaths,27,39.25743817768982,10.579756085540613,17.675952839343157,29.05586384627368,47.548277573623395,101.20817822635219
state,Plateau,cases,28,39215.02232825644,11967.035985139693,15697.798704134828,25058.174762057242,53520.978529665634,108093.22931774467
state,Plateau,hospitalizations,28,461.0188861048857,110.32925568323654,165.75516592369613,311.77831931203207,617.3864174237833,1233.7991703757802
state,Plateau,deaths,28,59.56866110686695,16.119659336495005,26.524257902182356,44.8134993036567,71.03535157216713,155.60144597324768
state,Plateau,cases,29,43763.97159917623,13697.704183388383,17774.233179720548,27977.272606966708,61105.60656489011,112762.79479390883
state,Plateau,hospitalizations,29,655.6403064485075,147.16864268951258,227.82213876114722,442.8965406920203,922.196109756626,1760.1567492640681
state,Plateau,deaths,29,57.72506246272626,14.687322299769528,26.06812502172796,43.18946701108047,73.86798306317614,142.8662816226391
state,Plateau,cases,30,27833.295186405398,4852.726356054236,8335.418375844334,19101.140242252033,39288.58101030906,77874.43437537256
state,Plateau,hospitalizations,30,426.1086118519752,118.59542713843092,163.40335923356753,274.3210538696544,602.2572507557006,1105.595550284531
state,Plateau,deaths,30,56.1687720473157,16.038283433990298,26.59976683934747,43.05496215759805,71.20759012865932,133.27590175415588
state,Plateau,cases,31,15397.793934700512,3821.5438858780385,5247.109557600452,10231.339238396366,22297.27206477739,41454.94161374691
state,Plateau,hospitalizations,31,494.97118286567877,135.01674154436466,189.20712361196146,321.1166930826866,676.9419350319097,1296.4385022640552
state,Plateau,deaths,31,38.78882727382837,10.019674621075755,17.28629155656122,29.959822284673624,45.21542755595687,94.26680740441348
state,Plateau,cases,32,11472.522673906857,2802.8198077333577,3885.6004199535632,7464.635443879287,15737.337422244458,30388.394907567454
state,Plateau,hospitalizations,32,275.72610656335297,59.812910633292354,95.24064785375333,179.00027262322178,378.861380422454,757.9938291374863
state,Plateau,deaths,32,29.1985079134011,8.53427900480764,14.14998241284838,22.551328903089043,35.374570230411415,73.80658835287612
state,Plateau,cases,33,7743.335799033933,1570.9812096427133,2381.809117154437,5276.650852373379,11049.55715395169,21058.562235692727
state,Plateau,hospitalizations,33,170.5133310191905,47.34731319311465,65.24613495990727,112.40944857804608,229.7794990521973,453.25987015809153
state,Plateau,deaths,33,18.09114111141651,4.435210422294968,8.13467704237579,13.244337366773003,21.67778256405369,48.039400276819464
state,Plateau,cases,34,5942.958354945961,1562.2850344480707,2111.1267793536767,3804.011944900234,8035.491733483637,15775.470492373666
state,Plateau,hospitalizations,34,105.55257036948603,28.59025593940304,40.12942786318465,67.06389101976912,147.4473328155243,272.82682501875524
state,Plateau,deaths,34,12.502856942734418,3.218280965412141,5.855644328831808,9.67298235593338,14.977487777766873,33.471905863130935
state,Plateau,cases,35,4806.395918135858,1461.440462423052,1877.9331558991557,2999.2116838402653,6559.544088358682,12832.98041933972
state,Plateau,hospitalizations,35,84.63368535545818,24.899445328289772,32.620033349617955,54.58784723273289,116.8813079314388,216.75083426524117
state,Plateau,deaths,35,9.935962139468135,2.1518854774259912,4.243365471551027,7.236435679276813,11.931291183785751,26.040358103130494
state,Plateau,cases,36,3648.8918363059192,727.3523246413087,1116.1830607087963,2521.120437734721,5196.779447439254,9642.697795006981
state,Plateau,hospitalizations,36,68.07966859912415,19.366321996044178,26.425758104205062,44.34102798382873,92.12608321474002,178.09555207473716
state,Plateau,deaths,36,8.268041220224953,1.9496752920317428,3.6342147270165923,6.130512706191215,10.061803310022654,20.285528844258593
state,Plateau,cases,37,3626.9185070605317,1011.6082454032342,1382.5722663387983,2387.0401523040946,5134.532953758941,9700.331210725837
state,Plateau,hospitalizations,37,64.4710041279064,17.544936597926274,24.926704748979056,41.193498013416644,86.71322241067818,167.94141792326278
state,Plateau,deaths,37,7.957651378371233,1.760507674882286,3.258176748363921,5.758377824358725,9.46928959229969,23.432456063913406
state,Plateau,cases,38,3066.401827334918,874.3689803694106,1164.6714605317047,1970.568500095086,4106.2719714402265,8296.987636612921
state,Plateau,hospitalizations,38,53.56999354867464,13.840190819566242,19.10945888806522,34.84185697609137,74.27685420634754,144.59187520310215
state,Plateau,deaths,38,7.626417900686245,1.5016599912574655,3.1189562054437894,5.838306766215579,9.523992003219078,19.164283853871506
state,Plateau,cases,39,3137.67066512041,887.0127110661886,1183.4907761969976,2104.5359804472046,4283.465369447127,8232.190265741385
state,Plateau,hospitalizations,39,55.151850488109375,13.261916208136466,19.532589915607595,36.06448153707231,78.07138381403982,149.21205259857942
state,Plateau,deaths,39,7.506583949372059,1.411520470433374,2.888699360179682,5.1930891680869795,9.514856607505807,21.39818266911684
state,Plateau,cases,40,3078.1756273148358,613.9952363124644,957.2506297843486,2085.0492720977154,4409.845918327714,8718.752646764131
state,Plateau,hospitalizations,40,53.950243895728256,13.993473434199176,19.46872087052023,35.33733892833981,73.58060691042827,150.0255520233114
state,Plateau,deaths,40,6.855787070977174,1.279695306560158,2.575651958739967,4.673531725600534,8.326123557605158,18.831027980535964
state,Plateau,cases,41,3296.841566771276,821.3915109581725,1168.9025046208794,2123.240654954231,4655.097048190528,8598.8751615311
state,Plateau,hospitalizations,41,51.771769371991944,12.054043347238164,18.35397047821944,32.34692685112858,71.16377483109531,136.76521264852403
state,Plateau,deaths,41,6.491326867588458,1.3443825143870765,2.390573571143723,4.607510214030653,8.15866172093817,18.323977112313635
state,Plateau,cases,42,2879.8910057286744,846.2908303083017,1137.1200210152042,1819.0280857638418,3983.478222766287,7539.5616381458
state,Plateau,hospitalizations,42,43.23137568230914,8.753813141842011,14.276784213558791,28.931221684916476,59.842253952256655,119.66029998128748
state,Plateau,deaths,42,4.85077244416011,1.2115803252199813,1.873003979881856,3.463770304304853,6.121327740833645,13.027407718346465
state,Plateau,cases,43,2198.6401725763985,659.6618635974804,837.7934684697564,1335.8594594408225,3029.530809549263,5852.213282022068
state,Plateau,hospitalizations,43,32.00946190233713,7.679306670441733,11.394578040338981,20.649359948607604,44.77549852465878,87.09066548396757
state,Plateau,deaths,43,5.351189390908913,0.9491043136284945,1.7725950595892463,3.6423118731670527,6.72677193500463,15.428372512617386
state,Plateau,cases,44,1476.2525750798757,362.9219541595345,494.31884857982743,956.0525047152713,2042.5079625677845,4217.528810429872
state,Plateau,hospitalizations,44,24.882826755085727,5.4584350919061935,8.432582247165255,16.835272230055846,34.701999264920644,68.48096325161855
state,Plateau,deaths,44,3.3759092043540857,0.9574721325576168,1.2714893561407261,2.355937681027223,3.981820467665354,9.81838072070423
state,Plateau,cases,45,1147.8666134372795,313.40901506563824,429.30617017115003,751.9257599348606,1642.2879478580376,2876.9661086327187
state,Plateau,hospitalizations,45,17.843846428511007,5.638800045102531,7.138572005271332,10.943530025805055,24.716827485433974,49.55282075623705
state,Plateau,deaths,45,1.823142693204918,0.4773284080386082,0.4773284080386082,1.0245271395417859,2.26033580364265,6.162104817612817
state,Plateau,cases,46,732.5783631071974,167.45855427176815,242.64105703787666,502.22763182978235,1044.2435223373573,1998.3073855673551
state,Plateau,hospitalizations,46,13.634817520837911,3.374236896597214,4.558107629397188,8.78327697643325,18.627187328026285,36.69936640758098
state,Plateau,deaths,46,1.6036104425171411,0.4126977152156116,0.4126977152156116,0.7209279214412168,1.8679796671146724,5.388209048483072
state,Plateau,cases,47,640.527671868775,213.85026105604834,272.5874420162829,408.2170756141363,883.1094291030877,1661.430289788769
state,Plateau,hospitalizations,47,7.023378210025553,1.6854672930415564,1.9818710172811551,4.458213511437318,9.387020539878238,21.09683323346595
state,Plateau,deaths,47,1.8787894983985238,0.4346144127916035,0.4346144127916035,1.1381593153192004,2.4028173453028936,5.692370233390408
state,Plateau,cases,48,470.5355216617033,137.8724991368987,182.76207413205452,291.02719407627086,651.6720824453887,1258.8920096448808
state,Plateau,hospitalizations,48,13.556856238200883,3.3738053621382935,4.625193572052014,8.259432644615757,18.695853227087223,35.415555435642815
state,Plateau,deaths,48,1.1988251296589534,0.3058619787883088,0.3058619787883088,0.5821812469383891,1.5813424844770065,3.889991363827336
state,Plateau,cases,49,410.92593355599917,107.47528010611657,149.6183115486694,270.5537897701528,590.8291012130177,1057.0753084469256
state,Plateau,hospitalizations,49,7.438275746131233,2.243122183458431,2.4190462981401573,4.353706213393029,10.205613313351833,21.354000301621483
state,Plateau,deaths,49,1.3990920308879944,0.4134724031122827,0.4134724031122827,0.6812001358749655,1.6632662230868707,4.677856307768668
state,Plateau,cases,50,425.4852474146809,107.90097337625102,148.4858051530478,280.5559593759332,593.2300455291422,1114.6436768831895
state,Plateau,hospitalizations,50,8.2331692045211,2.2364061768330705,2.629794278029201,5.020326948599811,11.33074834399839,23.45897322882519
state,Plateau,deaths,50,0.39179112746064293,0.0,0.0,0.0,0.3824793239339981,2.062761316974291
state,Plateau,cases,51,415.8309775915561,124.70572311188349,159.45712008904397,257.300772892145,565.6247094849709,1085.646445728501
state,Plateau,hospitalizations,51,6.8829723949540185,1.8577771573158905,1.9601290854562028,4.195070107801746,9.798986083510705,19.054238936878253
state,Plateau,deaths,51,0.6744437193403975,0.0,0.0,0.0,0.7336268042026859,3.2973941189513782
state,Plateau,cases,52,482.7220435446036,155.99790206392046,197.81393357423104,308.69938959626995,659.3044972007444,1200.562614650741
state,Plateau,hospitalizations,52,9.689059697515775,2.4938104906933747,3.0988960948017157,5.8818937592467355,13.972914784048148,27.143220593820114
state,Plateau,deaths,52,0.6840021687264101,0.0,0.0,0.0,0.7747094025706843,3.10456005103243
state,Enugu,cases,1,496.46620801302436,116.96885292254225,171.37473616841788,315.89419428783657,692.6360352992056,1345.1944268851116
state,Enugu,hospitalizations,1,12.300033733259962,3.135707522914177,4.144177233463995,7.583005476475946,16.89379359439603,35.6853812602057
state,Enugu,deaths,1,1.2475541159682393,0.4266848051460754,0.4266848051460754,0.49681594104719706,1.309716832785156,4.237619535650919
state,Enugu,cases,2,1559.0671822321258,460.53543230083267,616.5456406644284,992.1869060060175,2110.942229171955,4058.6283014402657
state,Enugu,hospitalizations,2,12.591615829380807,4.078010039951533,4.896501620875739,8.158083546885791,16.92087697986073,33.826544109135305
state,Enugu,deaths,2,0.506040708858785,0.0,0.0,0.0,0.5186797385733519,2.339346541427356
state,Enugu,cases,3,714.09199936295,177.62955280130362,250.37768292158137,471.8803547304769,995.5338808799734,1877.5803124946156
state,Enugu,hospitalizations,3,9.569357069064791,2.2606240289318573,3.0966700851948192,6.2022167110071615,13.18397083578809,26.48549536063463
state,Enugu,deaths,3,0.5147541344759127,0.0,0.0,0.0,0.5195788112934945,2.592931427870663
state,Enugu,cases,4,650.3589795415094,171.15734859116526,239.74479424574383,430.32396285160576,928.0439186130131,1686.819519469749
state,Enugu,hospitalizations,4,8.097253765257731,2.2588667910972573,2.562590151889899,4.711270141750298,10.56461364853631,24.828807128189883
state,Enugu,deaths,4,0.5511921602802562,0.0,0.0,0.0,0.6183240962297282,2.6677000198054053
state,Enugu,cases,5,601.9921988519528,161.20790871146448,217.61795033796352,379.1337402230617,827.5396933897434,1618.7183458939235
state,Enugu,hospitalizations,5,6.800303136767834,2.0269328603984427,2.167805585541563,4.239157195609638,9.843578419328804,18.969708865926897
state,Enugu,deaths,5,0.42497048011816024,0.0,0.0,0.0,0.46360767010738,2.0133331390204248
state,Enugu,cases,6,673.5561272058172,186.51505494135526,252.6273107970024,435.368845723232,915.4313213200352,1701.676832340989
state,Enugu,hospitalizations,6,10.383491467290353,2.5969014983781205,3.3318611023881832,6.579768424364027,13.868142597241457,30.089153242417353
state,Enugu,deaths,6,0.600738040014559,0.0,0.0,0.0,0.653749036546224,2.9989947335029083
state,Enugu,cases,7,646.0470059227129,200.63550976646218,267.5303816999847,414.34543249992544,903.4673651429878,1564.2607347678493
state,Enugu,hospitalizations,7,16.027784839600947,4.137058891357059,5.720788121653232,9.954625265185978,22.925067181053535,42.43210586798242
state,Enugu,deaths,7,1.2353332714687757,0.3876902392563907,0.3876902392563907,0.502041848303549,1.2586176940953664,4.300873038384176
state,Enugu,cases,8,728.4531495458065,191.1989784125973,264.2912609644088,459.35690663664093,964.533464127162,2186.785520597144
state,Enugu,hospitalizations,8,13.900647215379195,3.8515377684222685,4.863170449294957,8.886234466528592,19.550018784197775,38.567716676344745
state,Enugu,deaths,8,1.7491675964820808,0.6188083737598167,0.6188083737598167,0.9289418378805787,2.102751474711897,5.486087779942159
state,Enugu,cases,9,1832.6386474333788,491.07956220288077,654.2857891772696,1183.5296920096107,2599.254688511991,4952.690100612509
state,Enugu,hospitalizations,9,28.448206284647483,7.291405785841909,10.577425485785376,18.00868739993038,37.80925243869618,75.10420988668209
state,Enugu,deaths,9,1.5008570227408564,0.4418330815624003,0.4418330815624003,0.7606156756109769,1.8307488023420166,5.148471594255628
state,Enugu,cases,10,2900.0442932852834,781.6146108271846,1053.8244456633252,1893.24651123007,4127.3564516964525,7651.269648083283
state,Enugu,hospitalizations,10,68.22778208774639,16.23223342278497,23.891083441563396,45.75512918862403,92.73449551968963,182.38815678401113
state,Enugu,deaths,10,3.1447703459857865,0.7726371063849218,1.0568904594486823,2.2346481726279754,4.213681403482469,8.801002059321496
state,Enugu,cases,11,6746.424225326417,1747.1442081349894,2417.6661574555565,4396.026287658037,9195.52269054245,17871.79350785377
state,Enugu,hospitalizations,11,190.7433718354449,50.1654522430013,69.85180694253755,127.74709060090495,256.5213682269312,518.8346480301084
state,Enugu,deaths,11,12.188177410145682,2.96235063278958,5.641602866961305,9.254163861024054,15.605501968328406,28.973580554768755
state,Enugu,cases,12,17547.13555976029,4530.976817632843,6271.502582473197,11379.630364212897,25184.45900749936,45827.02010479156
state,Enugu,hospitalizations,12,533.263937213858,144.04559138543198,205.36344782715813,354.5405875793699,711.6291876620965,1384.579923901959
state,Enugu,deaths,12,19.068737906493983,4.448648140002423,8.231691367313704,14.131058695809914,23.28544291571429,51.821047431214225
state,Enugu,cases,13,36918.11658867821,11317.964958354263,14704.98317285275,23065.32977549939,49964.147168603806,97267.32999698554
state,Enugu,hospitalizations,13,1315.946200854281,410.6868732155817,544.9048305002016,869.6015044598337,1827.2425366998104,3251.4071110807954
state,Enugu,deaths,13,55.489192740611074,14.687040504841882,26.37941917029583,42.72098107944292,70.29341754065234,134.23341096304642
state,Enugu,cases,14,70634.78527185642,17439.673695101843,24482.1930814121,47093.30587769653,97911.53116276575,189201.27085043624
state,Enugu,hospitalizations,14,2124.642600288797,638.6731972929522,864.9885329536346,1390.378218829679,2863.810813967051,5629.645829966691
state,Enugu,deaths,14,106.06497475163533,26.25419535891722,48.1565051434108,78.64831338525211,130.09437564771676,264.2609572818102
state,Enugu,cases,15,81851.65274510096,18786.72981844094,26941.093796069996,54738.44753065011,117180.57822000007,220945.7143529064
state,Enugu,hospitalizations,15,2277.94765562355,554.2599088866441,796.2175045149634,1500.546438368067,3235.5145415797306,6098.785754904794
state,Enugu,deaths,15,198.7213991232408,56.447909483128356,94.38174157909779,146.13687757732035,237.44261178646295,502.1619252947922
state,Enugu,cases,16,112838.54119077092,32801.3996596061,42997.57861135151,73049.7955621479,159632.10676128027,283731.33850844746
state,Enugu,hospitalizations,16,2160.7891126617865,639.0497077210302,854.1973764500674,1385.3012909319534,2808.955616699468,5951.958311095923
state,Enugu,deaths,16,103.78026997685366,29.83481238676175,48.05120265628423,76.62519982520463,120.79394169068013,269.13109537930364
state,Enugu,cases,17,115833.20179760191,28715.95234135609,41388.84915163621,75829.52360975405,162868.05583406973,315065.2955465115
state,Enugu,hospitalizations,17,835.9630197406707,225.10883916678938,318.3829388494567,538.8031205939417,1134.5479855860203,2229.1555097684245
state,Enugu,deaths,17,54.005836502560676,16.32332435018845,25.369493336591947,40.556311401762514,60.55954571867552,134.40533236392798
state,Enugu,cases,18,106090.0307424681,25423.738642366734,34592.662122735404,66304.21114690896,151007.3352007468,278493.0646947188
state,Enugu,hospitalizations,18,478.66758011683254,102.14900260334646,151.26441897228986,312.5292803602767,666.4528476075252,1357.6221668746193
state,Enugu,deaths,18,15.908104200478908,3.100312925724446,6.192538207372587,11.115776772173765,19.494418166349377,43.17818200572768
state,Enugu,cases,19,25775.921960534044,7954.852464016759,10519.490680837374,16685.31905199261,35887.25981572908,65713.82991690376
state,Enugu,hospitalizations,19,105.2273534692789,27.698714097171482,38.70723699519226,70.3822511662755,139.3967977731422,282.17700382838336
state,Enugu,deaths,19,7.485451236899843,1.7511612765055475,3.059535374271187,5.394488030567297,9.570997885389566,19.757365047030127
state,Enugu,cases,20,4521.164309713757,1209.2497327766107,1658.5870963973307,2768.0116258907624,6221.216361734426,12452.803134763983
state,Enugu,hospitalizations,20,34.08099136745058,11.10167019375175,14.88077429887586,22.527652166976676,46.32304339240379,84.87487901911591
state,Enugu,deaths,20,3.9416666959245568,0.93878406678508,1.256640960199843,2.600222719462914,4.891756291516337,11.427982382108302
state,Enugu,cases,21,2558.8584703094775,827.5401526741177,1058.5763059868998,1621.3911538441694,3519.3891228142647,6519.599378054665
state,Enugu,hospitalizations,21,36.4248291601633,8.614751625975165,12.600736975356895,23.164149208316424,49.87141989342291,100.32604996445303
state,Enugu,deaths,21,2.0889090036036007,0.5428592423325803,0.5428592423325803,1.2127133139135666,2.6859726450155774,6.6227752551800645
state,Enugu,cases,22,2474.7514419949202,725.3758371719545,983.6583817759583,1589.1602153192907,3386.715318954952,6582.977952105992
state,Enugu,hospitalizations,22,54.727198582004846,15.62378193326774,21.024727673775196,34.171242971200655,75.42537838916446,150.32819095282431
state,Enugu,deaths,22,3.163201356639683,0.7681429136471725,0.9408843289597475,2.084840044455369,3.9104183200664835,8.945914438027778
state,Enugu,cases,23,6336.472891937915,1435.9269816270785,2016.0274021597297,4013.0791134561464,8672.319492179295,17400.354995839363
state,Enugu,hospitalizations,23,126.94074162640798,33.18860003796289,45.971286220984844,82.81843384115444,173.84606608498922,342.5063509313056
state,Enugu,deaths,23,6.034082035860474,1.6731477336925304,2.5208654764674394,4.3376132075127485,7.6102745049332725,15.11715516320723
state,Enugu,cases,24,8216.90384228513,2738.7423346325086,3511.562070653091,5189.269088418518,11052.268804533838,21062.848976095935
state,Enugu,hospitalizations,24,156.26584470972153,34.9904180043968,54.76767043914401,105.56188551382046,209.17754749920095,428.7600069916358
state,Enugu,deaths,24,6.519918890249191,1.3195717312160253,2.408940218163848,4.7016488061538615,8.106778672272887,18.53007618978989
state,Enugu,cases,25,11404.142377480492,3074.182402190513,4163.1398527168185,7226.346439851522,15643.90988284992,30096.726839536394
state,Enugu,hospitalizations,25,217.32404236288005,48.145778116061095,74.30505213341839,146.1357141993503,312.2306675065601,578.6886321557588
state,Enugu,deaths,25,16.79972635522034,4.762755146895103,7.574924590265088,12.292223139975754,19.51983498689344,45.368749174990995
state,Enugu,cases,26,13702.049891628081,2730.1836107315057,4104.657655821777,9372.361549419724,19804.976759427176,37256.65149546717
state,Enugu,hospitalizations,26,364.37727584948806,116.14129276284457,149.85804801157414,227.62180139087542,489.3486121657605,993.1559822556333
state,Enugu,deaths,26,18.975349345398325,4.937412097735024,8.921635051559148,14.167315110816833,22.960915400502593,46.3112663693038
state,Enugu,cases,27,22220.002446496517,5640.12168690066,7829.582600265905,14499.147241766106,30887.265923097948,58699.84133299296
state,Enugu,hospitalizations,27,386.0384469382342,119.76353739633085,162.83334945164745,264.4566070381607,510.0806044330925,1000.6881646637378
state,Enugu,deaths,27,25.438329883994644,6.604652380886947,11.264863627169628,18.738273834937008,30.882603736292694,66.1221103582389
state,Enugu,cases,28,23196.120942505986,7078.35077830451,9285.177194199463,14822.04102157727,31658.401829243667,63939.06229601672
state,Enugu,hospitalizations,28,459.7489583980994,110.02325064616983,165.29681451896988,310.91860152619626,615.6866902727843,1230.405140984477
state,Enugu,deaths,28,32.246453870846956,8.397039002427363,14.10815840057663,24.147184960415306,38.54044849678713,84.95906418009457
state,Enugu,cases,29,34342.45825786798,10748.712798121293,13947.666168975471,21954.24416660875,47950.869158319445,88487.54547357444
state,Enugu,hospitalizations,29,592.3174798520114,132.88006311873966,205.75577385494765,400.08956799024725,833.168088481385,1590.3203527655498
state,Enugu,deaths,29,48.39387132150937,12.194665898323649,21.767101952192455,36.16792721500774,61.97174266729232,120.00647158073315
state,Enugu,cases,30,22102.07101321639,3853.3191989637517,6618.907065121741,15167.911569391226,31198.65471856196,61839.482924267824
state,Enugu,hospitalizations,30,320.8979559023543,89.13520791398165,122.90549806826871,206.5005794737732,453.6554916313286,833.0052992672622
state,Enugu,deaths,30,32.593468275947316,9.012022534656262,15.21815299747542,24.88754175818999,41.43056657333994,77.90309839205743
state,Enugu,cases,31,16505.821268053907,4096.596797583762,5624.739705968799,10967.611936658706,23901.754535229018,44437.92304935291
state,Enugu,hospitalizations,31,232.63523356957762,63.07288221157983,88.6001366347798,150.73826912725116,318.35549445155533,610.1793547503742
state,Enugu,deaths,31,18.383703285626268,4.367832838962307,7.907500420422227,14.080948981040295,21.512161042131673,45.40575287681103
state,Enugu,cases,32,13996.515142936893,3419.6155626526597,4740.590684835424,9106.956479225159,19199.521291819052,37073.57835689441
state,Enugu,hospitalizations,32,185.500166243012,39.984994454196695,63.861595629579696,120.31157838674282,255.00841018542926,510.52555524845184
state,Enugu,deaths,32,12.570414952035808,3.2830954400353067,5.805844527558504,9.579991353381589,15.340591229662937,32.60545221062225
state,Enugu,cases,33,8972.84612633761,1820.552920082253,2760.1099157716944,6114.544042349154,12803.971540907638,24402.031569823186
state,Enugu,hospitalizations,33,149.7072953344536,41.4823701150483,57.2099115377319,98.65191136458515,201.7839697014877,398.1542581774363
state,Enugu,deaths,33,11.299615289443647,2.5006585153815077,4.883375709334652,8.174357021104258,13.606090008435086,30.584829441757655
state,Enugu,cases,34,5942.541499343854,1562.1753997424805,2110.9786538407197,3803.7450956979706,8034.928126472897,15774.364073096558
state,Enugu,hospitalizations,34,122.49500688782058,33.295267100336744,46.66922993638718,77.88641879919767,171.05126375610868,316.36677514675273
state,Enugu,deaths,34,8.424578796977173,1.9413883652008403,3.7800541512130286,6.44166867025846,10.140201141543736,23.035315838702733
state,Enugu,cases,35,4837.514050913522,1470.9067966430853,1890.095435108372,3018.631966073861,6602.010297822546,12916.054398174765
state,Enugu,hospitalizations,35,98.05773830413936,28.959496617470787,37.89038018574607,63.30191457893725,135.3606286339022,250.8859110660236
state,Enugu,deaths,35,7.338164327988255,1.52349738418869,2.99218730643073,5.271047507072873,8.84561095345472,19.58795538216152
state,Enugu,cases,36,3564.704973513299,710.5524576947512,1090.4145883089886,2462.946273468818,5076.889663085876,9420.260336722344
state,Enugu,hospitalizations,36,78.42926940446567,22.417664553944892,30.53476624530711,51.13415481020888,106.07850825343542,204.9281770367953
state,Enugu,deaths,36,5.6527176420735215,1.394926704534475,2.3156238393552666,4.101640581659777,6.91434599418785,14.229075696011712
state,Enugu,cases,37,3316.670193657474,925.0131359312396,1264.2534669315173,2182.8223816597874,4695.358139267179,8870.703522001711
state,Enugu,hospitalizations,37,68.52598404274518,18.693628018461435,26.532630072618637,43.8070043424595,92.14626476801388,178.40581376073345
state,Enugu,deaths,37,4.928077838471605,1.157736040315256,1.8002403840374999,3.4444098102842275,5.884760600838166,15.067146620365007
state,Enugu,cases,38,2875.098948119959,819.7753484468444,1091.9727013958113,1847.608825468627,3850.1161111765236,7779.471831403458
state,Enugu,hospitalizations,38,59.21778381717368,15.376182447803039,21.19083108037662,38.551566165487486,82.06817031991827,159.66094703447075
state,Enugu,deaths,38,4.172406459099276,0.889141990071622,1.449475726948754,3.066628922914164,5.258445508213528,10.99136902356098
state,Enugu,cases,39,2837.933366220854,802.2091238783502,1070.3740768968166,1903.4611513711627,3874.3067752250367,7445.935677452256
state,Enugu,hospitalizations,39,57.0318721145115,13.739479344775514,20.220127824281228,37.30559316628282,80.71910502636044,154.2419334331787
state,Enugu,deaths,39,4.8663605947586985,0.9691058376614734,1.6698594386686554,3.25198145664046,6.219171902890352,14.377892161198892
state,Enugu,cases,40,3135.2716772715244,625.3988725403351,975.0191277368049,2123.730136026113,4491.634653166363,8880.439894582385
state,Enugu,hospitalizations,40,61.98836077996726,16.187129937939723,22.463446732937765,40.65376145168654,84.49230353095967,172.12171178781747
state,Enugu,deaths,40,4.92791311867693,0.9617972236038517,1.687399187025231,3.2641299329126183,6.009355819864798,13.904663285950042
state,Enugu,cases,41,3140.8990708577803,782.5037165507398,1113.5822253254,2022.793322070742,4434.927770737588,8192.219483845942
state,Enugu,hospitalizations,41,60.90956458202739,14.314809941762645,21.705790965151458,38.122119735793916,83.66146976999275,160.62410313621635
state,Enugu,deaths,41,4.398427084313676,0.9630841865275013,1.4289275966337198,3.01708915069201,5.561051024389236,12.843245191398143
state,Enugu,cases,42,2706.8355584810597,795.39397468404,1068.7530231431574,1709.6987936251353,3744.1301670716957,7086.599251095183
state,Enugu,hospitalizations,42,46.29813724060815,9.430211511001312,15.336184447885842,31.00686423006365,64.06148603624447,128.02773833003988
state,Enugu,deaths,42,3.509810116493665,0.9258645561132064,1.1954900547446767,2.411120687054853,4.441970961773809,9.719454047099797
state,Enugu,cases,43,1987.969591886641,596.3869606479506,757.458007568293,1207.821718481074,2739.2816617997255,5291.621665084879
state,Enugu,hospitalizations,43,36.56187298961959,8.877385144991445,13.105507002191292,23.637805123674266,51.0942796815625,99.2505688187036
state,Enugu,deaths,43,2.849370000671747,0.5645293320164089,0.6491456360133865,1.7612573066406492,3.595900931516259,8.77163208247185
state,Enugu,cases,44,1345.1433782110257,330.62313408117404,450.35828453898034,871.112131368651,1861.1424382918321,3843.125723487432
state,Enugu,hospitalizations,44,22.231934372623204,4.897443469485758,7.464340076526984,15.004504976142579,31.03723596272082,61.34883369112593
state,Enugu,deaths,44,2.106299912362726,0.6642114580423624,0.6642114580423624,1.3280596734028303,2.4559567051777016,6.504858040057826
state,Enugu,cases,45,958.9186074925533,261.6998298975194,358.5359938525137,628.0960487219355,1372.0250841720535,2403.6422683866276
state,Enugu,hospitalizations,45,16.958692871580578,5.372704710745468,6.754512272418662,10.37991408088775,23.503248753504497,47.16722991523767
state,Enugu,deaths,45,1.6137625754090146,0.43725118787642214,0.43725118787642214,0.8545447573300516,1.986593043721527,5.560763588458682
state,Enugu,cases,46,670.3163358557262,153.1607346736192,221.96216723445343,459.51648588762686,955.5291000682228,1828.6173603640461
state,Enugu,hospitalizations,46,10.570841032932702,2.6614739894888793,3.384030920098776,6.716689136735112,14.481203650237767,28.735873973511612
state,Enugu,deaths,46,1.2886783286406365,0.3529936748866286,0.3529936748866286,0.47196519100467893,1.453075568072933,4.464041366911715
state,Enugu,cases,47,576.7862477847317,192.50299545073494,245.40412018882523,367.5577552091886,795.2653710393092,1496.2531996051048
state,Enugu,hospitalizations,47,10.130642748525544,2.3525236622190997,3.162004302783166,6.618407365193347,13.497885364433984,29.842083531641865
state,Enugu,deaths,47,1.1221393929356522,0.30407319964677554,0.30407319964677554,0.49593967716716486,1.3807437755082834,3.6822433177420244
state,Enugu,cases,48,353.8672282638648,103.51237836148302,137.29528192797716,218.7732221197717,490.1866067828638,947.1669245169418
state,Enugu,hospitalizations,48,5.521302739886837,1.4875344258166185,1.4875344258166185,3.082548737686059,7.684039704814078,15.055873570436198
state,Enugu,deaths,48,1.0267027544172225,0.2761905284771379,0.2761905284771379,0.42869498350094964,1.3309283088815347,3.4156168229031807
state,Enugu,cases,49,414.3540937184888,108.37804102399434,150.87179828822758,272.81373460059035,595.7544646885967,1065.880900243536
state,Enugu,hospitalizations,49,8.372873259001302,2.497495689029699,2.806771406911298,4.9608247320997485,11.476347097544824,23.888978316727897
state,Enugu,deaths,49,0.6601794642121831,0.0,0.0,0.0,0.7720109953306331,3.14640047451019
state,Enugu,cases,50,277.79528896092404,70.18904704114442,96.71953073602555,183.05437357733425,387.45080400044185,728.3011966053991
state,Enugu,hospitalizations,50,10.576387663311102,2.814951014870778,3.5688002441396875,6.577749350439158,14.520638837712022,29.786362614449956
state,Enugu,deaths,50,0.4538603570256315,0.0,0.0,0.0,0.49010812897359557,2.30120346577216
state,Enugu,cases,51,312.83216030515797,93.64387429856794,119.80821086006765,193.4747245840876,425.61190319256457,817.1364147197809
state,Enugu,hospitalizations,51,7.3773185055025445,1.9777162683482281,2.1512366408766477,4.5304666800045466,10.496174541128617,20.34895158906439
state,Enugu,deaths,51,0.7090815381599953,0.0,0.0,0.0,0.7851954233116629,3.42522479158757
state,Enugu,cases,52,308.93761018265013,99.59403994247458,126.38703200596939,197.43521701661396,422.0801564377832,768.8831389628981
state,Enugu,hospitalizations,52,6.3819734736052345,1.707773555935312,1.8069439860615173,3.712754325421946,9.253524884467371,18.272614374004384
state,Enugu,deaths,52,0.6372048165712199,0.0,0.0,0.0,0.703440516511062,2.93972888364346
state,Adamawa,cases,1,2108.405220502903,499.22315124776185,729.9203368984438,1342.7259797962447,2940.223846808047,5707.266222193374
state,Adamawa,hospitalizations,1,31.941862133183882,8.229038010157941,11.781585478112458,20.325940607767834,43.46018128354106,90.15108502175711
state,Adamawa,deaths,1,3.8818271689061112,1.0142315470633672,1.3113335867369358,2.5579376843234,4.490206467024308,11.449843304717474
state,Adamawa,cases,2,722.8183971508644,213.13682733735817,285.5202863595148,459.8051259356193,978.8697495881399,1882.5301989831642
state,Adamawa,hospitalizations,2,7.258586951316728,2.4564781768203656,2.551886191883754,4.516571110425703,9.795030610330114,19.978527453350623
state,Adamawa,deaths,2,1.3465717268226358,0.4539708118655962,0.4539708118655962,0.586564400391872,1.5665302358736275,4.099168760412701
state,Adamawa,cases,3,1287.9120680728927,320.96946200653184,452.09376898422965,851.33955422475,1795.1948203223892,3385.032619265114
state,Adamawa,hospitalizations,3,19.249203497650736,4.351469839229921,6.885670544439778,12.863529889290614,26.302691868497845,51.906764923049785
state,Adamawa,deaths,3,1.0880230724957904,0.3993297900408195,0.3993297900408195,0.4429062550798553,1.1853203680549984,3.6221720868255525
state,Adamawa,cases,4,854.4800793825013,225.10754877858471,315.18874101842033,565.491089505817,1219.1851670246936,2215.743795434696
state,Adamawa,hospitalizations,4,17.232999037119246,4.563316167154547,6.19707124879538,10.537790309527837,22.36259430492008,51.178824183400344
state,Adamawa,deaths,4,1.466648754648617,0.5488759472096671,0.5488759472096671,0.690943728053211,1.7344077616964362,4.502071106296379
state,Adamawa,cases,5,820.7608116263079,220.05775658246296,296.9336459872062,517.0481795402843,1128.1380754193365,2206.36033577543
state,Adamawa,hospitalizations,5,11.084929478863499,3.1678395787566673,3.950879285519286,7.188139749393329,15.947140955299819,30.210128049971882
state,Adamawa,deaths,5,1.014634079573349,0.3710897897695201,0.3710897897695201,0.4590642661207355,1.1890862787986256,3.11405259250768
state,Adamawa,cases,6,750.5567944159407,207.91992217195366,281.5789003926295,485.18040463617643,1020.0420725205308,1896.0376080358972
state,Adamawa,hospitalizations,6,13.29997564025282,3.269782926902911,4.45428676565126,8.54375720424595,17.72061718535749,38.14464316317447
state,Adamawa,deaths,6,1.2341254918021818,0.4006443359754662,0.4006443359754662,0.5158075357568275,1.40251374052864,4.241442443218979
state,Adamawa,cases,7,1046.9637790154989,325.5708810401603,433.91448227241085,671.6976016506587,1463.8843581615356,2534.1118848200394
state,Adamawa,hospitalizations,7,17.371433178661906,4.465080292819733,6.253669667817354,10.823201620115745,24.822051070553698,45.87577457307486
state,Adamawa,deaths,7,2.3792777249964447,0.6264074673986225,0.6264074673986225,1.426912351281391,2.6493438480516858,7.564844091367302
state,Adamawa,cases,8,1424.8829724774832,374.6968501907609,517.572429211887,898.8728360338278,1886.3559278116,4275.5270438473335
state,Adamawa,hospitalizations,8,18.159736994950478,4.95898250586076,6.549026242275121,11.728854477372987,25.45883015388206,49.944746382488596
state,Adamawa,deaths,8,2.1387636625652813,0.7190651116207367,0.7190651116207367,1.2414609058019455,2.60544625784441,6.536936523868457
state,Adamawa,cases,9,1653.7157398854365,443.0633916572302,590.3442711259579,1067.94557903954,2345.5268725734704,4469.31861565081
state,Adamawa,hospitalizations,9,39.5275710053089,10.413944255734211,14.937477013284663,25.167347728652043,52.424793742261215,103.76500990417792
state,Adamawa,deaths,9,2.9410967404281982,0.7310603291556423,0.8082026457975324,1.9131278961214773,3.6837781903499813,9.173307194666952
state,Adamawa,cases,10,2596.6746812487972,699.7746018999644,943.5187589876148,1695.160314978801,3695.643672267919,6851.052264394644
state,Adamawa,hospitalizations,10,36.683572474149905,8.379044382742839,12.547551881713597,24.44756799784047,50.01718228298563,98.81327547898681
state,Adamawa,deaths,10,3.3716377107945252,0.8169052184843812,1.174739649815964,2.419976791619863,4.512398396120982,9.362548811688995
state,Adamawa,cases,11,5430.882011995722,1406.309331893029,1946.0999236112332,3538.7400846019264,7402.480870250365,14387.143136906181
state,Adamawa,hospitalizations,11,63.467688814045864,16.20272150861532,22.821618881153775,42.28702762428505,85.58319600275689,173.77751663602749
state,Adamawa,deaths,11,5.996728479812739,1.3961904278383273,2.5087427525089705,4.417249999903852,7.772646580990644,14.834970208992086
state,Adamawa,cases,12,12791.484763537797,3302.7837091490214,4571.616472119162,8295.410751891746,18359.04739756766,33407.34967550583
state,Adamawa,hospitalizations,12,223.90528278116642,60.05880909129035,85.8713502006132,148.66938776875045,298.9904313307627,582.2777076928901
state,Adamawa,deaths,12,14.386586021514548,3.1767373023167913,6.076681904682122,10.59892429359661,17.61634532511835,39.49071136263513
state,Adamawa,cases,13,31058.99061746629,9521.626159308658,12371.11887972147,19404.66439842988,42034.59417597427,81830.68223503663
state,Adamawa,hospitalizations,13,560.4969536394398,174.52799424452226,231.75354688299433,370.1921506520218,778.494723630379,1385.705610056417
state,Adamawa,deaths,13,45.33538423557855,11.867329378356944,21.45802862200539,34.86223061771679,57.47858209591273,109.92550193155542
state,Adamawa,cases,14,45515.2561275812,11237.413615543312,15775.469148401813,30345.60802920172,63091.833602005325,121917.0757572699
state,Adamawa,hospitalizations,14,1046.1386338440373,314.1171875408335,425.6051354063327,684.4237335230823,1410.2692705497673,2772.7808704294334
state,Adamawa,deaths,14,60.733379591351124,14.71469653312722,27.343510082937115,44.925005590565995,74.58866821689566,151.94876223181498
state,Adamawa,cases,15,95682.93094491314,21961.438384954938,31493.708550528092,63988.19695121197,136981.65923445608,258280.79600341985
state,Adamawa,hospitalizations,15,1494.887907666935,363.4693555230027,522.2889056673159,984.6062970171955,2123.4292091529524,4002.863681381707
state,Adamawa,deaths,15,113.92535155607979,32.05715472900521,53.885356457195925,83.6667280355022,136.20663437070985,288.5336273828905
state,Adamawa,cases,16,136064.60157627056,39553.204100172356,51848.089458692564,88086.03348930113,192489.81016946852,342132.71410758194
state,Adamawa,hospitalizations,16,2179.2272527718915,644.5087629634085,861.4914501210028,1397.1252090409457,2832.9220411117412,6002.7317555391
state,Adamawa,deaths,16,233.8581141421967,68.1142129017519,108.9450588818529,172.991802510969,271.9931452337029,604.4811621115675
state,Adamawa,cases,17,139145.31061635594,34495.356934607466,49718.726272909174,91090.72790641354,195646.12219003064,378473.6814370253
state,Adamawa,hospitalizations,17,2025.7172400873148,546.5256034818021,772.3900938138336,1306.1405366268789,2748.7447617777643,5399.351644119055
state,Adamawa,deaths,17,186.58306366393597,58.07668096823025,88.92628167946125,140.71696501610836,208.9327801901843,460.76458165628804
state,Adamawa,cases,18,89263.8813923766,21391.348282978382,29106.070830614593,55788.13473932393,127057.25399770561,234323.61235861634
state,Adamawa,hospitalizations,18,1127.1751109936968,241.60580094359338,357.1249492254888,736.4188820184062,1568.844871002685,3194.470733166784
state,Adamawa,deaths,18,99.7686511141826,23.445193631553796,41.88038312356544,71.23168440007332,121.1833624695678,262.3809255495379
state,Adamawa,cases,19,37957.25050853994,11714.52760645734,15491.129795302822,24570.72658592461,52846.87526170518,96768.50490562948
state,Adamawa,hospitalizations,19,512.7374366458707,137.7929128779196,191.03240487488569,344.21932005751796,677.9879315041206,1368.5025180677612
state,Adamawa,deaths,19,55.15267431259412,16.45383979130965,25.925341671884553,41.41218739735978,69.11337594957715,136.67564377971706
state,Adamawa,cases,20,8739.032717723207,2338.061904133443,3206.5007733060593,5350.6967868805905,12024.74052019657,24068.59132911536
state,Adamawa,hospitalizations,20,141.43176801359124,48.14385575127649,63.49047684058411,94.54379897554067,191.17486354804538,347.73059665373376
state,Adamawa,deaths,20,9.734302208540136,2.0650762966351532,3.964012409034156,6.919536412703391,11.960303326011655,26.33826951301111
state,Adamawa,cases,21,4236.664776233717,1370.5896645871742,1753.0536876125354,2684.7538905607676,5826.755384688417,10793.391418433825
state,Adamawa,hospitalizations,21,64.66071376730717,15.871089771080692,22.86533354061863,41.40104647466091,88.2645307119132,176.79771663377846
state,Adamawa,deaths,21,5.513615531351794,1.189476349708067,2.0907038910429936,3.8483473253125244,7.076453240582111,15.702508087025693
state,Adamawa,cases,22,5639.501497596411,1653.901185914227,2242.345992985811,3621.8600835225084,7717.227688720832,14999.268956350183
state,Adamawa,hospitalizations,22,54.00772432336531,15.40912346464155,20.740328231257237,33.71708607801085,74.43851783270077,148.37413032689062
state,Adamawa,deaths,22,8.112537146566844,1.7116760248722223,3.324931095382813,5.874042122694588,9.942033261289426,21.16278115249563
state,Adamawa,cases,23,7434.45806636112,1684.8786614934015,2365.483127137124,4708.529718245869,10174.996722966884,20415.189161775226
state,Adamawa,hospitalizations,23,92.33284381770557,23.94060318179805,33.26558002595664,60.14559518174955,126.550304700455,249.58807846744537
state,Adamawa,deaths,23,6.6947208001211855,1.8323749813408576,2.8559331503306913,4.84557400674711,8.429682309342393,16.650964882983068
state,Adamawa,cases,24,12462.275865382064,4154.094190916681,5326.152875112474,7870.563929925168,16762.391367064298,31944.440785643186
state,Adamawa,hospitalizations,24,129.41151630076286,28.84478284471091,45.244920350975825,87.36564032944514,173.28814700571826,355.37524639029994
state,Adamawa,deaths,24,12.259898413970513,2.7928092561353686,5.026902231195111,9.080341018654968,15.100506663764401,33.52857845276469
state,Adamawa,cases,25,25685.53815901699,6924.892505802637,9377.430683819577,16276.351388636733,35234.29662318709,67784.77446695665
state,Adamawa,hospitalizations,25,310.87369540271163,69.20424900809577,106.57250844736154,209.1818856798089,446.4468534544603,827.0793720046013
state,Adamawa,deaths,25,29.902530074877163,9.005596973134068,13.888232683534312,22.078653218022087,34.62761102988934,79.50784816760282
state,Adamawa,cases,26,36430.64287065339,7260.267141787347,10914.51549830134,24919.50770935353,52656.202426501695,99054.13474860862
state,Adamawa,hospitalizations,26,549.644337021901,175.53859108045933,226.35165901770665,343.54605848966264,737.9832491029084,1497.2496119189807
state,Adamawa,deaths,26,55.159700532629664,15.693196198692604,26.89494779900555,41.6433204878682,66.36676775955121,132.01691695152425
state,Adamawa,cases,27,37760.06547949071,9585.190627975726,13305.831814773574,24639.69795127154,52488.703598134496,99751.75951719383
state,Adamawa,hospitalizations,27,587.0582202262643,182.48562379604473,247.92500642867276,402.3292845118189,775.5253116650978,1520.944302933488
state,Adamawa,deaths,27,49.59533116918153,13.553374991729132,22.471836797857755,36.77404757267423,60.01521340451525,127.45468712479732
state,Adamawa,cases,28,46021.723776304796,14044.32080481017,18422.62976878517,29407.68067859408,62810.756205505866,126855.07979467642
state,Adamawa,hospitalizations,28,559.6611170057247,134.0983406176376,201.35782649809266,378.5573019948951,749.4135219599639,1497.4319969627018
state,Adamawa,deaths,28,57.02857664801314,15.401707514103272,25.369965592245677,42.89220608930603,68.01438538812536,149.03400842581974
state,Adamawa,cases,29,38199.61600065696,11956.026797797864,15514.25871510955,24420.065732864594,53336.404942644345,98425.80724554781
state,Adamawa,hospitalizations,29,514.4376959357863,115.3067558415316,178.61668637134343,347.44192158359846,723.6738755400357,1381.4411448821352
state,Adamawa,deaths,29,51.80935236253196,13.1070489533997,23.341398580423736,38.73801025042443,66.32610460422819,128.37381146455908
state,Adamawa,cases,30,39882.594115370426,6953.875294506904,11944.20373702443,27370.341830454057,56296.804254927876,111586.24140076335
state,Adamawa,hospitalizations,30,684.8185215851016,191.0372400658682,262.98640918124653,441.0896064525591,967.6646074749575,1775.8869632434676
state,Adamawa,deaths,30,65.25438204315991,18.746111374596865,30.98609015010535,50.056445488643384,82.68326083408904,154.61584717346352
state,Adamawa,cases,31,26886.246315231107,6673.397972089123,9162.523777439666,17865.296974323275,38933.16172409915,72383.63727258981
state,Adamawa,hospitalizations,31,333.9315541250565,90.85271283153966,127.44771978267185,216.52684097581235,456.8172154979418,875.1660131828125
state,Adamawa,deaths,31,48.69012472563804,12.761878493900054,21.8367652547675,37.66405562098389,56.715959902510306,117.9735879763508
state,Adamawa,cases,32,12972.411838359803,3169.3523076657198,4393.68063403672,8440.589039499586,17794.749294520894,34361.08275868413
state,Adamawa,hospitalizations,32,218.49877213652954,47.236718175342205,75.33795125392965,141.77597193740905,300.3055313800947,601.032875119213
state,Adamawa,deaths,32,28.129650357448305,8.196807906726452,13.613740375228486,21.717716542658966,34.08707212471319,71.15876763120198
state,Adamawa,cases,33,9260.249040819734,1878.8912970440008,2848.539227554656,6310.404898070365,13214.072860777229,25183.58078480053
state,Adamawa,hospitalizations,33,149.35387925927685,41.38274685210708,57.07340641084741,98.41822269463603,201.30843124449652,397.21822166372874
state,Adamawa,deaths,33,19.52200585613994,4.8426916822618615,8.819509720674613,14.312244602488693,23.377950670618723,51.715916006707545
state,Adamawa,cases,34,7286.925440487226,1915.7538015818811,2588.692183152243,4664.349536226406,9852.594029302913,19342.631599772776
state,Adamawa,hospitalizations,34,115.32595011550599,31.304379184622537,43.90196489208538,73.30695255851188,161.06344879338354,297.94319280111006
state,Adamawa,deaths,34,15.736650235172704,4.2298178660279175,7.499616665660989,12.232346130222155,18.808863307009197,41.73821270732271
state,Adamawa,cases,35,5916.336850645643,1799.0915646504106,2311.744902361458,3691.906400646468,8074.255284857771,15796.11481414069
state,Adamawa,hospitalizations,35,92.19898864605054,27.18754832176873,35.590216609260864,59.498791001684495,127.29560716195257,235.9881704089084
state,Adamawa,deaths,35,13.336251281620378,3.134077770610764,5.877305915578306,9.803078314435096,15.960947284113011,34.46668942895665
state,Adamawa,cases,36,4565.259747407658,910.2176609886895,1396.6710185919824,3154.342007230089,6501.771076845511,12063.913436468616
state,Adamawa,hospitalizations,36,83.93597755318521,24.041174944888237,32.721022716668216,54.748534965943286,113.50209528089927,219.2048584042779
state,Adamawa,deaths,36,10.060880782069042,2.5112955749802452,4.534846752193431,7.516285372633992,12.211598885772176,24.422244572643937
state,Adamawa,cases,37,4213.874134569742,1175.4366519523182,1606.418399104118,2773.397674774611,5965.403316916615,11269.895393985267
state,Adamawa,hospitalizations,37,64.96742685980684,17.68556545513574,25.123310590190922,41.513457231177476,87.37836408774129,169.22252440817527
state,Adamawa,deaths,37,8.37674751635941,1.843412291119078,3.4586998782702687,6.07663870325502,9.962302175149969,24.58301247590773
state,Adamawa,cases,38,3848.2529400634367,1097.4920825501558,1461.789862291423,2473.102277014406,5153.175944872126,10412.064575433866
state,Adamawa,hospitalizations,38,63.82167349452505,16.628269270115265,22.887493123588264,41.575591756034136,88.41937956802428,171.9447290015586
state,Adamawa,deaths,38,7.481544270425,1.4698932408115812,3.049373277584136,5.72278492459782,9.346206627548476,18.823641749716288
state,Adamawa,cases,39,3866.7394886678912,1093.285509849108,1458.631238145291,2593.6222223586806,5278.6861045008645,10144.643970359797
state,Adamawa,hospitalizations,39,58.00334301668115,13.986252405616074,20.57540196742672,37.94691761552855,82.08727232757883,156.84104336019857
state,Adamawa,deaths,39,8.038202053046836,1.5267435374282823,3.1331712213682676,5.582431695033865,10.175896797778904,22.806294970219973
state,Adamawa,cases,40,3805.5581119611506,759.2733292755169,1183.6146987329794,2577.8291217343753,5451.804043419492,10778.588172039314
state,Adamawa,hospitalizations,40,60.13476269855668,15.681283575258398,21.772877729929096,39.42782065770794,81.9761201463842,167.02644640463583
state,Adamawa,deaths,40,8.385361711201655,1.5327875831614668,3.2771804314758315,5.7866557355451675,10.15587133267056,22.72179557550907
state,Adamawa,cases,41,3849.9429385459375,959.3198691394714,1365.1140772653275,2479.5101713776617,5435.9998333390095,10041.21332503196
state,Adamawa,hospitalizations,41,58.26165952663688,13.659713292036566,20.734542373284214,36.4486566195973,80.04004414224353,153.71057245042002
state,Adamawa,deaths,41,7.43208505389649,1.5147718492282065,2.8203006535288164,5.318215631022137,9.319446142012735,20.77313095909175
state,Adamawa,cases,42,3328.338242807543,978.182398263652,1314.2828424733943,2102.3385493821265,4603.712812220504,8713.345729916427
state,Adamawa,hospitalizations,42,45.0831416636182,9.162234685549123,14.916469196308402,30.18453211723882,62.38990243807825,124.71271028132871
state,Adamawa,deaths,42,6.033608721896459,1.4612956008457374,2.465150423478018,4.383784940286308,7.589083763778918,15.918555677575466
state,Adamawa,cases,43,2740.750392956156,822.4846529502654,1044.5175125722228,1665.3338822166938,3776.417389233847,7294.761377754529
state,Adamawa,hospitalizations,43,33.66134510221683,8.114064049496715,12.015438031570966,21.7338035968,47.0684507752448,91.50323762817428
state,Adamawa,deaths,43,4.642890836169938,0.8410829587077293,1.457034935498732,3.113951806414106,5.847357141922518,13.558593782846888
state,Adamawa,cases,44,1806.6067088251552,444.30486994884075,605.0857085674972,1170.0756558523528,2499.492309160756,5160.90738655028
state,Adamawa,hospitalizations,44,23.616412252434063,5.190063461554574,7.97008049833958,15.96076677852248,32.951446058606294,65.07414779303893
state,Adamawa,deaths,44,3.029957040022551,0.8783845465390303,1.083863415149412,2.0787358690932507,3.5703200789144276,8.924778090677787
state,Adamawa,cases,45,1305.1020006153014,356.43944404485495,488.1984353659086,854.9721640996269,1867.1904854584495,3270.848314002242
state,Adamawa,hospitalizations,45,18.895049091997716,5.954720365942901,7.594544953154257,11.612680165469268,26.157642610143203,52.38510124587193
state,Adamawa,deaths,45,2.518902916236669,0.6084268511525451,0.6084268511525451,1.580564349073159,3.1557883698171874,8.129179844356088
state,Adamawa,cases,46,964.2088832179106,220.65006659744785,319.57176764794485,661.1239187937174,1374.2836556039058,2629.597282966475
state,Adamawa,hospitalizations,46,16.388879895610525,4.013570472711155,5.611230138582078,10.636963497899474,22.346048880438275,43.84245430603145
state,Adamawa,deaths,46,1.887809478527227,0.465015201247443,0.465015201247443,0.9390891061833018,2.231552036531493,6.198039162245209
state,Adamawa,cases,47,699.9716206680281,233.75828447851146,297.9380521434499,446.1351264750236,965.0310015326104,1815.4710667682937
state,Adamawa,hospitalizations,47,7.145114074038855,1.711681808683056,2.0282488406575974,4.54310654024953,9.54857259937851,21.44051108637817
state,Adamawa,deaths,47,1.644675748207189,0.39507867721077916,0.39507867721077916,0.9436565587788417,2.093271957864843,5.083582829731125
state,Adamawa,cases,48,786.4701358415444,230.91878604311347,305.8849298337934,486.68901519502,1088.970426007454,2103.03519226812
state,Adamawa,hospitalizations,48,9.195418211049766,2.3535429462201614,2.9240955631877776,5.4593152383053285,12.739689002989564,24.4032359394695
state,Adamawa,deaths,48,0.9576995997389312,0.26409075891932704,0.26409075891932704,0.36610456751500553,1.2288115000657,3.2221708480997995
state,Adamawa,cases,49,541.7355798096261,141.92228104012096,197.44809464321088,356.7873873298373,778.7681190455826,1393.0737138224495
state,Adamawa,hospitalizations,49,4.231248271478914,1.361987582908275,1.361987582908275,2.2506839970428714,5.803867530803046,12.572988160722945
state,Adamawa,deaths,49,1.4283733396368936,0.419559771824363,0.419559771824363,0.7059516913084999,1.7024762969789284,4.761448839167221
state,Adamawa,cases,50,660.67966575562,167.95674610286443,230.9229520563099,435.8260197057345,920.9309232644157,1729.8892621663717
state,Adamawa,hospitalizations,50,6.64699723227077,1.843455937620777,1.9920172299158818,3.962518693956855,9.164160466700451,19.161382084284472
state,Adamawa,deaths,50,0.5588272645097229,0.0,0.0,0.0,0.6598333756093429,2.677214817920748
state,Adamawa,cases,51,447.7421075892199,134.32931609638644,171.74115916837923,277.07538175131447,609.0035266466389,1168.836318495395
state,Adamawa,hospitalizations,51,9.008614354947966,2.3724118690695573,2.7801333430434685,5.634189647483995,12.79048216711467,24.609591705684334
state,Adamawa,deaths,51,0.529624759901152,0.0,0.0,0.0,0.5102216771053971,2.7436071810682763
state,Adamawa,cases,52,553.7084934781865,179.03742210082453,226.98997698616313,354.14792870550656,756.2045098360754,1376.8925246171132
state,Adamawa,hospitalizations,52,11.189336141804906,2.8491006221632222,3.6828608097782904,6.862348748753367,16.10608764620585,31.152750821589414
state,Adamawa,deaths,52,0.5697796950858044,0.0,0.0,0.0,0.5973886735562493,2.694451455519081
state,Kogi,cases,1,2197.4097252868964,520.3296287635809,760.7608800002979,1399.4233199918085,3064.3262095971236,5948.12151322199
state,Kogi,hospitalizations,1,32.32754711867236,8.337170834112875,11.93134203246281,20.57580783974532,43.981102852012896,91.21906461173286
state,Kogi,deaths,1,4.331777033812851,1.1111716661515532,1.5322505497317813,2.8980049045013847,5.014959685629146,12.639797705251578
state,Kogi,cases,2,2477.252988592556,732.174556498495,980.0053996387494,1576.7323220905844,3353.937018604277,6447.94404882257
state,Kogi,hospitalizations,2,32.951998958002676,10.747361949338758,13.777418477173473,21.95137722715474,43.91210477612239,86.27995844050977
state,Kogi,deaths,2,1.3003063989384398,0.4428909812595956,0.4428909812595956,0.547841944360806,1.50389026097789,3.974715988075634
state,Kogi,cases,3,1390.7627006404034,346.6614883712972,488.2490521154526,919.3532414931105,1938.5248255731403,3655.2260679976807
state,Kogi,hospitalizations,3,12.116718758977195,2.8120398969992753,4.09593792553574,7.9589956043051195,16.643752953894023,33.189811553676485
state,Kogi,deaths,3,2.691561028567974,0.7712346105928969,0.7842207313382352,1.7867173236557543,3.2205584083905707,7.9269049752383065
state,Kogi,cases,4,1353.1244337469386,356.90167864190727,499.48962004793555,895.6888233720824,1930.409729091962,3507.844927075044
state,Kogi,hospitalizations,4,11.321011087374453,3.073994511213032,3.8481754726632,6.772221512569656,14.737784547548078,34.14931099795747
state,Kogi,deaths,4,2.0739111612358574,0.7076633067281694,0.7076633067281694,1.1801261945776116,2.52545971165703,6.093795697787929
state,Kogi,cases,5,874.3643374237041,234.47737235147483,316.3678823886495,550.8405051944185,1201.7918455897334,2350.3466332829994
state,Kogi,hospitalizations,5,12.4387319913786,3.526959505085575,4.51213226568971,8.116382506157876,17.86834178004031,33.748242467502074
state,Kogi,deaths,5,1.5582669574395513,0.49755969633767105,0.49755969633767105,0.9563232220403406,1.935141666960166,4.516149500951488
state,Kogi,cases,6,989.542816578981,274.3539448851523,371.43559233368535,639.7799263501842,1344.7211722050997,2499.2727530132147
state,Kogi,hospitalizations,6,18.22791712487136,4.403530381262413,6.345477671636269,11.852909731257194,24.21170621249399,51.717452285429026
state,Kogi,deaths,6,2.1310873244211663,0.5941736903502357,0.5941736903502357,1.248011207218173,2.563036656568297,6.773296461718818
state,Kogi,cases,7,1009.2473193992435,313.8175192415614,418.26180912128154,647.4870588488416,1411.1628301436608,2442.872619741308
state,Kogi,hospitalizations,7,20.144696834582003,5.141509055247645,7.352550421283947,12.614334839532072,28.733913098453456,52.977130002965914
state,Kogi,deaths,7,1.8054949830381755,0.509163373810972,0.509163373810972,0.9726694604290241,1.9662996094008534,5.961770318345243
state,Kogi,cases,8,989.0968926753668,259.87434322571625,359.08351365449397,623.8488241724427,1309.5319830363624,2968.51167752463
state,Kogi,hospitalizations,8,16.289450208739268,4.472973540631134,5.8091780116827865,10.481353122852127,22.865711777465727,44.95186660443394
state,Kogi,deaths,8,1.4003665620379055,0.5262804127207117,0.5262804127207117,0.6405148178361004,1.638809356699126,4.5162488074145495
state,Kogi,cases,9,1931.8381098730765,517.7009622897602,689.7366115744458,1247.6124974498705,2739.927916395657,5220.68368580524
state,Kogi,hospitalizations,9,21.39605593162138,5.412992393460714,7.800146602284382,13.448742169989925,28.499400484581994,56.847766316968055
state,Kogi,deaths,9,2.326020750999865,0.6090985044084443,0.6090985044084443,1.4271346343296722,2.902389689258718,7.476107853254972
state,Kogi,cases,10,2325.5725532393417,626.639390935546,844.9455822327432,1518.1432796451531,3309.849418168808,6135.9488823127995
state,Kogi,hospitalizations,10,30.34230150512243,6.7996616716935,10.2662140027297,20.162328767285945,41.42615185642566,82.0052345750782
state,Kogi,deaths,10,2.8748001807041836,0.7197833848011772,0.9161849267043092,2.0133758670078583,3.857029538009254,8.130545735383295
state,Kogi,cases,11,3630.73808375384,939.9222963553049,1300.8244744338676,2365.658341151204,4948.942463671553,9618.86421454044
state,Kogi,hospitalizations,11,52.75721398557786,13.3445386868556,18.863725251443952,35.0950121807514,71.19764640560749,144.73873370689975
state,Kogi,deaths,11,7.778280398321369,1.7561348096206668,3.413312942723275,5.813842229228006,10.034275644784277,18.917299129726832
state,Kogi,cases,12,5094.86314462058,1315.0562590026827,1820.4934928961316,3303.8602022729424,7312.691639752846,13307.155607052355
state,Kogi,hospitalizations,12,123.03544379906366,32.6739821751964,46.90961929534207,81.54278737015815,164.44496343284467,320.6781235066946
state,Kogi,deaths,12,12.140394909419895,2.5662225517443,5.042281516244627,8.903506588469119,14.895189408409962,33.572173815552674
state,Kogi,cases,13,14050.454269169079,4307.009865420684,5596.1125294985995,8778.069163789187,19015.78711096905,37019.427818422584
state,Kogi,hospitalizations,13,206.48312398624037,63.860719825522835,85.00658064686857,136.1621101722091,287.03718228803933,511.4124185516172
state,Kogi,deaths,13,45.622704523453486,11.947118179985836,21.597288225766768,35.08460810729434,57.84120093072998,110.61333797032883
state,Kogi,cases,14,34221.763164960874,8448.93855462446,11861.011799294243,22816.007983526797,47437.24043250583,91666.76416042929
state,Kogi,hospitalizations,14,377.30230125498554,112.84314679908131,153.12066677261708,246.62468630795095,508.85265511552103,1001.0905088836597
state,Kogi,deaths,14,48.42775563107502,11.582207311467789,21.693656161060098,35.77054405108698,59.52120013248986,121.4607188803364
state,Kogi,cases,15,54251.86530813623,12451.720114761787,17856.524916012484,36280.925806001425,77668.27725069977,146444.98473054278
state,Kogi,hospitalizations,15,900.787540087831,218.71828361598503,314.46174855639754,593.1671655521593,1279.7000984457004,2412.7065094078807
state,Kogi,deaths,15,141.3319415524888,39.94039262072149,66.97403046046942,103.85745419111623,168.9267080713355,357.5795716276975
state,Kogi,cases,16,111312.15312942579,32357.679393682294,42415.93394712685,72061.63253843169,157472.738991928,279893.27208645944
state,Kogi,hospitalizations,16,1710.883309911358,505.84426419937114,676.2159721085128,1096.7879519121568,2224.1551243574404,4713.044454047343
state,Kogi,deaths,16,174.66784436917192,50.695658206519596,81.23608353221758,129.14140472278046,203.191869316167,451.8843763510828
state,Kogi,cases,17,148028.58841735325,36697.648324261085,52892.896962130966,96906.13990534586,208136.4838078213,402635.98743677826
state,Kogi,hospitalizations,17,2182.090508762943,588.7704547153942,832.0617315435295,1406.994190154765,2960.9038967167617,5816.020837968873
state,Kogi,deaths,17,157.89790126258845,49.04268741568715,75.17477371418963,119.04563671433742,176.82990386702937,390.1516395426471
state,Kogi,cases,18,157651.0050008383,37780.33736226301,51405.42103110097,98529.00207612976,224398.42990116126,413843.1051301846
state,Kogi,hospitalizations,18,1966.9418162918798,422.19148499150776,623.6982903367592,1285.3228765692368,2737.3722053719166,5573.046455427362
state,Kogi,deaths,18,110.6480577617679,26.08439936821969,46.50992931722151,79.03012030984843,134.3747912639208,290.8166360665315
state,Kogi,cases,19,77043.71433946163,23778.269741963177,31443.724100770443,49872.785811440306,107265.5204121967,196414.2394364956
state,Kogi,hospitalizations,19,1265.209073589713,341.08300407959166,472.30242285505074,849.8623360002781,1672.5021012709715,3374.413958544531
state,Kogi,deaths,19,63.89266834740895,19.170477200446303,30.116189721036903,48.013516174558106,80.02631099784779,158.10444160821413
state,Kogi,cases,20,31804.45133075378,8510.972661232367,11671.268632572826,19474.113788409573,43761.31956841276,87589.54345608175
state,Kogi,hospitalizations,20,422.2564511360418,145.03802417478948,190.6427124390681,282.9221182635595,570.075202374355,1035.3030439117283
state,Kogi,deaths,20,11.109397128888231,2.4311442387483644,4.602680858230132,7.938461754196736,13.627772329769407,29.855603628010552
state,Kogi,cases,21,6000.944541544228,1941.6277290210653,2483.324153006328,3802.9219132639882,8253.042371816091,15287.452974503884
state,Kogi,hospitalizations,21,119.20006501080407,29.884955886627903,42.68892487817364,76.62121283721189,162.41155969685678,324.4842875882387
state,Kogi,deaths,21,3.120686055470892,0.7404460072485362,0.9239553239305389,2.0180838985683547,4.027571633674128,9.397268871390228
state,Kogi,cases,22,3883.2132632182693,1138.613053623485,1543.83324996123,2493.8067460311227,5313.995904148413,10328.621161686562
state,Kogi,hospitalizations,22,59.84881629126491,17.151827611357287,23.049224269562526,37.404157480722034,82.4503423602219,164.23816577605155
state,Kogi,deaths,22,3.3580750535961146,0.8060015103116247,1.036542514014871,2.236879089459213,4.152432590237208,9.436107547250936
state,Kogi,cases,23,6306.568326850996,1429.146569753147,2006.5096766785346,3994.1379215711136,8631.39279289456,17318.24340941575
state,Kogi,hospitalizations,23,72.36477428437068,18.604663102876444,25.9345992772057,47.06374509169525,99.26143851030078,195.97578363047677
state,Kogi,deaths,23,8.18152503875567,2.189633203377742,3.607724588004752,5.985285800294577,10.26818783933121,20.092374199058508
state,Kogi,cases,24,7258.4582066445655,2419.209016428331,3101.8955849963404,4583.933366430853,9763.137482412938,18606.19402997073
state,Kogi,hospitalizations,24,111.86746351171303,24.82981192375494,39.02366515145951,75.47795201285047,149.84144123686494,307.43265425784807
state,Kogi,deaths,24,12.536733399505163,2.872101685569065,5.152900584288606,9.291080519355226,15.437103682562046,34.250432541784015
state,Kogi,cases,25,10529.234692295284,2838.2799795837454,3843.7016695932557,6671.924519068897,14443.762489901786,27787.87951023783
state,Kogi,hospitalizations,25,162.67085904565863,35.84308716377386,55.453895044086345,109.30314608813154,233.81945403444155,433.57484286699554
state,Kogi,deaths,25,23.713622572223624,7.001692505442322,10.906441984720718,17.4564985963557,27.49217182444473,63.38386905266413
state,Kogi,cases,26,19443.387956600407,3874.501740690399,5824.856353742003,13299.635980005443,28103.33436464393,52866.955364614296
state,Kogi,hospitalizations,26,331.3268158447485,105.54519424423621,136.21207654110557,206.94165458778505,444.99378151274556,903.2288994790147
state,Kogi,deaths,26,29.575810117777166,8.088509952674514,14.187236026163376,22.21689855292257,35.67743025210145,71.42025788223165
state,Kogi,cases,27,24453.00353502948,6207.001191897173,8616.482269276927,15956.275229250632,33991.24521454743,64598.72203875701
state,Kogi,hospitalizations,27,441.9513710923264,137.20945926904471,186.5012866146517,302.8053944853571,583.9130913561692,1145.3955311281168
state,Kogi,deaths,27,42.767494124834116,11.589397869876942,19.3043137659123,31.676442015568057,51.78121384912008,110.11973445222769
state,Kogi,cases,28,41002.70564735606,12512.605296426063,16413.43682618533,26200.510625127507,55960.806501554325,113020.76248326483
state,Kogi,hospitalizations,28,493.7927263098544,118.22652427037421,177.58413509725398,333.9656085441524,661.2523680138836,1321.3910674003894
state,Kogi,deaths,28,63.67184983342922,17.279420703320543,28.388872748661484,47.91710817385211,75.91534457652554,166.21031986839694
state,Kogi,cases,29,53919.43863771421,16876.427571562614,21898.896993334805,34469.506347171584,75285.12287967576,138929.1319198207
state,Kogi,hospitalizations,29,698.5069516655609,156.84135479093106,242.76005430448836,471.8748951062332,982.4639911432289,1875.1281891847186
state,Kogi,deaths,29,71.41782307716701,18.34509191165647,32.37952497025121,53.49300298171488,91.3247438869003,176.4111851465622
state,Kogi,cases,30,28496.945202376362,4968.453215748087,8534.182675468925,19556.59045544953,40225.35813688488,79731.20972825462
state,Kogi,hospitalizations,30,507.368212766177,141.34906967982855,194.6819403475065,326.7022944719378,717.0300323965357,1316.1310213433944
state,Kogi,deaths,30,44.48047412502557,12.554763922742552,20.956925724323305,34.04781534977359,56.44456836957969,105.82285899529141
state,Kogi,cases,31,26439.77027197466,6562.5662877001905,9010.358926101948,17568.618263263834,38286.64068322055,71181.65451603987
state,Kogi,hospitalizations,31,593.6491492374008,162.07850624318402,227.05055644811148,385.20473147259446,811.8246334187967,1554.5756628870804
state,Kogi,deaths,31,29.22995595017125,7.3722388772238805,12.893078185565068,22.521840406063003,34.1123433872981,71.37931210190017
state,Kogi,cases,32,15443.192201171269,3773.144457531286,5230.645554806453,10048.28581885019,21183.94162466872,40905.32573526365
state,Kogi,hospitalizations,32,314.4253365593199,68.3173948850634,108.69958388442595,204.17271492037847,431.98373707364516,864.1366037534649
state,Kogi,deaths,32,16.211657129638805,4.433488664074277,7.633820938072825,12.421662881303629,19.72949773211526,41.63151409859797
state,Kogi,cases,33,10180.003259961237,2065.5872755629593,3131.532991743576,6937.203859865339,14526.489681271916,27684.7147389826
state,Kogi,hospitalizations,33,209.29785556280905,58.28015173116716,80.22645650112267,138.05486934922408,281.9659564661254,555.9822240336407
state,Kogi,deaths,33,11.000226501320453,2.4152926872332814,4.739905777169685,7.9506343753812185,13.249911031222942,29.814612892394457
state,Kogi,cases,34,6462.615906033574,1698.957067484312,2295.781947543443,4136.669590036773,8738.091476646861,17154.746983106645
state,Kogi,hospitalizations,34,148.80649029018798,40.60211596678482,56.8254960388233,94.69372746061363,207.70800061339165,383.98400799829545
state,Kogi,deaths,34,8.784953858461206,2.0542039731900785,3.963760432171773,6.727665697131778,10.56833958016917,23.959037274635918
state,Kogi,cases,35,5077.369845249539,1543.8724572121125,1983.8411994029925,3168.3217708783627,6929.336055963951,13556.381223839524
state,Kogi,hospitalizations,35,116.31317034903584,34.48075688408732,45.05752032881361,75.15216729062746,160.49064101095186,297.3061727361864
state,Kogi,deaths,35,7.540821317801345,1.56080480675864,3.089948037998193,5.424612995094497,9.086710394853156,20.09211348526362
state,Kogi,cases,36,3705.885728909962,738.725712136134,1133.6281287373145,2560.503923002108,5277.943957757097,9793.286333266458
state,Kogi,hospitalizations,36,96.63587536875528,27.78541115836749,37.763097407220194,63.08423342766853,130.622813163089,252.13059000576834
state,Kogi,deaths,36,6.549240861918976,1.5855061170491136,2.768615126546039,4.79864327130147,7.995629623719669,16.30972143162794
state,Kogi,cases,37,3245.1550613109544,905.0521548495932,1236.9798791853682,2135.7482791934663,4594.124244916133,8679.466595339143
state,Kogi,hospitalizations,37,82.28922440708192,22.592319238578288,31.983186111872485,52.67731885565769,110.5861644298389,213.9222696565798
state,Kogi,deaths,37,5.253964904763967,1.2228982539686566,1.9578495935908675,3.694559733527656,6.2722636460937755,15.971472653604543
state,Kogi,cases,38,3138.0190121951573,894.8069489229164,1191.8873628407082,2016.600351702417,4202.167870513051,8490.727664164382
state,Kogi,hospitalizations,38,71.85145562286507,18.812047790189457,25.846660219483823,46.849828343394094,99.49659409129298,193.36900943241832
state,Kogi,deaths,38,5.161344989588973,1.0636864606324332,1.9303240601574787,3.8649351554880607,6.487019875370367,13.345354304751181
state,Kogi,cases,39,3271.6428749233246,924.9169826282543,1234.0500300052313,2194.4094772924805,4466.345115241313,8583.618883559408
state,Kogi,hospitalizations,39,78.44236498719059,19.177990620160998,28.049841597609387,51.43943028984448,110.87147769193916,211.52245099014687
state,Kogi,deaths,39,5.520188877911563,1.079154486881178,1.9730403848705305,3.7348232656833793,7.038958643949543,16.12415783664867
state,Kogi,cases,40,3109.6747211043926,620.2864632424556,967.0532620842805,2106.388964802656,4454.967621695392,8807.953244484404
state,Kogi,hospitalizations,40,73.39258471714123,19.299171100644788,26.711928725888413,48.19592938124865,99.97223349271073,203.4685332284562
state,Kogi,deaths,40,4.644287165986904,0.914856790862836,1.5562408953490054,3.056019429573009,5.667264797614426,13.177242445744136
state,Kogi,cases,41,3319.4047114445916,827.018142275706,1176.9067337298238,2137.774266787378,4686.953093784061,8657.71371502536
state,Kogi,hospitalizations,41,72.44651210997105,17.16901917207383,25.937451586516815,45.413278795805816,99.43976211499157,190.74586166710057
state,Kogi,deaths,41,4.602767038810969,1.0004972624600255,1.5232845115106168,3.1731416158087424,5.8159291582081565,13.381015814925604
state,Kogi,cases,42,2644.5953050171074,777.0886670791339,1044.164491872962,1670.3779692190067,3658.0474468252733,6923.689072721373
state,Kogi,hospitalizations,42,55.24943680694479,11.404407509397615,18.428243504604247,37.0650178176067,76.37610930605966,152.4496826429252
state,Kogi,deaths,42,3.4254463631834815,0.9077519852710811,1.1525399613566305,2.344389365840128,4.335510374299,9.509750727607718
state,Kogi,cases,43,2166.722440553663,650.0753736875205,825.6222117874959,1316.4610494142798,2985.5564943536365,5767.2806210638555
state,Kogi,hospitalizations,43,41.40498718400589,10.151837368476214,14.925502324681895,26.81675431525995,57.81586333922413,112.18562789164
state,Kogi,deaths,43,2.7251663787296323,0.5451309494899521,0.5924776188264699,1.6663748577573165,3.4379763751343786,8.435858817393614
state,Kogi,cases,44,1507.2837558653796,370.56650197880435,504.7235207367986,976.1563581767776,2085.4339090800995,4306.143264297534
state,Kogi,hospitalizations,44,27.8556169444021,6.200528525552874,9.517958021348417,18.88751751106379,38.81010922639965,76.47590591992983
state,Kogi,deaths,44,2.2352158137687113,0.6945157119598194,0.6945157119598194,1.4342760155383976,2.613632680581854,6.847262737999481
state,Kogi,cases,45,1056.594074929492,288.43056360823556,395.1201854556765,692.1090287204746,1511.7357490683871,2648.3240109322896
state,Kogi,hospitalizations,45,24.450431248551006,7.623273766735022,10.002795270308411,15.146839469331843,33.76739993708969,67.34397198393158
state,Kogi,deaths,45,1.4797213046181676,0.4112802011868034,0.4112802011868034,0.7443921527325925,1.8092012599221394,5.171080247271848
state,Kogi,cases,46,886.3027822978911,202.75975004783174,293.6970612328656,607.6810902661474,1263.2786813128205,2417.2706239706854
state,Kogi,hospitalizations,46,19.354930201122123,4.701204687654738,6.743914384956945,12.630693099413094,26.345864531635897,51.525191178978986
state,Kogi,deaths,46,1.4680692536978464,0.38719447624007475,0.38719447624007475,0.6145807466882389,1.6907488075030725,4.993440635713854
state,Kogi,cases,47,593.6836014136933,198.16198881537562,252.61020647147242,378.33622345128185,818.5521446662933,1540.0403559848598
state,Kogi,hospitalizations,47,11.29831220004754,2.602390703848503,3.604060516323783,7.427576233859647,15.037739685166418,33.117893375130976
state,Kogi,deaths,47,0.572539250203777,0.0,0.0,0.0,0.7003683417180367,2.5848256097993407
state,Kogi,cases,48,494.57760034256313,144.95316092689703,192.1315108804709,305.91672085506036,684.9497313988652,1323.1298484370134
state,Kogi,hospitalizations,48,7.2443325779069765,1.8948459747506732,2.1593035913727396,4.200418160461136,10.061873522832013,19.452237526768553
state,Kogi,deaths,48,1.031624631625707,0.2770481607731542,0.2770481607731542,0.43313139544368695,1.3381663536052915,3.4293282836655585
state,Kogi,cases,49,475.9771595011521,124.60566540313118,173.40391235182426,313.4374868030303,684.2905840858629,1224.1662593919004
state,Kogi,hospitalizations,49,11.754026138337231,3.413876143831689,4.203550960331821,7.147968959411189,16.054165060448884,33.02123562937256
state,Kogi,deaths,49,0.9960962403313072,0.32791044124317204,0.32791044124317204,0.3333007819221593,1.1121429043071953,3.5029084243142425
state,Kogi,cases,50,463.82943331875964,117.6919783256298,161.9256873941237,305.86992771166524,646.6557325222586,1214.9483153400608
state,Kogi,hospitalizations,50,9.05786614007429,2.4403350633569563,2.9607806225927256,5.569296354898021,12.45513970270887,25.68928864636491
state,Kogi,deaths,50,0.8588513519281605,0.28979601504199437,0.28979601504199437,0.29647198985237183,0.9656568800777527,3.0025183257502315
state,Kogi,cases,51,391.67310994331365,117.42031875179973,150.1576628060788,242.3306861653336,532.7853921745028,1022.6687343117044
state,Kogi,hospitalizations,51,6.3224018396233275,1.7215820088964682,1.7431196241509328,3.8142153095849243,9.007303665287852,17.584046434138667
state,Kogi,deaths,51,0.5926963694769513,0.0,0.0,0.0,0.6090894061260224,2.988685069929551
state,Kogi,cases,52,578.6309697090078,187.1263164042658,237.23332975452425,370.1043561185593,790.2249216742484,1438.7998040208802
state,Kogi,hospitalizations,52,9.304885121638897,2.4027060990670726,2.9491543897082755,5.630483017928258,13.425921218432865,26.115086739955416
state,Kogi,deaths,52,0.9891221734884902,0.2996854851366057,0.2996854851366057,0.3012957132896248,1.0825439923519689,3.4230928411575485
state,Abia,cases,1,1661.4781446710872,393.2391193142305,575.0576838335455,1058.0260477810957,2317.0564437676144,4497.8358548284
state,Abia,hospitalizations,1,21.66533811925261,5.358038671547998,7.7899462398143,13.665932624458305,29.57544026630697,61.684957074692164
state,Abia,deaths,1,1.8099370975678362,0.5578801611891692,0.5578801611891692,0.9570509856240401,2.019899427949836,5.848062071945923
state,Abia,cases,2,542.1557289000174,159.6889863460016,214.00577436940617,344.7896967576776,734.2975140720187,1412.4073162009756
state,Abia,hospitalizations,2,9.397836264976464,3.1086326597742557,3.4948534548688874,5.981129849089037,12.660933378195848,25.547980849506047
state,Abia,deaths,2,0.5084649044396384,0.0,0.0,0.0,0.5226811965955893,2.348145141071398
state,Abia,cases,3,944.9652428205633,235.30155062726152,331.53700373717925,624.5536070690184,1317.272915156858,2484.0951808299183
state,Abia,hospitalizations,3,15.10678397571688,3.4580493994589228,5.266626978473253,10.017144316580234,20.697049665448084,41.044231817965226
state,Abia,deaths,3,0.5439537018049553,0.0,0.0,0.0,0.5660489142785057,2.702806540783767
state,Abia,cases,4,792.3670704039396,208.69077818873996,292.23153303296596,524.3604226711807,1130.5923709310446,2054.794837548509
state,Abia,hospitalizations,4,12.521362657023227,3.376774458931637,4.325707332524694,7.5377638109209375,16.28791274886126,37.611420805729004
state,Abia,deaths,4,0.562429883984914,0.0,0.0,0.0,0.6367821081044904,2.709532462810088
state,Abia,cases,5,647.208574457027,173.3713392506577,234.011381920185,407.6387026600761,889.6691240048511,1740.1756271685535
state,Abia,hospitalizations,5,10.16784132630799,2.924310840547005,3.5702787672619563,6.558673738921681,14.644323766960596,27.810838908457093
state,Abia,deaths,5,1.3542539558984936,0.45109727349273504,0.45109727349273504,0.7736405863026593,1.6610563778101723,4.001048152358419
state,Abia,cases,6,669.0316272148781,185.25732140345465,250.92613765644208,432.44195682712314,909.2844740262683,1690.2563426266486
state,Abia,hospitalizations,6,13.207671191027401,3.24851030001045,4.418802144829628,8.4816672151865,17.598824175398278,37.8899750682384
state,Abia,deaths,6,1.9952428183374387,0.565561620442314,0.565561620442314,1.1397596052719399,2.391460810047513,6.398978134620559
state,Abia,cases,7,850.7910066673645,264.43869652706036,352.50100078559467,545.7724923002918,1189.6664591613112,2059.5535683817993
state,Abia,hospitalizations,7,11.846682399179441,3.114694053022845,4.059922844674149,7.247478960923428,17.012618728411486,31.699008017478054
state,Abia,deaths,7,1.4422313716923425,0.4326444158960854,0.4326444158960854,0.6762093865381047,1.5205131160091376,4.9155296863544296
state,Abia,cases,8,1317.8877032638384,346.50534611589666,478.65984119360525,831.3482647976664,1744.7326954033324,3954.625419248475
state,Abia,hospitalizations,8,15.891363413339493,4.369483237212435,5.651635407851163,10.215711328294692,22.313535528105525,43.8886873626275
state,Abia,deaths,8,0.6730943431296872,0.0,0.0,0.0,0.8061784607301321,3.2663431712546593
state,Abia,cases,9,2089.139398244461,559.9147044706889,745.9512310870336,1349.2290547405246,2962.9944476171695,5645.64300704862
state,Abia,hospitalizations,9,29.647967468243543,7.629623307384529,11.049684141890832,18.784077159669433,39.392333705222924,78.20860230356097
state,Abia,deaths,9,1.446204158179486,0.43033463557349205,0.43033463557349205,0.7147966885363776,1.7570802302722284,4.988461238555496
state,Abia,cases,10,4883.330017108173,1316.645526591328,1774.9503757518896,3188.239514894105,6949.688545161152,12882.708955306
state,Abia,hospitalizations,10,39.68758600268376,9.127142215988314,13.628141096872717,26.477334539470174,54.08645010673271,106.77465108057318
state,Abia,deaths,10,5.244394351754759,1.1779853398578268,2.1359959117946676,3.931640087520424,6.948932570334007,13.942897055277125
state,Abia,cases,11,9273.05507916128,2401.7517955233307,3323.3564378466313,6042.530481335337,12639.239463337013,24564.414278852968
state,Abia,hospitalizations,11,170.83374342902056,44.852699412728484,62.494926051967546,114.37866640070833,229.7816968681094,464.8577382887591
state,Abia,deaths,11,8.944282849882836,1.990982002885782,4.003503486137791,6.725054577003952,11.509884835317298,21.580831435113137
state,Abia,cases,12,34612.409961402445,8938.250041127489,12371.408603279928,22447.106984025777,49676.905366294064,90394.01901524031
state,Abia,hospitalizations,12,441.1136111339961,119.02799687527929,169.76969409673333,293.21662614764404,588.7142622049382,1145.5938480999412
state,Abia,deaths,12,33.959843384687105,8.492357489596097,15.082982868503032,25.360560389686963,41.308862680392615,91.02214059500169
state,Abia,cases,13,90903.07203710284,27869.11448359567,36208.79799206213,56794.05625512687,123025.6527816131,239497.88550925467
state,Abia,hospitalizations,13,1257.3817179924959,392.37919381666933,520.628490229615,830.8859313754449,1745.9407503107477,3106.7728500966464
state,Abia,deaths,13,107.82388619130029,29.220377168710144,51.745218177461,83.22650135944961,136.34355865657713,259.5210768629708
state,Abia,cases,14,170258.18536322264,42037.67606320725,59012.83403735701,113514.2405133346,236005.54722622148,456048.64084262727
state,Abia,hospitalizations,14,2113.611494593199,635.3535881314589,860.4944514759254,1383.1576069580608,2848.943765817719,5600.42537245591
state,Abia,deaths,14,167.483456703269,41.888732327155644,76.35543696924442,124.33905874318201,205.29747136933594,416.4295386043129
state,Abia,cases,15,185704.40116335722,42624.165903265886,61124.59787354517,124190.5896702364,265857.848338949,501277.7838704221
state,Abia,hospitalizations,15,2251.5584265178395,547.8302390727417,786.9860702949561,1483.1591794386306,3198.0371017048165,6028.152871615562
state,Abia,deaths,15,209.92521161174693,59.6705767012189,99.73239079430755,154.39084532317693,250.81857612204587,530.387903517987
state,Abia,cases,16,196121.33051261742,57011.66594811732,74733.2762740512,126965.94899908909,277451.5365364774,493143.9284785184
state,Abia,hospitalizations,16,1557.8362752858866,460.531005285328,615.671018061627,998.6427163607773,2025.2201903038963,4291.5960290247485
state,Abia,deaths,16,146.30919561346096,42.35025487707991,67.9604370056144,108.13224167213042,170.22849163311156,378.7737339224141
state,Abia,cases,17,61111.001380771326,15149.537612396502,21835.525648308758,40005.79412149099,85925.72812135401,166222.20169405735
state,Abia,hospitalizations,17,865.6116196930764,233.11852461291113,329.69676844793185,557.9251204888818,1174.7736671959817,2308.1565970103256
state,Abia,deaths,17,58.02596166509892,17.58940694336494,27.29671907164432,43.59347225142478,65.0586515313205,144.30148917908224
state,Abia,cases,18,37415.32302329432,8965.829968264457,12199.537853996331,23383.608303248195,53256.81651416539,98218.64978342512
state,Abia,hospitalizations,18,514.2372020947416,109.79798948944308,162.55554651151425,335.7789608550572,715.9476362102827,1458.3704327356716
state,Abia,deaths,18,36.41449485895534,8.076262026486079,14.92106812045135,25.81892007528523,44.365491055856054,96.7907693879078
state,Abia,cases,19,5163.688241921819,1593.0420558467927,2106.8953725258166,3342.286523531718,7189.6053708474365,13165.684909523388
state,Abia,hospitalizations,19,101.57735233017084,26.71261837206331,37.342885389603225,67.92953734483633,134.572725111412,272.44696393953564
state,Abia,deaths,19,8.299465203831211,1.920336426515127,3.451716560050933,6.012242937736322,10.592234579579369,21.762680258569286
state,Abia,cases,20,2763.914661272643,738.9636547410544,1013.6948187246039,1692.0125305739678,3803.3503211980797,7613.42984323844
state,Abia,hospitalizations,20,30.67227208433867,9.924781983505946,13.33636796960972,20.239586469699994,41.72087435707294,76.52354147183563
state,Abia,deaths,20,2.524178755313207,0.6563328121909795,0.6563328121909795,1.517026423414907,3.119108016817348,7.688784690011665
state,Abia,cases,21,3751.9355356955525,1213.6991006676205,1552.4146194568766,2377.541425113939,5160.142145834525,9558.66488138588
state,Abia,hospitalizations,21,36.26312821772765,8.573186070182404,12.541939596749152,23.059685116972723,49.651497536185445,99.88800707505793
state,Abia,deaths,21,4.530701031033157,1.0062164089359613,1.6145261073017148,3.101373378417798,5.832132289702331,13.129190304351695
state,Abia,cases,22,2988.3466124820875,876.062661221416,1187.925975396885,1919.0392948729066,4089.497592363893,7948.82559797099
state,Abia,hospitalizations,22,48.41025534338069,13.739079614880009,18.527699291469958,30.1837434097594,66.76073827225669,133.17152988309223
state,Abia,deaths,22,2.5605643642262694,0.6504080467103579,0.6504080467103579,1.6120201749979326,3.157788259636512,7.421483382137039
state,Abia,cases,23,5069.683448085585,1148.7014639877998,1612.846344885732,3210.7099144993927,6938.620624634061,13922.020146391887
state,Abia,hospitalizations,23,54.16517621651094,13.741084686065149,19.25259025605306,35.139959815079564,74.38830675494788,147.10949274485998
state,Abia,deaths,23,4.889706632191764,1.3962428325913034,1.938164447192338,3.4542415675912443,6.185279471780328,12.449776086852953
state,Abia,cases,24,10194.286025917558,3397.9758550309843,4356.750550673203,6438.145422416001,13711.89311073742,26131.20709799804
state,Abia,hospitalizations,24,104.97071803011093,23.25148604370798,36.578026495268396,70.80478090068071,140.62430287014035,288.5859339679871
state,Abia,deaths,24,9.027605401307222,1.8663360405245135,3.5547049459572353,6.6180062880328165,11.167620200356803,25.094248923048177
state,Abia,cases,25,19083.229288622508,5144.703939971794,6966.8568762149935,12092.521680077938,26177.633946181515,50361.53832360573
state,Abia,hospitalizations,25,233.7221522830604,51.83707048559533,79.9611425440944,157.18693690717708,335.7571232306017,622.2284906463295
state,Abia,deaths,25,13.937765071857509,3.8355606549219337,6.195268046387328,10.153580118138516,16.218310370443817,37.90828144057733
state,Abia,cases,26,19865.614874032795,3958.656673061017,5951.3624374066,13588.453840575941,28713.60847004433,54014.96135350828
state,Abia,hospitalizations,26,296.7901623256612,94.47261664202406,121.95248110614531,185.33157518919967,398.64442910006176,809.2580288952773
state,Abia,deaths,26,14.377640438813934,3.5700227270278306,6.636676876816103,10.674273845817021,17.442703005651282,35.41545491421523
state,Abia,cases,27,30628.212412053817,7774.666953205579,10792.598459438177,19985.86112129627,42575.0836072333,80911.66549669034
state,Abia,hospitalizations,27,350.3405735467902,108.6251052783322,147.7224419635486,239.97264059003462,462.94190063195117,908.2990556159215
state,Abia,deaths,27,27.324070106008843,7.147123344253172,12.139766522679771,20.14628565272056,33.156920285845885,70.91020507256445
state,Abia,cases,28,35447.48336082472,10817.249768674037,14189.592814087739,22650.704248666963,48379.04602981425,97708.46317037161
state,Abia,hospitalizations,28,339.6383108732814,81.08108098444326,121.94561923329343,229.6058942015785,454.9253117856251,909.3954758443518
state,Abia,deaths,28,32.909409255622855,8.584427558823979,14.409433726960202,24.64865086749026,39.32893384426455,86.67319401841402
state,Abia,cases,29,23895.102052471626,7478.62631281657,9704.450970224705,15275.410175495963,33363.80416183641,61569.13359674922
state,Abia,hospitalizations,29,345.6514520692643,77.2207163267996,119.79905221804499,233.34044314408658,486.37073988455535,928.7442427132659
state,Abia,deaths,29,30.796506751833164,7.4938259968819425,13.655907464831099,22.92617659755653,39.53691310246525,76.89571346660377
state,Abia,cases,30,30250.425575750523,5274.223986880338,9059.353006112615,20759.970234959415,42700.48850100201,84637.13764310612
state,Abia,hospitalizations,30,511.7312334767059,142.57076671662446,196.3613615563329,329.51476752151956,723.1924552692826,1327.435170147923
state,Abia,deaths,30,30.5416346985926,8.400493095982114,14.227556146085274,23.306343371426365,38.838928323485405,73.08373574057275
state,Abia,cases,31,28593.06144111981,7097.09191535877,9744.228605312448,18999.45796507226,41404.72074376882,76978.64831724398
state,Abia,hospitalizations,31,319.0414110633061,86.76919183201973,121.73728462072981,206.856191131065,436.4639112155055,836.2140627874063
state,Abia,deaths,31,24.00388920461819,5.92469080391866,10.490984927750377,18.45494799416378,28.041469662255963,58.86503302831929
state,Abia,cases,32,15182.448503535383,3709.4257231067,5142.319885913447,9878.624116323064,20826.27707727999,40214.70582520439
state,Abia,hospitalizations,32,174.55130506950874,37.57888928273486,60.05376735603903,113.18974221226824,239.97893005768933,480.49543568374986
state,Abia,deaths,32,11.993228929141475,3.100568408972724,5.515808824903569,9.129117811701967,14.644225798466039,31.173332962896634
state,Abia,cases,33,13008.134351404626,2639.6544453659526,4001.704007576844,8864.533569308183,18562.009973246022,35375.39400141582
state,Abia,hospitalizations,33,138.43737046156735,38.305529083190926,52.8569614802597,91.19991939547678,186.6197396030729,368.30541448098955
state,Abia,deaths,33,10.15701236499716,2.1747237251448577,4.335593965048632,7.320162840754773,12.246165050842329,27.644069949357487
state,Abia,cases,34,10733.973976949801,2822.3414773828304,3813.5667682065514,6870.970120130248,14513.154452837407,28491.797235502738
state,Abia,hospitalizations,34,112.97886138735139,30.652579270854613,42.99598565387103,71.80767393151227,157.79352240523787,291.911467313501
state,Abia,deaths,34,7.650251142796615,1.7584522667970228,3.3850827562563772,5.826770561886342,9.219696761095117,21.049300215296668
state,Abia,cases,35,8668.081945728958,2636.1899517714955,3387.242985685495,5409.222370831927,11829.499355377164,23142.262972249446
state,Abia,hospitalizations,35,86.0781317205926,25.3363154265257,33.18713380624818,55.52549929336453,118.8697218887036,220.4238406617336
state,Abia,deaths,35,6.392102424640629,1.3492150592152252,2.535496213478957,4.553663446624532,7.7193103863775585,17.232771338072176
state,Abia,cases,36,6535.433476831829,1303.3746859447197,1999.7148390340299,4515.75644133505,9307.47847256116,17269.48141008241
state,Abia,hospitalizations,36,70.35964857720441,20.03852661876522,27.330964325674827,45.83754014815441,95.19977436255802,184.00672533600627
state,Abia,deaths,36,5.2585002902012095,1.310935239604334,2.1159831682580084,3.7944600935325066,6.4378066091040465,13.312101081444474
state,Abia,cases,37,5725.743999606865,1597.4229474917086,2182.9972862835834,3768.570508933034,8105.54441947519,15312.750899062314
state,Abia,hospitalizations,37,62.181107946148984,16.896237812693325,24.01979294656088,39.717576499126174,83.64502853866263,162.03187533714217
state,Abia,deaths,37,4.990459082558637,1.1702136482698209,1.8304202354663677,3.492309850769317,5.958961749154235,15.240311788845753
state,Abia,cases,38,5259.4845507566815,1500.2265287218033,1998.0849111258226,3380.1695432547285,7042.824698471151,14229.75235066229
state,Abia,hospitalizations,38,57.231829003238204,14.836076575051827,20.45895121607104,37.24710871757027,79.32848377993932,154.36215891387732
state,Abia,deaths,38,3.655956080295432,0.7975116673689466,1.1970455708894212,2.6475434172474666,4.613482849900065,9.75560125469512
state,Abia,cases,39,5111.21809157861,1445.3813287305106,1928.2802021807452,3428.4643434018785,6977.470732159263,13409.092589729331
state,Abia,hospitalizations,39,52.93129527860371,12.697850722910578,18.720516339752194,34.598563882127216,74.9440734423028,143.2710953597859
state,Abia,deaths,39,4.095125173641407,0.8386215336424232,1.3103788358853463,2.6794775881151707,5.247153589993161,12.307350969561814
state,Abia,cases,40,5620.845768724147,1121.8357149811986,1748.538805335436,3807.632144805403,8052.16047661395,15919.204124335856
state,Abia,hospitalizations,40,58.43234207303888,15.216690034221827,21.1386260635985,38.30185788206072,79.66513674355645,162.34671049757952
state,Abia,deaths,40,4.457220608968036,0.8838669283510994,1.4696507812623723,2.9186258115523662,5.441417843784043,12.697002479689123
state,Abia,cases,41,5798.916944612602,1445.3406937349341,2056.5085924271657,3734.9039601063128,8187.6820875994745,15123.608220567248
state,Abia,hospitalizations,41,54.315618709761374,12.683446894433024,19.28712638610702,33.95475620252938,74.64316697416427,143.40759242424167
state,Abia,deaths,41,4.088421589194295,0.9062099355774447,1.2854890067337505,2.7798628109376686,5.173592827403689,12.025742202570632
state,Abia,cases,42,4815.760741616754,1415.644086862503,1901.9015070590913,3042.030720257946,6660.924467494106,12606.586054500938
state,Abia,hospitalizations,42,41.63666538502976,8.4020847935896,13.725894218035581,27.85188389042348,57.648245806377815,115.30921724114332
state,Abia,deaths,42,3.2313954449038,0.8659923440257982,1.0535158908936566,2.1905362183195347,4.090058970494386,9.026266882809313
state,Abia,cases,43,3563.5221617898874,1069.6041304402634,1358.2668222744092,2165.383952150589,4909.982426717892,9484.146125974348
state,Abia,hospitalizations,43,32.36045466308666,7.771684119581758,11.526498658656664,20.879783036937624,45.26270608021409,88.02825085563893
state,Abia,deaths,43,2.796305402400364,0.5562482504812569,0.624954316447426,1.72075241947358,3.528483654533632,8.628291998233133
state,Abia,cases,44,2271.9368878779123,558.939205977078,761.1096765645702,1471.544355853073,3143.1912555416648,6489.731448062179
state,Abia,hospitalizations,44,22.841015032795756,5.026180674005742,7.686838914205852,15.425209215648811,31.879386407965434,62.987773395991915
state,Abia,deaths,44,2.1890087978161317,0.6836686789453768,0.6836686789453768,1.3962571891070972,2.557194514657959,6.724703209789683
state,Abia,cases,45,1547.3810405816002,422.7436724347345,578.9436659969257,1013.7531123396839,2213.73569944466,3877.76895883578
state,Abia,hospitalizations,45,18.359730287421414,5.7938587381211075,7.362370744024445,11.271959503888414,25.424002350047054,50.94294884238413
state,Abia,deaths,45,1.703340338459744,0.4544530429052721,0.4544530429052721,0.927504216205488,2.104088300436049,5.818869929290672
state,Abia,cases,46,995.4398700915694,227.82193420124813,329.94441634767566,682.5480724418285,1418.7833142192794,2714.714764418062
state,Abia,hospitalizations,46,10.430628844778177,2.6288173636711805,3.3302383007095537,6.6220043753265445,14.291247303938658,28.37101100150799
state,Abia,deaths,46,1.1877246775138972,0.3335005879374777,0.3335005879374777,0.39068003635256515,1.3176113409684644,4.162304987376941
state,Abia,cases,47,740.6328692639247,247.37590419902176,315.2785465295051,472.07208597166044,1021.0675450195297,1920.83907231284
state,Abia,hospitalizations,47,7.614443128297267,1.8126854604144804,2.206941042506256,4.870196540073916,10.171027279732336,22.764690355530767
state,Abia,deaths,47,1.1458414707991869,0.3083112730701746,0.3083112730701746,0.5167895981604486,1.4139258084353055,3.747502903229536
state,Abia,cases,48,612.6038684685615,179.7132204886841,238.12751931790058,379.01170166725194,848.3148368093523,1638.4832954395333
state,Abia,hospitalizations,48,5.837860567012922,1.5625695849496741,1.6052944499359039,3.288483261878707,8.122085567726312,15.865774173386297
state,Abia,deaths,48,1.0013514389944638,0.2717609740730956,0.2717609740730956,0.4057815179628885,1.2935447902900643,3.3447989890972942
state,Abia,cases,49,484.45200038272577,126.83740335307625,176.50268841869394,319.0243532069575,696.4666988999193,1245.9347841419712
state,Abia,hospitalizations,49,5.774482783337547,1.7880915495431233,1.7880915495431233,3.26767516700545,7.932488217008287,16.819358808260176
state,Abia,deaths,49,0.5294190981831723,0.0,0.0,0.0,0.5645922244855845,2.6610528710695256
state,Abia,cases,50,428.999224814446,108.79825074182537,149.71747669169486,282.8758081491645,598.1261373937698,1123.8358979284028
state,Abia,hospitalizations,50,6.376312611363232,1.776234096920371,1.8829129646618616,3.7815598577242437,8.793523142638492,18.426194881210368
state,Abia,deaths,50,0.38705679038445473,0.0,0.0,0.0,0.3738818928210501,2.0437144647124015
state,Abia,cases,51,344.9226629550691,103.32156155669607,132.16129859641174,213.36048663772195,469.2345529444982,900.7938982581957
state,Abia,hospitalizations,51,6.503009778340873,1.7654884448885806,1.8130788857917377,3.936994843322053,9.262525336729015,18.058005409673022
state,Abia,deaths,51,0.4704853336171327,0.0,0.0,0.0,0.4133416164474482,2.503456416263623
state,Abia,cases,52,324.9154675484241,104.77984885769672,132.95406924433874,207.66491967183356,443.89072144107064,808.57203949812
state,Abia,hospitalizations,52,2.6910665423170737,0.8137512737981342,0.8137512737981342,1.2456196385529708,3.8857876424292437,8.183368861615259
state,Abia,deaths,52,0.47952797978382145,0.0,0.0,0.0,0.4487072193248042,2.3505799707093367
state,FCT,cases,1,2233.120014941796,528.7979464910236,773.1346888311484,1422.1713645538189,3114.1184232924943,6044.757208554722
state,FCT,hospitalizations,1,55.59384959530451,14.858436321413874,20.962848042044843,35.64478039317913,75.3967981221357,155.62669021996805
state,FCT,deaths,1,2.047003783531038,0.6114485483206844,0.6114485483206844,1.1449695963352633,2.3098741445804274,6.505622002717964
state,FCT,cases,2,2174.0951955791575,642.4873528656279,860.0017384880736,1383.7327167506457,2943.5369073401575,5659.062665805151
state,FCT,hospitalizations,2,49.67533125406949,16.535069061894493,21.057978180227796,33.259094635830515,66.0394648909815,129.281173388019
state,FCT,deaths,2,1.2946339388145829,0.44152982823372733,0.44152982823372733,0.543084905190262,1.4961949636036258,3.9594270117665045
state,FCT,cases,3,927.440813468819,230.9239586796678,325.3766069646118,612.9649466229716,1292.8513196031972,2438.0576807638877
state,FCT,hospitalizations,3,15.025969458964477,3.440604682879295,5.235013916043661,9.961566463889737,20.58759521922559,40.832132561087285
state,FCT,deaths,3,1.2958008530136456,0.4501836783775036,0.4501836783775036,0.6266576190054802,1.463616755523588,4.210796900296988
state,FCT,cases,4,990.2783370878175,260.99968924819694,365.3803014897434,655.4154545664323,1412.8764331958796,2567.628020975505
state,FCT,hospitalizations,4,16.214019301431467,4.30696343866666,5.792762455766722,9.889633592301546,21.05015734564703,48.247582196491265
state,FCT,deaths,4,1.6350142648001282,0.5938450165844533,0.5938450165844533,0.8294817095447508,1.9584361108339676,4.9528524140615975
state,FCT,cases,5,806.1530950425378,216.12820797036727,291.6375425471584,507.8392943313558,1108.0663845376232,2167.1220395132254
state,FCT,hospitalizations,5,14.247502227972408,4.006137380626869,5.2610186152401655,9.354947563574537,20.431822283887886,38.46918949860995
state,FCT,deaths,5,1.526212541401894,0.4903360546304094,0.4903360546304094,0.9279210461333427,1.8925288670926592,4.436065266050915
state,FCT,cases,6,949.6484636314024,263.26399775828764,356.43565823480833,613.9723589076925,1290.5219245659155,2398.5736595420035
state,FCT,hospitalizations,6,16.832581029589242,4.082758268883165,5.810401452066762,10.916648448206114,22.375176982928824,47.87728608587136
state,FCT,deaths,6,1.1112553860930754,0.3728102737826361,0.3728102737826361,0.41049946714307384,1.2356033143268377,3.877302427138407
state,FCT,cases,7,1099.1943449297892,341.84718969643836,455.59064130411775,705.2248829622393,1536.8942660971393,2660.4619849395167
state,FCT,hospitalizations,7,25.02853720654695,6.448509537096698,9.286408430605114,15.766448761995782,35.61817755585552,65.47440328016924
state,FCT,deaths,7,1.283854641283623,0.3983186657589541,0.3983186657589541,0.5432199326914594,1.3205371074010142,4.446195086202429
state,FCT,cases,8,1016.713682016558,267.15091568512327,369.127329179418,641.2777429731397,1346.0866737622487,3051.340316874066
state,FCT,hospitalizations,8,24.103262165023093,6.564868515458876,8.897952571024781,15.689516482929006,33.69165923431699,65.79652014095909
state,FCT,deaths,8,1.8423978882151872,0.6429888295156854,0.6429888295156854,1.0043168566171858,2.22399408864079,5.7395370951779086
state,FCT,cases,9,1428.3241084592394,382.57676553182483,509.7962671450183,922.3426925992237,2025.9024759194785,3860.4089512958953
state,FCT,hospitalizations,9,28.14104237181921,7.20480819223147,10.45650784972116,17.810155736055254,37.40391853539718,74.30935776991991
state,FCT,deaths,9,2.9264601528637733,0.7281732051498142,0.8010616410707221,1.901623289530864,3.6652808818351676,9.133130483868937
state,FCT,cases,10,2203.334819501778,593.6633220630906,800.4997424958916,1438.3277452153657,3135.89794218333,5813.5146120414065
state,FCT,hospitalizations,10,51.73806068344633,12.127316815502024,17.961740489567454,34.61751855086004,70.40585837244065,138.7029842418188
state,FCT,deaths,10,1.8737684178527008,0.521085215797408,0.521085215797408,1.1815252298053922,2.5162332701623056,5.6100336508664075
state,FCT,cases,11,3704.4086788034,959.009109299767,1327.2322663698128,2413.6665191229467,5049.353120593938,9814.00524746665
state,FCT,hospitalizations,11,52.3098291883379,13.225145503779924,18.698394498236546,34.79458436696857,70.59672733786249,143.5257137768389
state,FCT,deaths,11,3.339829151098686,0.8539989126991465,1.1461703474238756,2.313534828411709,4.36590889916015,8.685675443313192
state,FCT,cases,12,5573.575396164923,1438.688357633761,1991.6070464612767,3614.323223663045,7999.749689116491,14557.341680294872
state,FCT,hospitalizations,12,117.06817996819856,31.053948983709848,44.604718940934085,77.57170801988252,156.48551477806376,305.20240001356404
state,FCT,deaths,12,6.6478289148838225,1.3211783703293278,2.5062107639950093,4.746799666389476,8.22364905535628,19.061516107931304
state,FCT,cases,13,13510.01848790031,4141.318639962221,5380.840869726999,8440.415636157166,18284.37867432855,35595.57777075514
state,FCT,hospitalizations,13,217.45584632963454,67.2908719071222,89.55502926770876,143.41591338298736,302.26999720377137,538.511293322979
state,FCT,deaths,13,10.353477354554327,2.150816666840833,4.499286511280609,7.781566913990063,13.319621865819503,26.16227353684629
state,FCT,cases,14,25252.716838714325,6234.392347906724,8752.234964486177,16836.163496857254,35004.703234270746,67642.62503947955
state,FCT,hospitalizations,14,484.26505604613055,145.0316282207549,196.69738051070186,316.63911263822826,653.0105001717624,1284.4257173258898
state,FCT,deaths,14,24.017755908571846,5.368374628426616,10.486196383889743,17.611090567150118,29.632278253307213,60.98242611895427
state,FCT,cases,15,61049.00445989165,14011.874973996577,20093.827610914992,40826.55297235264,87399.17132036481,164792.6559692095
state,FCT,hospitalizations,15,866.4252187084188,210.3459897674693,302.44118106690814,570.5266186514899,1230.8994370735668,2320.7330066649015
state,FCT,deaths,15,56.61551550038329,15.572540217622784,26.51567050165221,41.44596266573833,67.78578888212985,144.15186571538163
state,FCT,cases,16,76606.9869749072,22268.90449757642,29191.200849424946,49593.976511561305,108375.64558434357,192627.95846117535
state,FCT,hospitalizations,16,2050.253122439947,606.3228668743616,810.4696657833067,1314.4173249421815,2665.277759894623,5647.573328392354
state,FCT,deaths,16,100.15730425081927,28.76864345562025,46.3551693660117,73.9411693440328,116.58269775628825,259.79082835850346
state,FCT,cases,17,158074.50940531315,39188.17555852608,56482.50303553791,103482.67288815431,222261.58365658263,429960.655470145
state,FCT,hospitalizations,17,2394.9960499962326,646.2877208848743,913.3059392953737,1544.3085909571823,3249.7630849548186,6383.324834253875
state,FCT,deaths,17,93.25353916330714,28.68384327730655,44.18462459527059,70.20752402349652,104.48344361603284,231.01959298064622
state,FCT,cases,18,106209.69503960735,25452.41621725973,34631.68169144373,66378.99943422251,151177.6635137766,278807.1892373485
state,FCT,hospitalizations,18,2007.0451844625036,430.8154208156199,636.4285983801852,1311.5359889073613,2793.1756584166606,5686.636214713715
state,FCT,deaths,18,98.16168876193743,23.055364995118666,41.19656766540932,70.07980237935789,119.23489872227758,258.18077771608114
state,FCT,cases,19,69183.27809781904,21352.205406699813,28235.596832738644,44784.44565908581,96321.72430896338,176375.10398490555
state,FCT,hospitalizations,19,1681.6457244633111,453.5888323120658,627.9642957125366,1129.6978457505857,2222.891152194036,4484.535591319809
state,FCT,deaths,19,58.6239953691291,17.53282458280288,27.589848423240632,44.03408067258606,73.44773831535913,145.18666070055056
state,FCT,cases,20,34052.569984275855,9112.628154782413,12496.304711103014,20850.6817902871,46854.59077906253,93780.74422125846
state,FCT,hospitalizations,20,413.35628715649096,141.96716167779354,186.61288238777036,276.951852711352,558.0667310748745,1013.5118414420053
state,FCT,deaths,20,11.970390213562284,2.6757515600389064,5.002097688715052,8.57568742412357,14.670590689203351,32.05530903969666
state,FCT,cases,21,6667.418005641688,2157.342789873549,2759.190768023252,4225.32052043889,9169.595361313744,16985.127477172166
state,FCT,hospitalizations,21,121.98899858192597,30.60156190765705,43.70261409097073,78.42221357954462,166.20310494025574,332.03631392404765
state,FCT,deaths,21,6.215530652115383,1.3198590946380366,2.429486967460465,4.379791967152835,7.961742084756347,17.533329567533404
state,FCT,cases,22,3498.7696134259345,1025.818783073315,1390.9319305203985,2246.880909066118,4787.9392008846135,9306.237221552285
state,FCT,hospitalizations,22,65.80903033165208,18.930041436638174,25.405166822512932,41.1663573672919,90.62541738222811,180.42544989631202
state,FCT,deaths,22,2.5910449671088895,0.6563981038820791,0.658536153558525,1.6360760738464517,3.1960802049915884,7.499042642335074
state,FCT,cases,23,4258.855470245059,964.8583740553219,1354.7841365530344,2697.1412245889446,5828.940121865389,11695.658673365211
state,FCT,hospitalizations,23,45.325826639024335,11.378831723328851,16.007120716035374,29.348545616974803,62.30736055728475,123.37500539219917
state,FCT,deaths,23,4.257547042739594,1.2423612680617946,1.6143458882531139,2.9633343663408547,5.393381371471178,10.967460447691979
state,FCT,cases,24,5626.4011279126025,1875.1023978851679,2404.308718331239,3553.1576882474883,7567.983348004074,14422.96136060195
state,FCT,hospitalizations,24,103.94965478363687,23.01781487933436,36.2159496645873,70.11291786472418,139.25970543080695,285.7956768161335
state,FCT,deaths,24,7.1826712777400665,1.4369539789955428,2.712181835037013,5.208837871426565,8.916870405290581,20.267370334724436
state,FCT,cases,25,10958.663825255944,2954.06747867503,4000.490853567836,6944.050285898417,15032.828357199105,28921.126278494732
state,FCT,hospitalizations,25,192.72069439322235,42.607447718993384,65.81878382572458,129.5547131514043,276.93211300919097,513.3624272329062
state,FCT,deaths,25,8.005092518192551,2.033415495329744,3.330047861443508,5.712124611150967,9.36182495447751,22.414655264831115
state,FCT,cases,26,18186.034129241976,3623.8959125477268,5448.132601862155,12439.562338547154,26285.992905626663,49448.2966662444
state,FCT,hospitalizations,26,336.578727928039,107.22897649227866,138.38050150232291,210.22785129620598,452.04202444266105,917.5188407561361
state,FCT,deaths,26,14.81990694289989,3.7015909957621504,6.85653231640153,11.010369329443511,17.97365758731762,36.46383446162983
state,FCT,cases,27,24582.290782476677,6239.822622756102,8662.042521238269,16040.640645661566,34170.960728698075,64940.25794457635
state,FCT,hospitalizations,27,419.84158458716155,130.31077504125415,177.14221542299805,287.64103819354966,554.7173276269148,1088.173537704296
state,FCT,deaths,27,23.887883513209587,6.15863541280792,10.545522753332754,17.58061341733547,29.012671812952412,62.185362344839795
state,FCT,cases,28,36758.65374376226,11217.395764978684,14714.475213844236,23488.546686990714,50168.529738715355,101322.54597717803
state,FCT,hospitalizations,28,554.5985873613981,132.8784604912454,199.53062203476324,375.13006219747183,742.6376094074494,1483.9017981054237
state,FCT,deaths,28,36.94080850784958,9.723923968858141,16.241467440477567,27.698029185219532,44.12365685239412,97.09669497630213
state,FCT,cases,29,38206.319907572404,11958.125161725728,15516.981520684036,24424.35143735287,53345.7652366731,98443.08037417346
state,FCT,hospitalizations,29,632.9865854230422,142.05690790374481,219.92790375144824,427.58235985625294,890.3463635305138,1699.397832566236
state,FCT,deaths,29,28.241729791230384,6.811344942764076,12.47830161567387,21.00370229312587,36.27976194408138,70.63677330730845
state,FCT,cases,30,28715.3031819041,5006.53033870702,8599.581258794135,19706.445327650163,40533.581983346536,80342.13673004044
state,FCT,hospitalizations,30,578.41019879722,161.24166006170944,222.02754009901778,372.49709682501896,817.3712383382336,1500.1936776416326
state,FCT,deaths,30,18.370270254439777,4.772759692277791,8.351107589195479,13.926310550795028,23.464733632713077,44.494167079312945
state,FCT,cases,31,23927.005929231724,5938.806270147151,8153.976106832581,15898.912357066063,34648.02436127006,64416.90317748757
state,FCT,hospitalizations,31,438.0344353849157,119.40222373766169,167.37163126830757,284.1381801226818,599.1152182890025,1147.4945092917167
state,FCT,deaths,31,24.071894209069498,5.943528186055522,10.522244095898426,18.50787169865777,28.12047178340978,59.027885137636865
state,FCT,cases,32,14654.716618869961,3580.462269296426,4963.553257489187,9535.237523120664,20102.38235850892,38816.926511542944
state,FCT,hospitalizations,32,271.4430135830534,58.8716645980709,93.75106073687064,176.21427634083634,372.98198714012227,746.2463247836631
state,FCT,deaths,32,11.61630508074562,2.981366285227498,5.326396486812379,8.834667814921408,14.189453495327161,30.23806515740222
state,FCT,cases,33,9789.195204090438,1986.2592432632093,3011.2875604049086,6670.87392238533,13968.837369996396,26621.970716977776
state,FCT,hospitalizations,33,178.37130377589503,49.5623705747991,68.2812362004847,117.60536164196677,240.35278222256022,474.0720231432554
state,FCT,deaths,33,8.079713924689555,1.6179596252571375,3.338133522952636,5.764753384972786,9.769866116883001,22.28921595141944
state,FCT,cases,34,7247.544998543021,1905.396586429106,2574.698732820628,4639.140232418202,9799.349948970113,19238.107923258038
state,FCT,hospitalizations,34,120.62014471638503,32.7746071921665,45.94553075047291,76.68879011627459,168.43923583616993,311.5486130510686
state,FCT,deaths,34,4.768925734318169,1.16678469275922,1.9096311188485289,3.529762645816353,5.781068767482882,13.630357879501295
state,FCT,cases,35,5922.529327450311,1800.9753555417758,2314.165183566411,3695.77101707866,8082.706017392592,15812.64645152019
state,FCT,hospitalizations,35,96.14307848772856,28.380417736048678,37.1386787087957,62.059040533251256,132.7249514959462,246.0172774741946
state,FCT,deaths,35,4.568231974599812,1.0119683571960851,1.6517716879830289,3.1654824678354405,5.53985155837022,12.675349627992468
state,FCT,cases,36,4497.830772388877,896.761905885327,1376.0319114429421,3107.747750847278,6405.7460557672875,11885.75345615359
state,FCT,hospitalizations,36,77.82106029279774,22.238349837059296,30.293296919093784,50.734950987456706,105.2585822378514,203.3513352181306
state,FCT,deaths,36,3.6495659576059833,0.9660135016793452,1.2961331121522992,2.5329839672424237,4.480836421365067,9.54642705786732
state,FCT,cases,37,3912.864793755656,1091.420282825355,1491.623048809237,2575.2613630896385,5539.306813885591,10464.973423693913
state,FCT,hospitalizations,37,69.20613235183008,18.88629495656648,26.80198762974816,44.24536076537094,93.05753442396306,180.16097887216551
state,FCT,deaths,37,3.1622866086576926,0.8018459979160597,0.9394416921943437,2.0781906197762168,3.768373396140445,10.128078220629659
state,FCT,cases,38,3867.070456766102,1102.8621877193918,1468.940879149698,2485.1972111865034,5178.3727281028705,10462.97004192962
state,FCT,hospitalizations,38,60.82083893025256,15.812153837908323,21.781601701340318,39.60451921708973,84.27963479299129,163.93810849365133
state,FCT,deaths,38,3.083066501225719,0.6953067366206964,0.9154836833194151,2.1800933000712504,3.8940882010126163,8.377219562777677
state,FCT,cases,39,3500.065010160879,989.5436291362751,1320.2533756683638,2347.643465750711,4778.154423212438,9182.803411333216
state,FCT,hospitalizations,39,63.276220848434065,15.325668953321145,22.50373265587357,41.427850975278695,89.51330950132424,170.94829977504824
state,FCT,deaths,39,3.446176337085751,0.7281398420588445,1.006004870100263,2.1947357924768007,4.4241409811860475,10.554213723934572
state,FCT,cases,40,3578.9199339832494,714.0075124813991,1113.0840752589656,2424.2885435333733,5127.150238874145,10136.783646584554
state,FCT,hospitalizations,40,61.34148605369286,16.010599621312238,22.222451889942235,40.225932505007066,83.61420558988235,170.34356554075094
state,FCT,deaths,40,3.0573582304851885,0.6499613716728787,0.816085157000763,1.881605053716406,3.736768220386404,9.07224304241555
state,FCT,cases,41,3744.295498696341,932.9742864522367,1327.6358655367292,2411.4594229482695,5286.84023216563,9765.71349417399
state,FCT,hospitalizations,41,58.51569480836889,13.722562094578052,20.827722228492583,36.60920568208189,80.38747724893437,154.37384423652642
state,FCT,deaths,41,2.8480253189836513,0.6760418693217862,0.7049981464197199,1.8198162701205813,3.6055633155358233,8.717336747492519
state,FCT,cases,42,3321.3577970101996,976.1293987909918,1311.525159138006,2097.928591706861,4594.058356633876,8695.074826334183
state,FCT,hospitalizations,42,46.777506263881584,9.535940117351615,15.501780515897948,31.331310301470605,64.72099905172229,129.3356622335751
state,FCT,deaths,42,2.438136763719579,0.6939734423293568,0.6939734423293568,1.556774800121945,3.0789803394707373,7.034670272060426
state,FCT,cases,43,2360.2868137199293,708.2124276913667,899.4345261671413,1434.1022738764455,3252.2377469625044,6282.352846997984
state,FCT,hospitalizations,43,34.70332734777742,8.388286227043917,12.407043986868722,22.417813835524324,48.51472492597739,94.28645695983622
state,FCT,deaths,43,2.0699097049641795,0.44196614476848217,0.44196614476848217,1.161769419793936,2.5980993391164953,6.650143782893055
state,FCT,cases,44,1621.4218468381348,398.6844811325034,542.9937182327606,1050.1018348620958,2243.323021388805,4632.082669148461
state,FCT,hospitalizations,44,22.981402651367734,5.055852951146074,7.738122047155847,15.522176155666552,32.073491301716416,63.36552801106535
state,FCT,deaths,44,1.5425771146257663,0.5294190918898961,0.5294190918898961,0.8556127318113897,1.7546189369549898,4.981852737139313
state,FCT,cases,45,1185.0871540988735,323.59511795412755,443.247064715793,776.3187604233782,1695.5265616070797,2970.20535269828
state,FCT,hospitalizations,45,19.76118044092521,6.214956183258515,7.970147549563621,12.163885080174204,27.344497892456157,54.71816049994763
state,FCT,deaths,45,1.0924270916475152,0.3338223412015362,0.3338223412015362,0.41586458749638044,1.2801344163600452,4.008858802204222
state,FCT,cases,46,764.8370891215562,174.86643135801472,253.3550454815152,524.3568045459622,1090.2075612200538,2086.225885366505
state,FCT,hospitalizations,46,14.632405579589445,3.605967945011874,4.939819449767778,9.455158975283462,19.975115418535033,39.28842994102972
state,FCT,deaths,46,1.2655420925962277,0.3485434979585069,0.3485434979585069,0.4534081856019305,1.4221497439785402,4.395156419233427
state,FCT,cases,47,810.7296050275274,270.8515898761744,345.1721699415567,516.7853266892733,1117.6700576709645,2102.4850742838503
state,FCT,hospitalizations,47,14.881238111660373,3.3673972676171022,4.95748393186507,9.904971778667196,19.752241665603343,43.14729147255507
state,FCT,deaths,47,1.2753086087706398,0.3312435143592102,0.3312435143592102,0.6296086485420345,1.5934739921316874,4.100622920584455
state,FCT,cases,48,529.5513722535527,155.25332896600295,205.7611370090316,327.57636685890304,733.3583952120913,1416.5759914179669
state,FCT,hospitalizations,48,13.22993104515715,3.2974562750827054,4.497895655415549,8.049892035959815,18.25013681749686,34.59147280084274
state,FCT,deaths,48,0.5648639600391933,0.0,0.0,0.0,0.7561461986396553,2.537890732740903
state,FCT,cases,49,353.9653130151211,92.47544939662326,128.7909933544261,233.00365972127037,508.99168794741007,910.7659328078595
state,FCT,hospitalizations,49,11.119993135858,3.2423703060034987,3.9421356864514614,6.738632421087498,15.197400273467004,31.31208149643533
state,FCT,deaths,49,0.6482371350885552,0.0,0.0,0.0,0.7536614529245234,3.1034636352127896
state,FCT,cases,50,585.0740125337284,148.65120322999294,204.42268735897682,385.91286947093676,815.5881217756188,1532.1122711334035
state,FCT,hospitalizations,50,13.637519114854076,3.567873523937905,4.790829517498846,8.604590323469864,18.67198579695967,38.020873716870064
state,FCT,deaths,50,0.8753541251626235,0.29330411880317897,0.29330411880317897,0.3121663335555192,0.9894519909014808,3.0509705088858063
state,FCT,cases,51,295.77519095517624,88.49992199774414,113.24221090689949,182.90490467349758,402.4252860210887,772.6702015171252
state,FCT,hospitalizations,51,6.787923900653514,1.834703748262235,1.9233645741845522,4.130547849473995,9.664863741501946,18.805167267314363
state,FCT,deaths,51,0.5090802967365686,0.0,0.0,0.0,0.47719590495434505,2.6617413731148556
state,FCT,cases,52,489.0536466824217,158.05290125737184,200.41627709456418,312.7531507450882,667.9474484207379,1216.2902783425982
state,FCT,hospitalizations,52,9.115815340638575,2.3578471881815712,2.8754230394986946,5.506690829218804,13.156586939625228,25.60884369167224
state,FCT,deaths,52,0.6685746892752719,0.0,0.0,0.0,0.751444074635339,3.05075184137328
state,Gombe,cases,1,911.506483822128,215.3912672799282,315.1884402743025,580.281707813346,1271.3424615137437,2468.33585282986
state,Gombe,hospitalizations,1,39.24209198725222,10.275614131575283,14.615953220944196,25.055053302567032,53.31940445161473,110.36420299152682
state,Gombe,deaths,1,1.670211439912221,0.5259678239465566,0.5259678239465566,0.8451020844100312,1.8471525627842371,5.456333379116174
state,Gombe,cases,2,2977.5820866431095,880.1935708021298,1178.0584430702547,1895.2572641809775,4031.2579459919116,7749.907316567208
state,Gombe,hospitalizations,2,12.232337540558403,3.969103583326152,4.739030920282998,7.91350974280011,16.44228590421953,32.89647393317305
state,Gombe,deaths,2,7.137372954320655,1.7154777602643931,2.9208991497275116,4.995354487471469,8.698477139078378,18.268883319557446
state,Gombe,cases,3,1015.3375459438911,252.88050976499002,356.27511647897575,671.0898285535349,1415.341952987552,2668.9665306844254
state,Gombe,hospitalizations,3,10.288623491126533,2.416480607860894,3.379111117541573,6.698766709112552,14.161871248153293,28.380456761669766
state,Gombe,deaths,3,1.1490173282642822,0.4144115130422883,0.4144115130422883,0.4974013440988254,1.2678546474462364,3.796740378040436
state,Gombe,cases,4,745.5237785504875,196.3098681559205,274.9180714652897,493.3412229520528,1063.779021010088,1933.413195735377
state,Gombe,hospitalizations,4,9.975793286049257,2.7342979240117984,3.3124202342563076,5.9133399780837435,12.998655970249224,30.26508122951548
state,Gombe,deaths,4,1.9672990426744519,0.6802341229597997,0.6802341229597997,1.095624028843199,2.3888121260331365,5.8188386328109285
state,Gombe,cases,5,1250.6062021064695,335.68831033058626,452.77632257225844,788.028030211593,1718.765895665596,3360.9830094753797
state,Gombe,hospitalizations,5,11.7351828659791,3.340391400700687,4.220553055198163,7.634146687864815,16.87024958371301,31.910139784859822
state,Gombe,deaths,5,1.380520333718316,0.45716615860622034,0.45716615860622034,0.7975024484406018,1.6968571826175132,4.068330285208996
state,Gombe,cases,6,1020.0286328288861,282.828479884504,382.89799743397384,659.5011325054172,1386.1382696720625,2576.2233445951665
state,Gombe,hospitalizations,6,18.48857623928102,4.4634362708157225,6.44540598733173,12.027761480679807,24.554687765259658,52.43462364584041
state,Gombe,deaths,6,2.4501034297204916,0.6609625174799121,0.6609625174799121,1.500701681978118,2.9635441902693747,7.647063446089061
state,Gombe,cases,7,990.9994740840832,308.13104892552167,410.68878765169814,635.7735988756997,1385.6552852193108,2398.729558256608
state,Gombe,hospitalizations,7,13.031003627973966,3.4046181177054784,4.53091401527876,8.015176392205582,18.689281523671056,34.74271926299081
state,Gombe,deaths,7,1.3193244209688035,0.40605874111826107,0.40605874111826107,0.5732075772630673,1.365629475972618,4.552024825083417
state,Gombe,cases,8,1312.5058129171016,345.08730600295,476.7025277220727,827.9517610010568,1737.6090093471778,3938.4839826375473
state,Gombe,hospitalizations,8,14.961328043252983,4.127576613696293,5.2833825561935335,9.594778666360412,21.0228340067454,41.40352602787604
state,Gombe,deaths,8,1.9134715255232355,0.6613052397426316,0.6613052397426316,1.0614125448863514,2.3158339396398704,5.93152196413431
state,Gombe,cases,9,1637.0597586741294,438.5935535274589,584.3919381470193,1057.1858231181843,2321.9072824775203,4424.321435122387
state,Gombe,hospitalizations,9,28.46008089281776,7.294753507851565,10.58209996477181,18.016362310895673,37.824921987615035,75.13493757569478
state,Gombe,deaths,9,3.2848836673655524,0.7986103591865998,0.9752807078321026,2.1823011353455284,4.116559651466749,10.113321553410247
state,Gombe,cases,10,2340.2676780381003,630.6036942045641,850.2887536230188,1527.7385102131825,3330.7614440251027,6174.7111506906385
state,Gombe,hospitalizations,10,42.38419980341977,9.798584683554845,14.598005540811211,28.299116925048377,57.73875212839791,113.92024814234013
state,Gombe,deaths,10,3.353004147793149,0.8132738916686488,1.165072444577314,2.4047742281503446,4.487894549576864,9.31648495932552
state,Gombe,cases,11,2714.134113739227,702.4456137243006,972.2607250637872,1768.3442229135883,3699.640666870285,7190.934246381728
state,Gombe,hospitalizations,11,41.84484531775827,10.432193625225263,14.830829986946206,27.766708861354697,56.539492277348415,115.14966913917829
state,Gombe,deaths,11,3.821176472226098,0.952815889522175,1.3945056348885436,2.6969469024465265,4.986803009723953,9.806413598321166
state,Gombe,cases,12,4748.921219459575,1225.71338951448,1696.8380987621806,3079.5037648420825,6816.188398969985,12403.707292137135
state,Gombe,hospitalizations,12,68.55361847075166,17.8827839944001,25.86545914591141,45.28610943895005,91.7737471383754,179.38194860051328
state,Gombe,deaths,12,5.784379491043819,1.1701923526758176,2.105516344378136,4.090047773256093,7.169558199513207,16.768859421103134
state,Gombe,cases,13,7112.411083232131,2179.8877954074587,2832.483391736305,4443.317769099664,9626.062196647097,18740.228950755085
state,Gombe,hospitalizations,13,104.25278287404778,31.902778451046107,42.62972652737031,68.58008691569123,145.11653432124936,258.93840846234684
state,Gombe,deaths,13,7.850439699742515,1.529371779985711,3.2820173571729003,5.837763748396555,10.14996813710529,20.14989399196974
state,Gombe,cases,14,11063.95761632622,2731.0474245986347,3834.244312999713,7376.230910670382,15336.806513420106,29637.16569484469
state,Gombe,hospitalizations,14,264.6760114475923,78.95032827420333,107.23662423928423,172.90308960852673,357.0618446879495,702.7530795517207
state,Gombe,deaths,14,17.518218124300212,3.713359628286704,7.501160418034992,12.77443508521504,21.671553114527445,44.874415683444255
state,Gombe,cases,15,27686.32199501988,6354.101607500985,9112.381193335417,18515.06098009227,39636.6168548299,74736.0136320565
state,Gombe,hospitalizations,15,475.69027773483924,115.1443965283939,165.75496372396182,313.08031113447737,675.9857183474244,1274.8996716986894
state,Gombe,deaths,15,39.367283314206844,10.611254718295717,18.27836377187615,28.739006682335535,47.19353612791477,100.69806580797737
state,Gombe,cases,16,50241.48004752726,14604.46447652136,19144.37408744404,32525.3032776971,71076.59475748727,126332.51931348395
state,Gombe,hospitalizations,16,877.1758732945574,259.0051076849783,346.4037770402763,562.1522240920854,1140.478238168954,2417.249001678009
state,Gombe,deaths,16,79.32665556364269,22.63858534157335,36.603635318215574,58.50903438973354,92.36967738379383,206.08791321454112
state,Gombe,cases,17,81900.52724082216,20303.557876339244,29264.03403294858,53615.59681448815,115156.9085112426,222769.22146236055
state,Gombe,hospitalizations,17,1530.6273576840997,412.77513189215114,583.4650661757373,986.8300567223432,2077.032505218108,4080.144698256334
state,Gombe,deaths,17,154.0333981645807,47.825615830638576,73.3221523348673,116.12604664235643,172.50496181963965,380.6385703907433
state,Gombe,cases,18,130255.46925149295,31214.991248457154,42472.414152463825,81407.22684564456,185404.04728003766,341928.5045090918
state,Gombe,hospitalizations,18,1495.897613910839,320.8968766590902,474.17125378293343,977.4301693855735,2081.9187053632995,4238.849354224942
state,Gombe,deaths,18,232.84757011914377,55.72844747473516,98.50985041827563,166.62359817072783,282.5433649907578,610.2118081813044
state,Gombe,cases,19,117730.84773094594,36336.04645952559,48049.60933138347,76211.01541545402,163912.71888478595,300140.66785651544
state,Gombe,hospitalizations,19,1419.0909586537232,382.6562154979013,529.822678043096,953.2672972540274,1875.88214598356,3784.6266743163933
state,Gombe,deaths,19,164.19360251628666,50.34684515323055,78.2107276137856,123.77094123359201,205.26410584137943,404.02319529988165
state,Gombe,cases,20,101708.85434195699,27219.22368220696,37325.45483044119,62277.97746562906,139945.42310469446,280102.59997742536
state,Gombe,hospitalizations,20,889.7462351685965,306.33806862483806,402.31346195531563,596.5161329391564,1200.831856662243,2179.9071837665497
state,Gombe,deaths,20,144.13605919582386,40.14731990767642,66.18904411267374,106.19273795864372,174.4206718541339,369.02973500448167
state,Gombe,cases,21,38625.89935620932,12501.2291119291,15987.44147295064,24480.017424516718,53119.79473096843,98391.36771860624
state,Gombe,hospitalizations,21,209.69102634806802,53.1362690102002,75.57952948526838,135.05727249468652,285.4336989050272,569.5206449428442
state,Gombe,deaths,21,50.9301714016167,13.188229681874628,23.797959531165684,37.90023923500568,63.80063043105707,133.0109354413949
state,Gombe,cases,22,11192.785444490899,3283.213081913252,4451.003732991181,7188.700860400877,15316.110508008165,29767.592806613524
state,Gombe,hospitalizations,22,84.01523281548823,24.361496067780887,32.6012615260885,52.65778641068418,115.59572660879185,229.86860349833935
state,Gombe,deaths,22,13.455751455647741,3.266308984601569,5.869849539501659,9.91893352047231,16.380651969584143,34.20402256976802
state,Gombe,cases,23,7360.0407914234365,1668.0056598915871,2341.798342160084,4661.394711264193,10073.150953797132,20210.85512499205
state,Gombe,hospitalizations,23,64.82564690605335,16.589969852236862,23.166637640338493,42.12442517946008,88.95796925882041,175.73336580685512
state,Gombe,deaths,23,5.709232149481542,1.5947046910357283,2.3557949359540395,4.087367152074243,7.206594592707797,14.361526317938685
state,Gombe,cases,24,6531.307436498609,2176.7864002888423,2791.090997369206,4124.679007005442,8785.103049533505,16742.386141833256
state,Gombe,hospitalizations,24,154.93475525300028,34.68579708663134,54.29565594493225,104.65995157795798,207.3986163013169,425.1225419382231
state,Gombe,deaths,24,12.734647549962672,2.9287892237383257,5.242979000365188,9.441741857077337,15.677742750970285,34.76649859646501
state,Gombe,cases,25,12248.894182518903,3301.95385817883,4471.567800443324,7761.658823391553,16802.69119620695,32325.99397481156
state,Gombe,hospitalizations,25,322.8318118198284,71.89607776759098,110.69714158653603,217.24085152007584,463.6032268291751,858.8302688548707
state,Gombe,deaths,25,18.909030572224445,5.445930927290802,8.591483623134103,13.868018863613154,21.952465547002348,50.86577370511782
state,Gombe,cases,26,21071.30617153845,4198.965534036622,6312.607251175108,14413.188519197674,30456.278460031754,57293.153181520735
state,Gombe,hospitalizations,26,430.9720098663366,137.49180837932457,177.3538783372953,269.29108150327585,578.7209885041323,1174.3537676287035
state,Gombe,deaths,26,33.41288668355326,9.229062187362628,16.093140963119417,25.130476869384747,40.280222707023235,80.50855589745935
state,Gombe,cases,27,25503.16283843147,6473.5992643912,8986.553745058758,16641.548747549532,35451.01733343356,67372.90987262258
state,Gombe,hospitalizations,27,559.9154161184354,174.01654000127596,236.43545921269492,383.71295132589245,739.683495847632,1450.6964351940396
state,Gombe,deaths,27,51.274362484939395,14.036336004067852,23.250761416221874,38.02759819348882,62.040033712564394,131.7175200256675
state,Gombe,cases,28,35216.86626478718,10746.869512332305,14097.273115314598,22503.33912161891,48064.300103789996,97072.79499742405
state,Gombe,hospitalizations,28,730.152489775812,175.1803790401927,262.89279402836047,493.9768370745134,977.6066811136847,1953.0900057241438
state,Gombe,deaths,28,62.32573771677912,16.898943729838873,27.77715810305363,46.89892310269819,74.31439025780031,162.72992092846368
state,Gombe,cases,29,42342.59117896664,13252.803405505125,17196.93660021606,27068.605985654933,59121.01178639333,109100.49948850964
state,Gombe,hospitalizations,29,484.61859390104854,108.57817730116827,168.22550167476328,327.2838592323035,681.7500418603793,1301.4641585629272
state,Gombe,deaths,29,63.18828713667149,16.146722471725578,28.58628749435198,47.30043729155749,80.83299246812773,156.25024047340108
state,Gombe,cases,30,34709.643056002766,6051.819441204955,10394.896165919923,23820.24523412963,48994.91001444944,97113.23937024828
state,Gombe,hospitalizations,30,463.55942647680814,129.08209504315448,177.8189892618613,298.4624489730611,655.1535746466554,1202.6268525536927
state,Gombe,deaths,30,61.86615694888497,17.736302392752094,29.350333088123723,47.44543736368024,78.40372919278397,146.65770912734132
state,Gombe,cases,31,28889.869656290604,7170.77057051778,9845.38471126579,19196.683952980748,41834.5148147204,77777.70206721808
state,Gombe,hospitalizations,31,313.20373712423765,85.16824924740672,119.4985110651391,203.06481717727425,428.48440735911055,820.9429680265193
state,Gombe,deaths,31,55.547199673447565,14.660972786304436,24.98816428590492,42.999569038251906,64.68057389616538,134.39155460589967
state,Gombe,cases,32,18408.980851169883,4497.903295662842,6235.292143320408,11978.076476329677,25252.14141154788,48760.67452907046
state,Gombe,hospitalizations,32,196.83287235500583,42.47545280878008,67.80291866447294,127.68309173996789,270.5647935028031,541.6084700961077
state,Gombe,deaths,32,35.84180822425376,10.631715541237305,17.482811945417332,27.732362277285706,43.37657568459635,90.26321517257158
state,Gombe,cases,33,9547.665773601848,1937.2324789084028,2936.9727910090505,6506.275170759613,13624.193898272388,25965.167576576707
state,Gombe,hospitalizations,33,137.0170510093431,37.90516003325811,52.3083704549492,90.26076414192157,184.70863094620864,364.54364199300613
state,Gombe,deaths,33,26.315394136518233,6.777112162823889,12.070590172244389,19.381880512313515,31.449094865090398,69.16930104233306
state,Gombe,cases,34,6532.312806815669,1717.2876336548147,2320.548051508037,4181.285908685393,8832.324735619592,17339.73668743116
state,Gombe,hospitalizations,34,104.06034878493759,28.175857502537774,39.55342843112261,66.11068635322886,145.36839362684185,268.9920015386229
state,Gombe,deaths,34,15.123543047823077,4.03808054888176,7.188000900448429,11.747217467704296,18.082624190562562,40.17133017832411
state,Gombe,cases,35,5557.070900573682,1689.8005740386288,2171.328611115451,3467.6948068092292,7583.973197625995,14837.006755001095
state,Gombe,hospitalizations,35,79.00261029044779,23.196326241522517,30.409216871902025,50.93245143508779,109.12956255750123,202.4317784979913
state,Gombe,deaths,35,12.606763242117896,2.923500436498714,5.526996892397652,9.252802398527164,15.097008272492559,32.66012425913247
state,Gombe,cases,36,3753.4033571818118,748.2080684813218,1148.1726390327474,2593.339192317488,5345.613401866553,9918.83680641499
state,Gombe,hospitalizations,36,71.43958510711039,20.35692213050789,27.759723052371523,46.546376029795375,96.6556546598207,186.80660348605954
state,Gombe,deaths,36,9.469867956015175,2.323045462531103,4.238108553645438,7.05970413507858,11.503289111567666,23.059288849516967
state,Gombe,cases,37,3611.9255687742093,1007.4234841132538,1376.8544384538793,2377.1712044324504,5113.309563957539,9660.238948494878
state,Gombe,hospitalizations,37,61.2706373449391,16.638307549948134,23.65919415277644,39.13073275494447,82.4250785871948,159.6821717356553
state,Gombe,deaths,37,9.513105919502708,2.1431823900055402,4.001948968877565,6.938858104662924,11.2979517703685,27.700053012828473
state,Gombe,cases,38,3618.7438364105446,1031.9952349380244,1374.572005903553,2325.5856017569477,4845.861689457823,9791.192641528645
state,Gombe,hospitalizations,38,53.057592302237765,13.700834202399102,18.92062127824098,34.50528448845254,73.56996789466015,143.22469660937588
state,Gombe,deaths,38,7.222037961668572,1.4246264562070943,2.9246689093686884,5.515750257946769,9.027585183569212,18.213153520880407
state,Gombe,cases,39,3599.87306687236,1017.7819607368311,1357.9195519507866,2414.598389336641,4914.398141715398,9444.614479978098
state,Gombe,hospitalizations,39,52.258217320302414,12.526875444512262,18.474366718212785,34.154225971498136,73.99614669363538,141.47031717984024
state,Gombe,deaths,39,7.726289315180402,1.4482057821794077,2.9897663665058425,5.354047093644022,9.788136946467356,21.980309766082634
state,Gombe,cases,40,3239.5797019490715,646.2320259716613,1007.48016355826,2194.3956989197422,4641.0534199351205,9175.824206601628
state,Gombe,hospitalizations,40,50.268441690589825,12.988654211045759,18.09696640052881,32.90211557374645,68.58243034867753,139.9042563458041
state,Gombe,deaths,40,8.044607755368471,1.4748811533190516,3.121029168224128,5.53888857132616,9.748592886231744,21.855760484154203
state,Gombe,cases,41,3347.2297404038673,833.9569436538072,1186.7776054534993,2155.6972192833773,4726.238193622842,8730.27383368807
state,Gombe,hospitalizations,41,55.182684058396234,12.89796790279706,19.605175985943365,34.50275624999813,75.82905592307729,145.671529470314
state,Gombe,deaths,41,7.241727093950085,1.4803273257411362,2.733430518164743,5.174545198534236,9.084791395033374,20.27802991724865
state,Gombe,cases,42,2823.99523723478,829.8514815083172,1115.037931451097,1783.7154452189732,3906.1703788159857,7393.257773542246
state,Gombe,hospitalizations,42,40.6365467462459,8.181489620041281,13.380389868521894,27.174950372620792,56.272219079754066,112.58032758253574
state,Gombe,deaths,42,6.124852348287692,1.480498491620195,2.5106859777222126,4.454533277653267,7.701952944575094,16.140882478908495
state,Gombe,cases,43,2440.129329472347,732.1931250385696,929.88104262664,1482.627584415829,3362.239922280213,6494.812720889414
state,Gombe,hospitalizations,43,32.274237193720914,7.748992626246375,11.494093825450912,20.82318216711676,45.14302896093065,87.7979434330949
state,Gombe,deaths,43,5.063982607321524,0.9053570896169005,1.6447973713650945,3.4283330148572575,6.370620542714715,14.671136788223953
state,Gombe,cases,44,1748.0271337100992,429.87376059805615,585.4441332636154,1132.1243061408863,2418.45821234425,4993.624127414821
state,Gombe,hospitalizations,44,23.966455951720242,5.264038271432632,8.097932499451105,16.202511317316908,33.43536148389444,66.01591325641938
state,Gombe,deaths,44,2.9329291645327165,0.856114778524288,1.0310310252666008,2.0006803820591026,3.454448313738716,8.67315423578638
state,Gombe,cases,45,1000.0801311872099,272.9644571153984,373.95297734937446,655.0718274114674,1430.9007055990965,2506.753864447793
state,Gombe,hospitalizations,45,15.958963856455139,5.072054692435963,6.320579201051246,9.743107935570153,22.13207676788436,44.47185033724386
state,Gombe,deaths,45,2.3969384472995596,0.5856519561231668,0.5856519561231668,1.4839675567794501,3.000227115892238,7.787452466174684
state,Gombe,cases,46,972.7728773373427,222.6166977587607,322.41609987563857,666.9987355773966,1386.4861138944643,2652.937743309951
state,Gombe,hospitalizations,46,15.218794918399759,3.742095065866713,5.164050649940526,9.849846535208599,20.766936675702027,40.8093386277586
state,Gombe,deaths,46,1.546203981047721,0.401923847317075,0.401923847317075,0.6760014549139565,1.7931083195642277,5.221438751825056
state,Gombe,cases,47,699.3555820679536,233.5519706126404,297.67533483261803,445.7421683448567,964.1820193937251,1813.8746878849636
state,Gombe,hospitalizations,47,9.968389213473005,2.3177676488105314,3.1005151540544365,6.505853569119383,13.283694660971806,29.386424833712894
state,Gombe,deaths,47,1.492254205986061,0.3690632477346961,0.3690632477346961,0.8156692411953621,1.8895839252979916,4.682986621436287
state,Gombe,cases,48,640.1838504636764,187.83583448034042,248.87571211170484,396.0922913253218,886.4894460500793,1712.1740299558696
state,Gombe,hospitalizations,48,6.499074910156859,1.7190095832541785,1.8661290798022179,3.7178339421166102,9.03536268798628,17.55432725191923
state,Gombe,deaths,48,0.889355350264894,0.25198024787094647,0.25198024787094647,0.30345858730034947,1.1266040377267823,3.028553142908975
state,Gombe,cases,49,633.243104846058,166.01958495214834,230.90728667806087,417.11186120215825,910.2403374345151,1628.120465898269
state,Gombe,hospitalizations,49,11.047985831467095,3.22288450446103,3.912434737425423,6.69212525462097,15.100058114044824,31.117894297552507
state,Gombe,deaths,49,1.31562965534645,0.3960787828151979,0.3960787828151979,0.610476777830498,1.551230108739853,4.439004873004552
state,Gombe,cases,50,438.5244616053539,111.2304745161699,153.05613306865945,289.1641550479246,611.3978318456848,1148.7529853564208
state,Gombe,hospitalizations,50,10.31844516953611,2.7513754720261874,3.4656140948478447,6.406606220079382,14.170105903323577,29.091053990930654
state,Gombe,deaths,50,0.9496247151315754,0.30895630405347885,0.30895630405347885,0.3821901389348086,1.095619170671172,3.267150701333533
state,Gombe,cases,51,558.4040053233094,167.70215694418914,214.3399350957277,345.6500684974511,759.433242827849,1457.3234135407881
state,Gombe,hospitalizations,51,4.570698568508909,1.293569034494006,1.293569034494006,2.6173239599883282,6.519327033681394,12.963753616483237
state,Gombe,deaths,51,1.390555499608145,0.4458999515391823,0.4458999515391823,0.6295734428418377,1.5712639146963006,4.714350216475646
state,Gombe,cases,52,601.7944973890591,194.64432245484642,246.7537394918611,384.9346299899766,821.8442818053137,1496.3378659207008
state,Gombe,hospitalizations,52,9.98270727562717,2.563411537321318,3.213294305604843,6.073964091059605,14.390801605813428,27.92868429129071
state,Gombe,deaths,52,1.1713857832968693,0.33826998673570235,0.33826998673570235,0.45565077595000214,1.332604820035424,3.9507812369083486
state,Yobe,cases,1,828.0971725857514,195.61163077171932,286.2866620494318,527.1485983586774,1155.0416896801662,2242.6217276730495
state,Yobe,hospitalizations,1,12.078487477927737,3.0829989632565606,4.0577080169895545,7.4387325004752824,16.5930142390897,35.06873139966035
state,Yobe,deaths,1,2.5842855020862627,0.7312760726358029,0.7312760726358029,1.565326136825816,2.9585207488269742,7.976522711372649
state,Yobe,cases,2,2145.993554598006,634.1736705022558,848.87782915835,1365.8423449912525,2905.4942877830895,5585.936188725639
state,Yobe,hospitalizations,2,27.244617326635424,8.771356282323584,11.291731666749351,18.090761400193387,36.35750877934265,71.59873100927321
state,Yobe,deaths,2,8.413845257393943,1.9866608778143422,3.5407157860318943,5.943101499055583,10.231614628227074,21.314912811364124
state,Yobe,cases,3,938.8212633075874,233.76678822773707,329.3771986557838,620.4906792021972,1308.7108227917254,2467.954657703203
state,Yobe,hospitalizations,3,11.772977549039624,2.7376912523525156,3.961204389794692,7.722125145501475,16.177262730905326,32.28585348663179
state,Yobe,deaths,3,1.5984506468785211,0.5221416817407336,0.5221416817407336,0.8866649005690429,1.857404783153989,5.043698133473761
state,Yobe,cases,4,865.9390104312071,228.1362000277356,319.4240061859299,573.079088911997,1235.5292269654956,2245.4364965468812
state,Yobe,hospitalizations,4,11.427249907292268,3.1007985540508787,3.8904496870707526,6.839992277158931,14.87501193999999,34.455799390917626
state,Yobe,deaths,4,2.4429308247489976,0.8019723150343382,0.8019723150343382,1.4706676673911712,2.9952913477876857,7.039173013559832
state,Yobe,cases,5,1051.2248391438918,282.05372934632754,380.4895749336373,662.3355529655566,1444.8065083780627,2825.417786517812
state,Yobe,hospitalizations,5,11.614426751846716,3.3083507215127197,4.170478065306177,7.551328870758204,16.698840049548675,31.594469222824298
state,Yobe,deaths,5,2.4471215250595715,0.6935778066217331,0.6966759210877427,1.7270343224605966,3.091467083203458,6.689286129942184
state,Yobe,cases,6,928.8030787440906,257.46933763325194,348.5979725356252,600.4875261783362,1262.202022269816,2345.9569053871237
state,Yobe,hospitalizations,6,11.650553144591791,2.889458692422888,3.8198723457479544,7.433676738994369,15.54313184177887,33.5915407775279
state,Yobe,deaths,6,1.232651851629125,0.4003143392305165,0.4003143392305165,0.5145590180371096,1.4005348738808912,4.237125250163218
state,Yobe,cases,7,890.0455716876576,276.6713692016526,368.7920016431508,570.970359127138,1244.53801048409,2154.5136388623596
state,Yobe,hospitalizations,7,15.755377244479195,4.070538965968954,5.612724316872585,9.778485433863485,22.54037512672624,41.73375940551791
state,Yobe,deaths,7,1.9356153278398838,0.5359904002133178,0.5359904002133178,1.0766063467410343,2.1225893231386044,6.328575170664904
state,Yobe,cases,8,976.80902835029,256.63669188152386,354.6146001630805,616.0939694386118,1293.2672726627034,2931.6577525450684
state,Yobe,hospitalizations,8,17.496328544851075,4.786613588646298,6.286630180609913,11.28641313763198,24.53914957444949,48.173961597235404
state,Yobe,deaths,8,1.419494907276767,0.5314568068229719,0.5314568068229719,0.65665060974942,1.6647641839373102,4.5705055821360006
state,Yobe,cases,9,1740.061301680564,466.2352888605215,621.2015066462027,1123.724770791821,2467.9721821791836,4702.586580031387
state,Yobe,hospitalizations,9,21.52607788848159,5.444506685469994,7.851380812419965,13.532862347299242,28.671145178347494,57.18455441258778
state,Yobe,deaths,9,4.081002594883594,0.9534265075274813,1.358202551458179,2.799212247213403,5.108440171027301,12.267715894005901
state,Yobe,cases,10,2040.9705994952992,549.8623324860815,741.4638467805792,1332.3114882393058,2904.844118999771,5385.2361484667235
state,Yobe,hospitalizations,10,23.880726569513847,5.189761757971969,7.9407955789040505,15.79428914061289,32.669123527738435,64.87242476797806
state,Yobe,deaths,10,4.364864696421436,1.0091101006864642,1.6864215056236564,3.224643259030515,5.8093785847689565,11.800692709654681
state,Yobe,cases,11,2554.4227596571754,661.0670862613377,915.010960682629,1664.266726244514,3481.9592164821843,6767.885693771987
state,Yobe,hospitalizations,11,40.38468352176631,10.042467231958941,14.291152959467304,26.78604442737062,54.577956326264996,111.19009732674793
state,Yobe,deaths,11,4.522510280667238,1.096248173502246,1.754962902648267,3.2534673633268265,5.888027305903668,11.433158703105049
state,Yobe,cases,12,4084.1466842000114,1054.0288950284946,1459.2174139334277,2648.372307282619,5862.089785473872,10667.608282457231
state,Yobe,hospitalizations,12,57.73166636289021,14.944580588579932,21.68513363962754,38.08388732826872,77.33794466912552,151.3141141178606
state,Yobe,deaths,12,5.535095300874019,1.1265175369912246,1.989609883670149,3.9000731098476407,6.864647688200764,16.10567643382111
state,Yobe,cases,13,5473.329065177014,1677.3646139095572,2179.5882305385403,3419.251923246118,7407.781213221536,14421.849060993525
state,Yobe,hospitalizations,13,82.85303476092065,25.21304633450903,33.75901114933211,54.433192214871795,115.40839055885311,206.08821157094098
state,Yobe,deaths,13,9.461793326161924,1.902613750791561,4.066084871002747,7.089806413142035,12.191605773603357,24.022588429387216
state,Yobe,cases,14,10034.374588623967,2476.8331965121224,3477.378738934633,6689.787094034374,13909.639251152583,26879.364587083106
state,Yobe,hospitalizations,14,175.9489839252757,52.24955488276445,71.08916069722477,114.825191894546,237.48099515917633,467.7227562716003
state,Yobe,deaths,14,17.052117832270394,3.5946426584498323,7.287038839263565,12.427493768724451,21.100517102104455,43.718961389167326
state,Yobe,cases,15,24539.706582062998,5631.855495267141,8076.661460951816,16410.743239370084,35131.87146447682,66242.28357555997
state,Yobe,hospitalizations,15,280.91552533042994,67.68801419042435,97.61919866099609,184.7476857513634,399.3706250020798,753.5694615906164
state,Yobe,deaths,15,30.578433912555077,8.083180720730585,14.08095949906425,22.264046711940235,36.70054217578654,78.55573562838829
state,Yobe,cases,16,45596.30515767087,13254.114398721713,17374.286088528097,29518.07976678588,64505.10668431604,114652.33770009507
state,Yobe,hospitalizations,16,642.8881067734239,189.63857437876456,253.7202298387108,411.90933903198936,835.9442660048384,1772.0864838675652
state,Yobe,deaths,16,59.699453723989386,16.8626784219166,27.41547560813562,43.968458524169606,69.55551325787577,155.48757086623965
state,Yobe,cases,17,69992.5577371702,17351.402231357897,25009.081231360353,45820.079181719266,98413.6692963733,190379.82540512347
state,Yobe,hospitalizations,17,803.4405454140652,216.3227652980789,305.9724461704543,517.8276023011771,1090.423180383405,2142.4967523322184
state,Yobe,deaths,17,113.53603604216237,35.07153400986613,53.90794125224974,85.53072988481898,127.18251290197406,280.94808067710863
state,Yobe,cases,18,126405.09344186378,30292.24784640331,41216.90179791619,79000.80304840434,179923.48179924066,331821.08258735645
state,Yobe,hospitalizations,18,1257.355848838022,269.6002158747407,398.44918132060394,821.5100467019975,1749.99012196311,3563.1978339066604
state,Yobe,deaths,18,262.003777482278,62.80137270170823,110.91677785391892,187.5229745667725,317.89566367788717,686.4179377256519
state,Yobe,cases,19,110593.81573175982,34133.255385268254,45136.72940137338,71590.96057705885,153976.09188594867,281945.75518788554
state,Yobe,hospitalizations,19,1254.4537834352489,338.1773212484333,468.2821508519564,842.6350372104788,1658.2872286652594,3345.7428983912077
state,Yobe,deaths,19,191.55859935477386,58.85266035358555,91.33230906553581,144.43975867194098,239.43259976768786,471.11694645045947
state,Yobe,cases,20,66670.96374802824,17842.165525060376,24466.914730568897,40823.57648491401,91735.4684894001,183610.08846543048
state,Yobe,hospitalizations,20,1259.5340727942694,433.92758326962183,569.7465726364421,844.5712916614423,1699.7649825268277,3085.2974281549327
state,Yobe,deaths,20,138.16135537495546,38.453440035003396,63.42312473464481,101.78001747691468,167.19926482273536,353.79700728804784
state,Yobe,cases,21,30852.256645129335,9985.162230351229,12769.776229577885,19553.225840575506,42429.26337459158,78589.95665818948
state,Yobe,hospitalizations,21,368.922082039568,94.05009156404934,133.45498595655178,237.88340377018062,501.90775123092465,1000.6951764958228
state,Yobe,deaths,21,70.69290904786126,18.587754722895752,33.235162512578526,52.70425781665112,88.46139745637763,184.01063152122822
state,Yobe,cases,22,13574.506979946978,3982.0009104819214,5398.2644446938975,8718.466234019996,18575.159213094623,36101.508971017814
state,Yobe,hospitalizations,22,144.85617351375907,42.511478444200094,56.648041057313606,91.05803989371145,199.0375857743398,395.0899718894046
state,Yobe,deaths,22,14.42052929494834,3.5513314798241087,6.328808715834041,10.648402878741184,17.54181418517741,36.555924035630305
state,Yobe,cases,23,5963.971658861965,1351.4679106972271,1897.471440301764,3777.1413122343083,8162.522880692653,16377.545698873619
state,Yobe,hospitalizations,23,72.47885201125376,18.635147567789833,25.976481498915575,47.13848228779827,99.41734102637022,196.28207307464407
state,Yobe,deaths,23,10.037843754009993,2.75997406761626,4.544290922326093,7.405115347659456,12.558560273178568,24.379611252499767
state,Yobe,cases,24,7859.191605837174,2619.4857241122236,3358.6658506352373,4963.344959952612,10571.137657222816,20145.973253278273
state,Yobe,hospitalizations,24,99.63667625602488,22.03078619335833,34.68653451673413,67.1904834039468,133.4956359914231,274.00961045440994
state,Yobe,deaths,24,12.56236825709124,2.879444146754965,5.1645680035325805,9.310594949866163,15.468272491027896,34.317276068566585
state,Yobe,cases,25,17884.127494642205,4821.388665752671,6529.051945551724,11332.66057576987,24532.775961398544,47197.15535901616
state,Yobe,hospitalizations,25,241.2658171271614,53.535185244728964,82.56312841891551,162.27085942209862,346.5800593991986,642.2582441612903
state,Yobe,deaths,25,32.97504711429018,10.000446325737714,15.368559013527111,24.37334720525368,38.1700389193067,87.51268594431019
state,Yobe,cases,26,18634.359299446958,3713.2525424094124,5582.458148503738,12746.232309485807,26933.988641756245,50667.26201193346
state,Yobe,hospitalizations,26,341.4183555095637,108.78057881914053,140.3787012216523,213.2560756792815,458.53696768313057,930.6869960577376
state,Yobe,deaths,26,54.04041333819108,15.360493556722655,26.338989388172873,40.79342061130672,65.02411885350557,129.36583209217687
state,Yobe,cases,27,35195.861539866535,8934.230506429523,12402.217731588047,22966.44604591796,48924.33635777832,92977.94591595163
state,Yobe,hospitalizations,27,332.37497367180345,103.01948803406738,140.1176047032935,227.65064202904853,439.2184961078092,861.8025669383236
state,Yobe,deaths,27,52.86454684607178,14.493740843185481,23.98846876866905,39.21481642724011,63.95770943293037,135.75478255285563
state,Yobe,cases,28,42734.149074704095,13041.011188060917,17106.56122330067,27306.90900162137,58323.87833908439,117793.27717942274
state,Yobe,hospitalizations,28,401.25234491659256,95.92775664204007,144.18379775612576,271.31746616040584,537.3922474909778,1074.0661427982438
state,Yobe,deaths,28,59.60926610443421,16.13113629030259,26.542710058870895,44.84421249747306,71.0836437949419,155.70643098061893
state,Yobe,cases,29,45576.89673996093,14265.160857133944,18510.556452358804,29136.247740537976,63636.89355678238,117433.93500221214
state,Yobe,hospitalizations,29,564.8449558936383,126.68098190762237,196.18231083784798,381.51781991228046,794.5434000568482,1516.6370584056688
state,Yobe,deaths,29,99.58649349229562,25.869835062650665,45.36330158141284,74.6893794495201,127.23669444277434,245.41957272299769
state,Yobe,cases,30,47497.63381598477,8281.780982426875,14224.920976956237,32596.396786661404,67045.83587977519,132891.77547301422
state,Yobe,hospitalizations,30,619.5853567945511,172.77118784816815,237.87675058995535,399.0392633337186,875.5279037006972,1606.8743798277562
state,Yobe,deaths,30,89.14405399689069,25.866064931686175,42.519473712126896,68.46612189393637,112.8573502708083,210.72702691934344
state,Yobe,cases,31,32382.44843446614,8037.756368956025,11035.701053191176,21517.466413390426,46891.95451640573,87180.26583444806
state,Yobe,hospitalizations,31,460.9257659052773,125.68001626787385,176.15055690824306,299.0053335828429,630.4053283691114,1207.37720935821
state,Yobe,deaths,31,58.33457775787661,15.432948278945537,26.269197475937265,45.16843743792147,67.91816290690574,141.065403254544
state,Yobe,cases,32,20483.85612033581,5004.946907603741,6938.146124759887,13328.164221076273,28098.26705432611,54256.30178590466
state,Yobe,hospitalizations,32,208.99778441930783,45.14879548474084,72.03366881917273,135.59592481237115,287.2635442887381,574.9739277447215
state,Yobe,deaths,32,40.107385152587696,11.978445787148027,19.62276815291979,31.05902042827836,48.514534610132046,100.82975041633894
state,Yobe,cases,33,9971.268765814599,2023.217379536023,3067.3087033573165,6794.95437462348,14228.642000408658,27117.092520074504
state,Yobe,hospitalizations,33,114.0359786946982,31.4271032308663,43.43205041013003,75.06503140529558,153.78648439969524,303.67735909995065
state,Yobe,deaths,33,24.278014791510838,6.196975262150009,11.09558408852719,17.861485699590958,29.028541203193495,63.934992988536074
state,Yobe,cases,34,7055.909492496167,1854.9956749855255,2506.602952193265,4516.465182218943,9540.250361082528,18729.468439954206
state,Yobe,hospitalizations,34,74.8155593610808,20.054245668166843,28.264670106131767,47.42924933113857,104.62418318660981,193.8349908255413
state,Yobe,deaths,34,16.548247749767675,4.483601797934036,7.912071973353097,12.874463487900053,19.77011498831522,43.812141846224485
state,Yobe,cases,35,5234.151440069416,1591.5664170881478,2045.118061504258,3266.166421204581,7143.292339693093,13974.93046594385
state,Yobe,hospitalizations,35,56.45773107407534,16.377514023130917,21.557726375435625,36.29726959624667,78.09374334770209,145.1022862856251
state,Yobe,deaths,35,13.849696340297331,3.282254038586857,6.123806726846245,10.190289178891073,16.56887243921424,35.737909267734246
state,Yobe,cases,36,4075.237568171486,812.4315321444755,1246.6817853306688,2815.7306158180872,5803.9347227137005,10769.183065996245
state,Yobe,hospitalizations,36,51.43352111324847,14.458319497967155,19.816528940822504,33.41446605216352,69.68398251816598,134.93599596303332
state,Yobe,deaths,36,10.57934618193328,2.67637977693244,4.795068581857743,7.916680082881753,12.832744617311032,25.617476038491745
state,Yobe,cases,37,3482.749357544425,971.3684028464995,1327.5907565435984,2292.142288116141,4930.453006314021,9314.811892388769
state,Yobe,hospitalizations,37,43.53819616098624,11.614493387369471,16.635662644910227,27.70053498806505,58.66360996931602,113.91602508277781
state,Yobe,deaths,37,9.541457561983469,2.1516951208777266,4.015495826846694,6.960359040368204,11.331258508798054,27.777781822996335
state,Yobe,cases,38,3360.8658140212606,958.4025222040946,1276.5734168961517,2159.834841201631,4500.561258333614,9093.576625762085
state,Yobe,hospitalizations,38,39.499064612991525,10.012781845404033,13.923061735257145,25.59794315390104,54.86232572493438,107.04251640491495
state,Yobe,deaths,38,8.342005702437602,1.7100473617098162,3.4624548877872616,6.408584585763897,10.40163604840734,20.845876128402217
state,Yobe,cases,39,3184.293911969903,900.2036572503871,1201.0857429016235,2135.812573068977,4347.108773885091,8354.48983236501
state,Yobe,hospitalizations,39,41.55001606804041,9.806526757522231,14.557936190766418,27.08446674616922,58.913900241065996,112.8185459807149
state,Yobe,deaths,39,8.93667645185311,1.7790522272986018,3.545890201520297,6.239722271831073,11.2918691303107,25.18347928102502
state,Yobe,cases,40,3437.237012373572,685.7095742008299,1068.9918358758687,2328.30260727475,4924.19282035763,9735.559364426732
state,Yobe,hospitalizations,40,37.36910854007505,9.467733408716139,13.29029198806686,24.369009946449413,51.06864933764517,104.43889135644112
state,Yobe,deaths,40,9.436873436118283,1.8173741956209133,3.7587449372019837,6.550760165363123,11.411902437818105,25.392614575145032
state,Yobe,cases,41,3385.412874155404,843.4787731362915,1200.3229935219538,2180.2921439959005,4780.147507563975,8829.845076542157
state,Yobe,hospitalizations,41,39.89909390785971,9.11600237561618,13.998020622989227,24.84161721179561,54.922054049195296,105.75873990602216
state,Yobe,deaths,41,8.301742728627985,1.672040139617101,3.216936062919463,5.9741922859259935,10.390842902747053,23.03368464187545
state,Yobe,cases,42,2937.679960675895,863.2869789034808,1159.9500296785627,1855.536763406188,4063.4044789300096,7690.82080620077
state,Yobe,hospitalizations,42,29.795972802502707,5.7899075195512175,9.634605204935788,19.835977092481862,41.35402827686888,82.99507620662996
state,Yobe,deaths,42,7.409625525403073,1.750389473203747,3.1506747990023696,5.448880349749875,9.28829608183494,19.265620277444334
state,Yobe,cases,43,2409.080072051974,722.8674814508569,918.0409632128598,1463.7570009410686,3319.4621387139787,6412.191059312389
state,Yobe,hospitalizations,43,24.308358830233434,5.652043084163847,8.499522285017928,15.592624340969332,34.083515302220704,66.51494380393792
state,Yobe,deaths,43,5.6819769316422875,0.9994241765139438,1.9195932359035235,3.8884391887580887,7.136431967873003,16.29937630049982
state,Yobe,cases,44,1650.3831114622806,405.8191040092856,552.7043530213114,1068.8646729277268,2283.385618580267,4714.786149422868
state,Yobe,hospitalizations,44,19.578995999835826,4.336547917699736,6.494934155395105,13.171537284818065,27.36806790494309,54.20813187510863
state,Yobe,deaths,44,3.4954332552797567,0.9846921730641809,1.3360656818445547,2.451343862062543,4.123448981243133,10.125937203467222
state,Yobe,cases,45,1229.216771956853,335.6720201146304,459.77574317984016,805.2397210229251,1758.6476135389785,3080.752167356075
state,Yobe,hospitalizations,45,18.313899635550726,5.780084577566299,7.342490273606836,11.242784484584528,25.361182652964096,50.81946110314434
state,Yobe,deaths,45,4.2741782636429,0.9311658469562514,1.4235689122371102,2.9494203504955943,5.360219293118507,12.971737877252975
state,Yobe,cases,46,894.2362963474695,204.58159809338508,296.3319941129429,613.123403845773,1274.5827963013953,2438.8927628320885
state,Yobe,hospitalizations,46,9.00685844700065,2.296768493871802,2.783281043966311,5.659260453512707,12.359792705660697,24.661125658124448
state,Yobe,deaths,46,3.043775766241344,0.6709149670406163,0.7504548869751568,1.7976803774883947,3.6624209751927657,9.385192127783938
state,Yobe,cases,47,859.9216749993965,287.3262168311677,366.15073903723635,548.1639186035625,1185.4631939709752,2229.9595242953715
state,Yobe,hospitalizations,47,6.487830279707865,1.5700573153220923,1.7776916368283249,4.0844700977598585,8.675784069121397,19.58378397901083
state,Yobe,deaths,47,1.9387715166371289,0.44468362208674417,0.44468362208674417,1.1876964982073979,2.4816543075262794,5.847420030583604
state,Yobe,cases,48,824.571313700341,242.14001020595953,320.7333371086751,510.2854984925983,1141.7078634948543,2204.837426325039
state,Yobe,hospitalizations,48,8.560997455127549,2.204630623705939,2.675811934023279,5.050624317439686,11.870357511357245,22.79593369363689
state,Yobe,deaths,48,1.6065309818928404,0.37398650842422687,0.37398650842422687,0.934579912746564,2.1562839769791475,4.979137399252033
state,Yobe,cases,49,631.0687994848457,165.4470102150888,230.1122646228336,415.6784946358492,907.1164331525479,1622.5355327141347
state,Yobe,hospitalizations,49,6.791715304465197,2.066737986249346,2.1501952560679225,3.932726393610457,9.324478472331425,19.596230516859226
state,Yobe,deaths,49,1.567159295590623,0.4481308983277446,0.4481308983277446,0.822123366607811,1.8865091746250202,5.15379122917004
state,Yobe,cases,50,489.02290860437125,124.12501205414677,170.75616150900242,322.5020929437656,681.7582830952447,1280.8519815781958
state,Yobe,hospitalizations,50,5.670911391307917,1.600625390395778,1.600625390395778,3.308827382179093,7.825279185167317,16.50560966009637
state,Yobe,deaths,50,1.0471161275598009,0.329147592580608,0.329147592580608,0.4725207116676918,1.2325746260635975,3.54602272908945
state,Yobe,cases,51,407.41422620802,122.16744290767781,156.21713131635005,252.08510154216512,554.1832870286569,1063.7046192636217
state,Yobe,hospitalizations,51,4.567046323408388,1.2926718256798377,1.2926718256798377,2.6148150139220117,6.514111690463265,12.954068472134926
state,Yobe,deaths,51,1.7047835909154823,0.5165987695897453,0.5165987695897453,0.887947358196212,1.978945770317937,5.620378137845145
state,Yobe,cases,52,589.8425008146181,190.7651558700196,241.84136577488533,377.2824543387759,805.5292157587039,1466.649179109888
state,Yobe,hospitalizations,52,4.931999751421987,1.3602321811163411,1.3602321811163411,2.7536827250046647,7.166875795246263,14.350530633675621
state,Yobe,deaths,52,1.0328173780914962,0.3106789908741786,0.3106789908741786,0.3369206015037528,1.142345877593531,3.5469707010195286
state,Taraba,cases,1,2075.481169529438,491.4155605725756,718.5119748655441,1321.7528153121666,2894.316591570672,5618.170373637156
state,Taraba,hospitalizations,1,18.015694842161015,4.492906863691248,6.370683978458282,11.297908505357041,24.63859909454213,51.56357618070476
state,Taraba,deaths,1,4.66615416795388,1.1829484893855349,1.6958228452005362,3.14979894993867,5.403499738679817,13.52086890123326
state,Taraba,cases,2,499.3823698171463,147.03477439916367,197.07413082287144,317.55885654077207,676.3930440854112,1301.1018922691403
state,Taraba,hospitalizations,2,17.31303634983726,5.506115335624431,6.961436505346143,11.365213368390073,23.19670736461029,46.02268182949093
state,Taraba,deaths,2,1.3250493864675255,0.4488241276081617,0.4488241276081617,0.5685774598012502,1.5374333855564952,4.041359291391182
state,Taraba,cases,3,855.3314850719478,212.9110916698137,300.0278743461721,565.2800545782186,1192.3616078751963,2248.623083824962
state,Taraba,hospitalizations,3,14.90399730653957,3.4142753364178082,5.187300256173174,9.8776826969971,20.42239539937251,40.51201071828899
state,Taraba,deaths,3,1.9460609189780544,0.6024030383836254,0.6024030383836254,1.1766748533185885,2.296632664002821,5.9727092204943535
state,Taraba,cases,4,974.2247295327371,256.75664263517365,359.4468261418325,644.7849023729311,1389.978911338815,2526.029466199391
state,Taraba,hospitalizations,4,11.637188759173922,3.1537625031332395,3.9739822106129497,6.973905185248718,15.14616896920256,35.061410855474634
state,Taraba,deaths,4,1.5826221149495223,0.5799961193692471,0.5799961193692471,0.7868168669595448,1.8894432314252256,4.814027571017881
state,Taraba,cases,5,780.2269361581714,209.1539419324965,282.237879124932,491.4951231047704,1072.4426206253793,2097.4808811972134
state,Taraba,hospitalizations,5,11.767075852258436,3.3488526727316064,4.233776810816327,7.6560171380957565,16.91551525017249,31.99350176610456
state,Taraba,deaths,5,1.33001632703682,0.4454695819375766,0.4454695819375766,0.751513424965289,1.627858206628045,3.938657271039069
state,Taraba,cases,6,666.1676040066307,184.46117198372815,249.84928952613612,430.58922663744363,905.3934996993466,1683.027135497259
state,Taraba,hospitalizations,6,10.160587901710842,2.54536961001686,3.2459013604171574,6.429358491414134,13.573105043857606,29.472232356070712
state,Taraba,deaths,6,2.340404865344173,0.6380670670386187,0.6380670670386187,1.41407847731216,2.8262487655209543,7.347532977481707
state,Taraba,cases,7,890.9093427793545,276.9405411826703,369.1504744879853,571.5248217463569,1245.7454231700967,2156.6031732567462
state,Taraba,hospitalizations,7,10.81140709018574,2.860967176936217,3.64773519646114,6.575629001755086,15.545288261181877,29.03530589644492
state,Taraba,deaths,7,2.232606067153366,0.5966738067659658,0.5966738067659658,1.3117141903496938,2.4761205754102193,7.158296946196903
state,Taraba,cases,8,1142.6067879735224,300.32169076393876,414.91277934416746,720.7287136918392,1512.7238413172054,3428.920583032551
state,Taraba,hospitalizations,8,12.674306639893253,3.532088086526766,4.376874313169143,8.066262121620074,17.845583475947436,35.28593800362317
state,Taraba,deaths,8,1.9417743076239902,0.6685846260636817,0.6685846260636817,1.0841037582315338,2.35233332717305,6.007821414278416
state,Taraba,cases,9,2021.1416554850173,541.6666709583677,721.6509391026971,1305.302545337521,2866.567897235519,5461.942829457502
state,Taraba,hospitalizations,9,17.091535589228844,4.369097204715958,6.103038971120692,10.662303295091952,22.81044325014885,45.69182879692538
state,Taraba,deaths,9,1.7434670360105993,0.4918199025450739,0.4918199025450739,0.959803070735046,2.151005794256743,5.844079419301893
state,Taraba,cases,10,2428.4696154398903,654.3979275686239,882.359122193956,1585.3302583274,3456.277982386002,6407.367029142442
state,Taraba,hospitalizations,10,35.90391963519829,8.184876610025743,12.267086424115206,23.92074485919547,48.9610093670737,96.7469112955514
state,Taraba,deaths,10,3.1250380888911895,0.7687802952611622,1.0466229769024782,2.2185016182487645,4.187656010362568,8.752077909220493
state,Taraba,cases,11,4786.048731467068,1239.2438670690326,1714.9544700674032,3118.5280465031815,6523.5938019466375,12679.088079893216
state,Taraba,hospitalizations,11,51.54193808271542,13.02021620912815,18.41461686733475,34.27892293315568,69.5652955800063,141.44365756339198
state,Taraba,deaths,11,4.787716964548503,1.150325331699095,1.8908633021326307,3.463287943238866,6.2278088912134635,12.04647775469018
state,Taraba,cases,12,9537.739283954565,2462.4722678718763,3408.5797008397894,6185.233606504384,13689.202380824509,24909.996053725892
state,Taraba,hospitalizations,12,66.78290708593923,17.402041172394874,25.181482850461446,44.107696611799,89.41179071179505,174.78954702272006
state,Taraba,deaths,12,13.069829196597144,2.818875072620637,5.470352853569614,9.605130188451211,16.021299631642496,36.02147324651557
state,Taraba,cases,13,18586.035984709648,5697.565632935977,7402.769745351181,11611.81041334192,25154.097798005092,48969.02195282786
state,Taraba,hospitalizations,13,132.20831030586834,40.64187779317031,54.21794285261742,87.06081469661606,183.92562489273885,327.97900871943216
state,Taraba,deaths,13,31.79072299614894,8.105978946904562,14.893145330136447,24.37905942963159,40.38424701444987,77.4999944870102
state,Taraba,cases,14,43400.943335357224,10715.368884864118,15042.623493366036,28935.95295175199,60161.05685251911,116253.75963446774
state,Taraba,hospitalizations,14,447.37348758440345,133.9297865716183,181.66772536256485,292.49106215733497,603.2903053191551,1186.7031010724652
state,Taraba,deaths,14,80.37232833724589,19.713938787711548,36.36029720008919,59.53491091112964,98.63533455378993,200.60563023583873
state,Taraba,cases,15,80424.26296710521,18459.09946566427,26471.2633386251,53783.87214136244,115137.10398537117,217092.7288848456
state,Taraba,hospitalizations,15,655.355204585273,158.9193075786442,228.60503589614433,431.45741836913817,931.1421485218524,1755.7872246681452
state,Taraba,deaths,15,92.20145401761384,25.80848781154357,43.510588454363315,67.66250181512038,110.27099157032566,233.8041984967228
state,Taraba,cases,16,116966.16461763394,34001.29777921479,44570.448711008925,75721.9632431874,165471.41933041596,294110.1492961138
state,Taraba,hospitalizations,16,1445.437072525195,427.25251551327165,571.206226027557,926.5639187693644,1879.1204762938364,3982.0802837951237
state,Taraba,deaths,16,202.8469590988545,58.98822813506383,94.42768408436052,150.01756215463467,235.94656117790873,524.5321671081572
state,Taraba,cases,17,139831.89474293057,34665.57094165542,49964.056348032245,91540.19820976372,196611.4960322164,380341.1740599631
state,Taraba,hospitalizations,17,1544.1464124669913,416.42735751203384,588.6239027613301,995.5492328235122,2095.374457088927,4116.167310725243
state,Taraba,deaths,17,182.60123271683506,56.82265860642081,87.01741397917411,137.70873502983775,204.476531184305,450.962691946201
state,Taraba,cases,18,66651.92642995669,15972.388347448568,21732.871376993477,41656.021612182034,94871.74641414665,174966.141664749
state,Taraba,hospitalizations,18,1518.600653517271,325.7789991717211,481.37804714957315,992.2697540580704,2113.5097677214617,4303.15399798931
state,Taraba,deaths,18,168.18821896058643,40.042910934501585,70.99516485343273,120.27531629181031,204.14302071403299,441.2104415332937
state,Taraba,cases,19,28149.599858288555,8687.470236633111,11488.274162467558,18221.885240509484,39192.044197816846,71765.20562294328
state,Taraba,hospitalizations,19,889.1315280029776,239.48071797650195,331.72657545336074,597.1471836376388,1175.4541998561044,2371.880156389865
state,Taraba,deaths,19,54.7101736750768,16.31629807438652,25.713161557561698,41.0779660946065,68.56086061640771,135.59071664331765
state,Taraba,cases,20,8367.464036834626,2238.62038322549,3070.138946093476,5123.1778541900385,11513.485163825126,23045.310686063425
state,Taraba,hospitalizations,20,465.98890404846645,160.12722363886274,210.44396030015997,312.2580223813354,629.0808461873596,1142.3777829953992
state,Taraba,deaths,20,11.04002688492568,2.4114243416663923,4.570480436965493,7.887089519863563,13.543701785131855,29.678266481680488
state,Taraba,cases,21,4628.707544753937,1497.480732609875,1915.3279825688935,2933.2233770394037,6365.903589163074,11792.022343632874
state,Taraba,hospitalizations,21,90.11586993291974,22.41188104346709,32.11773913226225,57.83960488935819,122.87170021527058,245.7285189108119
state,Taraba,deaths,21,6.194312235518426,1.3159231715405038,2.419259968970435,4.363749006544796,7.9350174686144985,17.47806172855317
state,Taraba,cases,22,4698.433966965914,1377.7956351703026,1868.0636574756431,3017.418085931841,6429.510014155259,12496.607433866564
state,Taraba,hospitalizations,22,41.82050101609339,11.772836208332068,15.922637715023876,26.02372585961189,57.72122506438057,115.27259094848313
state,Taraba,deaths,22,4.245020147180807,0.977010635017292,1.468635194105397,2.923646859475528,5.245622833789917,11.650333692186546
state,Taraba,cases,23,5463.864079483367,1238.0760135201238,1738.3022085220691,3460.3791858955115,7478.087161538882,15004.356468202875
state,Taraba,hospitalizations,23,40.910758277764444,10.19890054267036,14.386028154589944,26.45576897524858,56.27300042086293,111.51977137360797
state,Taraba,deaths,23,4.6205968776266335,1.3308253636719563,1.800504094052035,3.245549209424305,5.8486311570672935,11.819620437279475
state,Taraba,cases,24,9596.96510154894,3198.836822102188,4101.438872268212,6060.889081977494,12908.48279268931,24600.174612995874
state,Taraba,hospitalizations,24,81.40069696920473,17.857433935830198,28.21986515779937,54.833853219178515,109.12401179327236,224.17579371033258
state,Taraba,deaths,24,12.621857660017206,2.8964833922623545,5.19164394113747,9.355881014578546,15.540604229143508,34.47239616176034
state,Taraba,cases,25,19466.667737572778,5248.0909150316975,7106.85436800348,12335.503522583896,26703.612472437486,51373.41746674266
state,Taraba,hospitalizations,25,197.17941656451163,43.61112724113751,67.35670105153014,132.55959188115372,283.32906547866713,525.2011167728389
state,Taraba,deaths,25,19.049520071028294,5.491428526483753,8.659183615962686,13.972962458367778,22.11447194913834,51.231860188278375
state,Taraba,cases,26,27493.170148945672,5478.920710742022,8236.702632276836,18805.96628454818,39738.2477803389,74753.76026635029
state,Taraba,hospitalizations,26,272.771030542583,86.77199502682011,112.03539108651154,170.30245997308475,366.40994514679454,743.9043106181447
state,Taraba,deaths,26,43.17303151102237,12.130217481770453,20.941078681640516,32.54157379366327,51.98807377559639,103.62592229431176
state,Taraba,cases,27,28031.487096020734,7115.45081160853,9877.523987601988,18291.38763750265,38965.51008398673,74051.94073274941
state,Taraba,hospitalizations,27,339.2935083548007,105.17820567188198,143.04621998526238,232.39583144667088,448.35435564721524,879.7083185854716
state,Taraba,deaths,27,39.82570123108501,10.743212774505675,17.939577512595005,29.480124249688497,48.23357186207997,102.65092108506327
state,Taraba,cases,28,31103.05522388796,9491.407187228715,12450.448995893626,19874.599548057035,42449.77590847245,85733.57169979696
state,Taraba,hospitalizations,28,435.7259065487545,104.23459446335704,156.62624256269356,294.6554356510287,583.5331800690263,1166.2007428838954
state,Taraba,deaths,28,63.77867055115538,17.30961345092521,28.437415360141763,47.99790624314622,76.04238829543853,166.48650690225426
state,Taraba,cases,29,45600.298103408575,14272.485627233018,18520.06096422766,29151.20787193961,63669.56758482411,117494.23040397493
state,Taraba,hospitalizations,29,468.33179407461427,104.90311654059664,162.54997378946481,316.27379172517806,658.8517974296162,1257.7817845804723
state,Taraba,deaths,29,84.56535366259007,21.857213331204,38.43961220879787,63.38626396292681,108.08639650867173,208.62036907114802
state,Taraba,cases,30,28499.11012618557,4968.830733758916,8534.831073802861,19558.076200927913,40228.414041437645,79737.26680212347
state,Taraba,hospitalizations,30,428.250622496985,119.19521527408624,164.22786554362938,275.7018282483937,605.2826719645942,1111.145284901569
state,Taraba,deaths,30,50.35891011753702,14.306742406836703,23.794899271123708,38.57781076373166,63.86938582750086,119.629912488504
state,Taraba,cases,31,14920.241450052621,3702.997892073732,5084.353450234871,9914.010553580025,21605.75068504824,40169.296257038164
state,Taraba,hospitalizations,31,278.0105327088412,75.51675102642369,106.00176283903659,180.2080081187918,380.37889251146873,728.8791143107464
state,Taraba,deaths,31,30.597949074256793,7.751132019589306,13.521821838015983,23.586342286189286,35.70138382402277,74.65490246747623
state,Taraba,cases,32,10245.693568650127,2503.01582914835,3470.0179827875236,6666.357607847559,14054.48456469343,27138.948750239273
state,Taraba,hospitalizations,32,218.94073694773252,47.33384369378546,75.49165912156445,142.0634539805541,300.9122156043144,602.2450793762123
state,Taraba,deaths,32,19.577738092668806,5.496534494842249,9.323002220901403,15.047571142101281,23.785162057641852,49.972242518901325
state,Taraba,cases,33,7722.618049130276,1566.7758246491203,2375.434594582276,5262.532010774088,11019.994556802922,21002.223415321067
state,Taraba,hospitalizations,33,149.96874279722724,41.556068656678605,57.31089426485238,98.8247877958753,202.1357599333538,398.84671216796266
state,Taraba,deaths,33,14.89625388605728,3.5253043367795205,6.605444945678702,10.85969937723051,17.881305379585122,39.829736754157686
state,Taraba,cases,34,6153.172954521237,1617.5723224663475,2185.824457005576,3938.580361199919,8319.711068623921,16333.422656440542
state,Taraba,hospitalizations,34,93.82162101356802,25.332489440684878,35.601245596747944,59.57033420867919,131.10388689667715,242.67960835313093
state,Taraba,deaths,34,12.013272357718801,3.0650747038621455,5.606650094747136,9.285343945939076,14.39719187252405,32.21990016007373
state,Taraba,cases,35,5004.093677983685,1521.5813803451938,1955.2017816064185,3122.5913969042326,6829.337733762108,13360.760785683693
state,Taraba,hospitalizations,35,70.07673242974197,20.496678677266274,26.90480818700363,45.1382116557448,96.84211849085779,179.73436154996025
state,Taraba,deaths,35,9.34513236325078,1.981022812182424,3.9591243702382513,6.789941235761136,11.2302901821546,24.574509268288132
state,Taraba,cases,36,3784.5311583253315,754.4197611398088,1157.700442516877,2614.8488882117294,5389.942234687942,10001.082286750914
state,Taraba,hospitalizations,36,62.28032032689965,17.656482481705858,24.123248847680358,40.534455482297595,84.30775171006034,163.0597173354503
state,Taraba,deaths,36,7.629772809212248,1.8145784072483382,3.3131007571180975,5.636425276632078,9.295308923301722,18.8106121493714
state,Taraba,cases,37,3354.2858528106344,935.5122490013481,1278.5988781316532,2207.582503541884,4748.605326816312,8971.290667893867
state,Taraba,hospitalizations,37,50.00623782850522,13.44707488347158,19.197698871186386,31.870030165732835,67.33129278961061,130.6105505548166
state,Taraba,deaths,37,7.301910976795023,1.6306401942831852,2.944063555819806,5.2598321414806435,8.697000847176641,21.630145537729078
state,Taraba,cases,38,3146.5739952854656,897.248352836191,1195.1384203137904,2022.0990558595931,4213.623051229785,8513.870750043186
state,Taraba,hospitalizations,38,42.92428209622706,10.944646778584131,15.18580153360986,27.84857254688969,59.5892097365954,116.18471442024136
state,Taraba,deaths,38,5.951599075492423,1.2025042566995863,2.3127498433640765,4.499839896019335,7.464123219895343,15.217513575448281
state,Taraba,cases,39,2926.575642683616,827.2883617581083,1103.8264425808138,1962.9256579711034,3995.308563655458,7678.45727833782
state,Taraba,hospitalizations,39,42.2158260020354,9.975687430723486,14.80147336220962,27.524088782729056,59.85176639605764,114.60021203243537
state,Taraba,deaths,39,6.58093379728138,1.2568554777946797,2.4626016375362205,4.514491789829427,8.362708796785423,18.943939298083404
state,Taraba,cases,40,3181.158178426928,634.5636565725554,989.2991734219902,2154.8168663461415,4557.3659757100395,9010.383421139053
state,Taraba,hospitalizations,40,43.46786674084886,11.132578546858694,15.56309759077361,28.40383498638294,59.349929946802405,121.20846493955759
state,Taraba,deaths,40,6.5976014332164885,1.2372501578687527,2.4570541344927324,4.485351073171768,8.016793126300367,18.173269116357694
state,Taraba,cases,41,3173.3724323423166,790.60168495718,1125.1020834401766,2043.7104077681038,4480.775674432065,8276.901191316712
state,Taraba,hospitalizations,41,43.89024841826651,10.103807739735638,15.46254432241754,27.36499424864399,60.38271952862672,116.18349585507161
state,Taraba,deaths,41,5.679480077766697,1.1969058333054323,2.0186328980954817,3.992375022486084,7.15397070532401,16.204166731470522
state,Taraba,cases,42,2801.7681547572333,823.3143361840823,1106.2569371246382,1769.6732914917825,3875.4287346818205,7335.079701159486
state,Taraba,hospitalizations,42,34.65773070003363,6.8626305413595965,11.31474382218928,23.127808718261473,48.045450960918004,96.26527932883062
state,Taraba,deaths,42,5.241574761653972,1.294237999498569,2.0690090009497277,3.7683022153860866,6.60716625816515,13.9843998995669
state,Taraba,cases,43,2177.1148062725633,653.1967204371542,829.5851547250002,1322.777142651024,2999.8744654872253,5794.934568202961
state,Taraba,hospitalizations,43,27.745411483444798,6.556965813224246,9.791807004489055,17.84983204556906,38.85616484922954,75.69946146661907
state,Taraba,deaths,43,3.807772817067309,0.7130099174479458,1.0828983138813535,2.4875138147882114,4.804699167844297,11.341733527944374
state,Taraba,cases,44,1431.5130867226947,351.90035751065875,479.3178174542383,927.0675903450223,1980.6190870691821,4089.768112102126
state,Taraba,hospitalizations,44,19.60670569939419,4.3424087411579695,6.505063522520641,13.190690048660265,27.40640721099882,54.28274539732021
state,Taraba,deaths,44,2.703145287978556,0.8032255981625263,0.9055577021675398,1.8153039232993482,3.1792607732507814,8.07556473975465
state,Taraba,cases,45,1120.157837244455,305.82598590492887,418.92789194092893,733.766426964579,1602.6545409550959,2807.5542919240324
state,Taraba,hospitalizations,45,15.423197442260626,4.910883573763094,6.087958298732049,9.401731742095464,21.39702501549167,43.026923294578424
state,Taraba,deaths,45,2.61818433233216,0.6269157467427569,0.6316894776200299,1.6589826251953503,3.282074606394377,8.406597668120483
state,Taraba,cases,46,798.7431226640429,182.65259528938302,264.6161489541732,547.6160142261056,1138.518776096028,2178.633986103907
state,Taraba,hospitalizations,46,11.504841164814932,2.8789125906590076,3.7421999476818453,7.3471315525479515,15.745995746434065,31.165252155266177
state,Taraba,deaths,46,1.9397821396108772,0.4744330458287809,0.4744330458287809,0.9783610262891611,2.2969999073858594,6.34381937316854
state,Taraba,cases,47,745.4583120357755,248.9919648690519,317.3364165208353,475.15013492610086,1027.7176392263211,1933.3435402841114
state,Taraba,hospitalizations,47,8.77581897968367,2.062117779418283,2.6482281596644093,5.677957603961929,11.708202537596016,26.034800893313715
state,Taraba,deaths,47,1.674483270246013,0.40013637675595615,0.40013637675595615,0.9685387694886625,2.132871260679292,5.161463352993489
state,Taraba,cases,48,483.5479627286191,141.70480895836474,187.83315160157576,299.0859435835466,669.6831476116199,1293.659847428147
state,Taraba,hospitalizations,48,11.077231571830014,2.7943374881645275,3.6590385601274518,6.669078971878056,15.312992341370325,29.161002424175763
state,Taraba,deaths,48,0.8482938798644744,0.2446377811655435,0.2446377811655435,0.2654770337460962,1.0646368023005297,2.9111649048519
state,Taraba,cases,49,444.01118399842306,116.18784592624114,161.71574012225847,292.3645679010067,638.3638943339888,1142.0582719246368
state,Taraba,hospitalizations,49,9.558453865096391,2.8194070229208643,3.29744006624086,5.729137185662849,13.08446900698451,27.097009563516128
state,Taraba,deaths,49,1.5364460792830559,0.4418741277185455,0.4418741277185455,0.7966830143155026,1.8462079460456675,5.067872449095969
state,Taraba,cases,50,562.8506177249757,142.97656538245027,196.6332454348805,371.2414845076849,784.6238410904843,1473.9780448089084
state,Taraba,hospitalizations,50,4.832739988193489,1.3911343658963446,1.3911343658963446,2.744884895635934,6.6702201756778585,14.214462634574064
state,Taraba,deaths,50,1.1238608646785753,0.344856423443583,0.344856423443583,0.54279793478349,1.3391260272597454,3.762985282546428
state,Taraba,cases,51,550.7713346249822,165.4003357241064,211.40177448703693,340.9202742964524,749.05767083456,1437.425625392517
state,Taraba,hospitalizations,51,10.344189234448386,2.694595474096135,3.29349150138912,6.535140770230939,14.663288199483011,28.087482997061187
state,Taraba,deaths,51,1.2482159077751458,0.41313002982767943,0.41313002982767943,0.5098134070743101,1.382297495450556,4.294393209125395
state,Taraba,cases,52,366.17317673124734,118.17054269129149,149.9113437005366,234.07985676345396,500.2095336208729,911.0559382200972
state,Taraba,hospitalizations,52,7.08907686635961,1.8762796756924907,2.0839053184484273,4.177762078929869,10.265240803191157,20.174244396587394
state,Taraba,deaths,52,0.6420334176828181,0.0,0.0,0.0,0.7108922382785194,2.9569632767411753
state,Kwara,cases,1,1978.0223292946846,468.3042267684626,684.7419587274715,1259.6699237409453,2758.4260276360797,5354.4367863876005
state,Kwara,hospitalizations,1,25.338355399835578,6.377310509342421,9.217069728172445,16.04707311792788,34.53962636943607,71.86239982204447
state,Kwara,deaths,1,3.3803764778728738,0.9055641658360982,1.0636913508583854,2.1767310734220717,3.9019716000494262,10.115935014711413
state,Kwara,cases,2,791.6120873061852,233.4889800439981,312.75196198508206,503.60131180265444,1071.9992641336078,2061.546086693505
state,Kwara,hospitalizations,2,8.186782671830494,2.7397881808676083,2.961531553643268,5.152807083685846,11.040040720642352,22.39801839521889
state,Kwara,deaths,2,0.5957295194388345,0.0,0.0,0.0,0.6633560938077787,2.6574679163343826
state,Kwara,cases,3,1359.6204153261854,338.8821641670756,477.30154392049997,898.7592830379405,1895.1257350067563,3573.4138198820547
state,Kwara,hospitalizations,3,10.649716806729975,2.494651557966505,3.5207713798100517,6.947814810858137,14.652343994754911,29.330887819185932
state,Kwara,deaths,3,0.6178268772240592,0.0,0.0,0.0,0.6801559876070328,2.972604255030273
state,Kwara,cases,4,735.7551570662969,193.7279739517557,271.307551240434,486.87253109011783,1049.8458771245027,1908.1004718193974
state,Kwara,hospitalizations,4,10.459069374124672,2.856393299989687,3.5049839506137603,6.222043296941056,13.623741901399324,31.661169715036515
state,Kwara,deaths,4,0.6426338791219574,0.0,0.0,0.0,0.7656015447933371,3.0014832850191477
state,Kwara,cases,5,974.6004726432474,261.4413926194609,352.70901329086803,614.0306046004384,1339.5210183708948,2619.5944070447617
state,Kwara,hospitalizations,5,9.874281251222182,2.8462625605713465,3.4483004905862296,6.356936811355641,14.226785198740128,27.04189314855961
state,Kwara,deaths,5,0.5148414231867044,0.0,0.0,0.0,0.6146072013353133,2.3242169234654044
state,Kwara,cases,6,861.7661394903259,238.83421619518913,323.3926590839153,557.1214805326517,1171.1276871035834,2176.746014291609
state,Kwara,hospitalizations,6,11.775854552940313,2.918363552207686,3.8680882052443395,7.518043490542053,15.708621975810539,33.93757916822596
state,Kwara,deaths,6,2.9887890938960027,0.772310708647449,0.8396876049065485,1.9219791395857553,3.631257509145293,9.103779747194906
state,Kwara,cases,7,823.997796982698,256.08928382041586,341.3815755232349,528.5736842343006,1152.2138729575377,1994.738556962336
state,Kwara,hospitalizations,7,10.3407809879754,2.7455147754699607,3.4601789762652433,6.269919601129709,14.877614308784239,27.823251377793763
state,Kwara,deaths,7,1.9624549093272727,0.541505285739229,0.541505285739229,1.0979728605444523,2.1547181124876085,6.40397997850879
state,Kwara,cases,8,1427.0759197065859,375.2746559311421,518.3699715022994,900.2568020958511,1889.2586007743284,4282.10416014089
state,Kwara,hospitalizations,8,10.905719372502153,3.0707079553843832,3.674518393675207,6.881978744713251,15.383873132778332,30.54607579616657
state,Kwara,deaths,8,1.966410616363374,0.6749139272586935,0.6749139272586935,1.1038333779285432,2.3840689168151212,6.074162473768464
state,Kwara,cases,9,1636.8700005869812,438.54262960273786,584.3241244706101,1057.0632394843585,2321.6381894604847,4423.808791718445
state,Kwara,hospitalizations,9,17.08020557152185,4.366347941943536,6.098569370262809,10.654964768438141,22.79546048319373,45.662447874351905
state,Kwara,deaths,9,2.4825947352497866,0.640304929400569,0.640304929400569,1.5514859409964938,3.1023239039161083,7.910370984806496
state,Kwara,cases,10,2474.514763104922,666.8195253373166,899.1012131277873,1615.3955904994873,3521.8029324435483,6528.8232532801385
state,Kwara,hospitalizations,10,31.588120884934796,7.109983791659739,10.714458498514517,21.004306150781968,43.11414473871655,85.30773171480864
state,Kwara,deaths,10,2.8588227678613802,0.7166496239068301,0.9078423259768668,2.0002563651529957,3.835883218782802,8.090793571365925
state,Kwara,cases,11,4195.95852141637,1086.3614117010534,1503.4320915665287,2733.9898762272414,5719.319781968937,11116.038222192597
state,Kwara,hospitalizations,11,47.54047869738212,11.952301762667904,16.93581300897351,31.59174101713462,64.19036430615317,130.59377925555657
state,Kwara,deaths,11,5.897084583737787,1.3759900619605232,2.457977551746556,4.338872129759722,7.6457221535491495,14.605866652981456
state,Kwara,cases,12,12976.083491501131,3350.4581274851016,4637.600461924117,8415.130016739005,18623.987435221476,33889.44044734958
state,Kwara,hospitalizations,12,104.48357431021799,27.637395024381732,39.74382073644517,69.19693709031844,139.69950943047706,272.56501662427274
state,Kwara,deaths,12,15.208428254415827,3.4000593958744747,6.455058446946049,11.219096420492475,18.611725429606167,41.65567165978571
state,Kwara,cases,13,31002.292929452018,9504.243318028797,12348.534502766644,19369.24081059552,41957.861345194084,81681.30462426443
state,Kwara,hospitalizations,13,282.9698064719903,87.77100798669848,116.71208950578827,186.7256189928732,393.21935307131895,700.3083885299367
state,Kwara,deaths,13,32.95910306047368,8.43043791869893,15.45944068645806,25.283351387219007,41.858826553133795,80.29706085907515
state,Kwara,cases,14,65556.3015015086,16185.745845873345,22721.930939047532,43707.37809116181,90871.93786724236,175598.2414775932
state,Kwara,hospitalizations,14,709.5314445904608,212.82142081486748,288.4710913465515,464.0913449243241,956.6107318557819,1881.1371546655732
state,Kwara,deaths,14,56.92344993883364,13.74485025712222,25.5942655051052,42.090703601111294,69.92364727781518,142.50939525725087
state,Kwara,cases,15,75514.36295445368,17332.124691119974,24855.152165269086,50500.34735493622,108108.01191456677,203839.32488125248
state,Kwara,hospitalizations,15,1080.9148806784826,262.6058606200263,377.47358149878437,711.8489466142172,1535.51323909382,2894.831749754006
state,Kwara,deaths,15,115.35755935979066,32.46911531324808,54.56934162463821,84.72185074746487,137.9165130859448,292.1418157848388
state,Kwara,cases,16,128576.73830662703,37376.48589505244,48994.76806059787,83238.49189939626,181896.7958402448,323304.6602754982
state,Kwara,hospitalizations,16,1251.4056951708467,369.80485531507315,494.4479872657208,802.1364492571146,1626.9129157046068,3447.7725228439413
state,Kwara,deaths,16,170.22105914507534,49.38705508744449,79.15439235844683,125.8470574980929,198.02303838631508,440.4202432297705
state,Kwara,cases,17,127741.06604472212,31668.081891740472,45643.76434298577,83624.97233664023,179611.1470526505,347454.4053084659
state,Kwara,hospitalizations,17,1143.3783471496008,308.1582943793375,435.69183828644,737.0720394586792,1551.6331465118158,3048.288458343279
state,Kwara,deaths,17,146.73754396868836,45.5278878678751,69.82456024581005,110.61410812484574,164.33983792577942,362.67870240059705
state,Kwara,cases,18,101962.79109688001,24434.644761676478,33246.87131648317,63724.751844464176,145132.68601039553,267658.8618707388
state,Kwara,hospitalizations,18,989.6062017941554,212.02261383366474,313.4554353867221,646.498522817197,1377.4190503017523,2804.817195469415
state,Kwara,deaths,18,137.89701650933486,32.694650328984494,58.10525959002547,98.56236736012033,167.41452501801965,362.03775390270397
state,Kwara,cases,19,26869.670964408502,8292.429841207613,10965.889060754645,17393.34171154021,37410.04630219708,68502.19735159741
state,Kwara,hospitalizations,19,254.81496799874836,68.11177195519939,94.6223159996305,170.9015649115309,337.101262589112,680.9422098592462
state,Kwara,deaths,19,33.17080126616485,9.62125175944749,15.38498095694793,24.809250308377166,41.66636032926323,82.78028509557345
state,Kwara,cases,20,8444.975780049277,2259.3645579365025,3098.584946735692,5170.639844379872,11620.1364935481,23258.773958186037
state,Kwara,hospitalizations,20,64.2265492049911,21.505303968035253,28.533250131745802,42.754040160952286,87.00599084153299,158.70029133179526
state,Kwara,deaths,20,8.242912331425662,1.7765189416566516,3.2703807533101927,5.812923313889948,10.149333506849707,22.518236929605994
state,Kwara,cases,21,3351.7783960115707,1084.1816834147362,1386.781624977547,2123.929199633212,4609.83483068454,8539.36462459002
state,Kwara,hospitalizations,21,29.901300805992165,6.937526117666209,10.228184477459605,18.948884059991652,40.99726001823309,82.6504362546363
state,Kwara,deaths,21,4.403924788697257,0.9824586837743272,1.5527946625214843,3.004536057296458,5.670819156895921,12.795586700766869
state,Kwara,cases,22,3437.34947916781,1007.798354736208,1366.5038522483997,2207.4311273714984,4703.894443325736,9142.897395545748
state,Kwara,hospitalizations,22,53.600108698782975,15.287509460095512,20.579202721899854,33.45978507877013,73.87941543637703,147.26706411437914
state,Kwara,deaths,22,7.123436640795958,1.5246191036342918,2.8522900794937858,5.122826859264649,8.74625612578119,18.740768138224798
state,Kwara,cases,23,6135.602911669834,1390.3827245757736,1952.0965165558778,3885.85048367531,8397.41346181677,16848.808678521178
state,Kwara,hospitalizations,23,71.51729761637188,18.37819582081889,25.62345873581465,46.508526893896885,98.10324796372227,193.70037751327578
state,Kwara,deaths,23,5.281324151311432,1.491192331891007,2.137970123260408,3.757145902518283,6.673904138098438,13.364408896655615
state,Kwara,cases,24,7765.586039427089,2588.278844843163,3318.656212108898,4904.225495042073,10445.23602744133,19906.04667929736
state,Kwara,hospitalizations,24,136.8316614372479,30.542889166578203,47.876160524873086,92.39346221912196,183.20478154103733,375.6522596961501
state,Kwara,deaths,24,6.587726934780484,1.3315870978371578,2.439980339395466,4.753565196244871,8.189700488417,18.707907390631632
state,Kwara,cases,25,18944.16892786886,5107.208925873928,6916.084446465171,12004.400254675857,25986.87904455371,49994.56344388519
state,Kwara,hospitalizations,25,180.32438266543585,39.816979115362855,61.543006907983795,121.20043315656046,259.1470584861527,480.4480449620202
state,Kwara,deaths,25,21.429960447145262,6.262262667747007,9.806177452148049,15.750948707723394,24.859233608760114,57.43420855128546
state,Kwara,cases,26,22318.53665012429,4447.553656305648,6686.297882346846,15266.337438868719,32258.987934775214,60684.28718987503
state,Kwara,hospitalizations,26,352.3729112578685,112.29264951104558,144.90165052981894,220.11049831076969,473.23835050882786,960.4932753475756
state,Kwara,deaths,26,33.28094820619304,9.189844120531033,16.027606124013474,25.03029302364852,40.12195496915112,80.19605334991567
state,Kwara,cases,27,33138.378326680366,8411.908743390954,11677.169782544912,21623.850921755802,46064.33538463479,87542.72777341543
state,Kwara,hospitalizations,27,303.3094633992562,93.95048244945583,127.81417609266599,207.71558958188302,400.8377650053503,786.5785733784046
state,Kwara,deaths,27,46.21745794243917,12.581754594998774,20.90479716653612,34.25215590771465,55.941682289679434,118.87872490730479
state,Kwara,cases,28,33026.79661134433,10078.49901307641,13220.553330996718,21103.876990367542,45075.29576293971,91036.13249862417
state,Kwara,hospitalizations,28,338.49165975975654,80.80478099144219,121.5317616996664,228.8296324103145,453.3905834542674,906.3309174761266
state,Kwara,deaths,28,53.832192856259745,14.498253473292257,23.91743072964821,40.47449495054832,64.21287110679961,140.76969624644272
state,Kwara,cases,29,28027.472278627523,8772.083505541392,11382.821632214092,17917.170845631503,39133.60389809229,72216.50136982623
state,Kwara,hospitalizations,29,260.9431313476211,58.106573039255395,90.28039652779833,176.0766258503545,367.2760218383824,701.5504057028261
state,Kwara,deaths,29,36.92785895599275,9.131731200124412,16.482076390789686,27.53997598045207,47.353840470448674,91.91671748105745
state,Kwara,cases,30,28766.96032694743,5015.53827818229,8615.052660900768,19741.896630531155,40606.49877794646,80486.66428433625
state,Kwara,hospitalizations,30,384.4742996010557,106.93733076881439,147.3774103215315,247.48290917302137,543.4520661992752,997.725225506365
state,Kwara,deaths,30,37.587063493961786,10.500287677184266,17.628945791716504,28.73566793759985,47.73777702859324,89.63187053253966
state,Kwara,cases,31,20066.01934883671,4980.368180194685,6838.101587031619,13333.326723994473,29057.110581061926,54022.52846690546
state,Kwara,hospitalizations,31,237.58346507578864,64.42990122625967,90.4978051168968,153.95197997266516,325.11922137400245,623.123707761329
state,Kwara,deaths,31,27.011934737179995,6.7578938827697375,11.87362052722218,20.795835555302503,31.535841125492784,66.06820371811968
state,Kwara,cases,32,11892.068312261465,2905.345457832256,4027.719479684627,7737.626998177455,16312.832063961796,31499.626257177388
state,Kwara,hospitalizations,32,107.05235973320686,22.745423147011696,36.57877864143589,69.28413202896331,147.32326098861512,295.3618983396219
state,Kwara,deaths,32,18.186875814505985,5.057327974280849,8.625102457452247,13.962654577680734,22.10952948807268,46.52619889368664
state,Kwara,cases,33,8529.954906893685,1730.6528056052325,2623.839322271564,5812.720195545079,12172.000657870914,23197.655178927984
state,Kwara,hospitalizations,33,76.76958448190184,20.922205320729244,29.038098839019863,50.423441197404166,103.6427449200593,204.9758337096531
state,Kwara,deaths,33,13.742294925547846,3.196629361737135,6.053057914514711,9.998323852685028,16.509947319981293,36.86425383633693
state,Kwara,cases,34,6981.132185084384,1835.3289413692175,2480.0315760090834,4468.596652374256,9439.148170087712,18530.994306483946
state,Kwara,hospitalizations,34,59.93668111102843,15.92190351063414,22.520858054546412,37.92398223095891,83.89319752622502,155.59449249373932
state,Kwara,deaths,34,10.564330526810975,2.611576090885113,4.869614032028321,8.13791381161865,12.679485393158034,28.513897258942336
state,Kwara,cases,35,5713.305123748446,1737.328019973351,2232.3915372833962,3565.1978520683747,7797.182495695615,15254.094715967949
state,Kwara,hospitalizations,35,47.333634373891655,13.61775300781495,17.97528450473842,30.374008623909628,65.53269294913261,121.89946260193253
state,Kwara,deaths,35,9.931225554130771,2.1505159077732534,4.24108710379957,7.232856750907154,11.925672228369098,26.028608420560328
state,Kwara,cases,36,4364.069720527848,870.0692866410087,1335.0894430017433,3015.3172082991887,6215.2580968323755,11532.331705936584
state,Kwara,hospitalizations,36,40.18430356684151,11.141164646302306,15.349571845004192,26.029568033501047,54.516116724218534,105.76589447923584
state,Kwara,deaths,36,7.252581474120854,1.7346934437864645,3.123220895761077,5.344263423154977,8.842068449436603,17.93847015683568
state,Kwara,cases,37,4088.729510796005,1140.5068491867507,1558.6922359067423,2691.0225095565766,5788.2537094695235,10935.249110694207
state,Kwara,hospitalizations,37,36.88738166951696,9.729576681109368,14.000459301853855,23.41196657581528,49.74839381806302,96.74473418397609
state,Kwara,deaths,37,6.644342965198414,1.500088522480818,2.6282954956970066,4.758659930628977,7.920643391677763,19.818339755289042
state,Kwara,cases,38,3560.2739352876374,1015.3092118444247,1352.352323294085,2288.00414952258,4767.57009299501,9633.01886973644
state,Kwara,hospitalizations,38,31.66271275925567,7.880473018213455,11.033639542618463,20.448015572629156,44.046191171212726,86.12318696789096
state,Kwara,deaths,38,5.281581224418099,1.0848447043380727,1.988612393135269,3.961705667703425,6.635947399612675,13.630703901326092
state,Kwara,cases,39,3476.7397575657196,982.9442999924063,1311.4507488561699,2331.99602648991,4746.314116394606,9121.617876722477
state,Kwara,hospitalizations,39,34.294242244203474,7.962749630602349,11.9034878620611,22.29277941033907,48.69157059457319,93.39916763582305
state,Kwara,deaths,39,6.256737354234136,1.2026364083397771,2.313229619832445,4.276603966890653,7.958814023275226,18.08358434947428
state,Kwara,cases,40,3745.5780260993242,747.2936725286221,1164.9486783404573,2537.1944098515937,5365.883995677587,10608.733777308698
state,Kwara,hospitalizations,40,30.624636138891265,7.626159708585414,10.776220902677956,19.905875503530325,41.908284674394096,85.8891746497394
state,Kwara,deaths,40,6.226584794243834,1.1761867239123318,2.286434154787896,4.214626215426431,7.571776936110501,17.226988653211766
state,Kwara,cases,41,3803.238021419536,947.6729399019445,1348.5456040934084,2449.4261052582256,5370.058937645488,9919.419585525557
state,Kwara,hospitalizations,41,30.53072710100078,6.7967484861374885,10.559486667303926,18.917016860441322,42.10103675941498,81.28260659078022
state,Kwara,deaths,41,5.606930267963813,1.1837025161178425,1.9853337307613415,3.93730309526584,7.064022558556786,16.014383990019216
state,Kwara,cases,42,3241.605244753072,952.6735977604147,1280.0182481613642,2047.5442193961119,4483.7548751600325,8486.327242722564
state,Kwara,hospitalizations,42,23.815524047106265,4.469847016180048,7.567077442656477,15.785148663709737,33.1197659211637,66.66516563586686
state,Kwara,deaths,42,4.595315749805097,1.1574221159522389,1.7445793533584384,3.2642376763548397,5.803001047981301,12.400376008702116
state,Kwara,cases,43,2457.8481541160195,737.5149735189666,936.6377997387206,1493.3964268066832,3386.651844130483,6541.962277912041
state,Kwara,hospitalizations,43,22.411926506039023,5.2189520293729945,7.786163459887545,14.346614841694672,31.44894753064895,61.444964541224934
state,Kwara,deaths,43,3.3166958869733807,0.6371714793305092,0.8613533521400092,2.116568622927215,4.187289356482124,10.029019957604397
state,Kwara,cases,44,1753.815108981095,431.2996313711257,587.384825935404,1135.8741024342098,2426.4648144331222,5010.152607951354
state,Kwara,hospitalizations,44,12.192858964775322,2.772725405466275,3.792151439199164,8.061073971706616,17.138128316993352,34.299273233822305
state,Kwara,deaths,44,2.5740359826839176,0.7733950886730614,0.8347883476458859,1.710748054323276,3.024049736101815,7.738512832157548
state,Kwara,cases,45,1149.9783542960452,313.986932776635,430.09711936464305,753.3097187619993,1645.3084885035928,2882.2561210246354
state,Kwara,hospitalizations,45,16.650303200572665,5.279976362018639,6.6206759354308495,10.18350636853694,23.080343360842402,46.3359041802028
state,Kwara,deaths,45,2.0749554310307787,0.5251292375656124,0.5251292375656124,1.2272682189334032,2.586833773019961,6.879335440546018
state,Kwara,cases,46,851.0755074872969,194.67017695792902,281.99713808482886,583.5155219093259,1213.0848879061973,2321.2615890205366
state,Kwara,hospitalizations,46,7.49942726660237,1.9444656362414277,2.202961030623882,4.63779203223419,10.310525154267511,20.724948405828002
state,Kwara,deaths,46,1.8117691852173627,0.45116472180082356,0.45116472180082356,0.8813333301606935,2.135300247466121,5.983645539832015
state,Kwara,cases,47,812.3127928497538,271.38180600218396,345.8473400480193,517.7952090671798,1119.851898522185,2106.587686697165
state,Kwara,hospitalizations,47,7.71246512059142,1.833766160700531,2.244236295559508,4.938464232723259,10.300941201984177,23.041062801669977
state,Kwara,deaths,47,0.9549424435661911,0.2738448429153188,0.2738448429153188,0.3472261494288486,1.144070592156846,3.216774734925121
state,Kwara,cases,48,692.6017978851515,203.27350783397011,269.30350662010216,428.55530927736703,959.0433244525467,1852.2291267290082
state,Kwara,hospitalizations,48,4.50295663083557,1.2449522372152266,1.2449522372152266,2.4167802077805716,6.267875264560053,12.437534873175142
state,Kwara,deaths,48,0.9629266930238611,0.26501307294466664,0.26501307294466664,0.3708755689989475,1.2365954305400588,3.2369164128689603
state,Kwara,cases,49,556.2975269826663,145.75697842090955,202.77258557081626,366.38705469512183,799.6898027884204,1430.4776146006648
state,Kwara,hospitalizations,49,8.850663479062378,2.627315329124724,3.004647101407995,5.270667958172085,12.12486669139972,25.18270555782109
state,Kwara,deaths,49,0.5182724309995963,0.0,0.0,0.0,0.5462221717290382,2.6180680387703856
state,Kwara,cases,50,436.525871985371,110.72014419099409,152.355614632618,287.84473117273967,608.6131587343035,1143.5248704667858
state,Kwara,hospitalizations,50,5.2186169515691585,1.48767465808935,1.48767465808935,3.004767974450482,7.202509014985995,15.270297861069205
state,Kwara,deaths,50,0.5058036640114224,0.0,0.0,0.0,0.5753217025938316,2.4899866413660825
state,Kwara,cases,51,530.3851402061505,159.25237300375935,203.55420503593342,328.28740855998694,721.3454274767893,1384.2803773230212
state,Kwara,hospitalizations,51,6.23852230151863,1.7011759644590394,1.710605215509147,3.757152043919346,8.888686322496495,17.363768297283972
state,Kwara,deaths,51,0.5145800203416836,0.0,0.0,0.0,0.486091060147019,2.6837910942656187
state,Kwara,cases,52,363.61005912745026,117.3386515424191,148.85788025014244,232.43884005157815,496.7107514106602,904.6891696785851
state,Kwara,hospitalizations,52,7.060672544048914,1.8695173444074271,2.0727905631775103,4.159100819125921,10.224639558449173,20.09792994454932
state,Kwara,deaths,52,1.5450251582411572,0.41087245159142194,0.41087245159142194,0.768075284322612,1.8332488798385274,5.013361231750848
state,Osun,cases,1,530.3554310565384,125.00532395209784,183.11753555254302,337.4821893283641,739.8890666260249,1436.9021297557572
state,Osun,hospitalizations,1,20.611868168868458,5.108375026972682,7.380369126176351,12.9825575287238,28.15074434316693,58.76408326196296
state,Osun,deaths,1,1.5573415728559323,0.4999692562824881,0.4999692562824881,0.7538987651105555,1.7064179300113516,5.13719708868828
state,Osun,cases,2,999.3444180749239,294.94519947874795,394.9818792298945,635.8501234073099,1353.2170775146326,2602.11001798928
state,Osun,hospitalizations,2,6.74780154347387,2.3001983489550133,2.32591709193294,4.165609806686286,9.108256536168671,18.643884756250877
state,Osun,deaths,2,0.5655524773770253,0.0,0.0,0.0,0.6154439431812595,2.5521163597005185
state,Osun,cases,3,676.780931808972,168.30927049127408,237.2616506943924,447.2070667115703,943.5381335041609,1779.5623833225618
state,Osun,hospitalizations,3,11.773154414889756,2.737729511277114,3.961273722063075,7.722247036210655,16.17750278120283,32.2863186526572
state,Osun,deaths,3,0.5084859110150145,0.0,0.0,0.0,0.509504611191973,2.569111728697177
state,Osun,cases,4,482.32946147358194,126.74632913153064,177.6404354742581,319.0563517715849,688.3806809642949,1251.416754865551
state,Osun,hospitalizations,4,9.226373385215796,2.5448347891777043,3.013606908492084,5.434305468742557,12.028670505133544,28.098682225015104
state,Osun,deaths,4,0.5395069801196865,0.0,0.0,0.0,0.599015235764291,2.6239392502064773
state,Osun,cases,5,451.2300567361613,120.65214060696317,162.9583534797174,284.0914211422682,620.3854064168412,1213.750905326473
state,Osun,hospitalizations,5,12.466338269008709,3.5342773268795895,4.523568972452911,8.135297399422152,17.907490276782553,33.82033897035833
state,Osun,deaths,5,0.4319404955968698,0.0,0.0,0.0,0.47565440699992945,2.038135435589912
state,Osun,cases,6,532.3824520138663,147.27119013569956,199.54722131270773,344.04391188088937,723.6370843783692,1345.3341406194666
state,Osun,hospitalizations,6,8.681459536228298,2.203095880457627,2.674958543998062,5.4303388484193285,11.613471757206336,25.374656673756043
state,Osun,deaths,6,0.5825109548496384,0.0,0.0,0.0,0.624996624013507,2.9294674087680916
state,Osun,cases,7,626.2535890801239,194.46740194965196,259.3159340149857,401.6398559283858,875.7993604772935,1516.3788067054272
state,Osun,hospitalizations,7,9.162782548184554,2.4563048375171794,2.9903479280010172,5.504113124490174,13.205081387049859,24.787037252469208
state,Osun,deaths,7,0.6793865321388665,0.0,0.0,0.0,0.6396462697007534,3.305822669987555
state,Osun,cases,8,737.7156239536293,193.63948897844344,267.6598851410703,465.202441841803,976.7936469873541,2214.5656561780984
state,Osun,hospitalizations,8,13.986553558073934,3.8738979883801665,4.89720926412153,8.943629302180813,19.669322544872514,38.797428262031005
state,Osun,deaths,8,1.3189201917636904,0.504120900127765,0.504120900127765,0.5714394582253927,1.527699902961596,4.283982164083098
state,Osun,cases,9,1439.6612399266846,385.61922468643826,513.8478075895055,929.666474121937,2041.9794872181687,3891.036924805411
state,Osun,hospitalizations,9,26.117326806915283,6.634235422687951,9.659807761192383,16.502073645357775,34.733261324810314,69.07224950016031
state,Osun,deaths,9,2.861744364906466,0.715398135053636,0.769463817160843,1.850717212989867,3.5834331979842604,8.95535485121776
state,Osun,cases,10,2494.1765771177134,672.123692170409,906.2502808323998,1628.2338372937152,3549.782848820433,6580.686474722354
state,Osun,hospitalizations,10,42.76499508844293,9.893393560261385,14.734952134047532,28.55635585455253,58.25446370279698,114.92921922109691
state,Osun,deaths,10,4.3671257697341845,1.009545379361216,1.6875802909653128,3.2264655548511993,5.812315803695062,11.806214276186196
state,Osun,cases,11,5317.660941964389,1376.9756556330988,1905.514959445525,3464.958445176333,7248.164185124453,14087.239538461497
state,Osun,hospitalizations,11,108.94292914723968,28.337544431869077,39.62542092627028,72.82175521559249,146.65909908568722,297.0658122863448
state,Osun,deaths,11,9.994408686797312,2.3017917667008643,4.534388976674451,7.544704128542665,12.83721804608738,23.976719797411274
state,Osun,cases,12,14085.065342089063,3636.8634849616474,5034.001065169952,9134.346738035772,20215.62187655153,36785.6137970206
state,Osun,hospitalizations,12,305.2738583141137,82.1493009555059,117.30057201807251,202.81833764237854,407.52409389772606,793.3019914633718
state,Osun,deaths,12,26.638299031816974,6.5042669106049,11.71454391558827,19.839573445705437,32.44764444299349,71.74891463653523
state,Osun,cases,13,39876.04467489973,12224.830762601052,15883.21398338687,24913.38441475695,53967.31208148062,105060.38551354645
state,Osun,hospitalizations,13,968.3525457796882,302.0265916380898,400.8191759507968,639.8156872014437,1344.6977635859935,2392.9695569895002
state,Osun,deaths,13,86.23523025929107,23.225210595776417,41.28153775632389,66.51751382145973,109.09712466043842,207.83849054598969
state,Osun,cases,14,50918.58000348222,12571.547698230295,17648.32468792673,33948.113280450496,70581.70740103658,136390.20921966777
state,Osun,hospitalizations,14,1649.5782280012086,495.7112779656465,671.446919344661,1079.4161502048125,2223.548170155223,4371.2408533147245
state,Osun,deaths,14,161.98515658752316,40.489098638882574,73.83101459351741,120.24873572465067,198.56514623247827,402.8071158137715
state,Osun,cases,15,66653.64625711893,15298.314597931127,21938.615530794763,44574.690452304676,95422.86693841757,179921.3921639743
state,Osun,hospitalizations,15,2135.759785690383,519.6161892254847,746.47759119984,1406.8621059743632,3033.582256062174,5718.208543577286
state,Osun,deaths,15,175.73814250491984,49.837000228371544,83.4055364601758,129.20486813705347,210.00345023698208,444.2597690892735
state,Osun,cases,16,104430.67622466359,30357.237409460296,39793.68183116533,67606.65729455375,147737.57412134405,262589.9623248655
state,Osun,hospitalizations,16,1891.3528964922539,559.2766297650442,747.6092065683606,1212.5185841859964,2458.734679544495,5210.006863120623
state,Osun,deaths,16,114.39574126318291,32.95874082847434,53.02066526095899,84.489543751996,133.13309763246076,296.49854620928454
state,Osun,cases,17,97748.24753317534,24232.433987989276,34926.73763964276,63990.26085274756,137439.64712455793,265874.64669845306
state,Osun,hospitalizations,17,855.484115464474,230.3825396640237,325.83213884369513,551.3933404012482,1161.0331950908144,2281.171044694503
state,Osun,deaths,17,71.22533994376327,21.746367834805795,33.62442790578217,53.565459024724746,79.8306790518129,176.7937902958293
state,Osun,cases,18,55324.33124938751,13257.727693320168,18039.222652899458,34576.45432946271,78748.22232285872,145230.65881596
state,Osun,hospitalizations,18,418.26266501388835,89.15936769057845,132.08964110012244,273.0462918334372,582.3999862798308,1186.5298103158327
state,Osun,deaths,18,47.11532292758579,10.672165624970166,19.47465613994476,33.48940500925133,57.34048463088042,124.75992777181122
state,Osun,cases,19,17899.99452348499,5524.00688817959,7305.040897760579,11586.950897480023,24921.895891230874,45635.201725532635
state,Osun,hospitalizations,19,86.0531384318681,22.518546437263993,31.5400118627237,57.49763104946761,114.05493231824764,231.06306359069632
state,Osun,deaths,19,8.809009940541248,2.0447228851770514,3.6969724117908185,6.398564391742335,11.230878870389915,23.016731467668333
state,Osun,cases,20,5161.973970667068,1380.7471989928495,1893.7575527826668,3160.392194051753,7102.930533105067,14217.559304110833
state,Osun,hospitalizations,20,38.61557946002328,12.667068606053702,16.935014620713527,25.571046075231898,52.444464304205994,95.98313078279013
state,Osun,deaths,20,2.4316896303698177,0.6376339003887884,0.6376339003887884,1.4453163790273573,3.001754692285167,7.441241346803828
state,Osun,cases,21,2317.0747498020537,749.2828884437565,958.4972178676052,1468.1530846913265,3186.8813730225374,5903.7158064235255
state,Osun,hospitalizations,21,38.953483223898395,9.264716641384094,13.520157836305447,24.797665311852164,53.31036917689424,107.17577320104168
state,Osun,deaths,21,2.8472208576723927,0.6884468256169158,0.7888420255120008,1.8061334102345756,3.674501176157769,8.667101557064044
state,Osun,cases,22,2576.336491710691,755.1804953778638,1024.0608910784104,1654.4076799028458,3525.7200765656803,6853.131779443885
state,Osun,hospitalizations,22,49.64514656084552,14.107522244243244,19.01584624910632,30.963264296781468,68.4545987594081,136.52550533797123
state,Osun,deaths,22,4.183101390470595,0.9651345898779395,1.438627718293969,2.875953000735511,5.169704214238611,11.496562659843981
state,Osun,cases,23,3352.7785140109345,759.4190060227384,1066.4070372971723,2123.242977255983,4588.9040601857805,9207.763728830263
state,Osun,hospitalizations,23,56.616111437988806,14.3960761334828,20.152474741372416,36.74576868824013,77.73803964173244,153.690450191021
state,Osun,deaths,23,3.9241507080285274,1.1608113212945452,1.4427373767041092,2.7031767818242787,4.973712854824966,10.181903309412057
state,Osun,cases,24,6176.278578450204,2058.4243932516606,2639.3417283705403,3900.4496484257543,8307.581107601836,15832.388362398551
state,Osun,hospitalizations,24,129.37566514652286,28.836578278554665,45.23220725768967,87.34134791807818,173.24023381969187,355.27727602473664
state,Osun,deaths,24,9.056902404567657,1.8747422841098464,3.5680627514251633,6.640347986837986,11.20330477390712,25.17077680028316
state,Osun,cases,25,8324.474160183796,2243.807717424117,3038.7199434913173,5274.785609699033,11419.400434917228,21969.60227653081
state,Osun,hospitalizations,25,222.21719080805863,49.24724905427315,75.99281310913477,149.43336700649346,319.2508936671975,591.6807996624691
state,Osun,deaths,25,11.676740994083227,3.102718626336927,5.104806110818352,8.463225500945951,13.608829815621585,32.01162830467965
state,Osun,cases,26,9765.726926707719,1945.6268256828873,2925.270975883751,6679.7800717718565,14115.533768458889,26554.059710392477
state,Osun,hospitalizations,26,283.8493873058357,90.32375677751537,116.60945572311087,177.23434667506172,381.27747310487086,774.0474404122557
state,Osun,deaths,26,12.533356031964454,3.0212498239993364,5.719657074180134,9.272415358061705,15.22808477011225,31.04265064123212
state,Osun,cases,27,15129.472638373803,3840.0885169964326,5330.911378036388,9872.275592412549,21031.087257158528,39968.91025840989
state,Osun,hospitalizations,27,332.8806535001446,103.17726999434433,140.3316589417875,227.99747075508597,439.88624153300583,863.1113090107599
state,Osun,deaths,27,27.51413059689295,7.201798053093836,12.227946470190766,20.288196725165488,33.386144711770385,71.39278884586504
state,Osun,cases,28,18933.48498624093,5777.469722874966,7578.776089409297,12098.201809100354,25840.761574418197,52189.621093190275
state,Osun,hospitalizations,28,385.92269383660215,92.2338846035892,138.6509102784138,260.939573297925,516.8743676016268,1033.0958686276224
state,Osun,deaths,28,25.552798879487465,6.5049854529830835,11.066195424793143,19.08390699055745,30.579148569688837,67.65157482660302
state,Osun,cases,29,24080.271838090554,7536.585589932683,9779.65805929494,15393.78636886056,33622.34648059193,62046.23770408872
state,Osun,hospitalizations,29,465.7897004022413,104.32950178480691,161.6641199889424,314.55530661818767,655.2777692045372,1250.9637056651295
state,Osun,deaths,29,38.23522757078928,9.480970723503951,17.084681405254454,28.523745428318417,49.02059138062505,95.11954525906617
state,Osun,cases,30,18873.485046545367,3290.3204704429904,5651.940120196372,12952.195255883187,26641.33472763856,52806.47048802914
state,Osun,hospitalizations,30,294.2802706536476,81.68194345520119,112.65977426763095,189.3423931228398,416.06010914772634,764.0415480392692
state,Osun,deaths,30,24.576787811124145,6.622706994970657,11.34777767143775,18.709618606998546,31.304739177284606,59.07329667468074
state,Osun,cases,31,9983.786048185624,2477.5891039352114,3401.945147021852,6633.787016508602,14457.500890080695,26879.592674635867
state,Osun,hospitalizations,31,201.89998059900623,54.64394701529636,76.81303233722703,130.7767504141336,276.343543772946,529.777303263353
state,Osun,deaths,31,16.818848651826116,3.9342380649191497,7.187983671679926,12.86276263620347,19.693707362010496,41.657258365790945
state,Osun,cases,32,9268.508119981427,2264.2180340267923,3139.0011291924566,6030.51885734636,12714.070225317875,24550.722331769128
state,Osun,hospitalizations,32,200.4838571273153,43.2777877002701,69.07266926428059,130.05792461179345,275.57649309535066,551.6222521236573
state,Osun,deaths,32,12.271142640113581,3.188458588134326,5.655466440113797,9.346221854466247,14.979538777335764,31.862925164833165
state,Osun,cases,33,6697.788005515704,1358.7510677887058,2060.110668189103,4564.125421290325,9557.642811742697,18215.351481487687
state,Osun,hospitalizations,33,170.2514921721014,47.2735043254825,65.14500106262396,112.23631335241537,229.42718219376687,452.56637957065897
state,Osun,deaths,33,12.120924845543337,2.7347277154115455,5.2767637075381995,8.787794292773079,14.582716488515668,32.696728025419354
state,Osun,cases,34,4915.350775731872,1292.0200941605817,1745.9765953994336,3146.191199853112,6646.121330383927,13047.991650312028
state,Osun,hospitalizations,34,138.22851307235777,37.66455141896226,52.74238336110465,87.93670333564538,192.97093233690487,356.7999249993117
state,Osun,deaths,34,9.409130283455582,2.24983900443634,4.281710849292277,7.222656252245225,11.30934198049999,25.557772028425127
state,Osun,cases,35,4051.034475882938,1231.6546998779809,1582.7060344584968,2527.803823293506,5528.719473757756,10816.442958211008
state,Osun,hospitalizations,35,111.35770620051835,32.98200258243268,43.111989489607794,71.93539858752409,153.6690618185227,284.70532374474334
state,Osun,deaths,35,7.934787322826977,1.6333045751638533,3.2799271335649305,5.723037854000954,9.55524058160724,21.07184736116943
state,Osun,cases,36,2897.816852819317,577.4719351018558,886.2890565832881,2002.1183272392864,4127.180048953074,7658.217024895872
state,Osun,hospitalizations,36,90.50431118258761,25.9776781352738,35.32876249795281,59.05972308145571,122.35685841822381,236.2339080306146
state,Osun,deaths,36,6.767658702999917,1.6318666422993884,2.878810208642588,4.968196794246464,8.258663685731849,16.81586124961855
state,Osun,cases,37,2738.536414037335,763.6470437629181,1043.7717052383223,1802.2717500925871,3876.975622917321,7324.72963386492
state,Osun,hospitalizations,37,81.51131460578658,22.371962312788558,31.675116632951646,52.17596208576766,109.54392759395304,211.91485316876657
state,Osun,deaths,37,5.525268982704412,1.2770976787615211,2.0889428763526734,3.90262482511414,6.594573785372494,16.72365629008291
state,Osun,cases,38,2421.4985101659104,690.3277653722969,919.5958447688733,1556.057739096436,3242.742030467845,6552.384205464605
state,Osun,hospitalizations,38,71.28042340423683,18.65675057474054,25.63622202448545,46.47475630742224,98.70884910956491,191.84544325419785
state,Osun,deaths,38,5.0532479048025305,1.0446532076972703,1.8778898127705077,3.777883618447231,6.353049623522098,13.088663290028164
state,Osun,cases,39,2352.529339501558,664.8755225803269,887.1893296828774,1577.8342371908482,3211.702454937351,6172.650221877483
state,Osun,hospitalizations,39,62.52027552665246,15.133643705351773,22.227277822423595,40.928807497940646,88.44867682065336,168.9258151224058
state,Osun,deaths,39,5.384933084811726,1.0564295997455573,1.910433957322717,3.6351171294185605,6.869673865826956,15.763556496561542
state,Osun,cases,40,2508.461027127156,500.20771407274697,779.953378668064,1699.084692330848,3593.7432911966634,7105.408364346966
state,Osun,hospitalizations,40,70.11678925629549,18.40529425120165,25.49163005365824,46.02957972378203,95.52590701424506,194.46473266013095
state,Osun,deaths,40,5.378395455519098,1.0362633294645551,1.8954681515010694,3.594275563608318,6.552047584498521,15.058640659591166
state,Osun,cases,41,2589.2274774557704,644.9319059998883,917.8778636143314,1667.444769643085,3656.0436352803285,6753.6097940344725
state,Osun,hospitalizations,41,67.61932228945287,15.974811493282859,24.166915091012278,42.36264114658092,92.83808846174227,178.14284891167372
state,Osun,deaths,41,4.943926641087723,1.062837424315903,1.6805082948813224,3.4331666389031015,6.240624100277387,14.277085086869462
state,Osun,cases,42,2233.475371231539,656.1753283374755,881.748132923814,1410.649355877091,3089.439186444599,5847.606987277677
state,Osun,hospitalizations,42,53.75860985131091,11.075613656466833,17.913274367004014,36.05605839244689,74.32516176307877,148.3823128512645
state,Osun,deaths,42,4.12916599894904,1.0583706844190293,1.5097000382323542,2.89930699080863,5.220804645098429,11.253580549680493
state,Osun,cases,43,1655.5052729737954,496.5313118691048,630.6786812584322,1005.7622747564203,2281.23248898385,4406.938528488139
state,Osun,hospitalizations,43,38.96210867331445,9.50902229121312,14.007523280597901,25.21333879873546,54.425594768452726,105.66137312229539
state,Osun,deaths,43,3.0254355141654754,0.5919476811740219,0.7292421842272073,1.8953674629314865,3.8191169971616254,9.246225704241633
state,Osun,cases,44,1192.0425121782453,292.9066546584497,399.0239724794254,771.9242404266928,1649.355473698392,3405.9219404944547
state,Osun,hospitalizations,44,25.679559266889072,5.656645142250627,8.723496535114286,17.385337459833526,35.80309983551281,70.6238552424551
state,Osun,deaths,44,2.0298722423215274,0.6461588205124925,0.6461588205124925,1.2647852192768552,2.362027079360381,6.300883115702256
state,Osun,cases,45,727.5919760312428,198.39293464481557,271.89297047759527,476.4929141638894,1041.1457104894598,1824.1579334924543
state,Osun,hospitalizations,45,19.138797730178418,6.027959410472846,7.7002520597614375,11.767807625284835,26.491663298642422,53.041701987317985
state,Osun,deaths,45,1.6555441371722595,0.4452790252698607,0.4452790252698607,0.8885937986214103,2.0414262471070095,5.681217791272248
state,Osun,cases,46,509.64989830767234,116.26537740776506,168.60053248160608,349.30087028607994,726.6025646769623,1390.7342229143112
state,Osun,hospitalizations,46,12.536561489611474,3.1189282025946428,4.13755825972544,8.043033850517144,17.14211330470695,33.84687670481285
state,Osun,deaths,46,1.3678780420868943,0.36814595133475725,0.36814595133475725,0.5351493925439521,1.558373996345137,4.698585697888888
state,Osun,cases,47,520.4875708220454,173.64833652806027,221.39485029364755,331.646007426736,717.6783964919023,1350.3629598510397
state,Osun,hospitalizations,47,9.532592844613603,2.2243796751881586,2.9352963491231048,6.203426164247265,12.708173080578087,28.16208871775005
state,Osun,deaths,47,0.927150742293884,0.26874297394627245,0.26874297394627245,0.32212663974706773,1.1041254644519856,3.1382140728343426
state,Osun,cases,48,375.94949062946347,110.01585226839158,145.90095880154666,232.44901285289978,520.7515918182877,1006.1683456850793
state,Osun,hospitalizations,48,11.15606632848663,2.812779217946345,3.689786717976263,6.719692429512942,15.42065285051305,29.360055351394195
state,Osun,deaths,48,0.5240607772279351,0.0,0.0,0.0,0.6877120665377568,2.4000249434609344
state,Osun,cases,49,259.6181330227435,67.63035967734716,94.29349807133656,170.80720110093944,373.43963310383964,668.425226774206
state,Osun,hospitalizations,49,8.60731730326513,2.561218894819023,2.9039005746696485,5.112914228288332,11.794679111925507,24.524016644973845
state,Osun,deaths,49,0.6558104861141053,0.0,0.0,0.0,0.7653212648176613,3.1307469024689207
state,Osun,cases,50,301.3688945176991,76.20845476200391,104.98223015734575,198.61713728070347,420.29635912387175,789.9674421324871
state,Osun,hospitalizations,50,4.629309346472156,1.3401375940174127,1.3401375940174127,2.607603375304465,6.38904211110737,13.656724648038178
state,Osun,deaths,50,1.2494634252495749,0.3701479944807647,0.3701479944807647,0.6559458447860343,1.5106761799076596,4.112299873876002
state,Osun,cases,51,299.12851173812174,89.51119907768161,114.53305593640064,184.98288207094245,406.983667035439,781.4120520658283
state,Osun,hospitalizations,51,3.2346406467229327,0.9634469280098319,0.9634469280098319,1.6941736884033793,4.600375656901354,9.400168190907085
state,Osun,deaths,51,1.1030164743070459,0.37912111731460185,0.37912111731460185,0.3855253903119382,1.1861864861959257,3.858558139149773
state,Osun,cases,52,334.4347102150494,107.86943542469741,136.86656011477996,213.75954298415894,456.8849581656542,832.2177803954964
state,Osun,hospitalizations,52,9.048003306092173,2.3417532388228888,2.8489705779253622,5.462278132237022,13.059958373346582,25.42721979975363
state,Osun,deaths,52,0.6502272144615392,0.0,0.0,0.0,0.7234906800045129,2.986101038979246
state,Cross River,cases,1,488.17872819462457,115.00356468376869,168.50307951277563,310.61493270699833,681.0804873016486,1322.767659067024
state,Cross River,hospitalizations,1,17.107920535533776,4.27761088343088,6.017487555635523,10.708603997798678,23.4100209174225,49.04477777175713
state,Cross River,deaths,1,1.3099460628094144,0.4416412898999973,0.4416412898999973,0.5492834874226429,1.3906788079452546,4.4212126136959355
state,Cross River,cases,2,1274.756879241774,376.4241324204737,504.00267443366346,811.186194377301,1726.0569230052774,3318.7921164631052
state,Cross River,hospitalizations,2,9.366097419425817,3.09897845306251,3.480894184301531,5.959449168860472,12.618507820356518,25.465533123141615
state,Cross River,deaths,2,1.3311027232589152,0.45027385569016737,0.45027385569016737,0.5736440563864058,1.5456294432302737,4.057643175626993
state,Cross River,cases,3,596.8519649640358,148.34306248433134,209.16406534635945,394.3511569425533,832.1511740700319,1569.5852284296273
state,Cross River,hospitalizations,3,7.214517203780978,1.7490126975260027,2.1695354490088232,4.572252757057283,9.973936742968089,20.26513731089383
state,Cross River,deaths,3,0.5205003726033979,0.0,0.0,0.0,0.5287899920462882,2.614710581783936
state,Cross River,cases,4,590.2157111549737,155.26119002692604,217.51560998981327,390.4976402336413,842.2605955991014,1530.9746082366894
state,Cross River,hospitalizations,4,11.828890276147561,3.202121547330212,4.050252070920761,7.096175151009552,15.393750484303233,35.61436795342747
state,Cross River,deaths,4,0.5315472892674652,0.0,0.0,0.0,0.5857564863222471,2.593890191612792
state,Cross River,cases,5,542.1074050223173,145.09860051607365,195.90640762087298,341.38162551197996,745.2551649782969,1457.8597155656887
state,Cross River,hospitalizations,5,8.39006773827272,2.4512934020307373,2.8310202979430255,5.336032000228772,12.113800043913884,23.1505856162886
state,Cross River,deaths,5,1.102168296821118,0.3919894742886748,0.3919894742886748,0.5412384021271045,1.3123750727062062,3.345755009682844
state,Cross River,cases,6,506.16572881436014,139.9833899173529,189.68995853675003,327.0843724447834,688.019846148059,1279.159354843522
state,Cross River,hospitalizations,6,9.131669546927677,2.3073602827589674,2.8488807774655274,5.734663068973118,12.210420852965514,26.622871895973717
state,Cross River,deaths,6,0.6266856074302855,0.0,0.0,0.0,0.694157793429856,3.09670871693931
state,Cross River,cases,7,623.9126437323695,193.7379067132793,258.344420443302,400.1371815492112,872.5270964049053,1510.715864443833
state,Cross River,hospitalizations,7,11.921222237444558,3.132947474146331,4.0895761271358895,7.295812666936941,17.118180273009244,31.890637998947373
state,Cross River,deaths,7,0.6784272069825878,0.0,0.0,0.0,0.6383000081078176,3.3022872954414004
state,Cross River,cases,8,849.6470650459398,223.13159363737486,308.36768545344376,535.8422245457665,1124.9505945992682,2550.271912671479
state,Cross River,hospitalizations,8,12.571005298913375,3.5051643373052066,4.3358884679531595,7.997153491891805,17.70193084016641,35.009344251953976
state,Cross River,deaths,8,1.8750346373864974,0.6514087620736274,0.6514087620736274,1.0305633666384788,2.2662122603219466,5.827791268824889
state,Cross River,cases,9,1165.0845389810218,311.93317810273584,415.7225796877485,752.2900562222381,1652.6065019849611,3149.250702510603
state,Cross River,hospitalizations,9,24.470944938134096,6.170241569474733,9.011485295185048,15.437609088378652,32.55998797696206,64.81050157633625
state,Cross River,deaths,9,1.9001520470989923,0.5235885363343938,0.5235885363343938,1.0863946660144994,2.3545419842884048,6.286166149773107
state,Cross River,cases,10,2378.2892407666327,640.8607697641149,864.1134559625195,1552.5648159392756,3384.868361371119,6275.003052856246
state,Cross River,hospitalizations,10,56.63663387920735,13.346802197429517,19.723225008294342,37.926271118026875,77.03923225173519,151.68094078000163
state,Cross River,deaths,10,2.528399372474147,0.6516587985014106,0.7348257731561364,1.728172028408115,3.3973313358702493,7.266376508851471
state,Cross River,cases,11,5321.112112758658,1377.869795979669,1906.752058184978,3467.207435042518,7252.868020167065,14096.381110253413
state,Cross River,hospitalizations,11,117.79108834537233,30.698617268739042,42.89493716196548,78.7628980203141,158.54263926327584,321.0540194324204
state,Cross River,deaths,11,7.629046732046842,1.7260526321940102,3.337713927058276,5.697122709875639,9.845261090831707,18.576120466791686
state,Cross River,cases,12,15161.825533067456,3914.9472852061667,5418.884180280142,9832.66649301445,21761.011103711335,39597.63832875221
state,Cross River,hospitalizations,12,584.6360494997333,157.99244028951773,225.2063110171428,388.727568423638,780.1519983868546,1517.810266572933
state,Cross River,deaths,12,13.013895779108774,2.8036707640776504,5.444592062944911,9.562907369307474,15.953531745424481,35.87407751053255
state,Cross River,cases,13,34325.45689409822,10523.086127453764,13672.249636289238,21445.487562666847,46455.32477068319,90436.62270916201
state,Cross River,hospitalizations,13,998.0967423842621,311.3248418540084,413.1488372499839,659.4788612142419,1385.9899632348242,2466.427558908903
state,Cross River,deaths,13,28.235253152360695,7.11862549490254,13.169865274650004,21.627229880878957,35.896988765065096,68.98830771606322
state,Cross River,cases,14,53188.79998223545,13132.087454575483,18435.209605581094,35461.714830678626,73728.59652473648,142471.13227668483
state,Cross River,hospitalizations,14,1327.4653796890943,398.77731759951786,540.2178816327591,868.5712974126394,1789.4242158098882,3517.991409649597
state,Cross River,deaths,14,63.53727649974991,15.428449600225365,28.630857071240538,47.01089465165388,78.02186488499174,158.89561277529782
state,Cross River,cases,15,67942.89969651378,15594.238364290597,22362.97791767121,45436.88634495626,97268.58296211594,183401.50309317725
state,Cross River,hospitalizations,15,1684.7267381272745,409.7231127975257,588.6979951021593,1109.6867564293657,2393.0344077740083,4510.98250144865
state,Cross River,deaths,15,85.62590292422375,23.917094772675156,40.37027641026997,62.81822343293992,102.42059805452732,217.2382873697792
state,Cross River,cases,16,96465.21803754084,28041.6825944674,36758.368354877995,62449.927202904524,136468.91046169892,242561.0074489975
state,Cross River,hospitalizations,16,1403.348802658522,414.79127002504777,554.5562310033047,899.5737639445861,1824.4129335384746,3866.181043469148
state,Cross River,deaths,16,108.13729472281463,31.117000728477798,50.09087390202339,79.85304908178027,125.85843730585316,280.36381951220744
state,Cross River,cases,17,98007.39403334266,24296.680105105355,35019.33580481027,64159.91035604073,137804.0209031998,266579.51906382083
state,Cross River,hospitalizations,17,1282.65866612483,345.7854182778666,488.84085030847837,826.9015170423407,1740.6014544462628,3419.4121082999445
state,Cross River,deaths,17,119.88403507193856,37.07074815075779,56.95113682493378,90.32657413031438,134.2868487569051,296.574657293805
state,Cross River,cases,18,66794.43735626728,16006.541122002373,21779.340666612836,41745.08868028046,95074.59426640594,175340.23970917298
state,Cross River,hospitalizations,18,426.1190479392968,90.8488253408713,134.58355069699323,278.1815275402952,593.3320679397626,1208.7824211579405
state,Cross River,deaths,18,27.724070269620803,5.967863062591213,11.222633298792143,19.588934302011733,33.82717097875491,74.07415364298181
state,Cross River,cases,19,17198.10629363641,5307.37438211643,7018.575019778061,11132.59366429201,23944.68273936679,43845.83115150538
state,Cross River,hospitalizations,19,90.1301817879933,23.620014971127368,33.06399206506909,60.23731141527648,119.44341956818799,241.93151428763565
state,Cross River,deaths,19,21.546138825241023,6.007700834935115,9.810500243558193,16.02845474632384,27.150456808169462,54.276646021795536
state,Cross River,cases,20,5708.262163735723,1526.948242210185,2094.2396171303767,3494.8953775041273,7854.589053303614,15722.00831245605
state,Cross River,hospitalizations,20,28.24017823368073,9.084941267124648,12.23426217344087,18.606796951036216,38.43671456526668,70.5639326938829
state,Cross River,deaths,20,4.599583610865746,1.0679652326666997,1.567165521202615,3.095630539843177,5.702490062739037,13.138132043227904
state,Cross River,cases,21,2402.183832286901,776.8298380168808,993.7255589150409,1522.0936537254095,3303.925768916868,6120.509913111142
state,Cross River,hospitalizations,21,32.8344279400794,7.691716738485278,11.295039728855759,20.8443438078805,44.98766447628657,90.59855176511725
state,Cross River,deaths,21,2.7712667100179185,0.6739831099855083,0.7512598893124012,1.7471787979694162,3.5762936556712868,8.464003506933564
state,Cross River,cases,22,3461.684069214531,1014.9380287428925,1376.1822301542516,2223.0610877512127,4737.1928843902915,9207.61245604151
state,Cross River,hospitalizations,22,55.802286149462624,15.944539275310692,21.44969674135676,34.84987521367567,76.90001282163841,153.24808177556528
state,Cross River,deaths,22,3.461280858745109,0.8260077293777845,1.0870926868764288,2.3172234949298125,4.2803240318848195,9.69514807151445
state,Cross River,cases,23,5427.982042242921,1229.9402994357076,1726.8820330683227,3437.6519350352582,7428.97983148426,14905.832012376131
state,Cross River,hospitalizations,23,71.80577633931007,18.455284659700464,25.72937011889348,46.69752163876831,98.49749283489378,194.4749194866919
state,Cross River,deaths,23,4.9978044943811035,1.4224771963771285,1.9933703706685328,3.537933451944383,6.320285526003476,12.702487370638405
state,Cross River,cases,24,7001.607890886271,2333.5784593845947,2992.110572384537,4421.711675861629,9417.667927512859,17947.844119284644
state,Cross River,hospitalizations,24,111.02429359713504,24.636851794806383,38.724670655819494,74.90662785742563,148.71458889904034,305.12852579910356
state,Cross River,deaths,24,5.759962088805755,1.1847683577514863,2.06069341166099,4.119185969767306,7.1764582831827,16.534943911549117
state,Cross River,cases,25,10212.283135155556,2752.819945977546,3727.9792553713874,6471.07488192432,14008.98680849768,26951.456686881196
state,Cross River,hospitalizations,25,164.75549081134167,36.31234766802775,56.172933140370844,110.70804762974285,236.81028634225012,439.10990590319864
state,Cross River,deaths,25,8.427486580775875,2.1294759661885614,3.5346034170428475,6.029211724970597,9.851327363783362,23.520785721150776
state,Cross River,cases,26,11933.549821221432,2377.7001529559448,3574.7861373781047,8162.646143638169,17248.83987234489,32448.221269056292
state,Cross River,hospitalizations,26,253.18382003288855,80.49226360294043,103.94816580241499,158.04646145610718,340.12324883461395,690.6094184860608
state,Cross River,deaths,26,13.938074901558725,3.4392426857396834,6.418138594424721,10.340191915209633,16.914929380745754,34.37335622419297
state,Cross River,cases,27,20039.9379452032,5086.680897417859,7061.337549558184,13076.562624289301,27856.87104295741,52940.80230249749
state,Cross River,hospitalizations,27,309.48943434993873,95.8787538109057,130.43015739471434,211.95422306426778,408.9983581294691,802.5728597554689
state,Cross River,deaths,27,19.810973915712598,4.985751624776431,8.653883400181074,14.536332071496531,24.095341319777575,51.83295816979755
state,Cross River,cases,28,19898.258518190054,6071.901530650586,7964.990309361781,12714.695453982356,27157.483291647673,54848.90281557591
state,Cross River,hospitalizations,28,336.32951146793533,80.28378419402875,120.751383650202,227.3658976385163,450.4966689924789,900.5523248746886
state,Cross River,deaths,28,24.456834222962563,6.195194442869349,10.568126655400578,18.25488288749779,29.27562354685924,64.81777310311293
state,Cross River,cases,29,22976.03040733301,7190.951258314072,9331.168132277766,14687.861821334458,32080.555312990153,59201.07524765472
state,Cross River,hospitalizations,29,429.79407206417005,96.20721117725279,149.120575857579,290.22184011850595,604.6701173080438,1154.4208294983182
state,Cross River,deaths,29,33.46852903775641,8.207627872523203,14.887556693513375,24.93687822230482,42.94354335553003,83.44189258509367
state,Cross River,cases,30,21551.105346317505,3757.24216303385,6453.8919181875335,14789.794452816679,30420.93751542991,60297.97844756654
state,Cross River,hospitalizations,30,266.8471509024001,74.00034775952074,102.10017205824045,171.6585646275634,377.31298969951206,692.9650878491522
state,Cross River,deaths,30,26.156908342165035,7.093652246542668,12.110646723818643,19.92731611254159,33.30058704718859,62.784738533049875
state,Cross River,cases,31,13756.836537704718,3414.198239753271,4687.8499015969865,9140.94002706726,19921.078536889087,37037.22978975745
state,Cross River,hospitalizations,31,191.4611013836702,51.781155011854956,72.80967638051709,123.99704754328295,262.0746623957675,502.4696606374127
state,Cross River,deaths,31,19.854532038832463,4.775293325710771,8.583649355365411,15.225710935593147,23.22101010117951,48.928312394288454
state,Cross River,cases,32,10888.72503912671,2660.1553951874976,3687.8417893226574,7084.767774799809,14936.536794258289,28842.11680504666
state,Cross River,hospitalizations,32,144.6494438552007,31.007701488501468,49.65440702449329,93.73966850089992,198.93270417344195,398.48174921507
state,Cross River,deaths,32,13.947165561012305,3.7182019984359043,6.49722944551193,10.654780297528946,17.000581886352805,36.01932725953756
state,Cross River,cases,33,7086.799083999904,1437.7143412816051,2179.8031981284466,4829.230745132419,10112.730977837757,19273.208892414266
state,Cross River,hospitalizations,33,123.26758648250258,34.029369948798795,46.99771106037649,81.1692306677223,166.20806007580103,328.1276390293237
state,Cross River,deaths,33,11.195839382186874,2.4710721020099107,4.8336513546191195,8.096818375717305,13.482644143940306,30.317884860894047
state,Cross River,cases,34,5977.741620070116,1571.4331735450758,2123.486668396468,3826.278376018468,8082.520229637421,15867.792329622574
state,Cross River,hospitalizations,34,101.04459518854736,27.33836554473782,38.38934370218783,64.18427647484303,141.1668940641325,261.2418906827808
state,Cross River,deaths,34,7.9295483308487835,1.8156039748278587,3.527602956610241,6.048648406007241,9.55184858374178,21.765927667734843
state,Cross River,cases,35,4651.383468529863,1414.284687790904,1817.3477503903052,2902.471126089627,6348.002116945825,12419.154144808812
state,Cross River,hospitalizations,35,77.26568083699172,22.67098885269824,29.72727715048331,49.80492248049242,106.73848978683272,198.014979094096
state,Cross River,deaths,35,6.728832854392359,1.4112741036530405,2.6981163348031565,4.809112008566325,8.120367332073114,18.071413301757403
state,Cross River,cases,36,3553.1781235978183,708.252222973213,1086.88637376279,2454.9810774963375,5060.474375655049,9389.80424046011
state,Cross River,hospitalizations,36,67.56504871350776,19.21459547561319,26.221439678514777,44.00324306566398,91.43230568484117,176.76131288583267
state,Cross River,deaths,36,5.979950506633003,1.464565001631565,2.481148233745774,4.356327484816281,7.3094503218065165,14.989349977366773
state,Cross River,cases,37,3135.249997647439,874.3759493447976,1195.0655975610425,2063.404398133507,4438.547135030534,8385.57205987462
state,Cross River,hospitalizations,37,58.38038868764087,15.819511230002362,22.51447789426098,37.267804795250726,78.5523630704171,152.22306770736458
state,Cross River,deaths,37,4.735168375840371,1.1191093881277228,1.7068132922055435,3.2961267250708146,5.655057763695264,14.531083076915218
state,Cross River,cases,38,2930.1599020252884,835.4885330217367,1112.8969187530329,1882.9991813514273,3923.84310406047,7928.423661155581
state,Cross River,hospitalizations,38,50.841244285910506,13.098034704763002,18.10378732624913,33.04941012388259,70.51226800043882,137.31084345887493
state,Cross River,deaths,38,3.9097852076032127,0.8425847704639966,1.3212163706068996,2.853692251447792,4.930741018737349,10.363477407531192
state,Cross River,cases,39,2727.0936124887335,770.8496342385557,1028.544691166534,1829.1057587712405,3723.0041579416497,7155.186860882969
state,Cross River,hospitalizations,39,48.73275142633227,11.631302448636095,17.185028539846073,31.826772332988096,69.03088150367346,132.03779380786372
state,Cross River,deaths,39,4.486855885478217,0.9050005209556677,1.493251086696656,2.970717421988797,5.741631387496106,13.360661009604357
state,Cross River,cases,40,2993.216649977654,597.026614620071,930.8110877143886,2027.4921093103026,4288.144202099271,8478.161866254391
state,Cross River,hospitalizations,40,50.43239367808415,13.033399175476111,18.158051124579284,33.01055695292238,68.80500096368857,140.35496131306965
state,Cross River,deaths,40,4.58166132518756,0.9044855760490473,1.5272622358405017,3.010038627754476,5.591681781641778,13.016523054096723
state,Cross River,cases,41,3084.251286819013,768.3773081818617,1093.4865405915034,1986.3047511579716,4354.948919507428,8044.497447766531
state,Cross River,hospitalizations,41,49.26646780904186,11.43413588152408,17.434893494060617,30.763355511294655,67.73687777077794,130.223049307648
state,Cross River,deaths,41,4.2691807118953315,0.9393910177831251,1.3691727047769504,2.918263344557944,5.399640328173968,12.502682705918879
state,Cross River,cases,42,2594.4553553288183,762.3421461179005,1024.3562865366748,1638.7016175382214,3588.700311780484,6792.450723055852
state,Cross River,hospitalizations,42,38.09918703851611,7.621803341622075,12.503788443175612,25.45745857430984,52.78101269821126,105.65668518059418
state,Cross River,deaths,42,3.4756789563280828,0.9185401387022893,1.1781217631557057,2.3841356690130246,4.3989201001775395,9.634653570248512
state,Cross River,cases,43,1986.099809390272,595.8253715280687,756.744999429522,1206.685334244901,2736.70558888878,5286.646198697836
state,Cross River,hospitalizations,43,29.25499108266175,6.954339849773915,10.359281307936923,18.84102798761279,40.951953754323185,79.73261119330448
state,Cross River,deaths,43,2.9335017826816268,0.5776341229929518,0.6874283391860272,1.8253561900533644,3.702588605018172,8.998467410023533
state,Cross River,cases,44,1258.598412598514,309.3027359720888,421.3399883852223,815.0431303682824,1741.4233534631867,3595.982860450419
state,Cross River,hospitalizations,44,20.09453321379272,4.4455778167694024,6.683372500826784,13.527839419407488,28.081300558928852,55.596179963220344
state,Cross River,deaths,44,2.0000876274543233,0.639106413222509,0.639106413222509,1.2400665475143826,2.3253327195050177,6.221198679501792
state,Cross River,cases,45,936.5081682436368,255.56679056203112,350.14219933166623,613.409054771018,1339.970183896235,2347.5030404870645
state,Cross River,hospitalizations,45,14.394471804758444,4.601275872061682,5.641096456934344,8.745952347204001,19.984999799287706,40.25123653078624
state,Cross River,deaths,45,1.497854459008613,0.41483366984469794,0.41483366984469794,0.7594637336740659,1.8334728115359678,5.224398496438121
state,Cross River,cases,46,569.5722006869734,130.02590380155894,188.5023368777953,390.4069876917228,811.9832159549119,1554.0475207598067
state,Cross River,hospitalizations,46,8.310791851181554,2.134194184102659,2.5154855277762342,5.1878918002542616,11.414134018868012,22.84473022998267
state,Cross River,deaths,46,1.454270492734215,0.3845855213751359,0.3845855213751359,0.6037015411406449,1.6726182745992126,4.9530562370103635
state,Cross River,cases,47,506.10538673341625,168.83168380753642,215.26138929429078,322.4719131954636,697.8578569868594,1313.0935176886978
state,Cross River,hospitalizations,47,11.050463073517395,2.549369298096332,3.5102568609454616,7.255871832079383,14.710984943098904,32.42277151453681
state,Cross River,deaths,47,1.0570568294180047,0.2923910624196101,0.2923910624196101,0.4384674217611345,1.2892783799373637,3.502356997499462
state,Cross River,cases,48,394.31675766738346,115.42521838970079,153.05886511395158,243.8240656528063,546.1744960869302,1055.2437003869707
state,Cross River,hospitalizations,48,6.715058031544238,1.7700201866030296,1.951179782870218,3.8578329032809067,9.333156202650493,18.104916054374133
state,Cross River,deaths,48,0.5195542355872822,0.0,0.0,0.0,0.6800998159572418,2.3846894828910985
state,Cross River,cases,49,356.2314758143176,93.07221358256997,129.61960254531346,234.49758143444228,512.2475671805355,916.5868115324682
state,Cross River,hospitalizations,49,4.501092281709516,1.4369215189389823,1.4369215189389823,2.4295303754880555,6.178203230124129,13.319747851739644
state,Cross River,deaths,49,1.1236480878333182,0.35546714027003334,0.35546714027003334,0.44534774273381894,1.2896416326034108,3.881320565519365
state,Cross River,cases,50,194.0829365681112,48.81349720804774,67.37781616429535,127.78936304660121,270.81278363448735,509.317873758476
state,Cross River,hospitalizations,50,5.358764001488154,1.5226915789440982,1.5226915789440982,3.099032296585989,7.395579863794442,15.65326851220336
state,Cross River,deaths,50,0.4715272790157056,0.0,0.0,0.0,0.5194156887326755,2.3661317860522737
state,Cross River,cases,51,313.0347535813156,93.7049713274503,119.88619818680007,193.60026707643453,425.8873010454539,817.6645598800501
state,Cross River,hospitalizations,51,6.292579796922551,1.7143290155435462,1.7315629116054816,3.7939331089929595,8.96514307892605,17.505752188171492
state,Cross River,deaths,51,0.6221962826346389,0.0,0.0,0.0,0.654575153190045,3.1014372386518962
state,Cross River,cases,52,205.25464780815688,65.94246712332753,83.77243986695879,131.0529824514598,280.54778830897664,511.3352909208172
state,Cross River,hospitalizations,52,5.047582748485877,1.3880529836254647,1.3880529836254647,2.8304567252261243,7.333912748032967,14.664494740023438
state,Cross River,deaths,52,0.640148877796358,0.0,0.0,0.0,0.7079849817314559,2.9502393539040646
state,Ebonyi,cases,1,1350.8735417946589,319.5825208888864,467.43150619351815,860.1657835356856,1883.9686444064791,3657.308038824137
state,Ebonyi,hospitalizations,1,21.585812897718025,5.339194178130651,7.759031553637319,13.614351796520562,29.467904894102478,61.464490905376536
state,Ebonyi,deaths,1,0.6646822068406084,0.0,0.0,0.0,0.6606624051325862,3.2428053921700863
state,Ebonyi,cases,2,594.5122478105902,175.17831197528872,234.73086902034797,378.1214722211141,805.1751945456706,1548.6501705825053
state,Ebonyi,hospitalizations,2,8.23431511886779,2.7542813143220592,2.9824875552392704,5.185354656087998,11.103731015454136,22.52179095747011
state,Ebonyi,deaths,2,2.366526927225009,0.6862951470015293,0.6862951470015293,1.3985054103361636,2.8799790635752265,6.7087219762690875
state,Ebonyi,cases,3,650.7957539528489,161.81818863881745,228.1270305258032,430.0234314124969,907.3258557030001,1711.2980990337267
state,Ebonyi,hospitalizations,3,8.105573103616036,1.9429328593542876,2.520954754347022,5.19007111705269,11.190661808543604,22.622889701406667
state,Ebonyi,deaths,3,0.5487614758972233,0.0,0.0,0.0,0.5735995964656089,2.720659568958603
state,Ebonyi,cases,4,604.4783081100899,159.03086382116106,222.78712090348242,399.9422015776274,862.6035698743715,1567.9322464903596
state,Ebonyi,hospitalizations,4,8.996321045233977,2.486628925592814,2.921807056811123,5.287139016928154,11.730676693771308,27.433132565252492
state,Ebonyi,deaths,4,1.3889607645633923,0.527792911098146,0.527792911098146,0.6259923891170963,1.6293756175907523,4.290729428068507
state,Ebonyi,cases,5,557.3005277925381,149.18562631184045,201.41475311121684,350.9595580214023,766.1312315437318,1498.6704917734037
state,Ebonyi,hospitalizations,5,9.405990506608735,2.7217197377624114,3.2536579064921005,6.0350221396714945,13.56051257961263,25.81487474976259
state,Ebonyi,deaths,5,0.4372261410275474,0.0,0.0,0.0,0.4847366536842104,2.056834322914337
state,Ebonyi,cases,6,640.7114874359311,177.38480738658043,240.27800831058255,414.12172192354325,870.8095983697468,1618.7722304149472
state,Ebonyi,hospitalizations,6,8.859841936391204,2.2444205222451163,2.7438916970041154,5.550956136046368,11.850069359102301,25.869380144023072
state,Ebonyi,deaths,6,0.5686405730753503,0.0,0.0,0.0,0.6029856810013958,2.876241893142883
state,Ebonyi,cases,7,808.6736684889491,251.31391443877774,335.0219230776171,518.7369850166848,1130.793212642313,1957.6682105945372
state,Ebonyi,hospitalizations,7,11.533030708673566,3.0378767717935773,3.9351306469363005,7.044072494673928,16.568375931211854,30.892556773138715
state,Ebonyi,deaths,7,1.44501279388067,0.4332427392888916,0.4332427392888916,0.6785274917773229,1.5239988467935273,4.923710538024165
state,Ebonyi,cases,8,957.5808375096295,251.57037797418312,347.62159314493374,603.9590839272709,1267.8160675745617,2873.9883086134487
state,Ebonyi,hospitalizations,8,14.994770149255357,4.136277067321449,5.296627199153731,9.617111233162339,21.06925559110421,41.4929077514095
state,Ebonyi,deaths,8,0.6726267807950935,0.0,0.0,0.0,0.8054517546560647,3.264626631298052
state,Ebonyi,cases,9,1770.9644915974322,474.5285412885554,632.2453517468252,1143.688216744261,2511.7955192275112,4786.07349070641
state,Ebonyi,hospitalizations,9,27.53429786469581,7.033747266711743,10.217652682107023,17.41798536790133,36.60324048243926,72.73924325430994
state,Ebonyi,deaths,9,2.125413296304462,0.5689411089989045,0.5689411089989045,1.2671155167033281,2.6451081417594855,6.917284588818231
state,Ebonyi,cases,10,3780.2133335254052,1019.0577799935513,1373.8553469874541,2467.9558107835383,5379.88870164147,9972.947689125775
state,Ebonyi,hospitalizations,10,52.64201843838717,12.352355714457152,18.286797716571073,35.22810236405284,71.62995435282434,141.09788383907667
state,Ebonyi,deaths,10,1.665610928834414,0.4788389172512947,0.4788389172512947,1.0046609409132112,2.231159282289261,5.074133866054767
state,Ebonyi,cases,11,7677.084548717191,1988.2626556708562,2751.2685149037425,5002.500368755495,10463.982845919261,20336.956395268197
state,Ebonyi,hospitalizations,11,144.27301320122686,37.76514399425113,52.680371773828014,96.54432507078387,194.10924819938603,392.8490544045662
state,Ebonyi,deaths,11,8.0714295410229,1.8152190738708516,3.5617966164697945,6.04309049230283,10.405518247820343,19.58740654886338
state,Ebonyi,cases,12,31251.10978198688,8070.161551707097,11169.92688551846,20267.17654327794,44852.69554683633,81615.77977290565
state,Ebonyi,hospitalizations,12,425.28478897612894,114.73068105269996,163.65569296730123,282.68290238547905,567.6009511796174,1104.5427932312007
state,Ebonyi,deaths,12,12.182556928640784,2.577685059499783,5.061702541639381,8.935338315017226,14.946279526658378,33.6832952626118
state,Ebonyi,cases,13,79072.8472991497,24242.107349318496,31496.46730805123,49402.767125321974,107015.00640957188,208329.58274161478
state,Ebonyi,hospitalizations,13,700.6903278915896,218.35345336651991,289.86696120373574,462.87062336415585,973.1173209733788,1731.9353399028794
state,Ebonyi,deaths,13,34.52232797631042,8.864545247608927,16.217111103606264,26.493241698132888,43.83172864692807,84.0393738080624
state,Ebonyi,cases,14,98237.36037922742,24255.02237055585,34049.56991876149,65496.50066226067,136173.12880723694,263136.45641586254
state,Ebonyi,hospitalizations,14,1728.2732800691115,519.3931121369093,703.5073478860038,1130.9274350097328,2329.608538036069,4579.697329819727
state,Ebonyi,deaths,14,69.3577892197284,16.91010493267509,31.303216207555927,51.340919687937856,85.14871923437379,173.3163398109511
state,Ebonyi,cases,15,139105.22097648314,31928.20459046372,45786.31082591048,93027.11123351127,199145.7101867387,375491.5642607573
state,Ebonyi,hospitalizations,15,1678.5479766260385,408.2176729776413,586.536551502148,1105.6157119265165,2384.2594578981934,4494.4445518844295
state,Ebonyi,deaths,15,91.10673117242283,25.493601478903575,42.98777731855551,66.85600785923448,108.96402809252332,231.0462423795086
state,Ebonyi,cases,16,80361.23571514038,23360.26277765397,30621.792979452897,52024.42646126968,113686.74826726607,202067.92749302284
state,Ebonyi,hospitalizations,16,1480.6165770995556,437.6682547214617,585.1231339445195,949.1236552025509,1924.8478073699525,4078.954730478923
state,Ebonyi,deaths,16,107.95980426327938,31.064768709783678,50.007784590436955,79.72155741458438,125.65212687466163,279.9062363024656
state,Ebonyi,cases,17,87797.45733380076,21765.491034356473,31371.12367675342,57476.00496425051,123448.30623020901,238808.73216523457
state,Ebonyi,hospitalizations,17,880.1942300085512,237.05807392713936,335.26145509334174,567.3302415862725,1194.5585960133317,2347.013139025693
state,Ebonyi,deaths,17,124.88704822989416,38.646377668899774,59.349553620676026,94.10629617361866,139.8859494489556,308.8903441835507
state,Ebonyi,cases,18,44727.65979202977,10718.233068780724,14583.910083533254,27953.702778107756,63665.083774330014,117413.88593948777
state,Ebonyi,hospitalizations,18,418.90146397224555,89.2967367314516,132.29241976657028,273.4638355366408,583.2888689174702,1188.3391600842479
state,Ebonyi,deaths,18,63.94951804707397,14.755927338332318,26.638161141937495,45.55627556428435,77.75217558263478,168.7597813217837
state,Ebonyi,cases,19,5060.6199387156,1561.2308017614287,2064.829484091548,3275.566742400379,7046.107165363692,12902.925995740328
state,Ebonyi,hospitalizations,19,75.59871083764273,19.69398749932538,27.631982019439846,50.472111548517034,100.23692539761096,203.19247209053657
state,Ebonyi,deaths,19,26.288493656728715,7.481956040610726,12.084774878766797,19.6108405595464,33.072649902471895,65.90555043273481
state,Ebonyi,cases,20,2329.426189035671,622.6831480178035,854.2420848845297,1425.9665515821418,3205.5212518007775,6416.871397553362
state,Ebonyi,hospitalizations,20,27.88731188026248,8.963070068952376,12.07433309251891,18.369859147091574,37.96014266179766,69.69912029762685
state,Ebonyi,deaths,20,3.4963480184979554,0.8507795669406915,1.045096510248912,2.2627267915231055,4.339444973094029,10.26294516821756
state,Ebonyi,cases,21,2124.829925786404,687.0597000572992,878.9232637454552,1346.3118557824437,2922.500902292756,5414.020186743767
state,Ebonyi,hospitalizations,21,27.552115027266744,6.333384393799618,9.373583859389578,17.43053274667822,37.800760669573464,76.28362649402452
state,Ebonyi,deaths,21,3.3001943213441756,0.7744924752610443,1.0124207660457658,2.156858496453631,4.258744541800873,9.875345974355028
state,Ebonyi,cases,22,3362.583766723894,985.8623857019146,1336.7679570455948,2159.4095613202153,4601.588151554073,8944.066529912652
state,Ebonyi,hospitalizations,22,43.16112332682067,12.17287472262733,16.452645830610535,26.870094744899067,59.560342958731184,118.91418736275092
state,Ebonyi,deaths,22,2.7516539440555188,0.687893705244095,0.7381168123508524,1.7625615110998338,3.3974184913727488,7.906847688447526
state,Ebonyi,cases,23,4999.721297473296,1132.8385950459306,1590.5794922608425,3166.3967296867972,6842.872036045654,13729.918935099047
state,Ebonyi,hospitalizations,23,50.26743886396836,12.699447759954841,17.821498426017733,32.586232090611944,69.06120594891848,136.64375565453918
state,Ebonyi,deaths,23,2.8988675274967894,0.9078463545374205,0.9113773845525193,1.8961774234227449,3.6719163905622203,7.745133657827079
state,Ebonyi,cases,24,7524.412457109614,2507.874706981355,3215.5718740648135,4751.904926041903,10120.852037914608,19287.878833523842
state,Ebonyi,hospitalizations,24,100.81362527700887,22.300131945535245,35.10388963441435,67.98797320258166,135.06856658686542,277.2258562986393
state,Ebonyi,deaths,24,4.497827727694177,0.9600642049141266,1.4801997517295087,3.1482768979411797,5.625704399765799,13.209251854602956
state,Ebonyi,cases,25,11426.235743186717,3080.1394632403703,4171.206377585426,7240.346826930993,15674.216274830187,30155.03037174878
state,Ebonyi,hospitalizations,25,142.39495543627424,31.278885030537467,48.460263184618434,95.63855135859023,204.72950703121597,379.73876186630565
state,Ebonyi,deaths,25,7.989884232315689,2.0299563852482216,3.3226818743909883,5.70070639487191,9.344198112720218,22.374823823461668
state,Ebonyi,cases,26,14708.101532924178,2930.7018731612584,4406.087166471298,10060.535776751172,21259.093586256204,39992.03680999873
state,Ebonyi,hospitalizations,26,273.3405819599639,86.95459529710739,112.2705491566695,170.65883646290237,367.17430233463654,745.4540045542957
state,Ebonyi,deaths,26,12.890047994522554,3.127400630584486,5.897038995129881,9.543581095969394,15.656465090429275,31.888495430678738
state,Ebonyi,cases,27,20616.58461836631,5233.070965169853,7264.545276853336,13452.849053646956,28658.437751174934,54464.119936256284
state,Ebonyi,hospitalizations,27,312.18637995679245,96.7202533937652,131.57177429493464,213.80396702594737,412.5596492667652,809.5527825938798
state,Ebonyi,deaths,27,19.490501773687633,4.893545311268846,8.505172084516353,14.297005752005981,23.70876515451652,51.019103434433504
state,Ebonyi,cases,28,25087.350366445935,7655.520528270699,10042.266472180052,16030.543206040491,34239.549396314804,69152.00779397285
state,Ebonyi,hospitalizations,28,254.9921073956065,60.68451471195104,91.39450513332514,172.3019656044236,341.63110652406596,683.1686592073272
state,Ebonyi,deaths,28,25.558562546859015,6.506614640864608,11.068814763562731,19.088266820178394,30.58600379498953,67.66647776205252
state,Ebonyi,cases,29,26692.309904405072,8354.169504162064,10840.54268931994,17063.622093842438,37269.3906032894,68776.35345056652
state,Ebonyi,hospitalizations,29,375.5273338857364,83.96210703100571,130.21002319787252,253.536889293095,528.3744024645933,1008.8735165098653
state,Ebonyi,deaths,29,32.388102513500456,7.919003603343503,14.389541949303284,24.123855299858654,41.56607966327934,80.7949589912359
state,Ebonyi,cases,30,18641.364518980823,3249.8434432764566,5582.419630511226,12792.895412256854,26313.684316129053,52157.03831126762
state,Ebonyi,hospitalizations,30,220.41810045772263,60.999668387859316,84.22862452368697,141.72965487515094,311.73561535202185,572.6720775929634
state,Ebonyi,deaths,30,29.29951919671638,8.030288174255515,13.627873110994452,22.34912465391837,37.27001409834001,70.16621180741065
state,Ebonyi,cases,31,16686.447501802973,4141.4348354440235,5686.299479267376,11087.636200046587,24163.310921998815,44924.19688560048
state,Ebonyi,hospitalizations,31,158.5351872847007,42.75144582142327,60.182443933514975,102.61276770467582,217.06830176816808,416.3369373057603
state,Ebonyi,deaths,31,18.890830687281998,4.508323692412176,8.140634046917965,14.475658625834283,22.101365812975725,46.62031823721584
state,Ebonyi,cases,32,11043.016779002592,2697.860139295214,3740.107371397186,7185.162911904022,15148.180204276923,29250.78228184285
state,Ebonyi,hospitalizations,32,118.49273871979837,25.259543529662682,40.557548476474764,76.72568267293194,163.0274466484808,326.7401342482359
state,Ebonyi,deaths,32,13.359104648171465,3.532398807813063,6.201987920823199,10.195814071409975,16.29171746116269,34.56150304560747
state,Ebonyi,cases,33,9596.89869052987,1947.226004798175,2952.1209775500856,6539.826678949948,13694.445392588623,26099.04912626618
state,Ebonyi,hospitalizations,33,98.19575643496732,26.961956515512338,37.313846679974205,64.5910299900425,132.47269767388593,261.72390123039554
state,Ebonyi,deaths,33,9.512500024226135,1.9907033141002692,4.026320377920838,6.837891021702635,11.47836131468912,25.983738537108334
state,Ebonyi,cases,34,7767.572132916406,2042.1658213609683,2759.4852287735507,4972.034465487059,10502.449384904317,20618.365362957065
state,Ebonyi,hospitalizations,34,83.63127208045611,22.502522816053656,31.667690294578478,53.06080822408003,116.90661201525103,216.49123143206788
state,Ebonyi,deaths,34,7.364237815461742,1.6998850653583726,3.2390327155699663,5.5993974029880835,8.879318435137373,20.314923836890483
state,Ebonyi,cases,35,6371.408445732522,1937.5272427778955,2489.606081860108,3975.9086213524533,8695.2811611881,17010.988737611384
state,Ebonyi,hospitalizations,35,59.614591510658656,17.3323412463632,22.797186243447875,38.346610388912815,82.43963880980378,153.13004216234611
state,Ebonyi,deaths,35,6.232441404964316,1.3197817458391405,2.4583688739339817,4.432509509382768,7.52909742271936,16.835020906187644
state,Ebonyi,cases,36,4797.489026788747,956.560057715216,1467.7532941116187,3314.8153138473763,6832.4867883232355,12677.506685240096
state,Ebonyi,hospitalizations,36,51.792316338592094,14.564110714296573,19.95898982841742,33.649986363634945,70.16771844344476,135.86629335776453
state,Ebonyi,deaths,36,4.70802432308863,1.1933721397307018,1.8365455352250943,3.3644986631065272,5.770793033749423,12.028609023250054
state,Ebonyi,cases,37,4220.311885244506,1177.2335278750897,1608.873551631351,2777.635258135962,5974.516333285084,11287.110431044794
state,Ebonyi,hospitalizations,37,45.8225320065997,12.261740321098022,17.540544689766534,29.1731532452512,61.72493692252386,119.81234153299494
state,Ebonyi,deaths,37,4.656244484535558,1.1032933183210005,1.6685586332441782,3.2354107299204884,5.561003635229348,14.311586487283828
state,Ebonyi,cases,38,3798.7160615395783,1083.3553475265,1442.9648994109466,2441.262513335472,5086.845726607093,10278.056568434495
state,Ebonyi,hospitalizations,38,39.10926953862472,9.906725879749779,13.779348752918242,25.341798014080517,54.324356937245845,106.00203875177587
state,Ebonyi,deaths,38,3.5363069915427667,0.7762258367095674,1.1384057517038584,2.5501893662924404,4.463657273370881,9.4685309630434
state,Ebonyi,cases,39,3700.51357703247,1046.255815373293,1395.8998846187374,2482.111753381972,5051.778206892749,9708.609195255967
state,Ebonyi,hospitalizations,39,38.233685457031406,8.963857834363784,13.344762926996435,24.894502488319205,54.24194754699454,103.94322889418979
state,Ebonyi,deaths,39,3.583817592529133,0.7516564978923774,1.0707925982338469,2.2979158380822096,4.599323891499595,10.927378948357074
state,Ebonyi,cases,40,4069.5307125960903,811.9958471037924,1265.7639300273388,2756.662653191122,5829.93852127528,11526.118050699373
state,Ebonyi,hospitalizations,40,40.367511542872904,10.286286281605204,14.407760221592538,26.352808650830482,55.14029893346825,112.68397212647567
state,Ebonyi,deaths,40,4.186256345200639,0.8388968587890167,1.3439979664946455,2.7192509173451227,5.113686372878344,12.000115726099716
state,Ebonyi,cases,41,4114.599888206237,1025.318075636032,1459.000585153588,2649.9838101810547,5809.658912208244,10731.366772863745
state,Ebonyi,hospitalizations,41,39.002068211644826,8.89397712128178,13.66884520174196,24.27444735350347,53.694681040357075,103.41560716445727
state,Ebonyi,deaths,41,3.7019736363685083,0.8350281691220389,1.1059664277741015,2.4829588582457394,4.688664086746037,11.002584871172694
state,Ebonyi,cases,42,3503.34347218605,1029.652698880216,1383.4201180391733,2212.8996334325325,4845.757555996748,9171.411556253617
state,Ebonyi,hospitalizations,42,30.03409467804172,5.84245478928524,9.716906689397764,19.997227257568497,41.68180719606309,83.64511627168984
state,Ebonyi,deaths,42,3.0526064749338633,0.82740281464879,0.9620090636746003,2.0483625698171832,3.86324059094674,8.579485888629566
state,Ebonyi,cases,43,2621.844465814081,786.7712610974254,999.1748623094333,1593.0672835860296,3612.596015113367,6978.354285023559
state,Ebonyi,hospitalizations,43,23.660166708062366,5.497876652455741,8.255736147584189,15.16680800235685,33.183167429295025,64.78230853290157
state,Ebonyi,deaths,43,2.692175530163686,0.5399673911888168,0.5773934431146386,1.6411185738431604,3.3959392283286256,8.346481013454062
state,Ebonyi,cases,44,1636.8788859889064,402.49233091267047,548.1764222359668,1060.1158285990355,2264.7049997418403,4676.222693732911
state,Ebonyi,hospitalizations,44,15.007508104878726,3.3691888207891028,4.823029941821122,10.010274969757862,21.03996798066471,41.892785750406574
state,Ebonyi,deaths,44,1.6971994275813778,0.5669004768424655,0.5669004768424655,0.9869849021568753,1.9496382219699702,5.4053511122544435
state,Ebonyi,cases,45,1109.3454835693262,302.86698141321745,414.8781419994974,726.6804001688538,1587.1890288804102,2780.468826067843
state,Ebonyi,hospitalizations,45,13.690707812062804,4.389310381801427,5.335163210265308,8.29698870651654,19.01829058770236,38.35092913383547
state,Ebonyi,deaths,45,1.4331575528941773,0.40211520085121033,0.40211520085121033,0.7055199808676053,1.746600798203729,5.033563409908874
state,Ebonyi,cases,46,756.626503637089,172.98095677206933,250.62808974380474,518.7244226532036,1078.5086593387528,2063.8486111385723
state,Ebonyi,hospitalizations,46,8.226305742319997,2.1144553914615893,2.482971410559373,5.130661059939999,11.299317841857436,22.624194446923287
state,Ebonyi,deaths,46,1.1295152980214138,0.32213849290926966,0.32213849290926966,0.34330069341170044,1.238652198924993,3.9864294358706704
state,Ebonyi,cases,47,532.817508721442,177.77768354246658,226.6531054212699,339.5110167645205,734.6706710813326,1382.3142896751474
state,Ebonyi,hospitalizations,47,7.398783630333463,1.766283953209153,2.124849084943531,4.719930002939202,9.885068952084648,22.156356767136227
state,Ebonyi,deaths,47,0.575871566942757,0.0,0.0,0.0,0.705735521680867,2.5961410428799843
state,Ebonyi,cases,48,427.502407933179,125.19876455151157,165.9916424851519,264.3763080301462,592.1081457724363,1143.912175367189
state,Ebonyi,hospitalizations,48,6.581273897739337,1.7384278072252544,1.898505360274287,3.7711273949506166,9.14872384792664,17.763920081255495
state,Ebonyi,deaths,48,0.4870326069169211,0.0,0.0,0.0,0.6244295867371517,2.2725375514631323
state,Ebonyi,cases,49,373.4256073742178,97.60006212330299,135.90653631940614,245.8324627967073,536.9510067998592,960.7517561783853
state,Ebonyi,hospitalizations,49,6.3898430289117165,1.9568739065130867,1.982736533627004,3.670511517109228,8.775647738263395,18.501371890934895
state,Ebonyi,deaths,49,0.5334304580469171,0.0,0.0,0.0,0.5711842030835173,2.67647770943591
state,Ebonyi,cases,50,242.96415826851555,61.29508398100936,84.51099680077527,160.05964520701355,338.91992396965725,637.1863668399186
state,Ebonyi,hospitalizations,50,3.220882353890309,0.9845207285510623,0.9845207285510623,1.650295252691698,4.428297180078501,9.767438577259528
state,Ebonyi,deaths,50,0.8694497829972947,0.29205078584012545,0.29205078584012545,0.30655924789451705,0.9809507609535908,3.0336600977948818
state,Ebonyi,cases,51,346.46510817224726,103.78672418089965,132.75505561244148,214.3163052144576,471.3312962770834,904.8149348487631
state,Ebonyi,hospitalizations,51,3.9744803600880676,1.1467718482114881,1.1467718482114881,2.206821725442854,5.666016524656827,11.379114771410782
state,Ebonyi,deaths,51,0.7134593583687078,0.0,0.0,0.0,0.7916699358889888,3.44127411212497
state,Ebonyi,cases,52,314.65731800717685,101.45044103242508,128.73788127295057,201.09721680670955,429.88784031246087,783.0908584174758
state,Ebonyi,hospitalizations,52,6.594745348791921,1.7585153117626953,1.8903445433935286,3.8527807524759936,9.558179944998917,18.845246670202155
state,Ebonyi,deaths,52,0.5053107234426645,0.0,0.0,0.0,0.4920719592415206,2.450874237944153
state,Nasarawa,cases,1,1302.308323671368,308.0657927540824,450.6033950050193,829.2289371334663,1816.2523155184697,3525.885592585693
state,Nasarawa,hospitalizations,1,30.412701031826042,7.800297201921479,11.187808826374997,19.33523052481948,41.394755392254844,85.91660361417763
state,Nasarawa,deaths,1,2.809928922974423,0.7809198221928372,0.7809198221928372,1.7394770670068997,3.227250740173157,8.58590713136358
state,Nasarawa,cases,2,1572.8001639443244,464.5982430076446,621.981780265518,1000.9297459120913,2129.533264443232,4094.3644555347532
state,Nasarawa,hospitalizations,2,31.632690789755753,10.290667450533554,13.202926454694556,21.05911156233162,42.16608628537752,82.88683264361781
state,Nasarawa,deaths,2,1.6718274602483953,0.5302197902108794,0.5302197902108794,0.8530438996172379,1.9976048848657755,4.955625603516444
state,Nasarawa,cases,3,526.7861381477113,130.84066094438447,184.53368881751652,348.0176039606929,734.509233765094,1385.519006246938
state,Nasarawa,hospitalizations,3,6.460657138887929,1.5845759816337512,1.8715456168730649,4.048366941483654,8.942201455411007,18.26585546042621
state,Nasarawa,deaths,3,0.4925904295272238,0.0,0.0,0.0,0.4838817483816791,2.508528369427539
state,Nasarawa,cases,4,718.6468282647577,189.20615937974785,264.98424684672716,475.5435521273307,1025.4439891795637,1863.7688939895038
state,Nasarawa,hospitalizations,4,8.200587435951405,2.285072357495457,2.603920474307704,4.777527731399923,10.69877704941973,25.128452296666264
state,Nasarawa,deaths,4,1.9887251751716,0.6857539587274308,0.6857539587274308,1.1126292040901924,2.416311020533855,5.874170860508244
state,Nasarawa,cases,5,564.0742178651352,151.00778272286453,203.87058959254324,355.22977602307895,775.4386008704862,1516.865536586378
state,Nasarawa,hospitalizations,5,6.100961782823031,1.8397315144806745,1.875236709282567,3.7552845929916665,8.842098540876295,17.125367373257703
state,Nasarawa,deaths,5,0.4875810138432073,0.0,0.0,0.0,0.5699301774136719,2.23223410629008
state,Nasarawa,cases,6,638.9328891861652,176.89038752280283,239.60927064312563,412.97115070499893,868.3932491907954,1614.2827922321485
state,Nasarawa,hospitalizations,6,11.04545001633737,2.7498259060196686,3.5869525232533563,7.026120200540328,14.743686741227368,31.91990821970209
state,Nasarawa,deaths,6,1.0501036525980258,0.35790344376128025,0.35790344376128025,0.35825380189349887,1.1516976197950008,3.6955467647383773
state,Nasarawa,cases,7,817.4004985715093,254.033405938214,338.6436367887549,524.3388176220694,1142.9919137236475,1978.7791412412878
state,Nasarawa,hospitalizations,7,16.586584599020227,4.273501559570056,5.942443719964469,10.315915336153559,23.71413015769569,43.86452260807695
state,Nasarawa,deaths,7,2.304064481971864,0.6111796608838698,0.6111796608838698,1.3679147281096053,2.5606292255157914,7.356634905748883
state,Nasarawa,cases,8,885.046293889239,232.45871166340862,321.2418584731282,558.1826305029833,1171.8064345854036,2656.441747364627
state,Nasarawa,hospitalizations,8,13.384392628584944,3.7171233190620514,4.658552222801512,8.541215712471608,18.832845637963345,37.186846704590394
state,Nasarawa,deaths,8,1.8431084492925998,0.6431723295484457,0.6431723295484457,1.004888860658264,2.22491417153139,5.741460464948866
state,Nasarawa,cases,9,1662.182005329569,445.3354184816391,593.3698527697064,1073.4147824799488,2357.5327530374907,4492.190764085541
state,Nasarawa,hospitalizations,9,15.43534111434557,3.9669615317370397,5.449268816095541,9.588894312798331,20.618908438336977,41.39427048771657
state,Nasarawa,deaths,9,2.4065002984648918,0.6251515426856932,0.6251515426856932,1.4911027526339056,3.0052387532459184,7.69949911562975
state,Nasarawa,cases,10,1493.674160730131,402.21819260766085,542.4659673031113,974.9524599269403,2126.0091356124685,3941.5974089409697
state,Nasarawa,hospitalizations,10,28.43731528364399,6.32508703493966,9.580715112779057,18.874695417233287,38.844709679363305,76.9547361425504
state,Nasarawa,deaths,10,3.634186215937163,0.8679576149058081,1.3106497507720927,2.633707842624524,4.856895091433735,10.010155091952774
state,Nasarawa,cases,11,3180.388708804484,823.244342640775,1139.3932740459034,2072.183679687052,4335.130717576245,8425.964358822324
state,Nasarawa,hospitalizations,11,42.31933241762718,10.558832463231337,15.006194224111942,28.085368840610364,57.176879526054975,116.43630402455324
state,Nasarawa,deaths,11,5.891542438302952,1.374865969690425,2.45515261431165,4.334510626680583,7.638659174163691,14.59311769893174
state,Nasarawa,cases,12,5164.3737546687125,1333.0080506471493,1845.3397496139119,3348.940464882878,7412.454752135446,13488.686780203698
state,Nasarawa,hospitalizations,12,62.126061788806524,16.13769383481861,23.382634134405045,41.00848628067118,83.19987618551733,162.711590905258
state,Nasarawa,deaths,12,12.548219527110467,2.677086590707638,5.230119410185585,9.211379337398007,15.389327077143419,34.64692749940787
state,Nasarawa,cases,13,10867.495239953985,3331.152232721767,4328.245195482506,6789.419666897006,14708.072544062547,28633.498310143867
state,Nasarawa,hospitalizations,13,154.8667408943014,47.72506648749458,63.61038933354075,102.03975897406059,215.38105305659366,383.9375898094916
state,Nasarawa,deaths,13,28.524595135757686,7.19897572108017,13.310104762287354,21.851172103591832,36.26215912480246,69.68098363248605
state,Nasarawa,cases,14,21963.836941945152,5422.335387243384,7612.270550920612,14643.400788021521,30445.788030827687,58833.15909203996
state,Nasarawa,hospitalizations,14,316.94833801604074,94.68072728927658,128.53241281302363,207.11889645442344,427.5112826151733,841.2180113212021
state,Nasarawa,deaths,14,47.750116057700936,11.409709056473444,21.38253300195775,35.26643101853314,58.69147279176302,119.7818194798348
state,Nasarawa,cases,15,36328.38231960887,8337.72326187386,11956.946299630123,24294.49013515855,52008.72984011608,98063.72226361129
state,Nasarawa,hospitalizations,15,504.4232475020151,122.14511290535675,175.8062812250759,332.0118071305254,716.7916904568586,1351.8057644075077
state,Nasarawa,deaths,15,87.66211429642372,24.502791083196588,41.3427179601299,64.31832199377595,104.8515822148028,222.36815346745794
state,Nasarawa,cases,16,51495.441927921755,14968.990584342655,19622.208168660523,33337.101269790655,72850.56360400331,129485.57659260977
state,Nasarawa,hospitalizations,16,1273.2662550206448,376.27720030956374,503.0959600590787,816.1550795493891,1655.327899652093,3507.9703472667097
state,Nasarawa,deaths,16,133.08602446598704,38.45893066517948,61.77022153989026,98.33601474054981,154.85821117804988,344.68344471773685
state,Nasarawa,cases,17,98507.00437078338,24420.540640481584,35197.856450529376,64486.97881165259,138506.49964161328,267938.4473923403
state,Nasarawa,hospitalizations,17,1540.6297740972839,415.47732387758475,587.2819625908601,993.2811608523555,2090.603264667555,4106.796943993277
state,Nasarawa,deaths,17,111.67686549039982,34.48601406256016,53.01666518786325,84.12614674763803,125.1018301625213,276.3714462235826
state,Nasarawa,cases,18,91256.940933919,21868.98543654124,29755.95827056202,57033.76533415832,129894.1441779404,239555.48963436997
state,Nasarawa,hospitalizations,18,1480.586167937869,317.60426226113094,469.31082851897867,967.4220161641044,2060.612974813075,4195.480840762529
state,Nasarawa,deaths,18,54.77791401361776,12.531012803595415,22.735341262304452,38.9820046907328,66.63148072707558,144.78778673421718
state,Nasarawa,cases,19,42656.82338939883,13165.015315628054,17409.194829316195,27612.927381588524,59389.91763229719,108749.44013988957
state,Nasarawa,hospitalizations,19,939.2735991891693,253.02725677480421,350.46942311919975,630.8414610766897,1241.7251366566725,2505.5470606337108
state,Nasarawa,deaths,19,18.987483423445127,5.212209562029005,8.583327622742459,14.095440272554187,23.954909046258383,48.00182200438785
state,Nasarawa,cases,20,18587.370032758907,4973.735176379114,6820.73776462761,11381.030638848435,25575.43911950812,51190.395342903634
state,Nasarawa,hospitalizations,20,409.51495480779596,140.64176997993192,184.8735979688137,274.375071626342,552.8838457519689,1004.1067056314472
state,Nasarawa,deaths,20,7.946770462967804,1.7191525128939809,3.132483831678835,5.592923925880415,9.7893050087716,21.758798213918702
state,Nasarawa,cases,21,5398.484455013168,1746.6316470641746,2233.953947428535,3421.093805863184,7424.522373483031,13752.836545079876
state,Nasarawa,hospitalizations,21,67.92123793080731,16.708920575001496,24.05050366640676,43.506713822590214,92.69747336960526,185.62728282563808
state,Nasarawa,deaths,21,5.867857163923894,1.2553298694966815,2.261815935346776,4.116768581950295,7.523593592242766,16.627216633856737
state,Nasarawa,cases,22,3035.8409548243794,889.997316411201,1206.8154735431892,1949.5446244324082,4154.4868753700375,8075.131372261253
state,Nasarawa,hospitalizations,22,44.83277641127166,12.671663481519158,17.11348742642984,27.92539134952913,61.853450495126566,123.45471856399648
state,Nasarawa,deaths,22,5.930025417208554,1.2985245596137593,2.281011806197997,4.214837615549798,7.300927696265201,15.813295984565102
state,Nasarawa,cases,23,3171.902087947064,718.4079876904808,1008.839499889689,2008.6780242597802,4341.360747795253,8711.115466346935
state,Nasarawa,hospitalizations,23,47.84294015110121,12.051521243053449,16.931320359593627,30.997743944547906,65.74760426687936,130.13378235217263
state,Nasarawa,deaths,23,4.475172556285585,1.295424054136995,1.7260078340664915,3.132613278225908,5.666450595965606,11.47860548249334
state,Nasarawa,cases,24,5720.187620461536,1906.3695955774642,2444.395689752332,3612.3914226072434,7694.128327584363,14663.351678250054
state,Nasarawa,hospitalizations,24,88.35795371694341,19.44964125698384,30.68701330667724,59.54812506370986,118.42221527147211,243.18827168120623
state,Nasarawa,deaths,24,13.49157457023626,3.145573267474714,5.587456180378616,10.01789977610025,16.59799280971749,36.74003439960383
state,Nasarawa,cases,25,12840.145092430545,3461.3735596837873,4687.4398514384575,8136.329740893321,17613.734749857354,33886.28211424634
state,Nasarawa,hospitalizations,25,166.76363723374237,36.76439095850436,56.86558965860751,112.06140319644537,239.69138472029314,444.4418869354804
state,Nasarawa,deaths,25,17.398055086933454,4.956563237593341,7.863309177213236,12.739255908543344,20.209940663584472,46.92818359769287
state,Nasarawa,cases,26,18011.07027555505,3589.02349995059,5395.710572382385,12319.88099230253,26033.105406327664,48972.58196502626
state,Nasarawa,hospitalizations,26,223.09091113626027,70.84436680106694,91.52331676225316,139.21689679573478,299.7375513957538,608.7295442286899
state,Nasarawa,deaths,26,36.6947308194071,10.204574298961342,17.723257754802187,27.622454745853904,44.216982155992426,88.281759542181
state,Nasarawa,cases,27,22642.346045669816,5747.339695735156,7978.414609397033,14774.74436612518,31474.343910852753,59815.53918068329
state,Nasarawa,hospitalizations,27,295.05300257135815,91.37430578318703,124.31921676045599,202.05276178052227,389.9351866600168,765.2101559543983
state,Nasarawa,deaths,27,28.25686561696604,7.4154606653461865,12.572543786444985,20.842769233900334,34.281927984760486,73.27867195014436
state,Nasarawa,cases,28,25274.393172390573,7712.602682436378,10117.142688207323,16150.064210055594,34494.82518538137,69667.56869886983
state,Nasarawa,hospitalizations,28,396.86985439313685,94.87174048623221,142.6020378835825,268.35060038597044,531.526529236382,1062.3534275277377
state,Nasarawa,deaths,28,42.521964004469964,11.301430868631996,18.77771573247994,31.919556601961926,50.76142118515071,111.52688057063428
state,Nasarawa,cases,29,39944.27656135733,12502.116239837127,16222.85618821963,25535.4003712816,55772.37788119423,102921.05854500359
state,Nasarawa,hospitalizations,29,516.7237121638703,115.82258759653533,179.41330381534738,348.9872953379157,726.8878745405266,1387.5724055883077
state,Nasarawa,deaths,29,64.78188980726537,16.572424168122193,29.32082628432728,48.49959229774714,82.86466025608765,160.1542923549596
state,Nasarawa,cases,30,25997.587842164332,4532.616899030991,7785.62092867643,17841.329677673722,36697.38292428729,72738.44994100984
state,Nasarawa,hospitalizations,30,370.16502061512836,102.9305646093952,141.86945878832262,238.25891869098015,523.2413374482976,960.6513196795844
state,Nasarawa,deaths,30,41.841080627644196,11.768132814678962,19.682687315551394,32.01386610647151,53.11085597692191,99.62354896547976
state,Nasarawa,cases,31,14730.68828112132,3655.9438623867554,5019.751261143949,9788.054434130481,21331.26762166714,39658.98972671899
state,Nasarawa,hospitalizations,31,289.9725740733196,78.79725994473294,110.58925815946719,187.97695385588244,396.72978092944066,760.1712812110013
state,Nasarawa,deaths,31,24.690072704659723,6.114763304676353,10.806395435343077,18.988957486005496,28.838614967467272,60.50823946999831
state,Nasarawa,cases,32,12655.855341141532,3091.994428800342,4286.448648708834,8234.610851911428,17360.525812507367,33522.63403827501
state,Nasarawa,hospitalizations,32,193.67674405461318,41.78186682709379,66.7052707550958,125.63014501383577,266.23238241276704,532.9519615587905
state,Nasarawa,deaths,32,12.214718656533028,3.1706145098103042,5.627112175187616,9.302143874645264,14.911461193297491,31.722919337329206
state,Nasarawa,cases,33,7989.470574182729,1620.9427882227344,2457.540877952625,5444.3880785955225,11400.772089736916,21727.888921689613
state,Nasarawa,hospitalizations,33,115.78474086475268,31.92005588844389,44.107500732514865,76.22136224104756,156.13952865094035,308.309025172703
state,Nasarawa,deaths,33,10.049549936151946,2.144047637840277,4.28403825171293,7.23976843047277,12.118172648753244,27.36729374248146
state,Nasarawa,cases,34,5536.6915430379195,1455.4352234092207,1966.7638882039425,3543.9411335291666,7486.201230334173,14697.156011121519
state,Nasarawa,hospitalizations,34,84.26212691283214,22.677718463222167,31.911206158277583,53.46379552707719,117.78552724316637,218.1124836415621
state,Nasarawa,deaths,34,8.63180193290008,2.0061712622588894,3.8856965988249943,6.606134608880493,10.386407163118545,23.566512664931754
state,Nasarawa,cases,35,4210.663107618859,1280.2147465201072,1645.095638707224,2627.4252595481794,5746.56104414249,11242.592742616365
state,Nasarawa,hospitalizations,35,65.79890568751567,19.20283879814393,25.225276469865072,42.36124973116988,90.95320715428174,168.85634043740808
state,Nasarawa,deaths,35,6.312746030722834,1.334587453858758,2.497165894678531,4.493453032706447,7.62477939931115,17.03509952743943
state,Nasarawa,cases,36,3154.170676375962,628.6284930745834,964.7555323228203,2179.2619924987034,4492.251315476901,8335.551837501418
state,Nasarawa,hospitalizations,36,52.25556158402895,14.70069914834457,20.1429229584524,33.95406974263881,70.79227627366055,137.06741258820793
state,Nasarawa,deaths,36,5.824373033993756,1.4314694427992514,2.4024828648167116,4.235287687196241,7.121677227622801,14.628030082191835
state,Nasarawa,cases,37,2880.0413154099565,803.1432533982849,1097.7371558704529,1895.4159002624447,4077.28416973369,7703.124549154559
state,Nasarawa,hospitalizations,37,49.39112656933784,13.272802477694311,18.954057746471687,31.473525040566827,66.50702497897299,129.02295670236842
state,Nasarawa,deaths,37,4.819485629222642,1.1359985597170144,1.7476634849009278,3.360962229266206,5.755493354442768,14.765472252661816
state,Nasarawa,cases,38,2652.3236151372435,756.2001708008268,1007.3138068700745,1704.420272474732,3551.8184206247934,7176.816208537437
state,Nasarawa,hospitalizations,38,39.75736883434131,10.083061603741976,14.01829554512815,25.767682012200737,55.21881973410086,107.73200631307375
state,Nasarawa,deaths,38,4.164241321873053,0.8876956106198506,1.4454911312389207,3.060013681954045,5.248264809197859,10.971862499352294
state,Nasarawa,cases,39,2800.9916196659533,791.7573294692418,1056.4327741226343,1878.6792660283365,3823.8791736419053,7349.032096100033
state,Nasarawa,hospitalizations,39,45.85618793139582,10.900525010318717,16.132943164951726,29.927596480673728,64.97928125132663,124.34096139064891
state,Nasarawa,deaths,39,4.048620946732884,0.8307308921146863,1.2886403394886936,2.644857157453134,5.188373738093521,12.182141286799997
state,Nasarawa,cases,40,2699.9584872123173,538.4549724212457,839.5480832055026,1828.8184865566645,3868.058852379299,7647.699771700798
state,Nasarawa,hospitalizations,40,39.50573445286018,10.0510272566848,14.086590391632875,25.782648109845745,53.970072372110025,110.31426611652424
state,Nasarawa,deaths,40,4.2258197967074596,0.8454721399291036,1.362370243682264,2.748402439556532,5.161605501771045,12.10201075032971
state,Nasarawa,cases,41,2706.3495910005477,674.1389585445639,959.4266922066873,1742.886706482265,3821.403891712409,7059.0324575391605
state,Nasarawa,hospitalizations,41,41.51086675513792,9.514932191118,14.589475367448706,25.86069482801081,57.127369338375374,109.96882634457167
state,Nasarawa,deaths,41,4.196411309188926,0.9260402158112606,1.3355015763332605,2.862576248347188,5.308687435187785,12.310780037612478
state,Nasarawa,cases,42,2420.344236021574,711.1348097242665,955.5722366122241,1528.7053953441741,3347.892186154882,6336.725176892483
state,Nasarawa,hospitalizations,42,31.4453016535112,6.153862410809001,10.204644865974899,20.95283409754535,43.62430305033973,87.49740834281118
state,Nasarawa,deaths,42,3.8088573519526774,0.989933395108139,1.3474156230188485,2.6471665974941327,4.818549543449587,10.461228824979129
state,Nasarawa,cases,43,1731.431446963367,519.3357360786447,659.6317707784135,1051.9073784795537,2385.8389661682913,4608.9770689683055
state,Nasarawa,hospitalizations,43,26.393730685773377,6.201118855093462,9.283635895846249,16.96221980006255,36.97939375155718,72.0877910253682
state,Nasarawa,deaths,43,2.5021522551050284,0.5101712391830494,0.5101712391830494,1.4953779758447763,3.1533651847979263,7.830729185583938
state,Nasarawa,cases,44,1331.8878645074938,327.3576312607663,445.91374614674714,862.5244173884829,1842.8058665653425,3805.2725036665997
state,Nasarawa,hospitalizations,44,19.50818488119317,4.321570704992329,6.469048767938601,13.122592794330748,27.270092604041576,54.01745856768429
state,Nasarawa,deaths,44,2.063782780429424,0.654178128645936,0.654178128645936,1.2928928763309588,2.4037523181816787,6.391492466673638
state,Nasarawa,cases,45,867.0067641839152,236.54642062481327,324.1105585365889,567.860340189051,1240.558452094885,2173.398681419807
state,Nasarawa,hospitalizations,45,13.446510271041607,4.315726469431138,5.228958350283563,8.141130782883645,18.682697063372025,37.691236592364916
state,Nasarawa,deaths,45,1.8031591017735031,0.473520882698777,0.473520882698777,1.008378009812306,2.234328947608797,6.104974558612219
state,Nasarawa,cases,46,665.202447100552,151.98638391611536,220.26370756804863,456.008407872884,948.2425450604402,1814.67987791993
state,Nasarawa,hospitalizations,46,10.743941069686047,2.701783668900819,3.450429795916887,6.833563194663856,14.715676111181047,29.18624228507125
state,Nasarawa,deaths,46,1.7290735261150663,0.4360143325859641,0.4360143325859641,0.8181569982856021,2.0300149342329483,5.7491304216180925
state,Nasarawa,cases,47,457.5506770597236,152.57051144297566,194.55463041236663,291.4998800763276,630.9430869274076,1187.2706987940558
state,Nasarawa,hospitalizations,47,10.171541338809336,2.361280450877273,3.1774965134075237,6.64676532999526,13.551850780453234,29.956886885844728
state,Nasarawa,deaths,47,1.1611800659820397,0.31104771985661805,0.31104771985661805,0.5302520122339439,1.4353508424777766,3.789639828466834
state,Nasarawa,cases,48,372.7078054730834,109.06113963614911,144.63764191309633,230.44140117401653,516.2646395009078,997.5069129007265
state,Nasarawa,hospitalizations,48,7.1696286759043,1.8772408420122946,2.1299503036500944,4.1521007493206135,9.95909696246793,19.26221450576655
state,Nasarawa,deaths,48,0.8431663417669731,0.24371650469092432,0.24371650469092432,0.26071139936694737,1.0568616283043868,2.8964359280028247
state,Nasarawa,cases,49,472.1792246764179,123.60552918839626,172.01521966686704,310.9337755507344,678.8339517869828,1214.4108622833676
state,Nasarawa,hospitalizations,49,5.549354867547892,1.7262159020924621,1.7262159020924621,3.1199952766021637,7.623385759746515,16.20273245951508
state,Nasarawa,deaths,49,0.4919005650584959,0.0,0.0,0.0,0.5022171518980937,2.5150989061923936
state,Nasarawa,cases,50,502.8534854172665,127.65658386444863,175.6038670817968,331.63272840392017,701.0286900765907,1317.0314172386063
state,Nasarawa,hospitalizations,50,6.9186817004593815,1.9108420136671036,2.101388056998003,4.143919645977378,9.535703326054133,19.89836548519185
state,Nasarawa,deaths,50,0.5324005978456883,0.0,0.0,0.0,0.6179949124764729,2.5845253836365742
state,Nasarawa,cases,51,372.7160795387749,111.70335589835372,142.86024330590598,230.5834411944228,507.01590184599155,973.2492074097373
state,Nasarawa,hospitalizations,51,8.686858199083963,2.2946966650163008,2.656304155568378,5.41686760112936,12.338735086608601,23.77067554990383
state,Nasarawa,deaths,51,0.5088431935420487,0.0,0.0,0.0,0.4768114735609202,2.660788426837583
state,Nasarawa,cases,52,270.7957733821811,87.21464057779394,110.71040798346215,173.01519371433375,370.014664060601,674.1390482910668
state,Nasarawa,hospitalizations,52,8.248923274320601,2.1520410975237008,2.5371544403280306,4.938750459973033,11.920920849937069,23.28627498384481
state,Nasarawa,deaths,52,1.2340587277066974,0.35061785906676884,0.35061785906676884,0.5087864091567759,1.4177519145044697,4.131499648382871
state,Ekiti,cases,1,959.2253510896462,226.70729225536715,331.72328630605335,610.6794147359285,1337.8786912460428,2597.467987109665
state,Ekiti,hospitalizations,1,17.06846129888885,4.268251748202548,6.002133747917595,10.682986331503967,23.35661337453977,48.93528304318055
state,Ekiti,deaths,1,1.791374028782936,0.5536552329304537,0.5536552329304537,0.9422298814010738,1.997029178532062,5.796200448289097
state,Ekiti,cases,2,483.26371888833165,142.26617942500843,190.693634695622,307.2972259986341,654.5724071528794,1259.1577168920087
state,Ekiti,hospitalizations,2,5.550863504837038,1.9322241957952229,1.9322241957952229,3.3392415523864596,7.491188538311706,15.501354956056106
state,Ekiti,deaths,2,0.4564154498121886,0.0,0.0,0.0,0.43485522671702637,2.155029146097375
state,Ekiti,cases,3,447.83114101468306,111.11774998766069,156.7784849387678,295.8057667631411,624.479573556424,1178.1005155921532
state,Ekiti,hospitalizations,3,6.230034046968014,1.5342277108883513,1.780305210700161,3.8879602784154175,8.626298238093376,17.65370273433025
state,Ekiti,deaths,3,0.6324496565896875,0.0,0.0,0.0,0.702249707180044,3.0248432167889336
state,Ekiti,cases,4,447.65604874715405,117.58197738529283,164.82500822936572,296.0959347780565,638.9254278046291,1161.570042615587
state,Ekiti,hospitalizations,4,8.05357943661588,2.247789800345277,2.5451199857335274,4.683263316916019,10.507903302029849,24.702148283666048
state,Ekiti,deaths,4,0.4973275570496716,0.0,0.0,0.0,0.5281972539791614,2.46344042688609
state,Ekiti,cases,5,581.357612087249,155.65710196371475,210.1367738432109,366.12544150915085,799.1867989015524,1563.2910637394211
state,Ekiti,hospitalizations,5,6.190760870436163,1.8637889171411937,1.9128349820278387,3.817467468763763,8.970799563693317,17.362385252136292
state,Ekiti,deaths,5,0.4144765981665348,0.0,0.0,0.0,0.44534488373007847,1.9757329948523257
state,Ekiti,cases,6,534.2635919942562,147.794114845073,200.25451379025932,345.2608171149828,726.1927436160336,1350.082408901111
state,Ekiti,hospitalizations,6,7.906493554759655,2.023350234349359,2.375126928056398,4.905701940304307,10.584366918520647,23.222807656761244
state,Ekiti,deaths,6,0.5565491225141481,0.0,0.0,0.0,0.5836816844931427,2.829562149925446
state,Ekiti,cases,7,523.1821581435555,162.34784907479312,216.54035443821175,335.47735510715694,731.7221223363434,1267.0404089621613
state,Ekiti,hospitalizations,7,8.725363875949817,2.3488322068554623,2.815755107709508,5.21953356541683,12.583555328023246,23.658756801213862
state,Ekiti,deaths,7,1.0635693053003805,0.34972264744853593,0.34972264744853593,0.3549426799466436,1.0374249325136151,3.7817436836378144
state,Ekiti,cases,8,822.0192527141304,215.85211680016465,298.31986103078214,518.4063491504397,1088.3813134006105,2467.4102130229912
state,Ekiti,hospitalizations,8,12.118136769173736,3.3871054851948807,4.156168258885988,7.694116740602192,17.072023573412043,33.79649902173583
state,Ekiti,deaths,8,0.6213596612785145,0.0,0.0,0.0,0.7251798700498916,3.0750177891048778
state,Ekiti,cases,9,1508.5298562919365,404.1009678793884,538.4593228886731,974.1555674590821,2139.641010030059,4077.0898222009587
state,Ekiti,hospitalizations,9,30.401796158281957,7.842097219721118,11.346364940212222,19.271189994882853,40.38685187421527,80.15883361988608
state,Ekiti,deaths,9,2.0463224357317302,0.5530493698581612,0.5530493698581612,1.2037901429106421,2.543292493685524,6.696137936909185
state,Ekiti,cases,10,2840.8123876865134,765.635621862408,1032.287627996178,1854.5708416466466,4043.0659704408063,7495.029871096532
state,Ekiti,hospitalizations,10,61.3390410211219,14.5174181402275,21.414120111402802,41.102429326481385,83.40678149235714,164.13882100856486
state,Ekiti,deaths,10,4.002307207213485,0.9392167930945345,1.5003537172957029,2.9320346620412203,5.337745220271469,10.914087023776558
state,Ekiti,cases,11,7159.92680262249,1854.2757758872815,2565.8893395659525,4665.489365962889,9759.113433870454,18967.092385199896
state,Ekiti,hospitalizations,11,105.92284862114201,27.531655892156323,38.50945973117025,70.79390633928702,142.60297312007293,288.878084688366
state,Ekiti,deaths,11,5.962706135482078,1.3892948633482631,2.491413625015646,4.390495055887389,7.729319862054876,14.75676378664653
state,Ekiti,cases,12,28715.043999824553,7415.19787801021,10263.421512696254,18622.441856346206,41212.879762449746,74992.69019987315
state,Ekiti,hospitalizations,12,379.5895731818193,102.32503444863654,146.0055735718288,252.27376798311016,506.65028196289967,986.0351246186754
state,Ekiti,deaths,12,26.519904989456066,6.472117430569286,11.660072775282941,19.750293378988108,32.3043493829872,71.43724664729902
state,Ekiti,cases,13,91602.6385122757,28083.593299726144,36487.456144336036,57231.131475425376,123972.42359077571,241340.98656500474
state,Ekiti,hospitalizations,13,745.6920747044214,232.42132373403842,308.5212319325901,492.62019738104243,1035.5907217058043,1843.0742772794922
state,Ekiti,deaths,13,45.520292348379954,11.918678334050265,21.547650662660576,35.005344082594,57.711949411907796,110.36816633505806
state,Ekiti,cases,14,103276.87772233576,25499.329023673446,35796.32583962481,68856.44874408463,143158.7083828491,276635.1118302048
state,Ekiti,hospitalizations,14,1182.9307017842839,355.2822542607815,481.33433570518514,773.9634820277792,1594.6292356007552,3135.1313835475016
state,Ekiti,deaths,14,73.47545798072235,17.958288515548677,33.19375236186973,54.40415649953855,90.19054749425823,183.51815193339758
state,Ekiti,cases,15,107194.47696085012,24603.69626037757,35282.775148833476,71686.61170019221,153461.77422963415,289354.17217442975
state,Ekiti,hospitalizations,15,1488.423556875026,361.89433258517073,520.0275577184425,980.3470842687144,2114.2486712462305,3985.5613292289963
state,Ekiti,deaths,15,88.06893479979688,24.619809026973535,41.537004843218824,64.6180309827152,105.33727550444735,223.3930641111108
state,Ekiti,cases,16,82509.10526002191,23984.647408115954,31440.259064106467,53414.92820703658,116725.32042689322,207468.69430179603
state,Ekiti,hospitalizations,16,1303.27004230273,385.16054381793094,514.96536952965,835.3957579293392,1694.327684645802,3590.5923263575937
state,Ekiti,deaths,16,78.80659841218244,22.48554255308644,36.3601789047633,58.1237563186659,91.76517607458017,204.74716835852163
state,Ekiti,cases,17,49914.393368979865,12373.738637053508,17834.756364053705,32675.967222257408,70182.70104364325,135767.69210866326
state,Ekiti,hospitalizations,17,709.2454111732254,190.87558070806523,270.0278248555485,457.07602044069614,962.6241111099109,1891.5062155153414
state,Ekiti,deaths,17,42.53427724895609,12.710516066773904,19.87009137250831,31.88967311539867,47.721199440569336,106.16632370173788
state,Ekiti,cases,18,24212.685998285688,5801.815127408448,7894.484343101948,15132.169614107715,34464.38681060317,63561.09179712325
state,Ekiti,hospitalizations,18,319.84192156722787,67.99470711558162,100.8472183537771,208.71468772994783,445.4484636000558,907.7604932518286
state,Ekiti,deaths,18,20.10712650548469,4.119609225312836,7.98053041972982,14.127636270271411,24.589123126090023,54.16043098445035
state,Ekiti,cases,19,4708.6086797998105,1452.5851827889728,1921.1610051845823,3047.697325518271,6556.0148441248075,12005.520167228175
state,Ekiti,hospitalizations,19,67.10982961537448,17.400420010609967,24.45862632376194,44.76732596154107,89.01657838826637,180.56129888418604
state,Ekiti,deaths,19,5.463586984168844,1.3296848155067904,2.082470254226165,3.855437218296846,7.026728069847403,14.761399868346109
state,Ekiti,cases,20,1971.2188756486908,526.8174793657373,722.7837400704698,1206.6290513685708,2712.650304705429,5430.387259245581
state,Ekiti,hospitalizations,20,20.30518405257128,6.505365840616582,8.636360830903591,13.276441533523133,27.715345559567012,51.10837361985369
state,Ekiti,deaths,20,1.962498441749125,0.5420501436180313,0.5420501436180313,1.0787541152299274,2.40187638134468,6.175867032100371
state,Ekiti,cases,21,2140.0717273102873,691.9929589495765,885.2321483742636,1355.971828881662,2943.461854985694,5452.844865017892
state,Ekiti,hospitalizations,21,27.635413734983256,6.354808269886384,9.403889426811784,17.48437602402119,37.91411388331747,76.50940421801019
state,Ekiti,deaths,21,2.034021726333561,0.5322020129619115,0.5322020129619115,1.169274073169347,2.6136108744705053,6.473127504896866
state,Ekiti,cases,22,2858.1856433493786,837.873939479341,1136.158222357294,1835.4376896425133,3911.3907349543347,7602.6773795117115
state,Ekiti,hospitalizations,22,43.96233463864377,12.411941851958824,16.769384130018814,27.375893493095983,60.65941872217143,121.09044282274466
state,Ekiti,deaths,22,3.149267513740563,0.7654326991718239,0.9340363678448703,2.073955900379988,3.8930930455965624,8.910822581028748
state,Ekiti,cases,23,4562.626608417493,1033.733926207161,1451.4653721380414,2889.546210267061,6244.674307841021,12529.749722425675
state,Ekiti,hospitalizations,23,60.10849913029611,15.329374120219642,21.434721069558044,39.033887402329626,82.51107747553604,163.06766322108126
state,Ekiti,deaths,23,4.922001471061153,1.4040837847673342,1.9546644473198174,3.479255479424296,6.225630212636116,12.525306681255083
state,Ekiti,cases,24,6740.48177721899,2246.5224068896614,2880.4979640932156,4256.789474049973,9066.44732653719,17278.53463020293
state,Ekiti,hospitalizations,24,108.08737144128467,23.96473474211428,37.683215613911344,72.91659649929828,144.78954657944416,297.10280547463117
state,Ekiti,deaths,24,6.480746829140118,1.312628694595345,2.3910037951468053,4.671649105854958,8.058862597441731,18.42731706652083
state,Ekiti,cases,25,8518.41510116442,2296.100249075934,3109.5298619194664,5397.684414724509,11685.437319316674,22481.404871486848
state,Ekiti,hospitalizations,25,137.20804650866262,30.1112872135233,46.67117736989239,92.14292375252651,197.28782114033692,365.9666087455511
state,Ekiti,deaths,25,8.77774020997413,2.209081010552101,3.7041180356233268,6.291980932086151,10.256976645537579,24.43743294617431
state,Ekiti,cases,26,11264.020967680057,2244.2549530795764,3374.1843527334154,7704.6651786964885,16281.122975896315,30627.81830119995
state,Ekiti,hospitalizations,26,171.32748897933365,54.248824083765946,70.15108224975495,106.82778121059408,230.26929517596886,467.88631395475517
state,Ekiti,deaths,26,13.10702493288173,3.1919676878366703,6.004932934082454,9.708519774134517,15.917030766352154,32.40298713077574
state,Ekiti,cases,27,18935.177001724343,4806.221411753121,6672.024698246083,12355.65921833511,26321.200008952925,50022.37425181948
state,Ekiti,hospitalizations,27,202.5042163004759,62.49728103222647,85.14332154283431,138.57667307843795,267.72539070550795,525.6860864597442
state,Ekiti,deaths,27,14.971524968825786,3.5930400442455737,6.407703462999173,10.921476168457902,18.256379955467022,39.54025421392175
state,Ekiti,cases,28,21757.07916699531,6639.180696003178,8709.105838173506,13902.488318333331,29694.39940269777,59972.51743897281
state,Ekiti,hospitalizations,28,254.85437920479194,60.65132737387641,91.34479528811663,172.20872614313654,341.44676505003224,682.8005646101801
state,Ekiti,deaths,28,18.249199582312354,4.4403126798309085,7.746702625616377,13.558686961590917,21.891509045318006,48.7650575553182
state,Ekiti,cases,29,24185.451597156814,7569.507498776231,9822.377034650668,15461.026169650155,33769.203154342715,62317.24139344207
state,Ekiti,hospitalizations,29,278.58773146046184,62.08801679749621,96.4290826437061,188.00458225977158,392.08325042672277,748.8744981650548
state,Ekiti,deaths,29,28.330919584862496,6.835171032208775,12.51941300202421,21.070817774876083,36.39347231650321,70.85527910635538
state,Ekiti,cases,30,14785.142352665156,2577.3979210133925,4427.474584720628,10146.444473480427,20870.422606696295,41368.0108098116
state,Ekiti,hospitalizations,30,227.42330341227424,62.961207481881004,86.92507892868579,146.2453209294013,321.62991239516623,590.8218554322204
state,Ekiti,deaths,30,17.54758557544239,4.527531215551262,7.9538698741262275,13.29223662521398,22.425464776554726,42.56156189782127
state,Ekiti,cases,31,8883.32176010724,2204.4136166951425,3026.8925829994378,5902.539883576733,12863.970111163846,23916.972129932925
state,Ekiti,hospitalizations,31,107.14040847313224,28.65677542958294,40.472320877698415,69.23357801699169,146.81688998909303,281.89048729188363
state,Ekiti,deaths,31,8.257050971652395,1.6374979340908205,3.2456391450312143,6.188129589230853,9.730115930232014,21.118672093095974
state,Ekiti,cases,32,8706.493387165054,2126.876775819131,2948.6213514497576,5664.824969902496,11943.149405903585,23062.13960570982
state,Ekiti,hospitalizations,32,104.34652786634659,22.150793628490224,35.637736196673465,67.52408676342583,143.60897092432992,287.9404457158149
state,Ekiti,deaths,32,5.826275477737822,1.4408778809816472,2.408465011905304,4.298612127890957,7.183603556417564,15.830094723050092
state,Ekiti,cases,33,7747.288850282322,1571.7836183249394,2383.02540823474,5279.344798611242,11055.19784669623,21069.31196697333
state,Ekiti,hospitalizations,33,88.32608830697552,24.179829124827275,33.501738531113844,58.064927246934865,119.19258088731073,235.58369314462658
state,Ekiti,deaths,33,5.811423734590064,1.2103546499349118,2.245247903333664,4.06054081161852,7.056664288933745,16.422073072842586
state,Ekiti,cases,34,6356.35095973785,1671.008957771815,2258.0217504870443,4068.6443170058874,8594.416620352813,16872.69827255114
state,Ekiti,hospitalizations,34,72.68727149883541,19.463173713521755,27.44310062155848,46.069657944426936,101.65891464182907,188.3652389913717
state,Ekiti,deaths,34,4.246036880088226,1.0587471194026516,1.6402159581989855,3.1103325940062545,5.153180675575893,12.275670615905474
state,Ekiti,cases,35,5247.824209903003,1595.7257607699541,2050.4619568294574,3274.6993576432956,7161.951258332356,14011.431736758765
state,Ekiti,hospitalizations,35,55.56195963866277,16.106578082341755,21.20602481389708,35.71576117027301,76.86057859606257,142.8243793115002
state,Ekiti,deaths,35,3.6316538361205417,0.8374275347262614,1.1944032256872579,2.4470343753139545,4.411880449677423,10.31667234855091
state,Ekiti,cases,36,3921.938230326008,781.8399600942926,1199.758908944233,2709.7988758072383,5585.622459420514,10364.137505015264
state,Ekiti,hospitalizations,36,47.096145369131975,13.179392204079823,18.094296001471342,30.567222537468492,63.83601990521668,123.689478805606
state,Ekiti,deaths,36,2.9962579825450297,0.8243495972994339,0.9594098871890696,2.014879093924284,3.6770829692979743,7.99981509884384
state,Ekiti,cases,37,3433.9759403590488,957.7549866955337,1308.9901327366056,2260.0376864341897,4861.411353163473,9184.388049219917
state,Ekiti,hospitalizations,37,39.28521159311669,10.409220315405706,14.950633477315558,24.95829390791952,52.96294960477313,102.93617941509002
state,Ekiti,deaths,37,2.997035996287986,0.7681184068148501,0.8578640619149985,1.948714442523712,3.567804024289882,9.660004210229767
state,Ekiti,cases,38,3176.3696084666904,905.751365156748,1206.4613241553689,2041.250147140047,4253.5195805336925,8594.474350001892
state,Ekiti,hospitalizations,38,34.476896328334746,8.64628947852014,12.07137246745636,22.29760661724426,47.930794457803955,93.63634201239685
state,Ekiti,deaths,38,2.499887866016586,0.5902118083433776,0.6259602115733829,1.6994253305496372,3.1543515907101094,6.9598620635817525
state,Ekiti,cases,39,3150.8169622596197,890.7321452498394,1188.4520064004669,2113.355001169531,4301.410818600276,8266.674917743874
state,Ekiti,hospitalizations,39,35.59049733896274,8.292186860051716,12.377771922947591,23.148935058034176,50.51804729183243,96.86892876159294
state,Ekiti,deaths,39,2.7582528772871457,0.6098046463598326,0.6799947204492275,1.6755365077069566,3.542625168656443,8.676456096630465
state,Ekiti,cases,40,3350.2720034733134,668.3402933695942,1041.9280095034374,2269.3864181801537,4799.617511582682,9489.287810505937
state,Ekiti,hospitalizations,40,36.021262345657014,9.099733571885766,12.787907669080663,23.477146239539596,49.23814279797002,100.7321199571585
state,Ekiti,deaths,40,2.730713578438776,0.5946698102424011,0.6615926157550587,1.6364698044694315,3.333816102839263,8.215407437725627
state,Ekiti,cases,41,3430.824987388299,854.803312433055,1216.4328471749004,2209.543475572494,4844.2631426224525,8948.267534600564
state,Ekiti,hospitalizations,41,36.13703680780812,8.184763430198894,12.617362494441835,22.4627407083464,49.77409216616252,95.93095491026124
state,Ekiti,deaths,41,2.415844398635938,0.5946115741490204,0.5946115741490204,1.4801650123675032,3.050816047297568,7.546868414761426
state,Ekiti,cases,42,2908.1739625465907,854.609051968953,1148.2934390112243,1836.8960910631379,4022.5955740622385,7613.590603063401
state,Ekiti,hospitalizations,42,28.905771116549516,5.593460515238236,9.326922614481454,19.23314630723687,40.12863279812043,80.56491334353935
state,Ekiti,deaths,42,2.0530290420719535,0.6090619109271737,0.6090619109271737,1.2439391057181954,2.5798942850803748,6.051583434007537
state,Ekiti,cases,43,2174.0747008000935,652.2836248445137,828.4258648349726,1320.9294796517581,2995.6859925663075,5786.844887921591
state,Ekiti,hospitalizations,43,20.979886012867407,4.898884404906644,7.2473260743450085,13.405438427668235,29.45892012780734,57.61534293364778
state,Ekiti,deaths,43,1.900959878351252,0.41510344388044695,0.41510344388044695,1.0303770812625632,2.379406872609236,6.185168067845991
state,Ekiti,cases,44,1384.0058140475337,340.1969157293507,463.3887556285336,896.2895398796197,1914.9014896662322,3954.103567077203
state,Ekiti,hospitalizations,44,14.148846371058662,3.1873399301547467,4.508737216961967,9.416005430314017,19.85038083073409,39.57768679934756
state,Ekiti,deaths,44,1.2298214656178545,0.4512292477819389,0.4512292477819389,0.5815575032643098,1.347789586527766,4.098393602101259
state,Ekiti,cases,45,956.8779251790104,261.1413586975049,357.77165952457153,626.7586591035595,1369.1061825240904,2398.530261067265
state,Ekiti,hospitalizations,45,11.47300526086944,3.720729475289439,4.370189491482121,6.880868952715146,15.969099324437554,32.35698530578678
state,Ekiti,deaths,45,1.0789831099272134,0.3310834979785238,0.3310834979785238,0.4042481357148425,1.2614270683996676,3.9677636528021014
state,Ekiti,cases,46,575.8810185557127,131.47465746003672,190.5976645639725,394.73477547199997,820.9723728637591,1571.2416840469352
state,Ekiti,hospitalizations,46,8.857327960586673,2.261855483339,2.725771664466822,5.558033520552552,12.156711470136395,24.27105275666482
state,Ekiti,deaths,46,0.7119452837438146,0.0,0.0,0.0,0.7754514559788797,3.320982479695336
state,Ekiti,cases,47,465.2093552804928,155.1354343406635,197.82076884337528,296.38519062800395,641.4977518722948,1207.1171048218168
state,Ekiti,hospitalizations,47,6.906145351242416,1.6602124305803008,1.9371909794485949,4.376428221337288,9.231382530051608,20.76573663702388
state,Ekiti,deaths,47,0.908450775999803,0.2652937757153026,0.2652937757153026,0.3051577240579626,1.0771199367421627,3.0851019097522734
state,Ekiti,cases,48,353.1057068537936,103.28810176617975,136.9985094741915,218.3016034391082,489.13255307597376,945.1322215186585
state,Ekiti,hospitalizations,48,6.122438746038527,1.6299451035350874,1.7176306084806672,3.47339584849049,8.515415408282422,16.592999566880035
state,Ekiti,deaths,48,0.46289039537157717,0.0,0.0,0.0,0.5821073111290315,2.1872760927198565
state,Ekiti,cases,49,302.2055357476636,78.84519240151619,109.86533312502506,198.88207977290247,434.6265170179108,777.8154729408693
state,Ekiti,hospitalizations,49,7.041118732935047,2.13482099056634,2.2539697831948313,4.095221511320174,9.66459004771215,20.27471674032962
state,Ekiti,deaths,49,0.6499680509253154,0.0,0.0,0.0,0.756331736496688,3.1097119401611657
state,Ekiti,cases,50,185.63417208936963,46.65614550329569,64.41647021315359,122.21167893496198,259.0409586269366,487.2167325693686
state,Ekiti,hospitalizations,50,3.180632979610431,0.9742621225879005,0.9742621225879005,1.622679445431433,4.37173487498278,9.655242961267556
state,Ekiti,deaths,50,0.4543450236133421,0.0,0.0,0.0,0.49091881228270673,2.302999463322703
state,Ekiti,cases,51,211.48934363104667,63.081433556226415,80.7967712612242,130.67486257469506,287.8502032628993,552.9434505228012
state,Ekiti,hospitalizations,51,4.7336647385149995,1.3335814898526597,1.3335814898526597,2.7292144038744075,6.751913566938959,13.3956780467378
state,Ekiti,deaths,51,0.5517367215775255,0.0,0.0,0.0,0.545175124616804,2.830251399655839
state,Ekiti,cases,52,285.1040360463625,91.85856212413319,116.59122739378729,182.1759509558456,389.5461497771855,709.6806857403393
state,Ekiti,hospitalizations,52,5.637765660758859,1.5297974794648743,1.5297974794648743,3.22161337685028,8.184951054765436,16.264113728417062
state,Ekiti,deaths,52,0.5690032705577734,0.0,0.0,0.0,0.5961464902051271,2.691578525364043
state,Bayelsa,cases,1,1111.821016636222,262.8937413759675,384.59851112604025,707.8853750731024,1550.6486256629737,3010.407461624177
state,Bayelsa,hospitalizations,1,15.015248724965826,3.781015877376584,5.202815681511776,9.349332565304403,20.576220738863363,43.23499577012284
state,Bayelsa,deaths,1,0.5842420810175015,0.0,0.0,0.0,0.5413478333834304,2.937970100651962
state,Bayelsa,cases,2,362.60579825023035,106.57034132491582,142.93173459906114,230.4826706714618,491.23164799718245,945.1800145250298
state,Bayelsa,hospitalizations,2,3.247443426924011,1.214294074459516,1.214294074459516,1.7269689077373556,4.336233729827075,9.370172150465953
state,Bayelsa,deaths,2,1.5446323037873408,0.5008438521953009,0.5008438521953009,0.7503791109007478,1.831527614800112,4.6256641577105295
state,Bayelsa,cases,3,318.92418937395934,78.91687073705343,111.46357322839026,210.56139950215263,444.83814992788666,839.4558912477431
state,Bayelsa,hospitalizations,3,5.1848631284274145,1.3053925335265668,1.3656134204951251,3.158904709082172,7.19050376702621,14.871440790180618
state,Bayelsa,deaths,3,0.43042863009700205,0.0,0.0,0.0,0.3804763738819893,2.26403402856843
state,Bayelsa,cases,4,385.22969682017225,101.08238872907576,141.75198748011243,254.75777510692103,549.8857055614783,999.8091417590214
state,Bayelsa,hospitalizations,4,8.125716137379415,2.266085618325415,2.5739753840304522,4.729522069030438,10.601571537429184,24.911350152374684
state,Bayelsa,deaths,4,0.47091615590125135,0.0,0.0,0.0,0.48341498264494853,2.3619478162019396
state,Bayelsa,cases,5,367.6945176074684,98.18066397600785,132.67211034181008,231.42958407207348,505.60363957373926,989.3631843601132
state,Bayelsa,hospitalizations,5,5.283650170298026,1.6198995270317385,1.6198995270317385,3.1870692557348326,7.666052978858592,14.95954290292454
state,Bayelsa,deaths,5,0.4062282687715739,0.0,0.0,0.0,0.4308743080445042,1.94594040347376
state,Bayelsa,cases,6,419.9711522382808,116.02277328303249,157.28153797605864,271.3252941840795,570.9185309032625,1061.5918275608703
state,Bayelsa,hospitalizations,6,4.813415565391555,1.30159074161285,1.30159074161285,2.7990491402478073,6.45204882111834,14.582167460023397
state,Bayelsa,deaths,6,0.5583506542434673,0.0,0.0,0.0,0.5865678071349149,2.8365411951068076
state,Bayelsa,cases,7,391.6672501391324,121.36462022954798,161.96047365303673,251.0567243874629,547.8854903282024,948.8948652046832
state,Bayelsa,hospitalizations,7,7.405728591581279,2.0240861673054646,2.288194494607957,4.359630126030077,10.705513217178137,20.249473844326367
state,Bayelsa,deaths,7,0.5992578681215607,0.0,0.0,0.0,0.5254147875555468,3.005843025270115
state,Bayelsa,cases,8,630.388330682207,165.3605019929179,228.62654491133634,397.46833066704164,834.7309342109784,1892.668220639839
state,Bayelsa,hospitalizations,8,9.214295600351713,2.6280816109835445,3.000711239595672,5.74583311018617,13.022224295684332,25.998875472096294
state,Bayelsa,deaths,8,0.6125343853178525,0.0,0.0,0.0,0.7112593873335387,3.042136455577363
state,Bayelsa,cases,9,1030.3252683369594,275.7688645973845,367.5637807136144,665.2356316359729,1461.5064584713932,2785.190059542775
state,Bayelsa,hospitalizations,9,19.794943606734694,5.024811483922551,7.169063337458301,12.412582229324785,26.38391550352616,52.69934028725487
state,Bayelsa,deaths,9,1.7188124443124952,0.4867918906836666,0.4867918906836666,0.9397674580347746,2.11879218430135,5.774110488962579
state,Bayelsa,cases,10,2033.5297788276264,547.8550225720122,738.7583522266955,1327.4529796591191,2894.2553940773696,5365.609020992718
state,Bayelsa,hospitalizations,10,29.441394233834757,6.5752288172817535,9.942032176199625,19.55338929642676,40.20535244695894,79.61678459981711
state,Bayelsa,deaths,10,1.982743142512464,0.5430318380169737,0.5430318380169737,1.2734048468613566,2.664326980896413,5.888429404567054
state,Bayelsa,cases,11,6683.168476603934,1730.7557068243166,2394.9916473624608,4354.805048161304,9109.307134945686,17704.239653620312
state,Bayelsa,hospitalizations,11,106.0123960646799,27.5555510359726,38.5425487403027,70.85403343894058,142.72324001618702,289.1208563854939
state,Bayelsa,deaths,11,4.270124796956725,1.0447212924708178,1.6254715619445956,3.053541915696644,5.564269810008687,10.848763759674426
state,Bayelsa,cases,12,14356.246769077952,3706.898728096225,5130.933653553142,9310.218161623212,20604.827253371466,37493.82053760402
state,Bayelsa,hospitalizations,12,196.52478365520074,52.62536578447719,75.29542731064836,130.44828379862503,262.4688892785817,511.26810503620317
state,Bayelsa,deaths,12,12.642082539615949,2.702601252013725,5.273349120100244,9.282234314248463,15.503049753804003,34.89427530025883
state,Bayelsa,cases,13,36582.41458724116,11215.042690927072,14571.263072254778,22855.58984164039,49509.818856974016,96382.87836125937
state,Bayelsa,hospitalizations,13,473.3200055703607,147.27585202052276,195.6166742998131,312.5615640009312,657.4718568069862,1170.4083369876546
state,Bayelsa,deaths,13,28.304038119743602,7.137727070214738,13.20320426151143,21.680467431489877,35.98380033312321,69.15297683790543
state,Bayelsa,cases,14,43055.171581421135,10629.99442048787,14922.774940948413,28705.41993394717,59681.761726087396,115327.58884456477
state,Bayelsa,hospitalizations,14,577.6876645706934,173.1454506884809,234.7578275914557,377.7905887281731,778.9197659786367,1531.8942339250455
state,Bayelsa,deaths,14,46.30777696830347,11.042550782654853,20.720315044768846,34.193438883928685,56.92541864720751,116.20832358665328
state,Bayelsa,cases,15,51891.54260466447,11909.952636861537,17079.616244964738,34702.4459834299,74289.20118871011,140073.71234467783
state,Bayelsa,hospitalizations,15,1290.024550587783,313.55490983343907,450.6239624668055,849.6265209722036,1832.4864871525651,3454.530513601475
state,Bayelsa,deaths,15,72.01605586933513,20.002355214867393,33.870567713960455,52.79170444823399,86.1721264734752,182.95074043105686
state,Bayelsa,cases,16,35050.88200772199,10188.56502574555,13355.852465721691,22691.115189352233,49586.58927655167,88136.12237946034
state,Bayelsa,hospitalizations,16,863.422804140903,254.93318048333543,340.9631035770543,553.3327248123837,1122.6016036310073,2379.376923017886
state,Bayelsa,deaths,16,72.74764675138975,20.702509948166906,33.52377787369299,53.635055024956834,84.72240356173731,189.1267538535606
state,Bayelsa,cases,17,26329.405261535903,6526.683372354114,9407.374080918305,17236.12329220389,37020.95187711439,71617.08099205325
state,Bayelsa,hospitalizations,17,437.7591911798661,117.53251464106256,166.4293805354215,281.97974343185496,594.2856983526267,1168.1092731605993
state,Bayelsa,deaths,17,74.26327153449051,22.7031222020883,35.080795482975105,55.86058331022919,83.2305671462495,184.2721264669763
state,Bayelsa,cases,18,14453.544015432084,3463.034623992346,4712.269428231694,9032.860697442185,20573.374785318803,37942.87412389426
state,Bayelsa,hospitalizations,18,264.60432633013653,56.11626652235751,83.31274095141929,172.60925930116133,368.5858784176083,751.3041796613188
state,Bayelsa,deaths,18,45.708982290363394,10.331005265982434,18.876211835495322,32.48133005792801,55.63527744656751,121.08414870189146
state,Bayelsa,cases,19,2287.8611019215864,705.439708565486,933.1666910178408,1480.661257726355,3185.6970786366164,5834.146579815999
state,Bayelsa,hospitalizations,19,43.31439471703875,10.970784341546711,15.562650481785154,28.774906695552033,57.562198386152545,117.11856210132507
state,Bayelsa,deaths,19,17.94346117125517,4.887592309391994,8.082553549853817,13.306632313052228,22.650897336170956,45.441245662839435
state,Bayelsa,cases,20,927.8746812460239,247.5912182240272,339.88731182429353,567.7685398429546,1277.0736929958425,2557.072114331659
state,Bayelsa,hospitalizations,20,22.43870428623992,7.158720602710892,9.604171464829935,14.710270358867756,30.59931983959744,56.34178475823387
state,Bayelsa,deaths,20,6.756154952581766,1.488174551212596,2.5772610198785886,4.707126930850108,8.339700241193597,18.701023652126203
state,Bayelsa,cases,21,1436.5489920841267,464.28629421997306,594.0301035680075,910.092075997829,1975.9576693174545,3660.7966080654573
state,Bayelsa,hospitalizations,21,24.464771562794194,5.539268713829813,8.250132407044244,15.434519694447276,33.59866701349529,67.91386695825544
state,Bayelsa,deaths,21,1.578454402019916,0.44261483878186886,0.44261483878186886,0.8041136087139433,2.005320828688109,5.215153353831835
state,Bayelsa,cases,22,2296.041765952802,672.94311377981,912.5817876419585,1474.3760685287752,3142.17642991142,6107.719997316633
state,Bayelsa,hospitalizations,22,31.95528958524757,8.82835355368552,12.021514079675692,19.794029435129104,44.18440161800499,88.46862809524544
state,Bayelsa,deaths,22,2.775538011775098,0.6925639417282783,0.7499172060583837,1.7813170476901272,3.4272733717388117,7.9673179103968454
state,Bayelsa,cases,23,3693.2547241244615,836.6168830403478,1174.7703955777436,2338.896514075688,5054.871962558615,10142.639112259607
state,Bayelsa,hospitalizations,23,53.82975523696578,13.651446301924556,19.129437211085467,34.92019799498827,73.92988146640741,146.20886053981738
state,Bayelsa,deaths,23,3.4551647785866253,1.0455704470994585,1.2002318242888725,2.3355396630197736,4.380665665370673,9.071807044065066
state,Bayelsa,cases,24,5406.694018291557,1801.8549030250751,2310.399751431827,3414.394928125584,7272.472255696951,13859.815640616818
state,Bayelsa,hospitalizations,24,82.44320038879391,18.096019965366033,28.58955764275224,55.540268386723625,110.51731115837805,227.0247390520872
state,Bayelsa,deaths,24,4.014967286640614,0.8736240022041422,1.2568928435004612,2.774783235621736,5.029153431111133,11.929909697711517
state,Bayelsa,cases,25,7609.424237141219,2051.007937530973,2777.6475445090036,4821.664259296434,10438.536607225917,20082.613359771552
state,Bayelsa,hospitalizations,25,129.00724068702263,28.265246901511592,43.842528251586906,86.61613243573862,185.5220813079165,344.19203065570474
state,Bayelsa,deaths,25,7.766902567368641,1.9792285978003057,3.2146598060733718,5.533258457458027,9.085700793765731,21.790696448525946
state,Bayelsa,cases,26,11582.958027060178,2307.822967231379,3469.7431071658334,7922.829192746021,16742.10502264943,31494.98626025648
state,Bayelsa,hospitalizations,26,158.7332375573758,50.211060953811014,64.95113055252293,98.94737748115227,213.36738552199344,433.6185824324242
state,Bayelsa,deaths,26,8.411496045293108,1.8071267094095873,3.66810021759206,6.136177313633907,10.27354048133568,21.259812186742003
state,Bayelsa,cases,27,11516.059976028595,2922.7716415603854,4057.5607994803777,7514.370463000684,16008.26925094361,30423.41995599572
state,Bayelsa,hospitalizations,27,202.51584430871293,62.50090919738344,85.14824367796587,138.5846483368074,267.74074538028293,525.7161807264039
state,Bayelsa,deaths,27,16.141865899879818,3.929916821888917,6.951021885724245,11.795857501451845,19.66874021489932,42.51368141526703
state,Bayelsa,cases,28,11237.268750619045,3428.7207323132243,4497.858079541009,7180.292847281239,15336.975222128753,30975.930533532515
state,Bayelsa,hospitalizations,28,171.3030533019317,40.51858560971988,61.18885224531792,115.64600960029838,229.61799213630434,459.4999355418972
state,Bayelsa,deaths,28,19.548392780507857,4.807628351075141,8.33725709098983,14.54165139552077,23.43708381383217,52.12506397336982
state,Bayelsa,cases,29,14754.230254965261,4617.477449768434,5991.8670993907745,9431.79155377657,20600.911003673464,38016.97866673575
state,Bayelsa,hospitalizations,29,260.1140786216154,57.91950012289009,89.99149312657946,175.51617649397005,366.11042441173163,699.3268263861717
state,Bayelsa,deaths,29,29.13422560312774,7.049765553209764,12.889691065573516,21.675307013085384,37.417627915319954,72.82329603129966
state,Bayelsa,cases,30,8641.341948632926,1506.045988166439,2587.395996680454,5930.072686364069,12198.123126187438,24178.74404464199
state,Bayelsa,hospitalizations,30,168.7561921549914,46.533727363020084,64.34283661471088,108.42756111227696,238.7672417189941,438.82125777661395
state,Bayelsa,deaths,30,18.74855070101672,4.885518736001018,8.533762334190527,14.21786547317903,23.942602124806793,45.38280250643981
state,Bayelsa,cases,31,4716.74146617468,1170.11598954779,1606.8677449618608,3133.890389835432,6830.540391419024,12699.891745149136
state,Bayelsa,hospitalizations,31,112.66607927732231,30.172153265226935,42.591439862835585,72.82231637115389,154.36991743656966,296.34539576210847
state,Bayelsa,deaths,31,12.982842362707604,2.870755737215018,5.423217598419076,9.874904555018436,15.233567461051024,32.4632876202649
state,Bayelsa,cases,32,3660.706744097475,893.8224700474976,1239.385483502951,2381.6132941712663,5021.797088375897,9697.595230490797
state,Bayelsa,hospitalizations,32,105.2295815923886,22.344852179716565,35.94484731003891,68.09848111097223,144.8211370315588,290.3624518546152
state,Bayelsa,deaths,32,8.738343538178825,2.0704508268011184,3.8789505742486114,6.584548057204017,10.714187216692995,23.090961775131483
state,Bayelsa,cases,33,3305.448923576177,670.1583424821922,1016.3418153543396,2252.296271323577,4717.042160718103,8990.39302480635
state,Bayelsa,hospitalizations,33,87.63990597575432,23.986403506666914,33.23670416293348,57.61120414946272,118.26928930573693,233.76631198344768
state,Bayelsa,deaths,33,7.75137525858218,1.559105165318614,3.1803307560300653,5.5186805529473295,9.378104391791368,21.44205375663068
state,Bayelsa,cases,34,2781.832773116883,730.8962495700059,987.8520867028625,1780.4243152559661,3761.511653233899,7385.202343385703
state,Bayelsa,hospitalizations,34,70.06652558612542,18.73533293979758,26.431427229477077,44.39546914376374,98.00750919961172,181.62983499229077
state,Bayelsa,deaths,34,5.139484850901539,1.2431722070826061,2.1001199812291382,3.826318909483623,6.225014416426069,14.58818384260493
state,Bayelsa,cases,35,2205.178757109563,670.1336317368067,861.2677401991334,1375.8375637109837,3009.722072674651,5888.68652727204
state,Bayelsa,hospitalizations,35,55.79839503937,16.178090574473156,21.29885507878873,35.869248066901264,77.18606765573281,143.42562403410395
state,Bayelsa,deaths,35,4.448932513382415,0.9898128188329518,1.593715100595095,3.0742854398248065,5.396671259242952,12.375948237467036
state,Bayelsa,cases,36,1664.8511314477294,331.42808239608627,508.89474460689155,1150.1237519575843,2371.3242117486943,4400.490675244723
state,Bayelsa,hospitalizations,36,47.19331299727652,13.20804389255968,18.13287902484091,30.63100906747628,63.96703126436812,123.94143347700762
state,Bayelsa,deaths,36,3.7698292868096335,0.9919457053282119,1.3577717863175436,2.627825353586861,4.627967042208239,9.829541210782459
state,Bayelsa,cases,37,1498.576815706337,417.5551150734344,570.8907107251948,986.081060503904,2121.7395650605495,4008.9829521473885
state,Bayelsa,hospitalizations,37,41.64597327001201,11.078284768726885,15.88601745383641,26.480551454230664,56.1274683342576,109.03124999294107
state,Bayelsa,deaths,37,3.331297760230974,0.8362398084372324,1.0226307213240717,2.2102243334815728,3.97290460476066,10.60539807354385
state,Bayelsa,cases,38,1387.9081316090892,395.36381649083586,526.8116991029473,891.7188793473366,1858.7574628231305,3756.2979196197693
state,Bayelsa,hospitalizations,38,35.028058909526436,8.796266611278467,12.274601591800032,22.659829651123363,48.69155332500458,95.107714736734
state,Bayelsa,deaths,38,2.5975436130434577,0.6078971586646325,0.6746811547053224,1.7803120257359601,3.278834297089013,7.19837465704957
state,Bayelsa,cases,39,1394.1332305012709,393.71998642088664,525.5039309344928,934.9067986909281,1903.436829984606,3658.6376486459917
state,Bayelsa,hospitalizations,39,32.07928726274289,7.399781262968461,11.09299378402893,20.829712991801447,45.57034289818927,87.46976566653417
state,Bayelsa,deaths,39,3.0056341378710836,0.652484734526031,0.7975771679027536,1.8627966978719124,3.8605624685140194,9.353709052648183
state,Bayelsa,cases,40,1405.6753096344928,279.95137113629823,436.7624612905926,951.9803950480637,2014.0289554364767,3982.4885173534017
state,Bayelsa,hospitalizations,40,34.942471438350026,8.805175095921657,12.385783688202231,22.76327088421938,47.77294862502369,97.76510523366171
state,Bayelsa,deaths,40,3.0599855636500415,0.6504051442845031,0.81732512123276,1.8835725204861085,3.740002332589732,9.079120044333898
state,Bayelsa,cases,41,1432.6682747491088,356.5176656645886,507.59086813760337,922.4696007309344,2023.141696012135,3737.6174976140433
state,Bayelsa,hospitalizations,41,35.06020225494123,7.918185055384626,12.222132460417269,21.781758630337222,48.30042601513001,93.11763297491197
state,Bayelsa,deaths,41,2.834160655425144,0.6734398714573235,0.6984358287035889,1.8089631613916928,3.587837097004872,8.679935973054384
state,Bayelsa,cases,42,1202.2960692582394,352.89805570608627,474.3721487235886,759.1928143703915,1663.244490321159,3148.556217551281
state,Bayelsa,hospitalizations,42,26.699065719624436,5.106423187589507,8.564106672629935,17.738590074644293,37.09059543343946,74.5399804068928
state,Bayelsa,deaths,42,2.4364291704587924,0.6936004573238578,0.6936004573238578,1.5554006284249966,3.076788038711734,7.03035193456678
state,Bayelsa,cases,43,942.5848571213037,282.4056851389274,358.81922178357024,572.4757701530017,1299.0139825510164,2509.86677142667
state,Bayelsa,hospitalizations,43,20.5065345052206,4.793056644570125,7.069163869427755,13.094246090911142,28.800933730707143,56.34910965453385
state,Bayelsa,deaths,43,2.168122147611254,0.4575142008724077,0.4575142008724077,1.2378189376598654,2.7246779267623564,6.919270425617749
state,Bayelsa,cases,44,651.9297451843188,159.84958848930506,217.92560219143974,422.0069106482811,902.2085344033776,1863.5443492273146
state,Bayelsa,hospitalizations,44,13.800128797466584,3.1134593706680604,4.381048110505563,9.174568895249935,19.367081956110976,38.63712122770936
state,Bayelsa,deaths,44,1.3216132231717639,0.47451400539548183,0.47451400539548183,0.6631705265698961,1.4689424411324343,4.361485721743149
state,Bayelsa,cases,45,485.0648027721922,132.02079989986748,181.05480191484048,317.54934830937236,694.2455776252249,1216.6157028293565
state,Bayelsa,hospitalizations,45,11.67785555001919,3.782530200450309,4.459387485324191,7.011768933326526,16.250953366915468,32.911039529499924
state,Bayelsa,deaths,45,1.1484080549595619,0.34519090321215806,0.34519090321215806,0.4640828832031931,1.3577860480981756,4.179439122533742
state,Bayelsa,cases,46,307.2849740239689,69.7944013067878,101.38971147124505,210.48049780213827,438.26169082689563,839.2052956072441
state,Bayelsa,hospitalizations,46,5.763676015436457,1.5368066109583949,1.5368066109583949,3.455823700280764,7.939263058455688,16.17029280977282
state,Bayelsa,deaths,46,0.7539654095428339,0.0,0.0,0.0,0.8382178976340606,3.4737395115992733
state,Bayelsa,cases,47,251.44955396945295,83.54639597357,106.66024715264643,160.0322870633772,346.9086574505807,653.188125572125
state,Bayelsa,hospitalizations,47,7.265653113497073,1.73763064696595,2.074156636749116,4.627139200097947,9.708487370399666,21.78070585284235
state,Bayelsa,deaths,47,0.5614833466163579,0.0,0.0,0.0,0.6825182111061439,2.5471928194292723
state,Bayelsa,cases,48,226.4908371425997,65.99860272118259,87.6554377325435,139.8876061228683,313.8796041746099,606.8309582560216
state,Bayelsa,hospitalizations,48,6.260512069007489,1.6626078265120303,1.7720896301532045,3.5630389223882264,8.706096294906878,16.94554841649477
state,Bayelsa,deaths,48,0.501824375148368,0.0,0.0,0.0,0.6499676125070444,2.3239858561508564
state,Bayelsa,cases,49,184.68552986095193,47.89784357454442,66.89482940596297,121.40940720564154,265.78121306225216,475.9529138059199
state,Bayelsa,hospitalizations,49,4.795710075157765,1.5185048381464326,1.5185048381464326,2.6242469745975785,6.5857562090033035,14.132772463425683
state,Bayelsa,deaths,49,0.514819707586202,0.0,0.0,0.0,0.540526199759667,2.6047398026935027
state,Bayelsa,cases,50,183.1244795006815,46.01530747328164,63.53680691980199,120.55483638570567,255.5441559818729,480.6516223235548
state,Bayelsa,hospitalizations,50,4.58775636517879,1.3297092764581986,1.3297092764581986,2.579530710383106,6.331544076624183,13.54267294193723
state,Bayelsa,deaths,50,1.1302547551191569,0.3461548372124536,0.3461548372124536,0.5486067002433445,1.3479330357260224,3.7809183272901863
state,Bayelsa,cases,51,182.3561307366518,54.295590395954235,69.58207827706654,112.62166640646949,248.2475845035379,476.99539496497624
state,Bayelsa,hospitalizations,51,2.824624840554124,0.8608653937956521,0.8608653937956521,1.40731567644543,4.004084247007708,8.292826231436047
state,Bayelsa,deaths,51,0.41318643371104974,0.0,0.0,0.0,0.31495044896849256,2.259559850142354
state,Bayelsa,cases,52,255.62381254857738,82.29039523305578,104.47460117329601,163.30146023484576,349.30418765482955,636.4519898410989
state,Bayelsa,hospitalizations,52,6.2961069679224435,1.6872820611663566,1.7732635968745398,3.6562062073935793,9.1304933204739,18.041363178401518
state,Bayelsa,deaths,52,0.5987077383122758,0.0,0.0,0.0,0.6433250399559975,2.8006933980821183
