level,group,target,week,mean,p05,p25,p50,p75,p95
national,Nigeria,cases,1,61767.08474535157,977.1067563450459,7300.666416339853,38100.917922112756,79645.16689622644,179219.60050508322
national,Nigeria,hospitalizations,1,1116.4312541992376,112.23178941012533,241.21665320264623,580.2718533233673,1311.6127768714555,3361.4538059455413
national,Nigeria,deaths,1,117.35341069514739,8.258798751528538,18.92500764231773,51.17950786784001,105.10319512107893,369.7955075300138
national,Nigeria,cases,2,63374.10518189777,2848.8201502521165,7919.290239820359,34987.51997107816,78455.30733011245,164141.89990415084
national,Nigeria,hospitalizations,2,998.7059652405495,138.7234320969022,241.92751878487334,521.278475263628,1186.1374801273269,2832.0526237045838
national,Nigeria,deaths,2,104.70127714257353,8.879439623055822,20.16309852283697,48.42270068453256,104.46364365879367,337.5522968313215
national,Nigeria,cases,3,50138.006006993324,0.0,4407.635120563441,29561.397505800913,62360.21970609676,148700.0805293534
national,Nigeria,hospitalizations,3,720.3164456570536,46.950817644381736,144.13025303567213,423.97297146388837,935.710035862934,2009.4105206497136
national,Nigeria,deaths,3,93.9277699877621,7.498588988903723,17.82454409169479,43.323608473542095,90.7803073726703,276.02869029356344
national,Nigeria,cases,4,43907.064697345406,2870.6704904927497,7272.453768580654,25462.243218428383,54989.60085560128,111943.76275556647
national,Nigeria,hospitalizations,4,711.6656879580256,67.03140413418451,143.76399683931385,358.0806022809745,830.4274656725272,2518.1236347897416
national,Nigeria,deaths,4,83.09439599187726,8.529321187271938,14.242458516935807,38.15054835046624,84.37669490294113,258.7164705654225
national,Nigeria,cases,5,46712.55354239881,5458.402040256391,9080.17121443704,24030.696436747727,53645.854199479116,126035.97839450017
national,Nigeria,hospitalizations,5,616.6243577366328,53.177776937263516,127.06982164379784,343.4528019612543,795.898987515679,1632.6134476362272
national,Nigeria,deaths,5,82.45279310976356,5.450249928703808,10.70937070141845,34.8755455701751,82.74137361170536,281.05092804474833
national,Nigeria,cases,6,45169.06005824262,1373.7656096284827,5576.33032219341,24860.232006989947,52902.15686608136,139411.1851234154
national,Nigeria,hospitalizations,6,725.5124481594383,36.742027692836686,125.304998491889,365.7733768390165,859.4632547324806,2584.2014058993936
national,Nigeria,deaths,6,79.33915798756634,7.561849503607168,11.744642386294245,34.16311182310368,78.81414285927909,233.5270675118641
national,Nigeria,cases,7,48305.07054804294,4785.338949391622,9070.394145691595,27666.5948361227,57278.5800337859,135793.21651295293
national,Nigeria,hospitalizations,7,752.4932294456305,52.49622072761734,151.1305780587622,415.30532003015384,940.19183464304,2098.3042360296413
national,Nigeria,deaths,7,82.94004470009773,9.176997697762802,13.766339623649749,36.57594698174363,80.54910964227577,278.7285886053398
national,Nigeria,cases,8,58672.67981837489,936.1273713384079,6209.26016593328,34487.41467991196,72192.67963671213,174670.71351714007
national,Nigeria,hospitalizations,8,903.8941868479461,44.69113187221931,157.32408272000436,521.7923701802927,1151.2788753642774,2489.722429212892
national,Nigeria,deaths,8,115.84648955458854,7.4689554222300085,14.967568451908933,44.86670141920231,100.2015530366408,446.26930744076503
national,Nigeria,cases,9,88322.81224844666,11031.07983730202,18529.789861398443,50705.895320450574,112197.24120171428,249702.52552984806
national,Nigeria,hospitalizations,9,1408.4888230162308,176.894484641149,357.3111366867546,759.3073908593944,1750.1391286361018,3573.6937198231194
national,Nigeria,deaths,9,134.9988968302996,9.324697655890361,24.2144552991702,65.6705365409322,132.92053977064887,414.9124719848415
national,Nigeria,cases,10,158499.03727399447,9487.66784664071,21377.716008457588,86647.80637757767,181038.63239361654,475581.30929863267
national,Nigeria,hospitalizations,10,2322.0904410556855,341.90388571325207,588.5404514503263,1280.8456303194962,2694.795818530511,6766.403314158637
national,Nigeria,deaths,10,197.9851780299126,17.39483895931018,52.48908613119886,112.08306531559694,211.92326834135005,574.4873596270114
national,Nigeria,cases,11,325847.3151202245,26128.673165395834,51405.49033552409,184796.4309844077,406783.87742715667,878554.689458225
national,Nigeria,hospitalizations,11,4699.580107259657,435.05622586301956,1046.7934126245525,2797.591116431053,6136.221258420271,12116.725609604713
national,Nigeria,deaths,11,399.4389120200152,39.36746081974513,105.14011727190186,207.5157883261586,388.56358547903113,1186.9363453211336
national,Nigeria,cases,12,950210.8432830172,119692.05115534131,203504.6997053034,548165.4663196278,1204524.5726209043,2751164.4863532363
national,Nigeria,hospitalizations,12,13206.059191868922,1451.4492750503393,3172.3804234732665,7679.792540331764,16935.9345251406,34994.17548151183
national,Nigeria,deaths,12,982.6139687422504,128.53585083361702,305.1615398781486,551.8710809416664,956.5462061776545,2760.510602562991
national,Nigeria,cases,13,2474219.921690804,223675.64695357982,436757.03592344595,1353464.2521377974,2901417.865559299,6651784.33092277
national,Nigeria,hospitalizations,13,33809.873051424365,3761.1100423234097,7751.27726392426,18098.593661436218,39752.502794251486,99781.46759947999
national,Nigeria,deaths,13,2303.1694223643467,453.25449633423847,836.623888621461,1415.7617405565516,2437.9608433384055,7168.543092637841
national,Nigeria,cases,14,3905983.119695461,0.0,242380.7000490074,2267395.284453216,4750004.978383531,12953868.715967394
national,Nigeria,hospitalizations,14,54092.24274766444,3917.8342869043536,10649.305108233539,30537.53725604457,62507.62694275973,147663.03389310572
national,Nigeria,deaths,14,3954.622119603439,753.363593377356,1466.0871419592183,2479.08423603723,4012.321688451986,10347.47300601741
national,Nigeria,cases,15,4900105.927080543,225799.37258970868,709922.0538872984,3035657.2345959763,6416905.5501640495,12460368.662761535
national,Nigeria,hospitalizations,15,72288.34900674404,4451.4249529289045,14315.346233137187,41922.325889748085,89710.42020046478,219492.0038904475
national,Nigeria,deaths,15,5553.807992475874,1110.3102514857844,2163.9988666922836,3557.9690555716634,5838.423419166365,13931.128565531446
national,Nigeria,cases,16,5919843.171655015,1026171.2755476247,1502559.8456163304,3423954.2710802834,7802027.357457317,15280215.949807785
national,Nigeria,hospitalizations,16,95340.76688287938,9715.81409465102,20208.968884685342,48776.83028526328,104753.50444802942,309515.9192531821
national,Nigeria,deaths,16,8205.610761650816,1228.523139052825,2530.414816327128,4330.001289341079,7397.882522578044,28414.79979460966
national,Nigeria,cases,17,5358245.254202537,473193.89643316355,963061.3762662038,3307067.2574766283,7187392.937028399,13439829.356766552
national,Nigeria,hospitalizations,17,78795.8371188855,9932.023236761876,21414.259121896852,48093.31548125315,105973.72969948343,218783.15942694317
national,Nigeria,deaths,17,7472.0892732258335,1510.4930093001872,2867.890426686379,4559.480404028431,7379.300551794072,18139.696832439764
national,Nigeria,cases,18,4738459.988105762,232094.24988917192,651942.1259490424,2823474.4869294576,6208254.711862744,13864944.906722596
national,Nigeria,hospitalizations,18,70163.00551034804,7719.623385631158,17893.10083943115,40844.072847058196,88626.213923739,190355.4383442098
national,Nigeria,deaths,18,7003.771472312057,1194.961441286974,2430.958882979772,4193.757091526819,7273.422760428491,20397.86769229542
national,Nigeria,cases,19,3780487.5207325355,215815.1068547796,549391.2023710117,2110045.238453651,4536746.234284778,11310127.47318556
national,Nigeria,hospitalizations,19,50661.737262422204,4943.120721808184,10852.76468586795,29278.10872922899,61197.91244522136,149066.33818329044
national,Nigeria,deaths,19,5215.5287447038,1019.9211884757326,2023.1933166742606,3393.019187868185,5417.228519360509,13202.928680498904
national,Nigeria,cases,20,2694177.30821476,258362.31661617628,458671.5049413647,1346012.7661934646,3025093.488976467,9072432.397584837
national,Nigeria,hospitalizations,20,28904.629640866326,5271.603986757434,8616.442668479644,16868.517060953753,36697.98171384462,78803.21175266105
national,Nigeria,deaths,20,3997.0979925978854,779.0153684131392,1387.842585256218,2369.86526358202,4120.306679056589,11470.85155865961
national,Nigeria,cases,21,1318204.603460462,217676.6366180858,312439.1393771544,662055.3015775679,1559309.8262917541,3725054.5537718935
national,Nigeria,hospitalizations,21,9598.208745943755,632.518732578211,1699.597254900082,5422.9306123461265,11420.534541343188,31668.360961099443
national,Nigeria,deaths,21,2260.3802661172867,364.1124031313237,776.2833650133068,1383.153192592703,2401.0784055147633,5535.103373704697
national,Nigeria,cases,22,396148.20913528535,21925.576642270367,61124.785405271025,239598.38500651816,502157.85771488905,1084148.875567263
national,Nigeria,hospitalizations,22,3492.242514724829,392.20867613116803,789.0756868764993,1959.482996420209,4396.224364476834,9486.734633464212
national,Nigeria,deaths,22,948.615265083011,160.05452347020307,329.12061326549394,574.5488718139478,985.6202581996093,2511.9237691296153
national,Nigeria,cases,23,264055.44530432485,24951.099880718422,48489.261807799994,152849.90767342667,344878.2907738787,764857.0385138455
national,Nigeria,hospitalizations,23,3679.7156197657673,422.7169352869919,813.1029313288219,1909.7697043256662,4126.1388103461995,12009.736987642415
national,Nigeria,deaths,23,398.6475127448802,59.58447793363982,139.63669097941965,257.9125723980895,462.69502268212676,1137.683869055523
national,Nigeria,cases,24,410868.4337896176,29930.045455805823,68334.16997748634,232213.8965941214,521775.6352548056,1320456.5486788033
national,Nigeria,hospitalizations,24,5540.527025884801,259.17182702246225,989.8620384587265,3314.784517701851,7119.691685104428,15913.547696378842
national,Nigeria,deaths,24,535.9615266546787,69.47011504785655,169.39529536870896,311.27259712493844,531.0786931028507,1458.6177272628736
national,Nigeria,cases,25,687026.9607054739,74469.92872320379,125148.72123620889,381622.8675010438,854391.8307562086,2197269.887254543
national,Nigeria,hospitalizations,25,9803.194503724042,1080.549471361062,2266.30818641316,5700.682375555846,12445.455177645004,26491.520507479156
national,Nigeria,deaths,25,887.2237846962337,157.59364939011607,311.9056744954563,537.0978141120572,881.3063685309161,2620.597872369152
national,Nigeria,cases,26,939406.812130688,39361.85282294106,127213.1923949749,586400.8722645396,1238636.5653290565,2444082.6424772833
national,Nigeria,hospitalizations,26,15371.972866557244,2359.7263353088365,4053.729225705548,8793.466556847075,18999.96232127582,38034.41870439625
national,Nigeria,deaths,26,1385.725451677851,213.61554399178112,478.0660296208549,841.903704170704,1386.4051289018025,4128.157587833905
national,Nigeria,cases,27,1320989.9762090226,63917.635175949494,184011.6228694279,793328.1638049732,1679823.8133028697,3364360.6991996686
national,Nigeria,hospitalizations,27,21630.84901137299,3247.3615400204176,5706.616229808074,11755.257327592957,25706.715520243357,58265.81328149929
national,Nigeria,deaths,27,2006.1414092371087,347.1976453560965,670.4792904663725,1166.1073911419114,1950.611835874916,5509.419824298886
national,Nigeria,cases,28,1517459.629227643,82602.85519854452,208104.15975727045,937436.0682539316,2003096.4751960686,3788673.3790417667
national,Nigeria,hospitalizations,28,24148.852430195606,1197.9379340037638,4194.499055242837,13525.03279419671,28659.391997070004,65357.53460820432
national,Nigeria,deaths,28,2200.7559046890956,380.3751243697703,811.6516203082064,1426.7779330990568,2421.677509556511,5567.4233311332855
national,Nigeria,cases,29,1557856.2785423151,43265.75890316263,174633.22999420488,948995.4840734813,1956659.6575122746,4605945.27717417
national,Nigeria,hospitalizations,29,22828.139109935713,1824.1396421849859,4722.329481783135,13305.49072185815,28502.259625625462,55699.73508506556
national,Nigeria,deaths,29,2603.1914968082965,433.4021390505626,847.6450458653616,1517.7816253062927,2661.7929091667465,6571.80144529673
national,Nigeria,cases,30,1205628.2967356434,0.0,96392.16019631694,810392.3838700382,1705288.1313140336,3309978.1804467053
national,Nigeria,hospitalizations,30,20009.04942849411,1150.2762190080618,3649.811424842034,11003.211310447809,23025.978191064245,67423.55977027654
national,Nigeria,deaths,30,2067.2901980092392,396.177165939744,807.5336162847171,1371.272601186588,2307.9096773978317,4680.094138945573
national,Nigeria,cases,31,902163.4418126233,20900.18792375483,106916.71992135646,561998.1653510679,1185358.2870699228,2285545.304752078
national,Nigeria,hospitalizations,31,11899.823117979853,412.52754178092687,1992.0124631519905,7391.916933954961,15122.437981353862,35753.10857209111
national,Nigeria,deaths,31,1680.8743452042195,306.5375192090493,588.7201252561505,1018.884510117921,1670.3953030204902,4119.098537201819
national,Nigeria,cases,32,596706.0614501626,16406.60881074406,62279.59572997984,305875.79554197047,660969.4617949486,1996966.2553512722
national,Nigeria,hospitalizations,32,7077.951977231335,735.4731159498183,1526.057369679526,3759.1941029691825,8540.656217478125,21399.69913717359
national,Nigeria,deaths,32,1022.5206225588182,152.5723548202851,339.2058633073318,592.7218781045572,1045.7271367219114,2628.683177187252
national,Nigeria,cases,33,152584.99997029608,9515.336464622982,23820.038640869807,94955.82176424359,208033.0824643203,419001.6494643345
national,Nigeria,hospitalizations,33,2214.900375114793,164.59126394543188,454.83447879200776,1254.5338704850503,2710.68239611682,5967.696003519889
national,Nigeria,deaths,33,363.0238492070384,50.90933708338046,108.72074073421102,206.55457549612882,376.99112525148894,1004.2767934322251
national,Nigeria,cases,34,71166.12706415585,5042.31177594807,11091.589517867464,40432.314920864344,88827.28608436906,197564.42347157813
national,Nigeria,hospitalizations,34,903.8441365663982,70.40100664573174,171.54884423402692,482.5835420025416,1119.612866006065,2826.4757180505294
national,Nigeria,deaths,34,142.922533406949,13.744972979410916,33.43317564592817,74.56382532913292,149.8778552344001,396.2734835262327
national,Nigeria,cases,35,45957.29844082153,6317.636826509418,9818.194243625305,26520.651783072484,59759.23764552791,129491.8088964787
national,Nigeria,hospitalizations,35,622.7602083102946,50.319336642738826,126.2529438729361,332.18904828946984,762.7809036337962,1739.2264387803978
national,Nigeria,deaths,35,108.14403568722508,7.815750310905601,17.214084519421412,45.33695726540288,102.40240338854578,303.00683930635483
national,Nigeria,cases,36,38042.72685257531,0.0,3079.9274442757037,21355.42804982946,45057.229459518,116117.39297172015
national,Nigeria,hospitalizations,36,556.2534998049398,38.26050911673957,95.02156378194425,281.03004733870466,645.8648799330452,1550.4500099144343
national,Nigeria,deaths,36,88.87662178384396,7.113832371433267,12.42837656093454,33.05319120817157,83.54066409654558,306.6989410535545
national,Nigeria,cases,37,32252.931444499798,4385.324518130319,7604.345407911275,19893.38924384076,44666.326265379335,80894.90016076677
national,Nigeria,hospitalizations,37,512.6298582593681,82.46780315473676,134.28739682182854,268.378603411629,653.8163456311131,1345.6677079079407
national,Nigeria,deaths,37,87.02116758873332,5.32358919329531,8.738087187609356,29.43739406593155,81.88822279051007,386.3141003820274
national,Nigeria,cases,38,33161.41819624209,3153.0834582338757,6323.708057788093,19689.645084935233,43928.197120959514,91005.50484364948
national,Nigeria,hospitalizations,38,484.622098151711,33.41223262837038,95.8409458397305,266.9439809314318,633.422486120591,1389.4923646395744
national,Nigeria,deaths,38,70.50087553501668,5.687209630365343,8.770337792966547,28.57366512251324,68.34003333018953,220.27842818740598
national,Nigeria,cases,39,37211.76286621612,2106.4282338595312,4799.570130191045,19715.242514267942,44149.02687891438,107208.36818142638
national,Nigeria,hospitalizations,39,534.4875659842214,3.8305225464112755,58.802915732347245,268.84004914253654,618.2393039361793,1695.4739970915991
national,Nigeria,deaths,39,70.59069702022933,4.774618451999569,7.451907539533554,28.0529321331818,77.2043391965505,220.87163957787564
national,Nigeria,cases,40,33997.55222903228,3361.5589147264513,6373.158031981705,19692.31340617198,42947.35757381037,85075.59055447715
national,Nigeria,hospitalizations,40,500.78389358064766,53.191757802055776,113.53829328343993,270.6960201451609,636.3671916425806,1231.972538714689
national,Nigeria,deaths,40,64.93528499126427,5.543405404001831,8.952407875980736,26.823030487640462,68.87121222788309,226.73455736574076
national,Nigeria,cases,41,34656.81278029196,3189.0129238182126,5965.690383905121,19459.542536188113,42926.15527587059,93242.03326239553
national,Nigeria,hospitalizations,41,519.2676244209622,3.7022252445766206,59.609589451687484,272.484341861414,635.6155596554318,1726.1579598038247
national,Nigeria,deaths,41,70.75910216071321,4.890379773096909,7.410051902795586,25.612420324498313,67.85556653904997,253.602253217894
national,Nigeria,cases,42,34371.54710475315,4029.874828381217,7022.649933414293,19086.206445212534,42786.65265505388,101347.01614329038
national,Nigeria,hospitalizations,42,494.3678301306562,40.17785765057501,103.85340563438295,272.5931029785364,621.2048821046307,1279.4560542838133
national,Nigeria,deaths,42,63.6277578096462,6.609886027579507,8.62733227794087,24.54057717908185,65.99970375034738,192.62561056141044
national,Nigeria,cases,43,34822.47446821353,3219.9933126153205,5962.035623553983,18719.755744164566,40618.65207884939,93844.94989513629
national,Nigeria,hospitalizations,43,465.3491143125788,3.157729658810507,63.309206726967375,273.39382960094446,641.4896092153724,1320.3415126048865
national,Nigeria,deaths,43,73.3115435242942,4.708604904738585,7.890074309302674,24.627679335353495,69.51809892755605,267.27935858060863
national,Nigeria,cases,44,32067.014458186986,3023.045021586097,6115.867191682637,18598.14345156173,40429.81511101173,87661.01622269452
national,Nigeria,hospitalizations,44,493.1080966544023,28.392872947905868,91.97586326980365,273.49188714958507,599.0112538758405,1496.5919804095997
national,Nigeria,deaths,44,72.616219017191,5.6621583171053915,8.255884032819559,24.962562605256366,64.6422820936838,286.9804425674492
national,Nigeria,cases,45,29642.163049617036,0.0,2456.588096388812,18719.264368562177,40435.72802480082,84377.45764876202
national,Nigeria,hospitalizations,45,522.044458343939,56.01702950199106,113.18948719740116,273.7076417323441,629.6957986848739,1430.2361339823667
national,Nigeria,deaths,45,65.09922248547286,5.110915576901455,8.645294172338549,25.4218280080422,67.40277222712761,201.23123855717375
national,Nigeria,cases,46,30539.18533287093,850.1137451527012,4043.5978186911207,18915.484024927377,39062.994182142356,90150.50615418081
national,Nigeria,hospitalizations,46,529.3328806114993,12.986638500252981,75.4467759026837,271.1764321619572,618.2938758502021,1761.7611536362288
national,Nigeria,deaths,46,72.44644740978562,6.094281515061395,8.781484852340764,24.612899951060786,63.70539709556089,247.09073702582907
national,Nigeria,cases,47,34779.393129946555,4771.406771710651,7428.426655631618,19069.802636597364,42822.4342832515,100347.81714141495
national,Nigeria,hospitalizations,47,498.2355626597378,13.20609896445605,72.39856795656466,268.4536624972735,596.8299951148364,1431.9514692110783
national,Nigeria,deaths,47,70.38861344019277,3.624413836121956,5.489550611967007,24.422305459023487,64.33439016869376,267.05744593717606
national,Nigeria,cases,48,35437.35181495242,5486.837619299365,8466.61555914856,19108.199231592716,43639.87816469944,92584.48903660322
national,Nigeria,hospitalizations,48,511.784435442863,13.374514263141354,75.02198996895837,265.98619088701867,613.1761234217704,1714.7334005398309
national,Nigeria,deaths,48,66.97495650320379,3.4857933918947097,6.968340061025101,23.5366440236983,66.18739087087195,222.97785484197428
national,Nigeria,cases,49,32714.897852556467,1704.6732382591376,4935.692158810025,19127.692964502712,41858.907413281326,87940.03451310228
national,Nigeria,hospitalizations,49,522.124940877509,58.59495769361595,114.58075828689962,267.4668289764504,632.0974199598802,1626.800925297228
national,Nigeria,deaths,49,69.0754440874164,5.577413301822916,7.508701095355541,23.13725976251566,63.21608322736223,207.2453340220426
national,Nigeria,cases,50,30077.822126643503,0.0,2218.656006848714,19114.44660111564,38672.21145168,90449.4319575318
national,Nigeria,hospitalizations,50,490.18398274148416,33.330179572654195,96.33206125242202,270.90045075948956,609.598640133187,1451.661382482965
national,Nigeria,deaths,50,70.88454519776748,5.014626744896015,7.145998811614905,23.098221883346604,56.86470199580886,215.27945526703976
national,Nigeria,cases,51,37972.68877419896,3794.826298837085,6372.3825454848975,19124.401910541586,42712.307783599594,121184.29828772704
national,Nigeria,hospitalizations,51,506.2143023645559,45.49754924477554,106.24642646202398,275.23845822676583,641.9040715780081,1467.2867209657302
national,Nigeria,deaths,51,66.96062648240056,6.2323992169422615,8.03085683448663,23.782547795357626,67.8173356157911,223.4053557770068
national,Nigeria,cases,52,33273.99811835856,5470.037515327969,8282.665059566207,19121.717797689453,43426.05530330254,75190.80934305611
national,Nigeria,hospitalizations,52,528.1075713959818,24.652198843787904,86.31187335278102,277.0794711567572,667.4449308951075,1838.8699665132283
national,Nigeria,deaths,52,69.2784797856818,4.700107911801171,6.858211732932784,24.215408225218212,65.35764856140936,222.42899327301117
state,Kano,cases,1,2062.334217330605,32.85617759144845,243.96961068848805,1272.2427962444413,2659.206705488322,5983.521119859843
state,Kano,hospitalizations,1,66.61282669898763,7.727865385218153,15.310392704670077,35.18743241049048,78.0621400412268,198.23363869695638
state,Kano,deaths,1,4.816894331860416,0.31550353319886026,1.0281825981661323,2.3686432040605365,4.428641802326231,14.540446471272704
state,Kano,cases,2,5475.463798181822,248.23250498366193,686.141278251265,3023.876254841984,6777.951341136912,14178.23375612956
state,Kano,hospitalizations,2,47.46072153891735,7.110114871669375,12.052170695450176,25.134004592873726,56.25723261723273,133.30543674406468
state,Kano,deaths,2,8.420752576543997,0.6247639181211918,2.544263709523632,4.8534795702070666,8.692222607858554,24.64972803689871
state,Kano,cases,3,3433.2397379545196,0.0,303.22250024239315,2024.9252442844977,4269.910360973847,10179.625695919392
state,Kano,hospitalizations,3,77.40472395076685,7.426278702562838,17.766593478546937,46.76061544151263,99.7808110992228,211.02506863219244
state,Kano,deaths,3,7.592327394781745,0.6195204160109151,2.285889585195464,4.431208611514257,7.640068828742717,20.165933038646248
state,Kano,cases,4,4265.98842155866,281.33611073738035,708.751244297982,2474.9879706374722,5342.10766074319,10872.382364744566
state,Kano,hospitalizations,4,57.44310217575193,6.946613809769488,13.120087382575276,29.8610825435929,66.75769416201628,198.58935201341976
state,Kano,deaths,4,8.008635525667422,0.7001150970196831,2.6032434770998902,4.832478592965253,8.420117221298849,21.95073052716275
state,Kano,cases,5,3961.7183454269452,464.81686519574,771.8155435127652,2039.0943961009018,4549.418454332907,10685.555624395489
state,Kano,hospitalizations,5,73.83078759408227,9.10429247504811,17.798545363954247,42.59094917552439,94.43064802250878,190.2984595290084
state,Kano,deaths,5,5.23927477167968,0.2934051621415428,1.262972244820943,2.8693007436164373,5.4460781797485085,16.121744017788664
state,Kano,cases,6,3334.724129955939,103.100339781219,413.2074274113031,1836.1657870381669,3905.378338029945,10288.876187898233
state,Kano,hospitalizations,6,54.4044613010028,4.194123389706542,10.801301367382663,28.285912615150636,64.18242279772689,189.5892487788768
state,Kano,deaths,6,5.313328776716943,0.4232160092871369,1.4485280098634534,2.9828044950989288,5.481800429449642,14.140659155132376
state,Kano,cases,7,3683.5713180016173,366.55255985471587,693.1540333404196,2110.532869434526,4367.52083233045,10351.806865899483
state,Kano,hospitalizations,7,56.5946461252965,5.491223938873613,12.729457077482076,32.00849091810656,70.31383685010005,154.83095612866094
state,Kano,deaths,7,3.9711861349842237,0.3909269252376324,0.9694065215418661,2.134229698241289,4.0074232892178685,12.44958453930879
state,Kano,cases,8,3726.440123307726,60.78397933482845,395.57584441510767,2190.959435070653,4584.871454728611,11091.214729025856
state,Kano,hospitalizations,8,72.2560196063908,5.357688639808506,14.131500225850706,42.51167779739289,91.52812013452626,195.7491649678122
state,Kano,deaths,8,8.776764207971402,0.7166121537881748,2.1822644559988125,4.343593243238993,7.9554028568265425,30.543894662153136
state,Kano,cases,9,4811.573772383135,601.8300579212544,1010.2521026309225,2762.744296641785,6111.909837924514,13601.223226922746
state,Kano,hospitalizations,9,113.28395305660032,15.911493582517917,30.17607388886611,61.95976893851856,140.29953820782998,284.47825239005414
state,Kano,deaths,9,10.829082905124029,1.1152430000454554,3.228030806013839,6.146712048730778,10.827864252190725,30.45681728485152
state,Kano,cases,10,6561.273517914196,393.25414708700475,885.4183749990425,3587.14028521191,7494.255494160275,19686.247250058295
state,Kano,hospitalizations,10,120.45120194223097,18.50685112144721,31.204273740594196,66.84575054779668,139.63918670550316,349.2549870097871
state,Kano,deaths,10,8.039919878171643,0.9036892022554094,2.4528064510306993,4.752984868656557,8.60573082658841,22.59676144209861
state,Kano,cases,11,12434.170430926873,997.4359177629971,1961.9546591634994,7051.917581431118,15522.566833216857,33524.50856452978
state,Kano,hospitalizations,11,171.09863241295517,16.15166817982749,38.37849766695645,101.991897131805,223.29752394750977,440.5928810673103
state,Kano,deaths,11,20.122474369614118,2.648994712686093,5.885166114096073,10.844170755285809,19.613997190733066,58.28660544507306
state,Kano,cases,12,12549.299263628101,1580.3089534182009,2687.2557660993907,7239.326887352057,15908.121314739243,36335.20663529126
state,Kano,hospitalizations,12,316.0583913044264,34.63567343831376,75.83730619999969,183.7514077691214,405.3571141900927,837.6980668704348
state,Kano,deaths,12,17.765193765511256,2.0413032128319055,5.297381213356535,9.837996823171972,17.285921952575343,50.48734927665953
state,Kano,cases,13,20858.84190882928,1885.0654314219105,3681.501383023792,11410.030881830624,24460.44103734022,56078.843670400754
state,Kano,hospitalizations,13,617.8386237394056,68.44266868703612,141.3968109545932,330.58176251876796,726.490575305408,1824.0289478495627
state,Kano,deaths,13,32.48849070819505,6.015783946542671,11.50198927074803,19.78973792950043,34.41791188627319,102.11487999282936
state,Kano,cases,14,37614.4160690147,0.0,2333.50546844527,21834.58818648665,45742.35525681144,124746.34198673062
state,Kano,hospitalizations,14,1096.445495991442,79.18244585073171,215.65992011919028,618.8846778641926,1267.0635392734791,2993.55024171322
state,Kano,deaths,14,50.76490814150481,9.249760954600424,18.492653796440578,31.629617782390753,51.51327323612642,133.67012757552556
state,Kano,cases,15,58498.79282486832,2695.12135743355,8474.763873370297,36240.28375193801,76606.92484633463,148756.10871733996
state,Kano,hospitalizations,15,1809.9651679889541,111.38633522526457,358.37051681656214,1049.625757303606,2246.1989078641586,5495.8191473938905
state,Kano,deaths,15,87.69427744801831,17.201279389644068,33.917316616910405,56.03168440519728,92.20950723330128,220.59464734361458
state,Kano,cases,16,153377.2082724823,26587.03591524133,38929.7900251105,88711.20887433823,202142.72880436998,395895.15861035493
state,Kano,hospitalizations,16,3992.178473468582,407.3208128192412,846.63745018392,2042.6873568451224,4386.261311114818,12959.043980470347
state,Kano,deaths,16,238.21614315159292,35.72787338227811,73.51123048166681,125.73863121555247,214.77434301654472,824.725005025554
state,Kano,cases,17,199544.08128745388,17622.352637391883,35865.259868846035,123157.19820179905,267662.4456699896,500506.27031971834
state,Kano,hospitalizations,17,6786.64948707963,857.3508843864913,1845.9921075702857,4143.106988013572,9126.715066051514,18839.81046908253
state,Kano,deaths,17,543.7293884012215,111.25927537136968,209.72850886771516,332.4409631021714,536.9982467624777,1317.586127880165
state,Kano,cases,18,375420.5133531033,18390.288871149958,51653.98591427665,223700.09759854202,491869.3807597878,1098493.4403717453
state,Kano,hospitalizations,18,7045.371396000106,777.5761376614148,1798.7455807000088,4102.46438370072,8898.627997573014,19109.765331287555
state,Kano,deaths,18,826.6664927829675,143.82142092160626,289.11728795331237,496.3404467342842,858.366029018671,2401.1909098483566
state,Kano,cases,19,705272.1683882327,40267.142619880884,102497.2036767681,393643.9532776374,846355.5029577061,2109959.02168724
state,Kano,hospitalizations,19,5292.770429841332,519.0053757913688,1136.0680539845075,3059.9728122359265,6392.9180265629475,15567.806809084452
state,Kano,deaths,19,767.0191556934382,153.54331510451595,300.24542262358773,500.5439917669336,796.5277669829311,1934.9677941784505
state,Kano,cases,20,408146.79966229585,39144.03467284194,69488.968339696,203912.71563602338,458277.4483782236,1374391.6794677977
state,Kano,hospitalizations,20,3060.2137574101353,560.5021736169707,914.2927737201687,1787.1319833846658,3884.536033872165,8338.094492256792
state,Kano,deaths,20,457.450524716886,91.23803080816892,160.88262337925192,272.5887699421832,471.56173322423103,1307.0993773308605
state,Kano,cases,21,201115.4071868553,33214.29549459959,47671.6559973399,101010.54793613686,237899.42010415808,568314.4193966187
state,Kano,hospitalizations,21,938.3058784745506,64.26952035447026,168.2960396189917,531.2734598690123,1115.9631969496618,3089.86751707065
state,Kano,deaths,21,237.81244400288676,39.74697368103683,83.49368243609783,146.71856287419777,252.5990061605604,578.5875450925325
state,Kano,cases,22,56910.48114717487,3153.8951368350245,8784.809719787481,34422.306658635134,72138.62824830333,155740.86954317105
state,Kano,hospitalizations,22,387.27747137614966,46.2205855416558,89.88301286834388,218.6486263155382,486.73350113769817,1046.7801380652688
state,Kano,deaths,22,50.42904798976558,8.808002130299979,18.091399376920307,30.957412092039505,52.43856968948035,132.19787025304402
state,Kano,cases,23,25100.16640139938,2374.041256624809,4611.270415656272,14530.425560787213,32782.12674989797,72699.8018652323
state,Kano,hospitalizations,23,489.5947584638653,59.68123051839269,111.2109889384908,255.9676514541739,548.5216000101807,1589.1324663735097
state,Kano,deaths,23,38.60816116813381,7.164806519286989,15.07733733028354,25.876570627360362,44.53922018328853,106.05367260123033
state,Kano,cases,24,31942.169997674016,2328.5930124227457,5314.071853366898,18053.83515658899,40563.928920878374,102652.18109148025
state,Kano,hospitalizations,24,800.7551342526485,41.57589631528805,146.6155653258955,480.83256162997185,1027.8033342292927,2291.955652536046
state,Kano,deaths,24,56.94355585860964,9.700485561128719,19.88293511885681,34.23798367808376,56.477814449593964,150.32558087260443
state,Kano,cases,25,50478.24064909513,5473.094698813435,9196.51363704848,28039.912345198274,62774.696342711686,161437.22043546822
state,Kano,hospitalizations,25,965.3507550307705,108.74831595303279,225.19508223811582,562.4658637740106,1224.832475261536,2604.218404224613
state,Kano,deaths,25,79.89627106542912,16.034079236235122,29.542039393139305,49.254608439605555,79.3854776027932,231.63725654905883
state,Kano,cases,26,53344.92275464061,2236.248067679914,7224.851177113216,33299.63954994747,70336.5819842415,138787.35436870877
state,Kano,hospitalizations,26,1167.1667895886228,180.69777654140128,309.12151608366605,668.444865508838,1442.207626553045,2885.2252758924715
state,Kano,deaths,26,101.35902221267933,17.03102656326681,36.05743512156046,62.23444980322244,101.40967212456833,298.67042710203356
state,Kano,cases,27,86833.27700126558,4202.892241365421,12096.95936738831,52148.80348982698,110420.29816219246,221148.9658409743
state,Kano,hospitalizations,27,2055.446369493062,310.7112991479931,544.113579910524,1118.1763777165013,2442.277608731687,5532.387676877383
state,Kano,deaths,27,188.71319936794578,34.67449041302176,64.69265447153151,110.7139670425278,183.55875573627623,514.0101861377915
state,Kano,cases,28,114420.14124767554,6230.148691792099,15693.104402937592,70685.64470437828,151037.77546088342,285672.5126801255
state,Kano,hospitalizations,28,2046.991102780018,103.5712390123267,357.31201463836794,1147.3966390254482,2428.9336700980075,5536.434165977722
state,Kano,deaths,28,182.17980994568995,33.16598146559181,68.46991767651855,118.8236473903927,200.26530144367973,457.7734449818078
state,Kano,cases,29,145192.56618098903,4034.7601303819833,16278.035517152406,88447.57830482157,182360.55288163663,429270.4853812281
state,Kano,hospitalizations,29,1342.3898475666738,108.34707583426596,278.6237047284774,782.9080484407854,1675.760043041895,3273.686573730658
state,Kano,deaths,29,194.04582366624422,33.751303040231896,64.35380160888803,113.86063292878781,198.37530560251494,487.23005401670406
state,Kano,cases,30,137216.18651417064,0.0,10973.657299838698,92234.4268728016,194083.01839103323,376713.70112060243
state,Kano,hospitalizations,30,883.704653560442,51.3988113612787,161.71237752601957,486.2446197297936,1016.8529851061177,2976.279498348132
state,Kano,deaths,30,113.17244186411331,22.502956995166123,44.82198422544016,75.40885297209589,126.22810812492435,254.9360682118909
state,Kano,cases,31,76556.23734124252,1775.6496193417079,9074.68325208898,47691.15265268432,100587.10634989015,193944.76513806233
state,Kano,hospitalizations,31,724.6207061067112,26.32703205640541,122.34480864894871,450.6080380620954,920.5507597873394,2174.700826643466
state,Kano,deaths,31,84.64567012338588,16.127803606259686,30.196625750068137,51.6433984905922,84.12587357478608,206.21125214314222
state,Kano,cases,32,64041.86473295862,1763.7409036792337,6686.865585252981,32829.79945924281,70938.72826473754,214318.9446095009
state,Kano,hospitalizations,32,433.89554098703616,46.21680338115588,94.54063562054007,231.03933814085414,523.3023980113811,1309.301144987252
state,Kano,deaths,32,75.45450320709989,12.52560019190552,26.1551646156815,44.46009241816232,77.1628801705026,191.4376582837293
state,Kano,cases,33,17285.080660916516,1080.905101756953,2701.066862276149,10757.961315657634,23565.180334501427,47459.645295297596
state,Kano,hospitalizations,33,148.67997626390465,12.3998723035172,31.692484194472833,84.84890337733867,181.63982534755957,398.1351514636389
state,Kano,deaths,33,31.151245225610953,5.191504377138276,10.646041181929156,18.666198623579653,32.428366849648576,83.07953823100218
state,Kano,cases,34,7595.815362710017,540.9227402294993,1186.3332436432897,4316.758587093548,9480.122551172833,21081.52251575533
state,Kano,hospitalizations,34,78.10912541938217,7.922613840602107,16.54208650885548,42.70477082173631,96.28849386461013,239.8612665610432
state,Kano,deaths,34,7.031397565747537,0.5066356487298214,1.9881492555561968,4.067474612506538,7.488403693994729,18.680235699735473
state,Kano,cases,35,4680.119817900578,645.7500840872206,1002.0231278003178,2701.9339351397807,6084.8272126603515,13181.935600039842
state,Kano,hospitalizations,35,53.71745206037021,5.981327506595086,12.550109908216562,29.65121538754948,65.40028151893486,146.46780654617484
state,Kano,deaths,35,8.8018938942949,0.9542558078355398,2.394344505526266,4.683284103817224,8.622209631311446,22.46887144238568
state,Kano,cases,36,3237.3632995367543,0.0,264.0786959300108,1818.3163080005847,3834.0329780856973,9877.335497360407
state,Kano,hospitalizations,36,50.7893002394412,5.082242820819652,10.53947924113569,26.797740188745532,58.68650030159448,137.75268487202646
state,Kano,deaths,36,8.43594150145723,0.8148740093103582,2.3132427350303804,4.445953171567521,8.364480272677529,25.669631489039666
state,Kano,cases,37,3032.356399858936,414.43867636822324,716.8375103230079,1871.2856029718207,4198.486179001115,7601.843559063165
state,Kano,hospitalizations,37,55.889874797522445,10.829221655115642,16.754096354356935,30.656074771925898,70.61121848962634,142.3297285968084
state,Kano,deaths,37,7.651361080556522,0.38422855511434895,1.845384891525023,3.7951002604906376,7.580724095022502,29.55257632466499
state,Kano,cases,38,4325.020362964474,414.69348028268394,827.851315090013,2569.5401933897783,5728.018077992254,11862.569147204176
state,Kano,hospitalizations,38,51.113208168021984,5.324950589028919,12.295556526094405,29.420623352949544,66.10009481064036,141.7723187923518
state,Kano,deaths,38,5.2065281122040945,0.34103962652848496,1.3399693392198158,2.9321951742526577,5.316828103823241,14.427976945740264
state,Kano,cases,39,4469.063575528636,256.223589125565,579.4159468894873,2369.3815376407565,5301.574746124146,12869.054655875607
state,Kano,hospitalizations,39,56.06447172592163,2.118758346915726,8.56642588041738,29.613328472984172,64.58675391285746,172.41350713408755
state,Kano,deaths,39,5.9549838759169,0.46012750762510946,1.544389782248755,3.3775451209956824,6.682187926482149,16.3397312322468
state,Kano,cases,40,3746.9044232753267,373.2512580612028,704.8902811556453,2171.603314583981,4732.462123973793,9371.64731643618
state,Kano,hospitalizations,40,47.092017983896085,6.531983127982423,12.465288001205654,26.56492224425172,59.32354357622583,112.68079880675441
state,Kano,deaths,40,5.207386214779516,0.363473069396762,1.4378623034347384,3.053812447191816,5.724050679284043,15.741354646370189
state,Kano,cases,41,2894.9939495512826,268.28472715627447,500.0621099187417,1626.433386452223,3585.2601357908834,7785.27352544377
state,Kano,hospitalizations,41,40.597180423043966,1.3269909145799168,6.23998257977758,22.192948614185735,49.40622739865722,131.1321515475388
state,Kano,deaths,41,4.658527228936633,0.2665356871179232,1.040036292443863,2.412504804864705,4.714842562815205,14.838416407975181
state,Kano,cases,42,3132.2951618013994,369.3358698821226,641.8625687982899,1740.3885582119417,3898.5876014831383,9231.184268015337
state,Kano,hospitalizations,42,42.802741848895806,4.930206995797326,10.630215040936502,24.562991158179337,53.34774037158587,107.69930289797777
state,Kano,deaths,42,2.563855715071325,0.24986118238970678,0.38749189248758614,1.2507012907722994,2.7640497416718803,7.380588329845385
state,Kano,cases,43,2572.089058082991,239.4090704976547,441.80796419039876,1383.4960002037135,2999.923424955964,6928.726328689845
state,Kano,hospitalizations,43,52.35839293957509,1.9346777191628926,9.687434106973377,32.070878629323076,71.28960558418953,143.61781176387592
state,Kano,deaths,43,5.446723130387354,0.2975060509825451,1.2098188570877766,2.7674843753533027,5.508827363345889,17.574094346870318
state,Kano,cases,44,3095.188903367524,294.11815265282996,592.3974128872136,1796.2183647791003,3901.7176512309475,8456.809070255013
state,Kano,hospitalizations,44,51.60763221390885,4.917655167765581,11.821338241865687,29.865631797884234,62.22512759241542,151.45256753747705
state,Kano,deaths,44,7.99928749467666,0.7472037853284099,2.1941849237218016,4.31009459401803,7.708755014953106,26.722954973647933
state,Kano,cases,45,2503.6695610077063,0.0,209.45288381546015,1581.983946581041,3414.8016478476206,7123.378751096638
state,Kano,hospitalizations,45,55.30811267300393,7.926968282877602,14.147593406309033,30.336900558217796,66.24063762798224,146.9803733492888
state,Kano,deaths,45,5.788403758195288,0.35610189960030114,1.5741365827070941,3.349226903815031,6.274239801894224,15.598708258408365
state,Kano,cases,46,2830.803510310621,81.16137932460815,376.93072994820704,1754.3129321061147,3620.3050143146756,8351.85209361572
state,Kano,hospitalizations,46,69.02639121234725,4.669078700262637,12.900879429368981,37.15736777248867,80.13628042372524,221.71654711770108
state,Kano,deaths,46,4.346110315495762,0.33800771414307973,0.9338562242565207,2.1399266437195705,4.118626500348299,13.384930948892054
state,Kano,cases,47,3310.9727021275908,456.4084371460445,709.1622847864927,1816.569342153367,4076.081616265009,9548.288257388962
state,Kano,hospitalizations,47,46.69460647657086,3.1050640424539395,8.761323017889506,26.254761395205012,55.55484743821994,130.07036094170635
state,Kano,deaths,47,2.7167355190260816,0.13280298453296968,0.25912087576271203,1.1773064196310934,2.5919118990429704,9.76867271411755
state,Kano,cases,48,3510.915410508886,545.8528519297535,840.8470528509929,1894.3502115957835,4322.955017125171,9168.408827783616
state,Kano,hospitalizations,48,40.63097444556326,2.3589632428249394,7.511736833696054,22.021718519631108,48.40215809103479,132.1014893800959
state,Kano,deaths,48,6.796674365310342,0.3238181762411757,1.736459523777446,3.7645664305452304,7.118379072854784,19.446736882625583
state,Kano,cases,49,2942.209002628917,155.51406442588546,445.86698045152264,1721.2197157640371,3763.9420155398752,7904.985431311567
state,Kano,hospitalizations,49,44.53833146866603,6.407331250695508,11.362115845926125,23.830685989343998,53.56800659420627,134.69070385671117
state,Kano,deaths,49,5.249961373886934,0.34997086969026325,1.2293448434473389,2.710737775775425,5.181933217679637,14.057514080180939
state,Kano,cases,50,2539.510316398326,0.0,189.30470315420553,1614.7651474041318,3264.8104659038145,7633.139922433753
state,Kano,hospitalizations,50,28.27127566474564,2.6028720921000943,6.4150857846593485,16.123475284722062,34.95972596384479,81.78992878181623
state,Kano,deaths,50,5.065929736796301,0.31573668938253396,1.1088869412016635,2.532120685896027,4.518841472965265,13.795688546059353
state,Kano,cases,51,3072.2936933482993,308.82436262977103,517.2340500684755,1548.3053888763536,3455.5181205988665,9800.412838193282
state,Kano,hospitalizations,51,52.081480201297616,6.473035504559518,13.017788101317313,29.567483899875104,65.4632710377042,146.2664846766597
state,Kano,deaths,51,2.93324120767623,0.2521538385909654,0.45496589027412593,1.3782566797812423,3.102374337029527,9.178842065451981
state,Kano,cases,52,2343.5369235209673,386.60329990789864,584.5652194561561,1347.4531782686374,3058.0718898773093,5293.779101295864
state,Kano,hospitalizations,52,45.76461949569448,3.800312710864318,9.211652204290965,25.026274729312227,57.374007176027405,154.4444387120481
state,Kano,deaths,52,5.231134247392651,0.28747376445530604,1.2051921594057173,2.744090724352385,5.2604583889152,14.867343025420755
state,Lagos,cases,1,2265.8753632733196,36.196036622160314,268.13548010177306,1397.8462090880698,2921.631941322676,6573.884779568977
state,Lagos,hospitalizations,1,22.682376633882356,2.056797516284767,4.71245839718212,11.67407878453949,26.690270489218747,68.77844696833729
state,Lagos,deaths,1,1.6785722612540745,0.1384676064576585,0.1384676064576585,0.47842389195090124,1.3825122624231092,5.820362372310402
state,Lagos,cases,2,1761.2235361008516,79.19826211334968,220.10894542310712,972.3474321985648,2180.337127537903,4561.606733078694
state,Lagos,hospitalizations,2,34.74138587260717,4.981405970834232,8.62629173143183,18.274460792125343,41.22859459691781,98.0535095948757
state,Lagos,deaths,2,2.665011249617277,0.22535726585284,0.3489623783274669,1.2278601056971141,2.6889026133254053,8.762399463429906
state,Lagos,cases,3,1907.5913796883854,0.0,168.07033472900315,1124.8991656245305,2372.539905010608,5656.83856482795
state,Lagos,hospitalizations,3,34.137784503977294,2.7762052372900734,7.410178571262866,20.403740907784428,44.16454298805437,94.01824030127977
state,Lagos,deaths,3,1.3706886721317364,0.11829390147061986,0.11829390147061986,0.41059137898066445,1.2439953011169758,4.497207860714495
state,Lagos,cases,4,1802.5236547262787,118.33471666470655,298.9898362965889,1045.52331637479,2257.3658786633177,4594.841461068931
state,Lagos,hospitalizations,4,46.228946200171066,5.421786519211539,10.410669874511132,23.939337507892322,53.756083202074706,160.29136772221278
state,Lagos,deaths,4,2.298986201147832,0.23534589204083933,0.2872882740038414,1.0837007959133407,2.3654141097563928,7.199336646331099
state,Lagos,cases,5,2294.3587175665516,268.81902550567685,446.6444552058723,1180.7010568396465,2634.7772007143276,6189.063606595601
state,Lagos,hospitalizations,5,34.505696726809354,3.794121748121538,7.919230652213803,19.682330601544358,44.27839492491159,89.76420812985218
state,Lagos,deaths,5,4.0096331216024454,0.23480663485890552,0.8110141406754532,2.096528637172865,4.158675172504261,12.70220982612807
state,Lagos,cases,6,3298.214971623246,101.96096677869772,408.6739478738896,1816.0580995579471,3862.6232228657136,10176.254008639175
state,Lagos,hospitalizations,6,45.78633417852434,3.3861312481829606,8.965503861398604,23.730228147338025,54.04271655000777,159.94139413272114
state,Lagos,deaths,6,1.9511745097454927,0.19178675209211404,0.19178675209211404,0.804868250658852,1.9373261521163334,5.861219283239492
state,Lagos,cases,7,2423.4659641276758,240.8513836445617,455.7567519926764,1388.398964560525,2873.5080926570963,6811.197597297157
state,Lagos,hospitalizations,7,39.56529864028679,3.5718748154006494,8.669880385078274,22.248418132537743,49.22749758054699,108.75428216516815
state,Lagos,deaths,7,2.3395804979708297,0.25753557853383624,0.29740934980441147,1.064773763290528,2.298799776885736,7.860342718182238
state,Lagos,cases,8,3799.436761009913,61.99394181172161,403.34228963521605,2233.886237388333,4674.680049833879,11308.441973891717
state,Lagos,hospitalizations,8,58.2527607646063,4.142384284793514,11.23903738845376,34.19420040630536,73.84090175507632,158.1395664835824
state,Lagos,deaths,8,2.112376329428849,0.14272171151227386,0.14272171151227386,0.6381487699369272,1.7453964975275191,8.670195669403995
state,Lagos,cases,9,7265.247402616415,909.1808200272677,1525.835392383743,4171.829501795851,9228.555188772112,20536.268386328167
state,Lagos,hospitalizations,9,71.55574397725603,9.73664294792535,18.792833331345356,38.97142865462446,88.70719724084417,180.2423042562141
state,Lagos,deaths,9,3.2175020987990384,0.21181913774266548,0.48766967011149176,1.5146332284983683,3.1617376309444234,10.068356674778533
state,Lagos,cases,10,16672.949063712254,1000.7526340128074,2251.283073123088,9116.03531459685,19043.547760247187,50021.94062072347
state,Lagos,hospitalizations,10,163.8114906253376,25.471151864445662,42.70178536576655,91.06791782674874,189.84993504053057,474.3023896420476
state,Lagos,deaths,10,6.6617319322717385,0.6124755701033845,1.9246192309050016,3.8729317500423237,7.13631041900752,18.98708681746078
state,Lagos,cases,11,47447.809118530306,3808.726255234744,7489.034933444496,26910.77751916887,59232.185713012565,127922.09243496697
state,Lagos,hospitalizations,11,324.8926868340071,31.479068243825093,73.56866000757991,194.02947587565453,423.7385450110432,835.2175136434291
state,Lagos,deaths,11,17.96573211930665,2.2762828842716414,5.181908627205127,9.634395766325635,17.508463697582883,52.23101456161751
state,Lagos,cases,12,157625.42882452934,19859.568896387376,33762.35075970927,90934.4308453042,199810.807344394,456366.32388924574
state,Lagos,hospitalizations,12,804.7800028567583,89.56537796331818,194.2762220063564,468.5317769938943,1031.7259760760217,2130.4879191130926
state,Lagos,deaths,12,36.13203162631112,5.018932231415879,11.462917409438653,20.4490841057018,35.18900100362798,100.89673451957161
state,Lagos,cases,13,443319.97184873925,40082.35075992923,78260.86310958769,242510.39210158295,519862.47072478425,1191828.3008042611
state,Lagos,hospitalizations,13,1973.2624741876132,220.54088260979452,453.2843150495158,1056.8354449018007,2319.891566967605,5821.335626489212
state,Lagos,deaths,13,96.25432725559456,19.374718880318884,35.307349082746526,59.37601344862014,101.85807024692294,298.45857914667414
state,Lagos,cases,14,526201.1593386681,0.0,32656.492930068445,305457.9404320326,639904.6764222614,1745094.6933031585
state,Lagos,hospitalizations,14,4102.183820933708,298.7901178139058,809.0588886874277,2316.6556743341835,4740.099049809624,11195.173429706818
state,Lagos,deaths,14,214.9961434158904,41.76852633595944,80.33575806727757,135.15153305913074,218.11879890024795,560.9294853208997
state,Lagos,cases,15,702115.2753746614,32357.933789883144,101725.38603261972,434968.0336289873,919449.7365360747,1785386.522889929
state,Lagos,hospitalizations,15,5238.489999825187,324.156608591179,1038.7322614134407,3038.674774149826,6500.605148404708,15902.419827892709
state,Lagos,deaths,15,189.61075963666767,38.11593611947055,74.03997367501006,121.56543489183397,199.31433244959578,475.2237798976463
state,Lagos,cases,16,453423.36333379115,78599.88726389939,115088.15692806547,262254.48780255095,597586.4445749684,1170367.1095640992
state,Lagos,hospitalizations,16,8581.430367209154,876.5928666317211,1820.804219665426,4391.441897853227,9428.421939332184,27853.671599924448
state,Lagos,deaths,16,275.58155136572447,41.464743660702695,85.14983691852578,145.535124167403,248.47815707661826,953.7027214911336
state,Lagos,cases,17,211919.46757143992,18715.317671155015,38089.61347142569,130795.222987744,284262.3964825941,531546.7287874828
state,Lagos,hospitalizations,17,7465.21599155914,943.1608780144383,2030.6373195278125,4557.396529392841,10039.219714095794,20723.340684645656
state,Lagos,deaths,17,299.50512564526775,60.92889234291305,115.25037749512879,182.94586494843938,295.79182761700537,726.4105243260408
state,Lagos,cases,18,94471.67610223938,4627.062483834729,12997.681282630947,56292.099664837864,123775.36347579975,276428.83283028833
state,Lagos,hospitalizations,18,5070.321891594072,559.3465939130625,1294.2892559544414,2952.2915015309727,6404.123396810352,13753.149070923324
state,Lagos,deaths,18,123.69973749758242,20.819408337080894,42.71029873354453,73.93141705684366,128.4757238179854,360.924251481953
state,Lagos,cases,19,20792.427891434774,1186.217546813954,3020.9339161148837,11604.754955164879,24951.95848772012,62206.52679032912
state,Lagos,hospitalizations,19,1563.9751191821276,152.7270053055243,335.1466532948865,903.9025368834799,1889.20713275642,4601.540970463036
state,Lagos,deaths,19,53.75946802731585,10.01887844797339,20.47868183526942,34.75989215614874,55.86342057128398,137.03375311844937
state,Lagos,cases,20,8925.640516774869,855.1448887639989,1518.8219061912941,4458.816854161006,10022.052846646733,30058.47695576758
state,Lagos,hospitalizations,20,422.81436235425514,76.73801652888673,125.71909053154657,246.5606332648166,536.9389049895037,1153.5185324914207
state,Lagos,deaths,20,9.817070376173602,1.1747577031773122,2.816814811850911,5.450585292437463,10.141903838922808,29.84193333754245
state,Lagos,cases,21,6333.680401881727,1045.2014728458341,1500.5733617964925,3180.6194512677444,7492.287842165356,17899.561170994573
state,Lagos,hospitalizations,21,106.08736578740847,6.4411766828490356,18.300919260168094,59.68285528936647,126.34152865845437,351.3802714175516
state,Lagos,deaths,21,7.638832985532702,0.47160057228214647,2.0515383154713707,4.334941518946053,8.15887509873513,19.93214013198517
state,Lagos,cases,22,8281.256573273693,458.1279379545422,1277.5878848428815,5008.580704990133,10497.38974859803,22663.919217655843
state,Lagos,hospitalizations,22,100.89477735874043,11.391991308337163,22.850223215603965,56.64189149643698,126.99479797961169,273.96656839418426
state,Lagos,deaths,22,6.451517914622311,0.418299644217647,1.7607380773555057,3.6212455501240868,6.727557903351698,18.26126131302773
state,Lagos,cases,23,15626.430557542475,1477.6481120309013,2870.497462733752,9045.943883876243,20409.049021251165,45260.9099231673
state,Lagos,hospitalizations,23,244.8500515045306,29.4089748023754,55.23190409999906,127.77330883603422,274.37985543990624,795.8575734095372
state,Lagos,deaths,23,5.74168986833417,0.427342931543357,1.7287854277294343,3.561725164348994,6.729312253232939,17.17007976991941
state,Lagos,cases,24,30671.074136981984,2235.892881677933,5102.572311130238,17335.389672478028,38949.75245547593,98567.3631607066
state,Lagos,hospitalizations,24,397.81129512624267,20.178055230538806,72.42677115258917,238.67261960865383,510.74621603554573,1139.5594632930256
state,Lagos,deaths,24,17.221658807608673,2.364661404972413,5.5664315339302135,10.080233975680434,17.07332787058263,46.58282590433932
state,Lagos,cases,25,39995.32551128519,4336.30124776085,7286.485797955792,22216.716498318005,49738.20274622237,127911.69304910494
state,Lagos,hospitalizations,25,508.801725157124,56.898108440100934,118.33000781209813,296.2583897965629,645.6922154182614,1373.3920931096154
state,Lagos,deaths,25,28.948991219798437,5.30614062076015,10.306886188965585,17.604623312262824,28.759291277208995,85.1240125210586
state,Lagos,cases,26,52377.74664154622,2195.6861385317525,7093.844487369946,32695.889701404987,69061.34207762845,136271.08293782867
state,Lagos,hospitalizations,26,479.9152403395361,73.80201513461866,126.67197695661142,274.59954730747546,593.1450730918546,1187.2119356591843
state,Lagos,deaths,26,33.62491504573803,5.099342778434869,11.535392730021998,20.39027322722265,33.64204835610306,100.36930634769826
state,Lagos,cases,27,53577.44461793269,2592.8834956894,7463.67685965157,32176.44575959214,68131.09436179002,136452.84170952337
state,Lagos,hospitalizations,27,990.7595252608925,149.32857391640925,261.89116664812235,538.7436322742221,1177.3160880162607,2667.5791649685425
state,Lagos,deaths,27,42.009274503998,7.08764221205296,13.892957942065951,24.326292963647997,40.84068689462875,115.75620514329431
state,Lagos,cases,28,89242.63128816076,4859.031326412085,12239.734864621289,55131.58062269721,117802.82984757575,222812.20658908854
state,Lagos,hospitalizations,28,960.1620499397587,48.07728887271144,167.1627033882381,537.9645769355322,1139.41449441821,2597.8241006236613
state,Lagos,deaths,28,45.82089186229328,7.73284956482852,16.756561185313224,29.6270109062483,50.443556565105595,116.26282423348702
state,Lagos,cases,29,44802.3315455031,1244.340699724583,5022.327657447429,27292.15193104464,56271.488089369486,132462.0886637595
state,Lagos,hospitalizations,29,1202.331604867792,96.9468413354352,249.4708830273458,701.1798859859347,1500.9455128580248,2932.276485112602
state,Lagos,deaths,29,38.670843594817605,6.0681185947738046,12.292405751121354,22.361672926956683,39.55123640216862,98.30182817397619
state,Lagos,cases,30,40421.42267873031,0.0,3231.988611566152,27170.33451329654,57173.57994377881,110974.15897378857
state,Lagos,hospitalizations,30,929.9003309858098,54.134864096365995,170.2085558552017,511.68655132775586,1070.0011266663307,3131.7409201427827
state,Lagos,deaths,30,38.73584136409671,7.179817787015846,14.947588283495726,25.592845094137555,43.27965136738647,88.07434088098377
state,Lagos,cases,31,35034.80702090357,812.0692541205342,4152.412654963589,21824.9259240365,46032.329089167106,88756.70263529244
state,Lagos,hospitalizations,31,598.8085736777613,21.588795986898546,100.95804333464177,372.3036876003137,760.7630067341333,1797.455902570496
state,Lagos,deaths,31,41.5342942126706,7.506184292191373,14.493186051457288,25.14430078849055,41.276078434031064,101.90736271060089
state,Lagos,cases,32,15006.517843202566,412.5410085827722,1566.2026831958337,7692.413742860592,16622.679268738564,50221.718739298216
state,Lagos,hospitalizations,32,545.4098940480245,58.32396656500282,119.03882235310468,290.53803205422446,657.7421363215669,1645.2838597483635
state,Lagos,deaths,32,13.783601513500667,1.6145424228016383,4.249181469104093,7.787583433295579,14.109138462960075,36.19882402176284
state,Lagos,cases,33,3374.28732900472,210.25314126865135,526.606452402141,2099.798277990893,4600.540019806019,9266.18100227721
state,Lagos,hospitalizations,33,159.43924547625497,13.363079521498422,34.04247948074051,91.0198788550023,194.76830852119642,426.82571284599743
state,Lagos,deaths,33,7.463812344796784,0.6275631743511941,2.061399395060468,4.169661314849713,7.787327852675637,21.10202106074945
state,Lagos,cases,34,2045.0484503490113,144.9559209900166,318.78417629168115,1161.9008794222439,2552.548451186272,5677.150707011715
state,Lagos,hospitalizations,34,53.65629459083182,5.1646021108185085,11.119765065766192,29.19547043877603,66.21627376800807,165.41019086806403
state,Lagos,deaths,34,3.827450481738407,0.25540302791195146,0.7842384641667415,2.025813755123042,4.068467159744129,10.751164522335598
state,Lagos,cases,35,2067.670556627981,284.8104275245708,442.2538565158965,1193.4748405611153,2688.435873744002,5824.774982610033
state,Lagos,hospitalizations,35,35.73051203312604,3.6862427176032,8.095562959926573,19.57474524148862,43.5714422394535,97.98832762896349
state,Lagos,deaths,35,2.3584981463903367,0.15984828763151315,0.15984828763151315,0.9046744620417491,2.2247511506351527,6.86526931835581
state,Lagos,cases,36,2264.4349788994055,0.0,184.4375295389093,1271.71458168994,2681.822316827105,6909.4539848448985
state,Lagos,hospitalizations,36,21.373305283424695,1.6271953282215748,3.9844221688498886,11.00709924125453,24.781294724618228,58.93355020720199
state,Lagos,deaths,36,2.0055563163279264,0.16779558302523423,0.16779558302523423,0.6677706700082193,1.8677818274641624,7.167317598242504
state,Lagos,cases,37,1771.5219338355437,241.75886805141937,418.4636449698437,1093.0578224920725,2452.942228306856,4441.671810205496
state,Lagos,hospitalizations,37,30.827499408435543,5.617724208315807,8.932328319352191,16.709632845355724,39.06208590916455,79.18419489977506
state,Lagos,deaths,37,1.5521819477812204,0.10643651913820326,0.10643651913820326,0.328307784134953,1.3769769117958977,7.463477873823912
state,Lagos,cases,38,1661.3899702342442,158.74142845692748,317.5084667694194,986.799380733117,2200.529672324199,4557.896331217895
state,Lagos,hospitalizations,38,17.458076341199433,1.2394857302461897,3.7075797188862274,9.771080492280038,22.758241698717637,49.55163136993322
state,Lagos,deaths,38,1.7412079301076562,0.1449871405601465,0.1449871405601465,0.6717052509195196,1.6854909897305097,5.558939454515014
state,Lagos,cases,39,1976.5503385133404,112.79538280699262,255.77526345116974,1047.653723367434,2344.8522025494885,5692.695517160998
state,Lagos,hospitalizations,39,27.68026736842615,0.5669859059350166,3.806545700987283,14.381330938437545,31.95334474987866,86.12971360753474
state,Lagos,deaths,39,1.901170163265253,0.12761893968190574,0.12761893968190574,0.7651467377704113,2.097669717287783,5.9918571191002306
state,Lagos,cases,40,1323.9850217890087,131.3078860382023,248.55120086554913,767.0737086665715,1672.406177735427,3312.482924395433
state,Lagos,hospitalizations,40,32.415658086998796,4.233202513139251,8.355647484957778,18.152037107888045,40.91264298930153,77.98512674583529
state,Lagos,deaths,40,1.7319008096284474,0.15196472894442825,0.15196472894442825,0.7241245083703762,1.8598019081294552,6.120255370749109
state,Lagos,cases,41,2378.6357407174246,220.2710289915137,410.7223053130574,1336.2606156993374,2945.8268730189898,6396.97426752869
state,Lagos,hospitalizations,41,25.606337264936247,0.4880527893162024,3.6297887133709033,13.831313548139395,31.23352820568247,83.49522318146268
state,Lagos,deaths,41,2.3627712795528324,0.1555674969548062,0.19069736268391035,0.9917589144607765,2.335552408014365,8.244326052392802
state,Lagos,cases,42,1786.2305960985864,210.23946621919526,365.68861141772663,992.2874977354761,2223.3235678857895,5265.035065502995
state,Lagos,hospitalizations,42,21.515032254297708,2.0475248792220353,4.976750847495651,12.136784533338222,26.92922591560213,54.8604160310833
state,Lagos,deaths,42,1.622162102287284,0.17834630365640747,0.17834630365640747,0.6065090703760354,1.6867092830730568,4.981909381837309
state,Lagos,cases,43,1658.2548372543922,154.02763570890818,284.54443315890575,891.7913623047543,1934.1435557375887,4467.629601298818
state,Lagos,hospitalizations,43,31.35988299073673,0.7794525897426028,5.4803648370568085,19.05264845190523,42.833067266054385,86.68954014464813
state,Lagos,deaths,43,1.9182920338836302,0.12950790812384383,0.12950790812384383,0.6400305766214449,1.8333696520868936,7.085523290076604
state,Lagos,cases,44,1458.0443366447212,138.07112347080584,278.6318834781208,845.9190216374759,1838.1119741946763,3984.64777845311
state,Lagos,hospitalizations,44,25.294959265135432,1.9573842304906155,5.40754191572757,14.425287576812119,30.597142789103664,75.18909962666476
state,Lagos,deaths,44,1.7843870808780593,0.14160980802477308,0.14160980802477308,0.574648443462485,1.5824827196563234,7.220928483385704
state,Lagos,cases,45,1822.3032585144867,0.0,152.19969423626821,1151.3370561640227,2485.541208344107,5185.209029325693
state,Lagos,hospitalizations,45,33.1029566579696,4.406516877673744,8.173967780800748,17.978837651630457,39.72352793036297,88.62263119181758
state,Lagos,deaths,45,1.7664553161879717,0.1398177727439307,0.1398177727439307,0.7076550828062039,1.856115085731604,5.5172199915863125
state,Lagos,cases,46,1269.5236360521917,35.862350140049905,168.56159950765255,786.5349761718755,1623.7270250197155,3746.5728995057575
state,Lagos,hospitalizations,46,18.249279012828403,0.5579175309410614,2.8200958045455655,9.486012865648103,21.297032789757473,60.20465626438613
state,Lagos,deaths,46,2.7868645304226254,0.23677304084310147,0.35465848739993666,1.1995059531187227,2.585577224176972,9.076586126804939
state,Lagos,cases,47,1308.7435523778768,179.88547377531904,279.8388103692824,717.7709383461466,1611.3114046172925,3775.3350878098877
state,Lagos,hospitalizations,47,23.608187311260842,1.1178297319073955,4.035931205029516,13.060911942387701,28.177020419040787,66.62006743462234
state,Lagos,deaths,47,1.572521036947373,0.08890654105278639,0.08890654105278639,0.4576237368624035,1.404648237637878,6.209216314743493
state,Lagos,cases,48,2251.77461335011,349.78755552570277,539.0163293544476,1214.8028713658673,2772.6704769993166,5880.864741060527
state,Lagos,hospitalizations,48,34.23765314103628,1.843062618032889,6.204425609034888,18.485830178657256,40.81451798223566,111.65853226271047
state,Lagos,deaths,48,2.1771370016778366,0.10920507153844472,0.10920507153844472,0.8916620921815966,2.2232166695432922,7.117909075988684
state,Lagos,cases,49,1831.1770975130041,96.43145305955966,277.1788294198118,1071.0977057890582,2342.711235182588,4920.549071426467
state,Lagos,hospitalizations,49,32.12387049485486,4.3878506815024965,7.991799074603554,17.061029526295297,38.690984723981565,97.69698363756712
state,Lagos,deaths,49,1.4274405573413478,0.12730250433662935,0.12730250433662935,0.34978723289405106,1.2486888150117057,4.4771965826400875
state,Lagos,cases,50,1593.1687781225053,0.0,118.41333042193423,1012.8682556619235,2048.246801558955,4789.307637884116
state,Lagos,hospitalizations,50,27.482950228147477,2.5058041168166576,6.215309787823907,15.66213748720533,33.990905061567595,79.5594164141049
state,Lagos,deaths,50,1.5061779597069176,0.12280647377967202,0.12280647377967202,0.3738260423500936,1.1465654244025503,4.754815321074132
state,Lagos,cases,51,1514.837528643222,151.81435587449698,254.60805445141636,763.1623242422088,1703.854923881594,4833.340904683282
state,Lagos,hospitalizations,51,21.89013298615186,2.222001919654717,5.043774332960244,12.179181571440614,27.655662981844337,62.493997324045516
state,Lagos,deaths,51,2.238373472918192,0.20519367742039074,0.20519367742039074,0.9353393019946941,2.338363917337116,7.283173664786288
state,Lagos,cases,52,1374.0835253814357,226.33142171478582,342.4371530823641,789.875047257006,1793.1621292150762,3104.416442660151
state,Lagos,hospitalizations,52,14.806313238309839,0.6211816277600248,2.44872176873054,7.789702040598714,18.714313144292664,51.49734410158194
state,Lagos,deaths,52,1.087210849391767,0.08757074711784396,0.08757074711784396,0.14053128510620053,0.9070714833969189,3.8335370225662215
state,Katsina,cases,1,2171.6833529420146,34.65046196761693,256.9523268828085,1339.7211655966478,2800.1903506780923,6300.684293853915
state,Katsina,hospitalizations,1,26.665589299047216,2.5711521566110944,5.673670079869189,13.806693457235426,31.349597462021123,80.51977684109605
state,Katsina,deaths,1,4.885258048180797,0.3192677579789813,1.0523805369886272,2.408833974970599,4.493410103928219,14.725857180015662
state,Katsina,cases,2,6259.542705549127,283.9157605367538,784.5210535318809,3456.9555292531563,7748.511152761859,16208.310939280895
state,Katsina,hospitalizations,2,72.34989371854068,11.275452693090607,18.755737921029276,38.55637400174082,85.66442602254403,202.28442460609423
state,Katsina,deaths,2,2.5196330683044725,0.21589841923726838,0.29234282280309043,1.134350864089161,2.534069513681692,8.3526454722503
state,Katsina,cases,3,2813.6209226086066,0.0,248.33250922112347,1659.3933773780893,3499.3222842217615,8342.764672837055
state,Katsina,hospitalizations,3,55.81268314020289,5.10574819803393,12.59842207450636,33.607719725709195,72.02657287828879,152.6350418062113
state,Katsina,deaths,3,5.165058727988557,0.32607067778011567,1.3523779371315814,2.888218084761109,5.185450472713811,14.15275319147829
state,Katsina,cases,4,2161.834267371606,142.10941462460582,358.7559123248274,1254.0190203090494,2707.2933444402915,5510.457181810947
state,Katsina,hospitalizations,4,27.07328603979107,2.8168478700248447,5.7820365681405175,13.822924580575568,31.544781567482325,94.86500758039953
state,Katsina,deaths,4,3.0460518445184723,0.2917639831384542,0.5958823458265916,1.5832141730306748,3.1721851061776363,9.164915555915147
state,Katsina,cases,5,2844.712530012331,333.51302223089624,553.9753184201193,1464.035281170554,3266.7525081332387,7673.243433957583
state,Katsina,hospitalizations,5,25.589919452756817,2.590037316127382,5.6790900512989975,14.48778744993716,32.90634112670939,66.96800566915039
state,Katsina,deaths,5,3.2065042830201005,0.19616875849337,0.5130083347249476,1.5869889867395721,3.309805405067975,10.44748525450475
state,Katsina,cases,6,2802.723745853957,86.4977418946082,347.14693833499445,1543.1626625782835,3282.3637650172172,8647.779943546655
state,Katsina,hospitalizations,6,33.49493808265112,2.233607301422463,6.346913310430916,17.23197751690721,39.57938991223013,117.6515491036148
state,Katsina,deaths,6,3.54755517314683,0.3031531591471621,0.7539010461837432,1.8529160959399766,3.6429677375836675,9.84538050009035
state,Katsina,cases,7,2892.4051175664454,287.63017319341105,544.1024445188051,1657.135908642205,3429.494199068992,8128.809896912794
state,Katsina,hospitalizations,7,27.625132801265813,2.2259894176307857,5.823225274440131,15.404462917397256,34.44134129025157,76.44441112250082
state,Katsina,deaths,7,3.291632604156451,0.3358088870455864,0.6917335937842672,1.6923246232575238,3.301410655447296,10.55328457518083
state,Katsina,cases,8,3997.562921806357,65.27800019852559,424.4218355284602,2350.397391959155,4918.436922956205,11898.036253853681
state,Katsina,hospitalizations,8,45.249732358067355,3.0138799650523294,8.553161382806604,26.47077777027278,57.416948147859586,123.21613830853825
state,Katsina,deaths,8,4.3657233374758135,0.2540106748598612,0.7362735097195058,1.9155148867223706,3.8861522868921856,16.210646523118324
state,Katsina,cases,9,2770.2913940986905,346.13602962472976,581.3233849145813,1590.4853770605146,3519.0820242912573,7831.757678582832
state,Katsina,hospitalizations,9,41.93664069408089,5.353662644732439,10.71287770122636,22.654039193745295,52.08635770391638,106.25442429101683
state,Katsina,deaths,9,3.018650325694086,0.20143444583651826,0.41473484775848896,1.3913502635443664,2.9577033611794237,9.52571697187046
state,Katsina,cases,10,5504.15466640866,329.74359410473187,742.6248962600251,3009.1253794067634,6286.841888761985,16514.820978988453
state,Katsina,hospitalizations,10,48.19199272283876,6.9009582702043675,12.043859378560526,26.479906446790338,55.963798944153865,140.86554349885213
state,Katsina,deaths,10,4.437636579796651,0.2884369668912079,1.069106731660837,2.447496952899541,4.756268877997233,13.140444487024915
state,Katsina,cases,11,5399.2528055885405,432.5932825408082,851.4572674152446,3061.888294798322,6740.45849544034,14558.207104561578
state,Katsina,hospitalizations,11,63.61266579167949,5.439417840426464,13.784252922058418,37.66725107181856,83.21020405290975,164.79151641323048
state,Katsina,deaths,11,8.98340859910683,0.7230861974734689,2.2512337322017846,4.5929177090883755,8.734104001472312,26.99563704006081
state,Katsina,cases,12,5431.286707979135,683.455679376274,1162.5878761992485,3132.9118442834956,6885.123305772229,15726.807614542373
state,Katsina,hospitalizations,12,68.62964121047162,6.826000584923415,15.874349359667706,39.57351765133324,88.24065989223917,183.18766726168397
state,Katsina,deaths,12,7.302545695927187,0.343063299264039,1.7809728255468968,3.786144212562287,7.075206235304082,21.737216367676993
state,Katsina,cases,13,13536.063289150488,1222.9683898002422,2388.7714327009053,7404.226171748169,15873.332936633553,36392.199734200985
state,Katsina,hospitalizations,13,177.04778502928258,18.979543732318277,39.969383314340774,94.40031295369337,208.30834080800844,524.0841646169945
state,Katsina,deaths,13,10.55019539404599,1.4185441797581588,3.309798251564886,6.166825553809813,11.209581324685157,34.54668940112031
state,Katsina,cases,14,22381.636634223618,0.0,1388.1188279569133,12991.998765414239,27218.022144110415,74228.37484346709
state,Katsina,hospitalizations,14,384.82041059810797,27.18912127653486,75.16944954976701,216.9280536578954,444.80327421636156,1051.7708282867363
state,Katsina,deaths,14,26.462207554903188,4.437654428293544,9.341149974608369,16.3105096220129,26.859091936036602,70.44455551826672
state,Katsina,cases,15,40100.043427202516,1847.1650555493575,5809.053975004333,24842.048705470777,52512.98987986361,101970.55604214134
state,Katsina,hospitalizations,15,494.3833629469752,29.742854712949704,97.30443856421462,286.3946814773146,613.7127174944737,1502.6339791040934
state,Katsina,deaths,15,48.20920685438852,9.09840260578757,18.372765703049453,30.642221301079687,50.71433889776422,121.94476208285349
state,Katsina,cases,16,119284.90866717514,20677.152780286848,30276.408476608656,68992.61105228288,157211.02277290163,307896.9311962207
state,Katsina,hospitalizations,16,1170.734086241052,118.8151842400295,247.72559535066975,598.687229996321,1286.3713653510927,3801.9167471469227
state,Katsina,deaths,16,114.96793745267397,16.805051394322657,35.121783430576855,60.44074335455163,103.60374950104134,399.2975069923691
state,Katsina,cases,17,180734.2565531829,15961.113120983679,32484.379429929286,111547.87108725443,242431.5431173439,453326.68577571056
state,Katsina,hospitalizations,17,1761.7224165880814,221.9099113155964,478.6556447814133,1075.2061739363257,2369.427051335599,4891.8747755400345
state,Katsina,deaths,17,144.38087048757365,28.96047490974206,55.2405750599449,87.99086134178523,142.58442026540393,350.9127169670209
state,Katsina,cases,18,386835.6845208441,18949.49953231127,53224.62182934377,230502.01559173048,506825.3288043998,1131894.5688400166
state,Katsina,hospitalizations,18,3934.4270984131003,433.8379411380224,1004.1652305123439,2290.80155649414,4969.478451834956,10672.440204820203
state,Katsina,deaths,18,323.61376855385396,55.7994809776767,112.7850414222863,194.05870791728105,336.046440419404,941.1478951137908
state,Katsina,cases,19,431568.3999839964,24639.804318445877,62719.503491623735,240877.46206914674,517899.84210957657,1291121.6749373353
state,Katsina,hospitalizations,19,4808.3529983062035,471.42120646182394,1032.018285772643,2779.8721529131108,5807.829309754614,14143.150884450919
state,Katsina,deaths,19,486.02784109432,97.00132790041386,190.03027148775243,317.04660823014416,504.7402848445508,1226.6649719440313
state,Katsina,cases,20,318486.35516739765,30544.79387958222,54223.66137386473,159117.68207793587,357604.4828054054,1072470.0259550824
state,Katsina,hospitalizations,20,2278.0363685765415,417.0315313199488,680.4243252873521,1330.2424890564628,2891.734266326145,6207.3543113723545
state,Katsina,deaths,20,457.89269411257806,91.32699315447104,161.03875700304232,272.8526426493813,472.0175126916795,1308.3610216741336
state,Katsina,cases,21,129911.74240154737,21454.684236503257,30793.53121110038,65248.21258371892,153672.66803393947,367106.86412519927
state,Katsina,hospitalizations,21,1657.9405749667715,114.27475565307437,297.99958654707467,939.0665531750699,1971.7073050726144,5457.887944194026
state,Katsina,deaths,21,320.11555718537767,53.789804659617765,112.61315792146885,197.62754146680007,339.99808535907783,778.3336660372856
state,Katsina,cases,22,34397.603673404075,1905.8909340540704,5309.344774182919,20805.235561086276,43601.844825683744,94132.95571126307
state,Katsina,hospitalizations,22,276.6066316602142,32.761288417742854,63.97860148334793,156.04211497034885,347.7146805576849,748.1310629428416
state,Katsina,deaths,22,120.10856348043689,22.096539699705804,43.95770471641322,74.25545236204731,124.84071964213862,312.6632575467845
state,Katsina,cases,23,17009.15913784051,1608.480176661118,3124.57004333842,9846.425308287402,22214.947822276197,49265.722884529845
state,Katsina,hospitalizations,23,154.95518271125837,18.28995821780048,34.67075469152663,80.68745454782594,173.6874381652878,504.48725816982085
state,Katsina,deaths,23,32.36008300427013,5.876824290602208,12.541168871537993,21.636844278149262,37.355497437907275,89.16616553047304
state,Katsina,cases,24,12785.57658173994,931.5160733827867,2126.577610345972,7226.1954354319205,16236.7926241327,41090.18667561822
state,Katsina,hospitalizations,24,182.85281527775234,8.762898831482033,32.84910136844848,109.48698817922677,234.91054420069375,524.7879692070248
state,Katsina,deaths,24,19.081277528074324,2.7081666791296457,6.236812173409713,11.211438085525659,18.918471466887222,51.440655471763506
state,Katsina,cases,25,25606.84021215742,2775.978031977288,4664.847911697897,14224.000089255927,31844.76432767501,81895.71833188766
state,Katsina,hospitalizations,25,383.58936084141396,42.67775827365529,89.02137334767012,223.24877848613232,486.8581878320889,1035.827751949269
state,Katsina,deaths,25,36.81666439870884,6.962889810027318,13.277431194739151,22.492429728716797,36.57765192942331,107.7505120715079
state,Katsina,cases,26,43927.3132028762,1841.2875158093952,5949.209816695502,27420.79260208545,57919.28655819305,114285.85816604615
state,Katsina,hospitalizations,26,669.9956494236164,103.36730324456376,177.1339701996459,383.5295006576888,827.9792581529391,1656.8493932894016
state,Katsina,deaths,26,56.37174940232342,9.106305385615919,19.770517686946683,34.44261101055035,56.40013843915992,166.96386166392492
state,Katsina,cases,27,75585.18925641927,3658.3405539323835,10529.848744717383,45393.572418427575,96116.86201530442,192502.2783998741
state,Katsina,hospitalizations,27,1029.932917098362,155.26638442430078,272.27507365320747,560.0629019765173,1223.8582553951046,2772.985056836453
state,Katsina,deaths,27,96.03548236967022,17.246971729182906,32.60081658011502,56.14003409102122,93.3990610462584,262.42005724256427
state,Katsina,cases,28,81619.23670776852,4443.876344480757,11194.103320246044,50422.029598230234,107739.75749945529,203778.99331475075
state,Katsina,hospitalizations,28,1104.4452234089702,55.444448605478506,192.40618210133994,618.8703934504894,1310.6060156885096,2987.942477299195
state,Katsina,deaths,28,92.59756845723327,16.45745227098121,34.49635397795265,60.225099222140244,101.83853245358029,233.41491142378953
state,Katsina,cases,29,81388.78292770889,2261.2876687838734,9124.384096270032,49579.77823161469,102223.68110495809,240631.63339849823
state,Katsina,hospitalizations,29,929.4344707708865,74.73400142816699,192.66793205657527,541.9362679085165,1160.3273288341002,2267.054410779217
state,Katsina,deaths,29,131.2678317341334,22.566151874815912,43.318845038087126,76.89126977205949,134.20381455846984,330.08696929974025
state,Katsina,cases,30,88574.19061193941,0.0,7083.258669892228,59537.95457897012,125282.30975714544,243172.3688421161
state,Katsina,hospitalizations,30,1322.6739224224816,77.39784710719968,242.446363845581,728.003735180335,1521.8872684490748,4453.534307993519
state,Katsina,deaths,30,160.08144602125492,32.15940551628598,63.648450695150146,106.80227106134386,178.50117643715822,360.0902183000805
state,Katsina,cases,31,60763.058977303735,1409.1401696787823,7202.4380790249015,37852.6203772798,79836.53679493174,153935.21296110764
state,Katsina,hospitalizations,31,717.1769634936337,26.04669176600198,121.07944915418068,445.9751189702032,911.0968312711714,2152.380927420114
state,Katsina,deaths,31,114.38195713528712,22.074599085651286,41.02813440392584,69.92125427177659,113.68168655531262,278.1552658562353
state,Katsina,cases,32,52504.87279209157,1445.831817907338,5482.080662129019,26915.49814765255,58159.29752194226,175710.2981439315
state,Katsina,hospitalizations,32,553.3836598402739,59.18968188313538,120.79055025160602,294.79244986849886,667.3551678016531,1669.3080988190418
state,Katsina,deaths,32,141.84364850630416,24.270533436282108,49.7353082785191,83.93529079450028,145.03549186725755,358.54059036648874
state,Katsina,cases,33,8942.450530383054,558.7546315810389,1396.9917818526883,5565.45718525642,12191.639233782365,24554.125933619664
state,Katsina,hospitalizations,33,166.03145968409402,13.953237475737623,35.482323768371735,94.80084124354305,202.8121423166442,444.40444636802476
state,Katsina,deaths,33,52.471405175533405,9.297454384849539,18.369214738474284,31.708009380961393,54.596679227960905,138.83761568995843
state,Katsina,cases,34,3536.842020975629,251.37378440407872,551.9418896873169,2009.7830763967204,4414.365145269659,9817.144907209728
state,Katsina,hospitalizations,34,36.135409657929266,3.1883254441882296,7.234354706112944,19.515266819250918,44.66776973196903,112.06164194470455
state,Katsina,deaths,34,16.955666438513035,2.3752588334575537,5.694237707045188,10.352471623517093,18.01624959841049,43.08888734715625
state,Katsina,cases,35,2436.458763090602,335.7627237311327,521.2740727743015,1406.4175117389302,3167.8898056890707,6863.3536486078065
state,Katsina,hospitalizations,35,28.853730521551547,2.808686140486733,6.392306944595205,15.721871180710439,35.224891570647344,79.45154598889825
state,Katsina,deaths,35,4.403683528375132,0.26184734816347444,0.8634489617323955,2.1200456657378854,4.282462200830375,11.884091184953016
state,Katsina,cases,36,1813.6264951134074,0.0,147.53561939181753,1018.4454659225112,2147.9429649918325,5534.27953845079
state,Katsina,hospitalizations,36,33.92653589057289,3.10175522517757,6.782017368845846,17.74629629665957,39.25150289077671,92.57231648712036
state,Katsina,deaths,36,2.5229085511289466,0.19996426506368392,0.20917052026744745,0.9875048574598552,2.4175743792112816,8.73310281253737
state,Katsina,cases,37,2167.2302435111046,295.9537976044271,512.1071969919003,1337.3017798510955,3000.7748461540996,5433.480215450764
state,Katsina,hospitalizations,37,29.3039327803533,5.3008513540285005,8.456744096558968,15.861652220681702,37.14381504880018,75.3447791267978
state,Katsina,deaths,37,3.6188572864322404,0.20294387150185544,0.5028904492200532,1.5327014303086224,3.5322122600046484,15.137421441355801
state,Katsina,cases,38,2049.4326993630584,196.02900896646804,391.8561811498333,1217.3760651421428,2714.4208757139604,5622.054925685267
state,Katsina,hospitalizations,38,23.000286118489495,1.9125462718549457,5.1224072895497965,13.008247477509512,29.89860200976667,64.74454281809545
state,Katsina,deaths,38,3.1258396661137087,0.2247428316661899,0.5420241356158069,1.5912903058256678,3.162747448596647,9.166933564175592
state,Katsina,cases,39,1596.540255627717,90.92823130631598,206.432808168635,846.1422975522233,1894.0684866727966,4598.583441597638
state,Katsina,hospitalizations,39,22.292297278032834,0.27228721093827524,2.9025919767335058,11.488606672251027,25.75590056305803,69.74346992893668
state,Katsina,deaths,39,3.3823028795388885,0.19792279805236568,0.5911624309015812,1.7375464972779346,3.804141606377925,9.84359365501668
state,Katsina,cases,40,1823.6974420221043,181.20723800129423,342.6683663473315,1056.7494148545177,2303.5241431144686,4562.148803119861
state,Katsina,hospitalizations,40,17.01967660974269,1.8206497552715972,4.042611044116361,9.322778192833802,21.59054295982933,41.57228300765511
state,Katsina,deaths,40,5.100712485787628,0.35111251316516157,1.3956184716321063,2.9835670642030743,5.607534801612096,15.451256649927547
state,Katsina,cases,41,1796.2405277106163,166.11686335316392,309.95684125503294,1008.9776757939928,2224.6165486654536,4831.125544300967
state,Katsina,hospitalizations,41,33.9023954491661,0.9523488930715029,5.074356322975775,18.458918928415343,41.290900943824425,109.85907478051452
state,Katsina,deaths,41,3.054019534518641,0.18926255094948652,0.44859578434851516,1.4231628097528528,3.0580144948266286,10.246595623974933
state,Katsina,cases,42,1995.4103046166947,234.96319804636428,408.6063059898264,1108.5431111434773,2483.6611855362444,5881.37840835571
state,Katsina,hospitalizations,42,18.803186155534124,1.6801056252634319,4.256174831051815,10.552972172834641,23.561989959788903,48.12570730929686
state,Katsina,deaths,42,3.4916664170641014,0.31816046460084957,0.7667612908964916,1.865928038525706,3.792948641070574,9.671413026827597
state,Katsina,cases,43,2029.0012460725648,188.66724495769364,348.3469129075026,1091.2780137621542,2366.5349568224983,5466.106953796127
state,Katsina,hospitalizations,43,14.334564847182675,0.0,2.0663633117042823,8.488463545109946,19.740824426351175,40.49272386365978
state,Katsina,deaths,43,5.480768031432476,0.299098859034443,1.2216499350009113,2.787654988450551,5.5436747642592685,17.673537591586456
state,Katsina,cases,44,2237.9957450515612,212.4134281530725,428.1127977152912,1298.6507633278854,2821.233554851826,6115.2284058840605
state,Katsina,hospitalizations,44,23.791511863181203,1.7881943966013196,5.040971031503711,13.542817921395548,28.78949287850076,70.83037580001071
state,Katsina,deaths,44,1.8152943524694687,0.14338015395118597,0.14338015395118597,0.5943340323090459,1.614767826362881,7.323703054263921
state,Katsina,cases,45,1144.2191788734501,0.0,95.22227357784982,722.7644436881618,1560.756696739169,3256.37480443062
state,Katsina,hospitalizations,45,18.275888687729488,2.0550967919728618,4.183995568852466,9.724499217658574,22.011917349530346,49.64366194304728
state,Katsina,deaths,45,3.3282657316485373,0.2252295219664231,0.6281057547015406,1.7508258101663245,3.6008559771478903,9.498453196957541
state,Katsina,cases,46,1898.4112801012802,54.108918363519976,252.4932338647265,1176.3584848872542,2427.9538959030447,5601.591484144685
state,Katsina,hospitalizations,46,23.082128897840644,0.9493349898469505,3.7798720204849743,12.120560862195251,26.899028879008988,75.58195997425811
state,Katsina,deaths,46,3.3160611052473046,0.2713221149056806,0.5523254018595766,1.5204499837600265,3.1087718101572084,10.54692548281143
state,Katsina,cases,47,2158.408594166313,297.2306314248415,462.0263226612967,1184.0565239918424,2657.2601588547054,6225.142841675743
state,Katsina,hospitalizations,47,27.499307775485494,1.4528554848122273,4.832580065947362,15.285249215141162,32.79261962710614,77.31708602041631
state,Katsina,deaths,47,2.758325663478072,0.1343515502431083,0.2738030112582583,1.2026951718023113,2.633795834259173,9.894242160974738
state,Katsina,cases,48,1751.5687747222128,271.8987235262029,419.11116028127276,944.8461294557723,2156.8049754959657,4574.856111496485
state,Katsina,hospitalizations,48,29.23508447262219,1.4393647458994985,5.181440300915644,15.718958942694385,34.877106745971226,95.6616950971631
state,Katsina,deaths,48,3.7012536565912804,0.16473462849538145,0.6388956261842884,1.8535510998189109,3.862186280702269,11.245775007999493
state,Katsina,cases,49,1018.2736047127414,53.20275645571615,153.75556269248128,595.4259899530933,1302.8459890921526,2736.9405451370367
state,Katsina,hospitalizations,49,30.906383623554824,4.189793220188651,7.661260423360994,16.397105845378643,37.23194360792632,94.0688812319638
state,Katsina,deaths,49,2.027865449467175,0.16401661567467063,0.16401661567467063,0.7390666033932836,1.897211889629594,6.056823049560481
state,Katsina,cases,50,1639.899307152919,0.0,121.91396018136169,1042.590041122298,2108.32095167773,4929.736628640349
state,Katsina,hospitalizations,50,22.258017857712243,1.8623815975480862,4.891079270004694,12.604124511810767,27.56900140237386,64.77429410469429
state,Katsina,deaths,50,3.037719190522624,0.20762012619751657,0.38674847615858055,1.3226294795981315,2.629044712294756,8.729254870947928
state,Katsina,cases,51,2054.192731645885,206.18774113312926,345.55680818834026,1035.0614676072305,2310.4650362353123,6553.463853719484
state,Katsina,hospitalizations,51,30.639676910995274,3.454199724538259,7.355109227224736,17.21932711059382,38.614515864059626,86.77615670101918
state,Katsina,deaths,51,1.5330165355886132,0.155505511358685,0.155505511358685,0.4666920130909378,1.529970682299897,5.277382288814053
state,Katsina,cases,52,1725.817184683992,284.4806987283502,430.28520330215224,992.1735762468172,2252.0922228730824,3898.7532730226562
state,Katsina,hospitalizations,52,23.97238782327582,1.5628798316862829,4.451985955694089,12.895389449674122,30.16579579233572,81.99155511707711
state,Katsina,deaths,52,3.157728300367963,0.1899556615785527,0.45713726726139126,1.4740039561594553,3.136758417953904,9.484753791702031
state,Kaduna,cases,1,2713.0151089142746,43.533048067942,321.2231280689808,1673.7721296699588,3498.128416555087,7870.797280554423
state,Kaduna,hospitalizations,1,54.277047516156564,6.135489716488165,12.334605230411425,28.585132267104843,63.637464297190164,161.8839948091288
state,Kaduna,deaths,1,5.608358103127248,0.35905650710086645,1.3081584921627178,2.8336599601776395,5.178026420440888,16.685692366703794
state,Kaduna,cases,2,1485.1259784565032,66.63312407120084,185.46649372423354,819.847309050504,1838.574084278438,3846.756037783769
state,Kaduna,hospitalizations,2,57.96266493108168,8.867681701045086,14.880744967043812,30.79758153574046,68.66561577607482,162.41116266303627
state,Kaduna,deaths,2,1.652228842184905,0.15750422094270733,0.15750422094270733,0.5570714748833522,1.578207230401631,5.823028830244628
state,Kaduna,cases,3,1995.6051947877277,0.0,175.86718886077057,1176.8211753344158,2481.9981635806816,5917.755668125563
state,Kaduna,hospitalizations,3,25.555833596324657,1.853652401408567,5.3555142710892785,15.174660221714515,33.13053540725264,70.80463258081504
state,Kaduna,deaths,3,2.5679863465794215,0.18575324742297505,0.34008321129388497,1.2150079266562062,2.52367627749518,7.6320951392446545
state,Kaduna,cases,4,2275.071610542352,149.6020506251007,377.5912915844409,1319.726791649873,2849.0887411001227,5799.015014319327
state,Kaduna,hospitalizations,4,27.786180571227785,2.913814558223246,5.954333617341163,14.199499690440703,32.37157891288414,97.30044976089329
state,Kaduna,deaths,4,4.410838534499833,0.3935155882335555,1.1524403845675595,2.4841005181610596,4.627219160555738,12.709892089155414
state,Kaduna,cases,5,2144.260911017695,251.17505396275112,417.37214568582016,1103.4274109948099,2462.4187918299285,5784.283751212946
state,Kaduna,hospitalizations,5,24.54721509635566,2.4491956161380584,5.417060909434401,13.88018197917412,31.57615252302797,64.30153492793443
state,Kaduna,deaths,5,4.059476504020917,0.2371865514989362,0.8293699366746337,2.1279139514522796,4.210961671524753,12.841090557458289
state,Kaduna,cases,6,1594.0236387188077,48.77678821871654,197.05809890921773,877.4621884641425,1866.8802359622941,4919.223976965637
state,Kaduna,hospitalizations,6,38.84182515121675,2.734990524060079,7.486080416592075,20.05891560504864,45.8713800614087,136.0489271755734
state,Kaduna,deaths,6,2.7251671586913355,0.24626639665598726,0.4247810972841076,1.3175657112909982,2.7717137361899624,7.810242267090576
state,Kaduna,cases,7,1755.3089380432245,174.19971534263038,329.87945052879485,1005.4953915917898,2081.32424389909,4933.828413709794
state,Kaduna,hospitalizations,7,28.408846081536463,2.314330694991148,6.010074131775891,15.853686712309138,35.41187558395828,78.56516767724726
state,Kaduna,deaths,7,2.9343628288609205,0.30653796389883037,0.5442729221978053,1.4576470129452286,2.926476383082007,9.546237656714936
state,Kaduna,cases,8,2292.7636620113162,37.01994339046278,243.04046675232553,1347.8638079451023,2821.0029687605056,6824.804692620281
state,Kaduna,hospitalizations,8,37.500176142650105,2.3413039430700873,6.95240915898702,21.867703788401165,47.62845448494116,102.40216357662003
state,Kaduna,deaths,8,3.563411740574601,0.2148782362131858,0.46878626088466424,1.4663557815348605,3.133400243338861,13.559204533496796
state,Kaduna,cases,9,3080.745454910175,385.0239611791176,646.5581920291244,1768.7716081954488,3913.419393922553,8709.222759969276
state,Kaduna,hospitalizations,9,47.46048875894195,6.1710789024478725,12.219771786255041,25.69719670441915,58.91606432770982,120.05300237574887
state,Kaduna,deaths,9,8.098753398577234,0.6257265439064509,2.249566082782534,4.492796562394016,8.09062120621388,23.17697770218335
state,Kaduna,cases,10,6018.967916441739,360.6730154185951,812.1648302930962,3290.616654602081,6874.848170361778,18059.29468765147
state,Kaduna,hospitalizations,10,53.64102243260271,7.7761526660183025,13.488736346326863,29.52387393747047,62.27371679148686,156.5800839866204
state,Kaduna,deaths,10,5.635190743439477,0.39517775731334037,1.5304964460998882,3.2162536391972276,6.039858174389744,16.29361949925484
state,Kaduna,cases,11,8238.156279797833,660.5325143717823,1299.5925650027352,4672.0433253590245,10284.431459842628,22211.956867554
state,Kaduna,hospitalizations,11,77.09065645179996,6.78265933102995,16.868199704920016,45.733113119343244,100.77617706772561,199.37508423798485
state,Kaduna,deaths,11,20.233570841089055,2.668193449589367,5.921391568822089,10.906487403040238,19.7224552017063,58.59853462816316
state,Kaduna,cases,12,13998.483118949815,1762.9027989857389,2997.6688306306105,8075.36789418372,17745.14856623203,40530.95072978503
state,Kaduna,hospitalizations,12,225.3454254009994,24.440019520258,53.85353245802252,130.89253819427768,289.0950626087245,597.7397777039506
state,Kaduna,deaths,12,25.982083768402074,3.373527877444726,8.055911352510623,14.585516446307652,25.295960589177493,73.0410743812441
state,Kaduna,cases,13,52724.693529042794,4766.2512738834685,9306.953540117996,28841.717013650246,61828.15714560821,141747.37294767078
state,Kaduna,hospitalizations,13,401.3300090722001,44.14726206652892,91.57746372879761,214.5736381097785,471.9686844591941,1185.5192070728644
state,Kaduna,deaths,13,91.7956424676721,18.44062729084002,33.642816206799644,56.60803776758658,97.14247839547005,284.72971536105445
state,Kaduna,cases,14,111183.18933218319,0.0,6899.378406988941,64541.07251280488,135208.13321635424,368729.71261116886
state,Kaduna,hospitalizations,14,922.4443653078698,66.46943523657106,181.30826328315388,520.601314147483,1066.010739459612,2518.761170319622
state,Kaduna,deaths,14,232.59369297600932,45.252946242296126,86.96231172218626,146.24401514146575,235.97075617235723,606.7107747959932
state,Kaduna,cases,15,139283.31026910705,6418.295100438171,20179.259822053777,86287.21346671974,182397.6428744942,354180.3043807389
state,Kaduna,hospitalizations,15,1200.7789564903057,73.5809457038777,237.4826673861097,696.2080938799162,1490.2686617754807,3646.7563713961385
state,Kaduna,deaths,15,237.17220250020043,47.87619500698572,92.76404479894903,152.1481204640634,249.29702333078464,594.0517523637942
state,Kaduna,cases,16,369477.2239419676,64047.865863763574,93780.76546163339,213700.99682232132,486950.22169480426,953687.3446241481
state,Kaduna,hospitalizations,16,2653.536613327596,270.43854320912783,562.482113632246,1357.5776220584853,2915.5102085892413,8614.420393822558
state,Kaduna,deaths,16,445.8040341686134,67.59972649603601,138.17086836810483,235.7203607836443,402.01981989894125,1541.2757782927636
state,Kaduna,cases,17,362752.5292715395,32036.539214516815,65200.36835872034,223888.61315497634,486585.08344196045,909872.486046973
state,Kaduna,hospitalizations,17,4211.077042419542,531.6497871386674,1145.1512661541503,2570.626295489876,5663.205135024455,11690.66813761683
state,Kaduna,deaths,17,368.20522584487907,75.08679098132536,141.8270043164149,224.99872286933703,363.643010693939,892.7077739990523
state,Kaduna,cases,18,210074.43064554853,10290.253324365205,28903.69228310809,125175.9074181917,275235.9736898419,614685.911856746
state,Kaduna,hospitalizations,18,3557.047466758976,392.14005728646464,907.7769923474857,2071.033992368036,4492.844714151289,9648.932760202171
state,Kaduna,deaths,18,212.79033660739435,36.40808719063385,73.93872615117114,127.46548995632195,220.97848313890614,619.497758082338
state,Kaduna,cases,19,71848.86811897256,4101.3263469395715,10441.028216359515,40101.67069962589,86221.76457501319,214951.66542746694
state,Kaduna,hospitalizations,19,2312.8623836835436,226.28996172071336,496.0028513083569,1336.9253863721153,2793.727614673603,6803.994079702937
state,Kaduna,deaths,19,84.20256972433516,16.144738491234126,32.41958847634292,54.64032695221047,87.476198373078,213.77254798238113
state,Kaduna,cases,20,23662.18511483096,2268.5116880609316,4027.8199172126274,11821.305558282234,26568.609751869517,79682.16482809509
state,Kaduna,hospitalizations,20,839.6901177989927,153.2033212609782,250.36356058009258,490.06825164133625,1066.070778092866,2289.1355104856975
state,Kaduna,deaths,20,23.601186092466108,3.949370380860024,7.686406835760732,13.680410483870002,24.357035759058537,69.19087741419354
state,Kaduna,cases,21,9820.772729117878,1621.1107369691135,2327.154123021216,4932.026005796584,11617.16627051114,27753.398389689028
state,Kaduna,hospitalizations,21,139.019251111076,8.729513643898324,24.236406187534065,78.34426148614772,165.50204575480282,459.7454982892551
state,Kaduna,deaths,21,11.608295066735778,1.1499789232544835,3.45823628050959,6.7942425672896265,12.380932838632715,29.581436940178794
state,Kaduna,cases,22,5719.006070522336,316.08925810400524,882.0359695204174,3458.7856018832376,7249.54247733286,15652.158576521397
state,Kaduna,hospitalizations,22,61.39019869451711,6.587619503067342,13.603497881851686,34.29414516436954,77.37124811311591,167.36210138684925
state,Kaduna,deaths,22,12.515957384221537,1.5769070106770362,4.0159818732132,7.396335784702057,13.040191166757381,33.99576377557552
state,Kaduna,cases,23,8911.70334467193,842.3089448175447,1636.6847714080445,5158.691909426926,11639.346857201432,25812.96695208808
state,Kaduna,hospitalizations,23,139.85887245372137,16.42270899242532,31.217860272873217,72.78018826424506,156.77786376839205,455.5565823955399
state,Kaduna,deaths,23,14.438408307123158,2.181982431294337,5.265648157872367,9.47431746823198,16.747511617791858,40.72087907018748
state,Kaduna,cases,24,24394.619079055083,1778.1554108259113,4058.2235624074856,13787.828129686213,30979.223753458165,78397.22733133138
state,Kaduna,hospitalizations,24,155.21296241607513,7.295103321177575,27.76008427690222,92.8759069833856,199.44275501346362,445.7387816762127
state,Kaduna,deaths,24,21.28732111603504,3.1156145658070558,7.031982423693397,12.553212895499218,21.107083740090744,57.20275736653681
state,Kaduna,cases,25,40613.21491806793,4403.306715407178,7399.067646890073,22559.950320218446,50506.606495462736,129887.77202680479
state,Kaduna,hospitalizations,25,237.98914309635717,26.141962532070753,54.94052531678926,138.35128962890042,302.16181916069644,643.2990919841255
state,Kaduna,deaths,25,49.36377368338815,9.604945076699215,18.014626256148247,30.287124766881934,49.045767846872586,143.83350078874184
state,Kaduna,cases,26,38742.829360491196,1623.857966591213,5246.957086274591,24184.43131045234,51083.44704407685,100797.55091793333
state,Kaduna,hospitalizations,26,580.4662165037305,89.44180986336215,153.36595717386584,332.2225984975596,717.3704293944613,1435.6462958098955
state,Kaduna,deaths,26,55.85917071531422,9.016012222185502,19.5849468302901,34.12595469092922,55.887306114857495,165.46321549967877
state,Kaduna,cases,27,82898.48116553691,4012.3976648066155,11548.75415312535,49785.69469372907,105416.6831243232,211127.80766657196
state,Kaduna,hospitalizations,27,813.7997076024717,122.50542137638185,214.9834518955735,442.43708586175944,967.0689517213111,2191.4241390657976
state,Kaduna,deaths,27,109.55312697606254,19.788888077249368,37.28161875600583,64.09999528023864,106.54943580854535,299.1161052143265
state,Kaduna,cases,28,113730.45544732426,6192.589768012973,15598.506488458665,70259.57329572274,150127.37287930155,283950.58463456266
state,Kaduna,hospitalizations,28,1221.9619449326362,61.44490200499165,212.96665902243527,684.7671025429178,1450.039227813052,3305.688694898345
state,Kaduna,deaths,28,144.07471797733538,26.05876879667667,54.018774819221115,93.89791400772175,158.39806277898282,362.33932307255554
state,Kaduna,cases,29,53946.912716966945,1498.5209701336414,6047.613976770093,32862.820856972256,67756.9845822652,159498.46810853394
state,Kaduna,hospitalizations,29,926.4989189237198,74.49505812289384,192.05690325922768,540.223285840223,1156.663302304108,2259.8986233227165
state,Kaduna,deaths,29,80.53625514040564,13.527309828476396,26.320268346253055,47.0159261861239,82.34613620910059,203.09793710650735
state,Kaduna,cases,30,39182.689008700254,0.0,3132.9143921932355,26337.6749899706,55421.47761479492,107573.34982593777
state,Kaduna,hospitalizations,30,920.2548532994767,53.563586932012946,168.43458688103442,506.3743750116531,1058.904001522592,3099.281180215199
state,Kaduna,deaths,30,107.11124293612976,21.255229475130285,42.389381776629634,71.3524515308958,119.47380857605431,241.3489065733183
state,Kaduna,cases,31,33331.99571984702,772.5524185318716,3950.548269874281,20764.14109920215,43795.01475462991,84442.89600136683
state,Kaduna,hospitalizations,31,460.244614914117,16.370310816413262,77.40359902242135,286.06271402387665,584.7797911447827,1381.974906470529
state,Kaduna,deaths,31,46.83855854010441,8.566968584646911,16.425301303011903,28.40468907317925,46.5482190800557,114.74067435676878
state,Kaduna,cases,32,16852.935439522586,463.4202094184719,1759.0203685369543,8638.957700560384,18667.940799247783,56400.771699507626
state,Kaduna,hospitalizations,32,587.4422871854955,62.887442285878556,128.27276746988417,312.9644948824228,708.4156485542212,1771.9236793463838
state,Kaduna,deaths,32,24.69009530377109,3.5445788030738044,8.124089412332381,14.274514214385539,25.262595623863405,63.65872791898545
state,Kaduna,cases,33,4232.326464605283,263.9562937605035,660.7305160675674,2633.8470954430113,5770.308213059771,11622.012643625472
state,Kaduna,hospitalizations,33,157.58067079380456,13.196693448805064,33.63653725021043,89.95389392959093,192.5004717412142,421.8696558910015
state,Kaduna,deaths,33,4.845219730613218,0.2840453843220616,1.1081991081084466,2.5600305503338725,5.051296923739471,14.220314331690048
state,Kaduna,cases,34,2454.1258334122704,174.13766699950088,382.7203328182415,1394.405856728557,3063.093017107148,6812.41367278699
state,Kaduna,hospitalizations,34,38.63433962872234,3.4702115375639213,7.788549959205503,20.896002030804993,47.74133919892346,119.6710087389343
state,Kaduna,deaths,34,3.0290215950219808,0.21186235231095574,0.4800645129092583,1.509978151223065,3.204403463236973,8.747845898496347
state,Kaduna,cases,35,1816.2612932686754,250.07537084087718,388.3844159755517,1048.308159088064,2361.5838819158685,5116.758042850188
state,Kaduna,hospitalizations,35,28.301151415506567,2.7381617277903416,6.255425593255397,15.412236807936003,34.55412503626343,77.96184643842315
state,Kaduna,deaths,35,4.26986966276317,0.25525549376123413,0.8165377200188548,2.0415003342646556,4.149479293203315,11.559741697390592
state,Kaduna,cases,36,1566.903962039344,0.0,127.3396091696942,879.8340598842187,1855.756657993968,4781.661664040644
state,Kaduna,hospitalizations,36,24.76411199767563,2.0255684915982513,4.740231988424179,12.827788421207588,28.690625646862596,68.0215375874933
state,Kaduna,deaths,36,2.4258899595146715,0.1940102105528424,0.1940102105528424,0.9283257223373387,2.315814076478194,8.443293907496175
state,Kaduna,cases,37,1485.4768281456702,202.58305603838443,350.7716630721511,916.5015387633919,2056.9312393009477,3724.724672211119
state,Kaduna,hospitalizations,37,24.285969259925444,4.257089042722839,6.890194987391411,13.068449190580292,30.825132965958062,62.697947986025255
state,Kaduna,deaths,37,3.300644706308212,0.18846884509690986,0.3956963823324408,1.3520558172715922,3.2089509974156676,13.986415501916895
state,Kaduna,cases,38,1894.107151573304,181.10355505730237,362.0963155572468,1125.0809462675195,2508.72076415652,5196.094060519952
state,Kaduna,hospitalizations,38,30.453078086068853,2.817306876765001,7.024287090165271,17.359804252403052,39.4970204504897,85.16759082404232
state,Kaduna,deaths,38,2.517282772180181,0.1902431424032005,0.3053120094920598,1.193508050977308,2.523734883024833,7.606233958670521
state,Kaduna,cases,39,1352.7585513768547,76.90015231570794,174.77894322548045,716.8699413078257,1604.884521683025,3896.6954695814743
state,Kaduna,hospitalizations,39,19.97634480036755,0.14557069931974986,2.5139039216225636,10.244773786973127,23.091082151449072,62.6976035144074
state,Kaduna,deaths,39,3.6454944720244895,0.210232972229506,0.6901277186868631,1.9078132605367877,4.102944071420444,10.518031000855299
state,Kaduna,cases,40,999.1934424240442,98.8754535486899,187.3790914992807,578.7969592662707,1262.2066460819087,2500.253854243264
state,Kaduna,hospitalizations,40,30.145591324409658,3.8775972893093034,7.719914946496018,16.850622835184023,38.06460591179611,72.61794983931033
state,Kaduna,deaths,40,1.9688022532258977,0.16667676009176247,0.16667676009176247,0.8910406977073304,2.1366654608752498,6.809582555544347
state,Kaduna,cases,41,1229.652589493228,113.43254114436029,211.92633679845335,690.5777954492913,1522.981195952163,3307.776828789533
state,Kaduna,hospitalizations,41,19.095223044510536,0.12346364196242886,2.495440031956394,10.197480125376615,23.33596257555863,62.79297283364251
state,Kaduna,deaths,41,2.5459185197870697,0.16453044609265466,0.2592988386297931,1.1065131799379324,2.5277287119652243,8.776933607590248
state,Kaduna,cases,42,1676.0594685252318,197.2179287454273,343.08464644734954,931.0577919163638,2086.208505007554,4940.418296814194
state,Kaduna,hospitalizations,42,27.137889576871302,2.8091650082608344,6.470465736504661,15.419941411020805,33.90932290360218,68.82110090166462
state,Kaduna,deaths,42,3.403453002301829,0.3116884841221299,0.7308220531298381,1.8076296879056115,3.6954510777594667,9.454336474350772
state,Kaduna,cases,43,1549.203209958478,143.83871501371814,265.7775238197741,833.1142087361234,1806.9596240917529,4173.936722505894
state,Kaduna,hospitalizations,43,13.470822612266206,0.0,1.8928577443506827,7.951573071491136,18.56723599482401,38.1449203377269
state,Kaduna,deaths,43,2.526258128905867,0.15951167043157732,0.18482261480439793,1.0199848845182993,2.4897909533240834,8.958738002935014
state,Kaduna,cases,44,1042.7818973259684,98.48972589375015,199.04511895836868,604.8751753350399,1314.6774866994729,2850.282100058494
state,Kaduna,hospitalizations,44,17.247342764103387,1.0515738733037476,3.4449907627405394,9.700712019261248,20.919327204371747,51.85331699989185
state,Kaduna,deaths,44,2.423398529079605,0.17788623858769792,0.18984509351442527,0.9780288711111924,2.2440418049082203,9.326898016499822
state,Kaduna,cases,45,1098.3115444498528,0.0,91.36478941545715,693.74922948652,1498.1469547410393,3125.7889093789595
state,Kaduna,hospitalizations,45,16.68473051561096,1.8026142171707424,3.7555742656631073,8.83819368945003,20.11014187753589,45.458314297635546
state,Kaduna,deaths,45,2.7053237140337654,0.1916491132753646,0.3853646781419022,1.340693718525741,2.914895172842855,7.933195028757272
state,Kaduna,cases,46,1914.7860308848776,54.58401595868327,254.67861563913806,1186.508569509212,2448.894066550059,5649.891792331414
state,Kaduna,hospitalizations,46,14.545427271729828,0.2577862156809211,2.0841580187081807,7.465892563580072,17.001530849069958,48.41363804946239
state,Kaduna,deaths,46,3.7024624553193344,0.2964371885357471,0.6960172154777902,1.753756756210329,3.489102424110719,11.615772686079474
state,Kaduna,cases,47,1539.1641000823608,211.7082911989463,329.2462171738291,844.2228632188426,1894.9621057393683,4439.69812106861
state,Kaduna,hospitalizations,47,19.72363634761892,0.783318406892187,3.240505588560025,10.839990111937201,23.56850840633104,55.93947398823561
state,Kaduna,deaths,47,2.699953999350365,0.13217797017448962,0.25319504036690915,1.1670593022197937,2.575007184746131,9.717991811939285
state,Kaduna,cases,48,1247.8471733570984,193.46243959383466,298.3632219061976,672.9919609653093,1536.6107820539871,3259.668027956259
state,Kaduna,hospitalizations,48,22.916785810792945,0.929439480144719,3.889270856600162,12.224024617547759,27.377349597022977,75.45551615504955
state,Kaduna,deaths,48,1.5343785224730737,0.08485768407092248,0.08485768407092248,0.4699140060613032,1.5045970666293431,5.308012567385331
state,Kaduna,cases,49,1309.6498214243386,68.69760200793758,197.9952600633379,765.9252265593411,1675.5741222337238,3519.6307375209612
state,Kaduna,hospitalizations,49,18.162636037935197,2.116220842283609,4.200669681159779,9.446124061338287,21.956440547298133,56.08428381985936
state,Kaduna,deaths,49,1.942519458315199,0.15886931171502572,0.15886931171502572,0.6844897888619561,1.8062892098140286,5.835360040607992
state,Kaduna,cases,50,1450.2946008837764,0.0,107.71048568482047,921.9967048401185,1864.575763596819,4359.959266892988
state,Kaduna,hospitalizations,50,15.912864838633741,1.0807583409832136,3.2824172496621995,8.889280861074607,19.76773691267134,46.81347504394949
state,Kaduna,deaths,50,3.6634023049751656,0.24120969217336818,0.611101867541875,1.6983932245262126,3.216165233919786,10.303290367259514
state,Kaduna,cases,51,2022.107744542238,202.953194854364,340.14647827125293,1018.8868196946999,2274.379210932325,6451.137738518839
state,Kaduna,hospitalizations,51,18.466964655215147,1.7397763366454688,4.139224095572304,10.206700277092494,23.366871686084593,52.99107627039933
state,Kaduna,deaths,51,2.6032804632542503,0.22998224746983587,0.3270324469658228,1.169139360846664,2.7416573757700964,8.283828427655067
state,Kaduna,cases,52,1905.642578167309,314.20977453095963,475.1979086395942,1095.599596516879,2486.722268905719,4304.861500939946
state,Kaduna,hospitalizations,52,13.752983033658296,0.5128787392349321,2.2183302303136156,7.202506809681219,17.397300280184897,47.990263890000165
state,Kaduna,deaths,52,1.5010167079079706,0.10908520952214423,0.10908520952214423,0.42073806947135994,1.3756025749113325,5.021044883060478
state,Bauchi,cases,1,1397.6630439926582,21.949741377057318,165.0550484576629,862.0800924021582,1802.247154394985,4055.6662197864775
state,Bauchi,hospitalizations,1,19.75421549304607,1.6786119984503476,4.005715793023114,10.106047855873063,23.26444354839215,60.14549108564761
state,Bauchi,deaths,1,2.8127284688062684,0.20416395615123473,0.3124473721113401,1.1798663122085566,2.512901981329999,9.056302697351185
state,Bauchi,cases,2,3618.7535942788895,163.73403924077203,453.1765461243423,1998.3382632665848,4479.651656232914,9370.981596619697
state,Bauchi,hospitalizations,2,41.876156800841954,6.1754936807572856,10.54801995129943,22.12228467492071,49.658827565784506,117.82788689157182
state,Bauchi,deaths,2,2.2053048380370672,0.1952277164132855,0.1952277164132855,0.930002297807105,2.1957080706721004,7.457197715578706
state,Bauchi,cases,3,2023.9158278881232,0.0,178.37513464647094,1193.522473478038,2517.206643007325,6001.682587697675
state,Bauchi,hospitalizations,3,24.557167873260113,1.7462684491906235,5.116354014405522,14.56600201949877,31.846191251834135,68.10259878360868
state,Bauchi,deaths,3,7.129462443299228,0.5319289190258472,2.108172784067486,4.137462581505879,7.1727721183822055,19.021177009878645
state,Bauchi,cases,4,2093.908403885082,137.6149275952141,347.4574363585013,1214.6039565047845,2622.236820798526,5337.364636630187
state,Bauchi,hospitalizations,4,30.996221715272522,3.350401920683491,6.7300919284456935,15.895009117841193,36.09419003867139,108.26589880078006
state,Bauchi,deaths,4,3.6046512343018087,0.3336588409542376,0.8250376488558777,1.9541420350741547,3.7712758504299693,10.624512067258438
state,Bauchi,cases,5,2449.2133441108317,287.02216042722824,476.8444472180197,1260.4236180425792,2812.5979007848,6606.671530249874
state,Bauchi,hospitalizations,5,26.439953237528155,2.7048508156622653,5.892694990460316,14.983104607001676,33.990704696885416,69.14170022999129
state,Bauchi,deaths,5,5.445352107028202,0.303189665301832,1.3384380577585349,2.9983345516029534,5.661042605939463,16.6927215603409
state,Bauchi,cases,6,1750.6162889660998,53.66371101378756,216.50279739106782,963.7067423423498,2050.2626282427605,5402.2755271025435
state,Bauchi,hospitalizations,6,29.896291116426575,1.8961439131579183,5.580180053138587,15.329265055529486,35.344472948916355,105.26892188548322
state,Bauchi,deaths,6,3.4610176297496835,0.297181493741949,0.7193518096488949,1.796717900935092,3.5515081931934755,9.631742668569958
state,Bauchi,cases,7,2079.0960264539626,206.4989336022508,390.87925049623436,1191.0494278340805,2465.214395258431,5843.596444419635
state,Bauchi,hospitalizations,7,26.859754496731302,2.1397148848537673,5.640747746966719,14.96574871519888,33.49351265073523,74.37326967694342
state,Bauchi,deaths,7,4.929027632408518,0.4679062727129253,1.357212065633573,2.751406314719255,4.993459687458431,15.098008515274163
state,Bauchi,cases,8,2705.779230986073,43.86592091165647,286.98307688432635,1590.7440040965525,3329.140729263319,8053.878208322889
state,Bauchi,hospitalizations,8,24.396903509028604,1.2040515907597433,4.245712558891872,14.084410089774034,31.07718432380701,67.20801309971341
state,Bauchi,deaths,8,3.6846112791112993,0.22080462783977017,0.5092957268554886,1.534378446414538,3.247400381385143,13.960750773626193
state,Bauchi,cases,9,2057.0441584894456,256.79363349942724,431.45082174587674,1180.8848030760796,2613.118552427595,5815.840921022494
state,Bauchi,hospitalizations,9,30.97785674851647,3.731935814631486,7.723249657074853,16.616515304660748,38.536445564317255,78.87850157595459
state,Bauchi,deaths,9,2.895882572906251,0.19501749464665785,0.3696666647724047,1.3151707508731438,2.8316256727921756,9.19040683280123
state,Bauchi,cases,10,4920.874691598362,294.70076024145953,663.8366017602635,2690.197589244428,5620.634583181825,14764.942278393075
state,Bauchi,hospitalizations,10,57.6546235938913,8.420796103564234,14.552991853202668,31.765974294094818,66.92142380514309,168.15497003244377
state,Bauchi,deaths,10,7.264045703716281,0.7397628875465412,2.155485945010132,4.257596437090392,7.778583174218237,20.56484880757574
state,Bauchi,cases,11,4397.965725068007,352.19864776383866,693.399028424025,2493.983311630615,5490.491958991471,11858.71385836873
state,Bauchi,hospitalizations,11,73.83336498102251,6.458031635339148,16.122887305953217,43.783797059227,96.53092304433734,191.01710541567147
state,Bauchi,deaths,11,7.70790908982391,0.5021447542707357,1.8343467105105034,3.8757700050605663,7.485955772135746,23.405917349844234
state,Bauchi,cases,12,7923.341698644801,997.448898691018,1696.382414271245,4570.590131841751,10044.124086287506,22941.920432589977
state,Bauchi,hospitalizations,12,110.82522215844463,11.568559004574688,26.10020952456474,64.16108005490587,142.32052333647601,294.80544222718095
state,Bauchi,deaths,12,11.859489164737507,1.0834083875150313,3.3139456743183153,6.424440085417345,11.526552107235208,34.27079275795882
state,Bauchi,cases,13,11062.928010119595,999.3571573950761,1952.175406458662,6051.338495642565,12973.193373266377,29743.393840561883
state,Bauchi,hospitalizations,13,127.29300130052572,13.396335397335344,28.520643269805436,67.74105438506766,149.81791236592113,377.35137012805006
state,Bauchi,deaths,13,15.164117257834558,2.385831629823619,5.033485499432172,9.03316989146086,16.092756453246395,48.76345121876751
state,Bauchi,cases,14,21012.44008944643,0.0,1303.1428636441447,12197.183680350816,25552.964693446997,69687.5734514542
state,Bauchi,hospitalizations,14,256.80525510309093,17.83597498266905,49.8964373911638,144.61955750422223,296.8858133943054,702.4616222890031
state,Bauchi,deaths,14,20.20427806865208,3.1983490995458697,6.984280401906796,12.365241105817237,20.509677579957994,54.16150194592281
state,Bauchi,cases,15,31750.21660214178,1462.3406241208916,4599.286096975088,19669.235777141337,41578.54101292965,80738.06603375921
state,Bauchi,hospitalizations,15,432.460245454362,25.89997788317431,85.01631982085752,250.47015941317972,536.8732280884121,1314.678753972442
state,Bauchi,deaths,15,54.31595218730274,10.351590310382369,20.77687977245123,34.56894557902189,57.1319651489482,137.2019141494846
state,Bauchi,cases,16,87639.65251034114,15191.463406799317,22244.14081219645,50689.35529198815,115504.38041111603,226214.95373776456
state,Bauchi,hospitalizations,16,1422.6625912299965,144.57602929438735,301.2028032982487,727.6228896207641,1563.1624455516524,4619.562270953123
state,Bauchi,deaths,16,108.43488016421468,15.802003281730782,33.08686166084557,56.97947720635767,97.71089408695903,376.7467347439982
state,Bauchi,cases,17,146768.96884785336,12961.378731143235,26379.45402911432,90584.67014937638,196871.5830234909,368133.53881695756
state,Bauchi,hospitalizations,17,1394.1233382570106,175.4241588344548,378.6279993173994,850.7735611152176,1875.0969224837645,3871.512045167962
state,Bauchi,deaths,17,146.60800453332493,29.41944859365652,56.102141640531215,89.35413958045814,144.78403394043607,356.3037755737107
state,Bauchi,cases,18,328317.3439571619,16082.781246985665,45172.967935691006,195632.89731372416,430155.6715327996,960668.1735283814
state,Bauchi,hospitalizations,18,3996.172066651475,440.6603403828817,1019.9357920499547,2326.7588263852404,5047.462880580142,10839.901374843288
state,Bauchi,deaths,18,292.3797167351475,50.33428478456432,101.83674463311989,175.29033029140248,303.61612782893934,850.495251795652
state,Bauchi,cases,19,329230.0291279794,18796.712161151252,47846.544098040824,183757.77415685926,395089.6322772091,984956.7998571879
state,Bauchi,hospitalizations,19,4135.26296258642,405.30378758153745,887.442848054767,2390.6769041144357,4994.858182667482,12163.614961969442
state,Bauchi,deaths,19,465.0098160937739,92.77201247715311,181.7862273424136,303.3210857875259,482.9147113275176,1173.6842367675024
state,Bauchi,cases,20,347196.99123790726,33298.401384974226,59111.844510470946,173461.732160419,389841.4953808298,1169149.9249299688
state,Bauchi,hospitalizations,20,3969.5063156753463,727.2888760103394,1186.168236765844,2318.272646708768,5038.682487029479,10815.110854189881
state,Bauchi,deaths,20,508.89959457860317,101.58933511496913,179.0497100126036,303.291947230134,524.5944168309122,1453.8992883832586
state,Bauchi,cases,21,85776.64631456633,14165.571037252423,20331.743022882903,43081.177897612666,101465.30192544017,242389.76126109192
state,Bauchi,hospitalizations,21,1164.585623005981,79.99301440465531,209.07962830192596,659.4986794488384,1385.0407707717736,3834.4606556540944
state,Bauchi,deaths,21,243.10179758093486,40.64946078523402,85.36509647979152,149.99031746112922,258.2158609112642,591.4245790596161
state,Bauchi,cases,22,23904.934725986597,1324.2285072931118,3689.520602214272,14458.671501183582,30301.589377371827,65419.103155881174
state,Bauchi,hospitalizations,22,305.67889430230446,36.29692817586408,70.78346402262542,172.48829849623627,384.2337100912959,826.5835656261335
state,Bauchi,deaths,22,161.88621639084957,30.06393020683328,59.46633044290475,100.2155998367184,168.2507788164847,420.86464585452114
state,Bauchi,cases,23,12106.350078089912,1144.5824595569402,2223.692338362992,7008.118763036701,15811.683198390367,35065.65965495324
state,Bauchi,hospitalizations,23,172.57615407508536,20.4694805360463,38.701100692333966,89.91710804408807,193.4249184594173,561.600951643419
state,Bauchi,deaths,23,30.86438593954659,5.568493096223851,11.93403328176496,20.621892472156944,35.635779754823915,85.1234504143519
state,Bauchi,cases,24,17557.055305031747,1279.4966743536222,2920.5110948108427,9923.118183189215,22296.137869827162,56423.90181697347
state,Bauchi,hospitalizations,24,174.43212048076617,8.3157236503667,31.29869320625211,104.42629464928741,224.10500968160372,500.70502679239735
state,Bauchi,deaths,24,17.080599956406573,2.3386031990137517,5.515576661855497,9.994421174849498,16.93335583675062,46.21431242608026
state,Bauchi,cases,25,21379.756083724536,2317.58249113018,3894.65677141358,11875.880466277995,26587.98656617444,68377.033610202
state,Bauchi,hospitalizations,25,323.050738860428,35.8023957016886,74.85101283800695,187.94953879637973,410.06390951695323,872.6195883190358
state,Bauchi,deaths,25,26.645254463430057,4.821027180406633,9.437079632359886,16.173422620070674,26.46999374292266,78.49873748776838
state,Bauchi,cases,26,35221.29859625477,1476.1701986468356,4769.955967237782,21986.15155895695,46440.24245897603,91635.69597234017
state,Bauchi,hospitalizations,26,602.1110839246963,92.80847318487997,159.1121735188657,344.62668795527105,744.1115061106275,1489.1249291698903
state,Bauchi,deaths,26,52.41834949980952,8.409895268397998,18.339252936365238,32.00031464738118,52.444782291340104,155.38972768255587
state,Bauchi,cases,27,43832.008410685274,2121.07941202554,6105.919261260062,26323.6577155353,55738.479041216735,111633.11489559352
state,Bauchi,hospitalizations,27,852.3373221825597,128.34686226442446,225.1988299169038,463.41034756768437,1012.8557479121946,2295.119311853735
state,Bauchi,deaths,27,86.3739449357991,15.430174449352066,29.25528215013531,50.45076904218143,84.00002432537966,236.19209730739527
state,Bauchi,cases,28,67617.23247528254,3681.3549043479693,9273.576033409632,41771.92593610249,89256.7601779464,168820.4023596735
state,Bauchi,hospitalizations,28,870.5085262582876,43.49954211482136,151.47711260040663,487.6919681310117,1033.040876918392,2355.41546570879
state,Bauchi,deaths,28,74.81581850527031,13.140869840501137,27.752724831959164,48.59349999261898,82.30117587842588,188.88055643299774
state,Bauchi,cases,29,53295.93030059947,1480.4264414153686,5974.6261216561,32466.25731292501,66939.35760515906,157573.80832469283
state,Bauchi,hospitalizations,29,946.3749819164448,76.11289777777097,196.1940629820809,551.8215614856252,1181.4717287631522,2308.349098617582
state,Bauchi,deaths,29,80.89582380869224,13.591374157158384,26.440748646575656,47.227672759541605,82.71368631490242,203.99799344732224
state,Bauchi,cases,30,63820.127391765105,0.0,5103.422689663528,42898.617988732505,90269.41483936235,175212.76890357185
state,Bauchi,hospitalizations,30,1059.0223968184694,61.78243636007601,193.95632098580282,582.7995850528139,1218.5561044455476,3566.272916601495
state,Bauchi,deaths,30,95.2793921138241,18.819584966617064,37.64078506725276,63.43409456919289,106.28898068623901,214.82589165230385
state,Bauchi,cases,31,67958.90045265686,1576.1327685222964,8055.488627679899,42335.348107728845,89291.11304297266,172164.75411683947
state,Bauchi,hospitalizations,31,600.8215555154911,21.664607301488168,101.30022949200443,373.55654956403424,763.3195951853261,1803.4917845309544
state,Bauchi,deaths,31,119.26924756266773,23.05198125203907,42.808340807533064,72.92530079435268,118.53931527659066,289.97958304104776
state,Bauchi,cases,32,32326.88986411794,889.8147782638409,3374.9343855886373,16571.495871510553,35808.3123882935,108184.49824327794
state,Bauchi,hospitalizations,32,315.7246681579149,33.38693886911998,68.5801020259571,167.98904551986416,380.8376768077826,953.262934936356
state,Bauchi,deaths,32,80.14324883538362,13.355088267943685,27.8205166098238,47.24803558234261,81.95639588665048,203.2393336742668
state,Bauchi,cases,33,9054.474948121839,565.7660418291538,1414.5028364345505,5635.181869524214,12344.36257156682,24861.70009540651
state,Bauchi,hospitalizations,33,111.69564103619729,9.088905922763782,23.614517955734925,63.636549522869075,136.51146085159996,299.5130871678366
state,Bauchi,deaths,33,36.14899894993034,6.154059000362816,12.456578669929861,21.72358003742081,37.62526684325681,96.15086037068576
state,Bauchi,cases,34,2551.84598030596,181.10858405511388,397.99336150735706,1449.9464988578075,3185.0515805553932,7083.604573021563
state,Bauchi,hospitalizations,34,59.55551691298846,5.829976825913264,12.427908735492647,32.454610636177186,73.47124468164274,183.3716312574423
state,Bauchi,deaths,34,8.62279527653309,0.8066784521549791,2.5832318692231047,5.076649783891941,9.178848522575418,22.599506491180424
state,Bauchi,cases,35,2194.582168938726,302.344714004431,469.4471964187397,1266.7551061860752,2853.4310402530546,6182.182542568657
state,Bauchi,hospitalizations,35,28.578855798425565,2.7736050180769247,6.324217736073265,15.567849035494612,34.891230615505066,78.71052128148183
state,Bauchi,deaths,35,7.554787611067822,0.7050270957677383,1.9614594625166242,3.9584877021227225,7.395077080883347,19.475856618114104
state,Bauchi,cases,36,2269.575834856565,0.0,184.85834549830946,1274.602770553696,2687.9104827445635,6925.1359739803
state,Bauchi,hospitalizations,36,17.52415325419516,1.1748207325697524,3.126158628651753,8.939606730946698,20.34203486025003,48.6136416531188
state,Bauchi,deaths,36,4.364194869754776,0.3097750349338173,0.8731888922128076,2.078947063139898,4.294342078430505,14.078055385585856
state,Bauchi,cases,37,1872.2307888180624,255.55162692882698,442.2961869459506,1155.2185825281545,2592.3671388191133,4694.089781756775
state,Bauchi,hospitalizations,37,16.02676685873413,2.538591451726386,4.310957510504091,8.469593084740723,20.421768310978955,41.87563181907178
state,Bauchi,deaths,37,4.670591412069865,0.25056199938114676,0.8555240570739003,2.1269667298517954,4.5956366510734,18.923856538655507
state,Bauchi,cases,38,1028.581983668987,97.9340044933175,196.26453173055305,610.782111353146,1362.491916892577,2822.4996673946484
state,Bauchi,hospitalizations,38,20.74948539938287,1.6392593046971284,4.547936031862152,11.693840387974568,26.999357004025484,58.57567027946566
state,Bauchi,deaths,38,2.1196957317599967,0.16740543259778207,0.16740543259778207,0.9301887024254555,2.100728651771599,6.57309987991833
state,Bauchi,cases,39,1948.230541261639,111.16575947629326,252.09807594369227,1032.6363251982762,2311.2580848854086,5611.158122375817
state,Bauchi,hospitalizations,39,20.72306829908288,0.18642991059366665,2.6392347657294044,10.645842519057588,23.950341746712578,64.96951378688777
state,Bauchi,deaths,39,2.5755340238666062,0.16004402196602463,0.28664326469025425,1.2136305471360855,2.884717437026204,7.768329662836385
state,Bauchi,cases,40,2376.033826337187,236.3614157383693,446.6968691008623,1376.930434379979,3001.1041930783026,5943.415117722605
state,Bauchi,hospitalizations,40,18.332417475984858,2.026474868392039,4.410574484681037,10.076039736662985,23.23899330410522,44.678817220018715
state,Bauchi,deaths,40,3.3503723042134106,0.24903625308048705,0.6991586047661791,1.8254550275663708,3.6865766595972977,10.668508415238993
state,Bauchi,cases,41,2212.4777276343425,204.82078427507105,381.9738044302387,1242.886422718074,2740.0647516394165,5950.235855485533
state,Bauchi,hospitalizations,41,17.99674849577577,0.06192076130783655,2.3039612509019216,9.584086725493636,22.002848459123015,59.29841976840499
state,Bauchi,deaths,41,2.4937974759963555,0.16198679208938216,0.23982997673663725,1.0739463158082492,2.473189740767171,8.625781423290737
state,Bauchi,cases,42,1566.0360843745013,184.2138536191601,320.5109942024856,869.9101973227897,1949.2773183329032,4616.236850822939
state,Bauchi,hospitalizations,42,32.09096906803592,3.4798744680601086,7.785849036444115,18.311128852320383,40.056080278474674,81.11504793908307
state,Bauchi,deaths,42,1.682259098698686,0.18302439632905332,0.18302439632905332,0.648648425981319,1.7571827089472918,5.138817183534826
state,Bauchi,cases,43,2003.5885846122285,186.2928870623228,343.97359794175645,1077.6042825573045,2336.896864496376,5397.666730691302
state,Bauchi,hospitalizations,43,24.07409807628303,0.3784645476056231,4.020056861826827,14.53391483194751,32.95557127363999,66.92927385759782
state,Bauchi,deaths,43,2.889072538888392,0.17687879837530907,0.3138223668994119,1.239914472359223,2.8697483935494716,10.043014009744608
state,Bauchi,cases,44,1441.1978107586879,136.46537015494832,275.4031770945936,836.1402624434952,1816.8770831756449,3938.6283965974953
state,Bauchi,hospitalizations,44,19.351452865997942,1.2884666040569965,3.958248420025332,10.93631017355281,23.45032515930076,57.9562249947714
state,Bauchi,deaths,44,2.709301349538321,0.19361090781386425,0.2950242275184729,1.1528813496670134,2.530806451476927,10.239768268471325
state,Bauchi,cases,45,1188.6412190510896,0.0,98.95492760365534,750.8407108975573,1621.340355851061,3382.7348739365316
state,Bauchi,hospitalizations,45,22.244697411457697,2.684652549755148,5.252247896328286,11.93446855465251,26.75392261203844,60.07966811319427
state,Bauchi,deaths,45,1.3045078643348251,0.11330514575660755,0.11330514575660755,0.38384487366802117,1.3145307619736273,4.281406981263898
state,Bauchi,cases,46,1710.257912201703,48.64982992961321,227.38219880618658,1059.7293751483712,2187.341767895922,5046.598875339539
state,Bauchi,hospitalizations,46,25.72136397507259,1.163058653238026,4.303933694891564,13.559089564454933,29.957858012088533,83.97835008709968
state,Bauchi,deaths,46,4.761902574717726,0.3647360004830049,1.0867777723141305,2.388219374648692,4.523386832861071,14.522433252224914
state,Bauchi,cases,47,1468.0004287314655,201.88005086554074,313.9871072760083,805.1691272869688,1807.3586976483912,4234.514542488008
state,Bauchi,hospitalizations,47,17.144872536043923,0.5611876220904364,2.7123066810050966,9.365196667622927,20.50824612640682,48.84707254476735
state,Bauchi,deaths,47,2.315942071244953,0.1177643123105876,0.1177643123105876,0.9307472200191945,2.185162111819846,8.549223167955283
state,Bauchi,cases,48,1462.062059749342,226.8186022163371,349.71302670117984,788.6018725923306,1800.3573204777088,3818.9707561626583
state,Bauchi,hospitalizations,48,18.467783175481962,0.5702482363874193,2.9790669874864224,9.76219365641399,22.094522329735057,61.222288203386256
state,Bauchi,deaths,48,5.905270363939298,0.24340781065312012,1.4215916222476335,3.2163364930476503,6.184246131993778,17.09405412615733
state,Bauchi,cases,49,2001.6477061169753,105.49676312955151,303.0614090633317,1170.8488418248046,2560.7770485751635,5378.464528459498
state,Bauchi,hospitalizations,49,19.512663444796146,2.3359910629932275,4.567444817298309,10.182832756489043,23.575434277565897,60.11012996141443
state,Bauchi,deaths,49,2.834207852964268,0.21159668958495348,0.34788929499827576,1.2435576708622182,2.7376728104655186,8.103958096755127
state,Bauchi,cases,50,1319.6308775121556,0.0,97.92233802197939,838.8913081308808,1696.601801055199,3967.3042898952654
state,Bauchi,hospitalizations,50,17.64100527588023,1.2937047902613084,3.7206832076455365,9.901357662018516,21.89312348351418,51.70674378050285
state,Bauchi,deaths,50,2.6528692730410977,0.18686269635365027,0.2481042380871436,1.09041779877973,2.2662203445643914,7.756544136610597
state,Bauchi,cases,51,1964.3049359249217,197.1259879145153,330.39948152963956,989.7473322852067,2209.368679774925,6266.79180643575
state,Bauchi,hospitalizations,51,21.566397596999767,2.176401238486181,4.958237380070585,11.992657890856988,27.250102158513688,61.59537292831583
state,Bauchi,deaths,51,4.314805227585911,0.34413778580150867,0.9857272159472847,2.2458279930261975,4.598891647905527,12.892012074859645
state,Bauchi,cases,52,1704.7206265116622,280.9929756380213,425.01618382456763,980.0399559004658,2224.566152615585,3851.1099136029316
state,Bauchi,hospitalizations,52,18.08172298418689,0.9577786168004363,3.164760825376359,9.614659337651075,22.8074871179808,62.3970777616691
state,Bauchi,deaths,52,1.666624856065839,0.11744638122337153,0.11744638122337153,0.5296349125297118,1.5576879475271266,5.482546403831226
state,Oyo,cases,1,1634.872105120767,25.842051711594483,193.21823211165787,1008.4597621333426,2108.080558765806,4743.68285542601
state,Oyo,hospitalizations,1,26.395826913582976,2.536320396177935,5.608577452269544,13.662274183933137,31.03407088138514,79.72466164774387
state,Oyo,deaths,1,2.3076215096173742,0.17540353509878992,0.17540353509878992,0.8727902045594778,2.0180421539460767,7.6396789932512545
state,Oyo,cases,2,568.9858074294242,24.939789971731276,70.51675677260938,313.8251258246649,704.5443030161891,1474.7559236432342
state,Oyo,hospitalizations,2,15.666639839358727,1.787695738667676,3.4864322150569027,7.983060584304574,18.681070601421496,45.16490636886171
state,Oyo,deaths,2,1.6052893950333422,0.1542751665860585,0.1542751665860585,0.5251493562284187,1.5253504165343967,5.68314730301967
state,Oyo,cases,3,1041.3912565306714,0.0,91.33651741229565,613.9015324173489,1295.2913282160375,3088.9868388772525
state,Oyo,hospitalizations,3,14.393404479819882,0.6528549596792326,2.6811572702747157,8.368473663923147,18.76863919955341,40.58973357461582
state,Oyo,deaths,3,1.3594360896468778,0.11763424873111883,0.11763424873111883,0.4027253735831491,1.2314819117587192,4.466553294588555
state,Oyo,cases,4,925.3114840657097,60.29174863027901,153.07839522165673,536.5069873689162,1158.9239317687097,2359.4795607627307
state,Oyo,hospitalizations,4,16.833073982760958,1.4234234766293579,3.3061047226080698,8.411489439488557,19.663592151996802,59.86737482573012
state,Oyo,deaths,4,2.3702578461356025,0.2407486655540707,0.3168402110713236,1.1315357649966604,2.4426730330185515,7.3875666531296815
state,Oyo,cases,5,813.0143304937773,94.6872456233494,157.75035074690655,418.07244704954223,933.7386083709279,2194.2126453588708
state,Oyo,hospitalizations,5,17.355756460672307,1.4776677060762577,3.6095804218352465,9.688911402368518,22.400493934551715,45.90818447383698
state,Oyo,deaths,5,1.533450809705396,0.1132432246595445,0.1132432246595445,0.49340280922977897,1.4879408192896684,5.608341483215933
state,Oyo,cases,6,1009.2454833938492,30.52708885038331,124.44391683955703,555.390969737126,1182.0579727704398,3115.3187509003587
state,Oyo,hospitalizations,6,19.237115961557326,0.896447646069442,3.3088214352168936,9.692699397950925,22.799021125456292,68.5868205459143
state,Oyo,deaths,6,1.3463387469004429,0.1475143644621904,0.1475143644621904,0.388229322565776,1.2592686711723533,4.2773634829410945
state,Oyo,cases,7,1008.1337394449289,99.66562895840823,189.11553718426046,577.308540286045,1195.4544536930475,2834.436148377382
state,Oyo,hospitalizations,7,16.840403025410474,1.0098778521789336,3.2510521840447946,9.220419978557077,21.080905325196586,47.249943362947796
state,Oyo,deaths,7,1.4778548801755491,0.18393517965824124,0.18393517965824124,0.47468763448762935,1.3560446796220977,5.328169253275883
state,Oyo,cases,8,1404.3289849568575,22.293612319802765,148.51584657799043,825.4060335862383,1727.951630583651,4180.953840585392
state,Oyo,hospitalizations,8,35.40125659934404,2.159140872352687,6.518855284007531,20.62098956744835,44.977301299194394,96.76482678928389
state,Oyo,deaths,8,1.9791679157278805,0.13590774390184657,0.13590774390184657,0.5599385765393272,1.614322937564471,8.20851118300302
state,Oyo,cases,9,1996.9347992940636,249.26424689691936,418.82021726082,1146.3654571900286,2536.767911262288,5645.948268883892
state,Oyo,hospitalizations,9,50.52573835683423,6.624667945503617,13.055956092063735,27.385862534228213,62.70590831796284,127.70991373505596
state,Oyo,deaths,9,3.2011730218462398,0.21096689942515945,0.4816841434486418,1.5045157914497675,3.144993193617866,10.023823976880713
state,Oyo,cases,10,3605.869403445089,215.69665615393697,486.20831279755635,1971.1745664860869,4118.669544644066,10819.83899303148
state,Oyo,hospitalizations,10,119.85859977888155,18.41167048930984,31.047138018735716,66.51470780877288,138.9529597685888,347.5459725273729
state,Oyo,deaths,10,8.423392085757234,0.9846737610003616,2.5996917758710976,4.99772174088473,9.014366790637794,23.60058775520382
state,Oyo,cases,11,11679.071413978048,936.8080410340858,1842.7584533951317,6623.644309107115,14579.931577800598,31488.744060906556
state,Oyo,hospitalizations,11,347.11984389003027,33.69426784803248,78.65453454360434,207.33124963730404,452.7073765593125,892.2508217219773
state,Oyo,deaths,11,14.756013892498554,1.7214965968783795,4.135100931582726,7.833630339691229,14.374350367677998,43.21719066851319
state,Oyo,cases,12,47449.01796194573,5977.593551193811,10162.724522282455,27373.139344299405,60148.01129337086,137378.48564384392
state,Oyo,hospitalizations,12,1024.5842004571182,114.2701983398784,247.54452493812698,596.6127111497652,1313.4374900223306,2711.9245272375074
state,Oyo,deaths,12,44.458814157259155,6.368716033987779,14.257805839025515,25.25917752306334,43.30461445596031,123.74772477854198
state,Oyo,cases,13,121381.5583256663,10973.936830115283,21427.323419845066,66399.31729979305,142339.11486865737,326325.293601269
state,Oyo,hospitalizations,13,3662.093501696254,410.05221724985023,841.8899116188541,1961.7330178973543,4305.237356103827,10801.899855989679
state,Oyo,deaths,13,94.43986196305573,18.99458957094205,34.629966115492,58.249583561171846,99.93905642216973,292.8716071964533
state,Oyo,cases,14,146530.29459363734,0.0,9093.113387342622,85059.9765242812,178193.1679065688,485954.8001174736
state,Oyo,hospitalizations,14,3318.963692754855,241.56585861717082,654.4339792711564,1874.2590736590046,3835.112978613931,9058.035838164018
state,Oyo,deaths,14,179.0924413219694,34.659378902684765,66.81581840054031,112.5199063769201,181.69603711165252,467.52342482515627
state,Oyo,cases,15,224150.45687385398,10329.627888934714,32475.269070326285,138863.3784992529,293534.7352327472,569986.0785696047
state,Oyo,hospitalizations,15,5273.9566108120325,326.35762532145117,1045.7703102856194,3059.250628540377,6544.615146440057,16010.071624549826
state,Oyo,deaths,15,244.55648614253965,49.391551054001994,95.6711023605797,156.89632008150966,257.0572245453078,612.500718595786
state,Oyo,cases,16,140470.79781866798,24349.716099422134,35653.85688562105,81246.28805610405,185132.81609252773,362581.4409860355
state,Oyo,hospitalizations,16,4561.479718742441,465.53447613374647,967.4838033175685,2334.052685225186,5011.746333723872,14806.73729693684
state,Oyo,deaths,16,227.39251100856305,34.06607503686445,70.13987711632556,120.0041840979139,205.01136429802636,787.3640494146508
state,Oyo,cases,17,92221.16040973496,8143.844480238566,16575.023571120346,56918.0432410541,123702.88216606066,231314.45749890525
state,Oyo,hospitalizations,17,1827.9425835701168,230.28396466078564,496.67486130262887,1115.6359953730466,2458.4768493531496,5075.6853299468885
state,Oyo,deaths,17,90.5707240932476,17.871137395598115,34.42412536386615,55.05247501558741,89.43919800532524,220.65847681484763
state,Oyo,cases,18,38734.64878727808,1896.5962089136137,5328.713764443165,23080.27275401069,50749.731846251554,113340.64234851678
state,Oyo,hospitalizations,18,805.768570040165,88.14244253504097,205.060408539021,468.82282184674784,1017.9556794532729,2187.0715551621447
state,Oyo,deaths,18,38.866808084860224,5.975631809219768,12.974116324595235,22.955460581547513,40.39319286910242,114.70663521957451
state,Oyo,cases,19,8028.762843452456,457.46575492617615,1165.9750147364862,4480.774398708161,9635.040994689673,24021.573460572286
state,Oyo,hospitalizations,19,253.01530391868226,23.951842041807694,53.56086378074325,145.87715485430243,305.80458328775865,746.0507544051867
state,Oyo,deaths,19,12.690141696170006,1.7536533510935204,4.367592036886403,7.936512670999899,13.21035265522466,33.49508120388986
state,Oyo,cases,20,2092.6558706696032,199.80037603576864,355.459302947185,1045.0062462780718,2349.8086155120836,7049.155126044906
state,Oyo,hospitalizations,20,36.3572573315762,5.852037392136634,10.1693606987909,20.82065856184049,46.41537868159325,100.76236168318444
state,Oyo,deaths,20,3.1885701938391167,0.1962036113238146,0.46089406124082505,1.4689753655298379,3.264587608143689,10.804816180785968
state,Oyo,cases,21,2276.703793924354,375.17321044363126,538.9071659564163,1142.9861579793974,2693.293802414617,6435.3430364123615
state,Oyo,hospitalizations,21,41.737063252400866,1.969652627585001,6.70268306192389,23.217540899785675,49.819933634001956,139.62923695067988
state,Oyo,deaths,21,3.850930161269914,0.18053896900122113,0.7022587245351521,1.9760238301670885,4.109152641047969,10.676706788248238
state,Oyo,cases,22,2014.053363079852,110.70471114137263,310.07732407121375,1217.8188069829998,2553.232703723657,5513.319746104142
state,Oyo,hospitalizations,22,59.815516415624415,6.396113622008011,13.23491644108735,33.403347152792065,75.39321601575585,163.1127669875615
state,Oyo,deaths,22,2.6317478131784546,0.18990990620725,0.3225032945154451,1.2137603400095904,2.7018074512635035,8.226909916569333
state,Oyo,cases,23,4152.654228030196,392.0136153663275,762.222561312577,2403.610058937536,5423.8384658799005,12029.277327346545
state,Oyo,hospitalizations,23,73.27966750720151,8.187586188135032,15.98957195364995,37.906799106228874,82.20162625583384,239.75779216326535
state,Oyo,deaths,23,3.111516213208038,0.25801420500081984,0.6475419406393056,1.7542046558744264,3.666679167989606,9.97043695026366
state,Oyo,cases,24,6517.977859063827,474.42448885691,1083.7024804975542,3683.6396473305913,8277.510664688562,20948.511734325606
state,Oyo,hospitalizations,24,103.70159708358348,4.559593629782839,18.275755243418164,61.918070365979474,133.34193894414142,298.4159311365213
state,Oyo,deaths,24,8.586719854795781,0.7685325081900549,2.451446143554846,4.8239898836131,8.499698193424837,24.010473362641918
state,Oyo,cases,25,13625.321105928102,1476.6722306266995,2481.7686110769905,7568.338817415524,16944.61536613288,43577.48894192366
state,Oyo,hospitalizations,25,265.3781931099455,29.2525329940859,61.351518828198294,154.32146882471918,336.90529796322505,717.1381786699499
state,Oyo,deaths,25,10.979708098205933,1.521643861605252,3.521297869319858,6.439452589814028,10.89988277899377,33.43851010800374
state,Oyo,cases,26,18851.597636524963,789.6492625776962,2552.634524134475,11767.532280300267,24856.483678601566,49047.16395697354
state,Oyo,hospitalizations,26,376.28718134464043,57.683608007752476,99.16110175391711,215.2131029785709,465.11814543113087,931.1749332136071
state,Oyo,deaths,26,26.15257574962266,3.7830352078665745,8.830112349828513,15.774008883944923,26.16590015988177,78.49265664692979
state,Oyo,cases,27,26259.735524957083,1270.3560651756304,3657.7079627383,15770.329320033674,33393.002291902856,66879.96036781008
state,Oyo,hospitalizations,27,769.3426738585052,115.76672886770535,203.1989807924684,418.24230853729273,914.2492542525955,2071.8012758981927
state,Oyo,deaths,27,32.873911699840065,5.369710840055792,10.72947976144364,18.946624566126513,31.953124023082317,90.955510153093
state,Oyo,cases,28,28586.32904202149,1555.8091466513256,3920.0627913883272,17659.566368256408,37734.987177813935,71372.53953409249
state,Oyo,hospitalizations,28,589.8435457584288,29.168669754451706,102.37256152624315,330.31097304677826,700.0327802443699,1596.5427298963907
state,Oyo,deaths,28,31.558393471786296,5.072579882747071,11.347417122009919,20.297168686726433,34.77241361770271,80.54129555858908
state,Oyo,cases,29,20063.994151378058,556.7206578213533,2248.6764188172574,12222.12468577219,25200.399971420135,59322.04385694519
state,Oyo,hospitalizations,29,523.3799837684161,41.68263449731817,108.14856473895313,304.99136241939505,653.5080013418809,1277.2440596003603
state,Oyo,deaths,29,24.135191830905217,3.4780904291582297,7.421561434834594,13.801065168980463,24.69171713634717,61.9138518802724
state,Oyo,cases,30,13658.305860297727,0.0,1091.4680372705716,9180.540070870757,19319.018916705027,37498.9199428527
state,Oyo,hospitalizations,30,395.7151089593949,22.49641362785276,71.96267272863928,217.4878020263101,455.42055857914227,1334.0568221211322
state,Oyo,deaths,30,21.686009216996663,3.6699411704536793,8.104640351861804,14.182125736558227,24.27970332812659,49.853447172309885
state,Oyo,cases,31,12689.263657475474,293.5002484509112,1503.3995977058717,7904.526589186618,16672.643462814638,32147.756511891195
state,Oyo,hospitalizations,31,219.30080537033348,7.296077457007387,36.445635675301034,136.1014333439871,278.76900191646365,659.5101697049562
state,Oyo,deaths,31,14.098134072274245,2.0185939512360465,4.4980748234241865,8.277841333849372,14.002533481445496,35.51878820695611
state,Oyo,cases,32,8571.010082244675,235.20653532925218,894.1555184938729,4393.327448402964,9494.120442710453,28685.234598304636
state,Oyo,hospitalizations,32,109.82181636063417,11.031974164569787,23.34604583824272,58.12918964753279,132.60482827205948,332.89616397845447
state,Oyo,deaths,32,5.095886399453935,0.321354958249477,1.1544314771811088,2.6067044868765987,5.201272272502469,14.267583690583464
state,Oyo,cases,33,1802.6642565822517,111.88803178102279,280.9387849523257,1121.610444262048,2457.9399848824623,4951.133810759113
state,Oyo,hospitalizations,33,40.402622479204645,2.706458946000479,8.042873526322921,22.74615434534768,49.51891534651007,109.40239931371289
state,Oyo,deaths,33,1.8937279923190213,0.13617961739780904,0.13617961739780904,0.7067821729477199,1.9011677193846799,6.2970613034635265
state,Oyo,cases,34,1208.60098520803,85.28750985654975,188.0528323659067,686.4940078806476,1508.6293158671174,3355.859261172163
state,Oyo,hospitalizations,34,19.995298446938524,1.3672687662204448,3.6541108052646956,10.595362160617416,24.81172030445949,62.903174956160356
state,Oyo,deaths,34,1.694721775084246,0.1371472798935337,0.1371472798935337,0.6248128668334583,1.721684585619914,5.310184585498821
state,Oyo,cases,35,1090.9124425783045,149.86015558775418,232.96398213326754,629.4831557526585,1418.5728191947373,3074.035882727693
state,Oyo,hospitalizations,35,12.872181884240534,0.7716468037183306,2.4311567792271407,6.761496119287481,15.813869232022387,36.34177564433212
state,Oyo,deaths,35,1.7344320739946584,0.12731436011022967,0.12731436011022967,0.5170160027747193,1.568417437190633,5.264450781415077
state,Oyo,cases,36,783.7740966000257,0.0,63.23478687989089,439.8630233430126,928.3184620529851,2392.7524408545655
state,Oyo,hospitalizations,36,17.580011013296534,1.1813868982682674,3.138616226120983,8.969616149100611,20.40647021123656,48.76343394961594
state,Oyo,deaths,36,1.762556192774123,0.15248824734460864,0.15248824734460864,0.5156264655908814,1.6061652920325349,6.422245112825666
state,Oyo,cases,37,642.3067896498402,87.10521612404324,151.2372195623317,396.0697411657364,889.6167346895727,1611.3924252416682
state,Oyo,hospitalizations,37,11.713859208386726,1.721402708451902,2.9621283066561217,6.064591034546817,14.981260335013078,30.986464617749522
state,Oyo,deaths,37,2.47131992141749,0.1503802896420191,0.1503802896420191,0.8767177931908356,2.3583442916253707,10.95774029768732
state,Oyo,cases,38,566.0751231799647,53.491059162484895,107.64973397408046,335.9585148708486,749.9866712812748,1554.1325169663987
state,Oyo,hospitalizations,38,12.015669090590022,0.6503946162803311,2.31638894601049,6.587995193767646,15.737171721207524,34.61254009262063
state,Oyo,deaths,38,1.4170396628950905,0.12553409883086647,0.12553409883086647,0.4474112074646562,1.3251764950449525,4.678921251413949
state,Oyo,cases,39,786.039019608885,44.28906535333158,101.19317691723023,416.35038662468156,932.6183164014251,2265.0159139851203
state,Oyo,hospitalizations,39,10.960165693880406,0.0,0.9982232925735448,5.3944744654471615,12.699680632161314,35.22240045903993
state,Oyo,deaths,39,1.500963264149469,0.10783884979432018,0.10783884979432018,0.4915606914915183,1.617551440151749,4.908165602451734
state,Oyo,cases,40,645.6410199858155,63.571074369121604,120.79008850115184,373.84798562162894,815.6832528871519,1616.1005277053146
state,Oyo,hospitalizations,40,11.077222849465459,1.0320400232277862,2.375394536161874,5.909803037606272,14.121530216872006,27.49679465633998
state,Oyo,deaths,40,0.9509374404848094,0.10179275121173036,0.10179275121173036,0.15489547053232475,0.9156228301865228,3.7694645234664854
state,Oyo,cases,41,690.9056713088186,63.337023198941274,118.71285906327864,387.82346074586303,855.8228283511849,1859.282481408845
state,Oyo,hospitalizations,41,14.519638169388967,0.0,1.6975631844310333,7.641518626685734,17.780982108503064,48.23144822059127
state,Oyo,deaths,41,1.0824732180414598,0.08968104132103304,0.08968104132103304,0.1482026580474224,0.9228683316702664,4.329138817027985
state,Oyo,cases,42,605.2718145930744,70.65753248514761,123.38963965821505,335.94712645322403,753.5443149239098,1785.3663714366876
state,Oyo,hospitalizations,42,16.75122800609313,1.4020171629331712,3.710792752551625,9.354232751297067,21.01343144205599,43.028411039420895
state,Oyo,deaths,42,1.4200942381767259,0.16250663744946037,0.16250663744946037,0.46382841531624,1.4480916197601639,4.450631491878614
state,Oyo,cases,43,762.1774361014945,70.3052575703061,130.3367082008133,409.6410947608037,889.0729798684415,2054.354732398836
state,Oyo,hospitalizations,43,9.101312428214827,0.0,1.0137563045445253,5.231307689950846,12.621010201430336,26.249293635309456
state,Oyo,deaths,43,1.591005998229532,0.11311889566564548,0.11311889566564548,0.4324874084747377,1.4748113895109265,6.062313635532569
state,Oyo,cases,44,538.7550707161138,50.44761005424645,102.44629237813602,312.3070222293519,679.3563049832221,1473.4401828498474
state,Oyo,hospitalizations,44,14.917827536631936,0.7891563632172784,2.8764304864111545,8.331980314891796,18.115618626001584,45.092831293087904
state,Oyo,deaths,44,1.6662468030839377,0.13481655966856348,0.13481655966856348,0.49911004609181603,1.4585969045779223,6.826557431795081
state,Oyo,cases,45,558.2805164476184,0.0,45.98754318172273,352.4307784120097,761.6416161119323,1589.6508294922623
state,Oyo,hospitalizations,45,20.578240299766716,2.4203291243023415,4.803734621759858,11.006597340579823,24.76295825501826,55.69803731268018
state,Oyo,deaths,45,1.0910833298144924,0.10062555152845312,0.10062555152845312,0.22898349155114614,1.055519481467019,3.6903826546192855
state,Oyo,cases,46,467.26963488942476,12.585724333698849,61.492411355758705,289.2482627604568,597.7977813559596,1380.1786861036164
state,Oyo,hospitalizations,46,10.30089498046686,0.017954443367655948,1.2395787678264514,5.147555709235453,12.071913317475385,34.88199240938709
state,Oyo,deaths,46,1.6801111545128264,0.16194127355905202,0.16194127355905202,0.5043553690928605,1.4523608771503755,5.891896073521298
state,Oyo,cases,47,781.4369731340702,107.0604537641956,166.77228513549284,428.39165942466667,962.1901244239364,2254.971552813932
state,Oyo,hospitalizations,47,19.578270424620342,0.7707984475020915,3.210734708857861,10.756866315980377,23.396022816358087,55.53972490289512
state,Oyo,deaths,47,1.3970474429007191,0.08190071419734729,0.08190071419734729,0.34276312705898065,1.2151621885616302,5.641130764834265
state,Oyo,cases,48,571.5489050700506,88.15362843589834,136.24664520790435,307.9996658593235,703.9360309815773,1493.8922086157088
state,Oyo,hospitalizations,48,9.796593219951166,0.10224795202822179,1.2018154338382685,4.955256387783917,11.77934648063189,33.43068310380289
state,Oyo,deaths,48,1.140218009708253,0.06945270764031114,0.06945270764031114,0.20306733370250366,1.0499150987906223,4.162862472983099
state,Oyo,cases,49,517.5765091491202,26.576615682245794,77.73464296132103,302.44232255562565,662.3548199602694,1391.9759132410343
state,Oyo,hospitalizations,49,12.251059457543702,1.2105397948920373,2.5929273246375857,6.216794543307084,14.859654155234098,38.43716784912238
state,Oyo,deaths,49,0.9285288025747552,0.0,0.0,0.0,0.695893276173928,3.2768492235392768
state,Oyo,cases,50,704.99149073221,0.0,51.87909876658432,447.9652825025301,906.4558395939289,2120.263596040451
state,Oyo,hospitalizations,50,11.621358706129799,0.652330109958025,2.1928534556525845,6.3731779811254246,14.483857994672725,34.64842240276209
state,Oyo,deaths,50,0.9181685709242029,0.0,0.0,0.0,0.5371100557655053,3.277691980397233
state,Oyo,cases,51,749.3673524837634,74.64590628765633,125.53067064773671,377.27435280791565,842.9344266314419,2392.087331000469
state,Oyo,hospitalizations,51,13.810760776359475,1.0835347230178014,2.9082576593113494,7.522428946285505,17.53042621407461,40.0589290219992
state,Oyo,deaths,51,1.063879240582348,0.12089568153273776,0.12089568153273776,0.14026010378666182,0.9668918948409296,3.8802669655690454
state,Oyo,cases,52,578.1437610073451,94.74514721244108,143.6453839599328,332.09274738654926,754.6470455729839,1306.9078651584955
state,Oyo,hospitalizations,52,19.90998203797415,1.1456126258368013,3.5643380379350056,10.633055391646547,25.091634933304373,68.47954652242493
state,Oyo,deaths,52,1.3351759551783748,0.1005926228158891,0.1005926228158891,0.31012966256892227,1.1906553127168014,4.552289806587305
state,Anambra,cases,1,1649.774407204966,26.08658021508026,194.98754148331727,1017.655843253207,2127.2940793381867,4786.906458845642
state,Anambra,hospitalizations,1,22.86604597231553,2.0805166140508944,4.756783989075558,11.772422790704313,26.905132032845835,69.31989002983991
state,Anambra,deaths,1,3.5874069177956334,0.24747517809991915,0.5908691880922887,1.6423018735403918,3.2581269478987887,11.189640855167314
state,Anambra,cases,2,929.4984879016464,41.346641356899276,115.75092409609641,512.9512196500617,1150.7992857224294,2408.1678034765714
state,Anambra,hospitalizations,2,11.339908292196112,1.1404683636572894,2.318470917726942,5.6444836057365535,13.557460647986098,33.14670987126724
state,Anambra,deaths,2,1.2044247228683147,0.12621540692082958,0.12621540692082958,0.24775328960044596,1.066036533901752,4.467608138293204
state,Anambra,cases,3,948.6161785503435,0.0,83.11787867632552,559.1707098266812,1179.9117316951115,2813.954963739062
state,Anambra,hospitalizations,3,12.863997036334831,0.49719178663324204,2.3142890768838678,7.434801246374769,16.798474814701052,36.44485485853012
state,Anambra,deaths,3,1.9222390340300213,0.14994435222017855,0.14994435222017855,0.7880060420625832,1.8443936469089937,5.968028456642207
state,Anambra,cases,4,1058.076851985739,69.07650591477774,175.16197637337226,613.5462059958967,1325.1722512698375,2697.7998156049366
state,Anambra,hospitalizations,4,14.529613164417661,1.1098054536365987,2.7486108009905355,7.193022055652001,16.988360645656464,51.987122561542606
state,Anambra,deaths,4,2.7002630030875916,0.26571528250259435,0.45340190314370055,1.3525847034581593,2.799692245135769,8.257391469300327
state,Anambra,cases,5,876.3350307104191,102.13058312699879,170.09925296197457,450.67133357354487,1006.4502314767192,2364.9742605066435
state,Anambra,hospitalizations,5,13.776559093553338,0.993773456347236,2.7093186739344546,7.601342213496054,17.830323193746196,36.74690724668838
state,Anambra,deaths,5,1.9480881925731428,0.13437415652820128,0.13437415652820128,0.7720684257306193,1.9521849990515452,6.841443190328837
state,Anambra,cases,6,928.3500734118882,28.00251213868934,114.39881586053065,510.83716740348063,1087.3229142683922,2865.7750717463887
state,Anambra,hospitalizations,6,14.651714503373393,0.46593476612336227,2.330675200021162,7.265348017199427,17.39640157734847,52.78990541271596
state,Anambra,deaths,6,1.4043664335926598,0.15186286264406673,0.15186286264406673,0.42915220290501227,1.3258684612658889,4.432932098881219
state,Anambra,cases,7,1151.6998618003718,113.98699533347363,216.16264640893021,659.5825852501661,1365.6700750497293,3237.8242793033205
state,Anambra,hospitalizations,7,23.53243719092512,1.764625508173268,4.8474037573202855,13.058383571086315,29.37270849042757,65.3687218825303
state,Anambra,deaths,7,1.3872392985479505,0.17598139269572582,0.17598139269572582,0.41091869532784503,1.2541638023983896,5.054524427980271
state,Anambra,cases,8,1305.6597889335208,20.658110859484914,138.0179735103998,767.3820458856829,1606.55771031846,3887.328638991201
state,Anambra,hospitalizations,8,20.85879588373103,0.8968947800141074,3.514669625762453,11.982245460516335,26.606905281380314,57.70253879101863
state,Anambra,deaths,8,2.731873702864868,0.17406364833625176,0.18980078997901578,0.9978890975410051,2.3482903576875236,10.793787507916239
state,Anambra,cases,9,3063.5383673321735,382.86857612074675,642.9425168589562,1758.8899954857557,3891.5630276801926,8660.588773792426
state,Anambra,hospitalizations,9,41.79377006051707,5.332520493530558,10.673902476192378,22.575329117190645,51.909710018307244,105.89752947581736
state,Anambra,deaths,9,4.114234542367582,0.2584117428203687,0.8149035837429919,2.0677622525293997,4.077170485322217,12.502997741222861
state,Anambra,cases,10,6921.863020301065,414.9179728406315,934.126076269089,3784.304592785409,7906.111425680881,20768.039533398955
state,Anambra,hospitalizations,10,69.44322761972636,10.314219470185497,17.678884598570832,38.351390290422216,80.5725005839079,202.15230627862096
state,Anambra,deaths,10,10.599538965031199,1.4440962670128457,3.4329669715433857,6.38610526603092,11.332544003180782,29.295258535845914
state,Anambra,cases,11,15342.05277030882,1230.9135518971375,2420.978620121274,8701.195698693826,19152.650239734496,41364.22695159235
state,Anambra,hospitalizations,11,176.91362997959047,16.731201598141453,39.70904785727785,105.47186453658668,230.87625678036216,455.51375227265606
state,Anambra,deaths,11,28.844529829999313,4.156222893885363,8.729104572906493,15.736440914855836,28.128670392373348,82.77511516633746
state,Anambra,cases,12,55139.76576583694,6946.6101543292725,11810.071465581548,31809.96805560617,69897.02502149445,159645.0942331692
state,Anambra,hospitalizations,12,1004.6478103358551,112.02945434008289,242.71305365623522,584.9956833663837,1287.8860642306513,2659.187831683458
state,Anambra,deaths,12,134.1600994113826,20.908983112552118,44.365163879290265,77.0749148493049,130.72838326875578,369.9052951553745
state,Anambra,cases,13,158941.73453944398,14369.981261542007,28058.025678202514,86945.98934916293,186384.320955121,427302.5119094188
state,Anambra,hospitalizations,13,2597.4036318913736,290.57857251102723,596.9012565802204,1391.258373906093,3053.6156631560416,7662.002379754702
state,Anambra,deaths,13,338.7134687263257,70.1697527552299,125.8231023257413,209.89596252713955,358.2875794435996,1045.0214525407823
state,Anambra,cases,14,221964.6309839751,0.0,13774.76811508381,128849.41546457962,269927.6265726361,736125.1215321776
state,Anambra,hospitalizations,14,2316.053863215071,168.29045369367432,456.43748254442045,1307.7722286339929,2676.282410113151,6321.440824165856
state,Anambra,deaths,14,368.393276055001,72.14207469373903,138.09916009490317,231.84425379663102,373.73359334546745,960.0031466854292
state,Anambra,cases,15,206563.20374236797,9519.07159495269,29927.133121280902,127967.87464289696,270503.4887045105,525264.0520877624
state,Anambra,hospitalizations,15,3480.234233595634,215.04129562799608,689.8212809674351,2018.6276475522195,4318.81132417648,10565.58648095855
state,Anambra,deaths,15,369.10133938953993,74.94985916265581,144.70213569168575,236.98043564169828,387.94238121621424,923.6647939771559
state,Anambra,cases,16,210611.89277921736,36508.63993188958,53457.22198419739,121815.09855988025,277574.7779425323,543627.9557964947
state,Anambra,hospitalizations,16,3675.836377694387,374.97338268715924,779.4870813162449,1880.7851664303673,4038.699726505364,11932.341191865324
state,Anambra,deaths,16,355.66252521951134,53.759916675709285,110.09352099186427,187.96266638475947,320.71165810115355,1230.125799242896
state,Anambra,cases,17,112424.02936113415,9928.114388172971,20206.289965821947,69387.15008401907,150802.3700665462,281988.13347353594
state,Anambra,hospitalizations,17,1859.6034437038497,234.28772580784573,505.29012036943936,1134.966102500186,2501.0529002522007,5163.567927037867
state,Anambra,deaths,17,202.15891995814448,40.867528400970414,77.59200766018242,123.35808931194568,199.64851480187767,490.771766524586
state,Anambra,cases,18,53849.72997834675,2637.0594417604375,7408.427596938174,32086.843151533874,70553.23419079455,157567.81697888588
state,Anambra,hospitalizations,18,726.8916586382906,79.4270800344505,184.91409993039835,422.8887405382264,918.3334583661633,1973.1461091214123
state,Anambra,deaths,18,68.04885743087888,11.081863568657798,23.20330825132777,40.491095629227225,70.69342112561581,199.40504128438457
state,Anambra,cases,19,6912.182587344478,393.71370100073943,1003.7010536614689,3857.560298029917,8295.099246542946,20681.10935342689
state,Anambra,hospitalizations,19,174.68666849931225,16.257645242704125,36.73637351847204,100.58583997470767,211.1977466971892,515.6887829851429
state,Anambra,deaths,19,20.075414842640456,3.240536144155791,7.265916271000723,12.761937380038173,20.883478554680956,52.12129741479436
state,Anambra,cases,20,1960.1146303533894,187.08848232458732,332.8932457470768,978.7876440701252,2200.9880313793337,6602.837124161981
state,Anambra,hospitalizations,20,40.2354759461763,6.563453232694581,11.329024558644326,23.086198176395758,51.33830153645819,111.32788430527103
state,Anambra,deaths,20,1.2553011945312877,0.09874486194426149,0.09874486194426149,0.24257973626520563,1.1462709670535225,4.941098312024852
state,Anambra,cases,21,2425.8539823774677,399.8060469776621,574.2617435640875,1217.8974574668528,2869.723428360765,6856.812140248635
state,Anambra,hospitalizations,21,27.467634943580485,0.9780396157059381,4.130637874000441,15.130928866825382,32.850370599523885,92.67095640447221
state,Anambra,deaths,21,3.029414709517273,0.14903254669852628,0.4051922100848099,1.4566685680048606,3.217538372902365,8.638968026303695
state,Anambra,cases,22,3170.995404364256,174.83996339132568,488.6823483776436,1917.6035415221772,4019.745235599511,8679.366050594284
state,Anambra,hospitalizations,22,30.200281840137126,2.7942667732411888,6.302628546912284,16.649198438717505,38.19034455705467,83.19119157292262
state,Anambra,deaths,22,1.5558200177440522,0.1290444231933212,0.1290444231933212,0.5042576338963107,1.5153906758277396,5.269716476722527
state,Anambra,cases,23,3826.305878208432,361.13493895490365,702.2569479617473,2214.6823144460964,4997.6144751003185,11084.070784350406
state,Anambra,hospitalizations,23,81.52076719755618,9.206920499005582,17.8745124880554,42.22338829984566,91.432589713061,266.4691256012456
state,Anambra,deaths,23,3.7569168957693186,0.29985494572424676,0.9147147312577204,2.200838835978313,4.4234487927730575,11.749452210517356
state,Anambra,cases,24,8578.677697017125,624.7098845626699,1426.5854100171018,4848.383030162211,10894.412570790168,27570.81608470808
state,Anambra,hospitalizations,24,175.6802974498225,8.38200722620667,31.52850604323828,105.17642765657602,225.70668503621914,504.2747766519699
state,Anambra,deaths,24,16.2099676983136,2.1777608901913164,5.201678803639824,9.464748140793985,16.069389026148713,43.93969080518268
state,Anambra,cases,25,16318.754589054492,1768.7548721640753,2972.5226492319166,9064.524798757591,20294.153914689974,52191.38849322413
state,Anambra,hospitalizations,25,299.97702314495587,33.18191713387133,69.45011570347323,174.49557180933007,380.7945061437675,810.4143605351753
state,Anambra,deaths,25,20.511318871445933,3.5293220562850824,7.121057249340849,12.36258351735742,20.374311558727555,60.85770552011293
state,Anambra,cases,26,21433.359677835408,897.9245265955368,2902.3413605189753,13379.170967722848,28260.585516812032,55764.0524097864
state,Anambra,hospitalizations,26,394.09058077971264,60.452765735109395,103.88749636935731,225.41575079105425,487.11329378859676,975.1623345883803
state,Anambra,deaths,26,35.25050227943425,5.385697668879032,12.123910401888462,21.394514105142928,35.26843997272884,105.12844149849312
state,Anambra,cases,27,32875.947803131196,1590.6655828663756,4579.494561329069,19743.808525596778,41806.39415030831,83730.16366246909
state,Anambra,hospitalizations,27,536.3766882495211,80.4542932463619,141.4454022423007,291.4556187539407,637.4608173263973,1444.9475280816998
state,Anambra,deaths,27,57.7696711381677,10.051303106900459,19.350380007019716,33.60693892940989,56.17291899787024,158.54071394590852
state,Anambra,cases,28,30710.589654453663,1671.492175631632,4211.428256131041,18971.883819231123,40539.06454830048,76676.14868882376
state,Anambra,hospitalizations,28,403.8804984084359,19.67331807013472,69.83686027758164,226.03344833131754,479.3882226674646,1093.728712090664
state,Anambra,deaths,28,45.569957069278665,7.686046189010248,16.661395569528015,29.462866603636137,50.16784677605313,115.63435857730336
state,Anambra,cases,29,31401.842463567704,871.8643801869339,3519.8708614144352,19128.88160501613,39440.61661830153,92842.91958739542
state,Anambra,hospitalizations,29,354.6980134650092,27.95253207615578,73.03777575794827,206.56040108139996,442.96659498940016,866.0599313418752
state,Anambra,deaths,29,40.64852078234515,6.420488446452513,12.955077575337645,23.52633210943347,41.57285403136145,103.25236345375501
state,Anambra,cases,30,19870.363846920965,0.0,1588.309941720424,13356.198945057387,28105.541419061436,54553.452437618675
state,Anambra,hospitalizations,30,510.0284939559853,29.26691791902928,92.9869063256925,280.4451803146854,586.9383893164317,1718.7541672691932
state,Anambra,deaths,30,37.93603148336225,7.015173001248861,14.626592471021258,25.057579713237637,42.388382893803524,86.28143715702002
state,Anambra,cases,31,9206.210912376464,212.66966987224322,1090.4916611736514,5734.720989584267,12096.279757849788,23323.986063105545
state,Anambra,hospitalizations,31,117.65483106361958,3.467905173699447,19.166584778548252,72.83684717671105,149.67137181168536,354.7219444730715
state,Anambra,deaths,31,21.552174912198232,3.5099088238009197,7.214359586165965,12.86149285836166,21.414428445944,53.56063578926501
state,Anambra,cases,32,6815.085584810128,186.82092887957143,710.7878459240828,3493.1736984948966,7549.0973708770525,22809.017600913892
state,Anambra,hospitalizations,32,79.06158644225276,7.6923222455848155,16.588441675261173,41.71701081690532,95.52083731417216,240.21835819858833
state,Anambra,deaths,32,7.993997860270836,0.5887456512045374,2.189703161322652,4.33983875820423,8.181177485256743,21.604135002395548
state,Anambra,cases,33,1728.7931648329366,107.26457075185131,269.39165312379316,1075.6326239555115,2357.2312293677196,4748.313393713488
state,Anambra,hospitalizations,33,27.18949592639458,1.523374328112298,5.156429962164378,15.166491289779616,33.393510336063244,74.16246213676236
state,Anambra,deaths,33,4.282281818837764,0.2562959996648573,0.9022417815195893,2.212238744568767,4.460124613678592,12.733388719426816
state,Anambra,cases,34,1307.8702618167936,92.36893487899904,203.56798003799142,742.9151200240331,1632.521253759131,3631.3492736713574
state,Anambra,hospitalizations,34,13.196443858985887,0.6601116331261849,2.144370101512023,6.833958326219019,16.438691296761537,42.173710539196016
state,Anambra,deaths,34,2.9934219357157885,0.20991146363851287,0.4664356587913676,1.4868655600057594,3.1656881228221296,8.658084966756183
state,Anambra,cases,35,888.6165000385583,121.9106642400274,189.61804848473915,512.6750864652981,1155.5720416006038,2504.331520012429
state,Anambra,hospitalizations,35,14.633340984220412,0.9929580176932227,2.868146875604076,7.749995670730484,17.955273664677218,41.09760208645061
state,Anambra,deaths,35,4.668007197763471,0.27485748421149925,0.9560362064791029,2.275068120125912,4.544926389921349,12.524249583909711
state,Anambra,cases,36,864.589872382867,0.0,69.85015281469944,485.2663066448391,1024.0264420288438,2639.278491967719
state,Anambra,hospitalizations,36,7.62489133304974,0.4090233665683951,0.9123933075493806,3.606812074538775,8.891613073917153,21.994946341066996
state,Anambra,deaths,36,1.1569523131485135,0.11303858220990169,0.11303858220990169,0.12352440147745489,0.9319339998068894,4.50206379165816
state,Anambra,cases,37,540.0019673202036,73.09387872343738,127.02699521857855,332.9238985040312,747.9823103804299,1354.9743005708744
state,Anambra,hospitalizations,37,12.083238997261846,1.7716470367954829,3.077774967720144,6.27079242473291,15.447721603880712,31.92008603179381
state,Anambra,deaths,37,1.3878096119429346,0.09830171115385766,0.09830171115385766,0.22678690713202482,1.195307585165862,6.816625008465573
state,Anambra,cases,38,612.1442818250202,57.91791046785764,116.47643369443927,363.3330101428992,810.9967961930663,1680.4714158347822
state,Anambra,hospitalizations,38,10.93638699661808,0.5962033258868171,2.040065323501248,5.955758639594199,14.342619997674955,31.645280749597433
state,Anambra,deaths,38,1.014946771616513,0.10045100690186357,0.10045100690186357,0.15820254851040652,0.860580689446761,3.5442104028603447
state,Anambra,cases,39,700.7341231740685,39.38031377515006,90.11675229777319,371.1149781874463,831.4261114331769,2019.4089643345071
state,Anambra,hospitalizations,39,12.365265678477705,0.0,1.2348241475606563,6.151616137922367,14.3217997229888,39.5113360100096
state,Anambra,deaths,39,1.138843621436589,0.08938905834623515,0.08938905834623515,0.2363745156127266,1.1697232384642904,3.8973571283824455
state,Anambra,cases,40,552.3559802738247,54.25599065095365,103.22053616652572,319.77206382897737,697.8677612572412,1382.8160896896427
state,Anambra,hospitalizations,40,14.521754163128739,1.4288694176934904,3.342206517305919,7.888973262755588,18.452779921248034,35.65911233588423
state,Anambra,deaths,40,1.0399137580285067,0.10774269893351396,0.10774269893351396,0.22240094211054168,1.0275940222270759,4.048247287835436
state,Anambra,cases,41,577.4005464713359,52.782720563938526,99.0743106655957,324.038096234805,715.263520733949,1554.1085190595036
state,Anambra,hospitalizations,41,11.010883784141969,0.0,1.0848117605870162,5.6785978420172105,13.514882395030899,37.04852573366792
state,Anambra,deaths,41,1.1212212534511528,0.09180083619603352,0.09180083619603352,0.1753427767853169,0.9683192583626103,4.4551039149583636
state,Anambra,cases,42,703.5579902819692,82.27434306044226,143.55515235903476,390.5715435402661,875.8677898349854,2074.9643946362403
state,Anambra,hospitalizations,42,11.971022499468457,0.7999792157357168,2.4392693846361078,6.559448605257281,15.071630569704059,31.14439142117519
state,Anambra,deaths,42,3.226895683898115,0.2987089676196286,0.6587461358409272,1.6907127091801302,3.4999203223575823,9.018990801655422
state,Anambra,cases,43,883.5031999363786,81.64097640962716,151.2158978731659,474.92256421612154,1030.5719014075326,2381.103757021164
state,Anambra,hospitalizations,43,7.915556423362798,0.0,0.7743466944054804,4.490485704022919,11.001648049880448,23.009704638829906
state,Anambra,deaths,43,0.9628993000297857,0.0,0.0,0.0,0.7684168513373741,4.203502620782257
state,Anambra,cases,44,639.1203479039445,60.01408552412044,121.68171298254128,370.56519864485693,805.8658142788629,1747.6063846648058
state,Anambra,hospitalizations,44,7.104528242863297,0.3072911530101239,0.9643397911713687,3.7288814612386063,8.686635793300477,22.3570504912075
state,Anambra,deaths,44,1.0719849024870705,0.0993729943867551,0.0993729943867551,0.10499077087892203,0.8122264579258904,4.768938546195107
state,Anambra,cases,45,622.1840123549512,0.0,51.35718162452727,392.8201106929485,848.7947095205353,1771.4270890018986
state,Anambra,hospitalizations,45,11.497296281972902,1.0472265150917703,2.357172625855718,5.945221059960187,13.902593562864249,31.797002483920927
state,Anambra,deaths,45,0.9806869603297536,0.09389405355865103,0.09389405355865103,0.1467687881022156,0.9180124069098033,3.3766124358469987
state,Anambra,cases,46,649.3490632096198,17.868583271018736,85.79281564311455,402.11236858971415,830.6425037412923,1917.255104459879
state,Anambra,hospitalizations,46,11.303977487411277,0.019556390152596137,1.4394003904340074,5.696058210927756,13.238226807854778,38.083486390594246
state,Anambra,deaths,46,2.1692319294201403,0.1955893429356459,0.1955893429356459,0.8169295060859834,1.9619110808586986,7.323890475699178
state,Anambra,cases,47,950.2700481252658,130.3775761911633,202.97393685993333,521.0451468306314,1170.0258429435685,2741.7617064394744
state,Anambra,hospitalizations,47,10.180608747160717,0.07045311779557384,1.284078029152261,5.377414370827206,12.233419715642714,29.669503626849092
state,Anambra,deaths,47,2.1074639620923548,0.10973289183668389,0.10973289183668389,0.7990719913480664,1.9679369126431654,7.897974712831442
state,Anambra,cases,48,692.8041175095657,107.03470926588584,165.31293277552982,373.4400497212528,853.2283751569305,1810.4825832103404
state,Anambra,hospitalizations,48,11.851023838485588,0.12183900081245724,1.623690617864479,6.096303382871948,14.227911907777179,40.02771687299751
state,Anambra,deaths,48,1.733362188961788,0.09243910009859313,0.09243910009859313,0.6012401166765369,1.7283645727980252,5.87158754712614
state,Anambra,cases,49,764.2398367010721,39.693712907780295,115.18557525270882,446.77774402892805,977.8862748968517,2054.559048798688
state,Anambra,hospitalizations,49,11.496153045634971,1.1412506705093186,2.387274615535954,5.8037181811208045,13.951876026777846,36.179855169332555
state,Anambra,deaths,49,1.3930984881198396,0.1251527042091104,0.1251527042091104,0.326992922754434,1.210714452084176,4.384701325196689
state,Anambra,cases,50,485.67135537366505,0.0,35.44959366116463,308.47203142441646,624.5098401856939,1461.188235567193
state,Anambra,hospitalizations,50,13.271497686594147,0.7550710811208787,2.6121189684256443,7.341377521117073,16.517101221150476,39.32954989760035
state,Anambra,deaths,50,1.662158651711582,0.13172801036949638,0.13172801036949638,0.47363054717505704,1.3025072195445366,5.17288607805033
state,Anambra,cases,51,883.6845243839249,88.18666624309782,148.17989943385007,444.9861756948564,994.0002813479455,2820.4544785664248
state,Anambra,hospitalizations,51,4.749798100494598,0.38149327917683085,0.4960279896624199,2.2622701354339276,6.093195662415612,14.716800783625114
state,Anambra,deaths,51,1.1712391691003428,0.1290315533224775,0.1290315533224775,0.21699576459561684,1.0992570883517563,4.208692479435064
state,Anambra,cases,52,633.8754074265643,103.95880891453471,157.56476967688423,364.14663188297226,827.3637988163414,1432.7692895536109
state,Anambra,hospitalizations,52,8.82268975850223,0.3025453806840197,1.137689559091164,4.448295206089228,11.21991340540087,31.540469162659253
state,Anambra,deaths,52,1.8522573591989848,0.12673249325987068,0.12673249325987068,0.650578282812668,1.759916203414963,5.995100741910755
state,Rivers,cases,1,1457.1032299534547,22.925082070207047,172.11221931648396,898.7601194986045,1878.8833264803648,4228.070412830558
state,Rivers,hospitalizations,1,27.981883488683067,2.741105692798126,5.991274533468189,14.511353970687912,32.88913659163212,84.39935792186112
state,Rivers,deaths,1,4.476638510821485,0.29675691657703984,0.9076718665702892,2.1684848665549468,4.10608228733895,13.61706285913025
state,Rivers,cases,2,651.2274587544073,28.682589113199388,80.83576306143479,359.2505981177427,806.3458447586042,1687.6897218755132
state,Rivers,hospitalizations,2,11.408044521753702,1.1467984218802494,2.336889766324414,5.681363162790584,13.6382604109753,33.33623784810169
state,Rivers,deaths,2,1.8446346552580428,0.17069513720834328,0.17069513720834328,0.6874755956228704,1.7941310671606205,6.39445479863512
state,Rivers,cases,3,1003.3098204714952,0.0,87.96300835867166,591.4361422896837,1247.9314032976574,2976.0943574553417
state,Rivers,hospitalizations,3,11.248037124625712,0.43899702808527774,1.9263618066176569,6.4475338877228,14.715218469343089,32.062050584727466
state,Rivers,deaths,3,2.217050016473955,0.16652836906928192,0.20138880310253254,0.9857615552834025,2.1589868374318018,6.738700373383036
state,Rivers,cases,4,799.3851602442728,51.95951404356926,132.13238923519378,463.436232971466,1001.239438860297,2038.5869467169305
state,Rivers,hospitalizations,4,14.827631921146939,1.1502833749209465,2.820770692776796,7.35073583718997,17.334632431796493,53.00711242794747
state,Rivers,deaths,4,1.4845439595385768,0.1712575769148137,0.1712575769148137,0.5162769412676368,1.4489599574221192,4.966530854576501
state,Rivers,cases,5,946.8708563617271,110.42205739410201,183.85526024943272,486.98472506190194,1087.4470358813833,2555.1934380076755
state,Rivers,hospitalizations,5,12.639373507918535,0.8399014303525655,2.4230472434461383,6.937522586220598,16.377068827894337,33.83374122243908
state,Rivers,deaths,5,1.3894960590100482,0.10579626422736843,0.10579626422736843,0.3951955066466001,1.324331942073857,5.173771929975388
state,Rivers,cases,6,1007.8027029074241,30.48206268614328,124.26476111638391,554.5963466971123,1180.3683602965357,3110.8681059147575
state,Rivers,hospitalizations,6,14.172279094708378,0.44375849861163363,2.2283111993181497,7.011323220594261,16.831011933835757,51.13674213956126
state,Rivers,deaths,6,2.295411811688526,0.21636408454868294,0.2517804376972002,1.0361608011236694,2.3137423570232514,6.740479532146606
state,Rivers,cases,7,1324.5661952463072,131.23118953873458,248.72976269841723,758.6478261118067,1570.6247668418614,3723.539335228088
state,Rivers,hospitalizations,7,26.79411579765326,2.1323159971906325,5.625098508618349,14.92812466794178,33.41222704533176,74.19564897710436
state,Rivers,deaths,7,2.344626172814035,0.25795265043950266,0.29951046916443524,1.0681176085686377,2.3041420939247654,7.874691803630423
state,Rivers,cases,8,1333.96592245292,21.12730210227128,141.029594246122,784.0279172353536,1641.3830930514569,3971.563582580073
state,Rivers,hospitalizations,8,23.624459793718415,1.136998418477333,4.0861238861811096,13.625501798893447,30.101310176479288,65.13294204757
state,Rivers,deaths,8,2.7226378043973605,0.17360557218679495,0.18666964013984166,0.9926313349145717,2.339478799565121,10.76275028204642
state,Rivers,cases,9,2547.3571759917468,318.21096208909177,534.4788673089029,1462.4596671264603,3235.911970276457,7201.658038965565
state,Rivers,hospitalizations,9,50.95334776914087,6.68794466667607,13.17260573776722,27.621435325286885,63.234600324812874,128.77807058880418
state,Rivers,deaths,9,2.456503359130305,0.17198758881813736,0.20792069237477911,1.041768795493918,2.3791433015340124,7.987006542284025
state,Rivers,cases,10,5860.600660914705,351.1584826712269,790.7729014595961,3204.0240886188294,6693.9652186515705,17584.182478813014
state,Rivers,hospitalizations,10,95.52379901710249,14.503143213014159,24.594467541848076,52.920665133927145,110.7735219940251,277.366466780226
state,Rivers,deaths,10,8.570748388276282,1.0157879207736022,2.656124922340682,5.091749321733719,9.171364184604794,23.98625648976967
state,Rivers,cases,11,19237.252566079325,1543.6641816181427,3035.855644119615,10910.455577790555,24015.261065557253,51865.77615343349
state,Rivers,hospitalizations,11,272.2973413641268,26.23731878507169,61.534132714482396,162.5539531809264,355.19061063960237,700.261588595494
state,Rivers,deaths,11,12.485093561415823,1.328877692451649,3.3942814485853003,6.559239524704189,12.15635729557415,36.83816194695887
state,Rivers,cases,12,55980.26231301464,7052.510793624863,11990.104598009333,32294.85448113496,70962.46268579154,162078.53869317556
state,Rivers,hospitalizations,12,670.1528444075224,74.43400284125514,161.65009230815963,390.0839019979876,859.1814066862252,1774.3657011358341
state,Rivers,deaths,12,58.27753876825875,8.608683342815471,18.895925441710443,33.241531428012664,56.77248152450025,161.66896154023968
state,Rivers,cases,13,109724.37748612597,9919.940068999598,19369.417863734583,60022.44967364023,128669.23937226964,294985.99189532903
state,Rivers,hospitalizations,13,2135.260336954462,238.7193922899918,490.56055824854,1143.6360012987543,2510.3320370054435,6299.086655105931
state,Rivers,deaths,13,88.4413910447277,17.737913779524565,32.390594524117304,54.525700305218365,93.5949567764029,274.4015439206638
state,Rivers,cases,14,206653.44986620024,0.0,12824.515658478194,119961.3140674746,251307.9504597685,685347.1431636543
state,Rivers,hospitalizations,14,3956.7268117784206,288.16262077391315,780.3424703327383,2234.495264917353,4572.0280790732095,10798.27142089104
state,Rivers,deaths,14,203.61136408084445,39.514272037157035,76.0486923678604,127.97522363298582,206.56942985046658,531.3111639422801
state,Rivers,cases,15,220272.4323399754,10150.89860297689,31913.399990932507,136460.8980807348,288456.29925331566,560124.7821747252
state,Rivers,hospitalizations,15,3386.8300893686082,209.24474280266637,671.2860188253073,1964.4394965669962,4202.907489850459,10282.076902189141
state,Rivers,deaths,15,325.1495216426068,65.93034474174512,127.39910802952515,208.7187904611856,341.75307349452396,813.855144087956
state,Rivers,cases,16,188472.15494780408,32670.727419768726,47837.66563109078,109009.72634276461,248395.8664765546,486481.39463361126
state,Rivers,hospitalizations,16,3183.960116330657,324.67677907152586,675.0758352979342,1629.0455301580823,3498.280682960232,10335.934213670324
state,Rivers,deaths,16,282.5795208285101,42.539171719679345,87.32956989421739,149.242704514268,254.79036595762813,977.8582750992593
state,Rivers,cases,17,125843.63772328144,11113.302661900056,22618.3321858031,77669.66336769663,168803.00726882234,315647.7531783305
state,Rivers,hospitalizations,17,1752.593403885338,220.75547690617498,476.17154267154854,1069.632579512053,2357.150780007266,4866.5349287448125
state,Rivers,deaths,17,105.19959167152764,20.8858931785776,40.08330130853476,64.00712992912594,103.88729879961946,256.0694942228313
state,Rivers,cases,18,40306.37567415906,1973.5925516457755,5544.97076671994,24016.812139636888,52808.97960654282,117939.56170717736
state,Rivers,hospitalizations,18,788.9595703290707,86.285162335413,200.76714591548085,459.03407700720317,996.7257674839763,2141.483147898407
state,Rivers,deaths,18,50.59443890988447,8.027766642405087,17.085108942465787,30.00282725010024,52.5705002824856,148.74593417611095
state,Rivers,cases,19,10124.999355209513,577.1520760902575,1470.623606051007,5650.779103105559,12150.61011811605,30292.86725186688
state,Rivers,hospitalizations,19,202.90053678268706,19.029084498271573,42.79653210100311,116.8997101902705,245.2750009731269,598.6648527755328
state,Rivers,deaths,19,14.098710210489399,2.0373424393166664,4.920576416816949,8.857177260289536,14.674343025141455,37.04886117805719
state,Rivers,cases,20,2598.547246668576,248.3198963432572,441.59078700903933,1297.753389037447,2917.8359698983113,8752.688513592671
state,Rivers,hospitalizations,20,54.330708024254555,9.149000110100653,15.54366963786153,31.32000257335601,69.23001421623849,149.72688031620498
state,Rivers,deaths,20,1.7492479063571058,0.12461764903631323,0.12461764903631323,0.5681561797204059,1.7086294602354029,6.497764336903523
state,Rivers,cases,21,2886.8213534429224,475.9369189312482,683.5295015465792,1449.4202275415585,3415.0013237086696,8159.41528675285
state,Rivers,hospitalizations,21,39.0290179130825,1.7814753986710996,6.214589087453335,21.68295409481758,46.59963971948711,130.71801956860637
state,Rivers,deaths,21,3.310361688954028,0.15983656330816842,0.5070606966255832,1.6347631426537192,3.523286047769755,9.337738683874592
state,Rivers,cases,22,2460.8250968664734,135.47157084302762,379.0485282658812,1488.0519429523733,3119.550116589442,6735.939473655112
state,Rivers,hospitalizations,22,49.95807977887008,5.197289168707261,10.927601168173084,27.82696258787187,63.010759484333626,136.5119860614674
state,Rivers,deaths,22,3.9027854152690806,0.2593895123566399,0.8063485549829367,2.023676997886039,4.056134505029624,11.602626748736688
state,Rivers,cases,23,4016.6683406880497,379.1467992354919,737.2355278375128,2324.8858766573126,5246.23546091809,11635.419811164435
state,Rivers,hospitalizations,23,94.61115085445344,10.82605844239818,20.86860256012224,49.07997428433441,106.09529951128465,308.89812365107014
state,Rivers,deaths,23,3.555942016652178,0.2868832894804474,0.8318846107178586,2.062371281368441,4.188831640717159,11.197913829277311
state,Rivers,cases,24,9700.345682392419,706.512345031648,1613.2214244867082,5482.36928067676,12318.829186388642,31175.429741888318
state,Rivers,hospitalizations,24,100.33085345310363,4.380589156855211,17.655125996498718,59.8922719401462,129.016477485241,288.7755159356489
state,Rivers,deaths,24,8.378415162193408,0.7299741363615876,2.3761961025559857,4.697012535773784,8.292581336084645,23.46518333994979
state,Rivers,cases,25,16088.917238040938,1743.8307368443955,2930.645391510364,8936.851542770552,20008.329493206755,51456.34310703933
state,Rivers,hospitalizations,25,211.69878397735056,23.15617023658121,48.786703930470914,123.02174201608948,268.81204856591864,572.422004059328
state,Rivers,deaths,25,22.33792079747198,3.9139764051931265,7.8107410364222805,13.497405859139455,22.189532864214357,66.1109940136452
state,Rivers,cases,26,19230.404751988404,805.5358701667552,2603.9449996271783,12003.99876814201,25355.947989193795,50032.69441988493
state,Rivers,hospitalizations,26,435.1501637989308,66.83921243672829,114.78787485055624,248.94588987489965,537.8402138522048,1076.6094972571684
state,Rivers,deaths,26,29.067996338234778,4.296617161623522,9.885627955896373,17.57513053171873,29.082858842672074,87.02823962631376
state,Rivers,cases,27,31483.134551454295,1523.2355606541794,4385.44447107264,18907.330755524657,40035.24727967441,80182.93974408421
state,Rivers,hospitalizations,27,510.7831592403831,76.57488637460034,134.66118436641483,277.5268951488168,607.0529752916611,1376.0816825494
state,Rivers,deaths,27,32.93152209904014,5.380544961898649,10.74943021383932,18.980551406187153,32.00917337441608,91.11191555769247
state,Rivers,cases,28,26927.15452197337,1465.4537858435272,3692.488946496678,16634.567992761047,35544.83513237919,67230.10375087241
state,Rivers,hospitalizations,28,700.137016680309,34.80030092962944,121.66927380714344,392.15729307596405,830.8956287616802,1894.7584455573417
state,Rivers,deaths,28,32.0369285168964,5.161844094984463,11.52891863929652,20.610227555018742,35.29825212177684,81.73991618662451
state,Rivers,cases,29,27115.982514974876,752.735792420861,3039.3421756898633,16518.03411087311,34057.622199463076,80171.57536236862
state,Rivers,hospitalizations,29,612.3611482106128,48.92537952304993,126.66980255941826,356.914526117719,764.570371948795,1494.1471611397803
state,Rivers,deaths,29,46.43720704467455,7.451879480608923,14.894726426760807,26.93530433827718,47.49015452488726,117.74264313436315
state,Rivers,cases,30,11803.322779208149,0.0,943.10604053529,7933.646274853854,16695.274801859137,32406.264770958584
state,Rivers,hospitalizations,30,275.97068565288396,15.404242121730537,49.9395760666376,151.5393135246685,317.65430490176425,931.0824745093083
state,Rivers,deaths,30,13.117715610304185,1.905679966932368,4.664990223840192,8.446457031894452,14.729261857788007,30.64147840510788
state,Rivers,cases,31,8373.24158289529,193.33910046441343,991.7450523217824,5215.81368393166,11001.845970663991,21213.788287730833
state,Rivers,hospitalizations,31,146.4281104514362,4.5515718958198415,24.05788304333139,90.7455831594479,186.21591455840428,441.0004169488485
state,Rivers,deaths,31,16.542135212068764,2.50769281981607,5.388920766583902,9.781117949570605,16.433374551873104,41.435880165158025
state,Rivers,cases,32,7488.660016382552,205.38169695829336,781.1278725029063,3838.4735968151067,8295.210208826265,25063.140445943143
state,Rivers,hospitalizations,32,108.36509276821161,10.873817032657167,23.02602347694739,57.35195202060121,130.84862798770277,328.5071868306337
state,Rivers,deaths,32,7.203639326645,0.4484493737629099,1.9080322221524493,3.8682972629708168,7.370421513880327,19.60804708661135
state,Rivers,cases,33,1703.925344577325,105.70813784813268,265.50444918542115,1060.1547401981165,2323.3288303236413,4680.036324080152
state,Rivers,hospitalizations,33,30.02160580689055,1.7769816634723654,5.775171216936274,16.79127629787228,36.850170100266006,81.716534288977
state,Rivers,deaths,33,2.173757622476645,0.15078322702311375,0.15078322702311375,0.8898138266227775,2.212282713250941,7.0795824819186235
state,Rivers,cases,34,1089.418563098424,76.78557033412035,169.4253884868208,618.754974887909,1359.8849939353963,3025.1067053128018
state,Rivers,hospitalizations,34,14.570838025032536,0.7547773257797306,2.4499370030485212,7.5952549596393935,18.133366762553717,46.36929074489507
state,Rivers,deaths,34,3.235678090932559,0.223172504021812,0.5590769188429436,1.6439719135485307,3.428853161374314,9.268229132060318
state,Rivers,cases,35,792.3437814639744,108.6094903210608,168.98970162267875,457.0860803757019,1030.4098681613514,2233.2089898528184
state,Rivers,hospitalizations,35,19.996391372880062,1.6779930160031178,4.19773634255077,10.75761209631298,24.47072745124293,55.56771661877868
state,Rivers,deaths,35,1.7798930015558214,0.129705577277073,0.129705577277073,0.5455085836985848,1.616657430402022,5.382109639664805
state,Rivers,cases,36,620.279260140663,0.0,49.85152029485354,348.00956425210757,734.6957021097192,1894.016030092541
state,Rivers,hospitalizations,36,16.883015173009124,1.099447052567401,2.9831566076311757,8.595125585504276,19.6023749507849,46.89416073512393
state,Rivers,deaths,36,1.9949288829275165,0.16712893397633755,0.16712893397633755,0.6611446449907915,1.8563881781603233,7.134868981832332
state,Rivers,cases,37,572.2097721875383,77.50495545132648,134.6489055420775,352.80359657025275,792.5719376997347,1435.700357620606
state,Rivers,hospitalizations,37,11.324983057362726,1.668478937946964,2.840314411404867,5.8473932848349905,14.48992350244208,30.003054806447135
state,Rivers,deaths,37,2.3981607681151345,0.14693075075692286,0.14693075075692286,0.8336681952722876,2.2813080041499307,10.68344444260587
state,Rivers,cases,38,551.4387155033584,52.08462582758584,104.84544626087241,327.2614975054996,730.6034420912297,1513.9940016638263
state,Rivers,hospitalizations,38,7.265948086065389,0.41143865015561865,1.0979426292628716,3.8001542782842765,9.5879095060472,21.528438977737952
state,Rivers,deaths,38,1.394304078679064,0.12415361327781804,0.12415361327781804,0.43149417552007263,1.299606768655136,4.616470739421671
state,Rivers,cases,39,650.8042923578464,36.507171129642416,83.63360736223323,344.6382296704405,772.1972759835514,1875.6526976269572
state,Rivers,hospitalizations,39,16.25448825728626,0.0,1.8889401857215322,8.244839812676048,18.80637402080785,51.36869608032912
state,Rivers,deaths,39,1.0232279422059016,0.08330549885018779,0.08330549885018779,0.1522304596814834,1.0220581812933416,3.564057236705477
state,Rivers,cases,40,636.7972450508987,62.687969166425404,119.12442842281132,368.7213835082689,804.5138982399503,1593.9842797839026
state,Rivers,hospitalizations,40,11.428902391690048,1.0622485988939463,2.4741948335862722,6.112058088962666,14.564148603236346,28.330916936720826
state,Rivers,deaths,40,1.6129585596542895,0.14451804893942394,0.14451804893942394,0.6396377752198532,1.719663931143175,5.771343727447517
state,Rivers,cases,41,636.5805990971485,58.28559267004426,109.31358690385827,357.29493141229915,788.54926209361,1713.2221377416593
state,Rivers,hospitalizations,41,9.0947117063498,0.0,0.7492863352283268,4.6037576938057,11.178886320136916,30.925072277387823
state,Rivers,deaths,41,1.3317702435370786,0.10311575431371578,0.10311575431371578,0.3202097282272016,1.210924578321476,5.127473107646271
state,Rivers,cases,42,572.7724711057591,66.8163135704081,116.72170371230744,317.8849963391644,713.0967891164103,1689.6077811441862
state,Rivers,hospitalizations,42,13.458838354846707,0.9555969100836695,2.83528140143885,7.429875475992607,16.922186057927476,34.84563254304306
state,Rivers,deaths,42,1.0328970067713166,0.13094141693753186,0.13094141693753186,0.1794950031782034,0.9725753391702952,3.3919031367127044
state,Rivers,cases,43,726.9563810679916,67.01448103229541,124.27544746557734,390.6897842091318,847.9956262612375,1959.498990183781
state,Rivers,hospitalizations,43,10.097110828457867,0.0,1.214438006863237,5.852291188335901,13.97841750456568,28.96483305851349
state,Rivers,deaths,43,1.2305687401677792,0.09452114341498818,0.09452114341498818,0.1969737414765704,1.0679303921462457,4.901206478879495
state,Rivers,cases,44,569.6350691739535,53.39098605074595,108.36457183935148,330.2316715530473,718.2802591774633,1557.7945743929836
state,Rivers,hospitalizations,44,10.812926398306148,0.44954305583080423,1.8736763286645308,5.9179857666673925,13.170794741679051,33.16954816354869
state,Rivers,deaths,44,1.4510836615429537,0.12225639819187167,0.12225639819187167,0.3594457177887197,1.2295421489639926,6.097397561586112
state,Rivers,cases,45,724.2082865986745,0.0,59.92998754906455,457.30301969217487,987.9375146597085,2061.6389181712393
state,Rivers,hospitalizations,45,11.840583012639893,1.0761528638238866,2.449903992689862,6.13706101388309,14.314230980557621,32.70291683725912
state,Rivers,deaths,45,1.2255027484242564,0.10865362002303708,0.10865362002303708,0.32703377300571046,1.2195121348091762,4.064588933691902
state,Rivers,cases,46,533.1322610914676,14.49666488682351,70.28246775533232,330.07399734475035,682.0234682172726,1574.4524912801407
state,Rivers,hospitalizations,46,12.992876890052608,0.13189043422994953,1.7754549346365054,6.618514728870009,15.199700963113951,43.46767147818414
state,Rivers,deaths,46,1.2922963695888978,0.13453746583861423,0.13453746583861423,0.24978737433890877,1.0373707732591204,4.725644933973796
state,Rivers,cases,47,608.3326488825174,83.1534395643924,129.65478041151556,333.39416365675714,749.0964423266757,1755.86626435044
state,Rivers,hospitalizations,47,9.137097624761747,0.06383157400459005,1.0694087119484643,4.778032400930462,10.989675352109462,26.787027057080316
state,Rivers,deaths,47,1.7309501087948385,0.09512102021660873,0.09512102021660873,0.5595101923937916,1.5727307678113351,6.713133394914924
state,Rivers,cases,48,600.0271187314067,92.58807247517572,143.07320491647073,323.36911015954934,738.9990949925468,1568.247183956105
state,Rivers,hospitalizations,48,10.05271913929702,0.1046931807282192,1.2544711808153113,5.097674534518372,12.084960668122205,34.25408242687883
state,Rivers,deaths,48,1.4868955838920876,0.08303724004596941,0.08303724004596941,0.4383800772388666,1.4508661780860037,5.17268735891006
state,Rivers,cases,49,527.174798477055,27.087034866008842,79.19195275804363,308.0587761619219,674.6329410194598,1417.7586864729135
state,Rivers,hospitalizations,49,16.612878008373823,1.8638460390292824,3.779480666002685,8.60011903211238,20.09725679243359,51.461172805880764
state,Rivers,deaths,49,1.5490229376306004,0.1348903361344569,0.1348903361344569,0.43024094069364066,1.3827213117239914,4.803663423251569
state,Rivers,cases,50,643.7875591016473,0.0,47.2942518258547,409.03804754601396,827.7754871095772,1936.3408527327738
state,Rivers,hospitalizations,50,16.40933451166624,1.141942187047726,3.408339973424313,9.18007111094418,20.378403703401464,48.21941067774156
state,Rivers,deaths,50,1.6692625854165797,0.1321308859604755,0.1321308859604755,0.47813748367180375,1.3095491839240623,5.19176516929118
state,Rivers,cases,51,713.1059982743361,70.99033279647192,119.41610096193303,358.9943193681526,802.1514620310801,2276.441858051433
state,Rivers,hospitalizations,51,11.852668053437549,0.8644382028966522,2.3898991606282864,6.392085489219767,15.07270598434505,34.61321723412077
state,Rivers,deaths,51,1.7715326724608638,0.17245079592088253,0.17245079592088253,0.6265160174608009,1.8056591307093135,5.961422540894236
state,Rivers,cases,52,546.3910216001922,89.49572398866637,135.71490539388793,313.830257279117,713.2171531398345,1235.1991454811773
state,Rivers,hospitalizations,52,16.35895634723065,0.7807605216551208,2.788192186962682,8.65490486876316,20.654865782934742,56.66485152993579
state,Rivers,deaths,52,1.256855987395193,0.09653491469637576,0.09653491469637576,0.25728161446552245,1.1022885955497244,4.328321380281177
state,Jigawa,cases,1,1206.6853975788438,18.816031967868845,142.38079434535888,744.2294307320493,1556.01986660213,3501.7421953706107
state,Jigawa,hospitalizations,1,62.35875705757938,7.178724800771763,14.284174014638253,32.91058842786366,73.0877015189104,185.69823949376485
state,Jigawa,deaths,1,2.2111457809762705,0.16977775123004024,0.16977775123004024,0.812723496574207,1.921243347380896,7.362575303841382
state,Jigawa,cases,2,1250.5267764208763,55.95656690312611,156.03091452370188,690.2684474839165,1548.1791314291359,3239.3497132887646
state,Jigawa,hospitalizations,2,15.4605110339269,1.7531435868521428,3.4308250392613,7.871719856271837,18.437133169556162,44.59271449322715
state,Jigawa,deaths,2,5.761100042035121,0.4237725487898052,1.5366531809925346,3.189374377460261,5.936788378090696,17.357681467538853
state,Jigawa,cases,3,3422.117569427993,0.0,302.2372239476156,2018.3639409075508,4256.078291575847,10146.65400856492
state,Jigawa,hospitalizations,3,26.835237250189515,1.9912164645930712,5.661890186504419,15.954380968232066,34.77584270780784,74.266069232459
state,Jigawa,deaths,3,3.673794951669708,0.24593343079634944,0.774242261055248,1.932624361625518,3.665274001734162,10.42871417865911
state,Jigawa,cases,4,1693.0144159911722,111.08876014931724,280.7745727955979,981.9788369916589,2120.238801061835,4315.783796130631
state,Jigawa,hospitalizations,4,23.021231335456847,2.2656409467639547,4.8026143754128725,11.68228420662897,26.84485389761349,81.02074192554916
state,Jigawa,deaths,4,2.9438217313725756,0.2840715004839598,0.5538062227498814,1.5151066225197107,3.0621836549519696,8.896913194015767
state,Jigawa,cases,5,1452.4867163208444,169.85711543985101,282.4612578404326,747.2868693393801,1668.0494253034062,3918.725120309846
state,Jigawa,hospitalizations,5,19.31958926685271,1.743005128761175,4.1032278087665475,10.833604129265032,24.906490495317662,50.93165745231288
state,Jigawa,deaths,5,4.189816357631994,0.24340624656255527,0.8773411352639413,2.2099366076287223,4.347607667599435,13.204042681308845
state,Jigawa,cases,6,2413.0246439656244,74.33606367261537,298.7565348077552,1328.533015937646,2825.9952607421064,7445.6497352843835
state,Jigawa,hospitalizations,6,13.476705706187312,0.42333893788350707,2.0797603618918994,6.642681940421826,16.010517380681083,48.737668373951486
state,Jigawa,deaths,6,2.5652881991175964,0.23516369591905462,0.36054611291926253,1.2130803292817554,2.601669388089994,7.413040356315779
state,Jigawa,cases,7,2079.2615034885594,206.5154406806638,390.9104255071321,1191.1442584581969,2465.4105890108435,5844.061397227449
state,Jigawa,hospitalizations,7,27.853737588862796,2.25175807493877,5.877728042760234,15.535498989905658,34.724440724258606,77.06302396720757
state,Jigawa,deaths,7,3.5494189836062398,0.35686168763867254,0.7977931156745589,1.8611140020139085,3.571078148749273,11.277592375657372
state,Jigawa,cases,8,2336.433388554645,37.74379495619118,247.68668813528285,1373.544466364476,2874.7303309095405,6954.759368337748
state,Jigawa,hospitalizations,8,38.25398243310933,2.4067260165526476,7.108115764919012,22.315448927159053,48.580590051433205,104.42675758513442
state,Jigawa,deaths,8,4.09325080042859,0.24075775735769334,0.6456840508386642,1.763398924307045,3.631219012151124,15.312687102099112
state,Jigawa,cases,9,2804.1879694047852,350.3819644241847,588.4459735067769,1609.9513574503628,3562.1373037447615,7927.562710515539
state,Jigawa,hospitalizations,9,31.03723058754275,3.740723055557456,7.739448798271372,16.64922930804587,38.6098650455063,79.0268365630824
state,Jigawa,deaths,9,3.750782597482419,0.23960848595660078,0.6828426414048784,1.8445374060046067,3.7077316210713116,11.520455956596665
state,Jigawa,cases,10,3640.0286174645353,217.748905011226,490.822471229655,1989.8522566372833,4157.68531565529,10922.318905977487
state,Jigawa,hospitalizations,10,60.30782655474947,8.846939561387419,15.256521114950736,33.24812138985334,69.9938043218647,175.80658280966222
state,Jigawa,deaths,10,7.818377421702438,0.8568852682332462,2.367916057612554,4.611542492503932,8.36956517974351,22.016613556422627
state,Jigawa,cases,11,5040.506767886815,403.7890991654251,794.8273876661373,2858.416516857708,6292.614364686488,13591.019447080967
state,Jigawa,hospitalizations,11,71.77338320387695,6.252730039372289,15.651535578935105,42.55100730192036,93.84613231989948,185.73133832292018
state,Jigawa,deaths,11,11.00710204406327,1.0732497473660427,2.911945626283212,5.729503866033427,10.71225716477716,32.68487746333493
state,Jigawa,cases,12,5303.891702781072,667.4042005940639,1135.300052211775,3059.4170644320657,6723.633722933239,15357.967705951844
state,Jigawa,hospitalizations,12,116.35239348787748,12.18978360526399,27.439688205801485,67.38178864392212,149.4044089949572,309.42618098191105
state,Jigawa,deaths,12,15.941157150664866,1.7455273313285127,4.684941956499581,8.783969046336212,15.507561063794025,45.48004975639997
state,Jigawa,cases,13,8843.847015478932,798.7165211040782,1560.428965257339,4837.427006293738,10370.97236196959,23777.590465094676
state,Jigawa,hospitalizations,13,189.06575427305742,20.32813417976563,42.73475772507657,100.83969677829654,222.43635257677312,559.5265900294897
state,Jigawa,deaths,13,18.8331359399365,3.1547444478450526,6.403673047151877,11.311674488965858,19.974473257015624,60.06459070073517
state,Jigawa,cases,14,15755.23648977786,0.0,976.8668829060248,9145.390464683434,19159.765662472695,52252.59122444697
state,Jigawa,hospitalizations,14,453.6805491924733,32.22023612851071,88.76395805314678,255.8232379619591,524.3689851147861,1239.6663961535257
state,Jigawa,deaths,14,28.652817920900883,4.871431134375155,10.16609205804439,17.69141676560777,29.081488613464174,76.14388495687994
state,Jigawa,cases,15,24694.615783126137,1137.1641108290676,3577.032652697263,15298.210617170975,32338.93545015646,62796.61921916697
state,Jigawa,hospitalizations,15,691.8953948747289,42.00022226534365,136.499030177912,400.98073005226144,858.8025046275709,2102.142206893487
state,Jigawa,deaths,15,49.79157306387767,9.423125804446288,18.995714370431248,31.65970532450978,52.37725987635332,125.89816124511292
state,Jigawa,cases,16,52153.64874134345,9039.982350101056,13237.006245160426,30164.654854242384,68735.8517979278,134619.33050802516
state,Jigawa,hospitalizations,16,1772.633382883595,180.36214781136542,375.4915813849512,906.7360664846744,1947.6715088063083,5755.408535237649
state,Jigawa,deaths,16,131.61201332792285,19.360487257711622,40.30609314043249,69.25890824294741,118.61680208931702,456.74943918503163
state,Jigawa,cases,17,78250.49707093812,6909.988325983309,14063.934655189487,48295.421659059095,104963.07728873086,196272.65878784566
state,Jigawa,hospitalizations,17,3080.3284976858845,388.657869945775,837.462479079169,1880.2631653906178,4142.627128259719,8551.994129763227
state,Jigawa,deaths,17,211.162437399926,42.72299712604571,81.0750174728889,128.86934240571776,208.54077709121478,512.565915057134
state,Jigawa,cases,18,148959.80636763998,7296.347324457075,20494.810592574795,88759.75067254293,195164.71308102898,435862.7136058766
state,Jigawa,hospitalizations,18,2546.5602870517887,280.48809327284573,649.6838925338182,1482.5753490344757,3216.5906692941617,6908.347247973745
state,Jigawa,deaths,18,527.9248438346791,91.54892896209483,184.40105533145532,316.8281595490177,548.182607558718,1534.1333694570642
state,Jigawa,cases,19,232801.3344481442,13291.03775077203,33832.44510122206,129936.54464314348,279371.2743589132,696471.8551209618
state,Jigawa,hospitalizations,19,2135.4223670029305,208.8600856470743,457.8898698068052,1234.3257224727643,2579.4121402260644,6282.148756692962
state,Jigawa,deaths,19,369.11177211687937,73.4750958333922,144.17147962103485,240.69623141734263,383.3321002637749,931.9513017388844
state,Jigawa,cases,20,293840.9980514831,28181.083087498388,50027.61992240422,146804.6759883747,329932.0660285575,989479.505288283
state,Jigawa,hospitalizations,20,1121.8045424472796,204.9500711458118,334.7148390942916,654.8583857724954,1424.1528492950472,3057.647294112682
state,Jigawa,deaths,20,248.86417537397853,49.27146499665438,87.22908038552693,148.11103534105484,256.5550499332244,711.9388115017061
state,Jigawa,cases,21,398674.7478256911,65842.12516212394,94501.14453621468,200235.54447573112,471592.1893361225,1126578.268186265
state,Jigawa,hospitalizations,21,288.4973349302339,19.116292922046014,51.17762755145934,163.04852946989064,343.25193767255024,951.6161065525856
state,Jigawa,deaths,21,95.83846602904988,15.522901237717672,33.26219529899574,58.89988960784704,101.8344182214532,234.02279803989262
state,Jigawa,cases,22,110910.39899230021,6147.387394724181,17121.1417481971,67084.53392903059,140587.62870064247,303515.0618652584
state,Jigawa,hospitalizations,22,65.05763051931197,7.033636310550741,14.461923307734073,36.36881192153945,81.9780808447481,177.25879256006925
state,Jigawa,deaths,22,46.421792014029826,8.043780806302403,16.603832967883406,28.467349849387062,48.274735512235694,121.81933939567705
state,Jigawa,cases,23,19219.31726379851,1817.6025994550869,3530.6805314036474,11125.917574556644,25101.50268677679,55667.02971771138
state,Jigawa,hospitalizations,23,133.05105481444858,15.58065606713643,29.66074630735178,69.21433502160166,149.15233826660204,433.49085163385405
state,Jigawa,deaths,23,15.059872927332536,2.3101377894558173,5.51799913752857,9.89617394783935,17.46229831349589,42.401200792729725
state,Jigawa,cases,24,13874.640013838265,1010.9407066200719,2307.7885044087257,7841.7530254593385,17619.80441402748,44590.02171777085
state,Jigawa,hospitalizations,24,178.8017891786566,8.54777188848733,32.10323133269357,107.05239078987043,229.712219904796,513.2021522861224
state,Jigawa,deaths,24,24.949936158119794,3.79207507525859,8.352154377446784,14.780878570551723,24.740701244886644,66.76921852807438
state,Jigawa,cases,25,16906.80577195179,1832.5246084266842,3079.6678579243107,9391.183668068636,21025.451018545973,54072.0415155594
state,Jigawa,hospitalizations,25,256.20276776292746,28.21048126002797,59.20381409455598,148.9714042216374,325.2661138407327,692.4018323110344
state,Jigawa,deaths,25,45.56343548203683,8.80471953856592,16.579824904686113,27.926268008818063,45.269425657741486,132.90468736536548
state,Jigawa,cases,26,26796.552775873482,1122.8488764686876,3628.8007557784686,16727.08969400815,35332.05654767525,69717.30186268032
state,Jigawa,hospitalizations,26,829.0212859791485,128.1023024182665,219.3516329035645,474.6628018482367,1024.4469317248086,2049.7588783322863
state,Jigawa,deaths,26,44.75614037200289,7.060160840203421,15.56527354985299,27.266822982451387,44.778781702763226,132.9575333118042
state,Jigawa,cases,27,32265.34657118696,1561.1046531557836,4494.4241299364785,19377.10153434359,41029.93365938381,82175.08131963517
state,Jigawa,hospitalizations,27,960.8414719460429,144.79366583171714,253.96062326593284,522.4613800190871,1141.7702498921026,2587.077095970088
state,Jigawa,deaths,27,98.78347325648024,17.763715819067965,33.552373015932666,57.75820807356452,96.072389947642,269.87996674193494
state,Jigawa,cases,28,41764.53208813926,2273.4680045006207,5727.5967787598875,25800.745340693204,55130.54623917914,104274.35859963301
state,Jigawa,hospitalizations,28,1384.5676604527137,69.74761846799566,241.4158109204954,775.947160950477,1642.9703862968072,3745.3482633122103
state,Jigawa,deaths,28,119.32192865509292,21.44197537683325,44.63141800849937,77.70633972583764,131.2014104514688,300.3460147836075
state,Jigawa,cases,29,41981.53637657079,1165.9346507908663,4706.06137448817,25573.788268527915,52728.5994198425,124122.27658343964
state,Jigawa,hospitalizations,29,526.8813719030396,41.96763483030063,108.8773711414051,307.03452683992265,657.878279805688,1285.7791462207026
state,Jigawa,deaths,29,114.9035926120735,19.650536343736253,37.83569642736094,67.25452478758775,117.47633424340171,289.12473180945165
state,Jigawa,cases,30,51346.27508345361,0.0,4105.760956622222,34513.868168519104,72626.02125964023,140967.1581920969
state,Jigawa,hospitalizations,30,431.28508681795375,24.603137068293364,78.50461463301608,237.07774376250504,496.3439056348751,1453.7600051698278
state,Jigawa,deaths,30,72.86300057582297,14.205060851143578,28.644187265936615,48.43213142268657,81.30926544320467,164.57590995739864
state,Jigawa,cases,31,68699.62673012177,1593.322670013256,8143.300033692578,42796.79160061807,90264.34919515968,174041.26851844607
state,Jigawa,hospitalizations,31,361.81995525134073,12.663519877101619,60.67242169707809,224.80408263816324,459.7755096902648,1086.8507197601534
state,Jigawa,deaths,31,82.29904674689428,15.658515383369926,29.341862968163305,50.201011159884004,81.79349221111555,200.5338283171546
state,Jigawa,cases,32,85757.77981846643,2362.1366334256422,8954.615031638881,43962.20431233571,94993.26815469208,286991.4481970949
state,Jigawa,hospitalizations,32,160.56158257767206,16.540813274849587,34.49288239722665,85.20148784516847,193.77579599858964,485.7705154139225
state,Jigawa,deaths,32,45.21875124764641,7.176576106069885,15.416001286645656,26.481804886449737,46.25148823829726,115.33355535471487
state,Jigawa,cases,33,22245.623721784803,1391.3767217417158,3476.4722787730625,13845.433722988802,30327.908575105364,61079.308800371466
state,Jigawa,hospitalizations,33,64.37476829672916,4.852576736808605,13.278887748417825,36.49567782484491,78.77043130204669,173.32771368168443
state,Jigawa,deaths,33,11.735602963490484,1.4514475449615454,3.611102136885994,6.786581644440916,12.235537416113623,32.290225609621245
state,Jigawa,cases,34,8470.448416055957,603.3151399830925,1323.0327487180507,4813.8687834499715,10571.698793341915,23508.785804356765
state,Jigawa,hospitalizations,34,32.55893317187393,2.7848865636595317,6.441183571544076,17.539141422693934,40.26883890808246,101.17102160855038
state,Jigawa,deaths,34,4.11417727843913,0.27090817406440326,0.8925569848354471,2.2095065049186875,4.376166425188331,11.46456061975042
state,Jigawa,cases,35,2910.899099770087,401.31206653335164,622.9323615946712,1680.3649721962136,3784.6998904697484,8199.469075645093
state,Jigawa,hospitalizations,35,26.82184319876681,2.5493582598791953,5.888975553655948,14.58330337723905,32.75839157307776,73.97371763987219
state,Jigawa,deaths,35,2.6267209764399455,0.17349227151016167,0.23466590546629829,1.0672495389426557,2.500002474023405,7.536615939398507
state,Jigawa,cases,36,1638.594457452129,0.0,133.20799078910233,920.1105609598819,1940.6576228167512,5000.350843341449
state,Jigawa,hospitalizations,36,23.871262468154743,1.9206739932967185,4.541221866448033,12.348387960404915,27.661270902412255,65.62860562203126
state,Jigawa,deaths,36,3.9411520289392805,0.28479282507809733,0.722123142144658,1.8306413800094035,3.867372988169314,12.862066034025116
state,Jigawa,cases,37,974.6973439867677,132.6283508066195,229.89675590669273,601.2319336063586,1349.7900064598666,2444.5003927892544
state,Jigawa,hospitalizations,37,13.706641383382689,2.055350428311934,3.5856766811971212,7.176396083613065,17.496345191874795,36.02040256120389
state,Jigawa,deaths,37,2.423337804604338,0.14811825957221636,0.14811825957221636,0.8484880824299563,2.307827858983229,10.777871192602804
state,Jigawa,cases,38,1337.0627460334201,127.57636189074151,255.36843418895904,794.082727627154,1771.0179329577454,3668.469530649027
state,Jigawa,hospitalizations,38,17.965725522266254,1.3011587143369199,3.837221308108052,10.067704251417517,23.41251765257588,50.9437679283991
state,Jigawa,deaths,38,2.082728619675399,0.16522881322099203,0.16522881322099203,0.9050922281631492,2.060412719600927,6.474633804563409
state,Jigawa,cases,39,1304.4807213192507,74.12207175537878,168.51030252872238,691.2692143579034,1547.615358026701,3757.6955871390956
state,Jigawa,hospitalizations,39,21.46121962926899,0.2268175530631087,2.763119127770743,11.042282392762251,24.799684361020525,67.21520323968905
state,Jigawa,deaths,39,2.8380284609393738,0.17239558757654638,0.3859413109773668,1.3844698112618747,3.18452458828584,8.445034720574828
state,Jigawa,cases,40,1364.5484225951316,135.3583905517799,256.1910195924745,790.5876965086538,1723.636225156849,3413.922664253787
state,Jigawa,hospitalizations,40,10.736166229259508,1.0027301429196385,2.2795335156384042,5.713565008627801,13.692079584379687,26.687487244083894
state,Jigawa,deaths,40,2.5400063585221546,0.20101098914850546,0.3714852662590327,1.280581653716802,2.7827962732858973,8.418301108460684
state,Jigawa,cases,41,1920.6727595800535,177.68722578903854,331.48598728521006,1078.9036397368607,2378.7074620218136,5165.678519754171
state,Jigawa,hospitalizations,41,17.33871631761556,0.025043775532796027,2.1892256355055904,9.216536499677224,21.204035829856977,57.2044556525529
state,Jigawa,deaths,41,3.836916922080771,0.2271709042928891,0.7387423588787445,1.9085103417388247,3.8708147375095723,12.499233130365685
state,Jigawa,cases,42,1424.8484240150465,167.52635617133623,291.54332364025345,791.4424617235312,1773.5601830523556,4200.230560480642
state,Jigawa,hospitalizations,42,17.189984176157022,1.4614906501170695,3.8274310833338907,9.610601580935814,21.55847980929746,44.11854610593426
state,Jigawa,deaths,42,2.0203434619071796,0.20914978829202024,0.20914978829202024,0.883980912807028,2.150750344899266,6.015088371013588
state,Jigawa,cases,43,925.8858562069188,85.60087626898644,158.5096126714097,497.72730076429553,1080.0016347525875,2495.2467977041747
state,Jigawa,hospitalizations,43,16.664320444790647,0.0,2.533985835206518,9.935460791061583,22.90381448064334,46.82039291906655
state,Jigawa,deaths,43,1.6058970318251546,0.11387205801246186,0.11387205801246186,0.4420251216216262,1.4912890499679496,6.109335564807876
state,Jigawa,cases,44,1231.5249226808469,116.48006650515683,235.21850063552563,714.433229439173,1552.5863351544394,3365.8683648557135
state,Jigawa,hospitalizations,44,19.650100133894107,1.3220850345911674,4.031086944207541,11.111659035403145,23.80950958281327,58.82231399560275
state,Jigawa,deaths,44,1.628822850762854,0.13265578560886487,0.13265578560886487,0.47508304148502073,1.419191712606493,6.701117186791495
state,Jigawa,cases,45,1056.7631670401338,0.0,87.8736008616695,667.4892166278746,1441.4824538856808,3007.603075582142
state,Jigawa,hospitalizations,45,15.080526909828157,1.5479510575952782,3.3234528696216223,7.944233516793812,18.191941578442755,41.236819582059056
state,Jigawa,deaths,45,1.2332144132957215,0.1091097729031926,0.1091097729031926,0.33260496591664923,1.2288301570952136,4.085851242563134
state,Jigawa,cases,46,897.041295255445,25.05513440334634,118.84993490738668,555.6473535609098,1147.3934378791755,2647.868431122467
state,Jigawa,hospitalizations,46,13.828723980423286,0.19967608651432564,1.9416689227052468,7.074765594428286,16.169854313109806,46.130712021296894
state,Jigawa,deaths,46,2.2141945707194846,0.1986593591598803,0.1986593591598803,0.8454484579790298,2.008401932233805,7.454544213912075
state,Jigawa,cases,47,1166.6347435704056,160.2591742893496,249.36744921157415,639.7833951600362,1436.3736065110268,3365.598021334386
state,Jigawa,hospitalizations,47,22.848301165017006,1.05239518621525,3.880336132595999,12.626472208585934,27.275538563815957,64.530811473393
state,Jigawa,deaths,47,3.180061198981197,0.1500220634973921,0.4223770093635971,1.4596134122127542,3.0576349762793438,11.16492616774664
state,Jigawa,cases,48,1309.9821224875352,203.13769373999457,313.2576933527422,706.5256527590993,1613.1128311145712,3421.898800760656
state,Jigawa,hospitalizations,48,12.90758455944272,0.131899853304299,1.8403418060270882,6.682280459968378,15.485356358579377,43.415579583490775
state,Jigawa,deaths,48,2.501201350174925,0.12116595901391403,0.2054439438997242,1.0988498821573587,2.576245437807896,8.00703808461546
state,Jigawa,cases,49,1523.1585921242333,80.05160153259331,230.41233070962215,890.8602086382051,1948.6943048294518,4093.1546259863053
state,Jigawa,hospitalizations,49,13.192812250190896,1.3064814274505958,2.8492933065392614,6.7317341599786245,15.991287345320327,41.25112631405776
state,Jigawa,deaths,49,1.9623454065062504,0.160066377558291,0.160066377558291,0.6971822665205287,1.8274343442841652,5.886863858070923
state,Jigawa,cases,50,1490.3681299445473,0.0,110.71243304784178,947.484471790267,1916.0920475023368,4480.383438388717
state,Jigawa,hospitalizations,50,20.711163137018723,1.6718733471994585,4.498993460986425,11.698690393421405,25.667567129586565,60.39662982033241
state,Jigawa,deaths,50,1.1023179695184342,0.0990135470282611,0.0990135470282611,0.1076565043055353,0.7306828382650179,3.639858632000314
state,Jigawa,cases,51,1882.6241393996459,188.89159730703554,316.6260598460147,948.5705002439937,2117.502694462284,6006.29369347328
state,Jigawa,hospitalizations,51,13.454442119969167,1.0332795569315338,2.813989905764081,7.316866697947427,17.083469589474266,39.06858157324818
state,Jigawa,deaths,51,3.501946665084781,0.2902061934465685,0.6745337488040143,1.7371576888733427,3.721460704683023,10.714923817996818
state,Jigawa,cases,52,1640.8898852318778,270.44035618152867,409.07399001624174,943.327901982071,2141.281976367348,3706.9579185723433
state,Jigawa,hospitalizations,52,14.135894225561755,0.5522539514774207,2.302092684367996,7.415990837300632,17.87612094468006,49.265317857286256
state,Jigawa,deaths,52,2.1420045142315627,0.14112715428196032,0.14112715428196032,0.8380559711336175,2.0733958578873666,6.789625503517855
state,Niger,cases,1,4714.274273760079,76.37124136565878,558.8270160485417,2908.7311838946457,6078.3482825085375,13675.376394584518
state,Niger,hospitalizations,1,35.21086502732106,3.6743136009945028,7.735227583381802,18.38061599665667,41.3426829135497,105.70197878098121
state,Niger,deaths,1,3.2767813276882,0.23014737009909703,0.4794791244207027,1.4572922095552836,2.959979849822849,10.336142100427404
state,Niger,cases,2,1138.3382194429166,50.85089078920201,141.95441671099158,628.3020581362043,1409.3082809268467,2948.87967565397
state,Niger,hospitalizations,2,32.19744917152612,4.555645577102274,7.941085982526369,16.902492051691926,38.22273558149587,91.002815919963
state,Niger,deaths,2,4.294677871071945,0.3303707866482082,0.9775610979319396,2.2660136023390556,4.407882695154663,13.311549166617354
state,Niger,cases,3,1564.0938526983098,0.0,137.64101963180616,922.2595923760639,1945.3496839638033,4638.539566756035
state,Niger,hospitalizations,3,13.956855306118271,0.6058427235796345,2.576453930337688,8.10200569999081,18.206358808297864,39.406794707125286
state,Niger,deaths,3,1.7133151771356967,0.1380583485182163,0.1380583485182163,0.6462718178626633,1.6189201768088766,5.415676795477866
state,Niger,cases,4,1535.8187060364917,100.68750732449882,254.62736082404922,890.7635234189468,1923.3988945246601,3915.208755476937
state,Niger,hospitalizations,4,18.56481447746274,1.6591913453459208,3.7250332106376103,9.32710605705259,21.673893334883964,65.78898587531604
state,Niger,deaths,4,3.2927426207744404,0.3103067136291042,0.6973068462571546,1.7473874328514558,3.4373436194004423,9.81093528592448
state,Niger,cases,5,1371.5639414048717,160.34465705940642,266.67957142524267,705.6260483492819,1575.1252111011984,3700.4946885614036
state,Niger,hospitalizations,5,16.433757608022184,1.353070726952932,3.3777737941029713,9.151387315669622,21.223729654544137,43.54926520985885
state,Niger,deaths,5,2.2239462991416032,0.14828406823578932,0.14828406823578932,0.9555063425040295,2.2577841837627397,7.653160154778397
state,Niger,cases,6,1474.3681522324453,45.04259434206692,182.20002215026784,811.5610276536571,1726.7541412693713,4550.114781615392
state,Niger,hospitalizations,6,18.629916617113718,0.8394722907356509,3.179370652407173,9.371456494705823,22.084022381341384,66.49620980041357
state,Niger,deaths,6,1.7802618087799689,0.17941950846028165,0.17941950846028165,0.6884824985890932,1.7479145908217975,5.418778032414754
state,Niger,cases,7,1660.5504761143643,164.74713260127123,312.02745015640716,951.1917590247406,1968.9762176976783,4667.57870089619
state,Niger,hospitalizations,7,16.24742515875233,0.942970293074752,3.1095373527078682,8.880188678906956,20.345845989865484,45.64373334683669
state,Niger,deaths,7,2.624713668187766,0.2810649409739516,0.4159452623899092,1.253418806083793,2.6001898062152877,8.669855005170405
state,Niger,cases,8,1568.4980339000251,25.014811909026506,165.98254322875187,921.9481983759753,1929.930714048163,4669.4968332700355
state,Niger,hospitalizations,8,20.965965020345866,0.9061995436115493,3.5368152576819876,12.045926760210346,26.742324351539985,57.990490053141926
state,Niger,deaths,8,5.1012230832916625,0.2894637215923552,0.9786105135262908,2.3224422159981133,4.568127504921294,18.612789093768935
state,Niger,cases,9,3347.9274020616863,418.491564232006,702.7003559981135,1922.2077148465428,4252.792716910502,9464.383856556291
state,Niger,hospitalizations,9,33.40129074281707,4.090588586407009,8.384420431776796,17.95174306145029,41.53307450081917,84.9328199601786
state,Niger,deaths,9,2.9132597758113477,0.19592606442285798,0.3760478242542034,1.3259569327733742,2.8494768880706784,9.237883063958042
state,Niger,cases,10,3737.706215604763,223.61727010451557,504.01656617660456,2043.2607429021496,4269.250142638608,11215.358193956636
state,Niger,hospitalizations,10,44.3402560038387,6.282304425480197,11.02251064102579,24.3281991228726,51.50346995345491,129.75731321615018
state,Niger,deaths,10,2.670672098751268,0.1925438349659141,0.3812159702054821,1.3013495513387157,2.842552141669713,8.4393428103178
state,Niger,cases,11,5549.930420196795,444.6913831067328,875.2424923359534,3147.3488683466862,6928.5583718058115,14964.437456376332
state,Niger,hospitalizations,11,48.659889175833854,3.9491822140635566,10.362822451233095,28.718722408406517,63.7219445094625,126.42338587251027
state,Niger,deaths,11,7.804211361862179,0.5188319696132584,1.865833259179789,3.929934574622675,7.580225629254474,23.6770408865678
state,Niger,cases,12,22742.44374365953,2864.6218045445366,4870.612421389789,13119.80005338402,28829.245242154306,65846.86976855183
state,Niger,hospitalizations,12,108.9952830931827,11.362883606193373,25.65673415175918,63.09476600137168,139.97518639508726,289.96479962437326
state,Niger,deaths,12,16.850398070267687,1.8929685841277917,4.990236664220408,9.309391116289948,16.39405578418301,47.976137370629026
state,Niger,cases,13,52676.86451700394,4761.9267614245355,9298.510024402394,28815.55294511087,61772.07011661852,141618.78887067837
state,Niger,hospitalizations,13,274.60379863452926,29.92674332739393,62.4173442106534,146.67209059431192,322.99265064201967,811.7884901656123
state,Niger,deaths,13,40.40344720667401,7.673995505568407,14.456889717730323,24.70348441976997,42.78909197589313,126.48653784525263
state,Niger,cases,14,109899.03765768975,0.0,6819.680552593756,63795.62575697564,133646.49743692315,364470.9539009327
state,Niger,hospitalizations,14,551.7282317239747,39.3838748003973,108.12073079743318,311.2048093688041,637.6599793214157,1507.2047044308586
state,Niger,deaths,14,97.91902764276948,18.58655822257631,36.24906367939683,61.352859867269196,99.34909967688566,256.3449572417504
state,Niger,cases,15,186359.8569622255,8587.945524854335,26999.963435564197,115451.67094078199,244046.35768409612,473889.6502429512
state,Niger,hospitalizations,15,916.1496626329993,55.91718194763536,181.00039222976508,531.0812113631291,1137.0763404649097,2782.8211373150275
state,Niger,deaths,15,150.50841402221198,30.091599738397345,58.64609459319435,96.42206940364244,158.22137277668187,377.530098455552
state,Niger,cases,16,265655.30020675814,46050.387159636346,67428.45923467621,153651.5785387858,350118.8488951295,685704.6810551088
state,Niger,hospitalizations,16,1930.3559947924875,196.49000824197356,408.9715757010259,987.4576545600514,2120.9596094292665,6267.304509994402
state,Niger,deaths,16,257.16606581756616,38.63733572503798,79.4137671448355,135.77845222714723,231.86728273037306,890.1362468524854
state,Niger,cases,17,274327.4252110385,24227.041827751633,49306.82820878801,169313.09356995623,367974.4522810442,688080.9631714798
state,Niger,hospitalizations,17,2360.1976313395394,297.5917406208883,641.5071591865808,1440.597068726256,3174.2286611923882,6553.091683254437
state,Niger,deaths,17,369.48983520933825,75.35152668213404,142.32395531926886,225.78506080669808,364.91174632775926,895.8173328438437
state,Niger,cases,18,190270.95753468203,9320.113400146147,26178.893359470887,113375.6813768081,249289.8261816915,556740.3637984503
state,Niger,hospitalizations,18,2455.4016420449793,270.4156827007692,626.4006508093278,1429.4889827290883,3101.456512473542,6661.111986767932
state,Niger,deaths,18,409.96756446505117,70.90928611643972,143.05415258322313,245.94825015460077,425.70757727824946,1191.7781977508855
state,Niger,cases,19,59858.28000911105,3416.7140088689453,8698.4215227856,33409.17945717997,71832.57086919017,179079.52011104167
state,Niger,hospitalizations,19,1581.7120209977982,154.46929549665975,338.9564264421262,914.1583979848641,1910.6301048625212,4653.704622328866
state,Niger,deaths,19,149.8446908115944,29.353459820792235,58.166847984455075,97.50698098563367,155.64040217275715,379.2385151062812
state,Niger,cases,20,18291.14246995349,1753.3805254355152,3113.3629884909465,9137.892188266027,20537.870172961273,61595.771373721946
state,Niger,hospitalizations,20,633.8808165941825,115.45281471848216,188.8272612278609,369.8498601384449,804.8412399720492,1728.487562926408
state,Niger,deaths,20,81.45380601921529,15.589307438458793,28.115112114305955,48.205822983361955,83.99175239779089,234.26589347651438
state,Niger,cases,21,6736.293010700845,1111.6947886266478,1596.0087003096369,3382.8333004722035,7968.537940887083,19037.265234208164
state,Niger,hospitalizations,21,119.84613604552726,7.397231953016403,20.780734800671183,67.4794936546295,142.70258884745505,396.65469909889526
state,Niger,deaths,21,19.202764901612223,2.4466784793623484,6.147096596037666,11.495121616793305,20.4512676147055,48.02577389462839
state,Niger,cases,22,7081.334539386447,391.6101086346116,1092.3478163046693,4282.799486396699,8976.397363463615,19380.256640321564
state,Niger,hospitalizations,22,45.25708430258054,4.625541887105874,9.827188817178808,25.167455011613523,57.1052777919177,123.82545456714097
state,Niger,deaths,22,5.87497375563666,0.36555204669986363,1.5456480693000159,3.261202795342105,6.125501335467025,16.760610133924747
state,Niger,cases,23,7396.133874338921,698.9076398040336,1358.2030419494818,4281.306986823565,9659.95254342035,21423.405367032323
state,Niger,hospitalizations,23,74.59075108925995,8.349752953472839,16.289448751731626,38.59352896448621,83.67018810923753,244.00732099330867
state,Niger,deaths,23,4.328948472277258,0.3367243356841194,1.1501431111970448,2.594405715315084,5.090302054056385,13.31709193774935
state,Niger,cases,24,18860.755303530208,1374.5746020301517,3137.4356883235923,10659.992092956116,23951.71863332338,60613.497027610654
state,Niger,hospitalizations,24,122.00027837602974,5.531345007470449,21.644929856004442,72.91540679575998,156.8233249848138,350.75030356706486
state,Niger,deaths,24,22.083405134685847,3.262647181174602,7.318929455165528,13.037408950983734,21.89687158063832,59.282083187837706
state,Niger,cases,25,23728.89839343799,2572.3293395178653,4322.679621027187,13180.814786724293,29509.366571185103,75889.85173411337
state,Niger,hospitalizations,25,204.2547163422729,22.310748548299717,47.04426053490608,118.68120833496494,259.36912133932276,552.3532848036788
state,Niger,deaths,25,42.462477546022086,8.151753935181754,15.409060057091574,25.999863284059092,42.188017431426736,123.9870273917603
state,Niger,cases,26,38061.35790527687,1595.2780662932212,5154.649885658917,23759.029687830243,50184.9141056169,99024.58823771378
state,Niger,hospitalizations,26,370.0996972788908,56.72120083511941,97.51846651011832,211.66722282245672,457.47383960729377,915.8873278271899
state,Niger,deaths,26,58.36546071683918,9.457507076433433,20.492308752274372,35.67426832140192,58.39483629399456,172.80073181199754
state,Niger,cases,27,66081.39230466414,3198.2349089110185,9205.756908251478,39685.904953423764,84031.52307271806,168297.95967864516
state,Niger,hospitalizations,27,551.6447443576393,82.76858924528909,145.49259007410535,299.7649274640279,655.600896334157,1486.0300842678648
state,Niger,deaths,27,72.53423920686424,12.827696335067785,24.462958740548622,42.30115986985442,70.53633873261009,198.62175719770588
state,Niger,cases,28,57830.159187556324,3148.3702619974993,7931.172403525285,35725.70590345492,76337.57758387444,144385.1653727297
state,Niger,hospitalizations,28,665.5316837774739,33.03333802625823,115.61479799067591,372.7525860199938,789.8365125719079,1801.1912195824345
state,Niger,deaths,28,74.30148138152745,13.044937692509093,27.55766535649085,48.25705598073019,81.73605783247706,187.59240019890458
state,Niger,cases,29,62842.10689869433,1745.7693481685003,7044.939139206566,38281.56895369987,78929.25367389614,185797.52332197613
state,Niger,hospitalizations,29,725.7515446078912,58.154947765052874,150.27176946326884,423.08120477226043,906.0992708667259,1770.5509238634195
state,Niger,deaths,29,87.61310155843425,14.788191142515283,28.691499927257457,51.183413822801086,89.58006919354061,220.8123851474678
state,Niger,cases,30,40831.03817454424,0.0,3264.749758269958,27445.67234558705,57752.95247684809,112098.71396003655
state,Niger,hospitalizations,30,757.6258397850411,43.93148319352893,138.52431870605506,416.80763482556324,871.7992697860109,2551.9888993116137
state,Niger,deaths,30,68.7087591278254,13.34988987900979,26.97692340619214,45.65194367485489,76.6799847560846,155.26350316952602
state,Niger,cases,31,19523.288575118695,452.09623551757466,2313.557620987173,12161.856758817092,25651.830940217842,49460.6918957769
state,Niger,hospitalizations,31,247.36185095775642,8.352890148943047,41.21572409893696,153.56637814366684,314.4079449672861,743.6506004222696
state,Niger,deaths,31,74.70269145661808,14.13936232697163,26.574873665447942,45.53179719908466,74.24324035205933,182.15519587543685
state,Niger,cases,32,13204.22283375553,362.8776334429421,1377.9926310840965,6768.48870305129,14626.291963506294,44190.322409730186
state,Niger,hospitalizations,32,205.8795834584435,21.461008897821518,44.44863084977323,109.38099289682938,248.41037900890063,622.3095755933834
state,Niger,deaths,32,28.359179337208083,4.193749462798009,9.427420567945802,16.456403207665335,29.014077832881778,72.89490818539547
state,Niger,cases,33,3260.589991181265,203.13702591013953,508.83389594858284,2029.032358008034,4445.535983363774,8954.013672293959
state,Niger,hospitalizations,33,85.03143584045434,6.701833492529199,17.79063203138754,48.34330300706986,103.97574096749433,228.41058003825148
state,Niger,deaths,33,10.859428606427835,1.282542729520964,3.293397049942919,6.250085916326964,11.323608458416661,29.99652798426311
state,Niger,cases,34,2185.27225755828,154.95885856584184,340.7002529502031,1241.599084365425,2727.5532442827366,6066.296873080928
state,Niger,hospitalizations,34,23.98835987820724,1.817915563880735,4.540093909623949,12.802721502301456,29.72538674710819,75.06814817983744
state,Niger,deaths,34,2.2274547577437787,0.1677059109404141,0.17158883907658748,0.9868474398584004,2.32811990932816,6.7161957199206155
state,Niger,cases,35,1232.956888754283,169.48521563367262,263.39983300494896,711.5012985908352,1603.2418705271464,3474.0604194038456
state,Niger,hospitalizations,35,13.7300905253253,0.8775103383468812,2.644073625593434,7.243127645660097,16.857236306873407,38.65898048791251
state,Niger,deaths,35,4.2811205684190705,0.25580982258917984,0.82048262717999,2.0481054470112894,4.160662225171096,11.587017219620613
state,Niger,cases,36,1178.6329764631996,0.0,95.55684212386495,661.699191682183,1395.9386430911336,3597.2555207569
state,Niger,hospitalizations,36,7.725354454066435,0.41385917064069355,0.9350031633678164,3.6612775217753706,9.008559700183909,22.26681113962688
state,Niger,deaths,36,4.425984895111001,0.3134121165952022,0.8951820814626552,2.115097109582842,4.356503170549094,14.255087465475647
state,Niger,cases,37,1313.4552820233841,179.02354175539995,310.06312041752614,810.3242810495644,1818.7785100454807,3293.567652872171
state,Niger,hospitalizations,37,15.746024707267544,2.4801362939959706,4.2232240540677495,8.31316175748442,20.06789506435939,41.167355134699996
state,Niger,deaths,37,1.5582785669738606,0.10673565795018014,0.10673565795018014,0.3320409803696949,1.383657382514485,7.487264396878852
state,Niger,cases,38,1108.5036629793344,105.61379289814808,211.57726339675133,658.2719222540069,1468.3334773050933,3041.6748652222527
state,Niger,hospitalizations,38,8.884312220679698,0.49302502436564044,1.5139549128863377,4.752002586812916,11.687442806420108,25.99572383809355
state,Niger,deaths,38,2.9421504729309977,0.21435232192656928,0.47073190938078346,1.4714874762481849,2.970291619916571,8.696886882653196
state,Niger,cases,39,1275.6366111720713,72.46227756860083,164.76503554976685,675.9737839893397,1513.3992786675228,3674.648608539829
state,Niger,hospitalizations,39,11.511096400133988,0.0,1.0910130463727061,5.6914091040979295,13.335840763869221,36.904428505205
state,Niger,deaths,39,1.8974965704076723,0.12743849729520762,0.12743849729520762,0.762650969579345,2.0932898743084953,5.981971224505217
state,Niger,cases,40,1296.523792545014,128.56571376490604,243.37907995671858,751.1548508356365,1637.7236795113622,3243.8087034144046
state,Niger,hospitalizations,40,14.199432498729504,1.378301683244907,3.251804149649384,7.703909695238465,18.047783669832192,34.89588964296472
state,Niger,deaths,40,1.7329347983957772,0.15202928778846048,0.15202928778846048,0.7248569644212064,1.861016831530646,6.1232802532935215
state,Niger,cases,41,1186.0236250696,109.37569089343114,204.37769500275522,666.0600531624507,1468.9531770391604,3190.4744253480885
state,Niger,hospitalizations,41,6.640858516665352,0.0,0.3179111799599468,3.221867378555342,8.175564981861399,23.05232855712383
state,Niger,deaths,41,1.2582760887709061,0.09921107822534742,0.09921107822534742,0.27021745118138035,1.12720367270803,4.895444569574815
state,Niger,cases,42,1142.5644348137616,134.1621560892248,233.62672113152715,634.5577497582121,1422.2395804463556,3368.4870860744804
state,Niger,hospitalizations,42,9.934599103933461,0.67370789831162,1.8964039355944526,5.366240687339416,12.534832206357159,26.07061628713657
state,Niger,deaths,42,1.725139237302323,0.18635269317353387,0.18635269317353387,0.6786290813688447,1.8073220493516537,5.250451513550959
state,Niger,cases,43,1074.9017760342472,99.5237440618845,184.15405582949464,577.9079475707146,1253.7948282281186,2896.5696900376065
state,Niger,hospitalizations,43,8.611774431835514,0.0,0.9149809699311271,4.925660228654308,11.952895674671304,24.9127078276165
state,Niger,deaths,43,2.479476694269954,0.15725788027783094,0.16808188645544775,0.991443887918324,2.4404826082484226,8.818027886903828
state,Niger,cases,44,884.9306322510047,83.44388237555641,168.792270944289,513.2485978391435,1115.7074181073535,2419.0823563832355
state,Niger,hospitalizations,44,13.183403400435138,0.5936920184548384,2.4529325962206117,7.312466618332455,16.02724784618823,40.057214925411614
state,Niger,deaths,44,2.6651165678293105,0.19119242430245698,0.27884748016218514,1.1259887117212644,2.4867015129624246,10.09936711785294
state,Niger,cases,45,1494.172076122408,0.0,124.62779132388175,943.9467895365981,2038.0293962227404,4251.828237981674
state,Niger,hospitalizations,45,11.227374764699148,1.02447852803114,2.2842476966711525,5.794356088028738,13.578877537102471,31.084581840077405
state,Niger,deaths,45,1.8089743723350247,0.14222646347590062,0.14222646347590062,0.7370734671119665,1.9053184008855422,5.629494469171458
state,Niger,cases,46,723.5206940963958,20.020601578307947,95.69179563129646,448.0885388532344,925.4938165009512,2136.037831469869
state,Niger,hospitalizations,46,10.64099641240889,0.01849770286451058,1.307343187455706,5.333566378187791,12.467438865461508,35.967697643645614
state,Niger,deaths,46,2.4701360138763038,0.21595327380288298,0.23554157262664394,1.0061004818520427,2.270292670469929,8.190538564237238
state,Niger,cases,47,990.3668659465972,135.91524948249287,211.57160668322985,543.0497807284722,1219.3855489293878,2857.371376571699
state,Niger,hospitalizations,47,14.680298275701519,0.34880472802271534,2.2072870245444043,7.955122417288312,17.58227906517008,42.06591096107139
state,Niger,deaths,47,1.9689608478264513,0.10437709478458479,0.10437709478458479,0.7112636386609208,1.823079090148085,7.463686087616311
state,Niger,cases,48,1118.2588935003225,173.2837871683536,267.29940096250107,603.0542930727663,1377.0585641473112,2921.32049437377
state,Niger,hospitalizations,48,17.577631848666844,0.4983533235225792,2.796882624708945,9.269439098738099,21.037123485351465,58.37339725419125
state,Niger,deaths,48,1.3720594560529744,0.07858996026252463,0.07858996026252463,0.3613438145346543,1.3196035349671311,4.842092704203231
state,Niger,cases,49,1055.2993156014322,55.17171493199889,159.37718227126052,617.0916410229398,1350.209237381703,2836.3984250754834
state,Niger,hospitalizations,49,10.421626932447303,1.0425584819754725,2.094352513835721,5.215351527927363,12.658879311944876,32.964644549219315
state,Niger,deaths,49,1.474923361679994,0.13027157640967624,0.13027157640967624,0.38126827561685156,1.3011349094260714,4.604941056300258
state,Niger,cases,50,973.1006214826152,0.0,71.96341669220467,618.489396598154,1251.1219177038397,2925.9530548374273
state,Niger,hospitalizations,50,13.114815841249293,0.7357381553213349,2.572329794786535,7.249493360745208,16.32414218845118,38.885301112416485
state,Niger,deaths,50,1.7400930740247864,0.1361388957509133,0.1361388957509133,0.522974763487984,1.3796062010505064,5.379583900984497
state,Niger,cases,51,1279.4381463596067,128.08331326789076,214.91384119464593,644.4930501993399,1439.1024102503227,4082.6002473191293
state,Niger,hospitalizations,51,12.474968902388403,0.906459457936343,2.5546857430702365,6.751422580728263,15.854017216406486,36.34441337881254
state,Niger,deaths,51,2.0966185170364535,0.1953013299248315,0.1953013299248315,0.8420369686195717,2.1774220386588716,6.883843464712647
state,Niger,cases,52,862.3859483918948,141.7366058233106,214.63694615916353,495.5737645253685,1125.5165663820208,1948.8254986032118
state,Niger,hospitalizations,52,13.920965250428797,0.5301536143955546,2.2550788814199425,7.296167509290921,17.607370695870276,48.54966146155545
state,Niger,deaths,52,2.7688509899881684,0.17143375513282266,0.3150569527368274,1.232772558044994,2.7333976980406205,8.462422436992119
state,Benue,cases,1,2449.126496226781,39.20296157803715,289.8923731775169,1510.9288371719974,3157.8972996584253,7105.397997671336
state,Benue,hospitalizations,1,31.29647043310829,3.169012637147591,6.790935160133629,16.285539632722923,36.7653694693835,94.16731993589815
state,Benue,deaths,1,3.7490764891277033,0.25648751049244756,0.6488040566564839,1.7385268887058807,3.413195653046068,11.633552426322778
state,Benue,cases,2,848.4235587294555,37.65693947942642,105.57830851122708,468.1701763533808,1050.4419527480254,2198.2547930747073
state,Benue,hospitalizations,2,8.455664171095775,0.8718807780818865,1.5369498163995696,4.079665267999299,10.12908566438465,25.104941548771777
state,Benue,deaths,2,1.3633713215801104,0.13746491367058694,0.13746491367058694,0.3589648238800672,1.2501811839122838,4.954932912322886
state,Benue,cases,3,1517.737594998491,0.0,133.53447137035266,894.9126348593695,1887.6987886365118,4501.116362624925
state,Benue,hospitalizations,3,20.90716377382726,1.3537466390240462,4.242148745047521,12.34116660999938,27.15151311465227,58.22582320118126
state,Benue,deaths,3,2.3489100503854266,0.17377272863962478,0.25365192512853113,1.0721466607632444,2.296409888268352,7.075351290132294
state,Benue,cases,4,824.7378120913315,53.637036551765505,136.34943283057592,478.1475128708728,1032.9859389491567,2103.192014802074
state,Benue,hospitalizations,4,16.629229741360753,1.3956668309350493,3.256784814527352,8.30369508148765,19.42692199852764,59.17023122962607
state,Benue,deaths,4,1.787765327389704,0.19543709917422347,0.19543709917422347,0.7303571163657994,1.7947238229960516,5.808933673819051
state,Benue,cases,5,1106.6317278560925,129.201920572197,215.01207584256548,569.2331288698532,1270.9016129060703,2986.0323952595054
state,Benue,hospitalizations,5,20.511661132525,1.9040456888419655,4.402835948731928,11.528349544346307,26.427448547983758,53.98054099771898
state,Benue,deaths,5,2.4248167709090214,0.15816422369976768,0.21988735898095274,1.0858015718203247,2.474850080231695,8.229719515477658
state,Benue,cases,6,1042.6920456827188,31.570886171634793,128.59710792503293,573.8119348486267,1221.2265984790552,3218.4936802378606
state,Benue,hospitalizations,6,17.958316607156895,0.7764393228920957,3.0361566788853827,9.016059086974181,21.29300506197687,64.18332558718635
state,Benue,deaths,6,2.3796650733250955,0.22224547848550325,0.2858074061372696,1.091509468695275,2.4038193411374795,6.950887879185392
state,Benue,cases,7,1173.7863207471762,116.19021894441667,220.32362016596628,672.2397656954852,1391.8563387136,3299.882202489866
state,Benue,hospitalizations,7,19.5394620797666,1.3143601090838355,3.8950564760544966,10.768741205249201,24.42600606384625,54.55946798642535
state,Benue,deaths,7,2.9525857102921105,0.3080347246557258,0.5518132838498597,1.46964718922516,2.945648545930366,9.597732729157814
state,Benue,cases,8,1423.9227856419695,22.61839138890633,150.6005218443757,836.9284792509537,1752.0581235310344,4239.262146602209
state,Benue,hospitalizations,8,26.658402109509648,1.400346042280258,4.712899567534897,15.427838717985964,33.9340018908557,73.28266878238598
state,Benue,deaths,8,3.7455728617529673,0.22378339967311422,0.5296569287167396,1.568568559208246,3.304700070910613,14.162579256326753
state,Benue,cases,9,2191.7887878615115,273.6719436450427,459.7643180610196,1258.265372921505,2784.2705823918272,6196.682153600678
state,Benue,hospitalizations,9,36.86930186494143,4.603792352675889,9.330503547332146,19.862348436724012,45.82101363679668,93.59607099708778
state,Benue,deaths,9,3.3074400274295512,0.21651161009723618,0.520626318288451,1.5703404088427124,3.2539334494540317,10.313556226907897
state,Benue,cases,10,3364.347217094853,201.1862628332711,453.58397805577533,1839.1142515525785,3842.8091483420185,10095.256377705178
state,Benue,hospitalizations,10,66.03161239897352,9.766263837547589,16.774253037007846,36.44557469098204,76.62188682030744,192.31349673439303
state,Benue,deaths,10,5.024580421360806,0.3200319705668089,1.295753945076766,2.8251312071786323,5.386802953841495,14.689370064621542
state,Benue,cases,11,6273.402181105496,502.7798665409412,989.4461754890979,3557.683952254464,7831.711432296218,16914.93414247059
state,Benue,hospitalizations,11,75.65449518288523,6.639528841311479,16.539586558003023,44.87364682609677,98.9044166005423,195.68999631180324
state,Benue,deaths,11,8.268310282261297,0.5992379066340087,2.0175485332586307,4.190921976029867,8.03445696976631,24.983426737722276
state,Benue,cases,12,12990.376503136218,1635.8836750509001,2781.73386638177,7493.7864288758865,16467.243544823526,37612.23385035838
state,Benue,hospitalizations,12,265.2682953435054,28.927137335176326,63.528613977028165,154.1557812635317,340.2621115339382,703.3456684893811
state,Benue,deaths,12,17.66536183170134,2.0251155371853873,5.263862699295133,9.780310375963664,17.188593092954605,50.21330211606307
state,Benue,cases,13,33693.56781307393,3045.531218054975,5947.2853760034695,18431.055024452548,39511.17307592852,90583.87134071253
state,Benue,hospitalizations,13,348.31226239193745,38.19790196517707,79.37790513362009,186.16604166276372,409.64240171886127,1029.1635454682978
state,Benue,deaths,13,61.12254617615851,12.014633386362217,22.19182121325177,37.566013351128426,64.70201448941133,190.28330775447256
state,Benue,cases,14,72405.986928164,0.0,4492.762512285912,42031.00590123081,88051.81367626655,240129.0560245079
state,Benue,hospitalizations,14,1386.3836629320417,100.36614149273906,272.9001022679212,782.6542936410015,1602.0779153715052,3784.691497534305
state,Benue,deaths,14,82.86731639266367,15.606229505494008,30.58117384869785,51.86512768160971,84.07978589026781,217.1868490356921
state,Benue,cases,15,110386.77855880954,5086.520008732737,15992.574686902306,68385.482574975,144556.42112967253,280700.2989063347
state,Benue,hospitalizations,15,1624.8404305616682,99.89770879810762,321.63407898927335,942.2261627157357,2016.4803330194604,4933.910071922458
state,Benue,deaths,15,189.52380516937637,38.098091872931896,74.00574128986608,121.50952193015401,199.22295132241192,475.00653200895744
state,Benue,cases,16,208430.494852354,36130.49568911787,52903.53482349554,120553.40284244063,274699.81991616846,537997.3837004144
state,Benue,hospitalizations,16,2291.6085538595657,233.42973921852942,485.655149970135,1172.3447795655206,2517.863826575245,7439.766268133661
state,Benue,deaths,16,296.1979466744559,44.63006664652748,91.57144777769167,156.45785575066225,267.07426474102397,1024.8662846839538
state,Benue,cases,17,210018.08379330384,18547.3919242265,37747.85849426944,129621.6986959173,281711.94056399504,526777.598932289
state,Benue,hospitalizations,17,2302.532737675843,290.2995678932736,625.8159241451331,1405.3905529434853,3096.683596486516,6393.0284191884875
state,Benue,deaths,17,206.96128786708547,41.8572131013071,79.44980320056166,126.29772542269063,204.39154055068417,502.39650321135053
state,Benue,cases,18,126510.15602132397,6196.575483235615,17405.91892406712,75382.75628607882,165751.59265861684,370174.37268952536
state,Benue,hospitalizations,18,1958.9286854158734,215.55879604204827,499.594247993616,1140.367251769153,2474.4068756402667,5314.606440259949
state,Benue,deaths,18,144.31858282319428,24.427202664694168,49.93770680038764,86.32117287612859,149.88426866657767,420.7676826763362
state,Benue,cases,19,59041.230565301616,3370.063909230699,8579.678737467793,32953.14709269214,70852.07828563292,176635.1599086484
state,Benue,hospitalizations,19,606.0979614002603,58.6350385314272,129.40076193255845,350.0372009588167,732.2646269292577,1784.4553763701747
state,Benue,deaths,19,66.70526952284752,12.623874775178347,25.556502373744593,43.21396379037628,69.30662193155948,169.66660423861137
state,Benue,cases,20,15150.434564293519,1452.158468214945,2578.635879563441,7568.77085697266,17011.405625054897,51019.78405379207
state,Benue,hospitalizations,20,209.45499967321138,37.602642327415424,61.92534780620445,121.93206087550577,266.12622820257997,572.3033586414958
state,Benue,deaths,20,20.916530486109252,3.409145048639534,6.738282800267602,12.078039066800235,21.58930733848237,61.529521089646
state,Benue,cases,21,5553.472830929223,916.3466201821525,1315.6328705814626,2788.7569694554863,6569.380996849675,15694.84799465822
state,Benue,hospitalizations,21,79.13940991086784,4.568644853865172,13.443947415027791,44.41234326606458,94.29672234253732,262.70568374700355
state,Benue,deaths,21,8.53170326018059,0.6242796499872572,2.3681364905219926,4.888443580623169,9.109111616190823,22.103857043449445
state,Benue,cases,22,4498.281683881187,248.41824773492635,693.5845012903409,2720.4219350098697,5702.181528876822,12311.569044493877
state,Benue,hospitalizations,22,45.350277838093504,4.636876326983791,9.849003625984421,25.220177656211906,57.22234931870373,124.0769550693892
state,Benue,deaths,22,4.173157281720635,0.2739973433540146,0.9080752368900419,2.1939589887594395,4.340876774207871,12.312358765254855
state,Benue,cases,23,4679.787893828128,441.8903495389741,859.0819252551511,2708.775305150975,6112.296105801713,13556.020729658421
state,Benue,hospitalizations,23,115.49141107372571,13.408719308195037,25.64442742998812,60.016804198903536,129.4835518445361,376.5759353442776
state,Benue,deaths,23,10.551199050393851,1.380044677849763,3.686550876196172,6.834532114067586,12.274702636815132,30.206192469712022
state,Benue,cases,24,10071.732293555495,733.5973104353949,1675.0169984342542,5692.283451512085,12790.45650093172,32368.924847522794
state,Benue,hospitalizations,24,195.62176148311713,9.440984900351225,35.20010433159226,117.1609064251132,251.29580602538954,561.3067842897586
state,Benue,deaths,24,20.503867453131875,2.970914712051467,6.749587980896979,12.076698904079677,20.329826362606845,55.15642131041527
state,Benue,cases,25,24375.52166983051,2642.450779617103,4440.496892566526,13540.010099104897,30313.50359711863,77957.82481949752
state,Benue,hospitalizations,25,287.989507370296,31.820496695298345,66.6441810028856,167.50581586894356,365.58813717495536,778.096802387169
state,Benue,deaths,25,29.824882310238273,5.490582935657307,10.637590559259213,18.14877226133745,29.629692510381254,87.64297192791395
state,Benue,cases,26,30678.606638125308,1285.6564474768904,4154.635729381757,19150.42232147509,40450.61762227215,79817.11832265176
state,Benue,hospitalizations,26,370.444520247784,56.774834928561006,97.61000910732838,211.86483156128782,457.8998499535496,916.7392924416591
state,Benue,deaths,26,41.223959038910394,6.437950368996153,14.286504197047968,25.08474329494486,41.244852554290816,122.61657590708862
state,Benue,cases,27,43779.67877394866,2118.545986554991,6098.62857048037,26292.23025905941,55671.93496415841,111499.8415089073
state,Benue,hospitalizations,27,724.1743107420951,108.92021472745316,191.22595368981928,393.6604056148893,860.5844216255273,1950.2644016277113
state,Benue,deaths,27,78.65159528401202,13.9780304259709,26.58123707012326,45.90340851394831,76.48748830868384,215.22840714330454
state,Benue,cases,28,47237.43169654204,2571.511286148745,6478.264530428412,29181.77195367381,62354.9112031823,117938.46379283554
state,Benue,hospitalizations,28,784.4576261742662,39.10574683832206,136.42182921368675,439.43950621361176,930.9417607300054,2122.747742612094
state,Benue,deaths,28,68.83017508428277,12.024451048267785,25.482703065803364,44.67810327453263,75.72456501821911,173.8895251971137
state,Benue,cases,29,38755.46720200542,1076.2637167399937,4344.355952681442,23608.540985281656,48676.69091845202,114584.25306074205
state,Benue,hospitalizations,29,504.7923014487348,40.169664370385085,104.27957867957512,294.1448953282139,630.3076748969164,1231.9341788987272
state,Benue,deaths,29,65.90076233794602,10.91970492845193,21.416368969781615,38.39722348889634,67.3857756369773,166.4630207202275
state,Benue,cases,30,42230.927497944074,0.0,3376.7132458862416,28386.658454976412,59732.99823098433,115941.95850257098
state,Benue,hospitalizations,30,640.0470301647787,36.96758869994737,116.89955660833334,352.0519650648723,736.5248119479388,2156.303200232528
state,Benue,deaths,30,78.4298928417452,15.351032920992239,30.878404607958718,52.15772269246607,87.5127341574109,177.0550029454866
state,Benue,cases,31,26007.410973182665,602.5720977473295,3082.2355008654795,16201.211347294986,34171.28343567701,65887.20386371996
state,Benue,hospitalizations,31,328.5778080309519,11.411580672617957,55.02159941610631,204.11446633651227,417.55630627592444,987.1748692513794
state,Benue,deaths,31,50.6849198541757,9.33618109814839,17.826346962900523,30.768912869942604,50.37123624452969,124.04656621254436
state,Benue,cases,32,11052.417704145457,303.58328661321696,1153.28393830329,5665.39146890491,12242.75518314022,36989.28734463407
state,Benue,hospitalizations,32,149.25467195639428,15.313216931963503,32.00890791174511,79.16866430546406,180.14438386826149,451.7038107985938
state,Benue,deaths,32,22.222171685879605,3.1079180381893456,7.247411499085834,12.8068796218066,22.73918353445021,57.446066457275585
state,Benue,cases,33,3251.1369344356244,202.54537580134843,507.35624495088393,2023.148717545897,4432.648593207225,8928.059366406442
state,Benue,hospitalizations,33,43.953032720229935,3.0243272446400034,8.818396165181865,24.782639786291803,53.851449958187615,118.87057995373833
state,Benue,deaths,33,4.977601302522932,0.2905668258710521,1.1566015748127647,2.641765837819834,5.190229578033232,14.56975986310851
state,Benue,cases,34,1377.7249242846622,97.35205323780687,214.4858132367166,782.6180158189843,1719.7026033124798,3825.2084665034326
state,Benue,hospitalizations,34,20.129727749287536,1.3824411587331482,3.683940116132445,10.66967961393674,24.977153802115424,63.312745710051125
state,Benue,deaths,34,1.9279147344621592,0.15058789584760512,0.15058789584760512,0.7840466901896002,1.9884132972052324,5.928591072881076
state,Benue,cases,35,993.1953835965276,136.35942957096884,212.02615658038368,573.0601704332279,1291.5328886169414,2798.8458116135103
state,Benue,hospitalizations,35,16.17730925423958,1.1902314650730892,3.251036360654703,8.616116178638547,19.831566164901503,45.26464374828771
state,Benue,deaths,35,1.7910960524143003,0.130294279204191,0.130294279204191,0.5525232695794944,1.628533799207618,5.411076476117204
state,Benue,cases,36,1209.3337868225174,0.0,98.06992381169809,678.9472412924007,1432.2967182493435,3690.90719637569
state,Benue,hospitalizations,36,9.013882346164396,0.4757592751366384,1.2244177916024042,4.358455659052876,10.505520345845543,25.746782451125693
state,Benue,deaths,36,1.4261486070071716,0.13087832208233974,0.13087832208233974,0.3008389313560751,1.236831666899663,5.370399052821265
state,Benue,cases,37,825.7761717986563,112.23258898321151,194.65486890559094,509.3129732499511,1143.6182541416415,2071.242448278952
state,Benue,hospitalizations,37,15.973109617791211,2.5274191269924207,4.294189329501817,8.439694925972033,20.35413378599607,41.74026143557554
state,Benue,deaths,37,1.6353245423014269,0.11050597318228444,0.11050597318228444,0.37909380689950595,1.4678573575744331,7.787067319810058
state,Benue,cases,38,1125.292652879884,107.22707093584303,214.79397880503683,668.2480133781374,1490.567405622889,3087.7165677306493
state,Benue,hospitalizations,38,12.36722861906296,0.6680392218439568,2.4063595167734997,6.793850498933685,16.191235740003354,35.57867543157363
state,Benue,deaths,38,1.6738663353788479,0.1409700337114862,0.1409700337114862,0.6253879114198532,1.611085051347397,5.3772132648620055
state,Benue,cases,39,926.9130793268777,52.3954671176657,119.48498628007914,491.0529640368026,1099.7289668033654,2670.615704129321
state,Benue,hospitalizations,39,12.663111446639444,0.0,1.2849612065090654,6.312058739312188,14.665535930039251,40.42018570354353
state,Benue,deaths,39,1.9041660069078876,0.12776609185635956,0.12776609185635956,0.7671820562062222,2.1012415134159683,5.999919143288109
state,Benue,cases,40,1133.680119798488,112.30477364748559,212.70866978681127,656.7568451204994,1432.0582542439693,2836.5741157638186
state,Benue,hospitalizations,40,11.233479642873501,1.0454640654777316,2.4192992664473882,5.999680838687594,14.3182203218548,27.86746068366933
state,Benue,deaths,40,1.6084620159507053,0.14423588655291764,0.14423588655291764,0.636436485754233,1.7143539586453598,5.758123105386731
state,Benue,cases,41,647.8965212930232,59.337806546909945,111.27145696502294,363.6540294977476,802.5623579003416,1743.6465332841208
state,Benue,hospitalizations,41,15.014039164795475,0.0,1.7838119064168065,7.9178124098562215,18.38146320709044,49.8055168151811
state,Benue,deaths,41,2.072286088637611,0.1410509733660571,0.1410509733660571,0.8059012267635142,2.024300853799823,7.381707061739291
state,Benue,cases,42,906.0489378109777,106.20750521848717,185.10050444519382,503.1097504309899,1127.8808137030333,2671.599452508686
state,Benue,hospitalizations,42,12.042467651340667,0.8044046541401162,2.4582952224559698,6.601267034431136,15.160537893476342,31.32221232137262
state,Benue,deaths,42,2.19204642498025,0.2222290106865764,0.23404903336383293,1.0017960229581215,2.347783126080592,6.453778276804199
state,Benue,cases,43,1221.1567605063308,113.18865191345252,209.32336418411148,656.6030243599786,1424.3680182776839,3290.4569569452724
state,Benue,hospitalizations,43,9.609164612170044,0.0,1.1161510218401212,5.548154861505056,13.313606165355246,27.63485538972604
state,Benue,deaths,43,1.1434142190517227,0.0898918206234964,0.0898918206234964,0.1383500555790506,0.9666502240303028,4.612185539616884
state,Benue,cases,44,862.7176418754852,81.32661599126438,164.53505943920757,500.3548127745034,1087.7081479301125,2358.403490416363
state,Benue,hospitalizations,44,12.098488988612383,0.4986998242890266,2.1879079469262663,6.674455742387236,14.720347041398933,36.90593013099666
state,Benue,deaths,44,2.0788922866605852,0.158425320534192,0.158425320534192,0.7616306939740343,1.8891406488171505,8.1971258787471
state,Benue,cases,45,756.081540061197,0.0,62.608203753827524,477.4480192794971,1031.40688965551,2152.3035185992785
state,Benue,hospitalizations,45,11.19027286913946,1.02135125113817,2.2742223504568875,5.773615943442647,13.534374713861403,30.986641894374543
state,Benue,deaths,45,1.2882314902908603,0.11235043651806403,0.11235043651806403,0.3721845957805545,1.2950285241309074,4.236905842292219
state,Benue,cases,46,684.4890573223996,18.888136296139358,90.48261542705407,423.8943131562898,875.579827245097,2020.9069137458955
state,Benue,hospitalizations,46,11.92869829030795,0.04556253765335329,1.5637743873816747,6.037459945039624,13.964169619245933,40.076176658296944
state,Benue,deaths,46,2.516323728963463,0.21900534420445195,0.25300349759455837,1.0344527258139562,2.3165117589247703,8.320428564200784
state,Benue,cases,47,787.6292679408125,107.91565643180225,168.10005399820207,431.78991364067537,969.8129201380569,2272.82556714392
state,Benue,hospitalizations,47,9.456426480251553,0.06585913829146062,1.1351419993491771,4.961567466878539,11.370518812954554,27.6696620943295
state,Benue,deaths,47,1.9072155216270266,0.10198150163174491,0.10198150163174491,0.6719878620746829,1.7582856701717806,7.269433234716688
state,Benue,cases,48,954.5032076409785,147.78480630909692,228.04525460243661,514.6767732399222,1175.4386113046307,2493.7638319822763
state,Benue,hospitalizations,48,13.4196481887991,0.16229390345667147,1.9452956506044483,6.966149418163588,16.09450893500145,45.05678552093371
state,Benue,deaths,48,2.371467915855244,0.11642421011442017,0.1582697000699721,1.0167127934905678,2.436291460576564,7.654553663471062
state,Benue,cases,49,691.4882872919883,35.82492075136946,104.13969592377111,404.20706418360635,884.8225736090952,1859.1349855520114
state,Benue,hospitalizations,49,15.522866977608508,1.686279092131135,3.4831386915896725,8.004883183830254,18.789164309281652,48.2084245230178
state,Benue,deaths,49,2.3246960798215244,0.1818266774722832,0.1818266774722832,0.9279065178689829,2.211811252522371,6.823101844489288
state,Benue,cases,50,815.4257280948578,0.0,60.15183579294731,518.2042200552488,1048.4239082468287,2452.127343777562
state,Benue,hospitalizations,50,13.117771290941647,0.7361028612761874,2.5730803976034755,7.251226709374984,16.327782263885055,38.89368164307554
state,Benue,deaths,50,2.021893928623302,0.1519794194185995,0.1519794194185995,0.7001814144840386,1.6564867217833972,6.121884249581658
state,Benue,cases,51,1115.3841678052272,111.54473140293607,187.25024434410918,561.7903415089793,1254.5917170950083,3559.39585099353
state,Benue,hospitalizations,51,22.606232703546556,2.3228702089798987,5.232981289763823,12.591770245490713,28.55275981062817,64.48174626156965
state,Benue,deaths,51,1.7740220243562912,0.17262669633825367,0.17262669633825367,0.6281750695098466,1.8085209128742343,5.968523216329806
state,Benue,cases,52,977.5872630179152,160.7819060934023,243.40931583433033,561.8314452169104,1275.8273163275285,2208.9900995546145
state,Benue,hospitalizations,52,15.350134355328933,0.6770847917848021,2.5676439520392322,8.092797108104154,19.394121293157486,53.30760865672055
state,Benue,deaths,52,2.0954513814835396,0.13882253351467255,0.13882253351467255,0.8080403303870589,2.0232069912853268,6.662420127655647
state,Borno,cases,1,1256.9240941232126,19.640387482887164,148.34549750883636,775.2312979158593,1620.7925676205743,3647.4577882362037
state,Borno,hospitalizations,1,23.81745010750278,2.2033811481648318,4.986389821936896,12.281843116025183,28.018111275017503,72.1245561329382
state,Borno,deaths,1,4.484523213609926,0.29719153715621216,0.9104657810679927,2.1731253269818955,4.113560490262134,13.638470536494271
state,Borno,cases,2,4252.58381341341,192.57951062654064,532.7043512197365,2348.428960546446,5264.228479184251,11012.046359064603
state,Borno,hospitalizations,2,46.26246630463519,6.909577450343026,11.729431906247532,24.487793537553976,54.84144283336012,129.98448921361114
state,Borno,deaths,2,4.299702208016856,0.3306916831335971,0.9794819469646476,2.2691859539166748,4.413135491771086,13.325450292302923
state,Borno,cases,3,1630.7849161187921,0.0,143.5489613883929,961.6026663988455,2028.289932104994,4836.24533674078
state,Borno,hospitalizations,3,31.16098361215363,2.4562382536373737,6.697563842896386,18.590150282593097,40.33764225574377,85.96711547338083
state,Borno,deaths,3,2.182163834185917,0.16459417221761363,0.18743488970280645,0.9626972944018526,2.1222957773465385,6.648816769875373
state,Borno,cases,4,1532.0424790275792,100.43764368728544,253.99924057774479,888.5723075719048,1918.6703165519418,3905.585959231102
state,Borno,hospitalizations,4,24.314791418989277,2.441616855301167,5.115300415688134,12.365695678364784,28.345332224103792,85.44060155327335
state,Borno,deaths,4,3.030748099716194,0.29061290763871406,0.5895862257606779,1.573022803577968,3.1557248837593566,9.124812644214119
state,Borno,cases,5,1601.2834361626615,187.34814446241887,311.47982739135074,823.8906871852284,1838.9137868076193,4319.996238947941
state,Borno,hospitalizations,5,14.780173867120542,1.1295200615575571,2.9618686394417457,8.186966925279231,19.1123908431206,39.31691563937425
state,Borno,deaths,5,3.0693326050558145,0.1895196290441039,0.4617249991282427,1.4993031350842587,3.1637247841804683,10.059473361528752
state,Borno,cases,6,1309.0918209931267,39.88466650724541,161.6770149850221,720.5337690485421,1533.20225080088,4040.2755350003745
state,Borno,hospitalizations,6,25.23719059497509,1.459222190249181,4.58747261453201,12.865778835289857,29.861427142074657,89.23684549904715
state,Borno,deaths,6,2.8577649260890583,0.2554640651603348,0.4779944646051288,1.4041232012244427,2.912581402708137,8.139291170700778
state,Borno,cases,7,1901.4974227550258,188.78267415647863,357.4205991543718,1089.272244842988,2254.649004310212,5344.584786057778
state,Borno,hospitalizations,7,24.694916447729252,1.8956767255904654,5.124587549071192,13.724791472070427,30.812462414480173,68.51479059072085
state,Borno,deaths,7,2.5778615002717333,0.27720305010840707,0.39648987938843594,1.2224563620546463,2.5507224479646617,8.536989182111139
state,Borno,cases,8,1776.9539304499503,28.47009178015408,188.1611168223531,1044.5339138942845,2186.396378767354,5289.830885755151
state,Borno,hospitalizations,8,29.95131188203793,1.6861435776700848,5.39310674915444,17.38382161990197,38.093423684983975,82.1271450729865
state,Borno,deaths,8,3.5837338553377966,0.21587217450859053,0.4755802617019878,1.4777641284412821,3.1525196519141137,13.626549422358014
state,Borno,cases,9,2450.365103209351,306.0615926209618,514.0982056964866,1406.7594741216117,3112.713070071627,6927.520355549897
state,Borno,hospitalizations,9,26.20375000526147,3.025294800273164,6.420568000422598,13.985762747567172,32.63229236103301,66.94988977937811
state,Borno,deaths,9,4.571607637281251,0.28198895269809565,0.9804934374962401,2.3476615856380034,4.540406067463129,13.734996752756116
state,Borno,cases,10,2840.486567934761,169.71327817955697,382.82192743628485,1552.675960500373,3244.469060136653,8523.639604227803
state,Borno,hospitalizations,10,47.752414542424205,6.830355542652422,11.927299840029182,26.234346822037956,55.45477213504582,139.59783723157182
state,Borno,deaths,10,4.109597994194122,0.27075007105115967,0.942229529895534,2.236097144573945,4.403295647243322,12.273355322034744
state,Borno,cases,11,4729.652607207123,378.83021654032217,745.7574833639842,2682.1078134670306,5904.5565278036665,12752.94940340326
state,Borno,hospitalizations,11,50.625165514796024,4.145052615805175,10.81252110894615,29.89487997254739,66.28340067014787,131.4663341218603
state,Borno,deaths,11,5.370063089022291,0.2436882908845437,1.0684170801698294,2.5581835913188424,5.19278361237955,16.81067083869163
state,Borno,cases,12,3922.7677671827723,493.38574898063246,839.4653230487769,2262.640146557435,4972.8811886250205,11359.27383748873
state,Borno,hospitalizations,12,55.35636833255674,5.334155452583612,12.657646820427093,31.839119454806983,71.22900207004227,148.0765690884071
state,Borno,deaths,12,9.813774954777182,0.751315361801163,2.626307436738602,5.240992429656288,9.529833357333288,28.64866684327524
state,Borno,cases,13,9226.167046213983,833.284405024825,1627.922000348061,5046.568844306112,10819.3026479849,24805.42412027734
state,Borno,hospitalizations,13,150.51608708018694,16.002302429488097,33.86435199885413,80.1842850086094,177.11836742175632,445.83902131919876
state,Borno,deaths,13,13.755628925969035,2.0906039762438655,4.50739561616245,8.158327451295769,14.602353228096941,44.42432614003091
state,Borno,cases,14,19738.84048219013,0.0,1224.0998984921926,11457.862372508293,24004.16110983199,65463.80960136543
state,Borno,hospitalizations,14,310.56002888334314,21.763449516572468,60.508814074830475,174.98257849264138,358.99775329620593,849.139859527082
state,Borno,deaths,14,29.726580591608226,5.084046457791971,10.57043679442793,18.36826735446529,30.170794658964027,78.93740695762497
state,Borno,cases,15,36314.517779343936,1672.6988318041451,5260.58663236557,22496.872401575038,47555.68507603904,92344.4719114627
state,Borno,hospitalizations,15,475.8631045304041,28.593508962407,93.62924997882673,275.65020576194127,590.7312001222679,1446.4194427381194
state,Borno,deaths,15,73.5490203910356,14.298479083464583,28.348587342626367,46.9360825296757,77.34414637907412,185.25399922836363
state,Borno,cases,16,92644.89206129315,16059.11918687394,23514.581588485384,53584.328844693395,122101.00060758527,239134.35821813342
state,Borno,hospitalizations,16,1109.9620185416595,112.60096159894424,234.82542551118496,567.5844112188013,1219.6017623429912,3604.678212630809
state,Borno,deaths,16,196.3293739540172,29.296819293648426,60.46430700612558,103.54668495221699,176.99223523059544,680.1404788706681
state,Borno,cases,17,127483.94802571717,11258.171012991737,22913.16178116633,78682.05445264057,171003.26750417965,319762.04768587963
state,Borno,hospitalizations,17,1499.5851974092345,188.76062829191045,407.32530047807717,915.1618634743115,2016.9171214362768,4164.247682708821
state,Borno,deaths,17,391.62016618206366,79.91220391311337,150.88507162018806,239.33152815440846,386.7686160269395,949.3865876837154
state,Borno,cases,18,222466.50289568357,10897.320779975431,30608.74194483996,132559.92803185436,291471.83962778375,650945.481786329
state,Borno,hospitalizations,18,1808.6725744418911,198.95651722822421,461.21665525814075,1052.865392278023,2284.632108333853,4907.090413210099
state,Borno,deaths,18,582.6006780891337,101.1158645283514,203.56626848047492,349.6825810712026,604.9525202907714,1692.8226400505844
state,Borno,cases,19,278234.4907349267,15885.08060058374,40435.30073516914,155294.85048936773,333892.91086978465,832393.8607449331
state,Borno,hospitalizations,19,2922.0551391689564,286.1307712049782,626.8535616218409,1689.1738426784884,3529.522374301378,8595.61017740562
state,Borno,deaths,19,446.3547621473419,89.01818178300566,174.46902754537888,291.1386680007283,463.54289825937747,1126.659910132909
state,Borno,cases,20,275847.4253414561,26455.338079917394,46964.09048779154,137814.9515015481,309728.4373696386,928888.1346362924
state,Borno,hospitalizations,20,3008.270452461171,550.974489193401,898.7618975937156,1756.7905919424272,3818.6054589134365,8196.595020956898
state,Borno,deaths,20,269.77084899634144,53.47778672977211,94.61139753787828,160.58747677049203,278.10523559183673,771.5919371347524
state,Borno,cases,21,95371.25826884618,15750.165132160544,22606.050930041303,47900.11146402195,112814.75991639783,269502.24796973844
state,Borno,hospitalizations,21,1094.6250905083898,75.1316689106009,196.4702735082427,619.8543681119959,1301.8481262567448,3604.2494514775103
state,Borno,deaths,21,160.5602736580541,26.565951372979,56.161269437817396,98.93386878131601,170.5636092825021,391.09984548718654
state,Borno,cases,22,16640.662946041673,921.5326847765737,2568.085905296598,10064.826004770483,21093.572732282606,45539.96374370156
state,Borno,hospitalizations,22,345.0692196268321,41.087404996237254,80.00344639932439,194.77141169615942,433.71374099134493,932.8797160586836
state,Borno,deaths,22,35.97294421954899,6.051068211448724,12.724992865041054,21.97449465536105,37.417507969205296,94.75724559362268
state,Borno,cases,23,9312.090313111998,880.1930635653895,1710.254777670678,5390.481673072002,12162.268243621413,26972.612412243267
state,Borno,hospitalizations,23,79.93495781857511,9.01077314352732,17.511799198495233,41.392760363569444,89.65630390442857,261.3291461467297
state,Borno,deaths,23,24.28312898701795,4.211730688530871,9.262429630900659,16.155758389399484,28.06843546143642,67.33412518689926
state,Borno,cases,24,13285.77704705765,967.9953429386742,2209.8067142340565,7508.917436636497,16872.00185112178,42697.64044279413
state,Borno,hospitalizations,24,124.7347630162777,5.676559800490677,22.148406367846462,74.5588065069341,160.33229311392466,358.5709511471402
state,Borno,deaths,24,23.609476482042854,3.544504693927658,7.868999086862088,13.96559958095079,23.410873326325014,63.26809406528843
state,Borno,cases,25,20006.937418283702,2168.7106126651115,3644.52388046225,11113.288015035007,24880.75708793415,63986.60698175908
state,Borno,hospitalizations,25,178.91617668198975,19.433054251536113,41.1132328698332,103.90665358646801,227.22675002168612,484.04223985908914
state,Borno,deaths,25,35.594276159816204,6.705483245506596,12.815902201911596,21.73301878960039,35.362925301694816,104.2350677579441
state,Borno,cases,26,38629.162894829424,1619.0909639075767,5231.560647922222,24113.47617570643,50933.57566998782,100501.82847780941
state,Borno,hospitalizations,26,478.42086203326187,73.56957810766185,126.27525375742898,273.74315942418747,591.2988485734106,1183.5197296508
state,Borno,deaths,26,72.3749348832061,11.925342303564701,25.564213199823996,44.3289171427047,72.41124271329632,213.81543687812365
state,Borno,cases,27,43458.4638556754,2102.995065390239,6053.876135932816,26099.319157569225,55263.46757155164,110681.76971093359
state,Borno,hospitalizations,27,519.6407796545226,77.91750362327288,137.00912265698673,282.3474631331539,617.5767730164939,1399.9153445272414
state,Borno,deaths,27,100.4883665367994,18.084311324212607,34.14273238759465,58.76214661006672,97.73096185263938,274.50820246073334
state,Borno,cases,28,51230.067218670905,2788.9423151435394,7025.897950567678,31648.32678240181,67625.29038861746,127906.81616106172
state,Borno,hospitalizations,28,935.134702209058,46.79938193466562,162.78397158954948,523.930660473415,1109.71962682997,2530.15419820584
state,Borno,deaths,28,115.62415447428135,20.75228100405812,43.22905784662616,75.28750989026659,127.13855202076977,291.0849472008936
state,Borno,cases,29,51559.30484844356,1432.1556766037527,5779.9164586876595,31408.34495358276,64758.17454535393,152439.39442452908
state,Borno,hospitalizations,29,918.2983252390721,73.82755945067629,190.3499673379627,535.43799480722,1146.4276824320762,2239.908615147222
state,Borno,deaths,29,147.68822477965276,25.491772347167085,48.8208090856391,86.56108326868258,150.9886952599704,371.18976880037303
state,Borno,cases,30,39010.612303484704,0.0,3119.1516555743983,26222.00742493478,55178.08712395227,107100.93186605857
state,Borno,hospitalizations,30,746.6754093227621,43.282916988063135,136.5103465083504,410.77676530882906,859.2007960587941,2515.137626989013
state,Borno,deaths,30,69.48997818166399,13.510707651901292,27.29045797352852,46.1747673164373,77.55053653397621,157.01473253615058
state,Borno,cases,31,55915.76565375026,1296.6499053740204,6627.802542192625,34832.946267790394,73467.70495210591,141655.35195551414
state,Borno,hospitalizations,31,709.4505366601925,25.75570524821688,119.76603625659473,441.16625973777,901.2838795390094,2129.2134057521785
state,Borno,deaths,31,104.79432828413184,20.157222249487592,37.535819279656906,64.02807408573648,104.1522464763265,254.95894342137657
state,Borno,cases,32,38076.67918785178,1048.253847707384,3975.373349564594,19519.056787997688,42177.3065615527,127426.21951597804
state,Borno,hospitalizations,32,406.790122791408,43.27395600543357,88.58594388630561,216.57719101497193,490.62458364056704,1227.63495816804
state,Borno,deaths,32,46.783185648978986,7.453344641230628,15.971665732296564,27.412035191081724,47.85090161306796,119.2713243289024
state,Borno,cases,33,7295.830518588952,455.695596252048,1139.6009961281432,4540.590796759886,9946.79557076727,20033.167198623687
state,Borno,hospitalizations,33,65.2775548574509,4.933397331072162,13.476070672306994,37.01347077321573,79.87201338331072,175.73507543872867
state,Borno,deaths,33,8.826302567745362,0.890471124232815,2.55592166701162,5.0047410704550614,9.206786333361382,24.672264684403828
state,Borno,cases,34,3709.974374427956,263.7242700912526,579.0013598717815,2108.185323934802,4630.441090554836,10297.618179968369
state,Borno,hospitalizations,34,39.849536037708326,3.6072831095268834,8.058036167645618,21.56740636879799,49.235910971967016,123.37118371258148
state,Borno,deaths,34,6.551529822053667,0.41610024520603406,1.808588059809129,3.7629644548737926,6.978326121917817,17.49762855644842
state,Borno,cases,35,1822.6732468963494,250.96125535338308,389.75830471011204,1052.010496931353,2369.9199304238327,5134.81534004237
state,Borno,hospitalizations,35,20.0392215804413,1.6834618023659793,4.208350750227723,10.781622565462037,24.522741764239687,55.68323475320783
state,Borno,deaths,35,6.4617049926151005,0.4864019205048017,1.58172966488825,3.3226912120806875,6.318627795877969,16.85036300988598
state,Borno,cases,36,1591.6092241779843,0.0,129.36191220166893,893.7137452089211,1885.014380090784,4857.024143688782
state,Borno,hospitalizations,36,14.7409534480127,0.8475210901308459,2.5051923928700144,7.443745632924984,17.130165360355782,41.14703673714931
state,Borno,deaths,36,4.260102499608731,0.3036453120007854,0.8361228681126073,2.0180219068355765,4.189579439761434,13.779695958712432
state,Borno,cases,37,1425.1300012967918,194.31814991977345,336.49071146913195,879.2535269242808,1973.384951990224,3573.4706079543716
state,Borno,hospitalizations,37,17.125762097197658,2.7673921833277704,4.6543571316483625,9.081884685880217,21.806872053134924,44.647914537182416
state,Borno,deaths,37,3.1508275346116177,0.18164535395229486,0.3451653680392321,1.2668999283365259,3.056566448955065,13.443834188733447
state,Borno,cases,38,949.4583052621675,90.33089713596841,181.1046944205619,563.7664760743977,1257.7071618621403,2605.5128871204106
state,Borno,hospitalizations,38,9.960318365095628,0.5471514377209008,1.7899477247044682,5.383482236420868,13.080324992562922,28.95943082064517
state,Borno,deaths,38,2.9530821412013073,0.21497116294032526,0.47497795261271025,1.4786227281621338,2.981753960370325,8.724882060194547
state,Borno,cases,39,1457.4935034372393,82.92697941126664,188.37826577322826,772.4087032325408,1729.1254642217987,4198.244772991161
state,Borno,hospitalizations,39,13.142746549042368,0.0,1.36568577465819,6.5703838182371825,15.218977983748786,41.88350446538957
state,Borno,deaths,39,2.0080693737121424,0.13286441071048571,0.13286441071048571,0.8376988691174186,2.2249920159892422,6.279240669266274
state,Borno,cases,40,1818.6417237879723,180.7023935079888,341.71615893681945,1053.818691721648,2297.1389614054233,4549.5056141298965
state,Borno,hospitalizations,40,19.628442754071063,2.2296330566330047,4.7737701355455044,10.819541091749706,24.86608428572081,47.745099330710644
state,Borno,deaths,40,2.2315907164512296,0.18263535381241047,0.24610946850608562,1.0720998338898908,2.436987891549685,7.55731700312528
state,Borno,cases,41,1225.1134021813925,113.01046366834657,211.14097094085685,688.0269527654572,1517.36008389568,3295.5726064710934
state,Borno,hospitalizations,41,15.331624242599611,0.0,1.839205066231036,8.095261829795056,18.767121622585144,50.81646087569785
state,Borno,deaths,41,2.152593599394341,0.1450815636228442,0.1450815636228442,0.8575056057735255,2.110721509141802,7.621217828748432
state,Borno,cases,42,890.1860950014076,104.33261651910638,181.84590270791566,494.29367293338856,1108.138484318108,2624.859940183803
state,Borno,hospitalizations,42,15.934754350179263,1.2913343143392049,3.493723545455901,8.877118768264973,19.99907178762311,40.99962039291347
state,Borno,deaths,42,1.2379635884444362,0.1478916350575703,0.1478916350575703,0.3321792954591085,1.2279229827130285,3.9604300235484895
state,Borno,cases,43,1497.4350151238712,139.00190473603507,256.86863320344895,805.2594174450368,1746.5837937026572,4034.5169765755327
state,Borno,hospitalizations,43,14.315394971084464,0.0,2.062513705946311,8.476551439405393,19.714785764581364,40.44063263621459
state,Borno,deaths,43,2.751669933950344,0.1703129542730223,0.2650525147837537,1.1567675414491587,2.726101077418293,9.633090892483796
state,Borno,cases,44,1163.4929909831415,109.99549510765772,222.17989946386237,674.9433143033326,1466.832710627462,3180.0266391283185
state,Borno,hospitalizations,44,10.917027652644633,0.4535260475971681,1.8991373584987323,5.979279740606188,13.296349253192151,33.47229342283041
state,Borno,deaths,44,4.142124709610098,0.27142921725120317,0.8155351698191456,2.018192033563648,3.9499485447960536,14.7573844244824
state,Borno,cases,45,777.648026376643,0.0,64.42037248011545,491.0787852267357,1060.8196912727112,2213.6501541639786
state,Borno,hospitalizations,45,11.060679101076511,1.0104274152113435,2.239202989875031,5.701168909070249,13.378922684506868,30.64452959215246
state,Borno,deaths,45,1.1325995555098172,0.1031240742081797,0.1031240742081797,0.2594990323855422,1.1065578307237982,3.8068444007777544
state,Borno,cases,46,1341.9758363268854,37.96448082708461,178.2311034951506,831.4453368579026,1716.3795152807284,3960.2838529317182
state,Borno,hospitalizations,46,23.940947008746544,1.018883531973788,3.9504087072571563,12.588677365825932,27.894412840922023,78.31425775640767
state,Borno,deaths,46,2.128142357561912,0.19278154140608805,0.19278154140608805,0.7908464006891556,1.9193910828954894,7.204396069415349
state,Borno,cases,47,1143.8003285729387,157.1055691674156,244.47123122162924,627.252152792386,1408.2641436689773,3299.7603980775284
state,Borno,hospitalizations,47,18.971828453502873,0.7185643108632789,3.086528539351368,10.410068089192068,22.676401003366962,53.87194406636631
state,Borno,deaths,47,3.2166795833351816,0.15138015557869577,0.4352532417524334,1.4818793471047418,3.0943671862065973,11.275050568870805
state,Borno,cases,48,1531.60559204541,237.6474732237576,366.3834218744533,826.1339123043493,1885.9809959456256,4000.544912830172
state,Borno,hospitalizations,48,16.76184767342214,0.43245079832731453,2.6298831934599325,8.817755268014707,20.067858050473806,55.76195925285676
state,Borno,deaths,48,2.1833220878746755,0.10943741104642357,0.10943741104642357,0.8956867023353949,2.2300742317843243,7.135180352624119
state,Borno,cases,49,1316.2713815517081,69.04972426639192,199.00061259163886,769.7998425441333,1684.0444146021712,3537.4174677780234
state,Borno,hospitalizations,49,12.838805446038396,1.2644514771607662,2.752939211200782,6.53819623209021,15.565967685212012,40.193511648501655
state,Borno,deaths,49,3.955223388646654,0.27632589102202054,0.7602199314649707,1.9298807730703542,3.8810582610083832,10.888935208993392
state,Borno,cases,50,868.1294913212544,0.0,64.09992638409156,551.7251318889206,1116.1769136071207,2610.5063827591543
state,Borno,hospitalizations,50,12.789888096489303,0.7129971668589361,2.4897905727861307,7.05888756480578,15.923865254292974,37.963745177722195
state,Borno,deaths,50,2.3557355243024443,0.17062154842342225,0.17062154842342225,0.908729396715205,1.9823372109913036,6.995470195928988
state,Borno,cases,51,1708.0070421147836,171.28812810796822,287.18125743972513,860.5427239208526,1921.1117142452501,5449.401176887516
state,Borno,hospitalizations,51,25.201515725179096,2.688397566048842,5.918631054641932,14.086912560196923,31.80366686034663,71.68496761597783
state,Borno,deaths,51,2.653496082536596,0.23336359703653387,0.34654334678051646,1.201031467818392,2.796669672090715,8.420325351119853
state,Borno,cases,52,1545.6809958156628,254.70024164203568,385.29487454747925,888.5688029699227,2017.0566616121473,3491.9431611244154
state,Borno,hospitalizations,52,15.1991482019545,0.66156507912466,2.534629038732187,8.008652526335837,19.2053944595613,52.80504701777401
state,Borno,deaths,52,3.513017072247063,0.20681639781976058,0.5864748554457218,1.6936000862135199,3.503943012501375,10.415395536027136
state,Ogun,cases,1,1645.171676330795,26.01105506783786,194.44107205784638,1014.8155388685423,2121.359785586831,4773.556403673931
state,Ogun,hospitalizations,1,23.40920130985297,2.150659810858527,4.887865649366871,12.06325016733079,27.54053038103038,70.92107012520319
state,Ogun,deaths,1,4.4936513645265626,0.297694699081855,0.9137003066889966,2.178497605967726,4.122218034712399,13.66325428738466
state,Ogun,cases,2,869.3919394982005,38.61120579430277,108.20924854627279,479.75188202557683,1076.3973349139937,2252.544522037302
state,Ogun,hospitalizations,2,10.757702668520329,1.0863583108348518,2.1610245190630617,5.329232985604258,12.866775145674527,31.526603313535546
state,Ogun,deaths,2,1.4758126024808285,0.14531956556280018,0.14531956556280018,0.43661515180970795,1.378755009931578,5.295193738295296
state,Ogun,cases,3,938.4368435424192,0.0,82.21612489908526,553.1656124391285,1167.252215889426,2783.778307940584
state,Ogun,hospitalizations,3,12.238479040331859,0.4746727380581053,2.1641767083353165,7.05276818771349,15.992337767205306,34.74888455467972
state,Ogun,deaths,3,1.141999595550466,0.10470406166217885,0.10470406166217885,0.24853982233066985,0.9862006363544146,3.8656776356388876
state,Ogun,cases,4,730.6236013339085,47.40973110698935,120.69490753266012,423.5362435915671,915.1364603937172,1863.3648349692762
state,Ogun,hospitalizations,4,12.363972029399372,0.9539706105112664,2.2236369048380684,6.045630945141892,14.46918213529987,44.56654527203286
state,Ogun,deaths,4,1.2236476918961456,0.149983255814619,0.149983255814619,0.3279187786305795,1.144740071596964,4.225343833592205
state,Ogun,cases,5,864.1458976109832,100.6977526114551,167.72210911775952,444.3961002710862,992.4533608028289,2332.102923831756
state,Ogun,hospitalizations,5,12.394976536963739,0.8068219516108857,2.3615044799842693,6.794814338202021,16.06464753760006,33.207467454044846
state,Ogun,deaths,5,2.7689999030434214,0.17493214637491072,0.3492148164128271,1.3069297046802877,2.843239442187799,9.208216545517557
state,Ogun,cases,6,1111.0544196877727,33.70433301871507,137.0859325715718,611.4630660952464,1301.284459637702,3429.3758344753487
state,Ogun,hospitalizations,6,16.469627607596333,0.6366795677832786,2.7186157070364403,8.228054708151973,19.539123075718507,59.05508647209409
state,Ogun,deaths,6,2.399647883433709,0.22363817084046345,0.2938648665485294,1.1046158286861645,2.425149238179126,7.0007117983937555
state,Ogun,cases,7,922.624664410779,91.13571415772091,173.00607309757916,528.3054929878649,1094.0727342471635,2594.175107755052
state,Ogun,hospitalizations,7,16.521350058155257,0.9738800611513276,3.174913980918276,9.037367788493087,20.68542665730887,46.385765783006704
state,Ogun,deaths,7,1.3519718113732384,0.17285301303979628,0.17285301303979628,0.38583712690165334,1.214092064855382,4.946894577138191
state,Ogun,cases,8,1436.1864405953518,22.821668869553537,151.9053089332955,844.1403163070762,1767.1462484126703,4275.7570031845735
state,Ogun,hospitalizations,8,19.22495703841654,0.7550339260495976,3.1770363024879136,11.011357435091954,24.542299906429157,53.31242059863441
state,Ogun,deaths,8,2.4217814398885014,0.15844666394955853,0.15844666394955853,0.8186385582074336,2.0478818649440633,9.735649308863309
state,Ogun,cases,9,2673.798783125364,334.0492234762553,561.0476737566394,1535.0720128486348,3396.5175382587076,7559.031670362528
state,Ogun,hospitalizations,9,48.831392862870764,6.373942343340203,12.59374736633904,26.452436642413566,60.61103647061792,123.47748409270632
state,Ogun,deaths,9,3.3287612506079953,0.21762342026099835,0.5284348962912571,1.5835393804341047,3.27577785051385,10.371652542369787
state,Ogun,cases,10,4741.8093562469485,283.94270738796985,639.6488137585329,2592.2876417670122,5416.110787167616,14227.734368163796
state,Ogun,hospitalizations,10,89.3157269139787,13.506035433673734,22.94832118666059,49.45267713088034,103.58464121203212,259.4629122738678
state,Ogun,deaths,10,11.771813745234402,1.6914820827277737,3.8816617161382503,7.133709892270368,12.580815807873595,32.36167508675561
state,Ogun,cases,11,10283.588583072167,824.7629195990907,1622.4744178907442,5832.161357799646,12837.866914472988,27726.48990773191
state,Ogun,hospitalizations,11,222.85205280746365,21.309509827562216,50.22038110140468,132.96357235523365,290.74817063509477,573.388486103032
state,Ogun,deaths,11,14.586977601570142,1.692275274096609,4.079964194681834,7.738781658349115,14.209272500165952,42.74242071932059
state,Ogun,cases,12,45779.07506782188,5767.184572514853,9805.025194171978,26409.741405916528,58031.1435172934,132543.58977439822
state,Ogun,hospitalizations,12,762.4183548380493,84.8041544899608,184.01011642700604,443.8474465313644,977.433273175467,2018.430855565376
state,Ogun,deaths,12,63.07873468891889,9.386940541529405,20.507399839153706,36.01493100608963,61.45177503744834,174.84436609976945
state,Ogun,cases,13,114808.10948841416,10379.591260702593,20266.87673284639,62803.42103126627,134630.71363305877,308653.1566416664
state,Ogun,hospitalizations,13,1872.5645978070615,209.24112044445255,430.1134011530221,1002.8802164281806,2201.513765049784,5524.365572695557
state,Ogun,deaths,13,157.58693466323385,32.22386060378631,58.20426740137188,97.45162853102825,166.72463011301892,487.3095638579578
state,Ogun,cases,14,239650.68835087054,0.0,14872.411682310107,139116.12643761458,291435.3507222049,794779.1359738271
state,Ogun,hospitalizations,14,3075.6560566176986,223.78912033641228,606.3996912792574,1736.8283983319125,3553.97870512218,8394.133217699971
state,Ogun,deaths,14,199.11904828861748,38.6247666819648,74.35706072731375,125.14352639791169,202.0121686646589,519.6240816587571
state,Ogun,cases,15,295527.2657516598,13619.221849271751,42816.72553711633,183082.12548426338,387005.66382935416,751487.7328050734
state,Ogun,hospitalizations,15,3080.7454200721627,190.24948333871703,610.5461059440705,1786.8653384677161,3823.0915074498976,9353.018171678299
state,Ogun,deaths,15,327.1288631423424,66.33653270201484,128.178338616073,209.99153525364633,343.8331788986736,818.8003501849727
state,Ogun,cases,16,209927.0446600951,36389.92185196942,53283.39234682627,121418.9902073635,276672.18718975637,541860.2422298419
state,Ogun,hospitalizations,16,3295.0397311877905,336.0351791348997,698.6548569045299,1685.895482143714,3620.3226352431516,10696.448201073372
state,Ogun,deaths,16,287.3839981068813,43.27682358055826,88.82607221682937,151.7881551094693,259.12403221702226,994.4423441029726
state,Ogun,cases,17,88715.4682765509,7834.2299896051045,15944.909993488152,54754.34808110572,119000.45788292588,222521.33471762427
state,Ogun,hospitalizations,17,1397.5508786636397,175.85759788355415,379.5606697641383,852.8661992483222,1879.7061192710526,3881.026036616602
state,Ogun,deaths,17,97.88883676387587,19.379273440730483,37.255136511132505,59.532054397464286,96.66688182455837,238.37289071507044
state,Ogun,cases,18,47335.415976610406,2317.933798667292,6512.110285283101,28205.181723021153,62018.2993812678,138506.741533119
state,Ogun,hospitalizations,18,596.4208680053672,65.01094461668391,151.58996532895867,346.9088904299301,753.5477217185919,1619.2906958531412
state,Ogun,deaths,18,44.33426193848759,6.932356718016202,14.890700446550843,26.24101040224842,46.07037018516186,130.57608232560972
state,Ogun,cases,19,6094.393093072603,347.02134758209525,884.8507159136038,3401.1148778025663,7313.718572313363,18234.53514805996
state,Ogun,hospitalizations,19,144.922470316791,13.333917577110078,30.34321398230698,83.37553540594112,175.24797406771785,428.1532433405071
state,Ogun,deaths,19,6.560779700491027,0.5176120022884426,1.9582235161632804,3.925151120683525,6.831705373429175,18.0111617477736
state,Ogun,cases,20,1788.4350298221602,170.62286883610318,303.6636136986919,893.0152222361796,2008.2219279855558,6024.725012864777
state,Ogun,hospitalizations,20,37.77551101770732,6.11220017265783,10.593446524617868,21.649160054077896,48.2156777826204,104.626143716581
state,Ogun,deaths,20,2.181085122050321,0.14663101840688342,0.14663101840688342,0.8451667113897083,2.1871015005705194,7.8222240509015855
state,Ogun,cases,21,2467.1227397173147,406.6217712087756,584.0440944901975,1238.6248616533533,2918.540204901549,6973.429533447111
state,Ogun,hospitalizations,21,31.425638402992888,1.253121751712964,4.844145740199018,17.374225883341484,37.55787603834868,105.6975947816655
state,Ogun,deaths,21,1.4447030740686069,0.0865221772037813,0.0865221772037813,0.4262408975795763,1.4485296034172541,4.595989051441725
state,Ogun,cases,22,1741.5463993355045,95.5982417844084,268.008551718534,1052.9909427752111,2207.8091519763725,4767.586630482911
state,Ogun,hospitalizations,22,46.92146134564139,4.827967746634869,10.216787374363786,26.109047782356736,59.196100513753436,128.31709296197116
state,Ogun,deaths,22,5.274929772075097,0.33338339350299373,1.3216305302330582,2.886216097381039,5.498455793296477,15.197672891141021
state,Ogun,cases,23,3099.3576274744246,292.35199638900616,568.6822025910855,1793.8415366447591,4048.190999580033,8978.602062389182
state,Ogun,hospitalizations,23,70.47761605666048,7.841002929628408,15.348674433044055,36.43911815759045,79.06301180908866,230.6756874177813
state,Ogun,deaths,23,4.484837611450525,0.34676574081957323,1.2142622014756537,2.701593940767634,5.271920024132169,13.74403975610765
state,Ogun,cases,24,8772.180484478513,638.8219073076646,1458.7826283664074,4957.754170540898,11140.143561794961,28192.66033762432
state,Ogun,hospitalizations,24,114.94987530421955,5.156933387923181,20.346801392077985,68.67818044556054,147.77604810044843,330.5860953244808
state,Ogun,deaths,24,12.862975866150858,1.5593534878633009,3.994802574887218,7.428258317490844,12.747604634009797,35.19421296320946
state,Ogun,cases,25,17136.44755199835,1857.427535543145,3121.5094818563443,9518.748285568416,21311.03222908784,54806.46144406155
state,Ogun,hospitalizations,25,286.0257232346875,31.597470014089385,66.18451528447085,166.36076028899421,363.0970433818372,772.8025688540782
state,Ogun,deaths,25,24.682834676783422,4.407779301511277,8.696127754579203,14.954242525017062,24.51983678682017,72.85494239396424
state,Ogun,cases,26,21267.560479201464,890.9711545501132,2879.8833987465314,13275.672504817823,28041.97615320191,55332.697891062126
state,Ogun,hospitalizations,26,474.4965032348897,72.9591795974748,125.23342641645824,271.4942152910385,586.4505130466525,1173.8236968098718
state,Ogun,deaths,26,30.107380041379702,4.479712327403167,10.2619258446019,18.21724161890955,30.122772783749987,90.07122812932462
state,Ogun,cases,27,29747.803347042645,1439.2232772284501,4143.673956299428,17865.147983027917,37828.5433812827,75763.38935052104
state,Ogun,hospitalizations,27,506.47361698766144,75.92165610598893,133.51883023551886,275.1815201565158,601.9327794790404,1364.4857720759019
state,Ogun,deaths,27,43.81826111139709,7.427819459705137,14.519376038873128,25.3915513427547,42.600563176801515,120.66713016576472
state,Ogun,cases,28,27976.282448093214,1522.5872164457032,3836.3882609119846,17282.69415849342,36929.710349271656,69849.44548365669
state,Ogun,hospitalizations,28,584.7238685162803,28.90725687368237,101.47683362968623,327.4401485590048,693.9582996627285,1582.6999502652936
state,Ogun,deaths,28,41.20804867821386,6.872472453346178,15.007150673994138,26.609578969371274,45.3752385695541,104.70986557442521
state,Ogun,cases,29,37130.25245549202,1031.0896933488998,4162.137607814935,22618.497470263876,46635.43851757316,109779.23009226577
state,Ogun,hospitalizations,29,557.8622323154286,44.48936483969484,115.32597054081229,325.1127830280892,696.5472253337833,1361.299002068087
state,Ogun,deaths,29,68.68598380211301,11.415947674469642,22.34961023372921,40.03741395392515,70.23282137295367,173.43486354330494
state,Ogun,cases,30,18732.02003676132,0.0,1497.264927688631,12591.020087583067,26495.43354097593,51428.25277876361
state,Ogun,hospitalizations,30,391.39142644813444,22.24033240869311,71.16747178940574,215.10656105904812,450.4461512103577,1319.5063896989393
state,Ogun,deaths,30,37.44358486097428,6.913800449349039,14.428953872822678,24.72801435620139,41.83962479512418,85.1775380875037
state,Ogun,cases,31,12151.159469429973,281.0125613446661,1439.6085769589508,7569.3087312217895,15965.631351348318,30784.553545894003
state,Ogun,hospitalizations,31,120.94656434639903,3.5918792876183305,19.726161220189667,74.88565021693194,153.8521565613816,364.59241198593134
state,Ogun,deaths,31,19.755313067638074,3.15050496870505,6.559740475723816,11.75684215137013,19.628176814707395,49.212587168934604
state,Ogun,cases,32,6452.827412733993,176.83867658292874,672.9579517685943,3307.4663673963205,7147.826983865699,21596.717395917774
state,Ogun,hospitalizations,32,80.094931436999,7.804512973802211,16.8154535167468,42.268353992574305,96.7666198243558,243.3317337156372
state,Ogun,deaths,32,6.205126347004995,0.3805835302459699,1.5515123268211177,3.2714521463952217,6.344221811114,17.081534919953295
state,Ogun,cases,33,1633.724471255892,101.31438930144934,254.53102616533658,1016.4612863381396,2227.6236983047247,4487.292856143623
state,Ogun,hospitalizations,33,31.130940296295115,1.8763169803165456,6.017525636614505,17.42768743855717,38.20410725043595,84.6753846299525
state,Ogun,deaths,33,2.431669722541936,0.16399496840526273,0.21717889185708794,1.05540075582361,2.4937453751908762,7.787521662783127
state,Ogun,cases,34,1011.0479574290774,71.19496277687308,157.17656829139605,574.2119210622817,1262.0754143570857,2807.6142456819316
state,Ogun,hospitalizations,34,17.47678581892473,1.0829910563300125,3.095213573071947,9.202912326696241,21.712073639412978,55.22924773231215
state,Ogun,deaths,34,1.1112194585228972,0.10261999386125867,0.10261999386125867,0.21576079780496704,1.0364913958586397,3.7215745287109367
state,Ogun,cases,35,813.7137422593995,111.56199409772799,173.56864122512866,469.42534842982894,1058.192512913352,2293.3909180880596
state,Ogun,hospitalizations,35,14.644737455999511,0.9944143943013746,2.8709735676751147,7.756389829013372,17.969125445257276,41.12836538522242
state,Ogun,deaths,35,1.4003477322398987,0.10946848090445949,0.10946848090445949,0.3043731845152664,1.2083978188662488,4.386351627173291
state,Ogun,cases,36,784.0388521420588,0.0,63.256459069223496,440.01176621857394,928.6320050199361,2393.5600695341823
state,Ogun,hospitalizations,36,16.94022776360099,1.1061739064328422,2.9959190692469235,8.625869398526499,19.668387173100946,47.04761877059993
state,Ogun,deaths,36,1.1848112011831586,0.11492313655242348,0.11492313655242348,0.1422555528095003,0.9641427778862257,4.593792987200857
state,Ogun,cases,37,626.1647924864089,84.89446042918745,147.417249361673,386.10637883425767,867.2691813349925,1570.9339155953514
state,Ogun,hospitalizations,37,8.419230760377234,1.272211832988475,1.9282320114853886,4.221123601843038,10.8110355028764,22.63976690774746
state,Ogun,deaths,37,2.4303618581253077,0.14844955851118502,0.14844955851118502,0.8526226310141327,2.315226540706446,10.80421498195522
state,Ogun,cases,38,549.6147782963754,51.90936109423448,104.4959858733089,326.1777060511395,728.1879728249762,1508.992082264545
state,Ogun,hospitalizations,38,10.16036815014681,0.5572083347493093,1.8412282570171867,5.500813598651723,13.339127892115886,29.510099045237627
state,Ogun,deaths,38,1.543032863209382,0.13312829421821515,0.13312829421821515,0.5349724646664488,1.465838233790792,5.022468048453604
state,Ogun,cases,39,663.8612745566478,37.25851700371686,85.3289927987905,351.56207516355124,787.6860096219248,1913.245915642765
state,Ogun,hospitalizations,39,12.573623503068662,0.0,1.2698974964228984,6.2638536614017815,14.562260175981667,40.14712125615772
state,Ogun,deaths,39,1.1190038271991132,0.08835285870528833,0.08835285870528833,0.2220424390380806,1.144571765988292,3.8405868726945234
state,Ogun,cases,40,626.0625030626168,61.61603929832966,117.10261858337591,362.4986164920909,790.9563234265142,1567.1391579968374
state,Ogun,hospitalizations,40,8.533488629643802,0.8130877109967289,1.6592881626190328,4.44385470411693,10.913424008838673,21.451061021257747
state,Ogun,deaths,40,1.682833740313405,0.1488974620042992,0.1488974620042992,0.6893246561814872,1.8020794622102367,5.976539627920644
state,Ogun,cases,41,716.4764376891637,65.71472735435715,123.13708866388248,402.19321415332143,887.4884401269494,1928.032963889459
state,Ogun,hospitalizations,41,14.153026741453203,0.0,1.633597403417396,7.436607212083802,17.335639365205303,47.06405089917252
state,Ogun,deaths,41,2.3777272698923917,0.15630414829941186,0.19633561508501646,1.0011903954011305,2.3513470901585425,8.288100268406874
state,Ogun,cases,42,730.474066700563,85.45565476570863,149.07756155922,405.5306664721605,909.3665802337093,2154.2720131133888
state,Ogun,hospitalizations,42,10.359508095336336,0.7000722926183531,2.009749698084336,5.615372514579706,13.064494474022641,27.129978072428045
state,Ogun,deaths,42,1.7115408290252836,0.18529775848617336,0.18529775848617336,0.6691264333792134,1.7914299183713154,5.215067972798111
state,Ogun,cases,43,703.1776444236631,64.7927841359858,120.18331783974185,377.89521510140816,820.2631357795487,1895.4591790200159
state,Ogun,hospitalizations,43,9.121870094924212,0.0,1.0179034529372903,5.244140502745962,12.649061436049546,26.305411083110172
state,Ogun,deaths,43,1.174884841779632,0.09157142179957313,0.09157142179957313,0.1596197782176179,1.0033964819912802,4.717047510008854
state,Ogun,cases,44,514.002796843019,48.08830783872607,97.7024166852172,297.93928093088533,648.156291299444,1405.8247972880688
state,Ogun,hospitalizations,44,16.175743120006036,0.9308808462001442,3.1834942611601273,9.071194680122607,19.629824551411094,48.74398376837106
state,Ogun,deaths,44,0.9106958354897926,0.0,0.0,0.0,0.6397027951635256,4.427435960256963
state,Ogun,cases,45,703.4133554044962,0.0,58.18265034150048,444.15990329153215,959.5769752138526,2002.4869985259606
state,Ogun,hospitalizations,45,9.76918647657349,0.9014678199856556,1.889903038866876,4.97854733241941,11.828369352422527,27.232136892230496
state,Ogun,deaths,45,1.5386405273329922,0.12685731369146996,0.12685731369146996,0.5493633768084988,1.59136646407008,4.913103925515596
state,Ogun,cases,46,524.5107916251105,14.246521268495282,69.13184247318829,324.7298766429682,670.9982596971902,1549.0218976942676
state,Ogun,hospitalizations,46,16.544394163059646,0.41979130207451737,2.481403019522433,8.556314480327828,19.320159821197606,54.77820191685325
state,Ogun,deaths,46,1.1778809085113549,0.12619296808814512,0.12619296808814512,0.17227106415178403,0.9110057066335475,4.3705198320275365
state,Ogun,cases,47,565.6847053700504,77.26343655289445,120.51009120957771,309.98950377403725,696.5962673238776,1632.9010279752215
state,Ogun,hospitalizations,47,9.631410843918502,0.06696975113948511,1.1711478779311613,5.06210011268672,11.579128544069004,28.153131752398902
state,Ogun,deaths,47,1.5330591360175727,0.08734451504683916,0.08734451504683916,0.4320143029905673,1.3624002428574338,6.082555405064841
state,Ogun,cases,48,656.0835936855201,101.31682576634451,156.51059526252632,353.62230229158797,808.0171799369866,1714.6074108455668
state,Ogun,hospitalizations,48,10.653411070504456,0.11042326174225625,1.3778631956536005,5.431413263602614,12.801128465989317,36.1836135288708
state,Ogun,deaths,48,1.1078019603987121,0.0681484541411358,0.0681484541411358,0.18047491314704717,1.0114197106128644,4.065908996654681
state,Ogun,cases,49,694.9055102991117,36.00664231845695,104.6585334369696,406.2066574263332,889.1938814884691,1868.314276034431
state,Ogun,hospitalizations,49,8.152324971329039,0.8336259633732932,1.4742329950403352,3.969772434592329,9.921590128396742,26.15800602314854
state,Ogun,deaths,49,1.2075258192733027,0.11339129390314581,0.11339129390314581,0.20228680204969263,1.0029592948576571,3.878666061628652
state,Ogun,cases,50,548.744986949561,0.0,40.174508550389604,348.58850083334335,705.593892444939,1650.72985376202
state,Ogun,hospitalizations,50,5.793204702183821,0.34832155293513667,0.7048725131494987,2.93702017620806,7.267840744739783,18.035015648467954
state,Ogun,deaths,50,0.9298428962603404,0.0,0.0,0.0,0.5505160258196704,3.315000051068587
state,Ogun,cases,51,667.3473432064992,66.37731902174804,111.70004922473133,335.92651721251286,750.6869304249603,2130.507393600128
state,Ogun,hospitalizations,51,5.276627530601598,0.41767676161444545,0.6379217147810711,2.571686580218828,6.765963794088551,16.207491750335922
state,Ogun,deaths,51,1.22163213712321,0.1327964841386688,0.1327964841386688,0.25250572118622805,1.1605099950984559,4.360673652434495
state,Ogun,cases,52,658.3029843684426,107.99722235833195,163.66573541952295,378.1960773978716,859.2360688629542,1487.9352468859938
state,Ogun,hospitalizations,52,12.89783753787596,0.42899739901203837,2.031159354249354,6.72546738997521,16.327354511964607,45.141099896652854
state,Ogun,deaths,52,1.1250898430547567,0.0895935614381067,0.0895935614381067,0.16687664690967882,0.9511233115854891,3.945187867495177
state,Sokoto,cases,1,1076.8065853611367,16.68487963908277,126.96063786459749,664.0823337067852,1388.5672443992719,3125.033215545322
state,Sokoto,hospitalizations,1,12.525762438385387,0.785955196724113,2.259342167546605,6.231415363591034,14.799163855758186,38.81330257074703
state,Sokoto,deaths,1,3.173545960213015,0.2243813453146859,0.44241281644701014,1.39572814398836,2.860768018942421,10.052130702502131
state,Sokoto,cases,2,3285.329830589534,148.55999839436004,411.34127337722043,1814.174500801815,4066.92826546578,8507.70626983026
state,Sokoto,hospitalizations,2,39.283804536413996,5.741633083145857,9.849777982146064,20.724213867039506,46.59578128913219,110.64305190830967
state,Sokoto,deaths,2,4.849686474885378,0.3658032396672657,1.1896556399635934,2.616295401461043,4.987881161340717,14.846470878736138
state,Sokoto,cases,3,1592.931420271112,0.0,140.1956448077097,939.2717450913449,1981.2134847131854,4724.028584460275
state,Sokoto,hospitalizations,3,22.818383255280786,1.5592936415317604,4.699932919172086,13.506218430435942,29.609916683174287,63.39787113030856
state,Sokoto,deaths,3,6.794326000705434,0.4684921709298121,1.9794642183546434,3.924721692820887,6.834339910672593,18.192105669304006
state,Sokoto,cases,4,1417.833913630507,92.88074430499763,235.00231267643812,822.3009690704472,1775.6587588892942,3614.5532030565073
state,Sokoto,hospitalizations,4,24.758312336272684,2.5019505173192496,5.222505396350302,12.600004551083387,28.859773962000943,86.95595850845602
state,Sokoto,deaths,4,2.044219024737322,0.2156982927931912,0.2156982927931912,0.9097452709832239,2.0844561242250377,6.51482382511001
state,Sokoto,cases,5,1963.1995496475645,229.89132183507178,382.0612751673797,1010.2130473981948,2254.5047065162235,5296.0021876383835
state,Sokoto,hospitalizations,5,17.916694970667603,1.5534630201086341,3.7505939220611513,10.015900124229777,23.116347711848974,47.34317132222019
state,Sokoto,deaths,5,2.935492372049088,0.1830264347915067,0.41164435887430606,1.4136736895535749,3.0210700419017895,9.680561112544133
state,Sokoto,cases,6,1156.697664223616,35.128763307492385,142.75363362500855,636.6014527524087,1354.7363853067923,3570.174715061265
state,Sokoto,hospitalizations,6,28.5504309033144,1.7699331136200158,5.293422968369116,14.617653457375987,33.76062037555958,100.63783793407349
state,Sokoto,deaths,6,1.9032628354647283,0.18832511334977098,0.18832511334977098,0.7722914339958067,1.8843091324518055,5.737378286760413
state,Sokoto,cases,7,1702.1865710903483,168.9005203280903,319.87147345402104,975.0523320762538,2018.3410236903933,4784.566652202931
state,Sokoto,hospitalizations,7,24.555419101765324,1.8799506284192267,5.091325597528302,13.644822772709201,30.639692481025477,68.1372635201031
state,Sokoto,deaths,7,1.9808371792764052,0.22727747191019387,0.22727747191019387,0.8221814774439504,1.911220569588201,6.819332399471853
state,Sokoto,cases,8,2154.8116333882576,34.73330686172217,228.3631212330048,1266.7389829061058,2651.279016088818,6414.279769216211
state,Sokoto,hospitalizations,8,25.74531777656505,1.3210950389438045,4.524279670773086,14.88544912993597,32.780603734239165,70.83011572219428
state,Sokoto,deaths,8,7.486397436522768,0.4892543233659675,1.7607873384396906,3.6358575070329104,6.7692986109770965,26.366042700877344
state,Sokoto,cases,9,2269.9566527472334,283.4633651889677,476.1895037231011,1303.1552802717672,2883.5590573055047,6417.615233826694
state,Sokoto,hospitalizations,9,30.80935280772904,3.7069974790116835,7.677276225446548,16.523672419987484,38.32807985790837,78.45752442006224
state,Sokoto,deaths,9,5.362781449373788,0.32270375223247916,1.266445750575509,2.831011621389695,5.340354151306503,15.862500093536115
state,Sokoto,cases,10,4031.0872679331856,241.24328834510467,543.6458930003471,2203.676623329102,4604.342394765998,12095.520854769291
state,Sokoto,hospitalizations,10,30.8812218020463,4.120450900071734,7.453460860214339,16.809170342031834,35.917083422028185,90.9401830835229
state,Sokoto,deaths,10,6.790295965052744,0.6396499896391371,1.9739066938820975,3.9550533611847776,7.273428473320149,19.323921367109406
state,Sokoto,cases,11,3959.8516673593585,317.02190340613373,624.2405045741742,2245.4959782684186,4943.567982903668,10677.548173866124
state,Sokoto,hospitalizations,11,58.81142740333079,4.960917537811567,12.685664560121728,34.79396472860379,76.95271166445032,152.47187933724018
state,Sokoto,deaths,11,9.18166212163209,0.7574126358346676,2.316003140992776,4.704336943530498,8.928021822587693,27.553351744436732
state,Sokoto,cases,12,7149.585021042638,899.9573300552538,1530.6448643986225,4124.206252108544,9063.28780553544,20701.704328399603
state,Sokoto,hospitalizations,12,100.84108595014736,10.446395304636825,23.68061063672819,58.34327718189977,129.5243795075968,268.39492616160874
state,Sokoto,deaths,12,8.906475082754817,0.603916087666515,2.321099650852104,4.715719954991838,8.643591034857764,26.153289901418134
state,Sokoto,cases,13,8905.659629121683,804.3053762031263,1571.34108224378,4871.2405723910715,10443.457360206612,23943.768220664195
state,Sokoto,hospitalizations,13,155.9488508416233,16.611937315657027,35.11444888133953,83.09523030882347,183.50498306384998,461.8608899471419
state,Sokoto,deaths,13,9.866610182876865,1.2751711548218152,3.054310335584782,5.741971020474994,10.485788630560611,32.43945628602341
state,Sokoto,cases,14,15546.272182003058,0.0,963.8980044584032,9024.087219584844,18905.64759672795,51559.5823038181
state,Sokoto,hospitalizations,14,301.2244558173805,21.081366365672327,58.665766267785614,169.70944308517963,348.2107940655098,823.6663005363874
state,Sokoto,deaths,14,18.028801220740593,2.767460722015369,6.164831245451864,10.993528816333617,18.302078865826566,48.50012183863365
state,Sokoto,cases,15,30597.507595127725,1409.2149009747234,4432.2754081767125,18955.119403351662,40069.02016181215,77806.88159283878
state,Sokoto,hospitalizations,15,479.97166222873744,28.84848128650874,94.44455849211458,278.03377392940564,595.8294491852762,1458.8901470312092
state,Sokoto,deaths,15,50.21588873222081,9.510201185757591,19.162759696954556,31.93254634629169,52.823176518278856,126.95827564701413
state,Sokoto,cases,16,82310.4497175566,14267.648760311637,20891.470982082465,47607.00508975262,108480.795142899,212459.34309475316
state,Sokoto,hospitalizations,16,1030.8420897594744,104.51058601338197,218.03053013216376,527.0912554029574,1132.6735659724632,3347.890852996943
state,Sokoto,deaths,16,111.99805502468642,16.34907269514993,34.19672214006437,58.86727582499724,100.924898394704,389.0460826927086
state,Sokoto,cases,17,105669.32079495772,9331.554401544925,18992.19773558649,65218.178686572515,141741.81814687804,265045.6925752207
state,Sokoto,hospitalizations,17,1468.045026091821,184.77212918105724,398.7428821305235,895.9054412609315,1974.5033672393636,4076.700087464705
state,Sokoto,deaths,17,142.7485804383171,28.62408825239059,54.609123819304195,86.99170033142816,140.9723001863216,346.96155321221863
state,Sokoto,cases,18,158934.2609744162,7784.979625577732,21867.215474499182,94703.19394335464,208233.06069318394,465048.2628040674
state,Sokoto,hospitalizations,18,2220.2410286317636,244.43203355260178,566.3372151826751,1292.5428657335933,2804.4466244839987,6023.322826143682
state,Sokoto,deaths,18,221.82889720110015,37.989614532480424,77.10696204003801,132.89671352608815,230.36321961572085,645.73096709302
state,Sokoto,cases,19,280575.56247772276,16018.745987530667,40775.53152716655,156601.50884449173,336702.2922343747,839397.6261135964
state,Sokoto,hospitalizations,19,3239.0753419891234,317.27156430995984,694.9474750001943,1872.4817957948346,3912.425489663197,9527.956292088182
state,Sokoto,deaths,19,207.2699007450579,40.90874753451774,80.69113205655646,135.00769799845222,215.27198701963562,523.99187989019
state,Sokoto,cases,20,206340.42181076526,19788.993031713013,35130.04537293053,103088.72888220142,231684.25397376937,694830.9697970703
state,Sokoto,hospitalizations,20,2321.6707917978392,425.03516171785077,693.4708732989786,1355.7304536096328,2947.118547588169,6326.219443699925
state,Sokoto,deaths,20,428.9101607183665,85.49584744956668,150.80478782844253,255.55678359015732,442.1428905119892,1225.665001400514
state,Sokoto,cases,21,65928.20189754746,10887.50956210437,15626.865504383211,33112.21453588806,77986.59458737746,186301.96031530312
state,Sokoto,hospitalizations,21,701.666147435817,47.826142222106505,125.64521606998687,397.17757984852767,834.5661818095152,2311.1839437241297
state,Sokoto,deaths,21,344.81470698037396,58.00405576718795,121.35190739465298,212.90531699129193,366.2265336594777,838.2774418121426
state,Sokoto,cases,22,15345.895632916998,849.7570954372914,2368.2039304259,9281.676956935868,19452.356746437443,41996.751057882444
state,Sokoto,hospitalizations,22,206.0775495111944,24.183853973791138,47.470058101153676,116.14380216218645,259.1198000804583,557.8059040563351
state,Sokoto,deaths,22,117.09739750652456,21.522282087690588,42.8399050595035,72.3843488579538,121.71189635971022,304.8645346386067
state,Sokoto,cases,23,10040.985467984709,949.1602197880679,1844.1872613319679,5812.449541627339,13114.23445377515,29083.71997543499
state,Sokoto,hospitalizations,23,161.86835830594376,19.145042775142226,36.251966591576405,84.3084930241012,181.43097648974515,526.8944787305758
state,Sokoto,deaths,23,39.05653872056312,7.257234843531489,15.259338133883896,26.18082234216313,45.05473929559081,107.26555576580718
state,Sokoto,cases,24,13589.991429349424,990.1814847435405,2260.4254005080256,7680.864695626183,17258.326526953068,43675.26959100654
state,Sokoto,hospitalizations,24,127.18345551077918,5.806597603053413,22.599262495381236,76.03044780964524,163.47452466817455,365.57423094239067
state,Sokoto,deaths,24,21.643557696969594,3.1814096263248803,7.160387249071246,12.76988392929303,21.46050286846011,58.133226894721204
state,Sokoto,cases,25,24308.539342498094,2635.18704905678,4428.2924524608625,13502.801822093317,30230.204756112333,77743.60789416102
state,Sokoto,hospitalizations,25,292.2556323367535,32.304999892793035,67.64275888219312,169.99333479173507,370.9997897246977,789.5979961509007
state,Sokoto,deaths,25,31.097387904823538,5.758543050957758,11.118042028563595,18.939318699750743,30.894222371267748,91.30254784179488
state,Sokoto,cases,26,31277.96138303639,1310.7924949542326,4235.819993601748,19524.563423146363,41240.878132825004,81376.44056103607
state,Sokoto,hospitalizations,26,505.29898963331163,77.75022770843086,133.4107807687329,289.14628907717224,624.5053385075389,1249.928338369462
state,Sokoto,deaths,26,68.32617484148896,11.212134046174254,24.098424846971664,41.827710037665135,68.36047923959104,201.96212268356172
state,Sokoto,cases,27,53033.97677162411,2566.5726827328754,7387.959612920384,31850.056868878477,67440.00287905126,135068.73501684374
state,Sokoto,hospitalizations,27,630.9579187530849,94.79069349128994,166.51657060194518,342.92940407859356,749.8334063342078,1699.4421860004145
state,Sokoto,deaths,27,76.53413179083326,13.57985343386389,25.848015564835766,44.656525072633606,74.42755558433967,209.48017628011118
state,Sokoto,cases,28,40138.20647712391,2184.901530269845,5504.528519289666,24796.040236332712,52983.75557884227,100213.93618786529
state,Sokoto,hospitalizations,28,929.3039182108316,46.501659642804775,161.76382995971943,520.6610876676883,1102.80142036934,2514.3887008616944
state,Sokoto,deaths,28,85.73518798576295,15.177507914299051,31.89383459244104,55.736201356616924,94.29862358141155,216.22809410693714
state,Sokoto,cases,29,62745.693691462926,1743.0894731008632,7034.129333866847,38222.83624112369,78808.15971313823,185512.47319170562
state,Sokoto,hospitalizations,29,805.3386729634551,64.63305222258677,166.83765889573246,469.5226681964658,1005.4364193562545,1964.554846953817
state,Sokoto,deaths,29,74.82811695973284,12.510291181353162,24.407648413133344,43.654457829852056,76.51129302814408,188.8095788125428
state,Sokoto,cases,30,41694.78953807633,0.0,3333.832801820492,28026.273984205072,58974.66850211038,114470.0497924573
state,Sokoto,hospitalizations,30,642.1527938444024,37.092307738527936,117.28684270820901,353.2116990158466,738.9474937306187,2163.3896861083276
state,Sokoto,deaths,30,140.56420274380955,28.141685286040392,55.81539747336148,93.74053613075645,156.7521282652825,316.3391482063925
state,Sokoto,cases,31,36454.09595894527,845.0064372262437,4320.666112386631,22709.087408398136,47897.12496171062,92352.24961843892
state,Sokoto,hospitalizations,31,562.2685616522133,20.2126552314953,94.74661803975876,349.5615096220326,714.3553487016565,1687.891476659602
state,Sokoto,deaths,31,117.31576214921735,22.661314514758946,42.09677940269107,71.72456162192661,116.59768586209724,285.25331774379146
state,Sokoto,cases,32,26885.059216379348,739.8617042723796,2806.6549283268905,13781.80629711066,29780.441498442673,89973.36342746805
state,Sokoto,hospitalizations,32,416.14815815815655,44.289962090349604,90.64177698376503,221.57018847792776,501.9064661181982,1255.829876947967
state,Sokoto,deaths,32,93.80016963453876,15.771140205153038,32.67119141494038,55.36848441967757,95.91848077563162,237.61410229759775
state,Sokoto,cases,33,8772.794806500158,548.1361797729816,1370.4721114004196,5459.862422786493,11960.346905300466,24088.31929861179
state,Sokoto,hospitalizations,33,81.23782261306444,6.362216036107834,16.962046648278445,46.16747733193094,99.34676603991234,218.2945683451505
state,Sokoto,deaths,33,28.059029596922077,4.595948942583343,9.525818584242133,16.774524039522756,29.21292124338936,74.99200039234098
state,Sokoto,cases,34,3095.2011459639957,219.86910490923762,482.91626939555726,1758.7701730354963,3863.180068408881,8591.512422179956
state,Sokoto,hospitalizations,34,32.15281238345537,2.7390747382839535,6.351116353773199,17.314745817915657,39.76932569686436,99.93435548351613
state,Sokoto,deaths,34,16.82843889105122,2.35132292499133,5.646765003790957,10.271964694995857,17.8813943970119,42.776227600455336
state,Sokoto,cases,35,1251.708538579101,172.07596989178813,267.41774734817545,722.3287229301013,1627.620503252966,3526.8686793184456
state,Sokoto,hospitalizations,35,13.256922501816236,0.8170125831315422,2.5266530875089743,6.977514877341051,16.28183456934321,37.38107578366454
state,Sokoto,deaths,35,3.286022450198374,0.2064006711753268,0.4688600785920913,1.4593700261723626,3.1638907224257697,9.155860224324998
state,Sokoto,cases,36,1570.2879936045294,0.0,127.6166164427259,881.7352456716856,1859.7642679737946,4791.98452596896
state,Sokoto,hospitalizations,36,19.752382390757745,1.4367199712873358,3.6230445500927417,10.136567656048431,22.912114590904054,54.588283509510134
state,Sokoto,deaths,36,5.085554179602391,0.35218076733678494,1.1296135163609708,2.5004303672102526,5.019095296441321,16.142120948438233
state,Sokoto,cases,37,955.2508662643838,129.96502414794324,225.29478722492615,589.2289390786385,1322.867613024924,2395.7594904986545
state,Sokoto,hospitalizations,37,13.0062600283311,1.9095819004341201,3.3665927550239454,6.78576301449811,16.612669301442768,34.25172681158635
state,Sokoto,deaths,37,1.5170830157302593,0.10471210168785938,0.10471210168785938,0.3067873779723302,1.33846662886901,7.326357935532143
state,Sokoto,cases,38,1047.6124123566858,99.76266558797816,199.91069946003606,622.0900751939926,1387.694218508434,2874.68823510697
state,Sokoto,hospitalizations,38,23.360377427610103,1.9562632410785101,5.214303886571387,13.218509587254596,30.362386309492816,65.73136049813381
state,Sokoto,deaths,38,1.7530478076242002,0.145692061878972,0.145692061878972,0.679833010840939,1.6985477328517375,5.590828739540648
state,Sokoto,cases,39,1494.3800359547,85.04956360368897,193.1678020598708,791.9688625433922,1772.8817984426248,4304.447219901391
state,Sokoto,hospitalizations,39,13.789119547843068,0.0,1.4744268448955768,6.918363946165131,15.964499237248418,43.854686868838684
state,Sokoto,deaths,39,1.6825884008799512,0.1168423796215674,0.1168423796215674,0.6160919824001939,1.836092369610008,5.401441869098193
state,Sokoto,cases,40,767.5234551225735,75.74178352654245,143.74575030306994,444.50138353733,969.6161778344099,1920.900477114623
state,Sokoto,hospitalizations,40,10.256700648199704,0.9615054771998945,2.144703946732421,5.437554084629251,13.088052594794654,25.549187558653475
state,Sokoto,deaths,40,2.2067645508374087,0.18115138593879254,0.23598444955617426,1.055263391655489,2.4090613181529856,7.487786196236445
state,Sokoto,cases,41,1275.4912008685853,117.69485597390249,219.85728960139056,716.3372714151939,1579.7455357674878,3431.0201685245243
state,Sokoto,hospitalizations,41,21.879945794396736,0.2794178929097542,2.9806615483045658,11.751864762515641,26.714173202761362,71.64843100992624
state,Sokoto,deaths,41,4.071301462319929,0.23843036651780292,0.8249211059748608,2.0526672813148448,4.112231017082221,13.168306953748866
state,Sokoto,cases,42,1459.4167479406276,171.61211561954192,298.63575520839026,810.6544671848881,1816.5826882499662,4302.085355460736
state,Sokoto,hospitalizations,42,15.258677035082648,1.19967100117658,3.3139551083336305,8.4819911672274,19.15901781498907,39.319453368531754
state,Sokoto,deaths,42,1.9070302970928705,0.20042261804871375,0.20042261804871375,0.8053682481924678,2.019279331332185,5.722370549084957
state,Sokoto,cases,43,996.6889823612061,92.21615983004696,170.69426211143127,535.8241729477877,1162.5773851600807,2685.9305542277266
state,Sokoto,hospitalizations,43,18.383956181112712,0.06513480229938852,2.8789806254657417,11.003002421935108,25.237352827342217,51.48871565564119
state,Sokoto,deaths,43,2.445883371692705,0.15562939734818126,0.1559858222762492,0.9708215040282444,2.4048547135611127,8.7163573646483
state,Sokoto,cases,44,1250.7766106255062,118.31507165471233,238.90816627822824,725.6080925392589,1576.8529108391122,3418.45788894417
state,Sokoto,hospitalizations,44,18.1889785109359,1.1575941399741057,3.6746968981838357,10.253698366283638,22.052063853869104,54.58464577905891
state,Sokoto,deaths,44,1.7377266548819548,0.13893067891114924,0.13893067891114924,0.5448575232752003,1.5336244891695534,7.06539597368126
state,Sokoto,cases,45,1109.154150284122,0.0,92.27586185057379,700.6021317267536,1512.9343155448466,3156.6310864010998
state,Sokoto,hospitalizations,45,15.313959614930019,1.5850120982243345,3.3863393453964257,8.074331228354445,18.47109659771553,41.85117223294948
state,Sokoto,deaths,45,3.294775612799009,0.22342639399345932,0.6150715707117355,1.728803426405273,3.5640227412579195,9.41440535781543
state,Sokoto,cases,46,976.7751977091168,27.368536653512024,129.49125821836265,605.0713642123801,1249.3578308520923,2883.0580906378686
state,Sokoto,hospitalizations,46,17.968272430146236,0.5351514138763219,2.764272086949762,9.33277895454531,20.97120241131548,59.31026208642188
state,Sokoto,deaths,46,1.9358743445449667,0.17959948969188055,0.17959948969188055,0.6683915759486501,1.7197684221986314,6.643394365195863
state,Sokoto,cases,47,989.8650361022782,135.84594299193637,211.46400294948324,542.7743827641636,1218.7677898423483,2855.924469163168
state,Sokoto,hospitalizations,47,10.220622987731124,0.07070676424760247,1.292301203745216,5.400374440997136,12.281062886933135,29.779920468911385
state,Sokoto,deaths,47,2.7396311748116027,0.13365548404299665,0.26720352490969823,1.1912831586512436,2.6149693863785393,9.837799836860396
state,Sokoto,cases,48,1586.33772613425,246.17000868378642,379.50335228082326,855.672369186299,1953.3685204524065,4143.447362011015
state,Sokoto,hospitalizations,48,18.87486588776603,0.6031227090409154,3.062372114558236,9.987509267570706,22.57802565435656,62.52496434374353
state,Sokoto,deaths,48,2.9255283692918876,0.13662629390123193,0.3592541989602115,1.366655479706697,3.0325613251884644,9.156303325977415
state,Sokoto,cases,49,1459.8487098389014,76.68489968227925,220.79998120321142,853.8143346780643,1867.7083736510638,3923.092619879758
state,Sokoto,hospitalizations,49,12.269644296679656,1.212244932528269,2.5979882368284413,6.226959948889511,14.881993687822636,38.492718108147045
state,Sokoto,deaths,49,1.4225746248612259,0.12699802486269382,0.12699802486269382,0.3465588399512874,1.2433104480187906,4.464096338125541
state,Sokoto,cases,50,966.3149781833771,0.0,71.45509749781428,614.1735577122015,1242.3986748330904,2905.5616520453973
state,Sokoto,hospitalizations,50,12.94085351966475,0.7208328325749447,2.5281425237029884,7.147452782082749,16.10985442356224,38.39194727507614
state,Sokoto,deaths,50,2.7488761612456583,0.19204688648980517,0.2827307837072441,1.1484129125415843,2.356836115519303,7.999479674979948
state,Sokoto,cases,51,1819.8448795380086,182.5627052082758,306.03990917359005,916.9222897837252,2046.895173359048,5806.076758491801
state,Sokoto,hospitalizations,51,10.200978958060878,0.7527511674727236,1.9519178377668547,5.437014194216051,12.996082257378033,30.011922842620113
state,Sokoto,deaths,51,2.3444841630126776,0.21249239046922996,0.226113319563868,1.0041790752030104,2.4571090979467654,7.577805100184357
state,Sokoto,cases,52,1271.725828211904,209.40945269145183,316.8725706674742,731.0043335208227,1659.6092936923774,2873.2571930902623
state,Sokoto,hospitalizations,52,13.09287773735206,0.44599948464078604,2.0738523485281224,6.834278342002083,16.571405239950405,45.79098381355824
state,Sokoto,deaths,52,1.9498232814821599,0.13159168623203898,0.13159168623203898,0.7138649600139965,1.86573725273266,6.263307761992045
state,Delta,cases,1,1970.870388884257,31.355369035000347,233.1103668533587,1215.8012892882073,2541.2825548740716,5718.233626058503
state,Delta,hospitalizations,1,11.857963403284856,0.7469763564296361,2.0976976128144953,5.872778909839849,14.015616539973898,36.83879261271233
state,Delta,deaths,1,1.6019606043027728,0.13390023372046828,0.13390023372046828,0.42965787980659487,1.303924773032656,5.595391796491472
state,Delta,cases,2,624.3122952783226,27.457686048538445,77.4586696215552,344.38423790915186,773.0293306326018,1618.0030376142934
state,Delta,hospitalizations,2,36.97117282057302,5.354587004548454,9.22687786731476,19.476997994542728,43.86324448706375,104.23347652637656
state,Delta,deaths,2,1.9956762533036272,0.18100703513577965,0.18100703513577965,0.7894180198869192,1.962927875503623,6.841162680064098
state,Delta,cases,3,979.415902061506,0.0,85.84632478724865,577.3403976353889,1218.2157649445098,2905.2607960317487
state,Delta,hospitalizations,3,22.032643357480122,1.474792930621215,4.511737092012453,13.02726371023359,28.599262931425535,61.271633717246466
state,Delta,deaths,3,1.2232062853584589,0.10958142660115311,0.10958142660115311,0.30669978535098213,1.078722599607181,4.0923325058289794
state,Delta,cases,4,771.3078527667092,50.10170778537987,127.46213894389845,447.14392826046713,966.0811347227825,1967.0387563272948
state,Delta,hospitalizations,4,17.027071413324585,1.4498385779537513,3.353040882820295,8.514073841082011,19.88882347689099,60.53082382210927
state,Delta,deaths,4,2.4551150717832297,0.24717447281677873,0.3519879090768497,1.188428450021163,2.5345611991597274,7.611438659199105
state,Delta,cases,5,818.3357586959395,95.3127786003162,158.78814401653534,420.8120351070716,939.8492432896246,2208.563334337122
state,Delta,hospitalizations,5,12.360344707831763,0.8021340838335603,2.352782929683755,6.774590398076823,16.02037266521899,33.11871488809409
state,Delta,deaths,5,2.0177517528081323,0.13790030348472926,0.13790030348472926,0.8185697310976072,2.029654048297844,7.0472125268944
state,Delta,cases,6,902.9306276638795,27.20922435173167,111.24238338275975,496.83720174980317,1057.5546903288114,2787.3619452732387
state,Delta,hospitalizations,6,11.485917556213371,0.36484684833562575,1.6542346123012333,5.5867043384556645,13.660200372609447,41.86549127874523
state,Delta,deaths,6,1.7453690885876558,0.17688703353878765,0.17688703353878765,0.6646498640012825,1.7091282579007911,5.328178105276253
state,Delta,cases,7,885.6600770276391,87.4483303227908,166.04213748384612,507.1220405511464,1050.2465856656981,2490.313029638765
state,Delta,hospitalizations,7,18.035023860470858,1.1446530092976648,3.536112405691316,9.905764466997567,22.561571168297903,50.485410478853
state,Delta,deaths,7,1.4285042053497696,0.17962311133671938,0.17962311133671938,0.4401159237108806,1.3008109519253894,5.17981537001668
state,Delta,cases,8,1137.312691815341,17.86765614541239,120.10674560877538,668.3828618820031,1399.4382149938272,3386.352120266635
state,Delta,hospitalizations,8,24.851567367983982,1.2435185833870521,4.339645250737528,14.35452005648094,31.651576503427496,68.42938430600259
state,Delta,deaths,8,1.7343062268515528,0.12325243756597737,0.12325243756597737,0.4146819488853319,1.370885318147712,7.351043267103062
state,Delta,cases,9,2259.7882179631665,282.18965211572134,474.0528401534201,1297.3157950047553,2870.6431565904822,6388.875244302796
state,Delta,hospitalizations,9,39.82549194057194,5.041252564067392,10.136954604255882,21.49096826823767,49.476097414720215,100.98071600368436
state,Delta,deaths,9,4.150910491154291,0.26030412540856185,0.8281943572335454,2.0902278719631053,4.114351260928034,12.601881938724922
state,Delta,cases,10,7310.466253103104,438.2648330986,986.6178156308908,3996.786339505904,8349.963909955053,21933.8748551257
state,Delta,hospitalizations,10,58.47858553517333,8.553136522278018,14.771475453896056,32.22626052786704,67.87556287865601,170.531206532578
state,Delta,deaths,10,5.1677382107564815,0.3277133493185991,1.3508564260627094,2.916941664507609,5.540098427461274,15.065944922533129
state,Delta,cases,11,15163.085116778064,1216.5440075153076,2392.727669216412,8599.68972279218,18929.234216126235,40881.72599717865
state,Delta,hospitalizations,11,183.60957400460234,17.398531770714374,41.241170527110015,109.4790316392837,239.60313417760648,472.69506959059566
state,Delta,deaths,11,9.161495218736615,0.7539212668819494,2.3094153936547257,4.693004405858703,8.908298288998312,27.496626144686378
state,Delta,cases,12,57728.659692742665,7272.80485774408,12364.608762313102,33303.51318259777,73178.78163055783,167140.57961633595
state,Delta,hospitalizations,12,387.0618996018282,42.61608936186318,93.04460447044137,225.12548419877226,496.3585874846484,1025.5199532587749
state,Delta,deaths,12,36.07387254093307,5.009504148371463,11.443395438465366,20.415486162013437,35.1323143865274,100.73712300741822
state,Delta,cases,13,106094.79836761596,9591.767701445131,18728.66851471628,58036.94855669099,124412.98776759118,285228.1888187277
state,Delta,hospitalizations,13,1043.1885830123124,116.17310302765547,239.27124124489404,558.4897885736964,1226.520913922223,3078.436735050926
state,Delta,deaths,13,66.98551692013218,13.24292197858139,24.380607372904493,41.20577736447373,70.90280651231441,208.33614857002482
state,Delta,cases,14,210831.80416340966,0.0,13083.835393836918,122386.83802809921,256389.1785570921,699204.231162791
state,Delta,hospitalizations,14,1751.0273929949585,127.00803509690893,344.8888085097952,988.6208422950147,2023.4122054172594,4779.678468629984
state,Delta,deaths,14,103.92289448084415,19.77535971190374,38.50988673339711,65.13735185568778,105.43976439668532,271.9644481683017
state,Delta,cases,15,229707.17474752862,10585.72431358495,33280.356281317014,142305.82858333774,300811.49063506426,584116.067035723
state,Delta,hospitalizations,15,2808.5919436857516,173.359954340554,556.539551208635,1628.9762662897697,3485.380245284983,8526.950783668139
state,Delta,deaths,15,136.82966305119461,27.284532864542218,53.26102024204687,87.62643758970094,143.84626680298692,343.35497369285014
state,Delta,cases,16,226645.69299654494,39288.09120360324,57526.955987455665,131088.86600018066,298706.41195586533,585014.0169942416
state,Delta,hospitalizations,16,3361.034127559271,342.7834088338639,712.6635775861683,1719.6710607668922,3692.8299533794943,10910.636042944629
state,Delta,deaths,16,248.6042264649402,37.322800060681146,76.74691875849459,131.2423210700136,224.144454174629,860.5825355128835
state,Delta,cases,17,143400.53082139188,12663.886200660749,25774.01052316721,88505.68751839983,192353.2670476153,359684.68249342486
state,Delta,hospitalizations,17,2573.82048738742,324.60600642275335,699.636225790286,1571.0215952479296,3461.498733890285,7146.055086907425
state,Delta,deaths,17,213.5164449637679,43.20811724066122,81.98566506113022,130.3102827440773,210.8656965267708,518.2640870021379
state,Delta,cases,18,49677.590418175474,2432.6731134595534,6834.374686159588,29600.80498991437,65086.97340680132,145360.0132246462
state,Delta,hospitalizations,18,1468.7050777369193,161.39241995892164,374.3840196517146,854.884838040328,1855.2502205642327,3985.0500204084833
state,Delta,deaths,18,94.55770815646176,15.720264981005837,32.495306835692304,56.42012474570609,98.2175579374059,276.34342262371507
state,Delta,cases,19,10614.905697746373,605.1236754419122,1541.8222882096322,5924.2180601447135,12738.517666593725,31758.516088262768
state,Delta,hospitalizations,19,688.9833919262618,66.77684785608916,147.2040226596567,397.96335354382114,832.375248536912,2028.2187341223148
state,Delta,deaths,19,29.93847444613139,5.225480915563938,11.13509382903962,19.203737359646937,31.12687581877471,76.98674790723545
state,Delta,cases,20,2778.6056504879853,265.5891122167206,472.24696790982966,1387.7119241188236,3120.010000943177,9359.015320427861
state,Delta,hospitalizations,20,113.16655532942208,19.94096461465889,33.135421886366395,65.68755767977028,143.9092744738038,310.0026833124421
state,Delta,deaths,20,6.164506732324104,0.4381252651709563,1.523985915939984,3.2656474652974925,6.367925810516713,19.395174825515674
state,Delta,cases,21,2425.6942562723357,399.77966748006423,574.2238820699888,1217.817234369439,2869.534488492337,6856.360785683902
state,Delta,hospitalizations,21,34.740070623254404,1.4834441197115003,5.441555749129002,19.252506634203584,41.49940352455516,116.60461419647426
state,Delta,deaths,21,2.8153003533233014,0.14078321840573493,0.3274112681881953,1.3206857510095311,2.9840869597966364,8.105426773643318
state,Delta,cases,22,1898.7823620714378,104.31464381775822,292.2821476336759,1148.0962845188199,2407.117837392587,5197.873118459684
state,Delta,hospitalizations,22,51.48821221580854,5.383382209633141,11.285764796158098,28.692582535980982,64.9328832646089,140.64121465695555
state,Delta,deaths,22,2.3270590624792953,0.17309950430894716,0.20543824858586462,1.0178032055698922,2.374131700963461,7.410164402474376
state,Delta,cases,23,4438.5536199474855,419.0650615098686,814.755789693579,2569.121321047205,5797.234500672164,12857.331080418773
state,Delta,hospitalizations,23,67.73777911827688,7.50211492894646,14.72200688904322,35.00402442436685,75.99408465042546,221.79523447137228
state,Delta,deaths,23,3.178384501153363,0.2623871471402155,0.6754652310589959,1.8008841695087823,3.745772169805831,10.156368907100068
state,Delta,cases,24,7933.27477390268,577.6411014708768,1319.1958519057362,4483.590074821196,10074.809391037794,25496.736926369642
state,Delta,hospitalizations,24,93.34081625107828,4.009379682079207,16.368099739491626,55.691284348291205,120.0465771801731,268.7837615129261
state,Delta,deaths,24,9.559592858489108,0.9485680647137362,2.8028013063176407,5.416868586734965,9.466761814330846,26.556524662186415
state,Delta,cases,25,16747.670733348594,1815.2676081229451,3050.6728360328298,9302.785118265927,20827.551590337778,53563.10998032467
state,Delta,hospitalizations,25,217.70702790876894,23.838525633806707,50.19306204950662,126.52506659979491,276.43360884523065,588.6198365603266
state,Delta,deaths,25,14.056858834261043,2.170031799029265,4.683854979228984,8.352352104974967,13.959688554162808,42.29365213534373
state,Delta,cases,26,21925.831178141034,918.578049601777,2969.0479925112804,13686.591291380064,28909.918457893513,57045.29989921935
state,Delta,hospitalizations,26,283.88530280449066,43.31133169530377,74.63052023315561,162.26007974302914,350.96056364956513,702.8747968294492
state,Delta,deaths,26,20.365346475254956,2.7635019703167005,6.734763719942528,12.198526195460444,20.375322224053736,61.548310207792035
state,Delta,cases,27,25427.38881677259,1230.059810847525,3541.743418566004,15270.44929839345,32334.56300314071,64760.13551109922
state,Delta,hospitalizations,27,388.25789073274603,58.00279463831696,102.182735749172,210.84517262914696,461.4798888793257,1046.396541753153
state,Delta,deaths,27,33.25691119129078,5.441737127214784,10.86211229355336,19.172173471709144,32.32574551772642,91.99530837101025
state,Delta,cases,28,26489.015996214144,1441.5936288193852,3632.3934787219405,16363.89648007887,34966.481272203295,66136.20995900076
state,Delta,hospitalizations,28,527.5265421300151,25.98673724798454,91.46971044018895,295.36713351168356,626.0938558663909,1428.0476260651187
state,Delta,deaths,28,29.86320288568571,4.756365106406725,10.704455511128465,19.188170606340634,32.90965248657056,76.29523160629448
state,Delta,cases,29,40130.851560332536,1114.4935231752047,4498.563427027424,24446.393562942507,50404.1590143387,118650.6408697516
state,Delta,hospitalizations,29,698.4981455715588,55.93661963300315,144.599033124829,407.1780334846057,872.082778465825,1704.1172374138346
state,Delta,deaths,29,57.29590570427234,9.386578123305698,18.53314859243929,33.32990514991727,58.58991480408816,144.92372528648687
state,Delta,cases,30,19817.882945089936,0.0,1584.112506463207,13320.922013655909,28031.310845896227,54409.371804830196
state,Delta,hospitalizations,30,536.8091734446941,30.85307245110858,97.91234200511762,295.1944702649311,617.7496249794929,1808.8788332088818
state,Delta,deaths,30,38.622866882146,7.156561435942982,14.902247088674098,25.51723796478103,43.15375820638981,87.82109023444725
state,Delta,cases,31,11321.019873598807,261.74766105669914,1341.1974265591703,7052.164238931047,14874.915535527996,28681.52445901931
state,Delta,hospitalizations,31,274.33279978026496,9.368648486969821,45.80050731208949,170.35285642768417,348.6624101516786,824.5223998607627
state,Delta,deaths,31,17.67999959238909,2.7353519267236184,5.803579652221395,10.480842757284202,17.564849479906368,44.19008786677262
state,Delta,cases,32,5272.210237980722,144.30602607956416,549.6684687374559,2702.2370545114504,5840.067084591621,17645.771486892292
state,Delta,hospitalizations,32,122.62937573065166,12.422496613234355,26.15969244446477,64.96268716437015,148.04539608090136,371.48418828640285
state,Delta,deaths,32,9.68755938661469,0.8890997232920255,2.792719970543963,5.349341011822522,9.916888951824163,25.87747100733595
state,Delta,cases,33,1334.7402549835056,82.60149580633474,207.79542123257556,830.3716774704067,1820.0173176988505,3666.4020042768225
state,Delta,hospitalizations,33,36.823404273061385,2.3860001536093014,7.261030702158207,20.693072399396005,45.15107238892813,99.85705695956706
state,Delta,deaths,33,3.833445480643466,0.2341236769472228,0.7376776887441553,1.9343460182530952,3.987765914474201,11.54530491362404
state,Delta,cases,34,920.9768987723866,64.76969737392518,143.09904275902846,523.0187475553244,1149.663212050602,2557.6509345464874
state,Delta,hospitalizations,34,19.183737523266554,1.275668431013719,3.4740222086782855,10.14668515532253,23.812948105084104,60.43047209694766
state,Delta,deaths,34,2.4206399322127,0.17842299670970774,0.2464581028033278,1.1138150243881413,2.540800227623184,7.209291824162452
state,Delta,cases,35,628.6866384614792,85.99838974773499,133.92290012071527,362.5885108287941,817.6425959752871,1772.318933495319
state,Delta,hospitalizations,35,15.646424154141057,1.1224081531407455,3.1193975956555935,8.318340871525212,19.18649013865869,43.83200002345014
state,Delta,deaths,35,1.6212616223743672,0.12133407933478846,0.12133407933478846,0.4457578852334167,1.447772308003001,4.970193522890908
state,Delta,cases,36,636.2715027169546,0.0,51.16060485005545,356.9942126467073,753.6349172084183,1942.7999445649032
state,Delta,hospitalizations,36,14.785774507185817,0.8527948194396588,2.5151979272880216,7.467848215059691,17.18191772461577,41.26734500540534
state,Delta,deaths,36,1.5978322479705833,0.14198823498705898,0.14198823498705898,0.41126369078523184,1.4267103619072188,5.911165296757549
state,Delta,cases,37,467.12343604028183,63.11267091943538,109.7804417135536,287.9409136864625,647.0866870141272,1172.3106108833383
state,Delta,hospitalizations,37,10.193508457059218,1.5143801967745878,2.4856275148283906,5.214976140388669,13.059292489790604,27.139649336042858
state,Delta,deaths,37,1.520589835305489,0.10488465437741518,0.10488465437741518,0.30894080315539985,1.3423201348128675,7.340078751300541
state,Delta,cases,38,525.1524838722979,49.55874425666715,99.80909048162363,311.64210386628645,695.792164385306,1441.9073029408428
state,Delta,hospitalizations,38,8.700288792455785,0.4837587450846472,1.466705773042772,4.6438951688111985,11.448985562678406,25.488346110567043
state,Delta,deaths,38,1.1491133293732996,0.1090116503322279,0.1090116503322279,0.2569069751133513,1.0191432399579372,3.9314774510587256
state,Delta,cases,39,742.3962206752719,41.77770121018034,95.52637239869165,393.2075200646751,880.8474188369129,2139.3610551401725
state,Delta,hospitalizations,39,9.93973739192047,0.0,0.8262719371023386,4.844216365691181,11.520794036765427,32.10538601901157
state,Delta,deaths,39,1.2727878100673629,0.0963014614380665,0.0963014614380665,0.33198262674507634,1.3375066551313104,4.276066862910699
state,Delta,cases,40,542.837956799915,53.30555759368429,101.42788632617233,314.2546100702091,685.8468561004674,1359.013701182479
state,Delta,hospitalizations,40,10.191666799799743,0.9559110720000543,2.126406861038442,5.400097942257412,13.006082937251499,25.39471427019941
state,Delta,deaths,40,1.0712426080725428,0.10981766153183059,0.10981766153183059,0.24594254873570695,1.0666424385219728,4.145468950305352
state,Delta,cases,41,634.091079073584,58.05410402332248,108.88285252477368,355.89592020123706,785.46635979019,1706.5287246378289
state,Delta,hospitalizations,41,11.877937671899769,0.0,1.2363540737916776,6.164056618236877,14.569950720920069,39.81422463882163
state,Delta,deaths,41,1.7023739859612375,0.12234417292355321,0.12234417292355321,0.5663946635562905,1.6232047734253667,6.270088207719997
state,Delta,cases,42,778.3221716130082,91.11100117896348,158.89462444277578,432.1231635475888,968.9166280382588,2295.2553864043543
state,Delta,hospitalizations,42,13.685166033861574,0.9862962480960175,2.8954883896520798,7.562209289420655,17.203531996282898,35.40834420618336
state,Delta,deaths,42,0.7818948110663264,0.0,0.0,0.0,0.6835955029139441,2.8953105190442194
state,Delta,cases,43,623.9774449101018,57.392944519680455,106.55359950570097,335.28014933156845,727.8941082735578,1682.1608067454438
state,Delta,hospitalizations,43,12.604736764420684,0.0,1.7188261748102014,7.413054952330183,17.39008969428492,35.78999917396919
state,Delta,deaths,43,1.315836023980789,0.09899494419993848,0.09899494419993848,0.25362796581949754,1.1658080550410785,5.1805177654712535
state,Delta,cases,44,509.3726539882635,47.646978433944696,96.81503065127022,295.2516613993164,642.3200387932346,1393.1767110582732
state,Delta,hospitalizations,44,10.748448170667794,0.44707586209140704,1.8579049444663442,5.880018299588593,13.093022222194048,32.98201797213837
state,Delta,deaths,44,1.90345889810075,0.14842358875366768,0.14842358875366768,0.6504151531876454,1.7067429755901458,7.616491508680643
state,Delta,cases,45,658.4859678910988,0.0,54.40753332144308,415.76423804393136,898.3041111687219,1874.6894459669495
state,Delta,hospitalizations,45,9.852321472274594,0.9084854490104268,1.9123999788515438,5.025088347368365,11.928233967788916,27.451914746629548
state,Delta,deaths,45,2.181591038559634,0.1631701162815633,0.17949992964482037,0.9928673798902735,2.333143001110942,6.605725101967261
state,Delta,cases,46,492.8452400938273,13.327775842636024,64.90574339493796,305.10160676020183,630.5040829332228,1455.6185892667504
state,Delta,hospitalizations,46,9.353473600487062,0.016439449761179503,1.0506034013959633,4.628825754525224,10.968906964403498,31.854274536172568
state,Delta,deaths,46,1.508644944012145,0.14995992441606076,0.14995992441606076,0.39305448503711976,1.2709210795743946,5.38199386453343
state,Delta,cases,47,704.0318036596906,96.37021541363295,150.17485606462554,385.91266710977226,866.9033506938451,2031.7920938020688
state,Delta,hospitalizations,47,7.807250854105185,0.05537869208093715,0.7953677257020537,4.012877751405564,9.401945272838306,23.107336208379767
state,Delta,deaths,47,1.3844102525568793,0.08139213787149929,0.08139213787149929,0.334425012497508,1.2014067645942443,5.599891541013609
state,Delta,cases,48,622.7640562917677,96.1285219722866,148.5235138330154,335.6400376674035,766.9933612963412,1627.612018131462
state,Delta,hospitalizations,48,7.9685590097133385,0.08476605585133079,0.8253589078003578,3.9370533645168524,9.594391144594923,27.54387935487346
state,Delta,deaths,48,1.4461099040962375,0.08146413568052163,0.08146413568052163,0.4111305928216948,1.4044355852370478,5.055748483949016
state,Delta,cases,49,534.7131986232789,27.48791297231004,80.33650925236941,312.4698824789338,684.2760541228097,1438.0082179113524
state,Delta,hospitalizations,49,14.71719209555288,1.554993266644455,3.264035410169392,7.56478984964792,17.822013584084864,45.80347387834069
state,Delta,deaths,49,1.2115001496931808,0.11364683104031453,0.11364683104031453,0.20499625986498077,1.0074731377326716,3.889660559668824
state,Delta,cases,50,594.604238175652,0.0,43.60987533541669,377.7561768171507,764.548067590409,1788.5407974071
state,Delta,hospitalizations,50,15.406252802940486,1.018313699774931,3.1538996782593856,8.59249839334896,19.144486314715337,45.378567762679296
state,Delta,deaths,50,1.2464373506059747,0.10767715339304426,0.10767715339304426,0.20457556466356738,0.8821162057489047,4.0458425602845765
state,Delta,cases,51,684.8803900900565,68.14485757083405,114.65655869083679,344.76525725187514,770.4062609899149,2186.4241552129497
state,Delta,hospitalizations,51,15.28321655993256,1.291134899529337,3.297670406294719,8.371590582043265,19.376769214926536,44.1499771903713
state,Delta,deaths,51,1.2514393922165254,0.1350077612972907,0.1350077612972907,0.2733619758549154,1.196485995774399,4.449937575943769
state,Delta,cases,52,568.1956016663278,93.1004986040508,141.1607585103324,326.37109423332356,741.6670262391771,1284.4414643751475
state,Delta,hospitalizations,52,12.106365329806817,0.4044748370695661,1.857890720935339,6.283860394125109,15.336879685549869,42.50355947585953
state,Delta,deaths,52,1.8860371010138566,0.12841547635685124,0.12841547635685124,0.6724976444441053,1.7965673589312154,6.0879943322402
state,Imo,cases,1,1839.3524616820443,29.197322145599554,217.49561220729282,1134.6427577774975,2371.716726291188,5336.770681743986
state,Imo,hospitalizations,1,28.967291480507715,2.8683239366489475,6.229016458305805,15.038825625845417,34.04155429827635,87.30340748178706
state,Imo,deaths,1,1.9480999359781657,0.15437114133998237,0.15437114133998237,0.648226537768223,1.6561529199193916,6.6037071102819915
state,Imo,cases,2,912.8296798561553,40.58804763417069,113.65945909901166,503.74434617621796,1130.1660624018768,2365.0101996110357
state,Imo,hospitalizations,2,15.465980346312113,1.7540603753207138,3.432300490567819,7.874674112090339,18.44360567598011,44.60789672894413
state,Imo,deaths,2,1.8640228252733628,0.17202218898197963,0.17202218898197963,0.7005947009398923,1.8158537515269757,6.45194222631519
state,Imo,cases,3,1069.1061816696622,0.0,93.79169139080824,630.2514044295003,1329.7589562661315,3171.14778119311
state,Imo,hospitalizations,3,16.241444346546,0.851821168250328,3.124285023821001,9.49622517901721,21.148334506217516,45.59619318945667
state,Imo,deaths,3,1.3582847152647641,0.11756671176938394,0.11756671176938394,0.401920031508863,1.2302007584371988,4.463414800445388
state,Imo,cases,4,902.3818430545318,58.77455077921594,149.26438411331523,523.2016980862296,1130.211517194085,2301.048946575643
state,Imo,hospitalizations,4,25.487625570064644,2.6011614822099998,5.398790230004202,12.98529542465759,29.7057073844005,89.44776856355483
state,Imo,deaths,4,1.4801456526111103,0.17090386579110023,0.17090386579110023,0.5131452607287762,1.4439019366672197,4.9542077307109045
state,Imo,cases,5,1182.506567744468,138.1209950516688,229.80930605574662,608.2951620925676,1358.0292464019146,3190.6496872996904
state,Imo,hospitalizations,5,8.397693639202409,0.5285945875242457,1.3526408786783812,4.455414075143007,10.943160455756457,22.94103198958784
state,Imo,deaths,5,1.2520533706555417,0.09857259567253218,0.09857259567253218,0.29993288104431903,1.1656287621120751,4.752232639519453
state,Imo,cases,6,945.5115589564613,28.538086242999366,116.52982496579091,520.2889945822429,1107.4203998662736,2918.714295906269
state,Imo,hospitalizations,6,12.636168758220268,0.3986571135389054,1.9002018628421382,6.1970925644049695,15.018757435092763,45.837825519303124
state,Imo,deaths,6,1.8902952819507834,0.18738809504442122,0.18738809504442122,0.7634733348770548,1.869958149689485,5.703856221261721
state,Imo,cases,7,1018.3019385480881,100.67995254911224,191.0311729014424,583.1356731534096,1207.5101274134645,2863.0064737703815
state,Imo,hospitalizations,7,21.34838906134598,1.5183692042514718,4.326552006311317,11.806146851467076,26.66728928958658,59.456993115474056
state,Imo,deaths,7,1.4346721709398271,0.1801640634362522,0.1801640634362522,0.44445296991114186,1.3077400631394742,5.198426472308905
state,Imo,cases,8,1629.2544727694965,26.021885845247507,172.44669786795112,957.6769623707842,2004.6800530619344,4850.299048809369
state,Imo,hospitalizations,8,24.967637235219133,1.2535940017520584,4.363625065400203,14.423475675796265,31.798211479391163,68.74118475146693
state,Imo,deaths,8,1.6581832799642418,0.11926832813622867,0.11926832813622867,0.3689526488896855,1.294246942960783,7.081097529024706
state,Imo,cases,9,3018.99564904314,377.28908981754694,633.5828852653242,1733.3101936062142,3834.9850646784735,8534.693561384844
state,Imo,hospitalizations,9,58.88914103996436,7.862266287361121,15.337449276697221,31.993315167660278,73.04633587026444,148.6014695323236
state,Imo,deaths,9,3.116726005080335,0.20655877916753118,0.45072458578372165,1.4521843270071368,3.058384211287913,9.793482904791084
state,Imo,cases,10,5459.938955890689,327.0871617484992,736.6523263583414,2984.9489642117446,6236.339847477146,16382.17090799596
state,Imo,hospitalizations,10,97.83798767086817,14.87483598191258,25.2081030077918,54.2134301589996,113.45332758626225,284.04039098929576
state,Imo,deaths,10,5.013769131462845,0.319451302326097,1.2915885130980957,2.818190862422976,5.375214693992286,14.66090316208936
state,Imo,cases,11,15761.994034928002,1264.6311791926885,2487.2684765038725,8939.375878439083,19676.888031532537,42496.39836345938
state,Imo,hospitalizations,11,252.1227637050291,24.226683041920143,56.91791614063824,150.48053924491307,328.8969222344309,648.4950536272213
state,Imo,deaths,11,10.108176537085042,0.9177422573462143,2.618523742976481,5.2247464162302375,9.833760149897417,30.158288106406918
state,Imo,cases,12,58910.688378570645,7421.737764030539,12617.797579856358,33985.43111107494,74677.15528407204,170562.84371338112
state,Imo,hospitalizations,12,788.4187980704012,87.72646574142343,190.31117665052108,458.99802642939324,1010.7566778521069,2087.2084753187364
state,Imo,deaths,12,40.40128977306653,5.7109967853635775,12.895919650738394,22.915327328498037,39.35005879169635,112.61295185060246
state,Imo,cases,13,203470.83180017932,18396.128314955084,35918.98948435921,111304.89418665446,238601.6815588187,547015.0593045711
state,Imo,hospitalizations,13,1889.1050140204077,211.0971950315704,433.919405546236,1011.7427860067802,2220.9582477391914,5573.145233888041
state,Imo,deaths,13,67.4856064304902,13.347690408697233,24.567302658734498,41.516235642834324,71.43171091623849,209.87598847683327
state,Imo,cases,14,285701.1094239279,0.0,17730.422793000726,165848.2778456829,347436.5121379034,947500.6841759111
state,Imo,hospitalizations,14,2681.587386609574,194.99735809417814,528.6018535941122,1514.2413710429855,3098.644828193871,7318.855734367309
state,Imo,deaths,14,152.92991676935887,29.479042797381894,56.96402783711768,96.0285571787241,155.1552810337617,399.4597375571999
state,Imo,cases,15,283259.36183369166,13053.822200996203,41039.285549239896,175482.01912039184,370940.32847498823,720292.0981147505
state,Imo,hospitalizations,15,4947.84174305469,306.1193149796107,981.0555739925979,2870.056007265233,6139.943984184887,15020.215236983073
state,Imo,deaths,15,170.98279952998547,34.29322380796228,66.706486107524,109.58739107114276,179.73806403337187,428.68350278686694
state,Imo,cases,16,299515.4668491965,51920.03016124081,76022.92029025314,173235.91329882885,394744.6169239235,773103.7324238217
state,Imo,hospitalizations,16,4409.063006202282,449.94916824802715,935.1300995096003,2256.04662803044,4844.287766435267,14312.0618620662
state,Imo,deaths,16,315.9741004264689,47.66638376719984,97.7313395427023,166.9354206182226,284.9124696673972,1093.1295065599072
state,Imo,cases,17,135211.93712350578,11940.688848909069,24302.19158564256,83451.72959003839,181369.3470721067,339145.7112842962
state,Imo,hospitalizations,17,1852.0701991958538,233.3350886544323,503.2402438728479,1130.366782622602,2490.922543709369,5142.657532023716
state,Imo,deaths,17,294.62359182102944,59.92289292103839,113.36195662841519,179.95776962179085,290.97061419457555,714.5941565653252
state,Imo,cases,18,63901.89326337473,3129.498564583908,8791.524569167706,38076.590419811786,83723.39428893599,186980.7440680646
state,Imo,hospitalizations,18,767.4335859621265,83.90668739761884,195.269096911618,446.49838945829055,969.5382631102887,2083.1016047405838
state,Imo,deaths,18,128.55029482011537,21.66813739623242,44.410537353503194,76.84609146584063,133.51205695595817,375.00234309190586
state,Imo,cases,19,11089.443004824354,632.2177672682561,1610.787369829322,6189.07886119428,13307.981747056037,33178.18550577584
state,Imo,hospitalizations,19,206.04130850502204,19.337601499791134,43.47114979318588,118.71577248063977,249.06848563569451,607.9017603491646
state,Imo,deaths,19,42.7222458956685,7.797932674518525,16.149476474972793,27.55219114389123,44.40212946273138,109.21191244473573
state,Imo,cases,20,2678.299983794792,255.96889913744735,455.1692386936741,1337.5984573509484,3007.3843164883438,9021.24705577883
state,Imo,hospitalizations,20,38.610737069323775,6.265413052749142,10.843195588072238,22.137074195875396,49.275894811903385,106.90156978711978
state,Imo,deaths,20,9.380111574708229,1.0867205229162358,2.662304903403114,5.189456735748099,9.69086426091109,28.593409494693017
state,Imo,cases,21,2510.8158418549956,413.83788708354996,594.4011123824816,1260.5699030489975,2970.2247367585182,7096.897648323707
state,Imo,hospitalizations,21,35.164586577118996,1.5129429743533054,5.518069859191902,19.493070029446816,42.0042200883682,118.00154573677032
state,Imo,deaths,21,2.4366644394891837,0.12614345841597385,0.18937647544767144,1.0793623689248522,2.5697898757388984,7.158571998763047
state,Imo,cases,22,2035.9279556986776,111.91733286139038,313.45425523122765,1231.0498170542105,2580.9604335827307,5573.180998390832
state,Imo,hospitalizations,22,32.81476057113918,3.112267908205841,6.914668844795619,18.12839467613288,41.4749248972381,90.2473360335678
state,Imo,deaths,22,1.78665235776507,0.1423865221013858,0.1423865221013858,0.6597851153480963,1.7754607382049397,5.917951985766074
state,Imo,cases,23,4246.196084192635,400.8644298685045,779.4106205805936,2457.7627822773793,5546.007869403038,12300.203699540642
state,Imo,hospitalizations,23,70.09063817020578,7.793137978100991,15.260163150387113,36.23642378115982,78.62955282147331,229.42140149155773
state,Imo,deaths,23,3.278539670017984,0.26892266243378615,0.7171975672682112,1.8706483386948705,3.863979433132622,10.43425073327849
state,Imo,cases,24,10596.436084235083,771.863590345869,1762.3232472943093,5988.855158310351,13456.782728885391,34055.12296899729
state,Imo,hospitalizations,24,84.52594335314963,3.541261381119506,14.745079354345897,50.39357696881578,108.73497342027393,243.57291224994333
state,Imo,deaths,24,5.100567821384717,0.30282870636833126,1.1896987131585277,2.6949100820854923,5.026887294295748,14.867378211863551
state,Imo,cases,25,13560.301854620584,1469.6213809243955,2469.9218510449073,7532.221017242211,16863.757795297282,43369.55015183567
state,Imo,hospitalizations,25,250.71507378567668,27.58724464606206,57.9193018364347,145.77160517256377,318.3048800893326,677.6073684252674
state,Imo,deaths,25,8.849382749544885,1.0724292103404642,2.7158577052445825,5.114161912721027,8.779995123940616,27.30351081496418
state,Imo,cases,26,24894.349130233095,1043.073281874029,3371.1419907830823,15539.658421250637,32823.965242913335,64768.39894372071
state,Imo,hospitalizations,26,463.58882069331383,71.26258825222533,122.33768663263491,265.2433167574227,572.9746543145573,1146.8737532457396
state,Imo,deaths,26,25.44194440567361,3.65785003374389,8.572831298638476,15.334986980150747,25.4548939067559,76.41211539407551
state,Imo,cases,27,23922.960276869035,1157.226177379271,3332.1428180539397,14366.93906198789,30421.482482593907,60928.64920536392
state,Imo,hospitalizations,27,635.1863521636259,95.43162947255993,167.63742476475085,345.2306373409963,754.8572361919904,1710.8198526750632
state,Imo,deaths,27,29.518515717209876,4.738682891793756,9.567475749974257,16.970572922531705,28.688557897043257,81.84575645149691
state,Imo,cases,28,33136.088538350006,1803.5800447166778,4544.111828666067,20470.299076769825,43740.78400431722,82731.85485318868
state,Imo,hospitalizations,28,598.4917137545546,29.610248862336036,103.88562669849003,335.1603749296275,710.2938037570934,1619.9259781210064
state,Imo,deaths,28,31.70465405376313,5.099862807508702,11.402891674645675,20.392852738996638,34.93313214065647,80.90764479971007
state,Imo,cases,29,50604.649808951406,1405.6203469330208,5672.8809659394465,30826.79101866068,63559.13798999715,149616.91241003084
state,Imo,hospitalizations,29,574.538918235116,45.846786769916655,118.79718681351439,334.84412671617906,717.3623302351202,1401.950581782226
state,Imo,deaths,29,66.28289587352515,10.987789638224887,21.544410056757545,38.62225829833189,67.77639148819097,167.41956043592344
state,Imo,cases,30,20208.781661457582,0.0,1615.3766806073145,13583.678687438345,28584.209800623077,55482.54189995968
state,Imo,hospitalizations,30,358.4292399037831,20.28806211723312,65.10514838083257,196.95284399829794,412.52307447878997,1208.5791727832188
state,Imo,deaths,30,43.69765645774624,8.201231753994044,16.938963866242403,28.91349405088516,48.80885208275763,99.19705513259373
state,Imo,cases,31,12218.034749064893,282.56452393068423,1447.5364884032842,7610.969414204844,16053.498410757984,30953.97162807124
state,Imo,hospitalizations,31,207.2835436547524,6.843492864402637,34.40282473787208,128.6219954196093,263.50647086947413,623.476667412289
state,Imo,deaths,31,23.093429931947604,3.8181520778074125,7.775794645574832,13.8088981898176,22.94640982978284,57.28974619335785
state,Imo,cases,32,4587.419307611639,125.43618030569914,478.15712569159484,2351.1871518673634,5081.529823510002,15354.112528564041
state,Imo,hospitalizations,32,69.85874048015222,6.693165143736045,14.566701579371767,36.80681495421263,84.4260484471543,212.49101113516744
state,Imo,deaths,32,14.866467708015731,1.8062376236736934,4.634045331842846,8.431878800903519,15.216922871964698,38.92619841082129
state,Imo,cases,33,1632.4503524503532,101.23464445804102,254.33186276508923,1015.6682669837078,2225.8866870294733,4483.794636455981
state,Imo,hospitalizations,33,28.162266504100277,1.6104842823894752,5.368957420552212,15.72457825348772,34.58081619054088,76.75716184784007
state,Imo,deaths,33,3.8572680006573457,0.2353034528757998,0.7464340449381811,1.949132522734783,4.012899836168922,11.608522136874306
state,Imo,cases,34,1068.8576594965477,75.31884767606842,166.2118518665041,607.0688914639023,1334.2241824631137,2968.0465172689287
state,Imo,hospitalizations,34,16.472628153848213,0.9696162184365869,2.8723157485349415,8.647579394485712,20.475881261501918,52.16875362834209
state,Imo,deaths,34,1.071978853504627,0.10021975037258246,0.10021975037258246,0.18732460492559108,0.988858619547394,3.6111386565926864
state,Imo,cases,35,1137.2358196200328,156.26025837563355,242.88968801949432,656.2308214111114,1478.7968851340092,3204.491440387684
state,Imo,hospitalizations,35,17.608199047792745,1.3730121658674186,3.605796767257077,9.418606911732185,21.570016334658824,49.125552579688254
state,Imo,deaths,35,1.879238062405313,0.134913383347181,0.134913383347181,0.6075622683014917,1.7217187911816836,5.638357597688549
state,Imo,cases,36,730.7999493553452,0.0,58.89846311496575,410.10150473201924,865.5825843778678,2231.1564256605793
state,Imo,hospitalizations,36,9.977449816960123,0.5219486438747287,1.4403766997590204,4.87868447483711,11.622540548184702,28.34350953928958
state,Imo,deaths,36,2.874784993982814,0.22114964995592612,0.3372771240351764,1.1980727575147874,2.779652216460841,9.764284705030503
state,Imo,cases,37,612.6997634598531,83.05033362749919,144.23077812693782,377.7953277519678,848.6277176087056,1537.1849933744381
state,Imo,hospitalizations,37,9.175444747449058,1.3755318740178892,2.1660422909729027,4.645146308419253,11.77024421412575,24.559621466163883
state,Imo,deaths,37,1.51552511309339,0.10463544525193752,0.10463544525193752,0.30583072003797224,1.3367547110065874,7.3202624707935025
state,Imo,cases,38,621.6779946836282,58.83401856391272,118.30306181394565,368.99798396158343,823.6224448804717,1706.6164295513095
state,Imo,hospitalizations,38,8.023638701030768,0.4496748541723923,1.292910608954716,4.246246735147636,10.571875081063617,23.622073079945906
state,Imo,deaths,38,1.6016890289483512,0.1366493130352554,0.1366493130352554,0.575569897116611,1.531055495620373,5.181752169444977
state,Imo,cases,39,718.6647589255585,40.412107262059465,92.44495787073325,380.6232205704345,852.6961749817826,2071.0342395094767
state,Imo,hospitalizations,39,13.23792551145456,0.0,1.3817028166954537,6.621639634691699,15.328789715699846,42.17385025056751
state,Imo,deaths,39,1.3831035883374407,0.10192579841304783,0.10192579841304783,0.40977499900780756,1.4740250933086494,4.584207336548546
state,Imo,cases,40,625.1945714557041,61.52937100076567,116.939150037534,361.9954897116159,789.8601584971186,1564.9686605861082
state,Imo,hospitalizations,40,9.082673651249976,0.860428431406258,1.8141209262831073,4.760814362973144,11.607063904627086,22.75823783420178
state,Imo,deaths,40,1.4007150436673896,0.13113864486926868,0.13113864486926868,0.48784098247078916,1.4678788915800984,5.144456328314376
state,Imo,cases,41,997.3212060810139,91.82914891293278,171.72858252106573,560.0168009609381,1235.2731436775814,2683.1223124800094
state,Imo,hospitalizations,41,10.137379438659806,0.0,0.9319646818973477,5.188959310043449,12.450730027154819,34.25901441337378
state,Imo,deaths,41,1.2980613760977016,0.10133036088872954,0.10133036088872954,0.2973510119809082,1.1726436169732577,5.02137923022684
state,Imo,cases,42,680.0326933162469,79.493800256097,138.72843414126152,377.4969109732229,846.5890428190174,2005.6476321444286
state,Imo,hospitalizations,42,12.358807960117563,0.8239973909728153,2.5425282857962004,6.78640970340274,15.554157155115515,32.10947852701168
state,Imo,deaths,42,1.7645890639171216,0.18941289320498544,0.18941289320498544,0.7061947724255174,1.853422628191804,5.353093614357861
state,Imo,cases,43,762.3361851405786,70.3200898237056,130.36402763563558,409.726512484282,889.2581245328208,2054.782268084917
state,Imo,hospitalizations,43,11.524904208729922,0.0,1.5017229660429718,6.741257232193326,15.921607626862901,32.85225091142351
state,Imo,deaths,43,1.2616577734163097,0.09615890000373967,0.09615890000373967,0.2177135628629768,1.1037611756350532,5.003455980347493
state,Imo,cases,44,729.6307035155057,68.64122352431923,139.02839709506028,423.10297278740455,919.953285518178,1994.8520568558213
state,Imo,hospitalizations,44,20.17711478786885,1.3814069723631683,4.1596153237388105,11.421073666181469,24.44331418587539,60.35058515508216
state,Imo,deaths,44,1.6775161027331158,0.13546615381638333,0.13546615381638333,0.5063332916283668,1.470443299152802,6.864268569935441
state,Imo,cases,45,769.5794934162158,0.0,63.7423972696873,485.97919307655786,1049.8156660534094,2190.698925863492
state,Imo,hospitalizations,45,13.506398666827042,1.2979472801343785,2.899237676846414,7.066629467443958,16.308837161222126,37.092562410410274
state,Imo,deaths,45,1.012330910128125,0.09583590008503222,0.09583590008503222,0.17048540170381798,0.9576793036807195,3.4671262579023816
state,Imo,cases,46,541.7125269724404,14.745613022876523,71.42759398801142,335.39257751257855,692.9959852417335,1599.7615473904962
state,Imo,hospitalizations,46,15.903966694248243,0.36789721913798523,2.354155996127794,8.207026401519997,18.577447806055687,52.73948071036731
state,Imo,deaths,46,1.1771326227949956,0.12613777314038327,0.12613777314038327,0.17175833003411603,0.9101698608511062,4.368170845661074
state,Imo,cases,47,836.6242036117583,114.68222698322062,178.60568269396222,458.6777237180594,1030.1263253137026,2414.090850995304
state,Imo,hospitalizations,47,12.865559926433955,0.19231459459672084,1.835173282667037,6.91613710472795,15.426338127351405,37.06934621571366
state,Imo,deaths,47,0.8827974168408519,0.0,0.0,0.0,0.6441608544127821,4.0553715116235205
state,Imo,cases,48,684.6291400908999,105.76175442691657,163.35329541455212,369.02808548831774,843.1631456475436,1789.1381881018074
state,Imo,hospitalizations,48,17.471586372747712,0.4897871966503904,2.7751757430466184,9.21072843494142,20.911136648528664,58.03395792053907
state,Imo,deaths,48,1.2448059853926938,0.07360958877208248,0.07360958877208248,0.2750732794694873,1.1726065486333943,4.471869944815882
state,Imo,cases,49,705.9089061793055,36.591782456652616,106.32918078521669,412.64531126988373,903.2694132903721,1897.8714242997942
state,Imo,hospitalizations,49,13.261922738636814,1.3177513926825992,2.8681017830421194,6.769513079040796,16.07431043640171,41.4575744210771
state,Imo,deaths,49,1.1520659139470693,0.10980705030606619,0.10980705030606619,0.16428310155588993,0.9396467266640469,3.7244538025409475
state,Imo,cases,50,586.7691124470457,0.0,43.022937477407154,372.7728331638126,754.4756533633702,1764.9955793460006
state,Imo,hospitalizations,50,20.2569957346062,1.6159376667121064,4.3838720082580656,11.43284325317474,25.10928149232043,59.11129110013063
state,Imo,deaths,50,1.530192177802525,0.12418706620750547,0.12418706620750547,0.38927061764692944,1.1706971487292035,4.819511050959754
state,Imo,cases,51,819.4790687337144,81.71399673636147,137.35325654250644,412.6189930043672,921.7887249397215,2615.6890900016883
state,Imo,hospitalizations,51,15.722330876815809,1.353032564637097,3.4137769540178633,8.624774964810745,19.927271255248467,45.3697561603162
state,Imo,deaths,51,1.4725159836443413,0.15115290154764682,0.15115290154764682,0.4256392041572026,1.459156631291651,5.101677932748457
state,Imo,cases,52,597.7489374567728,97.98631224202076,148.54191996024664,343.36860413613977,780.2272117758952,1351.1831663918647
state,Imo,hospitalizations,52,22.643034388541253,1.4263465587338946,4.1615402323253186,12.155135077597787,28.505488488386376,77.5703144067442
state,Imo,deaths,52,2.9583804004643897,0.18046469764596806,0.38433271311714096,1.3503925716823955,2.930069000979723,8.960892490321859
state,Kebbi,cases,1,1088.7065169332284,16.880142949927777,128.37348422358951,671.4256790455438,1403.9098142284531,3159.5485533896413
state,Kebbi,hospitalizations,1,12.009499922202256,0.7558218266276944,2.134379619789547,5.954164298415488,14.193426971946172,37.286868257283075
state,Kebbi,deaths,1,1.7885791648597495,0.14497407789859218,0.14497407789859218,0.5478937345852782,1.494464425024188,6.140845221169534
state,Kebbi,cases,2,2958.6316914482422,133.6920392155567,370.3498767061468,1633.72557949891,3662.5300838492794,7661.844416109923
state,Kebbi,hospitalizations,2,35.411325690159146,5.0935282674816476,8.806737924582578,18.635763272042503,42.02017554519088,99.91028157138399
state,Kebbi,deaths,2,3.0315226545376546,0.24914621241756296,0.4913602451741855,1.4630353276165806,3.0783069967108876,9.792928469451232
state,Kebbi,cases,3,1874.5797199042916,0.0,165.1459404655169,1105.4245897535216,2331.4850002959765,5558.975443723714
state,Kebbi,hospitalizations,3,35.06289511573166,2.875642473015568,7.631640291835115,20.96735667978687,45.353842039702464,96.5203159474226
state,Kebbi,deaths,3,5.258427813827605,0.33105970368912896,1.3883703623200132,2.947709545007808,5.280090606801862,14.38459703214451
state,Kebbi,cases,4,1609.430496253204,105.55821811649375,266.87160771193476,933.4779367397806,2015.5753153091027,4102.790502250765
state,Kebbi,hospitalizations,4,32.522504653778206,3.5579804257933745,7.098931625587199,16.70115089518491,37.86413145026392,113.47949799140153
state,Kebbi,deaths,4,2.679943184953362,0.2641792983217648,0.44500042050939015,1.3389854371512304,2.7777278811534574,8.203878525977416
state,Kebbi,cases,5,1802.783165872492,211.03440330025435,350.77662054171014,927.6271714779524,2070.2973999460182,4863.395461940856
state,Kebbi,hospitalizations,5,13.77134758745624,0.9930684167638117,2.7080069820346915,7.598300600763289,17.823664401505795,36.73355915858139
state,Kebbi,deaths,5,2.190160873145034,0.14659328473447375,0.14659328473447375,0.9332090188605597,2.220637861745231,7.554493989235402
state,Kebbi,cases,6,1642.7169233781008,50.29640183016358,203.10452724921686,904.2803731341982,1923.9039277812485,5069.431324493021
state,Kebbi,hospitalizations,6,21.637729313478538,1.1216460021748462,3.820483070576927,10.962430377204976,25.62509462423101,76.85007928971403
state,Kebbi,deaths,6,2.3283914617120414,0.21866874780011158,0.26511413113174387,1.057849543883991,2.349039621127244,6.822929439502456
state,Kebbi,cases,7,1501.6521975249523,148.89631468747328,282.091842604234,860.1312504388782,1780.582404597114,4221.110700257164
state,Kebbi,hospitalizations,7,24.88326577866037,1.916910103615652,5.1694978394805,13.832765218209039,31.045736396478524,69.02452768046902
state,Kebbi,deaths,7,2.7067784750030643,0.2878246033170637,0.4499990004225443,1.3076139333521093,2.686775018077001,8.90241675590068
state,Kebbi,cases,8,1835.794818367435,29.445414325524805,194.42146725901375,1079.1362085114101,2258.7889936186734,5464.932703730998
state,Kebbi,hospitalizations,8,31.76489977030065,1.8435451991810647,5.767727591158174,18.461069819363843,40.38420528340084,86.9981979589293
state,Kebbi,deaths,8,5.991224074844804,0.3322929060570261,1.2713666288742924,2.8140322838636287,5.391990193893837,21.514706326584218
state,Kebbi,cases,9,2665.944491476942,333.0653833704652,559.3972743404852,1530.5614838107103,3386.541051879815,7536.832358031091
state,Kebbi,hospitalizations,9,21.563262018500282,2.338246894174268,5.154005932370134,11.427953337853348,26.891844222331365,55.35202383191901
state,Kebbi,deaths,9,4.934735776515509,0.30068542691438704,1.1118044131050113,2.5696187507038264,4.907746908999607,14.711958737362611
state,Kebbi,cases,10,3534.9831464693293,211.43788603723834,476.63313872714787,1932.4151400245296,4037.7050948053056,10607.175509620874
state,Kebbi,hospitalizations,10,46.40871083298988,6.614535676803734,11.570998251670428,25.48371512395063,53.89876854333966,135.7226867093959
state,Kebbi,deaths,10,6.572782733108328,0.5936732186564493,1.8905165631514587,3.8161106874228454,7.041436567387102,18.75402639923802
state,Kebbi,cases,11,3546.2280355663884,283.81152702153804,558.9479185434396,2010.8990018158333,4427.2168699372605,9562.409246965743
state,Kebbi,hospitalizations,11,62.37252514062042,5.315823128225364,13.500491947030747,36.92509271429966,81.59391882461264,161.6094034855938
state,Kebbi,deaths,11,6.678369415999526,0.3243727816468853,1.4974802133518637,3.296277187027699,6.477386783238959,20.50523626622884
state,Kebbi,cases,12,4418.001956578362,555.7841222209889,945.5437628729582,2548.3430881126565,5600.654330348763,12793.0987575757
state,Kebbi,hospitalizations,12,75.48388472617492,7.596381026795269,17.535436472419057,43.56751741115248,97.02538438269762,201.3188410269605
state,Kebbi,deaths,12,5.520734804130749,0.2602258829861164,1.1799548688478696,2.7517728628403186,5.330009767765329,16.823297325826054
state,Kebbi,cases,13,7503.412240512963,677.5196441963492,1323.7947216116095,4104.164372805506,8799.10204983881,20173.9498929845
state,Kebbi,hospitalizations,13,126.06135453514932,13.258126767514147,28.23723728174291,67.08112207057138,148.37002049307318,373.7190968436923
state,Kebbi,deaths,13,11.200816088253093,1.5549905826625736,3.5529430630558085,6.571154561005614,11.898406224666436,36.55211809848999
state,Kebbi,cases,14,16586.6208365234,0.0,1028.4647976456745,9628.006947174255,20170.798524185666,55009.7930399206
state,Kebbi,hospitalizations,14,275.26428040241416,19.184643141522084,53.54065567939552,155.04601329920524,318.21463294670804,752.829935680222
state,Kebbi,deaths,14,19.773559314923883,3.1130446382110426,6.822051220225701,12.093678482960268,20.072631632625342,53.04069895923785
state,Kebbi,cases,15,33205.75034021606,1529.4228468920815,4810.171663658384,20570.95552482911,43484.62356607943,84439.29316074218
state,Kebbi,hospitalizations,15,387.481015703561,23.108619068736086,76.09057223993968,224.3755860609385,481.05916077596186,1178.1533076386304
state,Kebbi,deaths,15,34.837421943822335,6.354301085879143,13.10848402546013,22.043884419976532,36.66168111512805,88.53621999294081
state,Kebbi,cases,16,81262.84288502141,14086.046638326972,20625.565140009792,47001.08122877659,107100.10909998073,209755.2854231581
state,Kebbi,hospitalizations,16,1082.8849076001607,109.832202821472,229.0777301779329,553.726490853182,1189.852438079201,3516.7982065160136
state,Kebbi,deaths,16,107.40938731715305,15.644554996907292,32.767440350569345,56.43616287127299,96.78589361488525,373.2069440127472
state,Kebbi,cases,17,140284.10872512014,12388.651124881353,25213.86439455933,86582.24782378665,188172.99725059333,351867.94300525845
state,Kebbi,hospitalizations,17,1928.228416222427,242.96588545124544,523.9637102278003,1176.8641452184813,2593.336568811918,5354.053617722041
state,Kebbi,deaths,17,106.6721408624771,21.189360016689353,40.6529568142784,64.90851001050288,105.3416519148929,259.63398510059716
state,Kebbi,cases,18,228230.22956095738,11179.676370783385,31401.784464490673,135994.33961765145,299023.36866598035,667810.3164851597
state,Kebbi,hospitalizations,18,2621.4058774404657,288.7580222066057,668.8005432135371,1526.1617848291212,3311.1212970859447,7111.339175820698
state,Kebbi,deaths,18,219.5488985894493,37.59067046319916,76.30776693003023,131.52667434006378,227.9958973063758,639.1135771332566
state,Kebbi,cases,19,237806.04452452608,13576.785725380545,34559.785678564345,132729.90040270129,285377.1301243461,711444.4057149477
state,Kebbi,hospitalizations,19,2944.8315897549987,288.36809465962295,631.7457976354309,1702.3436801180019,3557.0322106105414,8662.594978441162
state,Kebbi,deaths,19,382.39080994035334,76.14714705949079,149.38000773066926,249.36791829837614,397.1213414624206,965.42415117675
state,Kebbi,cases,20,263901.7719186351,25309.642775880464,44930.260882840455,131846.8130547328,296315.56213178614,888662.4648437103
state,Kebbi,hospitalizations,20,2543.3662895498287,465.69958888093606,759.7570927985164,1485.2283722515833,3228.5121101832074,6930.143197729371
state,Kebbi,deaths,20,458.60998095497956,91.47130780196466,161.2920368435117,273.28069674535936,472.7568777816715,1310.4076601254524
state,Kebbi,cases,21,114641.85307548716,18932.79209836616,27173.954911279296,57578.84746719828,135609.92946165276,323957.1595443237
state,Kebbi,hospitalizations,21,673.0330658295509,45.836516110379776,120.48452515011243,380.9521630140987,800.5175304570985,2216.9643035849995
state,Kebbi,deaths,21,312.6871814121468,52.52235047234338,109.98494134665842,193.03268461881308,332.1097664678906,760.3053170690899
state,Kebbi,cases,22,15419.680607300343,853.8473748002834,2379.594615258635,9326.306313768615,19545.88480993241,42198.66830942858
state,Kebbi,hospitalizations,22,282.26579565247044,33.449530865710436,65.30322604142339,159.24350492631993,354.823421267448,763.402512012818
state,Kebbi,deaths,22,169.9848415894591,31.608414040488285,62.472687630411144,105.24799131521601,176.66584703145546,441.83955537738655
state,Kebbi,cases,23,9683.103964146296,915.2979154231231,1778.4275174990025,5605.266801612491,12646.826903298737,28047.183589606444
state,Kebbi,hospitalizations,23,121.62916069598967,14.167892114808307,27.048280494231186,63.231683849443215,136.3585254040769,396.4698187917758
state,Kebbi,deaths,23,34.052159348901476,6.225634584552498,13.228011939633623,22.785043501089845,39.300987357463555,93.73962638594905
state,Kebbi,cases,24,11528.87824366967,839.865943877632,1917.4736934417692,6515.887681471675,14640.899706725993,37051.63689847703
state,Kebbi,hospitalizations,24,121.52196045260405,5.505943936560875,21.55686140021819,72.62794219433657,156.20953387983576,349.38231054370453
state,Kebbi,deaths,24,22.659265569221883,3.3690056355498372,7.526497297706087,13.387660110885806,22.468177571455463,60.786197631719695
state,Kebbi,cases,25,14216.742429894304,1540.8074333884472,2589.5278725570456,7896.869779671876,17680.10355823928,45468.920049859764
state,Kebbi,hospitalizations,25,286.86272469113254,31.692528148847114,66.38043339421341,166.8488043518571,364.1587940575728,775.0590700130432
state,Kebbi,deaths,25,27.8220737015939,5.0688379720353645,9.88140344082672,16.904523733767455,27.639436984552486,81.8831307331118
state,Kebbi,cases,26,23631.62195545415,990.1163803299833,3200.1020891798,14751.413829390203,31159.035699429332,61483.201685564265
state,Kebbi,hospitalizations,26,417.08551618817665,64.02941991897164,109.99212483052949,238.5935277824072,515.5223073381744,1031.9766220556653
state,Kebbi,deaths,26,42.02340400903969,6.578776386875856,14.575930370465969,25.578617325209077,42.04469311062662,124.95706344267137
state,Kebbi,cases,27,39834.19265847819,1927.533863369238,5548.933960746625,23922.70123300671,50654.72581703718,101451.45727534106
state,Kebbi,hospitalizations,27,574.4846854486073,86.23061374325054,151.54689921522424,312.19507050916314,682.7371822495872,1547.4867069390032
state,Kebbi,deaths,27,75.180036345819,13.325223470675144,25.379128189117267,43.85915633698031,73.11025045579515,205.80424361170168
state,Kebbi,cases,28,48854.95055941413,2659.5981623044927,6700.12484853282,30181.03645945281,64490.07673474185,121976.8985304908
state,Kebbi,hospitalizations,28,742.3790449771795,36.957196722925126,129.05984968976938,415.8442255742676,881.0156594749462,2008.9740613524418
state,Kebbi,deaths,28,80.8792431883533,14.271796089423676,30.052244706428038,52.559775868870545,88.96324740794415,204.06639067461228
state,Kebbi,cases,29,46036.32507625331,1278.6404454918024,5160.682455932772,28043.872462324634,57821.37081269366,136110.44791654524
state,Kebbi,hospitalizations,29,690.0227792266652,55.246755459831654,142.83490386586286,402.23240440807155,861.504199460631,1683.4574353263438
state,Kebbi,deaths,29,104.66963286081128,17.827152331032572,34.40661415999688,61.22784309657571,107.01520867517017,263.5075377150354
state,Kebbi,cases,30,39725.99049986558,0.0,3176.3677772296087,26702.87468672627,56189.93965876939,109064.92523548566
state,Kebbi,hospitalizations,30,708.2585110716881,41.007581601906644,129.44481924289408,389.6189394691981,815.0021424109273,2385.853980641337
state,Kebbi,deaths,30,101.25442665272003,20.049575124657526,40.038806287764174,67.43283128824345,112.94726291225625,228.21990182102155
state,Kebbi,cases,31,53182.740842757565,1233.2250901589437,6303.808701793241,33130.37872927456,69876.798794456,134731.66020351055
state,Kebbi,hospitalizations,31,662.3208062150586,23.980742973673536,111.75446801673661,411.83313535066696,841.4267450604725,1987.8959410522243
state,Kebbi,deaths,31,134.80046756241853,26.15798399027562,48.46562222148157,82.471798618633,133.97627394894707,327.55583807907357
state,Kebbi,cases,32,27474.87754261058,756.1145200691226,2868.248472854577,14084.16962702446,30433.77838985572,91947.19571868352
state,Kebbi,hospitalizations,32,370.6763769694155,39.353070470567104,80.65224508902458,197.3086336522007,447.0864882793902,1118.8274905335395
state,Kebbi,deaths,32,80.51591043973129,13.421015998238746,27.95287882247978,47.46962136556919,82.33738461985658,204.1773310905689
state,Kebbi,cases,33,7092.005056635115,442.93852094991973,1107.7400959646593,4413.7285798670755,9668.919501394317,19473.54415503467
state,Kebbi,hospitalizations,33,99.79716408788265,8.023712864257114,21.015701605809586,56.81218180602517,121.99291397589339,267.78472564953364
state,Kebbi,deaths,33,34.3467725762294,5.806957472411796,11.80369070561633,20.6210745435318,35.751241323180665,91.43728279539445
state,Kebbi,cases,34,3088.706998433551,219.4058415472733,481.90127602216694,1755.0791314704916,3855.0751184184187,8573.490000284159
state,Kebbi,hospitalizations,34,30.27612177225782,2.5273749319739953,5.934909132151846,16.27779726415438,37.46103849815087,94.21963058457295
state,Kebbi,deaths,34,12.19472548993826,1.4793431130224584,3.9173450022189193,7.339115227710437,12.968649458814356,31.386102695720794
state,Kebbi,cases,35,1779.1270890667242,244.94485706973157,380.4276733379066,1026.8664304854242,2313.3064698341423,5012.1809669374825
state,Kebbi,hospitalizations,35,19.225692936342607,1.5795826664329713,4.006730971219629,10.325545728105915,23.53473427377608,53.48897752813403
state,Kebbi,deaths,35,5.749711499592248,0.3438752157972047,1.3341752070351514,2.9082010762518036,5.616866120022717,15.138744246120256
state,Kebbi,cases,36,1164.9264563533695,0.0,94.43486507215866,653.9987194122045,1379.7064107012327,3555.4442929695942
state,Kebbi,hospitalizations,36,17.598936493204267,1.1836115988886733,3.1428370189079855,8.979783722422757,20.428301729339772,48.81418548867999
state,Kebbi,deaths,36,3.309118290564379,0.2471663574191929,0.49459841186120534,1.4566606229110706,3.22430182837814,11.030627411328739
state,Kebbi,cases,37,954.2422500470386,129.8268873347689,225.05610028580983,588.6063885525126,1321.4712489627073,2393.2314818175887
state,Kebbi,hospitalizations,37,9.58335097193127,1.431198262045366,2.294168830248145,4.873599687662619,12.2870431215569,25.593993575779145
state,Kebbi,deaths,37,2.2893403620965618,0.14179561363746074,0.14179561363746074,0.7695826477214002,2.1666283578152066,10.275115424130647
state,Kebbi,cases,38,1152.78781719208,109.86912057613793,220.06196212150013,684.5857600964451,1526.97969224791,3163.118612950787
state,Kebbi,hospitalizations,38,16.12873379264072,1.0779495776560473,3.3680176910823385,8.99415261171239,21.044538010194614,45.90529599553609
state,Kebbi,deaths,38,3.4328991036147953,0.24209220481951155,0.6610630920171537,1.7913289995230461,3.4840972255542075,9.951785845879973
state,Kebbi,cases,39,1177.498174491622,66.81503777265857,152.02223834125047,623.9330166692121,1396.9833961698534,3392.0917673275203
state,Kebbi,hospitalizations,39,9.152316822603975,0.0,0.6934808725540345,4.419274331110017,10.610387686345248,29.69824206501632
state,Kebbi,deaths,39,1.3331849117555141,0.0993850891596752,0.0993850891596752,0.37463347016113224,1.4123549514455198,4.445009533110941
state,Kebbi,cases,40,802.594088579605,79.24380151045548,150.35104662747733,464.83129750741983,1013.909066975791,2008.6040686244366
state,Kebbi,hospitalizations,40,17.237541138830878,1.854813118555661,4.103686529535429,9.447806414024159,21.864156840630585,42.087913268911194
state,Kebbi,deaths,40,2.674393667050569,0.20899145826981358,0.4259355023584298,1.3711245217620065,2.9329795492303545,8.792223258138401
state,Kebbi,cases,41,1002.259147956908,92.28830468256744,172.58294051286146,562.7917278458631,1241.3880542785218,2696.3986406658505
state,Kebbi,hospitalizations,41,20.853105055337842,0.2219165118111238,2.801757112168249,11.17875269374502,25.468604226434756,68.38336402839519
state,Kebbi,deaths,41,2.4606796183460635,0.1603697281404569,0.2274531382776635,1.0532427524124794,2.4385179638578993,8.529690230181306
state,Kebbi,cases,42,861.7279461271335,100.96904150483005,176.0071043362867,478.47751381703483,1072.7204854445265,2541.008639630661
state,Kebbi,hospitalizations,42,10.184084168199472,0.6891883057845671,1.9629572790265493,5.512523668669825,12.845834523767218,26.692642794052812
state,Kebbi,deaths,42,1.2143126415085759,0.14596869256581474,0.14596869256581474,0.31485780075199965,1.198954692720494,3.895932652443297
state,Kebbi,cases,43,1358.3299552003887,126.00502922849255,232.9297694475277,730.411483803889,1584.3493651884392,3659.885561010031
state,Kebbi,hospitalizations,43,16.865726146310863,0.0,2.5743964379962234,10.060506159933071,23.177151046543784,47.367212004827614
state,Kebbi,deaths,43,4.100936745776991,0.234404999738965,0.7411161450602266,1.968400713547364,4.128304689492097,13.634527822713396
state,Kebbi,cases,44,1075.3966307914336,101.5984509069832,205.2958675607436,623.8067714927411,1355.7880584244158,2939.3752391199178
state,Kebbi,hospitalizations,44,7.857395378641486,0.33625037940940894,1.1494598643671736,4.174532914298443,9.599507759309772,24.55822714913798
state,Kebbi,deaths,44,3.234555387652258,0.22228224714301725,0.4868010209125341,1.4716959888248962,3.053674460407401,11.904236524134907
state,Kebbi,cases,45,981.4028709774063,0.0,81.54129574106867,619.8589006681563,1338.7045880114865,2793.238039433578
state,Kebbi,hospitalizations,45,17.778117118872405,1.9761190614404234,4.049983381024596,9.447258702224483,21.417033085227757,48.33446562016054
state,Kebbi,deaths,45,1.298764030476408,0.11296837820986666,0.11296837820986666,0.37973178559895554,1.3076514729407995,4.265709490558209
state,Kebbi,cases,46,1691.1631554607711,48.095813985937255,224.8338037851006,1047.8932623844264,2162.923230484112,4990.275414449886
state,Kebbi,hospitalizations,46,11.67747247363135,0.02517086188291474,1.5137729248451754,5.900207895278183,13.672322423061601,39.27506525066641
state,Kebbi,deaths,46,3.158322414105809,0.2610419800115853,0.49350928015790513,1.4249525495170379,2.953094384186397,10.1094235430354
state,Kebbi,cases,47,1586.89327929285,218.30005122610703,339.48043889230206,870.41604192572,1953.717348194566,4577.3138961855775
state,Kebbi,hospitalizations,47,13.92777698507546,0.28391737842029485,2.052993115194005,7.524315683777733,16.688335847845305,39.994126393282684
state,Kebbi,deaths,47,1.5426325936707326,0.08772396860528031,0.08772396860528031,0.4382354483334318,1.3726632934695275,6.113324376074266
state,Kebbi,cases,48,1791.466453626803,278.1113331548588,428.67509889463406,966.3785598576305,2205.9279607349963,4679.026652751872
state,Kebbi,hospitalizations,48,15.08220875018869,0.29670667531215583,2.2859025755433797,7.887389924653286,18.071393028283218,50.382994482549385
state,Kebbi,deaths,48,1.273484187969194,0.0747364747665357,0.0747364747665357,0.2945933208731226,1.2058668878358425,4.555638563920309
state,Kebbi,cases,49,1402.2793411681791,73.62346767468759,212.05921479280477,820.1275309950538,1794.065701119503,3768.4506907997716
state,Kebbi,hospitalizations,49,10.51869157575521,1.0514757210673684,2.1208192125174126,5.2685128388494125,12.775706803790897,33.25515185538291
state,Kebbi,deaths,49,3.235728218245793,0.23483243390661768,0.4959030049193561,1.4899260451185325,3.1481121701377535,9.103677152219923
state,Kebbi,cases,50,1145.1777595617727,0.0,84.85388386592453,727.9347610470642,1472.334646073521,3443.058667250891
state,Kebbi,hospitalizations,50,14.520497177475903,0.9091099040937161,2.929146899840705,8.073482328236544,18.054539609274784,42.869187957890865
state,Kebbi,deaths,50,2.8813380749696664,0.1991919674557392,0.33045462591371877,1.228344352665101,2.4817267933800453,8.334304217591956
state,Kebbi,cases,51,1027.8202141405916,102.7172489556173,172.48477547732082,517.6476988524827,1156.1089742292127,3280.135049635987
state,Kebbi,hospitalizations,51,14.745105419154156,1.215277155569726,3.15537778905491,8.061304304699682,18.702109795200755,42.65509558816055
state,Kebbi,deaths,51,1.499481695900466,0.15309989573585453,0.15309989573585453,0.44400280298034606,1.4908329247666257,5.180273390405824
state,Kebbi,cases,52,1315.4466219825363,216.63745740747098,327.79215821683584,756.1502131719305,1716.6546956585826,2971.993938426377
state,Kebbi,hospitalizations,52,14.32689115648947,0.5718933198835011,2.3438712958365646,7.522471316476491,18.11494468415738,49.90128280007692
state,Kebbi,deaths,52,2.7347152159083876,0.1698051792997013,0.3025642556554045,1.2115618027531267,2.6979313964260503,8.372531898855513
state,Akwa Ibom,cases,1,912.0182787759386,13.980902773201167,107.39575466546756,562.3927954712299,1176.1056523995783,2647.0700249940005
state,Akwa Ibom,hospitalizations,1,45.336240812610804,4.9813572662770325,10.177794525238507,23.799873994732295,53.18265348408363,135.53826221072768
state,Akwa Ibom,deaths,1,2.069685776166062,0.16150768561366635,0.16150768561366635,0.7244236919625955,1.778946291440383,6.955224835457991
state,Akwa Ibom,cases,2,554.635903810677,24.286729070361908,68.71624883897424,305.8990793659683,686.7814992700564,1437.6022498954553
state,Akwa Ibom,hospitalizations,2,13.864997802590029,1.485647946176513,3.0003257408378654,7.00974287905158,16.54861982978054,40.16292287910678
state,Akwa Ibom,deaths,2,3.1537755851124065,0.2570578639283687,0.5387184707815378,1.541249148255551,3.2078138569555903,10.135658499351276
state,Akwa Ibom,cases,3,908.2505980716506,0.0,79.54202201464557,535.3578153988594,1129.7110948140212,2694.2910395197277
state,Akwa Ibom,hospitalizations,3,14.286019974973735,0.641290825331519,2.6554021990392007,8.302927508497854,18.630328697330377,40.29875264871793
state,Akwa Ibom,deaths,3,1.6089726532995978,0.13208485155788519,0.13208485155788519,0.5750410679266388,1.5056049598486085,5.138083833896133
state,Akwa Ibom,cases,4,749.2237514191947,48.640457210598946,123.78877101737507,434.3292768303116,938.4275018949179,1910.7627943584123
state,Akwa Ibom,hospitalizations,4,12.286558932293865,0.9484142208548931,2.204860872792021,6.004593757544224,14.379082081207974,44.30114351013735
state,Akwa Ibom,deaths,4,1.2079980929472882,0.14868216398624032,0.14868216398624032,0.31639919757973056,1.1261346361702251,4.180014425816457
state,Akwa Ibom,cases,5,725.968125843943,84.45497912276286,140.77446346619286,373.2591500073962,833.7828150263546,1959.4687077897356
state,Akwa Ibom,hospitalizations,5,11.929520004410865,0.7441177299577562,2.244276003895302,6.522979446502539,15.46953822338087,32.014522656744035
state,Akwa Ibom,deaths,5,1.1575170833070425,0.09353276102804622,0.09353276102804622,0.23346971524559965,1.0549041658089964,4.458131615375766
state,Akwa Ibom,cases,6,795.9709428900998,23.871236086016467,97.96077896939411,437.92828894322156,932.2962609980978,2457.415990792635
state,Akwa Ibom,hospitalizations,6,19.260190851403415,0.8986126999715276,3.313740543150633,9.704906574143381,22.826190957252194,68.66626340196613
state,Akwa Ibom,deaths,6,2.458175456123892,0.22771437903481406,0.31744788259443435,1.142976240303779,2.4875787480390477,7.146539171559472
state,Akwa Ibom,cases,7,1017.9901479485372,100.64885003456881,190.97243317745352,582.9569939957784,1207.1404606023468,2862.1304131431984
state,Akwa Ibom,hospitalizations,7,25.152123641944304,1.9472195324728032,5.233604702293418,13.98689154578387,31.378721621590618,69.75214812970951
state,Akwa Ibom,deaths,7,1.5605086360562412,0.19110837293059207,0.19110837293059207,0.5321982174994302,1.4479268517907116,5.574958264482108
state,Akwa Ibom,cases,8,1341.4926885144482,21.252062791333568,141.83040177175212,788.4541515514393,1650.643365516957,3993.9621455687343
state,Akwa Ibom,hospitalizations,8,19.582331389405482,0.7860652660179851,3.2508918739608577,11.223734250444538,24.993921826784277,54.272736614801616
state,Akwa Ibom,deaths,8,2.953106466385411,0.18496163588043713,0.2642932777166344,1.1229753559745035,2.557924172451107,11.53218722887207
state,Akwa Ibom,cases,9,1991.7878941370873,248.61953799880328,417.7387130786086,1143.4097144948046,2530.23033518408,5631.401093882698
state,Akwa Ibom,hospitalizations,9,48.95588857622196,6.392364951248654,12.62770915585083,26.52102213614903,60.764961727269394,123.78847104867853
state,Akwa Ibom,deaths,9,2.2838057805833314,0.16275945029603456,0.16275945029603456,0.9322159759887372,2.1978325297110235,7.504801158505227
state,Akwa Ibom,cases,10,4218.007382725891,252.47324790357342,568.8946889272196,2305.8814335784436,4817.83771676,12656.293625504266
state,Akwa Ibom,hospitalizations,10,87.9048227245916,13.279423448540049,22.57420265995891,48.66450993163327,101.95082932263502,255.39398400783955
state,Akwa Ibom,deaths,10,4.1269075493750345,0.27168392577334277,0.9489285501802374,2.247258894553072,4.4219323668421024,12.319136974089625
state,Akwa Ibom,cases,11,12950.516345783819,1038.8939991175691,2043.4624780501363,7344.776067064533,16167.152314603209,34916.58915457492
state,Akwa Ibom,hospitalizations,11,210.443940146001,20.072894358145398,47.38123689299337,125.5379755046859,274.5765781720607,541.5501493193021
state,Akwa Ibom,deaths,11,10.982831615653025,1.0690516636700245,2.9040244025260287,5.7158774225727775,10.688541239616915,32.61666960026349
state,Akwa Ibom,cases,12,40995.79734058806,5164.502537777913,8780.454093436801,23650.245906193148,51967.722713839656,118694.8229649519
state,Akwa Ibom,hospitalizations,12,870.7553353449434,96.98065372328297,210.26497033496963,506.975911858392,1116.2831001039722,2305.0090336350117
state,Akwa Ibom,deaths,12,25.758651821840818,3.337306407625511,7.980910477031556,14.456437512916553,25.078177973051904,72.42786769404923
state,Akwa Ibom,cases,13,112573.72807372846,10177.567220191282,19872.429225250515,61581.13970065013,132010.55047606316,302646.21943747904
state,Akwa Ibom,hospitalizations,13,2021.5987445780763,225.96491317532332,464.4066504904589,1082.7346456220237,2376.7144280585817,5963.885055871341
state,Akwa Ibom,deaths,13,64.50301364227872,12.722839141826938,23.453829967193695,39.66462587518303,68.27726270622142,200.6922017628128
state,Akwa Ibom,cases,14,193151.2884735278,0.0,11986.535757765188,112123.34398436776,234888.19355000491,640568.5951305766
state,Akwa Ibom,hospitalizations,14,3001.1135351761022,218.3428346567132,591.6833552060662,1694.7235584471175,3467.847180676673,8190.732386937822
state,Akwa Ibom,deaths,14,212.95294750844997,41.36396134421958,79.5663698486572,133.86361999393068,216.04606451677236,555.6139643744581
state,Akwa Ibom,cases,15,148110.8368748002,6825.13562277808,21458.23941693158,91755.96685619732,193957.65966451293,376627.5208776803
state,Akwa Ibom,hospitalizations,15,3774.167894459827,233.28247760596804,748.1499290333164,2189.1524323608537,4683.549298209414,11457.763258203173
state,Akwa Ibom,deaths,15,205.02250915048091,41.27863800797208,80.10729789116056,131.47540946622397,215.5106600946067,513.7286451124643
state,Akwa Ibom,cases,16,142751.1058919155,24745.006366743575,36232.64963455215,82565.19227574646,188138.13204934256,368467.3175835968
state,Akwa Ibom,hospitalizations,16,3289.389822774715,335.457450087498,697.4555431265828,1683.003889276565,3614.115142951806,10678.11116404747
state,Akwa Ibom,deaths,16,289.5934630162626,43.61605213915483,89.51427806671532,152.95874733892575,261.11698232882867,1002.0689632740983
state,Akwa Ibom,cases,17,70850.05573162755,6256.398738339531,12733.778329073351,43727.90731409435,95036.35989946584,177710.564097254
state,Akwa Ibom,hospitalizations,17,1553.9522527991057,195.6357638103572,422.11915841197185,948.3549289954103,2090.02740674544,4315.15697587614
state,Akwa Ibom,deaths,17,399.70298460162854,81.57793254472222,154.01190910917046,244.27920091777798,394.7515562376528,968.9520682124848
state,Akwa Ibom,cases,18,29607.49622837657,1449.4718564196487,4072.8908424164065,17641.708381676763,38791.50384771386,86634.32400342703
state,Akwa Ibom,hospitalizations,18,786.3359929965823,85.99527487538715,200.09704616563621,457.50623302386424,993.4121666290354,2134.3676315692323
state,Akwa Ibom,deaths,18,125.7433971232303,21.176998856266106,43.42665126595051,75.15944138796644,130.59765538398796,366.8556992551355
state,Akwa Ibom,cases,19,6648.7909095870655,378.67513986548363,965.4220221005214,3710.54945247557,7979.018514136158,19893.122604730204
state,Akwa Ibom,hospitalizations,19,127.02245462950468,11.575604762548178,26.498405017962646,73.02535832827319,153.6279898814883,375.50987887876295
state,Akwa Ibom,deaths,19,31.69637050377787,5.579241397805118,11.82466571966587,20.351806716594837,32.95247278657504,81.41831390547225
state,Akwa Ibom,cases,20,1553.5840778464442,148.0985561590631,263.6786248518988,775.681917297014,1744.525468123145,5233.890346039338
state,Akwa Ibom,hospitalizations,20,24.89936062727395,3.7501772131774445,6.7431630390755775,14.127178844051604,31.870727125038464,69.54679126259856
state,Akwa Ibom,deaths,20,8.072153624777059,0.8230987062484602,2.1996346697883244,4.407523644591161,8.340254523162747,24.854783125368947
state,Akwa Ibom,cases,21,1645.0538686549594,270.8533331624505,389.18079594357005,825.7373685958086,1946.1156647267508,4650.424554561215
state,Akwa Ibom,hospitalizations,21,19.185839112520537,0.40224202596503644,2.637134458686636,10.43529492296976,22.996694440421315,65.40380235044643
state,Akwa Ibom,deaths,21,2.3849387121314827,0.12413775580127762,0.17046518558278528,1.0463001507755711,2.5130296047141805,7.028849305286971
state,Akwa Ibom,cases,22,2142.685200906853,117.83543870063795,329.9351046889872,1295.6227309885453,2716.283459122582,5865.329176882597
state,Akwa Ibom,hospitalizations,22,27.573774590030844,2.4747737135570236,5.687716818869265,15.163062447983773,34.89035437689287,76.10194271362028
state,Akwa Ibom,deaths,22,1.606337653369907,0.131981755569553,0.131981755569553,0.5384978167798292,1.5726464509177767,5.412428891107779
state,Akwa Ibom,cases,23,3695.743497374761,348.7812882884612,678.2664689183824,2139.09787793888,4827.094786445527,10705.921433509378
state,Akwa Ibom,hospitalizations,23,77.82727951532873,8.750076283702782,17.029721755368833,40.288783742820385,87.29546589398329,254.49766733281575
state,Akwa Ibom,deaths,23,3.763955815829981,0.3003089557743437,0.9176137987683829,2.205685222609577,4.4316604307440794,11.768756142366243
state,Akwa Ibom,cases,24,6540.282902011296,476.051180014868,1087.4138499692438,3696.2468454767545,8305.836046352531,21020.19164627881
state,Akwa Ibom,hospitalizations,24,110.02771417459809,4.895542045975219,19.440527325004872,65.72000761119452,141.4597915466636,316.50867577692657
state,Akwa Ibom,deaths,24,6.234437789450835,0.3596827490625025,1.6007998456048962,3.3886044747911432,6.1583946459339645,17.846371217911738
state,Akwa Ibom,cases,25,11221.41323900189,1215.9864686864062,2043.7672643063659,6232.982561742155,13955.129225898701,35889.52448094584
state,Akwa Ibom,hospitalizations,25,177.64051856508445,19.28817794308052,40.814637777772774,103.16283484469083,225.60855586299914,480.6031490461944
state,Akwa Ibom,deaths,25,15.440947798226283,2.461540488796189,5.206528953139162,9.212372471078256,15.335346429607682,46.27483485189054
state,Akwa Ibom,cases,26,17436.29931706923,730.2937539169003,2360.9284373930413,10884.046703635257,22990.3862095916,45365.02718870177
state,Akwa Ibom,hospitalizations,26,286.54333797264604,43.724765020345274,75.33616766595273,163.78332797395186,354.24442401994855,709.4420852979415
state,Akwa Ibom,deaths,26,16.970575942857874,2.165336772873211,5.505412306230144,10.100772802493221,16.97796148413272,51.606978272724035
state,Akwa Ibom,cases,27,21118.693120360254,1021.463686302541,2941.4455769352717,12682.788559442904,26855.484677294375,53786.72725772826
state,Akwa Ibom,hospitalizations,27,510.6160462935005,76.54955578754993,134.6168868160018,277.4359475484631,606.8544272880254,1375.6320230131025
state,Akwa Ibom,deaths,27,24.90882772614858,3.8717663771760567,7.9710956365905705,14.255840859890272,24.20364356714801,69.33062784306645
state,Akwa Ibom,cases,28,24721.263359229506,1345.3253186424463,3389.9269632620326,15271.821138218917,32633.003384896838,61722.68884302166
state,Akwa Ibom,hospitalizations,28,478.8642915543109,23.502022195445004,82.95586605346618,268.0801046668204,568.3562520683358,1296.4727671019364
state,Akwa Ibom,deaths,28,35.93473434255653,5.888892147558857,13.007230287099828,23.16006062728922,39.58115397878315,91.5025609414016
state,Akwa Ibom,cases,29,28968.314616272062,804.2227075203082,3247.0248160090077,17646.432304701233,36384.1315774449,85648.08135092995
state,Akwa Ibom,hospitalizations,29,495.6581220727154,39.42617519877759,102.37831890646956,288.81482919608317,618.9067944812807,1209.6684348045026
state,Akwa Ibom,deaths,29,44.0334510913597,7.023593644030974,14.089285906639658,25.519726274720043,45.03299142357559,111.72554452701128
state,Akwa Ibom,cases,30,21078.752097397577,0.0,1684.9571270774322,14168.460699926862,29814.722269797072,57870.95152220934
state,Akwa Ibom,hospitalizations,30,552.9776727334738,31.810691630366016,100.8860066622635,304.0991530377168,636.3514885500524,1863.2903718594498
state,Akwa Ibom,deaths,30,36.78661292738234,6.7785595553983,14.1652846625816,24.28834195311514,41.10752784740751,83.7048288166518
state,Akwa Ibom,cases,31,15533.386310291853,359.50329129870516,1840.5638331517594,9676.303736897153,20409.52045933203,39352.89730453502
state,Akwa Ibom,hospitalizations,31,205.9534305835737,6.793398967988767,34.176718146607406,127.79414092623855,261.81715209509446,619.4883333841875
state,Akwa Ibom,deaths,31,25.193653242798327,4.238185066202838,8.540843816086442,15.099896410932972,25.033990694752653,62.37128282628805
state,Akwa Ibom,cases,32,5201.495458012041,142.3574357394108,542.283866131771,2665.985966007512,5761.736906523234,17409.12384479502
state,Akwa Ibom,hospitalizations,32,74.61623512395157,7.209688464884263,15.611858448992225,39.34518521629993,90.16160012609099,226.8249145476812
state,Akwa Ibom,deaths,32,10.219688807141658,0.9834006539463443,2.982046673906263,5.6662902755771585,10.461843130427745,27.219152708082483
state,Akwa Ibom,cases,33,1266.494408004206,78.33010890193725,197.12759741735331,787.8950439893439,1726.977480929434,3479.0262552768418
state,Akwa Ibom,hospitalizations,33,22.376982109674326,1.0923869090679084,4.104923718972277,12.405286074064362,27.519165778272136,61.324860040057956
state,Akwa Ibom,deaths,33,3.109813988504934,0.19804071416482083,0.4698681267710615,1.4821068447192531,3.219055230420334,9.611832074846498
state,Akwa Ibom,cases,34,938.7499375983027,66.03754626097633,145.8768540958891,533.1203081890122,1171.84465929788,2606.974298789357
state,Akwa Ibom,hospitalizations,34,20.005970931555133,1.3684733185230966,3.656478985830961,10.601262301906825,24.824854244961706,62.935691211871934
state,Akwa Ibom,deaths,34,1.048862586439681,0.09880091382490075,0.09880091382490075,0.17051534789623984,0.9607018411968702,3.5458575914525423
state,Akwa Ibom,cases,35,681.504655857766,93.29580116235874,145.2402120191309,393.08625862437486,886.3102097287099,1921.06465010663
state,Akwa Ibom,hospitalizations,35,16.00777756400237,1.1685733371906375,3.2089999409428116,8.521027108259187,19.62557299423173,44.80715531078008
state,Akwa Ibom,deaths,35,1.1961690335461286,0.09819003424199005,0.09819003424199005,0.16998469873413663,0.9808684258957271,3.831400292958654
state,Akwa Ibom,cases,36,706.5550354807575,0.0,56.91383719299807,396.48040895723864,836.8699568571724,2157.1980088018668
state,Akwa Ibom,hospitalizations,36,7.355970531675753,0.3960691489069301,0.8518257185429887,3.4609092943633386,8.578334862313808,21.266671224378506
state,Akwa Ibom,deaths,36,1.805206967695506,0.15518365761260844,0.15518365761260844,0.5424169573759539,1.6522323484160606,6.553442080704178
state,Akwa Ibom,cases,37,432.2343937636338,58.33438059264111,101.52402210964956,266.4062692381276,598.7850595343549,1084.8642658487647
state,Akwa Ibom,hospitalizations,37,9.702558363690347,1.4474555239155724,2.3315879403311053,4.940319058958271,12.43797325139033,25.896079966743702
state,Akwa Ibom,deaths,37,1.377724387287712,0.09779685853820094,0.09779685853820094,0.22048644123322014,1.184033043110258,6.776480808178405
state,Akwa Ibom,cases,38,424.58572479535735,39.8951406270262,80.54082923420246,251.88489640157772,562.6099940632807,1166.1155590014016
state,Akwa Ibom,hospitalizations,38,9.460311681691241,0.5220091906941988,1.6617463712029807,5.090153778860416,12.433317629018653,27.582760015192097
state,Akwa Ibom,deaths,38,1.164936985206709,0.11000450107417512,0.11000450107417512,0.2683545682742347,1.0375330896462978,3.976392109549421
state,Akwa Ibom,cases,39,628.2958391262309,35.211953505088616,80.71099452357792,332.7024661002854,745.4968155396155,1810.8471264274792
state,Akwa Ibom,hospitalizations,39,10.545569257611005,0.0,0.9283783614386016,5.170965095726977,12.220828617033582,33.95630018135496
state,Akwa Ibom,deaths,39,1.7398915479161572,0.11967263931697114,0.11967263931697114,0.655238395000371,1.9047907130719173,5.556503268679911
state,Akwa Ibom,cases,40,395.22667932434894,38.56566562734287,73.62638596989808,228.6865927211629,499.4193723410585,989.8718321649063
state,Akwa Ibom,hospitalizations,40,12.939686139574704,1.1919405113891584,2.8983657600699058,6.980382524782135,16.46440453279481,31.91198328665281
state,Akwa Ibom,deaths,40,0.9556805110331853,0.10211261396647997,0.10211261396647997,0.1585244916782801,0.9216422803755668,3.784451583379853
state,Akwa Ibom,cases,41,442.92572332739434,40.27854524778672,75.80760507531201,248.46859552655326,548.7363435679296,1192.5546713911958
state,Akwa Ibom,hospitalizations,41,8.107798769655021,0.0,0.5761157403047563,4.04901371959109,9.97323750948102,27.76464985373032
state,Akwa Ibom,deaths,41,2.3438685791822698,0.15463364171330662,0.1835497322665805,0.979802596216401,2.3155294394605574,8.188833340180139
state,Akwa Ibom,cases,42,578.6222020543502,67.50771514209328,117.92190122648873,321.1360959057427,720.377155982972,1706.8438828348592
state,Akwa Ibom,hospitalizations,42,9.663189797302726,0.6568647560084768,1.8239919247261525,5.207080466564747,12.19645246422834,25.393833005389865
state,Akwa Ibom,deaths,42,2.2249201586169947,0.2246872964292046,0.2477000195021858,1.023939786311449,2.384816128670259,6.536231583912792
state,Akwa Ibom,cases,43,675.6608839327752,62.22183588530622,115.44790432740777,363.0893362615281,788.171090276262,1821.352292181042
state,Akwa Ibom,hospitalizations,43,9.857215658427332,0.0,1.1661294662622972,5.702806675310365,13.651659434159322,28.311142438174997
state,Akwa Ibom,deaths,43,0.9357648332436939,0.0,0.0,0.0,0.7349825568961705,4.105123418719555
state,Akwa Ibom,cases,44,545.0757987535314,51.05008026521927,103.65768605663146,315.975961322592,687.3235245716105,1490.706413236289
state,Akwa Ibom,hospitalizations,44,7.097059003121951,0.3070035851130499,0.9625015310804084,3.7244560995450016,8.677570887078796,22.335192595769296
state,Akwa Ibom,deaths,44,1.1573146213178054,0.1046566216610227,0.1046566216610227,0.1637427427889889,0.9085819033800211,5.075670986274551
state,Akwa Ibom,cases,45,527.8615362291157,0.0,43.43151637968636,333.2048627519407,720.1554629927662,1503.1226588845896
state,Akwa Ibom,hospitalizations,45,13.748594008050663,1.3364216034337664,2.964522260307951,7.201688314420054,16.598637455003615,37.73034273468059
state,Akwa Ibom,deaths,45,1.5254883504389727,0.12610490464977575,0.12610490464977575,0.5401738789415036,1.575996695460196,4.878032452467888
state,Akwa Ibom,cases,46,437.65063576914383,11.726357651473217,57.539446104000774,270.8885728047667,559.9207532308208,1292.812056553114
state,Akwa Ibom,hospitalizations,46,15.728314805312326,0.3536638085304289,2.3192549239808846,8.111224329979809,18.373738163713355,52.18030412598202
state,Akwa Ibom,deaths,46,1.1525245614250716,0.12431319330982518,0.12431319330982518,0.15480887419673375,0.8825393001215298,4.290520384517429
state,Akwa Ibom,cases,47,571.3468681516889,78.04542398508315,121.72418770719028,313.0968281416496,703.5664635970804,1649.2265322667854
state,Akwa Ibom,hospitalizations,47,8.04394573603522,0.05688429932205796,0.8441792549512741,4.149165279293379,9.684747981534318,23.762753998067378
state,Akwa Ibom,deaths,47,2.0226211102757183,0.10645451567175279,0.10645451567175279,0.7453229773859749,1.8792669298278968,7.632139121274071
state,Akwa Ibom,cases,48,541.6766032175703,83.50210596105372,129.08590631278906,291.8778442836872,667.1565319419369,1415.8973493167882
state,Akwa Ibom,hospitalizations,48,12.451754436687855,0.12756009980787653,1.7468892132080218,6.42951896970552,14.942957098044445,41.95422339571396
state,Akwa Ibom,deaths,48,0.950121512915701,0.06167731958651938,0.06167731958651938,0.06838121861505952,0.8204224567906888,3.584868316100107
state,Akwa Ibom,cases,49,551.470645847233,28.379042864499105,82.88079513219331,322.2755282224286,705.7121620196496,1483.0218080375573
state,Akwa Ibom,hospitalizations,49,15.30946069914682,1.6515097284995566,3.4251120033593665,7.888330120228025,18.533026869262848,47.571504252525486
state,Akwa Ibom,deaths,49,1.2449493482976703,0.11579038833887031,0.11579038833887031,0.22772437734895798,1.04533722647717,3.9818872190854893
state,Akwa Ibom,cases,50,524.8786077515468,0.0,38.3866519198594,333.40886320859505,674.9125650854679,1579.0093578809533
state,Akwa Ibom,hospitalizations,50,14.553368178922664,0.9131631491032365,2.93748889996825,8.092746304022862,18.094994439776876,42.96232694731241
state,Akwa Ibom,deaths,50,1.7837708276683357,0.13860390662714295,0.13860390662714295,0.5505506398421588,1.4226927497872108,5.495096397358191
state,Akwa Ibom,cases,51,554.9708269702919,55.0484367242984,92.75056279337534,279.2753931872584,624.2976219312989,1772.1138462040817
state,Akwa Ibom,hospitalizations,51,3.894280365831156,0.3222419244177144,0.3222419244177144,1.755592991522643,4.99152107072561,12.275757153922582
state,Akwa Ibom,deaths,51,2.198608391104771,0.2024275494348503,0.2024275494348503,0.9092498226692847,2.2933608647394177,7.17151175214209
state,Akwa Ibom,cases,52,578.8473398761879,94.86146420816551,143.82110792085896,332.49740860230395,755.5650513072492,1308.4967907384205
state,Akwa Ibom,hospitalizations,52,6.8877097566833285,0.2422035370467639,0.7113332589948338,3.3616477197777153,8.78268530328144,25.050362132577384
state,Akwa Ibom,deaths,52,1.108147392988582,0.08869122919360797,0.08869122919360797,0.1551245700086331,0.9314727758909906,3.8953829217343423
state,Edo,cases,1,1668.3967969790758,26.3921506508381,197.1985255934831,1029.1475527063449,2151.3038932047425,4840.92002022486
state,Edo,hospitalizations,1,28.616588105815918,2.8230473935206195,6.1444049105631375,14.851100246050725,33.63141273039,86.26986605591287
state,Edo,deaths,1,1.532114500824945,0.12970013864453783,0.12970013864453783,0.38481330519758933,1.231656765534403,5.388511854324192
state,Edo,cases,2,573.655994318712,25.15232913161099,71.1027334292566,316.4046635859452,710.3252208102153,1486.847614614528
state,Edo,hospitalizations,2,11.665185981617173,1.170684984281941,2.406393546683816,5.820528682267576,13.94315943602426,34.05142429442872
state,Edo,deaths,2,2.4894043991295094,0.21392902892940568,0.2805542815129062,1.1148816622294866,2.5018323056829246,8.26733215957763
state,Edo,cases,3,878.2751558781515,0.0,76.88659344284366,517.6743772122632,1092.4321381586149,2605.4286959053425
state,Edo,hospitalizations,3,10.843716178915152,0.4244230906562647,1.829211686831385,6.20028872218366,14.1935005623804,30.964448036941832
state,Edo,deaths,3,1.101320259416735,0.10223382018530505,0.10223382018530505,0.2190835165705284,0.9393409910319062,3.7508836293907604
state,Edo,cases,4,887.0053940195444,57.75712903146612,146.70673624618547,514.2792687097184,1110.9571826337265,2261.8658053876597
state,Edo,hospitalizations,4,14.189269467643141,1.0849247024886166,2.6661541470741836,7.012803510693052,16.59267805628511,50.82158656460054
state,Edo,deaths,4,2.0073916100806843,0.2127961186106595,0.2127961186106595,0.8840500587083011,2.042955429829369,6.413713485250162
state,Edo,cases,5,876.5716855172817,102.1584018591559,170.14540575337875,450.79316866330026,1006.7219839220318,2365.6124650260836
state,Edo,hospitalizations,5,10.46499141419334,0.6459747843896517,1.8750704608394062,5.666848307040477,13.595269574122202,28.257399418283686
state,Edo,deaths,5,1.7406743465575016,0.12384008518639933,0.12384008518639933,0.6331496358271205,1.7207526448125077,6.226724377397902
state,Edo,cases,6,736.3523881206632,22.0106655667578,90.557708720833,405.092886969149,862.4781183476123,2273.5065019066133
state,Edo,hospitalizations,6,10.225021839031214,0.3277351296561788,1.3842495248862539,4.916713849162493,12.168984991430902,37.50527257149832
state,Edo,deaths,6,1.9382902538712812,0.19085614838276965,0.19085614838276965,0.7961105180698236,1.923073412639308,5.827926701525918
state,Edo,cases,7,1153.772068543904,114.19370727562341,216.55303935964074,660.7701135332679,1368.1269357118613,3243.646708658183
state,Edo,hospitalizations,7,14.489346407535388,0.7445480798955604,2.6898585240746002,7.8711928588039655,18.165941326069206,40.88032917405694
state,Edo,deaths,7,1.4230430386600923,0.17914313670488696,0.17914313670488696,0.4362677601581214,1.2946629073817433,5.1633021575188955
state,Edo,cases,8,1266.1608782724686,20.003392581940194,133.81550133935093,744.1540841838347,1557.961716790595,3769.7856157070178
state,Edo,hospitalizations,8,19.717501101156397,0.7978022506873261,3.2788262690274674,11.304061539838274,25.16473879959128,54.635956971091616
state,Edo,deaths,8,2.507852071783572,0.16280608450784384,0.16280608450784384,0.868675650318527,2.1317397293513034,10.031024478885803
state,Edo,cases,9,2473.311026845264,308.9358327113415,518.919765764154,1419.936761074354,3141.858880394405,6992.374545886618
state,Edo,hospitalizations,9,40.484463440196215,5.138767880793137,10.316722565299884,21.854007864891983,50.290861004601,102.62684513262818
state,Edo,deaths,9,2.4500361340194265,0.17164666167576692,0.20552625826071674,1.0377214429749813,2.3724449015077727,7.969191800650743
state,Edo,cases,10,5164.328017042612,309.3271743229292,696.721790915415,2823.3138189193082,5898.7006766243285,15495.318439382567
state,Edo,hospitalizations,10,71.49141544183415,10.643188589269394,18.221986685997543,39.49556044132659,82.9442800715936,208.05910660297846
state,Edo,deaths,10,3.578140138289067,0.2420251153711368,0.7361706470665114,1.8927666823020828,3.830038445904321,10.865132078102171
state,Edo,cases,11,12602.814493560552,1010.976567678992,1988.5759789375898,7147.5682748381705,15733.095300989842,33979.176877890495
state,Edo,hospitalizations,11,218.36908639996082,20.862729099530128,49.1946176787455,130.28075489983985,284.90548466458677,561.8855123497779
state,Edo,deaths,11,11.56442503102265,1.1696455043824545,3.0938315570697412,6.042392180784359,11.256818618217068,34.251056003671614
state,Edo,cases,12,46081.76010873574,5805.322194192923,9869.859887708473,26584.361834807743,58414.83580501527,133419.93749814815
state,Edo,hospitalizations,12,483.99454801172226,53.51080244620864,116.53568305696149,281.60859186496316,620.592079986121,1281.930844967209
state,Edo,deaths,12,28.513777602791077,3.783948374288169,8.90573596568746,16.048092102094373,27.763625484065816,79.98923508489256
state,Edo,cases,13,119110.47892011156,10768.594700603851,21026.397416260526,65156.96094133447,139675.91755331337,320219.6970879672
state,Edo,hospitalizations,13,1435.2002856841511,160.16250146821676,329.4744285961354,768.5347442593453,1687.3596660025728,4234.526025258468
state,Edo,deaths,13,70.88115940429843,14.059056568300107,25.834943190810883,43.62421333182044,75.02291385972526,220.33133270312723
state,Edo,cases,14,159460.02121580928,0.0,9895.566469926427,92565.6496902331,193916.79628513177,528834.9263259853
state,Edo,hospitalizations,14,2316.10658520747,168.2943057103042,456.4478910273052,1307.8020082953917,2676.3433287068515,6321.584684298927
state,Edo,deaths,14,127.83086889500024,24.509281425508078,47.51270128404525,80.2075624499495,129.69337631271335,334.162761273107
state,Edo,cases,15,197738.33341978,9112.353494629107,28648.538383004692,122500.76685109173,258946.95042876492,502823.5901625828
state,Edo,hospitalizations,15,2497.4601324508003,154.05147510348263,494.79807571288165,1448.4740230217758,3099.3013383867888,7582.572464323024
state,Edo,deaths,15,246.6541210740606,49.82201444515445,96.49690291004059,158.24512923644002,259.26164543860637,617.7414701558675
state,Edo,cases,16,210388.9097094645,36469.985927948175,53400.6239370205,121686.12769184,277280.89897701464,543052.3972360932
state,Edo,hospitalizations,16,2562.236572520402,261.10269530738327,543.1017292327792,1310.8507501400784,2815.199856973857,8318.101921672676
state,Edo,deaths,16,317.08088948126374,47.836313805072166,98.07608305904672,167.5218063361806,285.91079978847495,1096.9499151067234
state,Edo,cases,17,101371.20160707178,8951.954615687298,18219.653212086374,62565.401622756726,135976.45733564056,254264.9713048297
state,Edo,hospitalizations,17,914.6409162589486,114.78989041013034,248.15569799499647,558.0320959859165,1230.3112812231998,2540.589248798155
state,Edo,deaths,17,279.45989900684305,56.79791893667019,107.49588359527087,170.67573629697296,275.9942969218452,677.888527278632
state,Edo,cases,18,37934.75529976397,1857.4107285175373,5218.654841869291,22603.643028060353,49701.72605950589,111000.13034525437
state,Edo,hospitalizations,18,842.7126995199361,92.22451769445581,214.49647570428147,490.33728808580014,1064.6164344130198,2287.269309322163
state,Edo,deaths,18,110.346361657661,18.482893714222108,38.02961488627038,65.90744367680884,114.61091514249846,322.16787033307963
state,Edo,cases,19,6094.574175582455,347.03168663463185,884.8770328540934,3401.21594816711,7313.935878694596,18235.076891137796
state,Edo,hospitalizations,19,98.98440053013674,8.821435678030902,20.476010198466035,56.813147684915585,119.76308736793723,293.0508728903222
state,Edo,deaths,19,38.570300698545765,6.96246474362261,14.520930524855276,24.8408223553324,40.09065942041573,98.74598574845947
state,Edo,cases,20,2787.4203844193034,266.4345242602466,473.74773695064476,1392.1158315998025,3129.9074023067365,9388.69796430513
state,Edo,hospitalizations,20,32.031975227857714,5.058612753339076,8.876016037798841,18.29395779432545,40.92496356111154,88.97889343265706
state,Edo,deaths,20,11.397188347882878,1.4930253347689593,3.375391341372767,6.394604251609118,11.772479668614086,34.35553458273219
state,Edo,cases,21,2592.8815347756868,427.3914120219571,613.85397355137,1301.7877369906557,3067.300172298853,7328.799159208226
state,Edo,hospitalizations,21,19.83897166222059,0.4476637899238405,2.7549494006223485,10.80570977088657,23.774001189528434,67.55477042905113
state,Edo,deaths,21,1.753326665356763,0.09902804402519194,0.09902804402519194,0.6323889546074337,1.8024386949152382,5.404830161005764
state,Edo,cases,22,3487.4502559527937,192.3826800103002,537.535626695187,2109.0134894313555,4420.875859746898,9545.36487610393
state,Edo,hospitalizations,22,42.128966000450426,4.245092013288483,9.094956669244008,23.397775724341848,53.17567491139736,115.38363164726971
state,Edo,deaths,22,3.53762976304565,0.23954822281454624,0.6681768749958072,1.7923891163839558,3.6693793592003976,10.638623370031004
state,Edo,cases,23,4335.547866161473,409.3187847433073,795.8287652186071,2509.4898115174014,5662.704868529355,12558.994310835107
state,Edo,hospitalizations,23,62.68105818425659,6.876653601913016,13.56541145665608,32.35537463743674,70.32998545138668,205.40521808441883
state,Edo,deaths,23,5.433385339174032,0.40760629008980276,1.602757697736866,3.351043935451036,6.372337436605738,16.330902792529788
state,Edo,cases,24,9077.209846547248,661.0674850167916,1509.5369203449452,5130.162070272568,11527.50318803119,29172.908520410827
state,Edo,hospitalizations,24,122.4871072031246,5.557198049876447,21.73456534933368,73.20798637074212,157.44803752240313,352.1426378418645
state,Edo,deaths,24,9.006933015888285,0.8463042811971506,2.603224572721226,5.080101669586168,8.917450407824937,25.110316791106836
state,Edo,cases,25,13793.507977620999,1494.910834276539,2512.4129121020533,7661.76560565779,17153.771602448276,44115.36924514484
state,Edo,hospitalizations,25,216.2324854457279,23.67106205882884,49.84791381843751,125.66528112512798,274.56312648886274,584.644566563872
state,Edo,deaths,25,10.685232493483504,1.4595755727784405,3.41000966312315,6.256336290526627,10.606976483787758,32.59083315223098
state,Edo,cases,26,19693.24558021526,824.9467268114179,2666.638074821145,12292.92244621673,25966.212331513347,51236.85272915705
state,Edo,hospitalizations,26,352.1566312803426,53.93031923727837,92.7549936222966,201.3845358711829,435.3061406762458,871.5548480190162
state,Edo,deaths,26,17.679710657060806,2.2902924161664875,5.762221624777039,10.538989746255885,17.687664085638993,53.683704789826
state,Edo,cases,27,26494.796349531327,1281.736023402735,3690.4572018552053,15911.499110121786,33691.913322044216,67478.61447897764
state,Edo,hospitalizations,27,396.00174117915566,59.17658925745553,104.23544089225555,215.0595954416064,470.6804090979704,1067.233324694547
state,Edo,deaths,27,29.262321663371075,4.690502004790038,9.478753239143053,16.819695419854103,28.439298427525216,81.1501992817438
state,Edo,cases,28,26759.32081197911,1456.3138941449631,3669.4687263665282,16530.884336811163,35323.290419152654,66811.07588038013
state,Edo,hospitalizations,28,352.76139751425853,17.063155203408062,60.89317055807034,197.368757238725,418.7355738683892,955.5109270333865
state,Edo,deaths,28,38.26116072488118,6.322817953393335,13.88953451826603,24.681883520164835,42.137328406361625,97.32922326075197
state,Edo,cases,29,35618.52001336491,989.0699929688308,3992.6428477677473,21697.584769969468,44736.718681564766,105309.72283348978
state,Edo,hospitalizations,29,462.86455855963345,36.75689771180222,95.55240925903071,269.6788066769884,577.9753127767764,1129.7298806047738
state,Edo,deaths,29,50.25094480164889,8.131377849689052,16.172600857973197,29.181194590399986,51.38857510597798,127.28909165332034
state,Edo,cases,30,14383.994283123158,0.0,1149.508773337463,9668.337723305849,20345.454547310117,39491.21892248275
state,Edo,hospitalizations,30,276.6047621130062,15.441796931207309,50.056193832933296,151.88852714969465,318.3838114294499,933.2163237592215
state,Edo,deaths,30,33.96813546094062,6.198347011793225,13.034086999838898,22.402052711042156,37.9666743689109,77.38658906630701
state,Edo,cases,31,9860.819127965693,227.86104499076936,1168.0939679191642,6142.516298951835,12956.36586564981,24982.333797395855
state,Edo,hospitalizations,31,138.7412271089546,4.262066498718793,22.751155414273175,85.96120100908057,176.45291072724183,417.9508179111514
state,Edo,deaths,31,18.700559978723895,2.9395160380955523,6.175444692274619,11.108354195382574,18.579553334100737,46.66005436875944
state,Edo,cases,32,3749.051656391307,102.33443117505577,390.6080737894936,1921.4079750575518,4152.876896413913,12548.507703663445
state,Edo,hospitalizations,32,56.112048801220034,5.200680680289078,11.546740377415178,29.472241618357486,67.85327928141552,171.07346565789965
state,Edo,deaths,32,12.13414413906716,1.3225123261781417,3.6628765928672324,6.806058399801393,12.421530288483432,32.04391872031613
state,Edo,cases,33,1466.5850652800407,90.85342938237028,228.40469299707615,912.4326955576307,1999.7618761128604,4028.3950217943006
state,Edo,hospitalizations,33,26.771713356030645,1.4859620469336665,5.065152942249008,14.926802191310601,32.883582155738345,73.04808162800836
state,Edo,deaths,33,3.8790818662477666,0.2363827789818398,0.754444857504432,1.9626600578519198,4.035893776946319,11.666356847477136
state,Edo,cases,34,799.8857038363998,56.13159455790964,124.17326999828333,454.19483624602526,998.5366670128544,2221.6011924099416
state,Edo,hospitalizations,34,16.345259509120005,0.9552323294469355,2.844036655715522,8.577124191218108,20.319045280396136,51.780468112235205
state,Edo,deaths,34,2.1017536105733345,0.1605589215925195,0.1605589215925195,0.9021755436268764,2.1862880716361897,6.387360747394586
state,Edo,cases,35,745.6117937374194,102.15293330747274,158.97644276129012,430.1024780761797,969.654575908326,2101.6027057527617
state,Edo,hospitalizations,35,11.6949987071268,0.7059107826547129,2.138859068376797,6.100299999606651,14.38150813537667,33.16065736783529
state,Edo,deaths,35,2.1249306070027414,0.14772699953702428,0.14772699953702428,0.7602430876260007,1.9802184233281845,6.268846317764728
state,Edo,cases,36,747.1665518391742,0.0,60.2381899627413,419.2964605690879,884.9651176471668,2281.082245729657
state,Edo,hospitalizations,36,8.861582918138367,0.468454657762559,1.1902649716850564,4.276184076866469,10.328869194290073,25.33612306516398
state,Edo,deaths,36,1.1463521123574332,0.11231758136088443,0.11231758136088443,0.11635815760284021,0.9196114279303285,4.4669696442654905
state,Edo,cases,37,410.4778615778638,55.35467635015932,96.37538382295774,252.9774344385293,568.6645447734178,1030.3334132909104
state,Edo,hospitalizations,37,10.526146858891117,1.559703786527522,2.5899481813625274,5.400982949980605,13.480070314527726,27.98183541653613
state,Edo,deaths,37,2.0723708274327013,0.13152022681574538,0.13152022681574538,0.6413477485458702,1.9371548891904515,9.458050851606936
state,Edo,cases,38,457.3207353529665,43.040694582869854,86.81274990809568,271.3361826437235,605.9614930237008,1255.8872264233576
state,Edo,hospitalizations,38,7.372428473232323,0.4168199244098303,1.1253819684046733,3.8629362911656733,9.726390528209947,21.82309216263593
state,Edo,deaths,38,1.158125881353074,0.10957760270867606,0.10957760270867606,0.26343241975501736,1.0296259627821551,3.9570800483437045
state,Edo,cases,39,569.2258157441472,31.81285119539183,73.04104017621901,301.3788639888009,675.42550470781,1640.7747288863861
state,Edo,hospitalizations,39,12.78849337754815,0.0,1.306065575132635,6.379594408010648,14.810226021062025,40.80275100270665
state,Edo,deaths,39,1.7775533948413593,0.12153091838970553,0.12153091838970553,0.680940969017049,1.9498963598060688,5.658312779057901
state,Edo,cases,40,483.5722751759624,47.387515562016034,90.26563031862648,279.89919387078714,610.9965324165701,1210.8038566678035
state,Edo,hospitalizations,40,9.154544025142176,0.8666226504340386,1.8343797656610275,4.802286430422509,11.697822080754344,22.929273243409014
state,Edo,deaths,40,0.9958687565255198,0.10480837511455551,0.10480837511455551,0.18910940369302343,0.9723734133738484,3.9107605494548725
state,Edo,cases,41,571.0347508724266,52.19079545606672,97.97290678504044,320.4607723627712,707.3804245028609,1536.9932119823413
state,Edo,hospitalizations,41,9.328117089476805,0.0,0.7902031436264039,4.734832792975652,11.463757440448937,31.67181798685918
state,Edo,deaths,41,1.1937833198835524,0.09573927314591116,0.09573927314591116,0.22576730027198955,1.0527640370543545,4.689138633097701
state,Edo,cases,42,611.7685382635118,71.42540454559273,124.72258157778477,339.5578045672707,761.6299058967483,1804.5088227432448
state,Edo,hospitalizations,42,7.543362630369396,0.5249547501764997,1.2568846353600618,3.960589445308694,9.54637251155187,20.093486725851754
state,Edo,deaths,42,1.3311240228429684,0.15540318673260223,0.15540318673260223,0.3998419027076749,1.3410812327122632,4.212374810268574
state,Edo,cases,43,615.2136794414239,56.574127656826256,105.04542584430494,330.5646505811491,717.6731681925452,1658.5586324965639
state,Edo,hospitalizations,43,7.914843209673965,0.0,0.7742024883528815,4.490039477097407,11.000672642821932,23.00775330387322
state,Edo,deaths,43,1.173421922155266,0.09149357717759185,0.09149357717759185,0.15863398853014332,1.0016933999733921,4.712187463134842
state,Edo,cases,44,494.1348948537393,46.19456727083434,93.89465107146144,286.40672932012006,623.1129834760243,1351.5519712763535
state,Edo,hospitalizations,44,9.585898125949523,0.40256756672250305,1.5733884044556183,5.19508334204229,11.690002178187072,29.59896417437797
state,Edo,deaths,44,1.0937364518997186,0.10073359728666624,0.10073359728666624,0.12012016953004391,0.8370392412093766,4.847926148046102
state,Edo,cases,45,530.8660490097323,0.0,43.68397806636027,335.10382840109776,724.2530977209052,1511.669145126056
state,Edo,hospitalizations,45,7.263130753319694,0.6894905246763363,1.2103515160017209,3.5727109117414315,8.811819034964977,20.59343955158365
state,Edo,deaths,45,1.4077026445779328,0.11932153692669917,0.11932153692669917,0.45732566770536714,1.4374300561429862,4.5618444681543195
state,Edo,cases,46,433.21374280137417,11.597625482853328,56.94729632688846,268.13831176711216,554.2468167468103,1279.7246330822468
state,Edo,hospitalizations,46,9.783716115570384,0.017127731172244864,1.136457382104129,4.864491557775941,11.470017177582797,33.229806367578455
state,Edo,deaths,46,1.7823762238232173,0.16902128911634307,0.16902128911634307,0.5701252570454087,1.5595772326891955,6.193207347339156
state,Edo,cases,47,536.8949533981926,73.28735442914697,114.33691350626017,294.1900466955918,661.1557069515388,1549.8926021324012
state,Edo,hospitalizations,47,12.004418861436369,0.11803319162926229,1.658541502726782,6.422960410517618,14.402974455341496,34.697619441779835
state,Edo,deaths,47,1.0825567333976132,0.06903087220722529,0.06903087220722529,0.13176192340926993,0.8670725824003638,4.597546414968807
state,Edo,cases,48,515.3049058386604,79.39567507187832,122.76430310711955,277.64526850532764,634.6870616208616,1347.0423666408883
state,Edo,hospitalizations,48,8.150130178673827,0.08650632052214702,0.8628339039754203,4.03841209192148,9.81189618753425,28.12989110580869
state,Edo,deaths,48,1.099869867288602,0.06782852726494767,0.06782852726494767,0.1749331051025185,1.001976983953404,4.042126792629975
state,Edo,cases,49,571.366230744179,29.437053084510943,85.90154495450378,333.9174600006891,731.1625721460819,1536.4650140285066
state,Edo,hospitalizations,49,8.29593859309938,0.846874122452975,1.5135540260046878,4.048753103016891,10.095158334980153,26.58960676483571
state,Edo,deaths,49,1.853490210144577,0.1534862274621086,0.1534862274621086,0.6274129981417443,1.7112016747110954,5.60375257280692
state,Edo,cases,50,484.3167709260465,0.0,35.34812025515731,307.6104805005679,622.768459621486,1457.1175942901925
state,Edo,hospitalizations,50,10.779668786795495,0.6085971987210783,1.9788011305535371,5.878872209767553,13.44580352355521,32.25851387504215
state,Edo,deaths,50,1.6872000972732049,0.1331472565248884,0.1331472565248884,0.48950753858090884,1.327314582154317,5.239393154331005
state,Edo,cases,51,813.7175299355977,81.1331654641153,136.3817172482185,409.7144924916233,915.3087509296467,2597.314269376561
state,Edo,hospitalizations,51,11.42795139756494,0.8357528937093379,2.277409563094775,6.146788304196269,14.539353178912826,33.43143680829912
state,Edo,deaths,51,1.3558389562014226,0.14268680562565897,0.14268680562565897,0.3457889457171637,1.3214189119720852,4.759922067430571
state,Edo,cases,52,465.56960332756864,76.13417352152346,115.52916591895006,267.3460679074142,607.7641204929857,1052.6762975303243
state,Edo,hospitalizations,52,10.43463015412166,0.3526288242363558,1.491563262676079,5.350207457380957,13.242801151596645,36.92722716501233
state,Edo,deaths,52,1.2273104999797788,0.0949937592820023,0.0949937592820023,0.23720943256511787,1.0687260916432642,4.243256081673207
state,Ondo,cases,1,680.6835520314521,10.18497954244887,79.92998911857293,419.6379940587721,877.8457438587986,1976.0910675365928
state,Ondo,hospitalizations,1,11.072435483251015,0.7011002735203844,1.9074503161095262,5.450682316860922,13.093421796603536,34.51489631780966
state,Ondo,deaths,1,2.226567885359284,0.1706777073674559,0.1706777073674559,0.8223323624259467,1.936728243725164,7.406903556010861
state,Ondo,cases,2,1278.4397001860755,57.22687781518964,159.53319872194112,705.6859120494615,1582.730707522946,3311.6197222359992
state,Ondo,hospitalizations,2,26.424017214911938,3.5892873931193905,6.385858692916649,13.7885029629811,31.400268057002542,74.99969389213562
state,Ondo,deaths,2,1.1066517872762525,0.11918976404667699,0.11918976404667699,0.17829846453871126,0.9510328651242094,4.163259698648636
state,Ondo,cases,3,779.9038357572845,0.0,68.17219275415292,459.6421004084037,970.0926525474173,2313.8064407955617
state,Ondo,hospitalizations,3,16.66248900279778,0.8971300649563102,3.225194770039582,9.753038520711627,21.690242449358664,46.73627201580894
state,Ondo,deaths,3,1.505003767787056,0.1261011740469704,0.1261011740469704,0.503688920380865,1.3920966212870722,4.8600177743609265
state,Ondo,cases,4,631.418554597395,40.84557758841112,104.1935959738723,365.970935679058,790.9122552085931,1610.5648976110126
state,Ondo,hospitalizations,4,18.356956935922998,1.6308980291821624,3.6747597097303495,9.217227511742102,21.43264720044916,65.07836311515464
state,Ondo,deaths,4,1.1187575662870832,0.14119661696054578,0.14119661696054578,0.25012380963890374,1.019092336170589,3.9192216007818828
state,Ondo,cases,5,843.0848343175813,98.22202821576491,163.61474753985897,433.553402543053,968.2687878092003,2275.305996880441
state,Ondo,hospitalizations,5,20.938575908122335,1.9617188319376935,4.5101340301606,11.777157370889991,26.972146302201693,55.07243174194004
state,Ondo,deaths,5,1.4003242781018872,0.10636149007118867,0.10636149007118867,0.40264946131407,1.336749889842348,5.206755849343034
state,Ondo,cases,6,773.778197672572,23.178646880309593,95.20501857753018,425.7054547443075,906.3067639800054,2388.9564911332172
state,Ondo,hospitalizations,6,15.190064624766437,0.5165071808997233,2.4455781899722404,7.550489360359027,18.031048133567637,54.64557148338759
state,Ondo,deaths,6,1.3083058442543276,0.14464415774421474,0.14464415774421474,0.36121835897422466,1.215309778481785,4.174681115856638
state,Ondo,cases,7,703.4215130154186,69.26921396814589,131.70934180115623,402.68581587818903,834.1799405578063,1978.264138762458
state,Ondo,hospitalizations,7,12.97824776393221,0.5739437053265286,2.329016645881335,7.003653392968117,16.29164879687928,36.78473132391738
state,Ondo,deaths,7,1.8034763865669965,0.21206578887282368,0.21206578887282368,0.7002228563871435,1.7163725532659024,6.295984418587918
state,Ondo,cases,8,1137.7241546325781,17.874476389881433,120.15052304491016,668.6248291261768,1399.944442737043,3387.576573870488
state,Ondo,hospitalizations,8,17.364961590032582,0.593504113966272,2.7925902362373147,9.905856122235123,22.191437713497983,48.313614044030935
state,Ondo,deaths,8,1.7396451064107572,0.12353122762807056,0.12353122762807056,0.4178818796628541,1.376248127014747,7.369932855957914
state,Ondo,cases,9,1711.8080256920564,213.54884853113273,358.9073592022055,982.6240723027058,2174.601149391687,4840.0680463795325
state,Ondo,hospitalizations,9,43.07936094022396,5.522763625268161,11.0246127137572,23.28358492900855,53.49923648624279,109.1089712395304
state,Ondo,deaths,9,2.0418308256381503,0.1495734566112885,0.1495734566112885,0.7756770615932169,1.93875940391126,6.815782768715278
state,Ondo,cases,10,2732.1935261181648,163.2071486417453,368.19391955088463,1493.463126170243,3120.7795478656762,8198.753279510098
state,Ondo,hospitalizations,10,61.457264072524595,9.03155614956503,15.561308551206375,33.89022661280819,71.3248406153184,179.12146332478775
state,Ondo,deaths,10,5.155845587127006,0.3270758153996254,1.346283067322919,2.9093216417805605,5.527375312612268,15.034690215180573
state,Ondo,cases,11,6909.809147144973,553.877804983999,1089.906239631397,3918.6380625867123,8626.176303148997,18630.70211758571
state,Ondo,hospitalizations,11,113.8087843531104,10.442055905644112,25.26980460801584,67.7069638040483,148.63120680724097,293.59119542956375
state,Ondo,deaths,11,12.494822669962858,1.3305601567309144,3.397456034178288,6.564700588855372,12.165861917163689,36.86549758423825
state,Ondo,cases,12,20278.12486388754,2554.1232716566183,4342.758917748364,11698.122859125275,25705.40355575604,58712.05982101913
state,Ondo,hospitalizations,12,385.5077475843626,42.44141095786306,92.66796452738211,224.21987254808332,494.36671234066694,1021.4088357850862
state,Ondo,deaths,12,51.765005031105034,7.55302422234571,16.71005726358669,29.47958156858039,50.42530107764833,143.79731703488721
state,Ondo,cases,13,51012.23091502586,4611.417092828014,9004.643197975622,27904.9427150753,59820.02575877855,137143.56836922726
state,Ondo,hospitalizations,13,1178.6840717944358,131.37766197911355,270.449200669471,631.0900291860821,1385.805883062907,3478.0291002400336
state,Ondo,deaths,13,102.38631209074333,20.659365751261547,37.59656458875422,63.182782867740045,108.34337681090946,317.3397489403502
state,Ondo,cases,14,67200.74746132793,0.0,4169.711563274592,39009.37773149126,81721.80737453932,222866.40757061777
state,Ondo,hospitalizations,14,1793.6120415832052,130.1193889563685,353.2959563773968,1012.6744934954664,2072.617419165706,4895.877286875624
state,Ondo,deaths,14,152.54744259690278,29.40331062708098,56.82000291951547,95.78746748095503,154.76727743354195,398.46470351873114
state,Ondo,cases,15,109611.72094485929,5050.7993750164605,15880.280165755506,67905.32554541736,143541.45063672395,278729.4313196288
state,Ondo,hospitalizations,15,3313.637257635605,204.70248058200298,656.7615206424601,1921.976881553428,4112.083577129675,10059.91471586121
state,Ondo,deaths,15,176.1052809722352,35.34442709391609,68.72311346533873,112.88121964037698,185.12131969294535,441.48156035472755
state,Ondo,cases,16,187483.38862373054,32499.325270582394,47586.694814701856,108437.83516176119,247092.72886714013,483929.2146735437
state,Ondo,hospitalizations,16,4467.794594392943,455.9547425010969,947.5971339759913,2286.105140323386,4908.815517028238,14502.677926700188
state,Ondo,deaths,16,179.55855922743592,26.721924674579256,55.2405205801997,94.66137280390771,161.86486346627822,622.2510701880219
state,Ondo,cases,17,174617.65099514372,15420.908892457264,31384.979920583166,107772.73358559869,234226.9223423993,437984.76137584756
state,Ondo,hospitalizations,17,3347.3163751083885,422.42055629873124,910.1127394314418,2043.2689792069618,4501.659997567622,9293.085431786889
state,Ondo,deaths,17,113.97517671010719,22.694388990199116,43.47813549409112,69.37886053399963,112.55444521323169,277.31190365086974
state,Ondo,cases,18,83160.60075492148,4072.951307534948,11441.368116803502,49552.20888294089,108955.7998672185,243332.2918114623
state,Ondo,hospitalizations,18,2456.409086145117,270.5269984251772,626.657966662428,1430.075669230716,3102.7289230825895,6663.844319013863
state,Ondo,deaths,18,31.85193722811196,4.748089304218477,10.51500979096187,18.73987883999604,33.10899194591423,94.34506558297495
state,Ondo,cases,19,26609.694422028788,1518.3590901811629,3866.3643071546176,14851.63533786729,31932.915066344955,79609.99594612647
state,Ondo,hospitalizations,19,817.3821861026422,79.38942033193223,174.78326300697023,472.2063195557714,987.4577885816094,2405.8354153789996
state,Ondo,deaths,19,6.640613934887572,0.5337337432644393,1.9896490143833603,3.9774714835401506,6.914902346858721,18.213119181484068
state,Ondo,cases,20,7045.226954802586,674.796362706546,1198.668572043452,3519.3480718439114,7910.677971655254,23726.391774651718
state,Ondo,hospitalizations,20,109.2533998880376,19.22319530478312,31.96540137104858,63.40178512182411,138.9423862789376,299.3428027635575
state,Ondo,deaths,20,2.2416688025007403,0.14969985452348666,0.14969985452348666,0.8837841492728307,2.2538042507696012,8.006864109262533
state,Ondo,cases,21,2293.4386061071364,377.93704129896923,542.8739877365442,1151.3912866640644,2713.0893969378885,6482.632324925477
state,Ondo,hospitalizations,21,45.20888333446966,2.210903197819474,7.328438634735015,25.1849412271772,53.94847643210398,151.0537663016363
state,Ondo,deaths,21,3.357375529260441,0.16164321808465765,0.5240952120685151,1.6645442347772788,3.5744133754255394,9.454587573670308
state,Ondo,cases,22,1501.140662400655,82.27130451022026,230.89545288000238,907.5796917787673,1903.0762657946557,4109.700381861391
state,Ondo,hospitalizations,22,23.324995852080043,1.9578829455104945,4.692883955510121,12.758722352360664,29.55147640421943,64.63262537890203
state,Ondo,deaths,22,1.6830187910057453,0.13641931388310047,0.13641931388310047,0.5902259798714925,1.6591452900703763,5.628030865888082
state,Ondo,cases,23,2214.195205427238,208.59902501079986,406.0360375893158,1281.4083038820088,2892.13349164678,6414.895785368754
state,Ondo,hospitalizations,23,59.947595157767616,6.538553984739659,12.940201781792167,30.92361948283,67.26819779473054,196.54542447867078
state,Ondo,deaths,23,1.4118946750993662,0.14437302651276074,0.14437302651276074,0.5411277910178021,1.6112616367171375,5.138558087032275
state,Ondo,cases,24,4911.317423497189,357.2518687223237,816.3678465329185,2775.5272302197873,6237.197622072755,15785.317077791866
state,Ondo,hospitalizations,24,103.04004458652247,4.524461887765082,18.153949423514025,61.52048349838675,132.49301604519604,296.52388579127336
state,Ondo,deaths,24,6.606024007626245,0.401591166324361,1.7353279645402435,3.6156079890148938,6.528667417189986,18.821212428006184
state,Ondo,cases,25,10179.426902233485,1102.990872694972,1853.9133081292937,5654.165464683843,12659.320948493472,32557.136398975348
state,Ondo,hospitalizations,25,157.47762507160135,16.99828103543056,36.09508090034105,91.40612834930758,200.031580307406,426.24530750865654
state,Ondo,deaths,25,9.003479246647911,1.1049354847750852,2.7741413318813812,5.210063198072995,8.933395396375417,27.747454417681173
state,Ondo,cases,26,12013.1949599701,502.8568148551805,1626.3538957587916,7498.728983418645,15839.921056173342,31255.908512486058
state,Ondo,hospitalizations,26,250.3898268465196,38.10141341993283,65.73823885808936,143.06472630746788,309.5786935361444,620.1165039216445
state,Ondo,deaths,26,23.883880648422693,3.3833807404788163,8.00874095179423,14.372428654001197,23.89600815874192,71.85051541802648
state,Ondo,cases,27,21482.274925225065,1039.0657080728504,2992.100667963933,12901.143817770579,27317.827188130213,54712.69925932517
state,Ondo,hospitalizations,27,323.39740976066827,48.17139563511619,84.98981036978401,175.54626125069242,384.4187200584191,871.8730572356804
state,Ondo,deaths,27,25.39298954594059,3.9628198016462055,8.138765618219344,14.540972872782444,24.674700239049436,70.64510887816876
state,Ondo,cases,28,23863.995243705467,1298.6401936292084,3272.3433101890596,14742.221379327588,31501.38793756794,59582.36058059307
state,Ondo,hospitalizations,28,491.3679392824758,24.14046372567162,85.14347780106475,275.0914408090659,583.1917898829327,1330.2806092566932
state,Ondo,deaths,28,28.744864510282802,4.5477542740021315,10.2802857161477,18.45655073910406,31.68076573234077,73.49405025170185
state,Ondo,cases,29,40710.05867219931,1130.5930052134058,4563.503867351172,24799.233239167494,51131.63697393793,120363.09362837653
state,Ondo,hospitalizations,29,504.3530803062501,40.13391335763025,104.18815574431999,293.88859668991256,629.7594584107551,1230.8635205333978
state,Ondo,deaths,29,54.463830755490996,8.881987494663681,17.584208180052542,31.662123112833402,55.69497556473941,137.83460089903576
state,Ondo,cases,30,29773.960953168713,0.0,2380.4020403080167,20013.259009873647,42113.48838538059,81742.70582631475
state,Ondo,hospitalizations,30,593.9156750784671,34.23534561376052,108.41520826181701,326.6454585248744,683.4506732592532,2001.0582411642627
state,Ondo,deaths,30,44.8439515383275,8.437202217118038,17.399018098616708,29.680641453924977,50.08622648304275,101.76666169565353
state,Ondo,cases,31,12697.22278564727,293.6849545068333,1504.3431341466116,7909.484814668385,16683.100917224394,32167.91972074848
state,Ondo,hospitalizations,31,259.7976033822008,8.821235526700953,43.32967379101944,161.3062796722381,330.2019776973975,780.9389317507217
state,Ondo,deaths,31,19.98697349274992,3.196844225447901,6.644142917705032,11.899268817074082,19.858484786571324,49.77319701908254
state,Ondo,cases,32,13838.200471843224,380.3472869156437,1444.197643957531,7093.489777480329,15328.543760157345,46311.93423207191
state,Ondo,hospitalizations,32,128.36029199158168,13.044704754693022,27.418696804488008,68.02042837070388,154.95448770227893,388.7509234694764
state,Ondo,deaths,32,6.124585707590806,0.3762905472668412,1.5227312626930922,3.2232701576770415,6.261378974458195,16.87757517004581
state,Ondo,cases,33,1799.4579046326926,111.68735188130134,280.4375852573782,1119.6147911549217,2453.568752416071,4942.3304531234735
state,Ondo,hospitalizations,33,45.54708847203142,3.1670377076847704,9.166575569567122,25.6969422867455,55.79658894573792,123.12142361796265
state,Ondo,deaths,33,1.899849746698188,0.13650034027269164,0.13650034027269164,0.7108018940760796,1.9080003927998144,6.314246947865828
state,Ondo,cases,34,963.9358661006494,67.83419745460841,149.813252277902,547.4350906172821,1203.2776826497393,2676.869758844544
state,Ondo,hospitalizations,34,17.652678919804043,1.102847207736766,3.134251273451308,9.300171780275276,21.928576908390035,55.76525409348562
state,Ondo,deaths,34,2.090312844504377,0.159903965199247,0.159903965199247,0.8944161365439958,2.173290477216481,6.357226021133815
state,Ondo,cases,35,598.9915611953469,81.89567619500644,127.56013855117575,345.4422220834605,779.0366392088715,1688.691872777783
state,Ondo,hospitalizations,35,14.78952717383413,1.0129173452358895,2.9068860812410753,7.837626231955835,18.14510933225041,41.51920646614388
state,Ondo,deaths,35,1.4719288745960708,0.1133387155579682,0.1133387155579682,0.35048901857186954,1.2864752498919767,4.57678493319188
state,Ondo,cases,36,599.8315138890757,0.0,48.177719470551665,336.5217563567435,710.4799448327162,1831.6407190921411
state,Ondo,hospitalizations,36,13.065806027511591,0.669685552865583,2.1311222637655645,6.542638742056943,15.19533481843498,36.64915311007498
state,Ondo,deaths,36,1.6596840466804739,0.14595808099644564,0.14595808099644564,0.4507211819750237,1.49455870474374,6.104394418705891
state,Ondo,cases,37,350.53997489868283,47.14577735383117,82.19120706423367,215.98183368841444,485.6844087368278,880.1043219438268
state,Ondo,hospitalizations,37,9.670359558214306,1.4430643162496102,2.321480759653226,4.9222976592268335,12.397205897795327,25.814484179803873
state,Ondo,deaths,37,2.5707280922135936,0.15505328823441467,0.15505328823441467,0.9350359386524575,2.4627033016053548,11.329321598084743
state,Ondo,cases,38,569.5456192237463,53.8245440880524,108.31466963516269,338.02069877731253,754.5827047961981,1563.649917795804
state,Ondo,hospitalizations,38,13.42743899840214,0.7494871704964419,2.6775632061631054,7.4143724959376724,17.559948154208975,38.49095514872575
state,Ondo,deaths,38,1.1841793757649821,0.11120605561489771,0.11120605561489771,0.28220852130228957,1.0597886074826668,4.030748126596521
state,Ondo,cases,39,547.5732822473601,30.566886281112772,70.22956433929917,289.89697681276385,649.7403717405249,1578.4334926079132
state,Ondo,hospitalizations,39,9.82800330750228,0.0,0.8074340795132637,4.783933713704912,11.391642988569968,31.763906453680796
state,Ondo,deaths,39,1.2270333261074233,0.09395296660828001,0.09395296660828001,0.29949968966848667,1.28050209661069,4.147399908493576
state,Ondo,cases,40,455.9164583192121,44.62591252137497,85.05686026158745,263.86753655387133,576.0682773666234,1141.6430168031234
state,Ondo,hospitalizations,40,9.46729847469015,0.8935632271174008,1.9224917315648953,4.982661294198972,12.092557493343591,23.67315920169587
state,Ondo,deaths,40,1.3755377308608954,0.12953769782952435,0.12953769782952435,0.46967734642840475,1.4377509044420484,5.0694445026282136
state,Ondo,cases,41,470.5626283213267,42.84836982283054,80.58931600741852,263.99943663632234,582.9605623967486,1266.8602484842697
state,Ondo,hospitalizations,41,15.664945799016808,0.0,1.8973371359619415,8.281485220700862,19.17184888452568,51.87739097640147
state,Ondo,deaths,41,1.156608224143018,0.093725528624657,0.093725528624657,0.19998496347177927,1.0095869562471318,4.569475391706724
state,Ondo,cases,42,450.72124904317786,52.39062331187031,91.68028307097478,250.05270137804402,561.1961836121799,1329.98657917278
state,Ondo,hospitalizations,42,13.30148263328959,0.9342512685141682,2.793418714045984,7.337862086393641,16.726562635860375,34.454371941151905
state,Ondo,deaths,42,1.3061485083892168,0.15339667533745646,0.15339667533745646,0.3817676354533075,1.3108540136367521,4.145074456443974
state,Ondo,cases,43,557.0571500041585,51.14044197017564,95.03715414317668,299.27250305959734,649.8467978015977,1501.9341146002052
state,Ondo,hospitalizations,43,5.5906753207559925,0.0,0.3027163641793301,3.0310868199970833,7.811549265426304,16.627803647807486
state,Ondo,deaths,43,1.0748648704098942,0.08620011859697851,0.08620011859697851,0.09159998223623231,0.8858832914312451,4.381702759469671
state,Ondo,cases,44,469.192414557675,43.81713522863939,89.11432153065816,271.9285805216174,591.6732163445499,1283.41700191022
state,Ondo,hospitalizations,44,8.106390526558586,0.3458172551519798,1.2106155290006595,4.321756877298535,9.901081169706632,25.285400702862052
state,Ondo,deaths,44,1.198458834422578,0.1071716806594831,0.1071716806594831,0.19170926426361126,0.9544480513046327,5.221678670673229
state,Ondo,cases,45,588.523905786878,0.0,48.52881471070542,371.5457078981301,802.8882805384429,1675.67949564125
state,Ondo,hospitalizations,45,16.627031023846364,1.793456799343663,3.740035637373997,8.806047827302441,20.04116542391727,45.306513813302445
state,Ondo,deaths,45,1.489012602091576,0.12401340092042579,0.12401340092042579,0.5146294370294322,1.533272689519975,4.780542772508812
state,Ondo,cases,46,376.1326911021399,9.941470752362866,49.3292186930086,232.7558749105735,481.25094594585937,1111.3533664159906
state,Ondo,hospitalizations,46,9.619497193058717,0.01686512601689749,1.1037008706269942,4.774576220999762,11.278824849470325,32.704989418487045
state,Ondo,deaths,46,1.1063796763168772,0.12086013253957335,0.12086013253957335,0.12273162547954344,0.8302478060923661,4.143565038044555
state,Ondo,cases,47,716.8980827545979,98.14714570321723,152.93367897185266,392.9735207259478,882.7419081595765,2068.8889599079876
state,Ondo,hospitalizations,47,11.04727053321994,0.07594436318155129,1.4621032653836732,5.874481758815482,13.264856751049571,32.05994106312901
state,Ondo,deaths,47,1.1129423226002877,0.07030177951941603,0.07030177951941603,0.15259846303464253,0.9014467127204944,4.7006012140991915
state,Ondo,cases,48,425.258289398518,65.37419583591297,101.17907971520594,229.04789255128148,523.8194940916425,1111.9358383835222
state,Ondo,hospitalizations,48,9.726376594102065,0.1015773207008488,1.1873740061349922,4.916196617715573,11.695528370603732,33.20485662753409
state,Ondo,deaths,48,1.4784872695744125,0.0827136806136563,0.0827136806136563,0.43277534566319975,1.4413162355684315,5.1486351238334915
state,Ondo,cases,49,471.5458415710725,24.128790348946627,70.745799374794,275.50740737584204,603.4724410645072,1268.3290608354973
state,Ondo,hospitalizations,49,9.675899949488965,0.9740043716318119,1.8908813538546303,4.806657050028339,11.760730828468414,30.731277279693686
state,Ondo,deaths,49,1.1073973475979433,0.10690017515649763,0.10690017515649763,0.1334615322163803,0.8882992871966718,3.599385354607852
state,Ondo,cases,50,419.96506762190734,0.0,30.52746361161438,266.68112424641805,540.0413874153202,1263.7352620364522
state,Ondo,hospitalizations,50,8.34437433926807,0.48177059508079134,1.3580437049494556,4.445372349640512,10.435417998289168,25.32771569562414
state,Ondo,deaths,50,1.2783214510962218,0.10956063251896264,0.10956063251896264,0.22564589258497542,0.9150380138983185,4.134103986552746
state,Ondo,cases,51,592.3865135563633,58.82038057527977,99.05978173901653,298.1373473772447,666.3788584103621,1891.440740229297
state,Ondo,hospitalizations,51,12.83667679103043,0.9461231171189591,2.6504622499034407,6.960274848250778,16.308127371781254,37.35061131631814
state,Ondo,deaths,51,1.114836858414943,0.12477133070537756,0.12477133070537756,0.1768143303049864,1.0299461152089906,4.036717571476312
state,Ondo,cases,52,499.0990388708256,81.6773235270684,123.90338732069401,286.6304193161174,651.5121855052419,1128.397414485937
state,Ondo,hospitalizations,52,7.462582990233899,0.2601680880026658,0.8382650697710188,3.6851567967674215,9.508279779560377,26.982551330376054
state,Ondo,deaths,52,1.9903763058215163,0.13360875021195406,0.13360875021195406,0.7401354287363671,1.9096638529146432,6.374641212312895
state,Zamfara,cases,1,2806.601023303015,45.06867743600407,332.33432121652106,1731.5231567995095,3618.7885687837197,8142.239807125018
state,Zamfara,hospitalizations,1,19.37546293183196,1.6296874666325136,3.9142869852194884,9.903197203367426,22.821256352518997,59.02867591201751
state,Zamfara,deaths,1,4.773622336460201,0.31312044378465975,1.0128631485525212,2.3431988678959814,4.387637701099704,14.423064985549994
state,Zamfara,cases,2,966.5124689411227,43.03113934818411,120.39513414012308,533.3955753150661,1196.616463212621,2504.0015743634044
state,Zamfara,hospitalizations,2,55.742572317348355,8.496138669793567,14.28279498219956,29.600322626486708,66.04253014728877,156.25832144302308
state,Zamfara,deaths,2,3.286698805017417,0.2656514856400045,0.5901588906797126,1.6262048602551276,3.3484839767762846,10.507931244448283
state,Zamfara,cases,3,2097.3286088540303,0.0,184.87853123202353,1236.8308918421221,2608.5063458124423,6219.314900682019
state,Zamfara,hospitalizations,3,12.382813190190278,0.4798693735318116,2.1988175705741617,7.1409285084367555,16.17836695772398,35.14025719255698
state,Zamfara,deaths,3,9.635940824892641,1.006093018417646,3.070217387186954,5.727614897233327,9.702416335498594,25.21815080399546
state,Zamfara,cases,4,1301.6178909316843,85.19101641907906,215.67147355320458,754.8647715068957,1630.1334703635853,3318.404930113101
state,Zamfara,hospitalizations,4,16.32735748820132,1.3545588163070723,3.183741280191048,8.144049997052104,19.076409899984974,58.137750955818106
state,Zamfara,deaths,4,2.4974749067679136,0.2503796482219047,0.36951948644735416,1.2168063685171624,2.580394769650875,7.7231054145831735
state,Zamfara,cases,5,1241.4599813163754,145.05095875558578,241.3064931833871,638.6456735786699,1425.7258823167808,3349.6337175705335
state,Zamfara,hospitalizations,5,17.187689692600646,1.4549571651575184,3.567328563552726,9.590935810571061,22.18600275249528,45.47821953531667
state,Zamfara,deaths,5,2.16897662100763,0.14552947166237196,0.14552947166237196,0.9191799108485919,2.197266009043816,7.492414866392572
state,Zamfara,cases,6,1598.5191392387405,48.91708320658111,197.61632212082463,879.9381184403488,1872.144823020125,4933.091540298694
state,Zamfara,hospitalizations,6,22.297674885781376,1.1835441549468688,3.961118688974932,11.311429381871113,26.40187085029833,79.12132345403225
state,Zamfara,deaths,6,2.802518315330711,0.2516330816782655,0.4558302029625451,1.3680705522267487,2.8539076525796494,8.002236773281716
state,Zamfara,cases,7,1640.2151796729072,162.7185953258645,308.19638628880216,939.5381246830607,1944.8661765370946,4610.441145818702
state,Zamfara,hospitalizations,7,12.455576115299177,0.5149034889845662,2.204141872842326,6.703428279294895,15.643021604926966,35.36738793086118
state,Zamfara,deaths,7,3.055825961922286,0.3165068274593714,0.5944939319083948,1.5375716899425202,3.0541685842005224,9.889209871117478
state,Zamfara,cases,8,1910.7089043313717,30.687159642299914,202.39191854509914,1123.1905959491373,2350.95664716821,5687.8659922748175
state,Zamfara,hospitalizations,8,22.931136792622084,1.0768098223407399,3.9428731220068602,13.21357429653439,29.225341256078842,63.27030663061814
state,Zamfara,deaths,8,4.0533081303398655,0.2388091854134078,0.632364713568642,1.7410333661880943,3.5937362596369082,15.180660434414959
state,Zamfara,cases,9,2032.755903445409,253.75125100567215,426.3472014910633,1166.9366477795224,2582.2677187101535,5747.192775035155
state,Zamfara,hospitalizations,9,38.73373274522636,4.879692855061662,9.839121807829603,20.88949791914384,48.12622774388879,98.2534711770489
state,Zamfara,deaths,9,5.439709844844213,0.3266496341295926,1.294158868864708,2.877855574395811,5.417881259354847,16.068687450822363
state,Zamfara,cases,10,3096.9045607098947,185.1185955373069,417.4583579709962,1692.8810546667423,3537.3430613820274,9292.910629094642
state,Zamfara,hospitalizations,10,46.64059431728374,6.651780357742621,11.632486284406692,25.613253885305756,54.16729274561803,136.39143304662957
state,Zamfara,deaths,10,3.3014499268378894,0.22696070890281184,0.6281059105383302,1.7127117609217075,3.5294016202791734,10.126608837855809
state,Zamfara,cases,11,4725.142635543129,378.4681050821445,745.0455614856546,2679.5498703638436,5898.926460493301,12740.790414952959
state,Zamfara,hospitalizations,11,59.91151729745122,5.0705545324081385,12.937380025385373,35.45231014147797,78.38646762120203,155.29463195860905
state,Zamfara,deaths,11,7.455367489906432,0.4583792935013622,1.751767125944518,3.7337129095174904,7.238714776632384,22.694843257098917
state,Zamfara,cases,12,5652.0626270528,711.2729393632156,1209.8777555079955,3260.2785141430313,7164.98522827595,16366.008262036576
state,Zamfara,hospitalizations,12,67.26260840387991,6.6723533829845465,15.543056698043506,38.7769412401387,86.48860562865588,179.5715265012395
state,Zamfara,deaths,12,10.288213247818119,0.8283687552403536,2.785855682445253,5.51558012278241,9.99311907401727,29.9531322988131
state,Zamfara,cases,13,10495.54272480012,948.0563959791683,1852.0117951030145,5740.959776524067,12307.845008549275,28218.028584167754
state,Zamfara,hospitalizations,13,103.0650504255369,10.677607927787307,22.94571176388872,54.75940400777984,121.33616406454334,305.90025185953124
state,Zamfara,deaths,13,11.766053427218912,1.6735145320791047,3.7641504142545803,6.922374305728981,12.496752871147248,38.29413052553803
state,Zamfara,cases,14,27626.560238350285,0.0,1713.6326796443109,16036.663475142544,33596.287674011284,91622.63171145754
state,Zamfara,hospitalizations,14,296.80494564835413,20.75846455769261,57.79325758859856,167.2131126091322,343.10418993139945,811.6069816059693
state,Zamfara,deaths,14,22.443128245322967,3.641742255706191,7.827510729621413,13.776761752681248,22.781342847431823,59.98718053205845
state,Zamfara,cases,15,48063.93463690667,2214.2025966794768,6962.905422641912,29775.770119395704,62942.03985165167,122221.66352982938
state,Zamfara,hospitalizations,15,552.5792843568009,33.35442607803694,108.85292678024032,320.1568812402601,685.9271838798222,1679.2760467718354
state,Zamfara,deaths,15,40.22217338168017,7.459354045789952,15.228416545237469,25.50644495275535,42.32070319016917,101.98987979922761
state,Zamfara,cases,16,95203.56039534233,16502.663066588793,24164.02834352769,55064.2334690001,125473.17950864209,245738.7316556457
state,Zamfara,hospitalizations,16,1187.1591824003467,120.49472565270553,251.21217295294662,607.0935062443639,1304.41743801972,3855.2251504708124
state,Zamfara,deaths,16,95.14311361971963,13.761261748816572,28.946731870868316,49.937392687762106,85.72164388050362,330.8662859910202
state,Zamfara,cases,17,177961.92146656977,15716.267001274033,31986.079546923145,109836.80012586578,238712.82072615757,446372.9996329113
state,Zamfara,hospitalizations,17,1409.737368836155,177.3986740155872,382.8767442329898,860.3064949175975,1896.0939439755684,3914.852673077538
state,Zamfara,deaths,17,131.291821195332,26.263048958188836,50.177077663658835,79.97876341751794,129.65711044707098,319.2290237582798
state,Zamfara,cases,18,133040.43669723603,6516.483307716324,18304.43312191309,79273.93172071294,174307.44671200842,389282.1670961836
state,Zamfara,hospitalizations,18,1849.7484343590065,203.49512051324876,471.70802637735875,1076.7859776016187,2336.5112745597853,5018.494010258987
state,Zamfara,deaths,18,218.57129130230163,37.4196130654882,75.96509173742088,130.9392352578244,226.98084776695208,636.2762031921039
state,Zamfara,cases,19,123965.0519132905,7076.942064187365,18015.13633277593,69190.07740974537,148763.30607020995,370867.23030870344
state,Zamfara,hospitalizations,19,3004.991797079115,294.27761257919775,644.6678256636442,1737.1296160474365,3629.6948693316444,8839.524193229894
state,Zamfara,deaths,19,475.94483106248566,94.97239179250538,186.07534328597433,310.4620418649651,494.26986829889216,1201.2484409300564
state,Zamfara,cases,20,50689.897598268864,4860.711727279993,8629.473745366304,25324.554337768626,56915.99408267101,170695.0043208791
state,Zamfara,hospitalizations,20,1589.7868931889059,290.7895870958889,474.6400118547771,928.2186524297995,2018.1532789028017,4332.4844511377905
state,Zamfara,deaths,20,482.23208057920624,96.22396012849131,169.63319308770485,287.37761850945805,497.106070854825,1377.8087255485548
state,Zamfara,cases,21,16337.348583557237,2697.353076645927,3871.8440035471012,8205.003200981859,19325.618082557346,46167.960341885824
state,Zamfara,hospitalizations,21,744.045689669975,50.77096824508189,133.28350390095477,421.19265958940395,884.961255516499,2450.6375056379666
state,Zamfara,deaths,21,254.4295779713345,42.58224436089477,89.37295244813762,156.99716941480767,270.2450240522591,618.9166155622854
state,Zamfara,cases,22,7849.3920621939305,434.18747430268377,1210.918043492875,4747.364440710597,9949.968654383973,21482.094654507073
state,Zamfara,hospitalizations,22,124.9335522711595,14.315480593062654,28.47691147532048,70.24063022600417,157.19102803524868,338.83603096533045
state,Zamfara,deaths,22,102.21827694911529,18.68469415191735,37.3165044903276,63.138636448210384,106.25139394124187,266.3285856574086
state,Zamfara,cases,23,9802.820742432594,926.6253686176614,1800.4251468488803,5674.572563114779,12803.181801469145,28393.92069492483
state,Zamfara,hospitalizations,23,68.67110068162364,7.6175566452635435,14.93548029823472,35.49288706720413,77.03951033010507,224.82034816009414
state,Zamfara,deaths,23,39.07423904558645,7.260883579672774,15.26652286773326,26.19283310008742,45.07509012670187,107.31339653256072
state,Zamfara,cases,24,14463.534972076637,1053.88840341606,2405.7756176899097,8174.60669641041,18367.647603183177,46482.50580110715
state,Zamfara,hospitalizations,24,107.97047466704008,4.786292352308609,19.061745979502394,64.48362589495632,138.81988355094188,310.62495460343314
state,Zamfara,deaths,24,17.611837744024875,2.4367402784299728,5.707099770829897,10.317598359934063,17.460500591919622,47.60216071230644
state,Zamfara,cases,25,25013.898817467845,2711.677988956822,4556.81168743021,13894.624736922306,31107.38578426929,79999.4258688804
state,Zamfara,hospitalizations,25,306.64056347457796,33.93869444858236,71.00985997335573,178.38099073002402,389.24732112191236,828.3788292476477
state,Zamfara,deaths,25,24.809027523721518,4.4343535795103275,8.743775334130484,15.032643001901477,24.64524339079788,73.21787173359776
state,Zamfara,cases,26,51275.28577357333,2149.450567770815,6944.513101979905,32007.68972101764,67607.72667575476,133402.84544913785
state,Zamfara,hospitalizations,26,456.7869803112352,70.20462351223449,120.53195386377918,261.34536557410155,564.5713441010649,1130.0682389918586
state,Zamfara,deaths,26,55.15424369494874,8.891835988819725,19.329739358023012,33.69047112220561,55.1820302782304,163.39944254931038
state,Zamfara,cases,27,48936.59745560312,2368.206980828133,6817.1028773663165,29389.30578880478,62229.64137176847,124633.50840266109
state,Zamfara,hospitalizations,27,555.7672530137048,83.39346940165694,146.58536617809585,302.0085134739746,660.4988762866565,1497.1227336720485
state,Zamfara,deaths,27,68.49005555487146,12.067210552306308,23.062565092901007,39.91971355658865,66.60203418623448,187.64310214193063
state,Zamfara,cases,28,52573.44756429164,2862.1001501777914,7210.157187140307,32478.23506226964,69398.58619096183,131260.81343315847
state,Zamfara,hospitalizations,28,617.1780489201665,30.564381022552563,107.15494835698307,345.638611357998,732.4650803311455,1670.4508076319064
state,Zamfara,deaths,28,76.41889759587133,13.439869880481472,28.36068360474105,49.64212420370445,84.0625282703927,192.89546461087696
state,Zamfara,cases,29,36189.158396284314,1004.9313009671569,4056.6225660640266,22045.204573224146,45453.434408927395,106996.84174654676
state,Zamfara,hospitalizations,29,566.5002109921219,45.192465068661,117.12394720657129,330.1533012508411,707.3287698898646,1382.3551927546375
state,Zamfara,deaths,29,69.4705233220162,11.555729035027493,22.612485076032016,40.49942182530582,71.0347755168455,175.39868806915572
state,Zamfara,cases,30,30892.262409004194,0.0,2469.8440619798803,20764.96567586591,43695.24775196647,84812.88137177167
state,Zamfara,hospitalizations,30,570.0956049752823,32.824543313889976,104.0342883426918,313.52672906792526,656.045675034829,1920.8970189054937
state,Zamfara,deaths,30,47.148454435927334,8.911595438574992,18.323907622719034,31.222908748917657,52.654250246421604,106.93257915493494
state,Zamfara,cases,31,17548.161261284036,406.2598112002928,2079.4107954211554,10931.429711303581,23056.722105177585,44457.015150161555
state,Zamfara,hospitalizations,31,493.74003566203567,17.63178860624984,83.09747519167125,306.9099655128462,627.3206647119978,1482.4101921054555
state,Zamfara,deaths,31,73.36240981046119,13.871326817653088,26.08667309611847,44.70797293935717,72.91109307828603,178.91251661652583
state,Zamfara,cases,32,12566.161789815564,345.2954591478307,1311.3611963295502,6441.394319316709,13919.51701189844,42055.045433270905
state,Zamfara,hospitalizations,32,268.3189100786695,28.240074513412345,58.16570171114756,142.69561366768193,323.6861305213224,810.4336501171873
state,Zamfara,deaths,32,81.22125552639118,13.545798911465518,28.20340379008342,47.88902181264813,83.05849065252683,205.95270011482475
state,Zamfara,cases,33,2723.401405092617,169.51534205138435,424.8634648441031,1694.6828892642568,3713.184630478644,7479.109071826067
state,Zamfara,hospitalizations,33,75.84923495505465,5.8798109187638214,15.785093516421906,43.076854573031156,92.77159992020563,203.92541353407054
state,Zamfara,deaths,33,46.99811240436102,8.243414707735104,16.38659650236545,28.360042169017472,48.90584500505884,124.52394264206855
state,Zamfara,cases,34,1992.834262874423,141.23119500891872,310.6234355577783,1132.2241997120636,2487.383104034819,5532.246990057065
state,Zamfara,hospitalizations,34,31.11548308867257,2.622060416769879,6.121063211561188,16.741585957364254,38.49344989364511,96.77561543388974
state,Zamfara,deaths,34,9.032148878967211,0.8838299400318229,2.7362484006310814,5.336143979759812,9.613520950008756,23.607287946027604
state,Zamfara,cases,35,1724.5470225679712,237.40399847803994,368.7328073347372,995.3512547025858,2242.348052427964,4858.472980453673
state,Zamfara,hospitalizations,35,17.240980226532425,1.3261065399583387,3.514757292919094,9.212669797154925,21.123891043696254,48.134756808976576
state,Zamfara,deaths,35,4.354819433056727,0.25944033245021214,0.8463193212635797,2.091364837017634,4.233903490531053,11.76565496571763
state,Zamfara,cases,36,1500.8403151070531,0.0,121.9318254860093,842.7187835646728,1777.5194058733346,4580.1369759205
state,Zamfara,hospitalizations,36,14.696081839325773,0.8422414130720893,2.495175574138132,7.419615867724302,17.078354629406114,41.0265927843606
state,Zamfara,deaths,36,3.3056449958427896,0.24695895054064687,0.49334423635560387,1.4545991436840227,3.2207570528455465,11.02053204517783
state,Zamfara,cases,37,1334.8563917467259,181.9545684876002,315.1276487145202,823.5337376186959,1848.4069653442511,3347.207669991322
state,Zamfara,hospitalizations,37,10.866678137013142,1.6060805377353486,2.696692894746025,5.591311906235624,13.910625541904434,28.843590951317047
state,Zamfara,deaths,37,2.929943868966086,0.17157293748696034,0.2705746036357852,1.141198061117618,2.831625784059721,12.642909143640516
state,Zamfara,cases,38,877.5031279430432,83.41662129477731,167.31831841108252,521.0103954500918,1162.415767675564,2408.1848234494864
state,Zamfara,hospitalizations,38,16.804490752597193,1.1600723907864015,3.540646471131692,9.389132324479874,21.915761977812885,47.75904398792507
state,Zamfara,deaths,38,2.719257862401318,0.20172474822223485,0.3840905545398291,1.3258912448420483,2.736400288077522,8.125639728842355
state,Zamfara,cases,39,1015.435375023037,57.48935945988103,130.97917449668446,537.9944922370895,1204.737784171668,2925.4860800475017
state,Zamfara,hospitalizations,39,14.173096939052641,0.0,1.5390006320425607,7.125005233244118,16.407212653917426,45.0252355186757
state,Zamfara,deaths,39,2.7086066584589163,0.16631121945171112,0.3370271986503387,1.3003145708742276,3.036839903425496,8.111690526563411
state,Zamfara,cases,40,1410.8912870238814,139.98600997742747,264.9193578601243,817.4519517014875,1782.1655174535392,3529.8155139290966
state,Zamfara,hospitalizations,40,11.287042515376823,1.0500649448174517,2.4343469221926184,6.030485041355848,14.38563276167682,27.99450063447719
state,Zamfara,deaths,40,1.8437587066118497,0.15891883750732783,0.15891883750732783,0.8030227441020894,1.9906702555128282,6.446087747694058
state,Zamfara,cases,41,1108.8431443620295,102.19904444624177,191.02400187301953,622.6876935256516,1373.3765680943718,2982.96420810213
state,Zamfara,hospitalizations,41,10.601442519849334,0.0,1.0131906879900456,5.449163055658172,13.016241958803555,35.74141672973008
state,Zamfara,deaths,41,2.1027685430355976,0.1425819348104731,0.1425819348104731,0.8255024041578967,2.057126490468531,7.4726817643144345
state,Zamfara,cases,42,1421.176852769646,167.09239943863597,290.790022211419,789.4019159634807,1768.990676201844,4189.412357745095
state,Zamfara,hospitalizations,42,7.667461573780368,0.5326975414659763,1.2901724314799103,4.033755387201585,9.701925654352415,20.404603951156833
state,Zamfara,deaths,42,1.825384258876124,0.1941184868259621,0.1941184868259621,0.7485818512638134,1.9243103438587583,5.510923824748227
state,Zamfara,cases,43,1091.1456679365897,101.04144471870333,186.94949918238177,586.6482604238148,1272.7396352759206,2940.317000315285
state,Zamfara,hospitalizations,43,13.29243841504938,0.0,1.8570137167977738,7.840658377381812,18.324787658917238,37.65989420539041
state,Zamfara,deaths,43,1.7387228083045858,0.12054780474988791,0.12054780474988791,0.5265638106466239,1.6373408122491648,6.526120196001946
state,Zamfara,cases,44,1091.324540012756,103.1166448194756,208.3485172599772,633.0523091064056,1375.865041581887,2982.8852507137767
state,Zamfara,hospitalizations,44,11.159191840667406,0.4627892639328275,1.958351899054556,6.121830710824644,13.588350510108016,34.176385973310836
state,Zamfara,deaths,44,2.2029325180031956,0.16546218034879767,0.16546218034879767,0.839877960236791,2.017469110844891,8.605639399741088
state,Zamfara,cases,45,1167.021662088598,0.0,97.13829950621823,737.1764024641683,1591.8551754332327,3321.237277033213
state,Zamfara,hospitalizations,45,6.3859461542792735,0.6149310033975133,0.9713304635102867,3.078231112057546,7.7507971587545,18.258387135185245
state,Zamfara,deaths,45,3.213938143493927,0.2190740564331617,0.5836100386423281,1.6756464406296372,3.475115753825585,9.211533142063207
state,Zamfara,cases,46,920.4717789717407,25.73494728198031,121.97697804568702,570.1710184152188,1177.3565398430114,2716.980907972808
state,Zamfara,hospitalizations,46,13.817987498392734,0.19880548556479566,1.9395341633430379,7.068905763868406,16.15739420688925,46.09650942019577
state,Zamfara,deaths,46,2.4508471703802974,0.21467251866068826,0.22821394015008478,0.9942028918658072,2.2508975296580775,8.136032192009546
state,Zamfara,cases,47,1574.5055201654395,216.58920815709,336.82422155100164,863.6177941039622,1938.4678550533215,4541.596728983462
state,Zamfara,hospitalizations,47,13.268410382384705,0.22705786640051961,1.9177883881240705,7.1468081912952695,15.904990936673686,38.178662204094074
state,Zamfara,deaths,47,3.925289238299254,0.17761069090568404,0.6839480638514277,1.9119292677346005,3.80382241637792,13.402021216750411
state,Zamfara,cases,48,1477.010513238615,229.14627912964932,353.296345216474,796.6694229664486,1818.76221721007,3858.00030709549
state,Zamfara,hospitalizations,48,10.866558538578579,0.11245572629854905,1.4216304471242207,5.549790671577175,13.055153786391848,36.86801983402711
state,Zamfara,deaths,48,1.7623778004744426,0.09354023191271676,0.09354023191271676,0.6203140413755336,1.7608647705328746,5.953441693841179
state,Zamfara,cases,49,866.2005667124749,45.11579499034857,130.66628912264284,506.4402203523365,1108.314327604111,2328.444351754692
state,Zamfara,hospitalizations,49,14.114746574633552,1.4567966679836173,3.100154831964221,7.235617462988421,17.098623139955585,44.004666030052114
state,Zamfara,deaths,49,2.5832937987919875,0.19702417162261288,0.25506108959895235,1.0890454026300618,2.4802618638448592,7.476974786413234
state,Zamfara,cases,50,1005.7012602635778,0.0,74.40556251552138,639.224218390741,1293.0314725222938,3023.9205911997788
state,Zamfara,hospitalizations,50,13.162659980662113,0.7416420828897919,2.584480692255947,7.277553129512162,16.383068403993924,39.02096669543765
state,Zamfara,deaths,50,4.112044409214298,0.26517778918806734,0.7711909813493449,1.9665223780710335,3.6351096654062327,11.426455683158489
state,Zamfara,cases,51,1244.299933954208,124.54096575778614,208.9886612593766,626.7792137531213,1399.5826376468822,3970.5367218165584
state,Zamfara,hospitalizations,51,10.752766777194532,0.7900978836839565,2.0983731905178677,5.756377820268185,13.69047867245142,31.550536838339948
state,Zamfara,deaths,51,2.8026604398880792,0.24338914400572942,0.4043922732653641,1.2955901078184282,2.9597786171337046,8.825032492559622
state,Zamfara,cases,52,939.6636565526768,154.51230340006512,233.93761815296602,540.0197999591929,1226.3458868235916,2123.34541768014
state,Zamfara,hospitalizations,52,13.844510290043894,0.5222918606997674,2.238354659625916,7.253542752558378,17.511768160307266,48.29508098646096
state,Zamfara,deaths,52,2.0986965021673525,0.1389832841624321,0.1389832841624321,0.8101339649500251,2.0267077376688993,6.671292887486061
state,Plateau,cases,1,1924.8911169979153,30.600905922769556,227.65137685417756,1187.4278936180513,2482.001561773733,5584.872427290255
state,Plateau,hospitalizations,1,45.44756285235803,4.995727376576467,10.204648988712501,23.85945527517609,53.31282639839401,135.86629309079652
state,Plateau,deaths,1,2.5259013567496744,0.18800149857295168,0.20854864593380873,1.0072991389348322,2.234806227700229,8.26020445942365
state,Plateau,cases,2,701.6931775840255,30.979272680054102,87.16778657486282,387.124906032432,868.8140454722945,1818.3517041896807
state,Plateau,hospitalizations,2,47.95321700497909,7.19253785464771,12.184819722015682,25.39960411270775,56.83913706421936,134.6703810021692
state,Plateau,deaths,2,3.862292069888176,0.30273832079207064,0.8121563717107394,1.992841720926875,3.955563240871382,12.114520223146977
state,Plateau,cases,3,1371.248521159101,0.0,120.55748657161138,808.4943026271411,1705.5178559737888,4066.8492561737066
state,Plateau,hospitalizations,3,21.553427710603565,1.4232541347364325,4.396952420761386,12.735138954162668,27.98284353257916,59.974795917261474
state,Plateau,deaths,3,1.9988304365463045,0.15428147939189407,0.15428147939189407,0.8397239592325074,1.9266674824379841,6.169578065581216
state,Plateau,cases,4,1042.6434761418348,68.05531746033945,172.59485956246476,604.5907439321218,1305.8466331626828,2658.471610287642
state,Plateau,hospitalizations,4,20.391624472876174,1.9078221041566954,4.166817362283199,10.292676368409905,23.793871393218634,72.03366483286652
state,Plateau,deaths,4,2.3827249798835375,0.24169333103558022,0.3220073154837191,1.1398996255196714,2.456181620370142,7.420478339983008
state,Plateau,cases,5,1130.6572837098688,132.02612056241495,219.69757740660143,581.6020124462145,1298.4903343853027,3050.823888537016
state,Plateau,hospitalizations,5,16.53550503420114,1.3668211417860787,3.4033557730146486,9.210708008891267,21.353596342523126,43.80959349924295
state,Plateau,deaths,5,1.4434870550483443,0.10860570321658292,0.10860570321658292,0.4322451764300804,1.3860549984561226,5.337717563568979
state,Plateau,cases,6,867.6088491372483,26.106905450031046,106.85633932738097,477.3834461053325,1016.1900349563625,2678.4024064098744
state,Plateau,hospitalizations,6,17.626958881665736,0.7453351228370617,2.96548642115368,8.840684954241576,20.902670261153638,63.04201151403492
state,Plateau,deaths,6,1.8015078856309372,0.18096107698933883,0.18096107698933883,0.702989903631199,1.7715246134447595,5.473928034188195
state,Plateau,cases,7,1269.9254751666351,125.78053197119941,238.43573580779366,727.3346375478859,1505.8413488101958,3570.0113469829475
state,Plateau,hospitalizations,7,16.388347848507436,0.9588723629382795,3.1431715005496823,8.96105221614002,20.520549193222102,46.025484889318214
state,Plateau,deaths,7,3.389080295438217,0.3437726412479494,0.7318532899462956,1.756173474076297,3.4034192040738143,10.82727231682806
state,Plateau,cases,8,1162.8689588160864,18.291266691403933,122.82579530075648,683.4116305543721,1430.8804032714202,3462.4038603488607
state,Plateau,hospitalizations,8,20.748180961852974,0.887290842435285,3.491811950296397,11.91651663024627,26.467132112166986,57.405329096412885
state,Plateau,deaths,8,3.7693861862813756,0.22494679710861476,0.5376092565063079,1.5819219450226312,3.327079197469649,14.241405951462092
state,Plateau,cases,9,1895.4771145562786,236.55550831757316,397.50120962130836,1088.1007716378567,2407.8968105789772,5359.1890125771115
state,Plateau,hospitalizations,9,29.817822109184394,3.560246077657633,7.406742312543787,15.97733189272584,37.10193710821566,75.98025454499616
state,Plateau,deaths,9,3.0411869626353805,0.20261215447146963,0.423006250593554,1.4053315557849966,2.980842509023186,9.587256733430847
state,Plateau,cases,10,3260.1960578755748,194.92897314940117,439.5154474025011,1782.166129746317,3723.8503872786173,9782.795976129742
state,Plateau,hospitalizations,10,38.11960878421995,5.283138167330548,9.372965899566289,20.853051633195783,44.29974808902503,111.81679772290127
state,Plateau,deaths,10,5.663070824490066,0.40108280401213464,1.5412066940285305,3.2340988022977086,6.069654156338818,16.366814208817104
state,Plateau,cases,11,6207.919204409597,497.52215364521993,979.1093558278749,3520.5436460408646,7749.965116809563,16738.39051500334
state,Plateau,hospitalizations,11,76.68370310607459,6.742101607515883,16.775083268429366,45.489573141525035,100.24579151771535,198.33087082455322
state,Plateau,deaths,11,3.6242754444532186,0.17575510889302248,0.4918027774000594,1.5662658730283443,3.466416314850222,11.845575720316942
state,Plateau,cases,12,12557.420967129668,1581.3322694518865,2688.9954231234988,7244.012336439628,15918.416620339105,36358.72096673983
state,Plateau,hospitalizations,12,130.7782263046242,13.81117033222716,30.93570712133963,75.78778890832433,167.89324245268284,347.5860859969614
state,Plateau,deaths,12,7.644950136830463,0.39876937055236505,1.8963188934170452,3.9846585274477477,7.41014057120492,22.68028509464614
state,Plateau,cases,13,27835.817369218057,2515.896302012002,4913.184820247257,15226.669703363239,32642.04061940762,74835.82633694788
state,Plateau,hospitalizations,13,324.5883757896242,35.53573781753822,73.91896048145122,173.45447546177792,381.7532182536984,959.1989728902379
state,Plateau,deaths,13,36.92874944141033,6.946048563163875,13.159702556187234,22.546373215308037,39.11418395985153,115.78749662917005
state,Plateau,cases,14,89835.83054179273,0.0,5574.504775322363,52148.98544715686,109247.96048475432,297933.36355452065
state,Plateau,hospitalizations,14,667.844776708208,47.86767523930752,131.0446950878625,376.7924557213258,771.8289722588681,1824.0467062610353
state,Plateau,deaths,14,58.844127179849075,10.849494573686842,21.534973879952624,36.72229231164424,59.70929351564301,154.68879635457935
state,Plateau,cases,15,107982.98839508873,4975.734814930743,15644.300622479248,66896.3071589572,141408.55696641147,274587.7828383049
state,Plateau,hospitalizations,15,1213.1001137998444,74.34558243177659,239.92769680655607,703.3561785621031,1505.5578053924773,3684.1547775127733
state,Plateau,deaths,15,96.33487155476979,18.9744475348118,37.318960656013985,61.5877095552806,101.28997490344258,242.18239188606356
state,Plateau,cases,16,153249.22419060682,26564.84993847319,38897.30482741418,88637.18433896388,201974.05308550937,395564.80916274776
state,Plateau,hospitalizations,16,2441.259013557301,248.7321850642507,517.42165750789,1248.9350833704648,2682.283142261909,7925.463702462351
state,Plateau,deaths,16,214.86034723966168,32.1419585535613,66.23634899018711,113.36454322203382,193.70728018319795,744.1055934646296
state,Plateau,cases,17,164348.47559388066,14513.959454144611,29539.196946609984,101434.65132730489,220452.17603265715,412227.1886240721
state,Plateau,hospitalizations,17,2497.1051376077626,314.9047558713323,678.7611576474434,1524.1840828343995,3358.3355025958426,6933.112540593099
state,Plateau,deaths,17,206.25919633654098,41.71252421882428,79.17819916290443,125.86795959562969,203.69812466282775,500.6970021886587
state,Plateau,cases,18,155004.72223002583,7592.477916490824,21326.54248844452,92361.71347866098,203084.65105159435,453550.3162123119
state,Plateau,hospitalizations,18,2432.412375122904,267.87552498810356,620.5288581913537,1416.1011505072909,3072.420869580872,6598.761812388039
state,Plateau,deaths,18,288.62159971436586,49.676706095943885,100.51943297753463,173.0320975197571,299.7140753369056,839.5878215393988
state,Plateau,cases,19,39286.545382869066,2242.1541614618386,5708.706412095355,21927.161013496174,47145.65212178256,117535.22827463305
state,Plateau,hospitalizations,19,1281.083608851716,124.93866274569012,274.38336493487753,740.3285335507171,1547.525310426725,3769.566231355151
state,Plateau,deaths,19,131.48113501232356,25.658285332906278,50.9639845055768,85.51492192001655,136.57128710981883,332.9489761664767
state,Plateau,cases,20,8712.752227492407,834.7269924227726,1482.576211630718,4352.4562609668155,9783.016607884725,29341.59913215484
state,Plateau,hospitalizations,20,537.9635049752102,97.85921190940718,160.14830276342943,313.8221449058887,683.0953574228454,1467.1978953565892
state,Plateau,deaths,20,35.14511604129698,6.272163875532231,11.763032292648692,20.570087219908835,36.25736916976547,102.13222164527394
state,Plateau,cases,21,4808.477355962496,793.3072063954434,1139.039058597409,2414.5799085959525,5688.126508718261,13589.637277509075
state,Plateau,hospitalizations,21,80.57048469099108,4.668085905636007,13.701877550700901,45.223285837598944,95.99846604297755,267.4147595164063
state,Plateau,deaths,21,14.197706923758124,1.5922079562504932,4.37525062789355,8.397439843405818,15.133256094367557,35.87173083069376
state,Plateau,cases,22,2773.7011656933,152.8159004587535,427.34933482578185,1677.2972748113355,3516.1444363454057,7592.144895124671
state,Plateau,hospitalizations,22,46.36914281245359,4.760793331870809,10.087500260885719,25.79658304357332,58.50226726022799,126.82655622320425
state,Plateau,deaths,22,6.021880280739115,0.3734239592648154,1.6004668542133467,3.352964874447634,6.278944118787829,17.143072689767703
state,Plateau,cases,23,6217.933200871579,587.4277522434305,1141.7119027314782,3599.2297037055387,8121.175364805192,18010.96897465586
state,Plateau,hospitalizations,23,46.676246382311675,4.896993058353823,9.904647403956863,23.97207858017064,52.40242827958661,153.52883924668362
state,Plateau,deaths,23,3.2540030633353707,0.2673241427314357,0.7069902678191251,1.8535847417246663,3.8350671544673527,10.366283701741066
state,Plateau,cases,24,10268.520616919453,747.9489450123133,1707.7609020186244,5803.511633916539,13040.35982456238,33001.327561356164
state,Plateau,hospitalizations,24,104.51838038747033,4.602968903013718,18.426142341125363,62.40894949762371,134.39005841043644,300.7519378103089
state,Plateau,deaths,24,14.677687731191892,1.8946497501651398,4.649162608480486,8.53242916570311,14.548653403257843,39.93595121119664
state,Plateau,cases,25,15367.297231449951,1665.5764643584675,2799.1634245464625,8535.996001142625,19110.926960480785,49148.52214545817
state,Plateau,hospitalizations,25,241.39018683938374,26.528218579718654,55.736612415748276,140.33439156204543,306.47610136959713,652.4680833744447
state,Plateau,deaths,25,16.88109568103293,2.7648460535139896,5.750354679044197,10.107196440196727,16.766674905969406,50.417129453991215
state,Plateau,cases,26,22907.039601757184,959.7284730039564,3101.955397673414,14299.100667000928,30203.66023000662,59598.078747515036
state,Plateau,hospitalizations,26,448.6933571005764,68.94573363910386,118.38328235293831,256.7071285089588,554.57210525249,1110.0710775485175
state,Plateau,deaths,26,30.52016793204657,4.552426869421202,10.411369050942518,18.4722500645502,30.5357649326233,91.279722708744
state,Plateau,cases,27,40563.34578758791,1962.834225160569,5650.521327426365,24360.606589481802,51581.94077660244,103308.46819667536
state,Plateau,hospitalizations,27,585.5278530722468,87.90451109245438,154.47417255732395,318.2050752060461,695.8576431497959,1577.201134968265
state,Plateau,deaths,27,43.73154748900961,7.411513091666221,14.489348739565852,25.340488271058565,42.51620365376423,120.43172538375588
state,Plateau,cases,28,39533.209938348875,2151.9546160736454,5421.546658845451,24422.287829981415,52185.144949961206,98703.45053330423
state,Plateau,hospitalizations,28,509.96312083120864,25.089941543738437,88.39685141563845,285.51856346148753,605.2549129837303,1380.5589741231722
state,Plateau,deaths,28,65.01710415580683,11.31325197721339,24.036617257686814,42.18385422741482,71.53502649826227,164.33969715473526
state,Plateau,cases,29,44184.835168906146,1227.1769397844555,4953.094242019744,26915.987313717404,55495.91922133736,130636.43191355799
state,Plateau,hospitalizations,29,725.6465741620405,58.14640355033853,150.24992009094493,423.0199513859112,905.9682513792538,1770.2950448196061
state,Plateau,deaths,29,67.63583658108865,11.228843005276003,21.99773849480703,39.41899223020927,69.15936376599848,170.8061816017548
state,Plateau,cases,30,25642.981253689006,0.0,2050.005282011055,17236.471980782528,36270.50588836969,70401.54840767787
state,Plateau,hospitalizations,30,429.8984476452989,24.521009796241565,78.24958740342622,236.3140609536641,494.74857385453845,1449.0935664285155
state,Plateau,deaths,30,58.9823518280873,11.347661243527945,23.07332570273536,39.142635358606945,65.84135873220612,133.46018179460802
state,Plateau,cases,31,11752.751273089587,271.7667739916109,1392.3781965175704,7321.116011038835,15442.165029439138,29775.248569284362
state,Plateau,hospitalizations,31,461.6724128402633,16.424083401799336,77.64630994841251,286.95136273397395,586.5931665166834,1386.2561272863736
state,Plateau,deaths,31,39.88276349800604,7.175896575634345,13.891599150991643,24.1291403932076,39.63453518369492,97.91155957736845
state,Plateau,cases,32,7745.287092598187,212.45321781938316,807.926923232483,3970.0304065304144,8579.473902866539,25921.94524617923
state,Plateau,hospitalizations,32,242.3836331296811,25.424269896154385,52.46807409446216,128.85779761630417,292.4190178105732,732.2929936167932
state,Plateau,deaths,32,26.41903785038407,3.8504843548185077,8.738251852195837,15.302675216946122,27.03038844970947,68.0110484961509
state,Plateau,cases,33,2075.902479117971,128.98952904684148,323.6499145904374,1291.6755888149069,2830.446749017133,5701.336480506646
state,Plateau,hospitalizations,33,88.95612696904783,7.0531854987666724,18.647846910039757,50.594308371277506,108.764657428876,238.8761227725532
state,Plateau,deaths,33,5.661503441346527,0.32417765523828157,1.4060628384199754,3.063020982151712,5.906273983541451,16.370765674693846
state,Plateau,cases,34,1044.9610009179482,73.61416721709482,162.47695825810638,593.4868840233818,1304.4002183768766,2901.7290120406674
state,Plateau,hospitalizations,34,19.037635696804006,1.2591770048538091,3.4415996439994117,10.065906807887762,23.633132409656813,59.98529472367635
state,Plateau,deaths,34,2.3789722119483767,0.17612150709677354,0.23037996024625002,1.0865487895865307,2.495127219683467,7.1033996454003345
state,Plateau,cases,35,750.4352474039665,102.81934843585721,160.00996375020358,432.8875972585661,975.9254484184946,2115.1864809026115
state,Plateau,hospitalizations,35,16.82737207692394,1.273273060195268,3.412212403433988,8.980706697535016,20.6213851912522,47.01874594062795
state,Plateau,deaths,35,1.5360256218647301,0.11678089944016767,0.11678089944016767,0.3915044077963747,1.3559172601836926,4.746156176875228
state,Plateau,cases,36,659.7398636616615,0.0,53.08166555821141,370.1790408832634,781.4279133329667,2014.3895610724967
state,Plateau,hospitalizations,36,11.0497363714579,0.5732834768912243,1.6803932834778297,5.4568664270539715,12.863996041726578,31.229510259848862
state,Plateau,deaths,36,1.789495977483672,0.1541910854353623,0.1541910854353623,0.5325514845474563,1.6352683711704552,6.50512941320369
state,Plateau,cases,37,967.3875288046382,131.6272221743555,228.16690328155946,596.7200794350115,1339.6700390765973,2426.1789778450766
state,Plateau,hospitalizations,37,16.74594025188234,2.6883241403863827,4.5356864621944055,8.870291399999065,21.328213434359757,43.68988014862494
state,Plateau,deaths,37,3.0918030468604636,0.17895625492183287,0.3252513828571204,1.23334047709372,2.996512565563394,13.230005980810885
state,Plateau,cases,38,616.410464202905,58.327854030621644,117.29382024781648,365.8679943442146,816.6465698686959,1692.170886800734
state,Plateau,hospitalizations,38,11.048687861299682,0.6018446930054298,2.068830886874993,6.0215750924226805,14.487794216284883,31.95417539241871
state,Plateau,deaths,38,3.339381985124572,0.23680897597048634,0.6248133645451817,1.7304132426179626,3.3862398334025503,9.712782731457361
state,Plateau,cases,39,839.1386054754508,47.34460714303958,108.08789908156493,444.5079901727682,995.6072467126467,2417.8984313721894
state,Plateau,hospitalizations,39,15.248222722795116,0.0,1.7197903411626285,7.7035467720603386,17.646694390383658,48.3024654793907
state,Plateau,deaths,39,2.5575032230589825,0.1591937607079299,0.27980775213867215,1.201870255993415,2.8640792107758735,7.721746410810306
state,Plateau,cases,40,620.3962489553068,61.05022905114566,116.03542122368093,359.2139749792588,783.8000579051208,1552.9691591507321
state,Plateau,hospitalizations,40,14.585888146232683,1.4389311373510079,3.3601943368049483,7.925796303286916,18.53336408798059,35.81097464207912
state,Plateau,deaths,40,1.3965684175350732,0.130875456540749,0.130875456540749,0.4848549642633424,1.4629259890919615,5.132124729247424
state,Plateau,cases,41,873.9021117398642,80.35299332542517,150.37472857934097,490.6601800026638,1082.4368512883448,2351.293295036226
state,Plateau,hospitalizations,41,11.116069583156877,0.0,1.1032051441309507,5.737520193649248,13.642940862483009,37.38421125709548
state,Plateau,deaths,41,2.118743775064712,0.14338384393172898,0.14338384393172898,0.8357693922634704,2.0743203770629197,7.520333809416318
state,Plateau,cases,42,932.6058363036202,109.34636434179754,190.54922060587657,517.8692533787097,1160.9325840431807,2749.848761242848
state,Plateau,hospitalizations,42,14.99629048671554,1.1640955838224336,3.2441852412289918,8.32863832812464,18.832984752847366,38.66736431507363
state,Plateau,deaths,42,1.024960428267508,0.13027325589312558,0.13027325589312558,0.17347633749069588,0.9625097844389079,3.3694923620671466
state,Plateau,cases,43,829.103907502838,76.55833720264202,141.85421648859688,445.6520644051819,967.1274938181327,2234.5980588003426
state,Plateau,hospitalizations,43,10.963098055651425,0.0,1.3887305123159757,6.391616739832602,15.157328770763574,31.323285096030318
state,Plateau,deaths,43,3.867310552889029,0.22338248875434652,0.659243011569925,1.828816534420381,3.8871545654105133,12.946363133990063
state,Plateau,cases,44,720.2323459248043,67.74540417456251,137.22716297990482,417.64758831703244,908.1067421687342,1969.1787156750947
state,Plateau,hospitalizations,44,15.547902076508532,0.8601471735580416,3.0302409342387064,8.702258093993738,18.874095237841466,46.92171976346857
state,Plateau,deaths,44,2.8239395703053223,0.19988276025297624,0.3369753807452301,1.222622018188692,2.645183773006859,10.603870522965371
state,Plateau,cases,45,758.4044563672277,0.0,62.80339161252641,478.91618280040643,1034.5749289681407,2158.9111364554756
state,Plateau,hospitalizations,45,12.036876257949162,1.0926866903141441,2.502907721008257,6.246713585019343,14.549516176904703,33.22072262297513
state,Plateau,deaths,45,0.9810615201405491,0.09391711989282372,0.09391711989282372,0.14705050724291385,0.9184835923943835,3.3776876094193775
state,Plateau,cases,46,598.1602691717027,16.383389800407294,78.96113563632058,370.3823839293508,765.1818383220304,1766.2644383780716
state,Plateau,hospitalizations,46,13.40655865735918,0.16544163581311475,1.857724247266868,6.844340759113418,15.679888281748035,44.78577061974421
state,Plateau,deaths,46,1.3781191186274313,0.14069395940527313,0.14069395940527313,0.3069781938764105,1.1306017552780234,4.9876529626018
state,Plateau,cases,47,715.2150377413966,97.91470447909701,152.5727958367936,392.04988659831935,880.6700577852479,2064.0362985406714
state,Plateau,hospitalizations,47,6.643357388058314,0.04795956647930133,0.5548409426094021,3.3412986969749063,8.008388733660095,19.87765799587475
state,Plateau,deaths,47,2.751061566276962,0.13408108055408796,0.2712386559999451,1.1982608182198895,2.626480461809225,9.872310428262596
state,Plateau,cases,48,596.4854614004106,92.0365884029179,142.22422837865764,321.45770849206724,734.6385210050657,1559.0001206872562
state,Plateau,hospitalizations,48,18.765164709651728,0.5942638717488484,3.039923493888257,9.92679242019682,22.447733761064754,62.173926135669014
state,Plateau,deaths,48,1.7711221254296279,0.09387187056289603,0.09387187056289603,0.6260587220392477,1.7706531733099957,5.978094508681296
state,Plateau,cases,49,596.257337199148,30.760715854576564,89.68076561026375,348.48252882048814,763.003247907109,1603.3271111473377
state,Plateau,hospitalizations,49,10.784627586824175,1.0759063338569739,2.1933301837550343,5.4141591974521015,13.09577977559942,34.05105644382026
state,Plateau,deaths,49,2.2858696697417065,0.17950600481512524,0.17950600481512524,0.9033004479359421,2.1708185739050236,6.72325478795691
state,Plateau,cases,50,624.2282455631737,0.0,45.829042205733685,396.59781565161876,802.6310906084786,1877.5634548529447
state,Plateau,hospitalizations,50,12.464412351374536,0.6961023265742599,2.4070981623605374,6.867928014602579,15.522845427341554,37.040478884013915
state,Plateau,deaths,50,0.9349915888531444,0.0,0.0,0.0,0.5563749884304782,3.3313052188603733
state,Plateau,cases,51,753.4346830902824,75.05594133100323,126.21652414027682,379.32477097675536,847.5089331207915,2405.0589472538045
state,Plateau,hospitalizations,51,11.06272053671845,0.8110662070861618,2.1806005859091613,5.935684610083036,14.080347717918194,32.4143920611376
state,Plateau,deaths,51,1.5555688786195496,0.1571181791612679,0.1571181791612679,0.48190232277804396,1.556207709046899,5.342481796948687
state,Plateau,cases,52,806.2962409579435,132.46374879377868,200.62813208876318,463.3139423410012,1052.3326273272396,1822.1554480104137
state,Plateau,hospitalizations,52,16.044599569303745,0.7484565485461829,2.7194723018063134,8.479759596023165,20.26203463387072,55.61877947785393
state,Plateau,deaths,52,1.5502917177430253,0.11158543610307736,0.11158543610307736,0.45330130239172084,1.4300512460881598,5.1590468773506695
state,Enugu,cases,1,517.522690182409,7.50770511498384,60.558313966206086,318.9526650923831,667.4822624782494,1502.847881369207
state,Enugu,hospitalizations,1,15.246183052851778,1.0960601332097677,2.9170590283342053,7.6906741856166,17.987345985804396,46.84740241001903
state,Enugu,deaths,1,1.7150002697963245,0.14062492798290777,0.14062492798290777,0.5014576957924066,1.4196317383740957,5.926623431717713
state,Enugu,cases,2,1822.882479961837,82.00434684570479,227.84540279249546,1006.4042221687678,2256.6606867822757,4721.249358193665
state,Enugu,hospitalizations,2,16.180032770562097,1.8737497249219908,3.6249248671818206,8.260360635856427,19.288609851674963,46.589980907303435
state,Enugu,deaths,2,1.0555324339558898,0.11546513000259437,0.11546513000259437,0.14147709308778358,0.8900638424175298,4.001909829338593
state,Enugu,cases,3,809.767931752814,0.0,70.81775752232727,477.25985203743744,1007.2331335112538,2402.3386980665905
state,Enugu,hospitalizations,3,10.947188710619542,0.42815354224043745,1.8540789418216388,6.263575402530485,14.32704329247651,31.245398410382293
state,Enugu,deaths,3,1.1153240547362717,0.10308737175254692,0.10308737175254692,0.22926166157461209,0.9555325755712614,3.7905488219884726
state,Enugu,cases,4,747.897937831185,48.55273139205415,123.56824127816984,433.559952386253,936.7673228555229,1907.3842808349245
state,Enugu,hospitalizations,4,9.870031739956735,0.7747922357665753,1.6181612067278985,4.722293844510612,11.563701732557508,36.008064083395816
state,Enugu,deaths,4,1.1233884016354738,0.14158757762808938,0.14158757762808938,0.25358528945088205,1.0246830203142605,3.932842480674308
state,Enugu,cases,5,740.0062088513513,86.10515338443206,143.51219241979527,380.48626331169214,849.9028484004363,1997.326244420285
state,Enugu,hospitalizations,5,8.025354695861827,0.507402974900685,1.2583223681979456,4.23670388682453,10.464353377793671,21.981224440085903
state,Enugu,deaths,5,1.072276099254645,0.08892510711829131,0.08892510711829131,0.17270596259307716,0.9536745312970589,4.18925062436127
state,Enugu,cases,6,790.6258563295186,23.704427103209664,97.29705856480447,434.98443922258286,926.0367329466537,2440.9276317371423
state,Enugu,hospitalizations,6,13.313310932025471,0.41854169825147913,2.0448607881860683,6.556075740475114,15.817755692970843,48.17404548794665
state,Enugu,deaths,6,1.1497465038435084,0.13254318617050298,0.13254318617050298,0.24733844204947386,1.0299763293162858,3.7417658148685558
state,Enugu,cases,7,711.6246683901799,70.08751560941116,133.25477352117443,407.3868328247905,843.9058087939311,2001.313138484882
state,Enugu,hospitalizations,7,17.96596518069836,1.1368623762079964,3.519634594477556,9.866148356999181,22.475981772161333,50.29838537932747
state,Enugu,deaths,7,1.5037287709152105,0.1861841552599391,0.1861841552599391,0.49271864147743105,1.3848520399695052,5.405543784240949
state,Enugu,cases,8,753.3739983727187,11.503640635958181,79.25772857063146,442.6016158200309,927.0737383696137,2243.806312604051
state,Enugu,hospitalizations,8,15.11763921111547,0.3982842764174885,2.3279608428656844,8.569782094027008,19.35025979417473,42.2722140637967
state,Enugu,deaths,8,2.579570820896272,0.16643236202059353,0.16643236202059353,0.9102977832373178,2.2014948456337358,10.276725099543198
state,Enugu,cases,9,2015.4216689364794,251.57993933601963,422.7048093068138,1156.982017673773,2560.2498510006567,5698.199421704898
state,Enugu,hospitalizations,9,32.33826363573677,3.9332725482350384,8.094410776152822,17.366071466844993,40.21866170588048,82.27721136883056
state,Enugu,deaths,9,1.925072261127264,0.14318533324531701,0.14318533324531701,0.6998397814729752,1.813248113068517,6.481978993236983
state,Enugu,cases,10,3333.686918743302,199.34422506799265,449.4424461666383,1822.3497103009126,3807.7897483365355,10003.273444369028
state,Enugu,hospitalizations,10,81.37566168891615,12.230744059336004,20.84291564157823,45.01715343100732,94.3901310072455,236.5644361963401
state,Enugu,deaths,10,3.9793869134915356,0.2637218427479553,0.8918124330492243,2.152093364057424,4.263034943890221,11.928800762212713
state,Enugu,cases,11,7516.495092918831,602.5894042682459,1185.6746901340125,4262.7351537462955,9383.538647180163,20266.34153113457
state,Enugu,hospitalizations,11,215.8651040365388,20.613177583498892,48.621672604902535,128.78225435757753,281.64202442525067,555.4604712526935
state,Enugu,deaths,11,17.090516147465802,2.1250121086640443,4.896480858662329,9.14339015035366,16.653900841524475,49.773260715705206
state,Enugu,cases,12,19469.186949376846,2452.1989477735624,4169.485598330224,11231.442757750772,24679.970524422693,56369.98537328327
state,Enugu,hospitalizations,12,633.4813406152814,70.31232125365946,152.76296096901973,368.7152451939416,812.1814632602898,1677.3604800683574
state,Enugu,deaths,12,24.80297304303058,3.1823773986977395,7.6601114767512755,13.904332053818694,24.14666290625753,69.80501708116239
state,Enugu,cases,13,43092.342922232056,3895.3317538677006,7606.5022813604955,23572.499216155134,50532.713131732104,115851.64859034475
state,Enugu,hospitalizations,13,1756.8979500454702,196.2616450359651,403.49812352937727,940.9045260653623,2065.539065191421,5183.250825865339
state,Enugu,deaths,13,70.91459750671135,14.066061829204985,25.84742642822797,43.64497188702254,75.05827864794566,220.43429292012215
state,Enugu,cases,14,82703.1691430054,0.0,5131.832915836303,48008.49378580214,100574.04799906138,274278.61586185783
state,Enugu,hospitalizations,14,2704.0907053827045,196.64151367691946,533.044504519021,1526.9522186973882,3124.6467008637064,7380.259529742637
state,Enugu,deaths,14,128.4282107745953,24.627558685023057,47.73763703444267,80.58409237951723,130.29935396175716,335.7167890888495
state,Enugu,cases,15,90447.86995471694,4167.581289687105,13103.718228251517,56033.101338220506,118445.58300551363,229998.3278853534
state,Enugu,hospitalizations,15,2821.847679748305,174.18258994158762,559.1700398752739,1636.666544201123,3501.8290939862773,8567.185916471657
state,Enugu,deaths,15,234.60971779770426,47.35033808200922,91.75524138730286,150.5004062816962,246.60408819128236,587.6496156046807
state,Enugu,cases,16,131175.52019528186,22738.384358907464,33294.5093260364,75870.00534059695,172882.17044849298,338588.6929564207
state,Enugu,hospitalizations,16,2959.8180940688776,301.7572293131156,627.4969020017195,1514.3308435800486,3252.018306009684,9608.470994662
state,Enugu,deaths,16,147.9550494607169,21.869703207184035,45.3966347569702,77.91757986137594,133.35831509086464,513.1622440028588
state,Enugu,cases,17,126936.70223199284,11209.839550547757,22814.799748270278,78344.29716243954,170269.20934633582,318389.4230306201
state,Enugu,hospitalizations,17,921.7914697306103,115.69413331600445,250.10144016274634,562.397769061181,1239.9270126745855,2560.4373895963895
state,Enugu,deaths,17,66.58868533280744,12.928855318479583,25.146676092351946,40.37253618411601,65.75350180161061,162.60692993463908
state,Enugu,cases,18,114457.2982012604,5606.1255905972075,15747.542444799943,68200.86218471696,149960.1592497701,334907.354215424
state,Enugu,hospitalizations,18,553.1239832979086,60.22693319096772,140.53131222495693,321.69488816727517,698.8633819790035,1501.8633624472195
state,Enugu,deaths,18,18.662611638320843,2.4397611267925696,5.89079117551598,10.812702323810798,19.41144080408275,56.056220400597326
state,Enugu,cases,19,29769.97191153415,1698.797692626635,4325.651262582103,16615.529587959907,35725.376665726,89064.57251110135
state,Enugu,hospitalizations,19,114.96397442617166,10.391104109807364,23.908320540267287,66.05288369068414,139.06352491896922,340.04628045020615
state,Enugu,deaths,19,8.131061451942434,0.8345863628932135,2.5760896151055013,4.9538373889829606,8.46746589683326,21.981907122920603
state,Enugu,cases,20,4881.469043378722,467.27257221593277,830.2739148040419,2438.318317866674,5481.157050229498,16440.175761574872
state,Enugu,hospitalizations,20,27.35592208562438,4.2008270304977655,7.477757739955542,15.562295909522886,34.98917650267257,76.23957285121624
state,Enugu,deaths,20,4.278510322565973,0.2488979254155954,0.853245710624039,2.1320669494119544,4.409925950181461,13.975230259451681
state,Enugu,cases,21,2323.796247536567,382.9507447789684,550.0699665082377,1166.6385377231386,2748.999424122905,6568.417050111176
state,Enugu,hospitalizations,21,25.02195250666957,0.8080395598766935,3.6896918393031406,13.744577053563463,29.941144289763734,84.62052723616885
state,Enugu,deaths,21,1.6572918839718787,0.0951624506460984,0.0951624506460984,0.5686680965701825,1.6930445473177753,5.154815437314927
state,Enugu,cases,22,1825.598111073573,100.2576625578265,280.98419196778343,1103.8302458830458,2314.351166169596,4997.599632743396
state,Enugu,hospitalizations,22,43.845037058272396,4.4538050331782575,9.496655798021227,24.368613497467614,55.33143665717367,120.014776184925
state,Enugu,deaths,22,2.899035332253231,0.20458423078625199,0.4246930274688188,1.3848174397586204,2.9878458425916903,8.939872571762207
state,Enugu,cases,23,6063.189050436124,572.78605250612,1113.2780899103525,3509.6460936429107,7919.073318374069,17562.78168165482
state,Enugu,hospitalizations,23,140.17781091102498,16.462158207311816,31.290809278314324,72.94724440358978,157.1351109022812,456.5903366030278
state,Enugu,deaths,23,5.827977777920351,0.4328658072447116,1.7640515842997344,3.62067978651966,6.8292039974988334,17.404905444209966
state,Enugu,cases,24,8341.30089211204,607.398160458321,1387.0879282554297,4714.213532179663,10592.965556635305,26807.977451516283
state,Enugu,hospitalizations,24,160.25845790026827,7.5630410886177275,28.689055559619142,95.90816589079807,205.91719929684547,460.1687636977343
state,Enugu,deaths,24,7.190558703283981,0.5099474326060774,1.9467947120589404,3.972438183386979,7.110704683836639,20.353579799804017
state,Enugu,cases,25,11897.262582033392,1289.2772563114315,2166.9096386604865,6608.412777070595,14795.611621949309,38050.96577480257
state,Enugu,hospitalizations,25,230.58570180070726,25.301154771302024,53.207591385712476,134.03444460877034,292.7704271411279,623.3398986812654
state,Enugu,deaths,25,18.873547830361364,3.1844325954273427,6.502671755548595,11.34507710741406,18.746744629706576,56.147492724110826
state,Enugu,cases,26,13596.31259992998,569.2504164711462,1840.7915753885882,8486.974063513402,17927.29145749641,35374.6554865075
state,Enugu,hospitalizations,26,366.78605254343995,56.205793372721295,96.63876975938066,209.76826243936864,453.38000866079506,907.7002048272677
state,Enugu,deaths,26,21.452764878707523,2.9550909657620226,7.12851816003546,12.870424973537666,21.463478028016773,64.73246369410057
state,Enugu,cases,27,21978.10771652715,1063.0703735158088,3061.1812843268344,13198.92466319092,27948.344377433983,55975.4887500977
state,Enugu,hospitalizations,27,424.38236838889463,63.47845791273379,111.7584502582722,230.50513685183435,504.3996210414406,1143.5985609555503
state,Enugu,deaths,27,27.887907421664814,4.432024119438281,9.002780121815853,16.010276991416827,27.10208642103075,77.41871658062239
state,Enugu,cases,28,20887.849307017157,1136.5651757954372,2864.13250078537,12903.629529294747,27572.800539443495,52151.86229650348
state,Enugu,hospitalizations,28,486.3473345438447,23.884109528745803,84.26508342007621,272.2761705595208,577.2348585080723,1316.7057056593433
state,Enugu,deaths,28,33.03604136831031,5.34820970153472,11.907857068383343,21.26383110355032,36.39609647958777,84.24239343667199
state,Enugu,cases,29,33344.376875712514,925.8585339813869,3737.6669441700506,20312.228975921247,41880.419137376,98586.11290226998
state,Enugu,hospitalizations,29,623.4521066459387,49.82814343428468,128.97836168117504,363.3864312003148,778.4136178070825,1521.1828073773593
state,Enugu,deaths,29,58.91880492284868,9.675729982537552,19.07693174846086,34.28561508474924,60.24883793088841,148.9860946223463
state,Enugu,cases,30,19197.65114018361,0.0,1534.5062162750628,12904.01083127693,27154.03624185652,52706.59254973631
state,Enugu,hospitalizations,30,271.9147703988368,15.164020107195736,49.193622215708594,149.30554369130866,312.98796442131675,917.4331557490957
state,Enugu,deaths,30,32.971035648668845,5.993083687831683,12.633900215062768,21.734735183959632,36.855526338455356,75.15136870260446
state,Enugu,cases,31,12956.683849293928,299.7062207431066,1535.1016498054896,8071.1189069374395,17024.00537128266,32825.22382538407
state,Enugu,hospitalizations,31,127.00300282592873,3.8199784467852473,20.755722245417584,78.65522949441646,161.54435500441912,382.75302043150873
state,Enugu,deaths,31,15.267642534496158,2.2526512396602563,4.924387373410294,8.997231361163788,15.165807629239595,38.35040076642543
state,Enugu,cases,32,11717.266160667767,321.9036049486335,1222.7127288134857,6006.218100194313,12979.202330553468,39214.2086363032
state,Enugu,hospitalizations,32,59.49780104099419,5.568273315154684,12.290544097056756,31.27871612725463,71.9350824987056,181.27443259895063
state,Enugu,deaths,32,5.6632324826717015,0.35168999038201365,1.357803936232762,2.9471675595422715,5.786655472045112,15.708801975693891
state,Enugu,cases,33,3610.7610872014984,225.0536157107335,563.5707586716765,2246.9809945869774,4922.925642326789,9915.44318484489
state,Enugu,hospitalizations,33,22.010928210413976,1.059601746266658,4.024935761444368,12.195241514699696,27.07230507151447,60.348305142814425
state,Enugu,deaths,33,2.324934393366152,0.15858797652213863,0.17704792654406826,0.9876332181279295,2.378554933258065,7.497792906068898
state,Enugu,cases,34,867.3564682538514,60.94465632033787,134.71851530727145,492.5428095127197,1082.7428186067464,2408.8446414173304
state,Enugu,hospitalizations,34,14.420441033048247,0.73777900137534,2.4165178634853453,7.511993721876668,17.948024058154726,45.91042992018628
state,Enugu,deaths,34,1.5503663649482555,0.12877917786066773,0.12877917786066773,0.5256741900435817,1.555619795042761,4.925165877882723
state,Enugu,cases,35,664.6650099653062,90.96921205107394,141.63198258874655,383.3628479642991,864.4173338335017,1873.640961766318
state,Enugu,hospitalizations,35,13.592798966568537,0.8599605887502504,2.6100111875153784,7.16607623181714,16.690318437356154,38.28827404619282
state,Enugu,deaths,35,2.123955679295197,0.14767628592287962,0.14767628592287962,0.7596388088616153,1.9791953358244716,6.266350975216711
state,Enugu,cases,36,425.21295017888315,0.0,33.883793160463114,238.4181605545039,503.6821914591686,1298.9679625350398
state,Enugu,hospitalizations,36,7.864977314874914,0.4205762276505971,0.966408838256122,3.7369314375851284,9.171001590716585,22.644438380849035
state,Enugu,deaths,36,1.3469233821942685,0.1257019640294025,0.1257019640294025,0.2493895547842776,1.14836291647714,5.118443909197485
state,Enugu,cases,37,535.3431004977019,72.45581539985089,125.92448403296676,330.0482953344403,741.5324099230317,1343.297256747196
state,Enugu,hospitalizations,37,8.186739536115251,1.2404138422139117,1.8550430251290275,4.090625491528915,10.515827434361354,22.04890847477752
state,Enugu,deaths,37,1.4510831481251953,0.10145214210588566,0.10145214210588566,0.2661036941788161,1.2656640915211121,7.067136795880165
state,Enugu,cases,38,354.1653890570102,33.128349907232035,67.04852383834628,210.04082534792735,469.35121517329605,972.99660617504
state,Enugu,hospitalizations,38,6.927357229358009,0.39431624306264546,1.0106347700173803,3.600391335180185,9.14728367578664,20.59089676287763
state,Enugu,deaths,38,1.238958354551304,0.11460734877328049,0.11460734877328049,0.3214255140012142,1.1227882783154044,4.184616089001329
state,Enugu,cases,39,477.12611463845815,26.513102036232397,61.082343320509224,252.54031226924513,566.1730207202966,1375.6044092718942
state,Enugu,hospitalizations,39,8.180996763981971,0.0,0.529429226700157,3.894295934388328,9.485660953486477,26.72442806026089
state,Enugu,deaths,39,1.5939256364448724,0.11245193419394683,0.11245193419394683,0.5553660396581509,1.7295239411271823,5.160902594946216
state,Enugu,cases,40,616.9914753038457,60.71024150649031,115.39415710414387,357.2402793656158,779.4999570221291,1544.4546030085694
state,Enugu,hospitalizations,40,10.299560280061602,0.9651921034905113,2.156761442525366,5.462237101729452,13.142069328251873,25.650983060779257
state,Enugu,deaths,40,1.4043082931839626,0.1313664408832106,0.1313664408832106,0.49042545515253966,1.4721657512998554,5.155129632593416
state,Enugu,cases,41,477.66245239985085,43.5085487538462,81.81772079513848,267.98925531157124,591.7526443235375,1285.949090940756
state,Enugu,hospitalizations,41,10.45490180154131,0.0,0.987549044446201,5.3670212390802225,12.837719634874702,35.27344798901425
state,Enugu,deaths,41,1.358785150109636,0.10454118562007034,0.10454118562007034,0.33845978409978444,1.2414875231488978,5.21217686658801
state,Enugu,cases,42,560.3044322959955,65.34266944819804,114.16361867938858,310.9556459251478,697.5795119220677,1652.8709830423675
state,Enugu,hospitalizations,42,8.631930595284244,0.5927826921441408,1.548490416664823,4.6015333988752944,10.909039946111058,22.818917428317526
state,Enugu,deaths,42,1.0682611301417153,0.1339080350795902,0.1339080350795902,0.20621772664288773,1.0172661476602567,3.4914064094606276
state,Enugu,cases,43,436.1324861443442,39.84219873702533,74.22699055557588,234.20685252800521,508.8156681981006,1176.2653141733615
state,Enugu,hospitalizations,43,10.225304801050214,0.0,1.2402471481280755,5.932154228402702,14.152990056202224,29.314071378569217
state,Enugu,deaths,43,1.3755238510935506,0.10209613607229295,0.10209613607229295,0.29290008107725946,1.2336558263758235,5.374133425504464
state,Enugu,cases,44,484.9319831855233,45.31737715895269,92.13087497594935,281.0647936773791,611.5127979152526,1326.4125265559317
state,Enugu,hospitalizations,44,7.053134112159012,0.30531246406716317,0.9516911438317612,3.6984315593515493,8.624262246418546,22.206651310839373
state,Enugu,deaths,44,1.59777894787644,0.13085805370315323,0.13085805370315323,0.45509293072520407,1.3864071784994851,6.596752767156312
state,Enugu,cases,45,478.0616910699245,0.0,39.246960072886424,301.72947815689184,652.2371048826822,1361.464519093669
state,Enugu,hospitalizations,45,7.6835899263542675,0.7251343798664491,1.3246176973862962,3.809101463505537,9.31905016333771,21.709732531526218
state,Enugu,deaths,45,1.2324854658326478,0.1090666693529595,0.1090666693529595,0.3320785235681694,1.2279496631661992,4.0838420894077485
state,Enugu,cases,46,494.90665710202813,13.387585868215563,65.18086105741241,306.37940068518435,633.1402405454428,1461.6991139790548
state,Enugu,hospitalizations,46,6.786585132479544,0.012318032769783827,0.5365112739888963,3.2176630670071837,7.968267816005194,23.617614107725654
state,Enugu,deaths,46,1.1951133084250678,0.12746165440035218,0.12746165440035218,0.18405654059962304,0.9302180828799166,4.424512579036788
state,Enugu,cases,47,606.3480652015526,82.8793535734926,129.22924052698738,332.30504886630536,746.6533939173685,1750.1441877076375
state,Enugu,hospitalizations,47,10.749007006324334,0.07405481612790155,1.4008444730784981,5.70344000919034,12.909937479684462,31.23738739867417
state,Enugu,deaths,47,1.5240188352950172,0.08698530141247224,0.08698530141247224,0.42612499142971066,1.352684619883155,6.053427640530403
state,Enugu,cases,48,402.2668869191398,61.79412270029876,95.6677725919599,216.63963253915927,495.51192443778046,1051.9066109634375
state,Enugu,hospitalizations,48,5.483746982787192,0.06087188371616037,0.3108199273864811,2.545378339089338,6.608004634878506,19.497824128391038
state,Enugu,deaths,48,1.5397312284218625,0.08506243642753136,0.08506243642753136,0.4734607485873175,1.5106403867760423,5.32323311520998
state,Enugu,cases,49,601.185198544408,31.022770360291958,90.42896358283757,351.36607438556734,769.3069626726049,1616.5642544800776
state,Enugu,hospitalizations,49,12.098306089869297,1.1965230152578101,2.551324999159527,6.133231640868131,14.676016014375783,37.98052685849018
state,Enugu,deaths,49,1.5175325499740384,0.13293203557288402,0.13293203557288402,0.40947709861563475,1.348129623271456,4.7194074441604865
state,Enugu,cases,50,394.8562847752897,0.0,28.646537161715244,250.71128560236156,507.76289306461223,1188.2812377042121
state,Enugu,hospitalizations,50,16.17873395924385,1.1135239071380363,3.349852195341697,9.045006723081274,20.094765114022472,47.566390723193756
state,Enugu,deaths,50,1.2408771601783601,0.10734783743955667,0.10734783743955667,0.20089153385364206,0.8763600088831851,4.030410535927255
state,Enugu,cases,51,563.3018032386609,55.888297691057744,94.15537339833813,283.47519565167,633.6674294756352,1798.6831708111658
state,Enugu,hospitalizations,51,11.886763308802758,0.8667406141730867,2.398928079094937,6.411774138945948,15.115515267156942,34.70807221932997
state,Enugu,deaths,51,1.6685643602323605,0.16515796838063346,0.16515796838063346,0.5577317550081278,1.6870097033887503,5.6670286892773625
state,Enugu,cases,52,515.0047239360348,84.30688161025373,127.87594832938257,295.77852500963377,672.2653814067811,1164.3179785982684
state,Enugu,hospitalizations,52,10.40876681706766,0.35182610860378816,1.4858915289917567,5.3357520004082195,13.210379187337997,36.84089055253806
state,Enugu,deaths,52,1.4317208613786039,0.10554957520718683,0.10554957520718683,0.37468956946853016,1.2986053172688798,4.825892735544775
state,Adamawa,cases,1,2210.5290161356274,35.28787136422965,261.5643635285763,1363.692475420486,2850.273994835202,6413.354721155451
state,Adamawa,hospitalizations,1,39.46991115302319,4.224096579600844,8.762646761798518,20.66012347078088,46.32294062014473,118.25204211111723
state,Adamawa,deaths,1,5.194119423553122,0.3362686358748115,1.1616689634993265,2.590352993810727,4.7859319514201,15.563252660903233
state,Adamawa,cases,2,841.9882491809614,37.36406998246066,104.77085877460846,464.6156881970408,1042.476105478767,2181.592981414987
state,Adamawa,hospitalizations,2,9.321954156283057,0.9527038632380949,1.7721242991986752,4.550548706241564,11.160748548778255,27.524861756711086
state,Adamawa,deaths,2,1.7040363105179348,0.16106278275772434,0.16106278275772434,0.5922510723608553,1.6364577950302794,5.977184507551212
state,Adamawa,cases,3,1463.0908188280698,0.0,128.6934933705782,862.6748499192214,1819.7374015595913,4339.11590250573
state,Adamawa,hospitalizations,3,22.087454139070847,1.480687569813008,4.5248653424916885,13.060674852392943,28.66976457750869,61.41995675797635
state,Adamawa,deaths,3,1.4218231274438522,0.12128197507660943,0.12128197507660943,0.44622255536396666,1.3006780467858023,4.636065921113486
state,Adamawa,cases,4,984.8231868523538,64.22949137718852,162.9772983660161,571.0396004567341,1233.4442734355941,2511.130663518675
state,Adamawa,hospitalizations,4,21.08862812718581,2.002674137673676,4.33535694829255,10.66103910829749,24.602637898240893,74.41599476106
state,Adamawa,deaths,4,1.7392586817505367,0.1915905581669206,0.1915905581669206,0.6963006878089801,1.7397188119993592,5.674922052161688
state,Adamawa,cases,5,1012.1360116932516,118.09396526464946,196.58337314904955,520.5846597648446,1162.3914910148644,2731.19880906566
state,Adamawa,hospitalizations,5,13.140907024407243,0.9077698476406842,2.5493131373047215,7.230313866355798,17.018056512886776,35.118652928028645
state,Adamawa,deaths,5,1.4793246262942972,0.11045999337315154,0.11045999337315154,0.4566987553287037,1.4267935431699785,5.445925207782672
state,Adamawa,cases,6,881.6467196608704,26.544998056442612,108.5994768795826,485.11491700874035,1032.6295150899828,2721.7059987735556
state,Adamawa,hospitalizations,6,17.1012936839622,0.6959854012849201,2.8533614497701807,8.562437495618997,20.28336760432105,61.23121002697205
state,Adamawa,deaths,6,1.5191907657546606,0.16037193724762916,0.16037193724762916,0.5092294680285236,1.4561899099097886,4.737346382535415
state,Adamawa,cases,7,1166.5944649711432,115.47279898631425,218.96871201973377,668.1182984873104,1383.3294928286482,3279.6747244874987
state,Adamawa,hospitalizations,7,19.58242688909448,1.3192062832471927,3.9053065214684866,10.793384461646628,24.47924706691245,54.67580721005304
state,Adamawa,deaths,7,2.8839228844401363,0.30239305322814825,0.5233917457449732,1.4244154771212054,2.8733837949685483,9.403634722830718
state,Adamawa,cases,8,1511.8526208625808,24.075880659302044,159.95577937805837,888.6369867338417,1860.2392169574975,4500.9284252480775
state,Adamawa,hospitalizations,8,20.153130473907034,0.8356266759245605,3.3688495984865714,11.562929864010199,25.715225487545165,55.80649621930459
state,Adamawa,deaths,8,3.116392396878856,0.1929817666772804,0.3191143621247089,1.2150297971689816,2.7121995014536755,12.075596029662805
state,Adamawa,cases,9,1818.5933832847277,226.92493923589035,381.3458552135222,1043.9483110510414,2310.239436480486,5141.885398183576
state,Adamawa,hospitalizations,9,46.14520512224719,5.9764460586737504,11.860969183215012,24.972598441582498,57.28986077500944,116.7674590955397
state,Adamawa,deaths,9,3.7763771028606206,0.24093993274863723,0.6921937936708541,1.860343816987636,3.733891354686829,11.590029122387039
state,Adamawa,cases,10,2985.2628916989165,178.4112840774158,402.37802420959383,1631.837246675072,3409.828833713804,8957.978200178717
state,Adamawa,hospitalizations,10,42.702585941991316,6.019263906990115,10.588251476920677,23.413331762152325,49.607018067872716,125.0342929391616
state,Adamawa,deaths,10,4.206736436334934,0.27599008243251655,0.9798188269263609,2.2987275468593755,4.507869325021008,12.530243649658162
state,Adamawa,cases,11,6042.926818534363,484.2747015792964,953.0644717324506,3426.964092338278,7543.995255492985,16293.567207074617
state,Adamawa,hospitalizations,11,67.93760051480868,5.870448838351693,14.77385655525765,40.25549495185977,88.84692606534725,175.88899207609288
state,Adamawa,deaths,11,8.371235272063641,0.6170648332941092,2.051185565105204,4.2487859029547606,8.135165314125683,25.27306759785323
state,Adamawa,cases,12,15121.197999350585,1904.3623016813215,3238.1527177096864,8723.067408326302,19168.334329293695,43781.4867552476
state,Adamawa,hospitalizations,12,266.7041674306592,29.088521705375335,63.87658944858323,154.99247064553052,342.10239349361575,707.1439062171846
state,Adamawa,deaths,12,19.442406548182472,2.313262048846931,5.860504435500705,10.807150108621544,18.921082178856544,55.09144120662561
state,Adamawa,cases,13,41048.03948366713,3710.493821554221,7245.610273034725,22454.196892903925,48135.446256774565,110355.71924674514
state,Adamawa,hospitalizations,13,782.0505350614463,86.86962672578227,179.18251403776702,418.5686348534637,919.5338231844837,2308.309469859498
state,Adamawa,deaths,13,62.863562607310755,12.379375206615792,22.841783976949824,38.646845787357826,66.54334736816199,195.64412121600282
state,Adamawa,cases,14,63065.246026149915,0.0,3913.051390042643,36608.72974744616,76692.6919395503,209151.436739616
state,Adamawa,hospitalizations,14,1444.982057225123,104.64750452580712,284.4687163567532,815.7532009693422,1669.7865054877718,3944.5863045523306
state,Adamawa,deaths,14,81.18439081598203,15.273000190796568,29.947449443319705,50.804308290735484,82.37253026445345,212.80859723831048
state,Adamawa,cases,15,133651.57423286024,6158.741260159829,19363.303575662838,82798.28877551523,175022.648038004,339859.55478620017
state,Adamawa,hospitalizations,15,2109.8380114109013,129.99609598226345,417.877745410416,1223.596142131723,2618.3067265319596,6406.023124171448
state,Adamawa,deaths,15,152.40504278055272,30.480813912324475,59.3927626845888,97.64162872462461,160.2145547164418,382.26865423320766
state,Adamawa,cases,16,208011.23105309173,36057.81651860006,52797.11637515105,120310.90543584994,274147.25414629723,536915.1900208704
state,Adamawa,hospitalizations,16,3592.7311758567967,366.47549465402994,761.8462265809318,1838.2523692083046,3947.39295441968,11662.619445648099
state,Adamawa,deaths,16,398.2733536500732,60.302138662458354,123.36597500092485,210.53822503686882,359.14687149797135,1377.2096291902412
state,Adamawa,cases,17,212472.93976796116,18764.19903486183,38189.09463880172,131136.8231817381,285004.80653974763,532934.9707651421
state,Adamawa,hospitalizations,17,2882.229389471995,363.6067023721942,783.5575904893514,1759.3164517703708,3876.2326690205973,8002.120751790972
state,Adamawa,deaths,17,266.5162833557065,54.13046433513528,102.48864718835273,162.75266153611494,263.21062364231625,646.5568745247873
state,Adamawa,cases,18,124843.20810837724,6114.914417376577,17176.560273009833,74389.47788173714,163567.58805520274,365296.833792203
state,Adamawa,hospitalizations,18,1605.0297489974082,176.45536939105085,409.2033203744552,934.2737038407697,2027.4294590583154,4354.781993776083
state,Adamawa,deaths,18,130.42632854356856,21.996397476707354,45.06813291971626,77.97339027308551,135.45994256602822,380.44727918191853
state,Adamawa,cases,19,53331.32740440141,3044.0523643986767,7749.851594989275,29766.191077739823,63999.96211994527,159552.88887624833
state,Adamawa,hospitalizations,19,681.3649607340597,66.02849179729418,145.5676323316402,393.5582114885924,823.1735604056395,2005.8131755527386
state,Adamawa,deaths,19,66.75984076919298,12.634855779046664,25.577907228098244,43.24960076703879,69.36328989864953,169.80416353596735
state,Adamawa,cases,20,11033.604375787854,1057.3175292105102,1877.7172425014137,5511.971479209679,12388.926825497394,37156.812653785004
state,Adamawa,hospitalizations,20,166.23736977033371,29.675462113260807,49.00341961622971,96.68755578717219,211.2709741780293,454.57361872409
state,Adamawa,deaths,20,10.758316175676232,1.3643682858145891,3.149591414612821,6.012992421224078,11.113332920654603,32.53094873509579
state,Adamawa,cases,21,4618.800327287125,761.9811766392701,1094.077994181429,2319.3138358651217,5463.757719333242,13053.647292358855
state,Adamawa,hospitalizations,21,62.41058698361997,3.4062096199565297,10.428823658249145,34.932674647911114,74.40386319385496,207.65803998198248
state,Adamawa,deaths,21,4.95347103587737,0.22239012406245529,1.0968632480293468,2.665902782458047,5.293517105932938,13.383511136932883
state,Adamawa,cases,22,5431.924827589286,300.1748731864218,837.7172991275809,3285.1425080429876,6885.645180604724,14866.54258860592
state,Adamawa,hospitalizations,22,46.45596407698765,4.7713527595990275,10.107823443986854,25.845700685139505,58.611333816621006,127.06085993875638
state,Adamawa,deaths,22,8.118137241496154,0.7371474304725091,2.3813792993871656,4.660147251470835,8.464789341493312,22.59138333990239
state,Adamawa,cases,23,7160.891540544102,676.6493017199438,1314.977908928921,4145.121822850681,9352.716651573217,20742.070243953
state,Adamawa,hospitalizations,23,98.50718573566063,11.307955541084073,21.75972077819697,51.120670635314895,110.45929909481085,321.52608481015267
state,Adamawa,deaths,23,5.755146428567128,0.4282042214956898,1.7342851687980159,3.5709191108480516,6.744890325293505,17.206700726962993
state,Adamawa,cases,24,13037.35807186602,949.8783210901181,2168.4719092356863,7368.506711990811,16556.53228213475,41899.316480308175
state,Adamawa,hospitalizations,24,131.50075913193666,6.035867990066934,23.394169490194884,78.62510693467068,169.01461093794526,377.9217532580377
state,Adamawa,deaths,24,13.52699244247246,1.6820419617698754,4.234239881333365,7.832286192329902,13.406627563204989,36.92926549650097
state,Adamawa,cases,25,27749.24208705347,3008.305432217338,5055.201851397016,15414.09135072632,34509.04310471603,88747.35757394963
state,Adamawa,hospitalizations,25,338.7956102984559,37.590538481341554,78.5364370705774,197.1301572609005,430.03654846515565,915.066731480004
state,Adamawa,deaths,25,33.424307916570754,6.248538346299405,11.99660173262689,20.384922031938004,33.206557854325276,97.99449518155727
state,Adamawa,cases,26,37226.920606902095,1560.2830058104032,5041.623036899533,23238.140693890826,49084.69282425236,96853.65917284731
state,Adamawa,hospitalizations,26,561.44158429548,86.48270042576696,148.3153532396156,321.32009513629515,693.8665132242515,1388.641557416889
state,Adamawa,deaths,26,62.829219029989055,10.243819244882802,22.108340544217267,38.43184938152686,62.86080339109301,185.869011786405
state,Adamawa,cases,27,40465.52767716406,1958.0985742391583,5636.893073147745,24301.860253760547,51457.55206909991,103059.34453237298
state,Adamawa,hospitalizations,27,730.7164947581757,109.9118635781939,192.96012648534833,397.22084751023345,868.357233966183,1967.867797928957
state,Adamawa,deaths,27,55.798474404440896,9.680630748763011,18.66780680517847,32.44618570992094,54.25527901446327,153.189550188547
state,Adamawa,cases,28,46078.24706723633,2508.384385296433,6319.269741246899,28465.65538632014,60824.75837342645,115044.34516349727
state,Adamawa,hospitalizations,28,627.608959318615,31.09698770991495,108.97991836748619,351.4876740206024,744.8413219704773,1698.6543031196113
state,Adamawa,deaths,28,57.89689138326516,9.985217748496504,21.33631641506436,37.526300183360746,63.71182933240857,146.5071393874196
state,Adamawa,cases,29,36777.32739404726,1021.279885128014,4122.567808995194,22403.503624607325,46192.16840170084,108735.79073753994
state,Adamawa,hospitalizations,29,534.845749000003,42.61590632645035,110.5351390884694,311.68197844783515,667.8190645362673,1305.1933458998174
state,Adamawa,deaths,29,55.99088313406243,9.154062327995401,18.09587603491679,32.56138975398056,57.255924314760826,141.6570506765404
state,Adamawa,cases,30,37542.300345416894,0.0,3001.7157090420405,25235.02857332348,53101.26232807577,103069.84038957143
state,Adamawa,hospitalizations,30,741.8351870369116,42.99624290594756,135.6201465159399,408.1110482725438,853.6321187805597,2498.8489203329377
state,Adamawa,deaths,30,67.38354673644824,13.077088410148603,26.44506247459083,44.765057512867976,75.20323377602504,152.29282440101528
state,Adamawa,cases,31,23795.27511299516,551.2354587242102,2819.991854212625,14823.137247420978,31264.770384659318,60283.10296134719
state,Adamawa,hospitalizations,31,254.11337330588026,8.607160592471464,42.36341328586946,157.76846550910116,322.9827188374011,763.8948923392935
state,Adamawa,deaths,31,50.18930468313222,9.237065762817526,17.645818034995298,30.464275555415938,49.878629037052505,122.84747418576579
state,Adamawa,cases,32,7543.874741596004,206.9031735185411,786.8938354863772,3866.7787671249066,8356.371104184811,25247.91701650729
state,Adamawa,hospitalizations,32,125.30454251899381,12.71294066784632,26.747390204642038,66.3900274621678,151.27053000392317,379.54422518133384
state,Adamawa,deaths,32,19.190115346087193,2.5714272785142906,6.170306255173124,11.003712356008377,19.638865443859384,49.81305764303366
state,Adamawa,cases,33,2094.5007073775096,130.1535592721082,326.5570896220295,1303.2512400837268,2855.801788159555,5752.399762808069
state,Adamawa,hospitalizations,33,33.69222199234211,2.1056481863790677,6.577038940896548,18.896942675079252,41.32988415884799,91.50635611936568
state,Adamawa,deaths,33,2.6636267238247426,0.17566852482224404,0.3038206138673619,1.2017091268421614,2.7424385768205255,8.413038597195683
state,Adamawa,cases,34,1151.488172436976,81.2133379145769,179.12646809306833,654.0331244707717,1437.3502928461621,3197.36098213089
state,Adamawa,hospitalizations,34,13.792557228782677,0.687945389887541,2.276953180162957,7.164278956228119,17.173997671369303,43.99413983831648
state,Adamawa,deaths,34,3.4890239417608804,0.2370202537808881,0.6558169143093102,1.808029137306103,3.703661433868348,9.905367959322497
state,Adamawa,cases,35,858.0327356781082,117.68516843105792,183.06486801039648,495.01565928335225,1115.8107210937737,2418.2017451605143
state,Adamawa,hospitalizations,35,12.793261793245652,0.767240436625042,2.411563700825147,6.717175322609625,15.717856289653108,36.128541337378095
state,Adamawa,deaths,35,3.834230887812015,0.23369925748141784,0.6631317512503497,1.7846467054378574,3.7146075859320726,10.499075947741089
state,Adamawa,cases,36,876.4709372965109,0.0,70.82270540529984,491.941233055879,1038.0968721129695,2675.5213169336016
state,Adamawa,hospitalizations,36,21.972377631139082,1.697582884372624,4.117964312261027,11.328792250897276,25.472024610813666,60.53928392833972
state,Adamawa,deaths,36,1.9241841261670896,0.1626829265676168,0.1626829265676168,0.616954442714798,1.7804017962685998,6.918463079504742
state,Adamawa,cases,37,863.1526398653884,117.35154909672949,203.4999326715691,532.3829372853452,1195.3635621026242,2164.9233093590738
state,Adamawa,hospitalizations,37,8.411175465211349,1.2711106307840465,1.925697389921185,4.216604297218713,10.800812096683263,22.61930477812723
state,Adamawa,deaths,37,1.5250591458815843,0.10510446202037182,0.10510446202037182,0.3116839612886768,1.3472289546105705,7.357557123740035
state,Adamawa,cases,38,811.405361665314,77.06519245312688,154.65420314874362,481.73481404858524,1074.8814367783039,2226.9199761027608
state,Adamawa,hospitalizations,38,15.976571241411365,1.0594553570328906,3.3291413469528295,8.90520239591794,20.84833664232699,45.48782826587428
state,Adamawa,deaths,38,1.8655721076072111,0.15238199617766768,0.15238199617766768,0.7569681157352692,1.8224605034024688,5.893468503662518
state,Adamawa,cases,39,1013.5025429413561,57.37813732694576,130.7282056807132,536.9695516731883,1202.444978619432,2919.9211358109046
state,Adamawa,hospitalizations,39,12.344777341305916,0.0,1.2313752989338067,6.1405795462854185,14.298154655437001,39.44881768358003
state,Adamawa,deaths,39,1.8629198298916319,0.12573791508053078,0.12573791508053078,0.7391295615812132,2.052011972758046,5.88880144975282
state,Adamawa,cases,40,729.2533399872102,71.92027766139549,136.53785509501864,422.3167785948328,921.282463839897,1825.195717490656
state,Adamawa,hospitalizations,40,13.936476239143762,1.3370475456084887,3.1780521463486893,7.552931250799742,17.717379880136424,34.27323778077875
state,Adamawa,deaths,40,1.6531475801874358,0.1470373994905675,0.1470373994905675,0.6682212107352843,1.7670752190351307,5.8893870353728675
state,Adamawa,cases,41,634.9120811512959,58.13044510840171,109.02490152089473,356.3572907064559,786.4830494221403,1708.7361003621504
state,Adamawa,hospitalizations,41,11.633362996782362,0.0,1.1936222332089454,6.027167147591865,14.272442978347229,39.03435397289578
state,Adamawa,deaths,41,1.384968909460532,0.1059172227129821,0.1059172227129821,0.3560774368877053,1.2709913972140074,5.293945460902788
state,Adamawa,cases,42,743.010020113164,86.93732596874614,151.64958072658354,412.4977617222713,924.9683815247324,2191.208920076807
state,Adamawa,hospitalizations,42,10.602625897141367,0.7151529527220699,2.07458444825608,5.757878060655109,13.367465842736628,27.735942117153513
state,Adamawa,deaths,42,1.3640303773851152,0.15804108816033396,0.15804108816033396,0.42360360947437825,1.3808200672628945,4.300852603053733
state,Adamawa,cases,43,1047.2341997233223,96.93870477498623,179.39268812563026,563.0209196159398,1221.5268903569477,2822.0566328969826
state,Adamawa,hospitalizations,43,8.582124966196416,0.0,0.9089953582264108,4.907138529598423,11.912409108393264,24.83171307638433
state,Adamawa,deaths,43,1.6049374642479568,0.11382355693439478,0.11382355693439478,0.44141092552980915,1.4902279450155225,6.1063075134557545
state,Adamawa,cases,44,853.4491685128875,80.44317676257037,162.7587181737254,494.9748210942124,1076.025322456243,2333.084951877473
state,Adamawa,hospitalizations,44,10.68652687356293,0.44470639745386364,1.8427582875394921,5.843554778632057,13.018330384358286,32.80191612203913
state,Adamawa,deaths,44,1.4916369870219752,0.12464481844494568,0.12464481844494568,0.3860040634732181,1.2730988355867299,6.236053438341183
state,Adamawa,cases,45,774.2422025837502,0.0,64.13419107464921,488.926186685674,1056.1747612596218,2203.9621675367575
state,Adamawa,hospitalizations,45,11.62767140910028,1.0582129989526479,2.3923928216210193,6.0180835763173075,14.058937105836229,32.141076791897355
state,Adamawa,deaths,45,1.6875816490777742,0.13534421565276622,0.13534421565276622,0.6530175903399086,1.764731897141146,5.308697461611273
state,Adamawa,cases,46,823.5565921169003,22.92304664190467,109.0426326125731,510.0969836570936,1053.4205741695348,2431.1119225496345
state,Adamawa,hospitalizations,46,16.68209832216994,0.4309481411172959,2.5087601762222227,8.631408800417967,19.479837340081794,55.216511702222796
state,Adamawa,deaths,46,1.580819317664573,0.15502862633164827,0.15502862633164827,0.4401402512131202,1.3476790672234857,5.597707660418509
state,Adamawa,cases,47,732.8759709474642,100.35381270337034,156.35970164946096,401.74198663541995,902.410897030175,2114.957413310396
state,Adamawa,hospitalizations,47,6.211992430048192,0.04520177620550925,0.465433853605116,3.0916635938863375,7.49038474288283,18.677142511952916
state,Adamawa,deaths,47,2.1634312288765893,0.11189239031754239,0.11189239031754239,0.8344769931414506,2.0263446985573053,8.073083219984193
state,Adamawa,cases,48,1065.351288482018,165.0453556257097,254.61683143796603,574.5005186662412,1311.9174438690682,2783.1817854914184
state,Adamawa,hospitalizations,48,11.492675459214402,0.11842458855946258,1.5501643960966662,5.897436804355381,13.80116539263231,38.87795745056745
state,Adamawa,deaths,48,1.2175670782571915,0.07253617297499482,0.07253617297499482,0.256479454623314,1.140924396497208,4.3920761063180045
state,Adamawa,cases,49,792.0930652828263,41.17489582612471,119.4145353825528,463.07610311878096,1013.5160939960487,2129.3779516013983
state,Adamawa,hospitalizations,49,5.161772417372734,0.5560222533054409,0.6502948151207619,2.3148008686239767,6.284618545584232,17.114185939182263
state,Adamawa,deaths,49,2.3020441476819404,0.18047342078982387,0.18047342078982387,0.9135579502400069,2.1879071417466758,6.764877908399226
state,Adamawa,cases,50,980.3536213984333,0.0,72.50674602909115,623.1024859835056,1260.4459680579612,2947.748901776595
state,Adamawa,hospitalizations,50,9.798740957001161,0.5575549839645708,1.7289731534577637,5.301950604884447,12.234253737704908,29.469167799740553
state,Adamawa,deaths,50,1.4993520930785038,0.1224135134533009,0.1224135134533009,0.3694300271127575,1.1396967714416046,4.736400867526418
state,Adamawa,cases,51,807.8419739471495,80.54083991021324,135.390951808883,406.75251376005946,908.7005423530894,2578.5758227317315
state,Adamawa,hospitalizations,51,14.664330627845432,1.2038886476634645,3.134015426930075,8.014721088032793,18.600823311652398,42.43066931264718
state,Adamawa,deaths,51,1.1624605528185117,0.12837167593821655,0.12837167593821655,0.2107719537437781,1.0885213245739551,4.1820548215890065
state,Adamawa,cases,52,924.9217930266008,152.07515050553198,230.25573007338915,531.541062633322,1207.1112056101683,2090.0531670318533
state,Adamawa,hospitalizations,52,18.58290514477445,1.0092720872026972,3.27430231615252,9.893845984058872,23.433671367181276,64.06454696339402
state,Adamawa,deaths,52,1.2419229116675357,0.09575731935289875,0.09575731935289875,0.2471541250289537,1.0853545170592032,4.2854013869617935
state,Kogi,cases,1,2302.478879492521,36.79665515378132,272.4813129255172,1420.4339101541868,2968.8247893913094,6680.051941462983
state,Kogi,hospitalizations,1,39.970751638955846,4.288748045219161,8.883465627194086,20.928181058637886,46.90859163594105,119.72786078770285
state,Kogi,deaths,1,5.779326910229507,0.36843899601776453,1.3684728745590156,2.9338371506091656,5.339464142002096,17.147836372832753
state,Kogi,cases,2,2898.16427582903,130.9401806667531,362.7629225048256,1600.3269199560646,3587.6814392021697,7505.286804855134
state,Kogi,hospitalizations,2,42.229061667615795,6.234555516841384,10.643072262931813,22.31260532017781,50.07580282951118,118.80596498487854
state,Kogi,deaths,2,1.645816936400403,0.15706344723632243,0.15706344723632243,0.5527140287083677,1.570992147847201,5.803934664461143
state,Kogi,cases,3,1576.4915596264943,0.0,138.7392916744207,929.5733744087929,1960.7680749185583,4675.2925898534195
state,Kogi,hospitalizations,3,13.861986396899274,0.5956257008511833,2.5536990798426995,8.04409504800367,18.084160163565244,39.149710290423315
state,Kogi,deaths,3,3.479827174825283,0.23542890750178835,0.6984592774197985,1.8073635509210058,3.466006747713264,9.940560966109416
state,Kogi,cases,4,1564.1601362616445,102.56278993414355,259.34154407935284,907.209089559599,1958.8879322233179,3987.4299984605846
state,Kogi,hospitalizations,4,13.804266745518055,1.0573135709343076,2.5728512070442857,6.808879154150048,16.14494767730993,49.50273684101486
state,Kogi,deaths,4,2.4613172031017525,0.24764384040037668,0.3545552425506735,1.1925841274329854,2.541273091493202,7.627791197989662
state,Kogi,cases,5,1077.63758362568,125.79366386628446,209.35759238477138,554.3063069238859,1237.607425060014,2907.841742255458
state,Kogi,hospitalizations,5,14.717132523371449,1.120994320170844,2.9460069117042296,8.15018600663604,19.031868923608144,39.15550293307662
state,Kogi,deaths,5,2.2364968664571325,0.1489103599343612,0.1489103599343612,0.9637656073285366,2.271543741443505,7.689707589953509
state,Kogi,cases,6,1167.0303923238114,35.45122616089552,144.0366890811638,642.2922864529372,1366.8368444215432,3602.048797736597
state,Kogi,hospitalizations,6,23.429106561382817,1.2896572550053718,4.202212821490019,11.909724559416293,27.733512098193597,83.0149575686601
state,Kogi,deaths,6,2.6329884739230325,0.23986704749314414,0.3877574844569124,1.2573426666703331,2.6737039651943366,7.581303941594594
state,Kogi,cases,7,1125.8614529867302,111.40949784940356,211.2948248511119,644.7752590254478,1335.0354048439472,3165.2242308627106
state,Kogi,hospitalizations,7,22.708875844348327,1.6717731059386307,4.651013510576969,12.58622027726871,28.352614109698273,63.139669433358925
state,Kogi,deaths,7,2.1976025892151165,0.24573853188214145,0.24573853188214145,0.9701917542748926,2.1476901900703003,7.454473063234082
state,Kogi,cases,8,1042.5221194079654,16.29644521186109,110.02153728396544,612.6397603957673,1282.8162128647004,3104.2691394165417
state,Kogi,hospitalizations,8,17.94303981879171,0.6437096930003127,2.9120811036786423,10.249460394530333,22.922116441487024,49.86730852504464
state,Kogi,deaths,8,2.0820739667290398,0.14117434242565446,0.14117434242565446,0.6203881871984983,1.715631287835357,8.565352743391934
state,Kogi,cases,9,2153.591390970913,268.88728161822166,451.73801036215303,1236.329535094197,2735.7524184572667,6088.721311072963
state,Kogi,hospitalizations,9,24.22848696011291,2.732865695122896,5.881479519270106,12.89707895974426,30.18897785929228,62.013474821175734
state,Kogi,deaths,9,3.0390421030812815,0.20250006944191523,0.42221904363615337,1.404000926538091,2.9786403072281393,9.581399863753102
state,Kogi,cases,10,2686.4839261574907,160.46096501372176,362.01955804577955,1468.469877071638,3068.5712246863077,8061.621440876457
state,Kogi,hospitalizations,10,34.39944827395963,4.685585026773089,8.386452761528023,18.77473355607979,39.99154953980242,101.08744083282404
state,Kogi,deaths,10,3.6820943837944298,0.24765674274675664,0.7765692070662623,1.9600778124480263,3.9424275122024186,11.141219138422004
state,Kogi,cases,11,3977.84116627705,318.4663035421641,627.0802381276991,2255.699172016545,4966.025350118379,10726.048281153486
state,Kogi,hospitalizations,11,54.827063681429934,4.563828476105336,11.773988184038174,32.40953451653187,71.75985856156089,142.24828470138988
state,Kogi,deaths,11,11.045249177716789,1.0798481006020786,2.924395838379066,5.750921277837176,10.749532755941551,32.79208341886345
state,Kogi,cases,12,5674.984792957283,714.1610797505562,1214.7876499551178,3273.5024198546316,7194.042026883764,16432.373576467602
state,Kogi,hospitalizations,12,137.23476914325684,14.536851337519002,32.500413726468096,79.55004662322484,176.16825484001413,364.66524285241894
state,Kogi,deaths,12,16.003245268542035,1.75559572777698,4.705789772782974,8.819848812701677,15.568097583423995,45.65050137148753
state,Kogi,cases,13,17583.062684345656,1588.8822684204015,3103.2102541952695,9618.070134667912,20619.07537880499,47272.20037891778
state,Kogi,hospitalizations,13,260.1365813270739,28.303311725412847,59.08838973214898,138.9203678841791,305.9853666129914,769.1229399428544
state,Kogi,deaths,13,59.546265444160234,11.684403588910397,21.603358196704843,36.58744972975029,63.034909293828164,185.42973669331116
state,Kogi,cases,14,46476.9066925835,0.0,2883.5351116132515,26979.241279364418,56519.88467762195,154137.8927569314
state,Kogi,hospitalizations,14,462.0382784506249,32.83087526833555,90.4139579484155,260.54404489751005,534.0260767718135,1262.4717566580687
state,Kogi,deaths,14,59.809825191703645,11.040708547230173,21.89861824237542,37.331012739272396,60.68895262025258,157.2011291129102
state,Kogi,cases,15,72028.80494001729,3318.6886874534907,10435.064893880877,44622.28053534882,94325.04388541031,183161.1153201088
state,Kogi,hospitalizations,15,1118.4128118843964,68.46939832899439,221.13780287778368,648.4236072609136,1388.0617194874271,3396.7504304892295
state,Kogi,deaths,15,172.10019072123333,34.52252777034423,67.14638260516017,110.30588953135907,180.91233914242935,431.4752038311034
state,Kogi,cases,16,167554.0978077762,29044.59264625467,42528.19892507115,96910.96032409529,220827.06046914504,432488.20641865453
state,Kogi,hospitalizations,16,2513.4780551363374,256.1169132837645,532.7516921320641,1285.8964020741453,2761.629409690391,8159.853916000371
state,Kogi,deaths,16,259.6213800617333,39.014310579182066,80.17855033689676,137.07929740594682,234.08199036236837,898.6114874440846
state,Kogi,cases,17,226853.00605780724,20034.212695634316,40773.76969646396,140012.12616015942,304293.7715559209,569003.6509817161
state,Kogi,hospitalizations,17,2769.6926568733315,349.37556033460004,752.9351405061669,1690.6086817451117,3724.8985095917214,7689.747042197209
state,Kogi,deaths,17,201.73777263208757,40.78073724438069,77.42908685964679,123.10029567532828,199.23257153193163,489.75232635161825
state,Kogi,cases,18,228299.6910887194,11183.079178003285,31411.34181309423,136035.7294144908,299114.37588655046,668013.562969885
state,Kogi,hospitalizations,18,2610.1745725098167,287.51703936276016,665.9319048352224,1519.6212184616488,3296.936061850286,7080.878273204125
state,Kogi,deaths,18,135.08563349259796,22.81166204173361,46.701332919168586,80.77314213573483,140.2976983854901,393.9702864467599
state,Kogi,cases,19,113675.75401510012,6489.4662684512405,16519.780206347394,63447.15342272903,136415.72985481034,340084.82113693707
state,Kogi,hospitalizations,19,1665.7314590690423,162.72249801971014,357.0032647421024,962.7402583136897,2012.1104026550188,4900.803059421136
state,Kogi,deaths,19,74.27937011238592,14.147959956342214,28.527343811975367,48.16012250993521,77.17173243733154,188.7588556525427
state,Kogi,cases,20,46481.005340252515,4457.041210103056,7912.880908171681,23221.7600564962,52190.14571354892,156522.02406011906
state,Kogi,hospitalizations,20,522.4701581434765,95.01734962469689,155.51584337979472,304.77209117068895,663.4299690603838,1424.992256198466
state,Kogi,deaths,20,12.84387210342691,1.7842810434782184,3.886560517329006,7.258502693349785,13.264665715011223,38.486058704599046
state,Kogi,cases,21,7682.552626572888,1267.9738968079823,1820.3101871084282,3858.096109139443,9087.867603207502,21711.208837192098
state,Kogi,hospitalizations,21,126.57061903236749,7.864495907433051,21.992723742980516,71.2900349354405,150.69891910252875,418.7821939963755
state,Kogi,deaths,21,2.894928030598558,0.14385268449647826,0.35635252924412486,1.371283160989646,3.0709511469075235,8.30395042610662
state,Kogi,cases,22,3600.4194297679314,198.64514041191842,554.9754410408141,2177.3436828268605,4564.072874448848,9854.51216898881
state,Kogi,hospitalizations,22,48.18165757522806,4.9812360856886935,10.511775000433168,26.821982188922743,60.7791834586768,131.71797246426368
state,Kogi,deaths,22,3.1553114936343576,0.21862610333244037,0.5224784620171046,1.548502110890508,3.261556200620335,9.622107088282032
state,Kogi,cases,23,6132.576295833859,579.3513876729359,1126.0278057623634,3549.8153660680005,8009.695834647799,17763.74877214644
state,Kogi,hospitalizations,23,68.46806032023606,7.59244276305967,14.889040014573583,35.38653696069353,76.81208216799891,224.16224681462205
state,Kogi,deaths,23,8.366023306979912,0.9287808124357345,2.7979662695565795,5.3490804843534105,9.757777774075592,24.289401423814976
state,Kogi,cases,24,7354.123266859392,535.4039877454624,1222.8299660482953,4156.243571918758,9339.339501250975,23635.564583854863
state,Kogi,hospitalizations,24,107.65399976609825,4.769485954291268,19.003476250403732,64.29342743739448,138.41377399569944,309.71983389740456
state,Kogi,deaths,24,14.920569294724457,1.9395256722018992,4.73674190223673,8.68021096487817,14.789705073796366,40.570583623960744
state,Kogi,cases,25,11012.654682857557,1193.3481704309852,2005.7306448505576,6117.018448596201,13695.518273734062,35221.891422855784
state,Kogi,hospitalizations,25,167.2598064726118,18.10924196707883,38.38480987809644,97.1099840808001,212.4404448711597,452.6174284871978
state,Kogi,deaths,25,27.11013581179315,4.91892039222312,9.612601789451887,16.46223101179565,26.9319613360521,79.83568138217736
state,Kogi,cases,26,19664.60500017848,823.7455834389955,2662.758628738739,12275.043855518239,25928.449187741535,51162.339440072785
state,Kogi,hospitalizations,26,330.21945487235325,50.51818989714218,86.93117593900482,188.8129320206217,408.2039318313949,817.3539979394244
state,Kogi,deaths,26,33.88811836773249,5.145707290207567,11.630681252887353,20.552872643404235,33.905381917960895,101.13987107381365
state,Kogi,cases,27,25064.33815716346,1212.4835033187746,3491.162327971134,15052.413028414376,31872.895913978464,63835.516232958085
state,Kogi,hospitalizations,27,482.89849320391613,72.34819434631407,127.26964216369045,262.35126986070367,573.9230181167238,1301.050954926747
state,Kogi,deaths,27,54.42803823336172,9.422928004780482,18.1932610689728,31.639194621478534,52.922077131868825,149.4692577159681
state,Kogi,cases,28,41733.68741228294,2271.788264496021,5723.366095733969,25781.69023692722,55089.830492221095,104197.3491666618
state,Kogi,hospitalizations,28,510.02587721066794,25.093145910960384,88.40783113899015,285.5537536780567,605.3293732261183,1380.728657228222
state,Kogi,deaths,28,75.51096799901332,13.27052640432266,28.016356386755064,49.0482190353266,83.06495804660307,190.62155686375695
state,Kogi,cases,29,55590.16888093042,1544.1964678164625,6231.855117229525,33863.854789340425,69820.89681118474,164356.83136660422
state,Kogi,hospitalizations,29,738.037882531505,59.15501124408886,152.82914425210623,430.25064944361174,921.434536756178,1800.500462273029
state,Kogi,deaths,29,91.89508962316368,15.551112706561183,30.126261221879247,53.7050359219748,93.9571056403841,231.53086773194556
state,Kogi,cases,30,26416.440444029835,0.0,2111.866735650183,17756.380477921884,37364.50993585578,72524.99685639616
state,Kogi,hospitalizations,30,487.6841413153987,27.943516154299974,88.87738853383772,268.13916853973683,561.2311566191704,1643.5590084508094
state,Kogi,deaths,30,47.872856208485636,9.060717095514976,18.61463913422121,31.707707949393818,53.46148766326364,108.55644335935442
state,Kogi,cases,31,25054.70457964984,580.4628118304933,2969.2943369315835,15607.712534974888,32919.527783401485,63473.6709267144
state,Kogi,hospitalizations,31,528.4296223484113,18.93824012010962,88.99434725789146,328.50045524402,671.3781892443851,1586.4261581571773
state,Kogi,deaths,31,31.454781855041997,5.4903759871118885,10.821587595338796,18.94858519503516,31.257429991186548,77.5202216282843
state,Kogi,cases,32,14487.607586954333,398.2421093543568,1512.0139261622367,7426.400589271104,16047.88666114729,48485.18093693752
state,Kogi,hospitalizations,32,225.0439698697519,23.541694901291613,48.658785901854245,119.60618750025752,271.51462544256356,680.0501479632993
state,Kogi,deaths,32,11.953076397845626,1.2904484441772337,3.5985023705333865,6.698290388151999,12.236236820461365,31.58772466754255
state,Kogi,cases,33,5595.18375538419,349.2551220710669,873.7650391460322,3482.097827021875,7628.297020972717,15363.872653322933
state,Kogi,hospitalizations,33,78.73074810809683,6.137774002774408,16.414461756338667,44.72954553698412,96.28762839739105,211.60922814636143
state,Kogi,deaths,33,2.0786597272197915,0.14583228304864526,0.14583228304864526,0.8277620814618172,2.1068079064209915,6.8142906388216105
state,Kogi,cases,34,2034.9919163290874,144.23853295133375,317.2124048864817,1156.1851045813723,2539.997503594343,5649.242024914965
state,Kogi,hospitalizations,34,27.4011666068606,2.2030220161547027,5.297223022414567,14.689050950071195,33.92442834955742,85.46389425969677
state,Kogi,deaths,34,2.325804159799766,0.17318190040107873,0.20984394946023466,1.0517226465795195,2.4367907930502257,6.968147521749013
state,Kogi,cases,35,1262.967926657931,173.63158275153768,269.8302954322388,728.8300267443728,1642.2586011939798,3558.5772861717637
state,Kogi,hospitalizations,35,19.30320087491345,1.5894797644374972,4.0259403215340255,10.368998507303255,23.628866814199107,53.69803566679334
state,Kogi,deaths,35,2.6390977398233373,0.17411269979191402,0.23908121249754927,1.074642260637029,2.512518884709512,7.567143858095735
state,Kogi,cases,36,829.4886240651181,0.0,66.97685734557655,465.5459994872248,982.4569645526892,2532.2032080507615
state,Kogi,hospitalizations,36,16.673197556989606,1.0747765877036963,2.936350795112572,8.48237389294286,19.36027779157781,46.33135958796107
state,Kogi,deaths,36,3.1583223147505834,0.23815118694787518,0.4400842797204889,1.3670561373452814,3.0702242204756227,10.59182110240179
state,Kogi,cases,37,572.1323214372862,77.49434804720812,134.63057698242125,352.7557914641191,792.464712134268,1435.5062340623829
state,Kogi,hospitalizations,37,12.737091097003189,1.8605379709192116,3.2823739755917365,6.635598459474046,16.272972518544016,33.57182429456466
state,Kogi,deaths,37,2.033347864344996,0.12966319258950315,0.12966319258950315,0.6181723099079367,1.8956829628635383,9.310385668528868
state,Kogi,cases,38,737.246974665177,69.939207044424,140.4456993894371,437.6695766093941,976.6722967114295,2023.5498857644975
state,Kogi,hospitalizations,38,11.416043127421174,0.6202941070449572,2.1629052092163774,6.23681990158238,14.962569073280486,32.96437824576582
state,Kogi,deaths,38,2.3832487679437477,0.1826112313932815,0.25294730939943594,1.1055119317315505,2.3823745653278285,7.2609809793862
state,Kogi,cases,39,1018.2604969062722,57.65192716797844,131.34600279011485,539.4925954833758,1208.0890608816403,2933.620074661314
state,Kogi,hospitalizations,39,22.22803120476249,0.2687712419897199,2.891807153864014,11.454094375897732,25.68196056369179,69.54797016957015
state,Kogi,deaths,39,2.2971407016346257,0.14687176729529716,0.18074744587314256,1.0314400163334556,2.564989859727586,7.046661524676927
state,Kogi,cases,40,826.6235848456765,81.64329418489633,154.87682582556633,478.7608318123065,1044.2574157029496,2068.696314385786
state,Kogi,hospitalizations,40,14.879173627710315,1.4849418762135396,3.4424499445784855,8.094182559282942,18.901863427873774,36.50541825124615
state,Kogi,deaths,40,0.9559174159856666,0.10212857444349568,0.10212857444349568,0.158705572181494,0.921942638247694,3.785199406068578
state,Kogi,cases,41,1001.1273518987551,92.1830643409007,172.38711823879123,562.1557034881541,1239.9864922739373,2693.3556530639044
state,Kogi,hospitalizations,41,15.051485479548903,0.0,1.7903438470797481,7.938737179008248,18.426939903033123,49.92472696024225
state,Kogi,deaths,41,1.9207841477419965,0.13342271568708097,0.13342271568708097,0.7082352584133353,1.860741924279636,6.9284112089647785
state,Kogi,cases,42,597.6313808863486,69.75448105943053,121.82204114425474,331.7008096686221,744.0353031602137,1762.8540040325604
state,Kogi,hospitalizations,42,12.170228573205794,0.8123182449751196,2.492317319713004,6.676046956238521,15.319522409421568,31.640192534287856
state,Kogi,deaths,42,0.9879206303761221,0.12714184554493527,0.12714184554493527,0.1452691976492733,0.9153364532337809,3.264461797619286
state,Kogi,cases,43,821.2204916698911,75.82177324004152,140.49754393002848,441.4102533204193,957.9332814501456,2213.3668021184294
state,Kogi,hospitalizations,43,10.24656890217667,0.0,1.2445282245214844,5.945401464024666,14.181947177327626,29.37200108309998
state,Kogi,deaths,43,1.2314414113625691,0.09456718456167013,0.09456718456167013,0.19755678609087243,1.0689376788026808,4.904080950170026
state,Kogi,cases,44,793.0864130228915,74.68960505062898,151.18994635119586,459.9365672598617,999.9386240408068,2168.192990558964
state,Kogi,hospitalizations,44,11.14785156179609,0.462355538634851,1.9555793367698806,6.115156143396414,13.57467833323384,34.14341872519815
state,Kogi,deaths,44,1.8585923665478516,0.14585867661660046,0.14585867661660046,0.6218942833369883,1.6599676754622452,7.467589680910989
state,Kogi,cases,45,644.8150195470953,0.0,53.258801803713766,407.1237123427417,879.6593725457319,1835.801889440041
state,Kogi,hospitalizations,45,15.991648088306444,1.6926001621419922,3.5688985520559258,8.45200440399521,19.281482586524184,43.63463570699352
state,Kogi,deaths,45,1.028792954352543,0.0968409305818252,0.0968409305818252,0.18276027493733005,0.9782094745393832,3.5139729835890288
state,Kogi,cases,46,836.6026611793651,23.301565748534937,110.78376699279062,518.1837452034471,1070.1039983053329,2469.5936780688544
state,Kogi,hospitalizations,46,19.193519990547525,0.6344023234663053,3.0076405424629384,10.000815801309061,22.39168888867371,63.20945295162331
state,Kogi,deaths,46,1.485574914718432,0.14833283579697654,0.14833283579697654,0.3779396261360213,1.2462812309094782,5.312748233579142
state,Kogi,cases,47,644.4576871380855,88.14258010884957,137.40081034983393,353.2191344287862,793.5668358368731,1860.0242495264704
state,Kogi,hospitalizations,47,11.705034292775252,0.09220359489653163,1.5971219890425856,6.251469907908039,14.047124001486676,33.87290768777905
state,Kogi,deaths,47,0.8965749534612305,0.0,0.0,0.0,0.6609927665854076,4.107125309954909
state,Kogi,cases,48,636.7151220062201,98.30089208421431,151.8677468748188,343.16930653155373,784.1702501273589,1664.0374470402269
state,Kogi,hospitalizations,48,7.726205717848747,0.08244308467520334,0.7753358639495873,3.80175589732207,9.3040571776509,26.761648680928584
state,Kogi,deaths,48,1.5560275891493742,0.08568573388209788,0.08568573388209788,0.4842575746902293,1.529037176571058,5.369566788107987
state,Kogi,cases,49,705.3894535367375,36.564158930755106,106.25031220779806,412.34135276561585,902.604930046321,1896.4760788136923
state,Kogi,hospitalizations,49,17.461771024699154,2.002096806314985,4.010207758275433,9.063560084506898,21.11571654879887,53.99371027272698
state,Kogi,deaths,49,1.5323433047970114,0.13385382138339724,0.13385382138339724,0.4192507847263457,1.3644121736638375,4.759067324518524
state,Kogi,cases,50,684.5292430215065,0.0,50.34625172275457,434.9507810810128,880.1507203015638,2058.7728991825575
state,Kogi,hospitalizations,50,13.554916727983572,0.790037635499886,2.6840837769690298,7.507564084057699,16.866097155845463,40.13304179872307
state,Kogi,deaths,50,1.5728900318730314,0.12663686227597754,0.12663686227597754,0.41667628718314664,1.2135177539918711,4.93431056856209
state,Kogi,cases,51,708.8500035968401,70.56127818279651,118.69843399650043,356.84879207827953,797.3647660001158,2262.8685503777865
state,Kogi,hospitalizations,51,9.992948550113441,0.7386670651619118,1.8966869531973887,5.316576564352441,12.734213179014121,29.431684494220253
state,Kogi,deaths,51,1.3540253577818835,0.14255449587472002,0.14255449587472002,0.3445410307509304,1.319266320800664,4.7545810420230135
state,Kogi,cases,52,967.9812746018814,159.19382583261438,241.01015007221426,556.3065906155338,1263.2937499574819,2187.296439624481
state,Kogi,hospitalizations,52,15.354452309502893,0.6775285936877007,2.5685880469249174,8.095203307646972,19.39951812811909,53.32197991581362
state,Kogi,deaths,52,1.5647114557475508,0.11231463901765582,0.11231463901765582,0.4627985233774922,1.445931458713627,5.199295812075809
state,Abia,cases,1,1740.459960632181,27.574618238872283,205.7543829081481,1073.6170836860247,2244.21480136067,5049.936594379555
state,Abia,hospitalizations,1,26.787780712600675,2.5869295306010196,5.7031543986878495,13.872109527451444,31.49251819885866,80.87993175760279
state,Abia,deaths,1,2.4623162246301598,0.18437279892038672,0.185423563851451,0.9685553749577573,2.172369809247873,8.08146917827081
state,Abia,cases,2,631.0832848616296,27.765832268744386,78.30823772927246,348.1241360600026,781.4106941825464,1635.5339663655593
state,Abia,hospitalizations,2,12.064528408049993,1.2077676896045917,2.51429472402926,6.036576260108809,14.416500074535449,35.16171583801314
state,Abia,deaths,2,1.0597204649837495,0.11577147248671735,0.11577147248671735,0.14450556521835772,0.8950784026802185,4.015180480681074
state,Abia,cases,3,1072.463233596979,0.0,94.0890815693904,632.2318308269928,1333.9339492201207,3181.0997672933213
state,Abia,hospitalizations,3,17.301738604601486,0.9659104404372889,3.3783790393375743,10.14288950703975,22.51287629205053,48.46694866996074
state,Abia,deaths,3,1.167707237251104,0.10625364180806851,0.10625364180806851,0.2670177351195587,1.0155956476174772,3.9376878073628063
state,Abia,cases,4,913.3079299780808,59.49750303096953,151.0817791993004,529.5417339888733,1143.8931242142037,2328.8914221422365
state,Abia,hospitalizations,4,15.302688904496575,1.2150030606038298,2.935769060520761,7.602078057897795,17.886472092529917,54.6326299675162
state,Abia,deaths,4,1.1426628321094867,0.14321112978093076,0.14321112978093076,0.2679598633333758,1.0478995943352323,3.9894062496382996
state,Abia,cases,5,795.2654359993423,92.60086610469688,154.2889335201949,408.9349265298542,913.3574230301406,2146.3478889587104
state,Abia,hospitalizations,5,12.040025651550406,0.7587726717169466,2.2721111285920683,6.5875248399071635,15.610842985859623,32.29777949242981
state,Abia,deaths,5,1.9617040870913671,0.13506377485563414,0.13506377485563414,0.7811628148261343,1.967335835595708,6.881686069445555
state,Abia,cases,6,780.7926302309239,23.397552663548982,96.07602823524667,429.56871029560745,914.5212310174101,2410.5943975135524
state,Abia,hospitalizations,6,16.970236367235813,0.6836816269988243,2.8254066752274283,8.493065393428811,20.12896429940274,60.77974460684375
state,Abia,deaths,6,2.4683086681369923,0.2284197762573542,0.3215289778733644,1.1496145979441132,2.4983823186026823,7.171774934576675
state,Abia,cases,7,932.5738505903222,92.12819022431123,174.88044792138635,534.0071151927576,1105.8687407127518,2622.1300566758273
state,Abia,hospitalizations,7,13.199824939990545,0.5989651762835599,2.3819390553922384,7.130889951839057,16.56653949767509,37.38540690986195
state,Abia,deaths,7,1.7577207219728541,0.2081350418687209,0.2081350418687209,0.6687083630095307,1.6660232096375427,6.160749645229243
state,Abia,cases,8,1365.1605238147843,21.64437144242573,144.34853246280198,802.3723979719397,1679.7621931459885,4064.394187091761
state,Abia,hospitalizations,8,17.37653463925443,0.5945092229782777,2.7949824275042756,9.912735034047191,22.20606580440971,48.34471880080944
state,Abia,deaths,8,1.6726544591772536,0.12002676578245314,0.12002676578245314,0.37765793755299937,1.3088362583177444,7.132485929320079
state,Abia,cases,9,2233.115774762214,278.84862271228656,468.44823738887686,1281.998458323674,2836.7639376618877,6313.488446388399
state,Abia,hospitalizations,9,33.822442208516485,4.152912802928416,8.499314150055211,18.18376977466254,42.05380810549278,85.98489784598412
state,Abia,deaths,9,1.8618532316232923,0.13971443701485786,0.13971443701485786,0.6586346708923361,1.7450533332703215,6.30061144604898
state,Abia,cases,10,5784.237653687982,346.5706761165905,780.4579407647834,3162.270073750326,6606.745382059293,17355.088421987355
state,Abia,hospitalizations,10,45.489611301375,6.4669116711083445,11.327282653468608,24.970271851998618,52.83443888962212,133.07202598126204
state,Abia,deaths,10,6.769662416417657,0.6352887021546645,1.965996431249234,3.941873467704104,7.251422069342238,19.269861985867138
state,Abia,cases,11,10849.23703303496,870.1795652660658,1711.764891750406,6152.983007958122,13543.999698569318,29251.49127856772
state,Abia,hospitalizations,11,190.20831949776348,18.056174957734246,42.751052856585815,113.42803057961154,248.20333195096458,489.6269823716507
state,Abia,deaths,11,12.773025605875425,1.3786692564426655,3.488231485828968,6.720856581597167,12.437641112364751,37.647144431522584
state,Abia,cases,12,42562.45202626589,5361.897438834732,9116.029238203737,24554.056389564073,53953.65937791469,123230.67403823379
state,Abia,hospitalizations,12,507.0111062791539,56.097740930055856,122.11361565161315,295.02044803572477,650.0911957725293,1342.8153490659217
state,Abia,deaths,12,46.10929875840312,6.636253860694534,14.81177483384881,26.212576087103994,44.91319323820085,128.2769718033866
state,Abia,cases,13,122056.62360587671,11034.973596094796,21546.49636654677,66768.6005759272,143130.73494039115,328140.14701899746
state,Abia,hospitalizations,13,1614.7457990884582,180.31011204597715,370.7884441556173,864.7375595057433,1898.428697296598,4764.0271695783795
state,Abia,deaths,13,144.75007429159356,29.53454662919364,53.411962690706034,89.4824360405046,153.14811662394777,447.78322013555527
state,Abia,cases,14,235751.68878658663,0.0,14630.429441634791,136852.7671834813,286693.8413316006,781848.4995969734
state,Abia,hospitalizations,14,2572.006203908944,186.99104955289184,506.96811380730264,1452.34517994605,2972.0272395476095,7019.846482115615
state,Abia,deaths,14,214.45489725880373,41.661356364507455,80.13194578715317,134.81036264338022,217.56972794937525,559.5213945574554
state,Abia,cases,15,249594.9566578757,11502.306720186749,36161.80522923745,154626.53625033674,326855.37620676804,634688.0297299619
state,Abia,hospitalizations,15,2626.1215933990825,162.036056099783,520.3298540509936,1523.1166069193282,3258.9554605598732,7973.098568910479
state,Abia,deaths,15,265.1898086253647,53.62579116567797,103.79406445826248,170.1638404890219,278.7409439074401,664.0512126148443
state,Abia,cases,16,267618.30705233966,46390.67341737808,67926.71389669064,154786.95934201978,352705.97993482393,690771.5473214762
state,Abia,hospitalizations,16,2015.0437680837724,205.14972146438618,426.94836504097844,1030.8004033764914,2214.005135381576,6542.162564487972
state,Abia,deaths,16,220.16169328448393,32.95589679253076,67.8876163829504,116.17323887471383,198.4891249402217,762.40475142208
state,Abia,cases,17,73771.5541553625,6514.418613441851,13258.888850445528,45531.0411202255,98955.16526199873,185038.38792469542
state,Abia,hospitalizations,17,917.905372806454,115.20270624128456,249.0439915773662,560.025165489039,1234.7011704282709,2549.650560407303
state,Abia,deaths,17,74.5780733509789,14.57532956546849,28.237370039994815,45.26301812267055,73.64416611677967,181.94625040334407
state,Abia,cases,18,42324.80712074551,2072.472223896715,5822.690730400272,25219.52780397596,55453.49149367666,123845.55181991031
state,Abia,hospitalizations,18,579.0137295012684,63.08757414660755,147.14392937161938,336.7718186153134,731.5623552820953,1572.0800507784447
state,Abia,deaths,18,44.78660148987088,7.011508265408832,15.04926284789125,26.512829762184634,46.54005312668136,131.88898981151226
state,Abia,cases,19,5437.8592315170845,309.53601509765576,789.4358545888543,3034.673542434219,6525.851219870095,16270.388112811224
state,Abia,hospitalizations,19,109.70457980362555,9.874475458569412,22.77863618998193,63.011787715368854,132.71112665546656,324.57857177330914
state,Abia,deaths,19,9.35890073100972,1.08226318629203,3.0588766530850156,5.757630310026402,9.74561334543106,25.08456059673959
state,Abia,cases,20,2220.8060773144716,212.09113023460492,377.27775648251117,1109.0310549824208,2493.6988383900502,7480.686806555547
state,Abia,hospitalizations,20,24.304400289696844,3.6410266000299454,6.56523894161842,13.779583213000263,31.115416352558437,67.92575163053175
state,Abia,deaths,20,2.6409822803188843,0.16948753340143308,0.261971323208037,1.132787168947296,2.6838997498659247,9.197412592149849
state,Abia,cases,21,3027.9051142822227,499.2375480112658,716.9720122366889,1520.280130372802,3581.889179567992,8558.090252326127
state,Abia,hospitalizations,21,26.35829524745313,0.9009296814618692,3.930630176503896,14.502096737104504,31.53078133025889,89.01938075776815
state,Abia,deaths,21,4.724073923274778,0.2136925139161283,1.0148555638374086,2.5225304390566814,5.047379565125276,12.820976388900375
state,Abia,cases,22,1667.6972044357392,91.50439924746502,256.60794409376336,1008.322707873836,2114.199613176161,4565.493482322532
state,Abia,hospitalizations,22,38.39413081733508,3.790851656337348,8.220703804046195,21.28485676586385,48.48390251780058,105.30446768812688
state,Abia,deaths,22,2.2494704436163855,0.16877572660668339,0.17532812758061259,0.9674013714188938,2.2898507235489394,7.200090540848
state,Abia,cases,23,3948.024385386046,372.65179325636285,724.6223895000272,2285.1469055386847,5156.5837112227355,11436.60552047159
state,Abia,hospitalizations,23,50.47044013700502,5.366310057180628,10.772502655310703,25.959501807184655,56.65250405926466,165.8271428651192
state,Abia,deaths,23,4.659978453383979,0.35803761053323413,1.286238386285401,2.821916913084904,5.4757932937332345,14.22330536865373
state,Abia,cases,24,9844.455557328745,717.0221772648657,1637.2000822129762,5563.8226879810945,12501.835658007298,31638.543987906698
state,Abia,hospitalizations,24,103.89863401638317,4.57005727510478,18.31203391405682,62.0364877210041,133.5947823162618,298.9794583141856
state,Abia,deaths,24,10.52007821359975,1.126248412006928,3.149560071910356,6.001991303088905,10.421174394462415,29.06926874376921
state,Abia,cases,25,19878.99364674443,2154.8360711204305,3621.212028533083,11042.216025109763,24721.646941905557,63577.428584312845
state,Abia,hospitalizations,25,251.19435191799147,27.64167619446286,58.03148714388073,146.05106567425725,318.91285260471125,678.8994709093278
state,Abia,deaths,25,15.610025081989184,2.4971495008632743,5.270375776570049,9.317427574646501,15.503388822875817,46.76115305910461
state,Abia,cases,26,19543.423953127494,818.6634303770351,2646.3443194739907,12199.397819793512,25768.669696672274,50847.06655178475
state,Abia,hospitalizations,26,297.1473767927322,45.374127331567095,78.15129699919916,169.86021648424995,367.3451471648018,735.641807068713
state,Abia,deaths,26,16.170280210115617,2.024316250080937,5.215586385567954,9.60621664738784,16.17701621064434,49.263258121958735
state,Abia,cases,27,27361.680363608248,1323.7043262274426,3811.233566504946,16432.121100279634,34794.27137822036,69686.399123112
state,Abia,hospitalizations,27,384.16798106360625,57.38285575963875,101.0986008384206,208.6193279114829,456.620640000004,1035.3916081460889
state,Abia,deaths,27,31.591417323948793,5.128521128035377,10.28534188503934,18.191343713402414,30.705350820675775,87.47360593963263
state,Abia,cases,28,30050.34786749666,1635.5367145513965,4120.868908575726,18564.002218538837,39667.528804041685,75027.73306357145
state,Abia,hospitalizations,28,336.50380303620335,16.23303556776015,58.04877623082329,188.2524207721114,399.44599030868375,911.553019718703
state,Abia,deaths,28,34.695633591079016,5.657774178204031,12.537296580649354,22.349505891917552,38.21968195966099,88.39915859644353
state,Abia,cases,29,17336.680559508277,480.9129971670764,1942.8912481445082,10560.707854031496,21774.923166402852,51258.61440598451
state,Abia,hospitalizations,29,325.04413493537845,25.538813593592383,66.8653847807177,189.25647840477032,405.95392980530136,793.7747655309865
state,Abia,deaths,29,34.96604274974474,5.408020914267341,11.051016534597213,20.179906180253102,35.76412152402652,89.02794495190346
state,Abia,cases,30,23776.37521647021,0.0,1900.7136784254963,15981.765395508057,33630.3219132081,65276.98366838787
state,Abia,hospitalizations,30,524.9845321139873,30.152727752503797,95.7375836845131,288.68212432641945,604.1453480205521,1769.0855276211585
state,Abia,deaths,30,30.987277074083867,5.584706438187254,11.837717169027997,20.407087891253124,34.64486557418615,70.70433390427353
state,Abia,cases,31,21519.616420440976,498.4246567558712,2550.217721071437,13405.490908060849,28274.795036124473,54518.07687865689
state,Abia,hospitalizations,31,240.86440450581267,8.1081885089349,40.1112251946801,149.5224253526514,306.15586029869553,724.1681495162256
state,Abia,deaths,31,24.40345362343378,4.080149534535411,8.25299749031237,14.614164109203376,24.248547739058736,60.45937741490495
state,Abia,cases,32,3925.649659513601,107.2007004772723,409.04984896850624,2011.9388349943338,4348.493046774827,13139.49449675657
state,Abia,hospitalizations,32,62.7670883556393,5.923221301012972,13.008762056611937,33.023050555151535,75.87647765526732,191.12450119691667
state,Abia,deaths,32,5.851494524739648,0.3617325356773953,1.4251312798444649,3.059879351430651,5.980449145012971,16.185923603438255
state,Abia,cases,33,1628.526772189034,100.98907450633934,253.71854979726396,1013.2262065790046,2220.53765433045,4473.022057276919
state,Abia,hospitalizations,33,23.108929252168135,1.1579402674281658,4.264858238014282,12.825266488836867,28.412655928825348,63.277464439967346
state,Abia,deaths,33,1.7109451956478356,0.12656866245241705,0.12656866245241705,0.5863250378841076,1.6964161363443193,5.782066998431207
state,Abia,cases,34,1106.1790095170368,77.98118541978214,172.04493816138614,628.2810141546671,1380.8026862735906,3071.619944364125
state,Abia,hospitalizations,34,15.37451206394771,0.8455875403510171,2.6284722023023934,8.040061793938415,19.123523813053907,48.820664713225916
state,Abia,deaths,34,1.1973067523124865,0.10785487272105407,0.10785487272105407,0.2777795161806646,1.140377445303828,3.9624327645700643
state,Abia,cases,35,753.3944400411128,103.22819464389217,160.64402969385353,434.59627007846984,979.7726336603212,2123.5201376943974
state,Abia,hospitalizations,35,7.164208582437053,0.45215830014756,1.0105390307576883,3.547967897991753,8.852345003206551,20.880987154319847
state,Abia,deaths,35,1.2765364176933467,0.10267958078248754,0.10267958078248754,0.22347995206800866,1.0714397456565847,4.052306585928813
state,Abia,cases,36,652.0360593981934,0.0,52.45105161338846,365.85094416525277,772.3044895649707,1990.889309215511
state,Abia,hospitalizations,36,5.594787379878254,0.3108491810691154,0.45337880943380593,2.5010805683890722,6.517418501726462,16.475676998159138
state,Abia,deaths,36,1.3017509840372008,0.12272459645911246,0.12272459645911246,0.21979660473137497,1.097476948814481,4.973522892119163
state,Abia,cases,37,483.50792570537607,65.35663760259617,113.65779726255923,298.0539502269176,669.76995558809,1213.3769068598317
state,Abia,hospitalizations,37,7.134641484050479,1.0962140823369904,1.5231404740198897,3.4988335036294336,9.177097170068969,19.369442191528083
state,Abia,deaths,37,2.011513203412339,0.12862326888206832,0.12862326888206832,0.6051942571993676,1.87245902936199,9.22769439527413
state,Abia,cases,38,569.6499229013284,53.83456677752273,108.33465387774113,338.0826764780739,754.7208358275693,1563.935957570812
state,Abia,hospitalizations,38,10.115202299961958,0.5549378590823046,1.829651008042855,5.4743245133832525,13.28069976221403,29.385778511677586
state,Abia,deaths,38,0.9598931422999112,0.09688253895380217,0.09688253895380217,0.11705802642751513,0.7944845619927161,3.382779774417799
state,Abia,cases,39,718.5288218429098,40.40428495177139,92.42730710375628,380.5511359690531,852.534920778272,2070.6428540954025
state,Abia,hospitalizations,39,8.502379696500295,0.0,0.5837418969256953,4.0681008260629525,9.858024862532634,27.708970327494434
state,Abia,deaths,39,1.1002370531188144,0.08736815753465596,0.08736815753465596,0.20842265765333692,1.1206703058723524,3.786638063001911
state,Abia,cases,40,595.9814711480271,58.61226365029019,111.43707707602745,345.06109881210955,752.9651131028197,1491.9134128313506
state,Abia,hospitalizations,40,13.843830518794249,1.3225121260573882,3.1520664786768147,7.499735737359844,17.600965915873537,34.053853579103944
state,Abia,deaths,40,1.0645276101194299,0.10937392728591253,0.10937392728591253,0.24090813651449752,1.0582918689391918,4.124677934063427
state,Abia,cases,41,813.5368376793957,74.73991310555611,139.93038645934172,456.7372975313221,1007.6833884978948,2188.9930473627073
state,Abia,hospitalizations,41,7.299201057997517,0.0,0.4339315361415679,3.5935332119284555,8.983322237092754,25.169739630516258
state,Abia,deaths,41,1.2739574392253656,0.10004845321983918,0.10004845321983918,0.2809385153025705,1.1451579898627209,4.945204112080352
state,Abia,cases,42,672.5848743794369,78.61351469018109,137.2003546701563,373.3576435214011,837.3197525401604,1983.702799861244
state,Abia,hospitalizations,42,6.964485141788863,0.48880600373110683,1.1014740015621929,3.6189998320746772,8.820142020808511,18.640974670201835
state,Abia,deaths,42,0.8248421984016365,0.0,0.0,0.0,0.74105798698065,3.0282606357724005
state,Abia,cases,43,599.5811834759759,55.11355099594222,102.35519882245742,322.15331010718654,699.4414155115117,1616.4579059264508
state,Abia,hospitalizations,43,7.9496319897091166,0.0,0.7812364989477456,4.511805310536173,11.048250559699664,23.102934542884515
state,Abia,deaths,43,1.5220702671091608,0.10961493048429571,0.10961493048429571,0.388114751081992,1.3981517572874504,5.843551766146733
state,Abia,cases,44,546.6673362386383,51.20178018313193,103.96271080016335,316.89978751205916,689.3296429415092,1495.0539904020573
state,Abia,hospitalizations,44,10.302422829645282,0.43000353541403147,1.7487711464648752,5.617293491750759,12.554857003156531,31.68435875774273
state,Abia,deaths,44,1.8998575669320574,0.1482178020531587,0.1482178020531587,0.6481268815476966,1.7029901239662917,7.60454489445022
state,Abia,cases,45,559.2812438312485,0.0,46.07163164084871,353.0632747621487,763.0064322743003,1592.4974430456155
state,Abia,hospitalizations,45,11.341639347137939,1.0341092358694022,2.31512157950002,5.858227078627898,13.715927661949365,31.386196003146704
state,Abia,deaths,45,1.475479358781004,0.12323546791865586,0.12323546791865586,0.5051282039709706,1.517381532491513,4.744281570433056
state,Abia,cases,46,544.49738586974,14.826413016870863,71.79926253789621,337.1188055230907,696.5572864980386,1607.975995645238
state,Abia,hospitalizations,46,7.44979249170323,0.013385984637401815,0.6697241104327922,3.5833270681974208,8.745800928832313,25.75191813613533
state,Abia,deaths,46,0.9668882772508001,0.0,0.0,0.0,0.6878877129180543,3.959531431506644
state,Abia,cases,47,583.4283533428821,79.7139683109942,124.31473294975247,319.7269966442725,718.4389295260867,1684.0606311692209
state,Abia,hospitalizations,47,7.13567976866374,0.05110115972251217,0.6566908582394217,3.6256756347660843,8.598483583456051,21.245249784307884
state,Abia,deaths,47,1.5986113482418847,0.08993574740002597,0.08993574740002597,0.4744975864588589,1.4324851009299262,6.292672167393879
state,Abia,cases,48,673.487387404094,104.02683244843045,160.68248744608138,363.0149784387304,829.4451508218365,1760.047713673616
state,Abia,hospitalizations,48,6.248659914693946,0.06825218802310129,0.4697479802922354,2.975231490138953,7.530423754284142,21.983046705091528
state,Abia,deaths,48,1.5041944120460118,0.08370178644078147,0.08370178644078147,0.44989142195804804,1.4704804412998609,5.222087328470643
state,Abia,cases,49,641.8674827360536,33.186178607455155,96.60576126833625,375.1713748879742,821.347695474403,1725.84436388617
state,Abia,hospitalizations,49,7.838426044795013,0.8046514832724081,1.3882356559103768,3.7970372045986034,9.541986553473585,25.214070565676355
state,Abia,deaths,49,1.1742218530575403,0.11124200999166509,0.11124200999166509,0.1794979653437795,0.964994050440697,3.7861930144059803
state,Abia,cases,50,595.0011373987361,0.0,43.639607491340186,378.00861504123054,765.0582997831991,1789.733513271464
state,Abia,hospitalizations,50,9.378937636203977,0.5356972445238357,1.6219896525572868,5.0548962367027155,11.715433391351947,28.27468985604584
state,Abia,deaths,50,0.9460054408552325,0.0,0.0,0.0,0.5687713850893956,3.3658037028009176
state,Abia,cases,51,601.9391388360767,59.78339821499757,100.67059286917525,302.95300617868253,677.1226485174011,1921.90617353874
state,Abia,hospitalizations,51,10.3895618238004,0.7655176201692093,2.00198155213649,5.546184183939179,13.233451961731788,30.537876521744405
state,Abia,deaths,51,0.9079721945783581,0.0,0.0,0.0,0.8014424524590329,3.6445022022621347
state,Abia,cases,52,531.5456671545912,87.04146177863639,132.00716970133675,305.2919974701684,693.8474405009722,1201.6731763734467
state,Abia,hospitalizations,52,4.019679188529042,0.1516966047610928,0.1516966047610928,1.731781535157749,5.127078753880949,15.315828977947424
state,Abia,deaths,52,1.0066759446050633,0.08314828156946746,0.08314828156946746,0.08360538396295461,0.8118345698837577,3.5922351214833808
state,FCT,cases,1,2335.276965167548,37.3348312661561,276.3753376533306,1440.6733142139462,3011.111302657807,6775.181591052415
state,FCT,hospitalizations,1,68.494028287529,7.970702063239985,15.764199151815975,36.19428064712643,80.2618975532325,203.77694543187806
state,FCT,deaths,1,2.772668333140499,0.20191301668378125,0.2979774350836079,1.1558329460433365,2.4741716889506034,8.945430391265191
state,FCT,cases,2,2542.967220027172,114.77524217039642,318.1957160645266,1404.1368659267298,3148.0063193519018,6585.637734167797
state,FCT,hospitalizations,2,63.57629225881913,9.8071488659561,16.392694673455942,33.82491710263912,75.29823329737135,177.9689630008396
state,FCT,deaths,2,1.6397788079513589,0.15664819098090754,0.15664819098090754,0.5486088455824598,1.5641947637912563,5.785945905901679
state,FCT,cases,3,1050.4176256269195,0.0,92.13613373506814,619.2264603656647,1306.5169595714206,3115.745525286084
state,FCT,hospitalizations,3,17.198914793800395,0.9548473222768461,3.353739806711789,10.080183139176055,22.38055809313352,48.188574494354576
state,FCT,deaths,3,1.6938201214819455,0.13694491488197413,0.13694491488197413,0.6329947184617232,1.5977987173188133,5.363934684841207
state,FCT,cases,4,1142.5506815148046,74.6659310858956,189.21296496193958,662.5634905732112,1430.9500788844234,2913.060828183046
state,FCT,hospitalizations,4,19.821944396089457,1.8302955473973306,4.029062869348537,9.991598006639032,23.132832509477108,70.08648637448852
state,FCT,deaths,4,1.9409898222879656,0.2075549064461053,0.2075549064461053,0.8376455182927938,1.968006811785263,6.231112197420714
state,FCT,cases,5,994.1338094530478,115.97780946371351,193.07255544868372,511.3167308568773,1141.7194305372404,2682.650938934146
state,FCT,hospitalizations,5,16.927048576532428,1.419735366100956,3.501800117201843,9.438985374027734,21.85334817853215,44.81138651182703
state,FCT,deaths,5,2.195080225413152,0.14684004645924165,0.14684004645924165,0.9364632060676685,2.2260591888889447,7.568893841828407
state,FCT,cases,6,1118.6915460598357,33.942671774739026,138.03426456734314,615.6692753085237,1310.2281514220224,3452.934607630381
state,FCT,hospitalizations,6,21.628340188853972,1.1207653374043907,3.8184821573178427,10.957464944238573,25.614042930017376,76.81776484039621
state,FCT,deaths,6,1.374002231648429,0.14959247134178189,0.14959247134178189,0.4077859868688919,1.2910960920850614,4.351708279124083
state,FCT,cases,7,1225.5644828317622,121.35532347795655,230.07835604917943,701.9124960417142,1453.2458356738534,3445.3670542320447
state,FCT,hospitalizations,7,28.277630841229303,2.2995399261861578,5.978790474431252,15.778474246621814,35.24938134814402,78.21009447896238
state,FCT,deaths,7,1.5666354709295836,0.19163902548491507,0.19163902548491507,0.5364526878053464,1.4547240350683397,5.593215017674608
state,FCT,cases,8,1069.695114683479,16.74685400452813,112.91259819015849,628.6192718055974,1316.247481738747,3185.132028111855
state,FCT,hospitalizations,8,26.922637756437165,1.423279783400731,4.767482597406975,15.584796004015132,34.26777349776365,73.99239124139221
state,FCT,deaths,8,2.7270319912747407,0.17382367083938755,0.1881604393482259,0.9951346543863178,2.3436741477752774,10.777527687834635
state,FCT,cases,9,1560.6875457204103,194.61927529172183,327.15285312089,895.839248966775,1982.648586704404,4412.942229726099
state,FCT,hospitalizations,9,32.48760413917258,3.9553736723480855,8.135153852748228,17.448351701919975,40.40332183751279,82.65029434088511
state,FCT,deaths,9,3.853123352896825,0.24492412001144115,0.7201759420927696,1.9076425161815553,3.812171071227281,11.798218080919172
state,FCT,cases,10,2509.4809532891704,149.82681668118659,338.1103498508329,1371.6875951024738,2866.4030057745726,7530.600755201323
state,FCT,hospitalizations,10,61.20767371283547,8.991468263155141,15.49512661032887,33.75079904838887,71.03581766095596,178.401665852283
state,FCT,deaths,10,2.425850837072096,0.17912441554920278,0.28495157195804727,1.140956075955089,2.5747439367028995,7.781464046179769
state,FCT,cases,11,4021.8892960251296,322.0029848522468,634.0334585919218,2280.6821692705867,5021.013264423269,10844.803062949482
state,FCT,hospitalizations,11,55.12796491411738,4.593816849781496,11.842838460901122,32.589607933555996,72.1520255445187,143.02037591673619
state,FCT,deaths,11,4.8201914832022235,0.22238173750131995,0.8875678535720246,2.2470786614900007,4.651326022648931,15.253419123239256
state,FCT,cases,12,5990.446419746254,753.9085219766515,1282.3590695192904,3455.493721447524,7593.930283355497,17345.712662311475
state,FCT,hospitalizations,12,128.89254963105327,13.599230323722239,30.478724054702397,74.68899628969554,165.47646954149963,342.5980035987632
state,FCT,deaths,12,9.122779338392299,0.6390659482138139,2.393881631461183,4.840980098518217,8.854930569797894,26.74835491808232
state,FCT,cases,13,15661.518388861827,1415.1437383539658,2763.989585285703,8566.921166597804,18365.762880558304,42106.29815552307
state,FCT,hospitalizations,13,268.9408970361401,29.29128363819736,61.11429185188548,143.63783445558235,316.33549095018236,795.0879175939887
state,FCT,deaths,13,13.535302799075852,2.0444216811677793,4.425099672909485,8.021476342577147,14.369210293512033,43.745559255125514
state,FCT,cases,14,30139.730741816333,0.0,1869.6066980049582,17495.552511278893,36652.51308412196,99957.30664474946
state,FCT,hospitalizations,14,582.2758040486574,41.615766108659784,114.15149460654769,328.4593993226424,672.9567323900088,1590.55849322744
state,FCT,deaths,14,30.30407319726332,5.198393442525988,10.787898079228585,18.732285444542306,30.756636073184445,80.43979546114366
state,FCT,cases,15,71031.07342462924,3272.7055226320963,10290.508178693599,44004.17448477654,93018.47256764409,180624.0178598424
state,FCT,hospitalizations,15,1003.6512682525031,61.34743007497529,198.36434552580366,581.8450212133047,1245.6558010971253,3048.4147419257256
state,FCT,deaths,15,71.54336589723053,13.886891336755259,27.558997811042815,45.64641810703473,75.23638844443855,180.24305249047114
state,FCT,cases,16,94421.61610272768,16367.113413414892,23965.553544467297,54611.965795542266,124442.62153820618,243720.3957709066
state,FCT,hospitalizations,16,2750.1942475229203,280.32222960632913,582.9997616999437,1407.0464815797977,3021.7068891900644,8928.127181170697
state,FCT,deaths,16,166.52650380706476,24.721057696772874,51.18128581333123,87.75688532182173,150.10987419407093,577.2670909059045
state,FCT,cases,17,193331.69136564722,17073.688958955903,34748.64406501601,119322.94308330504,259329.34278623114,484924.0955957719
state,FCT,hospitalizations,17,2689.295935280871,339.20877178548227,731.0583316729385,1641.5235578890702,3616.784740850788,7466.585932192571
state,FCT,deaths,17,130.49113857596004,26.098042162948833,49.867333673249675,79.48864779418771,128.8663217460985,317.2908705812732
state,FCT,cases,18,124390.42519740689,6092.733319319863,17114.26097926748,74119.6797171821,162974.36018393806,363971.97760254744
state,FCT,hospitalizations,18,2397.1720066427524,263.9817038368916,611.5279563271124,1395.5788719045938,3027.9119794947223,6503.184901327884
state,FCT,deaths,18,130.18897334835356,21.95486611481957,44.98493413600585,77.8307647834079,135.21349669277197,379.7583875844908
state,FCT,cases,19,86788.99437946537,4954.344954246642,12612.294861984892,48440.433005800965,104150.52409723212,259647.9201358882
state,FCT,hospitalizations,19,2039.5110245099986,199.43874515702444,437.2887264423868,1178.867705234054,2463.5685709128793,6000.076615132947
state,FCT,deaths,19,74.15738546753471,14.123413808935055,28.479496937819434,48.08046217170092,77.0450609335114,188.4513654785469
state,FCT,cases,20,43539.75896799261,4174.949302909764,7412.113496325535,21752.291210002997,48887.64151067774,146617.7014449047
state,FCT,hospitalizations,20,477.6378085682452,86.79398996093225,142.11111935626826,278.5843876914077,606.525184369657,1302.8638362170923
state,FCT,deaths,20,14.895163871851619,2.197224836375607,4.611298718228322,8.483342202218086,15.380294515691308,44.34233635524769
state,FCT,cases,21,7769.2576616660435,1282.2936303482352,1840.8627584726974,3901.644071889591,9190.430912498541,21956.220216780755
state,FCT,hospitalizations,21,128.09621709415944,7.9705050957376775,22.26769030694073,72.15454071287503,152.51306391670445,423.8023068279449
state,FCT,deaths,21,7.34826023918357,0.42189519958270194,1.9484683302226444,4.15474638887912,7.849521250371033,19.225127749512513
state,FCT,cases,22,2850.136836206171,157.0531227836991,439.1492291084028,1723.5299377513606,3613.0324881091915,7801.316007930377
state,FCT,hospitalizations,22,58.232576090807974,6.203603433996299,12.864402062799492,32.50787756334332,73.40481060047787,158.84114796674405
state,FCT,deaths,22,2.686114319687208,0.19289926458128237,0.3433207251440035,1.248606984624785,2.7600773399938703,8.372150051622848
state,FCT,cases,23,3668.119868152389,346.1675747258441,673.1907028843261,2123.1061624406975,4791.017222414928,10625.914793069658
state,FCT,hospitalizations,23,38.602102193253785,3.8982658695029477,8.057813307427669,19.742754652986115,43.358080330435314,127.35750892798868
state,FCT,deaths,23,4.328968893522906,0.33672565123762244,1.1501515116243466,2.5944197583542423,5.090325848351467,13.317147873416785
state,FCT,cases,24,5299.609118326224,385.56971003617235,880.9762826471849,2994.996448313085,6730.292859723064,17033.138683114874
state,FCT,hospitalizations,24,102.63141937423588,4.502761847928813,18.078712871256734,61.27490356498129,131.96865660080186,295.3552144699613
state,FCT,deaths,24,8.611899087002614,0.7731930624884309,2.4605416236127278,4.839337648474688,8.524732428896122,24.076382622774208
state,FCT,cases,25,11337.902334484212,1228.6188366033891,2064.992029783999,6297.691548517489,14099.994401983051,36262.069551612236
state,FCT,hospitalizations,25,205.19113469039394,22.41709744511467,47.26344929650203,119.22722102304014,260.5569840440204,554.877807397445
state,FCT,deaths,25,8.954357554966872,1.0945733855677997,2.75556212734702,5.179492526711627,8.884495641819077,27.60593750336836
state,FCT,cases,26,18227.839558885305,763.4897755842852,2468.1447607440564,11378.157646452852,24034.04691459445,47424.352341492566
state,FCT,hospitalizations,26,338.6841514637662,51.834796877810426,89.17835892992137,193.66382122729658,418.66161200691755,838.2679816895537
state,FCT,deaths,26,16.927177106956925,2.1576895242622376,5.489695651481437,10.073954054446533,16.934527893695865,51.47988322079422
state,FCT,cases,27,23989.29935657789,1160.4378395406657,3341.385338104299,14406.780128546303,30505.841425392322,61097.60191311822
state,FCT,hospitalizations,27,483.6436067160664,72.46113689824746,127.46715351145663,262.75678174464423,574.8082924361552,1303.0558707792445
state,FCT,deaths,27,30.310349859244205,4.887598414037087,9.841695671125759,17.436898959747918,29.45895890843415,83.99555620873048
state,FCT,cases,28,35631.69720117492,1939.485953612925,4886.411720498737,22012.02648058355,47035.05012969872,88962.60303602603
state,FCT,hospitalizations,28,621.3940417436711,30.77965139550158,107.8925695399373,348.00270090222773,737.4673422565414,1681.8501706819031
state,FCT,deaths,28,43.900293229759306,7.374627022172469,16.028184903389313,28.370687224116228,48.33333566879678,111.45268903716706
state,FCT,cases,29,37027.54478415411,1028.2348590831775,4150.62206999664,22555.93031465023,46506.438776980795,109475.57008617978
state,FCT,hospitalizations,29,685.7851644602738,54.901828941251594,141.9528534749531,399.75962978677853,856.2149953394596,1673.1277010312094
state,FCT,deaths,29,34.822465249072515,5.382439194998223,11.002907184453054,20.095353020814567,35.61735398868508,88.66854075442224
state,FCT,cases,30,25723.724660727145,0.0,2056.463159289544,17290.746574621935,36384.711802800186,70623.22068794885
state,FCT,hospitalizations,30,610.4135798365861,35.21247464297716,111.44945624117152,335.731558951562,702.4315179269825,2056.57832168421
state,FCT,deaths,30,18.803949773889638,3.0766048844471845,6.94785629514236,12.253170794854334,21.067807345591223,43.392296083994445
state,FCT,cases,31,20722.05049719161,479.91568782866096,2455.668105054081,12908.638539473104,27226.877588244584,52497.568106738705
state,FCT,hospitalizations,31,378.6641814548388,13.297893674123381,63.53576647758851,235.28777897516864,481.1685264448048,1137.357763178999
state,FCT,deaths,31,29.03930140485213,5.007293323157923,9.941699582832051,17.463799768541186,28.856489699993183,71.6759133919403
state,FCT,cases,32,10922.3781620442,299.99996505457074,1139.7041698041367,5598.728248686844,12098.711455743549,36554.1088567522
state,FCT,hospitalizations,32,210.35641267965264,21.94706024851852,45.4321293432004,111.76961359204586,253.80756540184478,635.7978593342318
state,FCT,deaths,32,11.081801083026571,1.1361263176798015,3.288671923867684,6.179607443720513,11.344427088550564,29.39208172207799
state,FCT,cases,33,3290.0884132858114,204.98327999672256,513.4449306674264,2047.3923567400393,4485.751300471562,9035.004519075208
state,FCT,hospitalizations,33,78.65775897940081,6.131239761999627,16.398519771339576,44.687682645143646,96.19856690733704,211.41459605418424
state,FCT,deaths,33,4.152186374472935,0.2498745315496016,0.8545813226614414,2.1317564557159963,4.323321791325113,12.389300173793922
state,FCT,cases,34,1550.5200054780096,109.6784794345171,241.49256994242592,880.8285698482915,1935.3576196336294,4304.745748369258
state,FCT,hospitalizations,34,23.727212498388365,1.7884449727620035,4.482153975417738,12.658368574579278,29.404051600876215,74.27260507666516
state,FCT,deaths,34,1.1280751347556186,0.10364924750318273,0.10364924750318273,0.2279545836527918,1.056916910488551,3.7689307757388018
state,FCT,cases,35,1213.8192637896607,166.84113450851783,259.29921580278267,700.4510076418512,1578.3614394922445,3420.1651791065187
state,FCT,hospitalizations,35,19.75691369064908,1.6474149938609983,4.138387234460625,10.62336061736173,24.179896047529077,54.921811688869695
state,FCT,deaths,35,2.1389845666420904,0.14845747681879506,0.14845747681879506,0.7689470996883498,1.9949549431233389,6.3047891522936315
state,FCT,cases,36,1040.237669069566,0.0,84.22819285948378,583.9472007800196,1232.0411130627704,3175.08580329673
state,FCT,hospitalizations,36,13.678641837660122,0.7225139163676652,2.2680236823911257,6.872423993791537,15.903440131797378,38.295279334677154
state,FCT,deaths,36,1.7750115476438117,0.1532755807657361,0.1532755807657361,0.5234520088119813,1.6196215489646673,6.46056794582355
state,FCT,cases,37,685.3812809318583,93.00455905791948,161.4307087223103,422.6567092801353,949.250588072166,1719.3548851157018
state,FCT,hospitalizations,37,14.191812586829458,2.156434441021588,3.737390407920308,7.446906110213104,18.10828311399739,37.24519524237622
state,FCT,deaths,37,1.581007895534373,0.10784993896756295,0.10784993896756295,0.3459469983519404,1.4085418890073398,7.575868316024278
state,FCT,cases,38,975.3306699446207,92.8170096402151,186.06175464966466,579.1399481652018,1291.970348937064,2676.464607560679
state,FCT,hospitalizations,38,12.742020834231012,0.6868473788420388,2.502263084241499,7.013280674603447,16.675242442329157,36.60852135648782
state,FCT,deaths,38,1.674596769306189,0.1410137042511671,0.1410137042511671,0.6258914338026859,1.611893928882167,5.379188836106503
state,FCT,cases,39,758.7390287644583,42.7181253634526,97.64840629634054,401.87377053589626,900.2339353797399,2186.414711041128
state,FCT,hospitalizations,39,18.1370090151872,0.044901677656012495,2.205113490599697,9.25661969343983,20.974036322285315,57.10006559559742
state,FCT,deaths,39,1.7535792823617922,0.12034839431793398,0.12034839431793398,0.6645850228477326,1.921193182862107,5.5935258487611
state,FCT,cases,40,530.1164123301855,52.035233304539986,99.03187682638263,306.88012380798796,669.7800245847137,1327.2000431567674
state,FCT,hospitalizations,40,17.336996547922997,1.8704087333425194,4.131567559151749,9.504881941364886,21.989061893152275,42.3232990785615
state,FCT,deaths,40,1.3006554564147956,0.12473978300625943,0.12473978300625943,0.41524232987341425,1.3474596502679737,4.844639845481475
state,FCT,cases,41,718.9323897554178,65.9430946761097,123.5620151470223,403.5733615078308,890.5297734805584,1934.63612497555
state,FCT,hospitalizations,41,12.556168480514163,0.0,1.35481258394188,6.543532964837572,15.394682898676324,41.97613285376422
state,FCT,deaths,41,1.5529679915029477,0.11467826660061892,0.11467826660061892,0.46824667278054793,1.4588386121410175,5.8145551502144714
state,FCT,cases,42,940.7012255109884,110.30318865911516,192.2101629788507,522.3684203617138,1171.0078172248782,2773.7016448763056
state,FCT,hospitalizations,42,13.612135162818104,0.9763906449265644,2.876061699310151,7.519509794037688,17.11275149744724,35.22677682412296
state,FCT,deaths,42,1.452736134467533,0.16508051026349385,0.16508051026349385,0.48701336469262513,1.4868658911699932,4.536961702363861
state,FCT,cases,43,581.8596245766056,53.457788833578235,99.30546084550751,312.6179124354745,678.7732458417537,1568.7310101532094
state,FCT,hospitalizations,43,10.270604919758927,0.0,1.2493673675847654,5.960375564572455,14.214679051031698,29.437482308398703
state,FCT,deaths,43,1.5550216592164194,0.11129331560426536,0.11129331560426536,0.40936907412660756,1.4348714104138725,5.948337814920333
state,FCT,cases,44,650.0299507482465,61.05395161048413,123.77258350287532,376.8978027579008,819.6172683784716,1777.4079700231982
state,FCT,hospitalizations,44,9.852951527866654,0.4127937704682987,1.6387587827880836,5.352453656282172,12.012359363752834,30.376252927679754
state,FCT,deaths,44,1.53833629805298,0.12738783751456034,0.12738783751456034,0.41650541622980825,1.3231222022290203,6.395294976158393
state,FCT,cases,45,651.7716132972407,0.0,53.84334490165736,411.520527075586,889.1469273893342,1855.5901971628316
state,FCT,hospitalizations,45,13.000421093046917,1.2175629012728768,2.762838638715158,6.784451105541567,15.703357594285169,35.76004839014747
state,FCT,deaths,45,0.9175119951338325,0.0899619333246422,0.0899619333246422,0.09874409873666608,0.8376893714411202,3.19332749219869
state,FCT,cases,46,552.5958673120124,15.061382642273879,72.88008959769321,342.1387458589618,706.913693482427,1631.8639408528186
state,FCT,hospitalizations,46,13.910132789578888,0.20627737233113233,1.957855623061692,7.119197450819987,16.26433241184656,46.39005144157852
state,FCT,deaths,46,1.4453531197712624,0.14548247418571827,0.14548247418571827,0.35146115835869496,1.2031167235077742,5.191442555508234
state,FCT,cases,47,931.4295666737461,127.77556344803813,198.93410907225453,510.70572541701483,1146.8329644158475,2687.43964388957
state,FCT,hospitalizations,47,18.837894586447167,0.7070278261508989,3.059096238026987,10.33347387898643,22.51746459552181,53.50359628917891
state,FCT,deaths,47,2.009617473126036,0.1059514874175993,0.1059514874175993,0.7370758235221071,1.865661564120169,7.591349777164201
state,FCT,cases,48,660.6445701772407,102.02703165416833,157.60391448262735,356.08382164732143,813.6327642774727,1726.5158577236866
state,FCT,hospitalizations,48,17.929031919334097,0.5267358546119985,2.8688050060637864,9.46396776558526,21.454561303671888,59.49807677203016
state,FCT,deaths,48,1.1952281323026759,0.07165040602451864,0.07165040602451864,0.24113610344815184,1.114780749870868,4.326231402723355
state,FCT,cases,49,485.5055532654077,24.87114186650833,72.86530462375212,283.6759539167675,621.3296887758885,1305.8274179594007
state,FCT,hospitalizations,49,16.811434888959546,1.8961863837508124,3.8334535577789506,8.7085295942149,20.335500241294845,52.05359725535049
state,FCT,deaths,49,1.5375177356393477,0.1341754782712325,0.1341754782712325,0.42266130962398957,1.3700939648408124,4.772906628120715
state,FCT,cases,50,866.4938528745296,0.0,63.9773991039371,550.6848249201582,1114.0742284540243,2605.5911579354392
state,FCT,hospitalizations,50,21.187243320021633,1.7305078261632887,4.619669321894422,11.97736419190876,26.252789069659084,61.74398387939483
state,FCT,deaths,50,1.6394430438078522,0.13043833422836465,0.13043833422836465,0.45920304498927494,1.279964643994349,5.112450762323208
state,FCT,cases,51,525.6064910140824,52.0881642676276,87.79900258840888,264.4722768966817,591.271699432688,1678.4644888227358
state,FCT,hospitalizations,51,10.857054986621158,0.7971539591237766,2.1260436291109617,5.8167165613080325,13.821673968503307,31.84123378650421
state,FCT,deaths,51,1.1451926161711072,0.12706999064069516,0.12706999064069516,0.1984947591109212,1.0673437752283639,4.129508926843045
state,FCT,cases,52,816.805913662139,134.2012278585063,203.252999601706,469.3585481726949,1066.0452901642716,1845.8899410940483
state,FCT,hospitalizations,52,15.08740242080799,0.6500776581487099,2.5101919749831536,7.946370172610273,19.065702144732185,52.43305964665661
state,FCT,deaths,52,1.511261579634906,0.10960642063793974,0.10960642063793974,0.4275263818162335,1.3869532472360238,5.049813545058762
state,Gombe,cases,1,949.4988442301601,14.59591354616912,111.8457239278332,585.5217513073927,1224.429352787113,2755.781203325496
state,Gombe,hospitalizations,1,48.520050935363074,5.392342393214384,10.945832128966893,25.503898500879114,56.90559858310114,144.9199447500503
state,Gombe,deaths,1,2.2740730032108045,0.17344833945842775,0.17344833945842775,0.851914506465905,1.984400512353726,7.543373849274426
state,Gombe,cases,2,3485.1363812134805,157.653149785253,436.41135671357927,1924.5359391133832,4314.2556789606115,9025.030120343989
state,Gombe,hospitalizations,2,15.71291019463482,1.7954517645016599,3.498914525690642,8.008053573673433,18.735827973220655,45.2933480066825
state,Gombe,deaths,2,8.749080119802242,0.6816440180023433,2.668342088883485,5.058399496660539,9.031530112079123,25.54767947242186
state,Gombe,cases,3,1151.8720053380744,0.0,101.12364323847922,679.0774653758126,1432.6905576020895,3416.507205042979
state,Gombe,hospitalizations,3,11.74668693833771,0.4569625282860823,2.046120142690495,6.752316524040296,15.358347562489964,33.41508087518201
state,Gombe,deaths,3,1.5010251967133506,0.12587145718895787,0.12587145718895787,0.5009496699589026,1.387738970186221,4.849342656692931
state,Gombe,cases,4,858.9582679973041,55.90131980581368,142.0415061994641,498.0044772687204,1075.8366716067665,2190.3945250975207
state,Gombe,hospitalizations,4,12.19678177085677,0.9419696784535718,2.183083614152409,5.9569970424361,14.274580119526714,43.99331900291281
state,Gombe,deaths,4,2.33289537726476,0.23791746224327615,0.3013541756376808,1.1064689132197385,2.402187212394651,7.288928903993256
state,Gombe,cases,5,1549.7836708355255,181.29435583757584,301.4362624284256,797.3774774423135,1779.7762296787223,4181.113013132285
state,Gombe,hospitalizations,5,13.94034430773831,1.0159311698811542,2.750542023719456,7.696932851523212,18.039593161580214,37.16640583861759
state,Gombe,deaths,5,1.9935510257755886,0.13667571785897548,0.13667571785897548,0.8024204239832841,2.002750040802578,6.975751474679145
state,Gombe,cases,6,1204.626711532757,36.624528724557706,148.70517179208392,662.998763802907,1410.8651706333192,3718.024769922657
state,Gombe,hospitalizations,6,23.81144677235094,1.325514722724804,4.283682734905397,12.11189893754385,28.183496907175112,84.33068446288478
state,Gombe,deaths,6,3.0237243424502904,0.26696037337727385,0.5445066760089768,1.5123127475523157,3.0886540793140105,8.550574488050264
state,Gombe,cases,7,1106.5824003473272,109.48632564357177,207.66275181096196,633.7269307868897,1312.1776730173572,3111.054480488201
state,Gombe,hospitalizations,7,14.677735832303247,0.7658128513594485,2.7348352141141263,7.979326243563301,18.399560202433726,41.39081990743464
state,Gombe,deaths,7,1.599528733624869,0.19448626170112815,0.19448626170112815,0.5592802080671917,1.4911945773066444,5.691172312813746
state,Gombe,cases,8,1397.3990862156577,22.17874506672003,147.77854253287427,821.3307965768034,1719.4256912921614,4160.3314680829235
state,Gombe,hospitalizations,8,16.63828174516753,0.5303905373531533,2.642377925933862,9.473910211415275,21.272899400310912,46.36046028009682
state,Gombe,deaths,8,2.803970305820958,0.17762719311255504,0.2141591694022763,1.0387911889611647,2.4168387463242778,11.035237634168215
state,Gombe,cases,9,1823.0456733783292,227.482639631136,382.28140195662115,1046.5051531765164,2315.8947155892765,5154.469318262214
state,Gombe,hospitalizations,9,33.26131517950306,4.069874263826656,8.346233902114477,17.8746257472986,41.360001424771156,84.58314720177736
state,Gombe,deaths,9,4.259700108031926,0.2659160518284305,0.8676086085363608,2.1568504481933615,4.224612144871531,12.895126467569968
state,Gombe,cases,10,2722.1802074266607,162.60555921903233,366.8413404532696,1487.9880100332439,3109.3425941668047,8168.712657755109
state,Gombe,hospitalizations,10,50.450754189325394,7.263748616787963,12.64279764691987,27.74170842611633,58.579420449155606,147.37962039105778
state,Gombe,deaths,10,4.221885939855638,0.2768072268716555,0.9856806243165659,2.3084943357504573,4.524176884882496,12.57030365203602
state,Gombe,cases,11,2953.3969142716155,236.21234951478573,465.36652228460673,1674.6600204987299,3687.150331778492,7964.122762298218
state,Gombe,hospitalizations,11,44.63083180325087,3.547623883277052,9.440885084777907,26.307455244001787,58.470645430470235,116.08472386311158
state,Gombe,deaths,11,5.179101732235452,0.23629046466014136,1.005624608430054,2.4501651724299043,5.004784686196366,16.269979091351605
state,Gombe,cases,12,5083.521208925952,639.6380232557932,1088.0970143925065,2932.284286294868,6444.285729129575,14719.940864293405
state,Gombe,hospitalizations,12,78.06999587232484,7.887046137093185,18.162165868182505,45.07445647349027,100.33986742792105,208.1597462938566
state,Gombe,deaths,12,7.099026956942267,0.3237837322816768,1.7123893885637522,3.668109898462163,6.876058155582745,21.176478617347463
state,Gombe,cases,13,7902.113523157902,713.568656933203,1394.1796282264509,4322.267303248194,9266.64192667761,21245.82309795129
state,Gombe,hospitalizations,13,135.98345174665744,14.371529976214747,30.520344616515835,72.39751047146702,160.0341796643595,402.9805455311695
state,Gombe,deaths,13,9.305787635352534,1.1575193043916707,2.8446570476601782,5.393335549941607,9.891844617526214,30.71026158298283
state,Gombe,cases,14,12764.26173297606,0.0,791.2390669697947,7409.137284073197,15522.49034027298,42333.32697347636
state,Gombe,hospitalizations,14,339.0668292875789,23.846236304744792,66.13668454402008,191.08445220761288,391.9364589959374,926.9250856296827
state,Gombe,deaths,14,20.852588843923535,3.3267479699999645,7.228465094671985,12.773992693797192,21.167511942850098,55.848516144712065
state,Gombe,cases,15,30515.134505700604,1405.4185135803637,4420.34075136398,18904.08833517955,39961.149142062495,77597.41787163059
state,Gombe,hospitalizations,15,629.2142194987587,38.11030124280876,124.06048126142694,364.61642284391434,781.0223522985815,1911.886048832446
state,Gombe,deaths,15,46.964882864050445,8.843050296134292,17.88289808143073,29.84210324209479,49.40666912114351,118.83593089606399
state,Gombe,cases,16,60918.365856378216,10559.341691080439,15461.685783916839,35234.067414155215,80287.24895860555,157242.60845755116
state,Gombe,hospitalizations,16,1340.5224626480308,136.17682442776078,283.7668059814247,685.5840117223812,1472.9159888475463,4352.972714273715
state,Gombe,deaths,16,119.29603315471687,17.469562362674278,36.46990204896482,62.73380316991372,107.5077168266462,414.2372046157679
state,Gombe,cases,17,101649.8420913302,8976.563488436504,18269.73609037086,62737.37709700008,136350.2168472184,254963.86895380678
state,Gombe,hospitalizations,17,2182.276879611955,275.0922826145807,593.0930174664833,1331.9699759527698,2934.969116456261,6059.228355721538
state,Gombe,deaths,17,215.11112266576825,43.536752645853625,82.602565969035,131.2864204008929,212.44066902888864,522.1242053307428
state,Gombe,cases,18,173594.4354296518,8503.157717643522,23884.337792000064,103438.70066025341,227440.55257005303,507944.36687041575
state,Gombe,hospitalizations,18,2221.375459251134,244.55738042412347,566.626965236863,1293.2035030149332,2805.879420164793,6026.399563961355
state,Gombe,deaths,18,329.12848122451555,56.76442100110835,114.71808268685956,197.3724697853204,341.7723659827674,957.1536084819198
state,Gombe,cases,19,183974.39100744136,10503.223875129795,26736.366269480182,102684.01220867899,220776.95514835586,550396.683960571
state,Gombe,hospitalizations,19,2120.825316031833,207.42622199993093,454.754516553091,1225.8853911902663,2561.781540528609,6239.219304129185
state,Gombe,deaths,19,218.49984705185653,43.168473893987766,85.09593094230469,142.34125479360105,226.93340709621276,552.2995258898335
state,Gombe,cases,20,161077.5311209287,15447.875850846996,27423.72711370611,80475.04768968132,180861.96035460895,542413.1798025272
state,Gombe,hospitalizations,20,1235.0776824806794,225.72716133992614,368.5831327664323,721.0240770973286,1567.928130000038,3366.2162125316
state,Gombe,deaths,20,192.50555047252755,37.93238193381713,67.32838978270058,114.47799092051923,198.46169409725712,551.1304403337624
state,Gombe,cases,21,60832.805701775826,10045.981550183556,14419.052211529946,30553.03070657175,71959.2549360433,171903.37261926575
state,Gombe,hospitalizations,21,261.16365516414703,17.216958308328348,46.25113466063723,147.5594405229818,310.7484528806642,861.6722609458553
state,Gombe,deaths,21,65.99550943415382,10.430996701445435,22.703527353480627,40.44038814207826,70.14367377571195,161.5952240775838
state,Gombe,cases,22,13384.829867622644,741.0451673477473,2065.4609633730897,8095.512639020733,16966.556826506323,36630.17049403759
state,Gombe,hospitalizations,22,86.85688909802205,9.684765542469094,19.564414294160528,48.700655910685676,109.36114963603558,236.08484312223015
state,Gombe,deaths,22,15.728790139033903,2.1898922268319048,5.209165298164436,9.393625436431542,16.380020497637737,42.32042808577101
state,Gombe,cases,23,8109.808986152054,766.4346944148549,1489.338884482381,4694.463753965707,10592.040768910672,23490.4309414766
state,Gombe,hospitalizations,23,66.42720449910557,7.340011116776711,14.42224650318959,34.317561154766516,74.52609289300278,217.54735530920055
state,Gombe,deaths,23,4.800923899233617,0.36708193692785285,1.343990660273253,2.918461697761497,5.639377192434203,14.607858662800666
state,Gombe,cases,24,6771.697304165017,492.9280702630992,1125.9192386154102,3827.0462897413718,8599.711349752806,21763.869388130737
state,Gombe,hospitalizations,24,164.08174799485732,7.766074268387635,29.392995117102785,98.20589783706136,210.82329007552605,471.10326226373854
state,Gombe,deaths,24,14.210655947781984,1.8083587958573475,4.480758250579203,8.24826269287406,14.085140282096425,38.715630066882134
state,Gombe,cases,25,12885.07403610212,1396.3979929670006,2346.8927208701953,7157.13605501516,16024.04832359336,41210.096562430335
state,Gombe,hospitalizations,25,355.5008504316775,39.487750195274295,82.44665615621494,206.87075353219774,451.22743154331215,960.1029658033009
state,Gombe,deaths,25,20.53427176899642,3.5341555844539916,7.129723746995075,12.376843581675645,20.397121448535863,60.923717819167884
state,Gombe,cases,26,21285.70412799443,891.7320722225361,2882.341006348721,13286.998492983237,28065.898895584727,55379.90164691551
state,Gombe,hospitalizations,26,439.1820173201477,67.46633077862504,115.85823957738374,251.25643633309238,542.8213533631251,1086.571120584716
state,Gombe,deaths,26,37.64186799122935,5.806948065177971,12.989665836056664,22.87183082617861,37.660988994602306,112.12950079663503
state,Gombe,cases,27,26249.85904641024,1269.8779169622921,3656.33194800615,15764.397832276009,33380.44303885866,66854.80690169494
state,Gombe,hospitalizations,27,712.2326913390553,107.11013217277409,188.06052277983412,387.1614380046337,846.3965041907366,1918.132462459743
state,Gombe,deaths,27,58.893425692090844,10.262618772832433,19.739506435057585,34.26866979272943,57.266141519634715,161.59134534065228
state,Gombe,cases,28,34922.19446060707,1900.8478384878783,4789.095696969435,21573.712639752346,46098.4886892234,87191.19833729931
state,Gombe,hospitalizations,28,876.3575578764719,43.79819613785846,152.50044679521045,490.97177316657223,1039.9807341214128,2371.2303016674464
state,Gombe,deaths,28,65.71807482899897,11.443994284650575,24.302456462208035,42.642381085808665,72.30520457566621,166.09527671706212
state,Gombe,cases,29,42712.253947028206,1186.2454759855032,4787.989099140759,26018.92463804028,53646.37290070738,126282.67705793041
state,Gombe,hospitalizations,29,515.6067842246036,41.04992416268828,106.53058998801113,300.45546861643953,643.8058360134285,1258.2958799433834
state,Gombe,deaths,29,72.92064169982326,12.170436425414943,23.768512658433437,42.53116376730334,74.56147705297887,184.0348713531576
state,Gombe,cases,30,33208.056645227036,0.0,2655.061846668402,22321.610313455745,46970.77708720694,91170.64366856616
state,Gombe,hospitalizations,30,482.1023857893035,27.61292232451503,87.85080593315841,265.0650517669715,554.8093331509928,1624.774799303137
state,Gombe,deaths,30,63.833770610123025,12.346349588439017,25.020394813913924,42.38940260270097,71.24753927176886,144.3354247871451
state,Gombe,cases,31,27842.828723899736,645.1663073620975,3299.8200772660593,17344.604802567563,36582.82864975652,70536.94823889264
state,Gombe,hospitalizations,31,251.79855329567516,8.519981689650093,41.96991775131853,156.32774215567252,320.0427806850758,756.9539552282755
state,Gombe,deaths,31,61.23534589409424,11.446102415989193,21.66936310366909,37.253890819963864,60.857630150262025,149.5722814906853
state,Gombe,cases,32,19128.994467952736,526.1384507589887,1996.7046466960828,9805.752213904707,21189.112597704552,64017.62354562457
state,Gombe,hospitalizations,32,125.58865155931971,12.743786513415204,26.809805096817463,66.54161437779227,151.61304685475483,380.40022016347456
state,Gombe,deaths,32,33.067540925643634,5.026789867344272,11.09990452400016,19.256285892457395,33.8281220448868,84.74712490273947
state,Gombe,cases,33,4526.029682376467,282.3386588961853,706.6406237126126,2816.649778473079,6170.7149872386,12428.403989757797
state,Gombe,hospitalizations,33,45.00145634936548,3.1181893768164604,9.047397323038641,25.383985898664292,55.130787778665095,121.66640333879528
state,Gombe,deaths,33,14.035968048697836,1.8947686550755487,4.444976360454348,8.194711312849146,14.629059216050393,38.31044815263897
state,Gombe,cases,34,1956.1567580368733,138.61478629324733,304.89097811235075,1111.378015633029,2441.60814418217,5430.460348597404
state,Gombe,hospitalizations,34,23.076687992565276,1.7150330099955102,4.337824183202082,12.2987819034983,28.603597897870905,72.29088776282089
state,Gombe,deaths,34,3.0374446654183784,0.21232374790140351,0.4832878096978839,1.5154444024869744,3.2135598480181327,8.769074838253086
state,Gombe,cases,35,1841.3008592012889,253.53487241366304,393.749641544966,1062.7663005399493,2394.1373045313658,5187.274286395223
state,Gombe,hospitalizations,35,12.642061645713161,0.7587982084689902,2.3740250131381964,6.632260409782171,15.53390358025454,35.72000236822482
state,Gombe,deaths,35,3.0253872621687425,0.1934092260425866,0.37640584862259563,1.3045702836415636,2.9018036005618555,8.51662150417557
state,Gombe,cases,36,792.2876716529379,0.0,63.93168564554546,444.64605309548836,938.400863202936,2418.72284104338
state,Gombe,hospitalizations,36,19.391769582949912,1.3943387577588988,3.542637182591481,9.94287233719095,22.49621762845654,53.621451480858404
state,Gombe,deaths,36,1.2803825466226901,0.12130886527257184,0.12130886527257184,0.20572522748199146,1.0732807924190841,4.904613293751043
state,Gombe,cases,37,929.5292833341027,126.44227938667822,219.20782789067195,573.352746815754,1287.2577413913864,2331.290583673367
state,Gombe,hospitalizations,37,15.331452402784674,2.393805072128596,4.093652314175642,8.082131543133551,19.545266934473315,40.12131584653346
state,Gombe,deaths,37,3.600338410843662,0.2021024986827098,0.49665970588806774,1.5222012554242883,3.5134224331527832,15.070518274133367
state,Gombe,cases,38,1197.2739296372072,114.1438547093567,228.58535538128592,711.0196024026092,1585.8933637136356,3285.1162058426994
state,Gombe,hospitalizations,38,12.544432275047098,0.6769323334514166,2.4517058592744325,6.897604260797454,16.42008993464774,36.06562025820825
state,Gombe,deaths,38,1.754381626285749,0.1457714446698284,0.1457714446698284,0.6807482963469111,1.700018082351428,5.594419864360028
state,Gombe,cases,39,1305.8375640610238,74.20014938314011,168.6864819390242,691.9887197810897,1549.2249011429049,3761.6021625045205
state,Gombe,hospitalizations,39,13.950589161252134,0.0,1.5015821818398316,7.005263197783317,16.150674348397246,44.34693990835171
state,Gombe,deaths,39,1.7227554034471317,0.11882659171303112,0.11882659171303112,0.6435363845322091,1.8842547640298586,5.510150870066893
state,Gombe,cases,40,1004.3111303794906,99.38648609898539,188.34297045182328,581.7636053061109,1268.670093214921,2513.052015259349
state,Gombe,hospitalizations,40,10.553039389666933,0.9869874318228389,2.2280453370556397,5.6081630566602705,13.461416164175098,26.252797895451355
state,Gombe,deaths,40,1.3559537044599859,0.12828804530012178,0.12828804530012178,0.45549934230958083,1.4142338770837375,5.010892461007404
state,Gombe,cases,41,934.721437435541,86.00829365100998,160.89763028002744,524.8382214291635,1157.752589866419,2514.814322272132
state,Gombe,hospitalizations,41,20.873704361068533,0.22307006408505914,2.8053461671644864,11.190250065069339,25.493591955382083,68.44886550625799
state,Gombe,deaths,41,1.3428011723146605,0.1036984576720123,0.1036984576720123,0.32767018514199253,1.2234184322946384,5.162099234191726
state,Gombe,cases,42,813.4548937903071,95.26346896670148,166.10285439286739,451.648844104033,1012.6415632052922,2398.7731682373737
state,Gombe,hospitalizations,42,13.045067524731042,0.899462071026245,2.7251907671677538,7.187898358582073,16.407734933193403,33.81669411338002
state,Gombe,deaths,42,1.783794532182743,0.1909017175648865,0.1909017175648865,0.719605814815192,1.875851117858278,5.403030238912514
state,Gombe,cases,43,1198.781753970349,111.0981084451661,205.4728052375328,644.5637570224234,1398.2726598459803,3230.1976078139537
state,Gombe,hospitalizations,43,12.770383014364006,0.0,1.7521133474922506,7.516057790678738,17.61524351138571,36.24042703391206
state,Gombe,deaths,43,2.413489550293725,0.15404665021912645,0.15404665021912645,0.9507782979853533,2.3702274251788173,8.617542250114608
state,Gombe,cases,44,1132.3825836937847,107.0301573281941,216.21746119683897,656.8849215304053,1427.618328219108,3095.0428435126623
state,Gombe,hospitalizations,44,15.06933794219695,0.8062288794839247,2.913420222968763,8.421028085674394,18.298023985672074,45.532659039955085
state,Gombe,deaths,44,1.4282231794070166,0.12090750180487864,0.12090750180487864,0.34444649121114307,1.2049428527810133,6.019089562418238
state,Gombe,cases,45,546.837056012131,0.0,45.025979652201144,345.1980923910153,746.0347485361517,1557.0993972982612
state,Gombe,hospitalizations,45,9.807360299935105,0.9046902071405016,1.9002332871849397,4.999918249607484,11.874225645572873,27.333055497707537
state,Gombe,deaths,45,1.5445460751155449,0.12719496232705274,0.12719496232705274,0.5534872259976252,1.5982637514666607,4.928842485748438
state,Gombe,cases,46,952.7093306518174,26.670288740274668,126.27941652700065,590.1538494141054,1218.582195264831,2812.0714349622876
state,Gombe,hospitalizations,46,16.290833341857155,0.39924576812966184,2.4310242886421936,8.418026843788297,19.02611059525767,53.971046006550715
state,Gombe,deaths,46,0.9817496936648307,0.0,0.0,0.0,0.705050778775105,4.009961779406922
state,Gombe,cases,47,808.6868881697378,110.8238727805481,172.6152867730172,443.34607318336003,995.7351254335563,2333.5402238352194
state,Gombe,hospitalizations,47,11.625739616814718,0.08536090995283008,1.5808509498202123,6.206039253595601,13.952853364279395,33.654427981712104
state,Gombe,deaths,47,1.894942513728432,0.10150479559119474,0.10150479559119474,0.664172261197811,1.7453922393093653,7.230778295224311
state,Gombe,cases,48,868.560862670755,134.40241779601823,207.44387291431605,468.294436912309,1069.6243218700079,2269.373320100271
state,Gombe,hospitalizations,48,7.657886845953167,0.08178821050300789,0.7612337520641113,3.763613875699111,9.222208458124493,26.541128224054145
state,Gombe,deaths,48,1.0935301608418817,0.06757254734653462,0.06757254734653462,0.17049899319544207,0.9944216687242311,4.023098173595328
state,Gombe,cases,49,963.2999850773625,50.27936155646823,145.40890927135803,563.2580927681571,1232.5237958466732,2589.2712761278794
state,Gombe,hospitalizations,49,16.928809951566357,1.9153040792706977,3.8653591333128863,8.772615494821748,20.476335651496992,52.40380348663891
state,Gombe,deaths,49,2.087462364353025,0.16760282460805387,0.16760282460805387,0.7770911423290708,1.9605591737919665,6.2111198673404315
state,Gombe,cases,50,644.5140998290752,0.0,47.348677788255685,409.5001463365542,828.7094886065477,1938.5241693061264
state,Gombe,hospitalizations,50,15.868628829124498,1.075306436414481,3.271196662576814,8.86336943520356,19.713322270890846,46.68819643859459
state,Gombe,deaths,50,1.7342801217550459,0.13581053959256228,0.13581053959256228,0.5193014698282541,1.3738667806868006,5.364196853439775
state,Gombe,cases,51,1018.4643299641104,101.77406514663379,170.90713980935845,512.9312209565699,1145.586457861765,3250.297067187883
state,Gombe,hospitalizations,51,7.117771683736363,0.5434617982137175,1.1311884266855774,3.647314358688983,9.104715024327614,21.389597097139166
state,Gombe,deaths,51,2.254763015867556,0.2063300365949532,0.2063300365949532,0.9460571788774549,2.3568517212167728,7.3290457428483675
state,Gombe,cases,52,1006.4451158616168,165.55274116887495,250.61677533898927,578.4289502485901,1313.4800594132764,2274.161159396845
state,Gombe,hospitalizations,52,16.572061036531625,0.8026596141384031,2.8347778844991685,8.77363709135411,20.92116880500128,57.37399119320454
state,Gombe,deaths,52,1.9210963033173507,0.13016154917697764,0.13016154917697764,0.6952386937439122,1.834592450560462,6.18437021000701
state,Yobe,cases,1,861.7217677946172,13.155597825921685,101.42418179406897,531.3552226090778,1111.2583509316123,2501.1866075887647
state,Yobe,hospitalizations,1,14.922058744308119,1.0541542720982944,2.838746517635644,7.516924310974491,17.60773803889967,45.890804568110454
state,Yobe,deaths,1,3.4884424010246886,0.2419567942281282,0.5553948147143135,1.583381879400775,3.163176095640649,10.91782726151907
state,Yobe,cases,2,2510.534679657914,113.2992445184283,314.12634753117305,1386.2230298083848,3107.8602065365467,6501.665879324326
state,Yobe,hospitalizations,2,34.94824271067579,5.01602589213735,8.682007973366929,18.386019900307797,41.47301047987497,98.62682374938953
state,Yobe,deaths,2,10.28901452764593,0.9482531859269309,3.2499239346904045,6.018902927510405,10.621936801937867,29.756569498313876
state,Yobe,cases,3,1063.3087489635434,0.0,93.27811591294369,626.8313236510483,1322.5489871553427,3153.961282158427
state,Yobe,hospitalizations,3,13.490270157361053,0.5555920131611881,2.464538019682571,7.817181883846664,17.60534529651566,38.14236817895379
state,Yobe,deaths,3,2.081602827159595,0.15896032481852007,0.15896032481852007,0.8955166834586242,2.015423597685473,6.3870075825602
state,Yobe,cases,4,998.5252289204668,65.13612174138784,165.2564330733269,578.9904285307938,1250.601921572642,2546.0469857265484
state,Yobe,hospitalizations,4,13.962078074577624,1.068631901186583,2.6110978644364105,6.892471643262506,16.328480912202867,50.04335853539571
state,Yobe,deaths,4,2.9015134042868356,0.2808859298914579,0.5363818792264878,1.4869022807252836,3.0166304306034846,8.785929460787731
state,Yobe,cases,5,1299.7093970181409,151.89816763001704,252.66638554283506,668.6337515066558,1492.6141123292177,3506.7192247209027
state,Yobe,hospitalizations,5,13.79871439975196,0.9967707411170975,2.7148949766646138,7.614272805953695,17.8586312448643,36.80365302682691
state,Yobe,deaths,5,3.4573753070006266,0.20830548143211147,0.6066163235994042,1.7470428547396337,3.5764478333676304,11.155727269932246
state,Yobe,cases,6,1095.7929625634006,33.22805483122194,135.19085746242033,603.057694959921,1283.412060773214,3382.2977597005834
state,Yobe,hospitalizations,6,15.011633945941012,0.4997467762190576,2.407497734073217,7.455989536222165,17.820717399738534,54.030577826585386
state,Yobe,deaths,6,1.5182544050354194,0.16030305979668957,0.16030305979668957,0.5085812755802386,1.4551350115097217,4.734882274407966
state,Yobe,cases,7,992.1842075921646,98.074591425134,186.1107285077681,568.1682746071953,1176.5442858197034,2789.6215936783196
state,Yobe,hospitalizations,7,17.82734966718418,1.121224193424735,3.486558588886862,9.786626710659764,22.304177683111327,49.922968817184696
state,Yobe,deaths,7,2.3469511199384043,0.25814477026412685,0.3004783278896999,1.0696579160304265,2.3066029765655767,7.881301560227227
state,Yobe,cases,8,1032.0070012594765,16.122150783808742,108.90278512967146,606.4561781765152,1269.879334228385,3072.9776744956525
state,Yobe,hospitalizations,8,19.626498088110022,0.789900325358394,3.2600194365961492,11.249981189514317,25.049736266823118,54.3914188538315
state,Yobe,deaths,8,2.090830780134277,0.14162174800847732,0.14162174800847732,0.6255234738861252,1.7242375868142659,8.595666978581788
state,Yobe,cases,9,1935.4679413521335,241.56481800795268,405.90436551999346,1111.0665327258791,2458.6929812163917,5472.218792240536
state,Yobe,hospitalizations,9,25.16358819555946,2.871314191303077,6.136707156359336,13.412508616318203,31.345747867829616,64.35058564717679
state,Yobe,deaths,9,5.283972072825506,0.31865536134061534,1.2380126807086254,2.782950722043591,5.260812987561861,15.650956250861704
state,Yobe,cases,10,2344.7954602761197,139.9326892971219,315.8649622433287,1281.64030627599,2678.303493865138,7036.533327951972
state,Yobe,hospitalizations,10,28.081638547595947,3.6707368818229056,6.711018460951622,15.24504372262009,32.674765459851265,82.86534944485938
state,Yobe,deaths,10,5.522990765229786,0.37141189276450115,1.4873912321125768,3.1444327458612626,5.919939178449207,15.999034944402204
state,Yobe,cases,11,2752.9555296039134,220.11865148547227,433.72583411646514,1560.974681498204,3436.9273655300385,7423.728129535448
state,Yobe,hospitalizations,11,43.73437146387063,3.458277645631633,9.235755147923744,25.77095124799319,57.30223780575514,113.78438420630951
state,Yobe,deaths,11,6.117212316729768,0.2725889684129932,1.3137249479025785,2.9801731591657754,5.927228593446141,18.922961308643938
state,Yobe,cases,12,4291.426678221407,539.8359271426998,918.4315231772213,2475.321212545284,5440.203856895626,12426.632160031953
state,Yobe,hospitalizations,12,63.127904603355574,6.207634711469652,14.541034639393267,36.36762999399115,81.18937258360248,168.6342096546022
state,Yobe,deaths,12,6.652294485276739,0.3058066185191861,1.5617921603992344,3.408927196140799,6.438763815730841,19.94519662505556
state,Yobe,cases,13,5941.926994821019,536.3362471003067,1048.1372357129283,3249.9797419731976,6968.015340979189,15976.03464248699
state,Yobe,hospitalizations,13,99.88001242958768,10.320200471588418,22.212824002856912,53.05281933146395,117.59191631536211,296.5071947366843
state,Yobe,deaths,13,11.274563284311148,1.5704556381149257,3.580501488288118,6.616981863039057,11.976478750203322,36.77941662267523
state,Yobe,cases,14,11420.411163707222,0.0,707.836141033802,6629.035472831962,13888.255714517698,37876.5829370778
state,Yobe,hospitalizations,14,208.2491385247509,14.288328924176357,40.31039017734998,117.19296293215318,240.78075736500293,569.9687275006706
state,Yobe,deaths,14,19.924469984600567,3.142932710822272,6.878891360657672,12.18882571516173,20.22575915730487,53.4333940249442
state,Yobe,cases,15,26872.442018836115,1237.5351437218242,3892.567846311533,16647.39880319705,35190.890360642254,68334.53931721265
state,Yobe,hospitalizations,15,326.56324221208985,19.32813272129401,64.00195550753088,189.03431148519732,405.4671880139777,993.2496029361938
state,Yobe,deaths,15,35.53985062763643,6.498454658513748,13.385028098510565,22.495573605356306,37.399897543959725,90.29124278048508
state,Yobe,cases,16,54000.55523517202,9360.142669765017,13705.79206367458,31232.88453626355,71169.96919713655,139386.5213264254
state,Yobe,hospitalizations,16,911.7024911313339,92.32801564393331,192.7406047586626,466.11624688939173,1001.7761980847317,2961.2178183967408
state,Yobe,deaths,16,85.80802814646347,12.328006313972343,26.039032180956248,44.99158953428962,77.30134285709535,298.6434878229482
state,Yobe,cases,17,83682.26727138241,7389.709505127771,15040.241764841241,51647.88229911498,112249.08162698918,209896.85066713367
state,Yobe,hospitalizations,17,1039.8742177400775,130.626611985925,282.23302032593074,634.491583292655,1398.7191954616362,2888.2054452612683
state,Yobe,deaths,17,148.58087394104982,29.826022747409354,56.86534597158592,90.56177678416644,146.7325248885058,361.0793545832815
state,Yobe,cases,18,159903.65562939848,7832.468692362082,22000.596397011566,95280.82373526339,209503.14380289777,467884.74023675086
state,Yobe,hospitalizations,18,1990.9164679145401,219.09322855355356,507.76439216470635,1158.9953823089872,2514.8077215092503,5401.36187372281
state,Yobe,deaths,18,345.224583364255,59.5808457367992,120.36015898222709,207.0445329879054,358.4849470756618,1003.8703846003554
state,Yobe,cases,19,159355.68735880143,9097.59905416695,23158.500248884506,88943.19674080478,191233.50887692656,476745.10768303165
state,Yobe,hospitalizations,19,2206.192673359625,215.81183020033873,473.09087929434827,1275.2466476512177,2664.889881196598,6490.281927953297
state,Yobe,deaths,19,239.4495715188443,47.384045661506036,93.31318510077327,156.02217454371274,248.6880558562152,605.108093963088
state,Yobe,cases,20,97626.31270320698,9362.334909426107,16620.721039409465,48774.34093615725,109617.36232359923,328748.2031230382
state,Yobe,hospitalizations,20,2129.2904828923074,389.7478638772229,635.9497981629981,1243.3562744152873,2702.934154828774,5802.153598729311
state,Yobe,deaths,20,174.79872848777305,34.369854891770125,61.075966369352734,103.91111972021727,180.20985221709813,500.6074687937701
state,Yobe,cases,21,45498.36035480396,7513.427689611488,10784.173545181264,22851.242061349,53820.153103742414,128571.24541752032
state,Yobe,hospitalizations,21,577.8580367282357,39.22309162159233,103.33062899474892,327.01963347945724,687.3413998579514,1903.7826099249403
state,Yobe,deaths,21,88.6739027662813,14.300459618634266,30.72731762272866,54.46821523167987,94.2262463332638,216.6347107043851
state,Yobe,cases,22,15670.280677430328,867.7394213013886,2418.2814406152515,9477.883515571735,19863.53944716501,42884.451259423564
state,Yobe,hospitalizations,22,198.63854681300882,23.27915542919296,45.72883171593324,111.93555717176022,249.77532068509328,537.731498898221
state,Yobe,deaths,22,16.36456461115838,2.3111742205530112,5.445242222761108,9.78879854112693,17.040821360794396,43.96750187807664
state,Yobe,cases,23,6109.1394214347865,577.1338196629862,1121.7213444331283,3536.24742303852,7979.086339783704,17695.868278675323
state,Yobe,hospitalizations,23,93.20118284403547,10.651660749826757,20.546108481065975,48.34144994828752,104.51597591746129,304.3280872386676
state,Yobe,deaths,23,9.627457024612704,1.1893667841267193,3.311086643017866,6.20686655143387,11.211196408489018,27.706100304796696
state,Yobe,cases,24,8123.0453609471315,591.480937453795,1350.772063843076,4590.851710623346,10315.800825992173,26106.58730875588
state,Yobe,hospitalizations,24,109.00909324211698,4.84144818649645,19.25297764693154,65.10782595122238,140.152668319452,313.5954118977406
state,Yobe,deaths,24,13.672538380071353,1.708933702968582,4.286721470461032,7.9208439247825,13.551076943750934,37.3095667766927
state,Yobe,cases,25,19065.059183034366,2066.570988768072,3472.9100090618117,10590.080361851935,23709.442675761406,60974.37573163873
state,Yobe,hospitalizations,25,264.7610123249928,29.182439861303166,61.207054452627276,153.96159917874672,336.1223935722842,715.4742996577771
state,Yobe,deaths,25,36.759797499801465,6.950914962252307,13.255960338146378,22.457101063297852,36.5211414574298,107.58696958145985
state,Yobe,cases,26,18712.345578892004,783.809238181951,2533.7724463148816,11680.605600074321,24672.87721999769,48684.876293362824
state,Yobe,hospitalizations,26,348.30869899360954,53.331808179599996,91.7334557689826,199.17938970957508,430.55222601939414,862.0476444887714
state,Yobe,deaths,26,61.53410071365579,10.015678019423849,21.639463820458165,37.631762663296506,61.56504421646324,182.07737084832678
state,Yobe,cases,27,38230.52593260931,1849.895829112936,5325.507257617944,22959.59181027639,48615.45077449811,97367.23064964576
state,Yobe,hospitalizations,27,409.56565151376964,61.23257485214524,107.83090140597166,222.44145973972903,486.79578117819455,1103.73044682194
state,Yobe,deaths,27,59.56446021651358,10.38880300665527,19.971867911740468,34.663813246086974,57.91894426238615,163.4129877802887
state,Yobe,cases,28,43274.99054675204,2355.7245829160192,5934.772597109413,26733.870486736563,57124.38934772629,108045.49725468151
state,Yobe,hospitalizations,28,464.522304290638,22.769714272654966,80.44662231083834,260.03793202731856,551.3395303074205,1257.6943520236239
state,Yobe,deaths,28,60.228953322966056,10.420184817367565,22.220737853298182,39.0517748939095,66.27413764257872,152.3477835626961
state,Yobe,cases,29,45858.95569928176,1273.7103349317213,5140.7958813301775,27935.823109579003,57598.5967655333,135586.04710607944
state,Yobe,hospitalizations,29,642.8930218853175,51.41056363555269,133.0249463359527,374.7307851514844,802.6789120048911,1568.5725537199748
state,Yobe,deaths,29,122.76810491703692,21.05175604296492,40.47085039922316,71.88586138349498,125.51541713553229,308.81083015953817
state,Yobe,cases,30,46813.873059780555,0.0,3743.2583434748467,31467.250643008934,66215.25489904212,128523.93925265271
state,Yobe,hospitalizations,30,711.1314194841896,41.177736676098945,129.97319643219822,391.20117277308594,818.3074244526042,2395.522123882985
state,Yobe,deaths,30,96.53188261483278,19.077416277758683,38.14345978492274,64.2723122772316,107.68469399749003,217.63355249468495
state,Yobe,cases,31,31505.875807274653,730.1739821745841,3734.065930919848,19626.539833352774,41395.68591857681,79816.70624780424
state,Yobe,hospitalizations,31,460.21209056075645,16.369085910188044,77.39807021769573,286.04247115607916,584.7384835757697,1381.877382909191
state,Yobe,deaths,31,63.13634655617054,11.82627301829173,22.36180682113884,38.422369451053896,62.74709335128971,154.17156510824927
state,Yobe,cases,32,21843.436706489338,600.9366178078077,2280.168404011844,11197.278651116254,24195.87785943791,73101.52871570928
state,Yobe,hospitalizations,32,200.03580318525428,20.826547060076322,43.16483180124747,106.26303288336534,241.3652205238747,604.7027912937904
state,Yobe,deaths,32,37.78833627396065,5.862022389153989,12.77678956424311,22.06353637253942,38.6548342491843,96.63053032201726
state,Yobe,cases,33,4565.574012966971,284.8136686338288,712.821980825206,2841.26241222435,6224.625931657129,12536.976875743745
state,Yobe,hospitalizations,33,58.57558479726336,4.333413599706216,12.012253838061975,33.169557621260495,71.69425456397545,157.86366651256975
state,Yobe,deaths,33,8.353335244059952,0.7992267665908745,2.3842936616046595,4.714919800636832,8.714151640009991,23.433182388823724
state,Yobe,cases,34,2262.663767168857,160.4796218009905,352.7960467465656,1285.58565495255,2824.1408737043885,6281.072165883526
state,Yobe,hospitalizations,34,19.06611179450857,1.2623912799521255,3.4479189908685273,10.08165097871478,23.668179536963702,60.0720623889689
state,Yobe,deaths,34,3.417992754560998,0.2331392933725167,0.6287046326142348,1.7620505775265158,3.626643864660526,9.7268038888951
state,Yobe,cases,35,944.1867400897395,129.58832659945148,201.52507888708183,544.7620001656966,1227.8177631957456,2660.8280260561523
state,Yobe,hospitalizations,35,10.38723381810855,0.6328319954761064,1.8139114695047325,5.365247744668475,12.789151158927101,29.624205636248046
state,Yobe,deaths,35,3.492010800634794,0.21666335903400413,0.5418949791513911,1.5816552240056287,3.370928376511682,9.660831563929158
state,Yobe,cases,36,974.4291455610762,0.0,78.84129285922577,546.975255578413,1154.1059961792403,2974.3393596544643
state,Yobe,hospitalizations,36,15.401495320124866,0.9252269353712191,2.6526190929348026,7.798885498394489,17.89271136386278,42.91972075766314
state,Yobe,deaths,36,1.8272858496955353,0.15657767403500672,0.15657767403500672,0.5562725050660021,1.676057379392824,6.621294730062534
state,Yobe,cases,37,569.7227538234447,77.16434146434813,134.0603577965204,351.26852845968205,789.128821273515,1429.4668627528083
state,Yobe,hospitalizations,37,11.42513157575137,1.6821105193267147,2.871690029779355,5.903336933075608,14.616477184353982,30.256351779518297
state,Yobe,deaths,37,2.580319307093913,0.15550221510163453,0.15550221510163453,0.9406384617062349,2.4727288906335074,11.365018768928403
state,Yobe,cases,38,747.3110896427103,70.9062822382421,142.37395081556508,443.64971768365314,990.0003654230086,2051.1494608759663
state,Yobe,hospitalizations,38,11.41790745580499,0.6203877221888634,2.1633825566922997,6.237912086610141,14.964978153399048,32.96950416929326
state,Yobe,deaths,38,2.399562743288786,0.18354083397107113,0.2593255756197858,1.1162302720240436,2.3995929154314273,7.3030344125453555
state,Yobe,cases,39,719.1195448586692,40.4382772858234,92.50400960535354,380.8643840709551,853.23566091147,2072.343643663794
state,Yobe,hospitalizations,39,15.031755207509601,0.0,1.6833923102150021,7.5870701598858385,17.397152008671263,47.64266731879205
state,Yobe,deaths,39,2.358976445827123,0.14980758687483675,0.20434940514633748,1.0720464683728121,2.6362504377391884,7.2075062322004495
state,Yobe,cases,40,1050.2905396006772,103.97781229158396,197.00285459960264,608.4171710310513,1326.7403552737865,2628.0359470191843
state,Yobe,hospitalizations,40,12.041503089942863,1.1148465854045773,2.6462220343588108,6.464216647529459,15.334818368425864,29.78325791884918
state,Yobe,deaths,40,2.900888397702689,0.2224251968472346,0.5175930510713351,1.5235377697653765,3.1857871019031165,9.421656482015637
state,Yobe,cases,41,673.2005752678514,61.69071038209067,115.64954023971,377.8739011440973,833.8976858135397,1811.6799231954265
state,Yobe,hospitalizations,41,16.684720390071817,0.0,2.0751810087694613,8.851199824005798,20.410034003814904,55.12310231543714
state,Yobe,deaths,41,2.392928477171011,0.15705141278022583,0.20205509932143811,1.010757758251698,2.3673693305827532,8.332505151452741
state,Yobe,cases,42,756.239165339977,88.50092810399835,154.36382303199872,419.8501115467453,941.4329046675318,2230.1883012507324
state,Yobe,hospitalizations,42,11.161231792991787,0.7497961557370658,2.223522452108633,6.085240956542983,14.06344987539206,29.12795912946192
state,Yobe,deaths,42,3.376626777062869,0.30971699002252273,0.7198742458188727,1.7898708496887341,3.665751378969277,9.388210634852577
state,Yobe,cases,43,978.601118574346,90.52617303902352,167.5814860048864,526.0916784635917,1141.48200411414,2637.2171428050588
state,Yobe,hospitalizations,43,11.298980190409198,0.0,1.456292240451737,6.600677744448038,15.614315043673901,32.23750165953686
state,Yobe,deaths,43,2.8855411935004396,0.17671012219564752,0.31256947203785684,1.2377784322038368,2.8660581017718774,10.032483107046142
state,Yobe,cases,44,881.3202436192386,83.09975246080649,168.1003250261064,511.15290634372406,1111.156556425215,2409.219916244753
state,Yobe,hospitalizations,44,14.683770561027949,0.7627821929291132,2.819287555887743,8.194416464682421,17.833832980447827,44.4133712936267
state,Yobe,deaths,44,2.0550048069878875,0.1570668934223296,0.1570668934223296,0.7465254892774991,1.8643675445298866,8.118264588753973
state,Yobe,cases,45,813.304378668905,0.0,67.41647140751738,513.6148342390411,1109.4485314567623,2315.0759134483424
state,Yobe,hospitalizations,45,17.484353739608782,1.9295079158190118,3.970891951582685,9.283636653959302,21.065943773286797,47.56180299689076
state,Yobe,deaths,45,4.564206023503424,0.29119645154437945,1.1049577087800704,2.5565085240315124,4.948389549092694,12.573319744977896
state,Yobe,cases,46,804.4620509550829,22.369036953048937,106.49426636277514,498.2610045224345,1029.00231244213,2374.789097549817
state,Yobe,hospitalizations,46,8.712134888220524,0.01541234419980686,0.9224856001106998,4.27714742462647,10.221112416211803,29.801601935741214
state,Yobe,deaths,46,3.2843311963284765,0.2692561397798543,0.5405052608123013,1.5012580834825737,3.077485675002203,10.459001721655614
state,Yobe,cases,47,1048.7983288548755,143.9850756956931,224.10064147138004,575.1162393472388,1291.3154422771727,3025.844649993802
state,Yobe,hospitalizations,47,7.2763668401136785,0.05199787883143303,0.6857623383824389,3.706846624933224,8.766917014178343,21.635607668016036
state,Yobe,deaths,47,2.662556450369781,0.13078443328479872,0.2399827515382672,1.1442122492970976,2.5373163018684695,9.604993277057675
state,Yobe,cases,48,1155.635653117694,179.10385547964907,276.2590458431405,623.2262052542403,1423.077732714927,3018.9090605914885
state,Yobe,hospitalizations,48,11.643814320309437,0.11986488948578433,1.5811799494260366,5.981324658553681,13.981179800830738,39.36296026758881
state,Yobe,deaths,48,2.4538477024137793,0.11943734479213752,0.18824647720249754,1.068906639144242,2.525224930276999,7.87853917076326
state,Yobe,cases,49,954.6169973747865,49.817616411646156,144.09056986613126,558.1772293007864,1221.4165276111335,2565.9471716690605
state,Yobe,hospitalizations,49,10.158757178332397,1.0184027478641786,2.02265739278199,5.071343895250159,12.34240761024006,32.17769500432578
state,Yobe,deaths,49,2.5663137247049046,0.19603609044058445,0.2487669266304407,1.0785687873308214,2.462808262959874,7.434462544397431
state,Yobe,cases,50,720.8217005794418,0.0,53.06495531131023,458.0336919691964,926.8062705114853,2167.834647308869
state,Yobe,hospitalizations,50,8.467164194428188,0.4881750089121919,1.3893903414466269,4.517760366570666,10.58743464260885,25.67770298889581
state,Yobe,deaths,50,1.9432193296017695,0.1475682810287129,0.1475682810287129,0.65083436778592,1.5793833178783734,5.915174570456412
state,Yobe,cases,51,736.603130969147,73.35912175294358,123.37830420589374,370.8396676946094,828.5785702236733,2351.379407480605
state,Yobe,hospitalizations,51,7.190549476160574,0.548419567313768,1.1506303454422142,3.689709816109283,9.196896009407132,21.593847797033114
state,Yobe,deaths,51,2.8771874622117095,0.2483934803888288,0.4332680531525725,1.342789851028702,3.0411958236557615,9.027045477849104
state,Yobe,cases,52,987.50438552204,162.42142363293274,245.88618960724588,567.5352476291515,1288.7668398541102,2231.3864083749404
state,Yobe,hospitalizations,52,7.945349941923145,0.27522931098501635,0.944682887302138,3.9563821871107114,10.116607826769862,28.602471161579768
state,Yobe,deaths,52,1.6430411330180004,0.11626079190647892,0.11626079190647892,0.5141936635772032,1.5318687824328343,5.4171068587163695
state,Taraba,cases,1,2175.538970816104,34.71372789901373,257.4100935796655,1342.1004327534845,2805.1613919150313,6311.867372675871
state,Taraba,hospitalizations,1,22.292530113141968,2.006452652966211,4.61837531327259,11.465339160571286,26.234217094904352,67.62920945538892
state,Taraba,deaths,1,6.2185115994274005,0.392512460762116,1.5232267113133138,3.1908704477866614,5.753678891716628,18.33359929106249
state,Taraba,cases,2,580.3762491827241,25.458166426099037,71.94593576149359,320.11653884877654,718.643783181428,1504.2471849080346
state,Taraba,hospitalizations,2,22.24639748696254,2.8899008034440583,5.260287317542007,11.534802166384713,26.46261411645226,63.4176851455748
state,Taraba,deaths,2,1.677794510162341,0.15926146603481567,0.15926146603481567,0.5744434296850961,1.6069718055663138,5.899152084932653
state,Taraba,cases,3,969.5749543630262,0.0,84.97454762775595,571.5349251492997,1205.9770840449378,2876.0872899828114
state,Taraba,hospitalizations,3,17.102719558595034,0.9444973921851973,3.330688951474554,10.021519160876416,22.25676983662361,47.928145814568175
state,Taraba,deaths,3,2.5298459743312005,0.1836690703456163,0.3250472926788401,1.1901552319606834,2.4841401432554076,7.535241840212807
state,Taraba,cases,4,1124.6049259536746,73.47850465563506,186.22795045498012,652.1501801763837,1408.4784678690196,2867.3304341059206
state,Taraba,hospitalizations,4,14.233599898216244,1.0881034415919473,2.676895673669908,7.036280358245988,16.6442231391296,50.97341950123811
state,Taraba,deaths,4,1.8797469155001427,0.20271619449746048,0.20271619449746048,0.7948046263139494,1.8988138918502508,6.062533821747695
state,Taraba,cases,5,962.2502952254004,112.2299078077487,186.85458252477602,494.90239780721936,1105.1073579941835,2596.6683081756005
state,Taraba,hospitalizations,5,13.989535321547473,1.02258583887518,2.7629227121521414,7.72564177286678,18.102443616081956,37.29239466271155
state,Taraba,deaths,5,1.9236555245253906,0.1331366857310221,0.1331366857310221,0.7557491945324332,1.9249979057995021,6.769230220167902
state,Taraba,cases,6,782.2563006888163,23.443230760148033,96.25777794827508,430.3748386566242,916.2353073350537,2415.1094832423096
state,Taraba,hospitalizations,6,13.0757729974986,0.41156736317144915,1.9941230014910472,6.430165695372508,15.537514407605775,47.35463783536061
state,Taraba,deaths,6,2.890782010430057,0.2577525124038875,0.4912343398744331,1.4256593382523688,2.9476303091779563,8.221160946297172
state,Taraba,cases,7,992.6295981494384,98.11902113630819,186.1946377675051,568.4235164576716,1177.07235211563,2790.8730397819204
state,Taraba,hospitalizations,7,12.140213946967531,0.4792791246774786,2.1287934970548754,6.522274999610345,15.251645474938606,34.51217498431593
state,Taraba,deaths,7,2.713503938422822,0.28837786893669226,0.45278623468321566,1.3120497023516515,2.6938618544394926,8.921451496778051
state,Taraba,cases,8,1210.4453714199158,19.079874437552668,127.88767034034043,711.3896955535866,1489.4142463643252,3603.9843566430045
state,Taraba,hospitalizations,8,14.033955006973734,0.30412168781359056,2.1038509011165556,7.925338421487433,17.979842366689322,39.35819739380406
state,Taraba,deaths,8,2.8505329885925237,0.17991934223651584,0.22982700622234592,1.0651002993841125,2.4609305534505657,11.190543580945965
state,Taraba,cases,9,2258.619482825095,282.0432546360566,473.80725724462906,1296.64461878494,2869.1586344072703,6385.571939877115
state,Taraba,hospitalizations,9,19.578934271590747,2.0444121261784445,4.61232613374931,10.334036410359474,24.436785074265664,50.39188026745
state,Taraba,deaths,9,2.2512546191195426,0.16099481074696065,0.16099481074696065,0.9112668715135102,2.163161598204562,7.412592021315272
state,Taraba,cases,10,2804.3613361638727,167.54291308922342,377.9422032514075,1532.9232845379618,3203.207754484305,8415.261507327581
state,Taraba,hospitalizations,10,42.235627864428565,5.944260290693876,10.464426417934973,23.15246563825896,49.06626202630554,123.68756657682012
state,Taraba,deaths,10,3.952719310080049,0.26228198353165877,0.8814835822462456,2.1348836758739433,4.234300011316232,11.858212551774177
state,Taraba,cases,11,5334.02762866274,427.3562687220695,841.1611427539525,3024.8942061650205,6659.034006822326,14382.35851126763
state,Taraba,hospitalizations,11,55.41398059645209,4.622321701963371,11.908282722262285,32.7607731387647,72.52479207065758,143.7542718659471
state,Taraba,deaths,11,6.876975807215204,0.3580709443942321,1.5624986559650313,3.4081248205911816,6.672050204740106,21.065095344424243
state,Taraba,cases,12,10645.56735452847,1340.4430944827468,2279.479172550257,6141.054962656975,13494.895840476667,30823.434001493166
state,Taraba,hospitalizations,12,73.96216602846522,7.425347955084237,17.166656560790997,42.68080480760394,95.07507732390512,197.29351772660883
state,Taraba,deaths,12,18.863109924307754,2.219329521522945,5.666005928940302,10.472411885732576,18.35631019025395,53.50122263770298
state,Taraba,cases,13,22028.239951622687,1990.7978350386277,3887.9415817900876,12049.730704954398,25831.7439167194,59222.66708550387
state,Taraba,hospitalizations,13,168.42379308799661,18.011806761539592,37.98497428906573,89.7794661963271,198.17020039769483,498.65098327520474
state,Taraba,deaths,13,47.69991765457591,9.202601361880106,17.180835346675888,29.23317281843855,50.50598119885281,148.9533085769242
state,Taraba,cases,14,52764.95127063211,0.0,3273.7878139733766,30629.435040989432,64166.67250711335,174991.55447697925
state,Taraba,hospitalizations,14,587.5726796758514,42.00277069768664,115.19721455752561,331.45130375328887,679.0771045446579,1605.0118398835389
state,Taraba,deaths,14,121.19142973261658,23.1946328202982,45.012546379083545,76.02244226069308,122.95795080175147,316.8897832822268
state,Taraba,cases,15,93493.3786918245,4307.941825626679,13544.967935533175,57919.82872774762,122433.80458871524,237742.64823904
state,Taraba,hospitalizations,15,871.0246125768057,53.11677369422177,172.04570784300768,504.9020407717536,1081.0813268715694,2645.8530826397987
state,Taraba,deaths,15,135.9755955563478,27.109266527878802,52.92478947284919,87.07726001896768,142.94872061816892,341.2211631385093
state,Taraba,cases,16,143904.82164054184,24945.00241641682,36525.4882722199,83232.48832533864,189658.66359052045,371445.2610486684
state,Taraba,hospitalizations,16,2301.0288325457527,234.39300591839788,487.6548053971672,1177.166027745844,2528.213783256225,7470.340214901246
state,Taraba,deaths,16,398.71662806000967,60.37019647071186,123.5040464591896,210.7730753744258,359.54670757642305,1378.739721430465
state,Taraba,cases,17,164134.11407547447,14495.02754860025,29500.667578331748,101302.34850029268,220164.6382879761,411689.5181500778
state,Taraba,hospitalizations,17,2129.3330131249195,268.39712036312847,578.6864244725541,1299.6458190411581,2863.7726693343798,5912.2694775588625
state,Taraba,deaths,17,294.36227936873536,59.86904095864255,113.26086793264618,179.7978144631032,290.71253074215895,713.9616168456516
state,Taraba,cases,18,74699.6622868207,3658.4636993102854,10277.210905501488,44510.61916345663,97870.43335995323,218575.33560095812
state,Taraba,hospitalizations,18,2166.795611193388,238.52667825036804,552.6864794439956,1261.418851030808,2736.9446001588913,5878.371222928831
state,Taraba,deaths,18,249.4090435104104,42.815466506153925,86.77447584950522,149.469478529958,258.99968251503617,725.7786400799289
state,Taraba,cases,19,33659.802123522146,1920.8906985515475,4890.96499883674,18786.620312602598,40393.331222268986,100701.74604605875
state,Taraba,hospitalizations,19,1257.2517926843973,122.59767106761903,269.2644431396417,726.5484608556203,1518.7407832135723,3699.4776344399756
state,Taraba,deaths,19,71.47728138788727,13.584114539869462,27.428261327140397,46.33025830179411,74.26198266511433,181.69555067265338
state,Taraba,cases,20,9627.718791966145,922.4804923079862,1638.355558352096,4809.580449799737,10810.363705754475,32422.648078666345
state,Taraba,hospitalizations,20,611.0579653259618,111.26654038065702,182.00330429544266,356.51845843350037,775.8726614846062,1666.3155199425714
state,Taraba,deaths,20,12.977684329461294,1.8112186683472151,3.933837473950818,7.338402834197322,13.402674848396893,38.86808214990858
state,Taraba,cases,21,5072.116862628882,836.84847804236,1201.5321971951867,2546.993942030574,5999.985447873403,14334.630681559987
state,Taraba,hospitalizations,21,101.86795915555633,6.147982896508951,17.540433407066917,57.291857619706896,121.32407691164101,337.4959476859849
state,Taraba,deaths,21,6.454222094264233,0.2790563114302129,1.6311551649852714,3.599994324600499,6.897138764180791,17.04850633637242
state,Taraba,cases,22,4306.537835134031,237.78890329094702,663.9837083382885,2604.4443295727297,5459.131625962715,11786.849868760968
state,Taraba,hospitalizations,22,36.59343155458031,3.5718459343249838,7.799194845112753,20.266142037033898,46.22182917963638,100.44493782387359
state,Taraba,deaths,22,3.876914804655779,0.25799049912631755,0.7966060426352501,2.007368843844529,4.02886432358489,11.534654680791023
state,Taraba,cases,23,5169.971860475941,488.2709489703868,949.1518834174414,2992.549840107923,6752.495961553719,14975.74628610864
state,Taraba,hospitalizations,23,38.18325363915587,3.846455816663471,7.962006791699362,19.523353901120302,42.8888950009728,125.99984286880067
state,Taraba,deaths,23,3.91661369778239,0.31015348300001033,0.9804757310794324,2.3107718503777126,4.609717488193986,12.187332961553318
state,Taraba,cases,24,9990.855460250245,727.6990196349368,1661.55978112234,5646.5704589249535,12687.750257480864,32109.017511588576
state,Taraba,hospitalizations,24,80.96833594549136,3.352332833375401,14.09004219024434,48.2554675218541,104.16970676303504,233.3980288307599
state,Taraba,deaths,24,14.596538077756213,1.8796561645346608,4.619901312426994,8.48305348805704,14.468115139094083,39.723912884343754
state,Taraba,cases,25,20990.69350089722,2275.3915747301794,3823.7680582474163,11659.758558706233,26104.150552719744,67132.76824087348
state,Taraba,hospitalizations,25,213.3215460389099,23.340467089997492,49.16654613171762,123.96795230459605,270.87055002030866,576.7968643949183
state,Taraba,deaths,25,21.16290755203968,3.6665366382465288,7.367082473801759,12.767399357007156,21.02184052416615,62.731667914166714
state,Taraba,cases,26,28072.88488548257,1176.376348765201,3801.683483576596,17523.827028019612,37014.924453767024,73037.89464846472
state,Taraba,hospitalizations,26,274.85951899757333,41.90745267402312,72.23438144288038,157.0876465934261,339.8096902110648,680.574517802137
state,Taraba,deaths,26,49.429655320833795,7.883422633493159,17.257244352837958,30.153985638444894,49.45460922859277,146.63990532463896
state,Taraba,cases,27,29479.283399608143,1426.2234683896675,4106.263111756862,17703.883745643998,37487.08463652362,75079.52137399488
state,Taraba,hospitalizations,27,401.8092186509588,60.05687301995156,105.7748609723839,218.22018921977775,477.5803117069397,1082.8598077154195
state,Taraba,deaths,27,46.28966968555468,7.892553989141832,15.375159667729983,26.84685840682043,45.004825312224,127.37621034431409
state,Taraba,cases,28,30115.8283696043,1639.102653108402,4129.85027216951,18604.45450820214,39753.964711714,75191.21723703017
state,Taraba,hospitalizations,28,495.04173711680176,24.328049393636764,85.78623769604874,277.1514981695345,587.550739197504,1340.213964705568
state,Taraba,deaths,28,72.134468085188,12.640754850849993,26.73583769248543,46.83954475398606,79.35509355235507,182.16512000040564
state,Taraba,cases,29,46200.77219261839,1283.2113724399092,5179.120192500455,28144.049870553245,58027.914638251474,136596.64346265935
state,Taraba,hospitalizations,29,506.74500996438013,40.32860778247734,104.68603075332604,295.28435899503097,632.7449596662427,1236.6941585652223
state,Taraba,deaths,29,107.42923163077565,18.318829883116855,35.33127005440346,62.85294460036386,109.83606296346004,270.4152429465484
state,Taraba,cases,30,26281.037142574594,0.0,2101.0371467589184,17665.364264207645,37172.99141531206,72153.26175515603
state,Taraba,hospitalizations,30,452.49557011712795,25.8593825044622,82.40559399428274,248.75928412442508,520.7466188646522,1525.1393682666599
state,Taraba,deaths,30,52.7007898546447,10.054570910047945,20.552282717591993,34.93875798305657,58.84149753188461,119.37904060621452
state,Taraba,cases,31,11120.232330717583,257.0880206635577,1317.3945225896155,6927.081454730581,14611.101895340165,28172.86056070409
state,Taraba,hospitalizations,31,227.14313862921836,7.59142915003532,37.778751470147576,140.98243170309698,288.72916065424903,683.025234251483
state,Taraba,deaths,31,29.456206399865057,5.09067200485693,10.093565729145597,17.720069472888856,29.270885105283096,72.68462422457631
state,Taraba,cases,32,5617.877736679472,153.83111191264874,585.765832155993,2879.439374787537,6222.960119647697,18802.55085540547
state,Taraba,hospitalizations,32,187.11502466216683,19.42373235732852,40.326312486916805,99.3691270733466,225.78815769988364,565.7736478620045
state,Taraba,deaths,32,12.483580450197621,1.3843849468278935,3.787097416720441,7.014014794562707,12.779085011753729,32.92422141008817
state,Taraba,cases,33,1948.7655409700074,121.0322528651111,303.7765520841349,1212.5447792104244,2657.120451576091,5352.269393416875
state,Taraba,hospitalizations,33,87.78632032743641,6.948460337735367,18.392342559384055,49.92336613937332,107.33725687706388,235.75672789598335
state,Taraba,deaths,33,3.018852783985516,0.1934897614713187,0.4360907273164494,1.4250683166662075,3.122101829469981,9.367973401807056
state,Taraba,cases,34,1286.3930074209404,90.83684386465941,200.21122369880845,730.7082155295415,1605.716800673521,3571.746048140852
state,Taraba,hospitalizations,34,27.46297391686419,2.2099957026714234,5.3109334680695515,14.723209479896745,34.00046654531668,85.65214525845387
state,Taraba,deaths,34,3.5613470445276105,0.2409668017430695,0.683387388834897,1.8547847267243318,3.781980586558939,10.086949731387
state,Taraba,cases,35,971.5900640848704,133.37440830373683,207.39678668670177,560.5850034733303,1263.4442588579973,2738.001067872641
state,Taraba,hospitalizations,35,14.4590765030849,0.9706884312039259,2.8249236713846146,7.652222017878607,17.743464834508067,40.62719770144438
state,Taraba,deaths,35,2.171099008347033,0.15012623941577463,0.15012623941577463,0.7888312632835486,2.028620265314039,6.386899930257669
state,Taraba,cases,36,810.3172644697962,0.0,65.40754048927792,454.77529707725796,959.7528318201216,2473.7215622368954
state,Taraba,hospitalizations,36,17.992222205688357,1.2298425517007503,3.2305482688513067,9.19107354639185,20.881977102101217,49.86884065715007
state,Taraba,deaths,36,2.025644979109475,0.16905448796892186,0.16905448796892186,0.6802833041524377,1.8892976782089894,7.228593802989491
state,Taraba,cases,37,606.5810738947064,82.21233770517019,142.7828029123906,374.0186748065999,840.1567867732697,1521.8490310218292
state,Taraba,hospitalizations,37,9.819198604433502,1.4633622534382225,2.3682002350594518,5.005599854801643,12.585649088271477,26.19165289605433
state,Taraba,deaths,37,3.0628169212376597,0.17763493329050473,0.31546640317098673,1.216850631104298,2.967004356950845,13.124938880895392
state,Taraba,cases,38,671.0411176149267,63.577391605936704,127.76087428954813,398.32976719877337,888.994819472294,1841.9886130091093
state,Taraba,hospitalizations,38,7.743506667289793,0.43555222383505,1.2208987349831661,4.081481455053557,10.208445121475279,22.84878448481848
state,Taraba,deaths,38,2.015417282775023,0.16125461356194837,0.16125461356194837,0.8592696096015408,1.9868015197764544,6.294848653665778
state,Taraba,cases,39,588.177440712833,32.90339608627323,75.50181621786491,311.4285156716076,697.9067079969789,1695.3396014085397
state,Taraba,hospitalizations,39,9.20837390842799,0.0,0.7029387390627728,4.449540260905,10.675230164717345,29.869687683451886
state,Taraba,deaths,39,2.165319674967379,0.14054942598836195,0.14054942598836195,0.9439932771517627,2.411528898073571,6.700279497162369
state,Taraba,cases,40,805.7919086107077,79.56312346601557,150.95333255206515,466.68502524814613,1017.947793231057,2016.6010813408834
state,Taraba,hospitalizations,40,9.72140806142573,0.9154423076545397,1.9940495464162316,5.12914799408753,12.413131473047372,24.277286610811615
state,Taraba,deaths,40,2.1616178248486038,0.17844802675381355,0.2175396008078035,1.0245922756792636,2.3581871988144845,7.361121226742447
state,Taraba,cases,41,583.0303347779632,53.306207848272344,100.04837126670697,327.20181328962934,722.2351808025509,1569.2449704504113
state,Taraba,hospitalizations,41,11.447797671251916,0.0,1.1611916474121906,5.923277269180692,14.046654661271866,38.44248472044184
state,Taraba,deaths,41,1.5821610482985233,0.11618316103898524,0.11618316103898524,0.4875141095627262,1.4911053411554867,5.903980866607733
state,Taraba,cases,42,754.9941894109637,88.35377974425424,154.10838957217842,419.15819242451795,939.883451952029,2226.5200074602153
state,Taraba,hospitalizations,42,10.859522360906514,0.7310872505278727,2.143089156292488,5.908450104221326,13.687586844239124,28.376206633551263
state,Taraba,deaths,42,2.6118539438351216,0.2534119100219854,0.4072092641701322,1.2826855597520481,2.817539904886509,7.499683205939911
state,Taraba,cases,43,762.6446071984165,70.34890633901905,130.41710459506416,409.89246441824605,889.6178287471896,2055.61289633225
state,Taraba,hospitalizations,43,11.012983404468496,0.0,1.3987669507383504,6.422673196753406,15.225215053641366,31.459093911132186
state,Taraba,deaths,43,1.8748731864873325,0.1273469868694086,0.1273469868694086,0.6126656304781083,1.7860930896625222,6.9506112265287125
state,Taraba,cases,44,632.8618799451606,59.4175497312222,120.4822517056984,366.9323991284338,797.9770729472716,1730.5102291265787
state,Taraba,hospitalizations,44,11.475550020195442,0.4748869452459452,2.0356855826034805,6.308001058799793,13.96970165437521,35.09592482266957
state,Taraba,deaths,44,1.9742758504658096,0.1524674993394265,0.1524674993394265,0.6953819361964348,1.7804901923488181,7.851254200491595
state,Taraba,cases,45,712.1774501967511,0.0,58.91907157695084,449.69911459861845,971.5296214497081,2027.4167771375971
state,Taraba,hospitalizations,45,11.000967116998371,1.0053938430123317,2.223066489745155,5.667786187052046,13.307292259216677,30.486888358345944
state,Taraba,deaths,45,2.5269350534874575,0.18197837182324217,0.3154582570254997,1.222580759986013,2.7173469641312056,7.4824200787038
state,Taraba,cases,46,690.6076340610143,19.06566089683433,91.29920349404927,427.6869859415814,883.4043152459639,2038.9547696213779
state,Taraba,hospitalizations,46,11.469859778150083,0.01982125500889076,1.4724387696447994,5.786747263556302,13.431064333999258,38.61281935672636
state,Taraba,deaths,46,1.9888462919860586,0.18324007084721694,0.18324007084721694,0.7022107974928826,1.7748996348859418,6.79833020346843
state,Taraba,cases,47,881.7789364761022,120.9184365316743,188.28788455488518,483.458078355232,1085.7123907212797,2544.2838202882026
state,Taraba,hospitalizations,47,10.315954394723603,0.07131093249514198,1.3118882349979906,5.4550637348824464,12.394545614862349,30.042925724589598
state,Taraba,deaths,47,2.4311017349845323,0.12213966530436449,0.1580206791603877,1.0024811813831251,2.3035019408239084,8.904009956553558
state,Taraba,cases,48,615.1459171139907,94.94227439829919,146.69735708794417,331.5285941914703,757.6137244690026,1607.7214955924032
state,Taraba,hospitalizations,48,15.282168956628984,0.31286954218889956,2.326859876766246,7.998167252300901,18.309109385065327,51.02346045327487
state,Taraba,deaths,48,1.1123242128751012,0.06833082678135527,0.06833082678135527,0.18363399179874576,1.0168024874907426,4.079465917504542
state,Taraba,cases,49,649.7799965870311,33.60695138511827,97.8071195060143,379.8013944086248,831.4693744138021,1747.0988336509133
state,Taraba,hospitalizations,49,14.602085826329516,1.5362326045511603,3.232725688719873,7.5019007883079025,17.683808352244785,45.459807940082804
state,Taraba,deaths,49,2.5892221343604187,0.19736903210761203,0.25725788084795487,1.0927019550459551,2.4863535265297214,7.491812425937824
state,Taraba,cases,50,837.1108055708669,0.0,61.77628621375507,531.9964717974466,1076.3010289783997,2517.2927422357034
state,Taraba,hospitalizations,50,7.011790976025713,0.41218416220005416,1.017450377586266,3.658848553070199,8.783698372545544,21.52496841328022
state,Taraba,deaths,50,2.1438474108386227,0.15880261747119284,0.15880261747119284,0.7765119766137092,1.7757511267676551,6.44162508638994
state,Taraba,cases,51,1008.608828401356,100.78051399443319,169.24525617572561,507.9628765011399,1134.502024306657,3218.8656944710174
state,Taraba,hospitalizations,51,17.0769029735503,1.5439213171801376,3.7718427068756575,9.40558068511898,21.624987115232877,49.131482641365906
state,Taraba,deaths,51,1.9894539490967227,0.1877950450873025,0.1877950450873025,0.7712394263138501,2.0552998038517902,6.580832857035776
state,Taraba,cases,52,610.3618311375506,100.07149979569567,151.6920822725,350.62287102372085,796.6840856778572,1379.667463311171
state,Taraba,hospitalizations,52,11.639620535051659,0.39000924894147193,1.755681470086334,6.023361310406254,14.752609537766222,40.94770354661758
state,Taraba,deaths,52,1.4371830217716466,0.10582928371026562,0.10582928371026562,0.37833252455308874,1.3046966677191314,4.8413314687936575
state,Kwara,cases,1,2072.3371105219126,33.020312724930186,245.15722614332253,1278.4154917813532,2672.1034178095424,6012.53414621747
state,Kwara,hospitalizations,1,31.354967687471586,3.1765642640796377,6.805047431048061,16.31685015106062,36.83377654942991,94.33970322154128
state,Kwara,deaths,1,4.537019522652885,0.30008523865046133,0.9290676488677588,2.204021487713762,4.163350325373857,13.781002738017621
state,Kwara,cases,2,923.773840741032,41.08611394611918,115.03264243345956,509.78925978188533,1143.713120774464,2393.3459845586567
state,Kwara,hospitalizations,2,10.533589796958585,1.0655185946788377,2.1003862811240084,5.207818699369448,12.600767461880928,30.902642347974922
state,Kwara,deaths,2,1.208997547187138,0.12654176644474568,0.12654176644474568,0.25097964824788277,1.071378755711649,4.481745920934054
state,Kwara,cases,3,1546.2913341257563,0.0,136.06395311865032,911.7573485960254,1923.209606534894,4585.763970423692
state,Kwara,hospitalizations,3,12.210040330716161,0.47364872124618174,2.157350594498473,7.03539586074887,15.955680006705565,34.671763085809935
state,Kwara,deaths,3,1.2984804944880644,0.11404977576054792,0.11404977576054792,0.35998245439950605,1.1634856718600828,4.299980100659068
state,Kwara,cases,4,848.3595037636265,55.20002568998258,140.27855646543946,491.8543755685095,1062.5649368897812,2163.3861518091635
state,Kwara,hospitalizations,4,12.800095215834919,0.985272476908233,2.329411496419556,6.276813537243935,14.976759902512203,46.061683483378886
state,Kwara,deaths,4,1.2786358962978326,0.15452812186096526,0.15452812186096526,0.3681580235817852,1.2097310352661854,4.383684760656302
state,Kwara,cases,5,1205.0703980485848,140.7733694529939,234.20973961174968,619.9115172673237,1383.939457743273,3251.499237185729
state,Kwara,hospitalizations,5,11.72847681743823,0.717673357231062,2.193634397141433,6.405549312232276,15.212456557972363,31.49918164644094
state,Kwara,deaths,5,1.2434276193432314,0.09811661813530437,0.09811661813530437,0.29391964592946807,1.1556109872654219,4.725623937023242
state,Kwara,cases,6,1016.2280526408056,30.74500024625342,125.31096990467358,559.236676311569,1190.2351252968008,3136.8583663151444
state,Kwara,hospitalizations,6,15.179048026175318,0.5154723909338212,2.4432270967610648,7.5446549266648955,18.018062281672428,54.6076016803144
state,Kwara,deaths,6,3.68698439328456,0.31271919305002704,0.8092456017782294,1.9429402018162514,3.78947713538306,10.187607768462552
state,Kwara,cases,7,915.8474159682024,90.45965314577359,171.72927481215038,524.4216265578928,1086.0374572903497,2575.1325820030274
state,Kwara,hospitalizations,7,11.63632341218202,0.4241755627812722,2.0083736891160804,6.232760555282671,14.626158357101124,33.1453959702565
state,Kwara,deaths,7,2.3852522124855744,0.2613092131008168,0.31642011638593986,1.0950286185245355,2.347136651108992,7.990172141157414
state,Kwara,cases,8,1517.7199733144566,24.17313549909945,160.58003376619166,892.0873741319213,1867.457887532986,4518.388802162667
state,Kwara,hospitalizations,8,12.11824760400221,0.13760391933615984,1.707533340746017,6.785699804370593,15.556386774709114,34.20503029859623
state,Kwara,deaths,8,2.885806246797994,0.18165387138673406,0.24168326784214467,1.0850090908618921,2.4942959762962618,11.308067649983299
state,Kwara,cases,9,1804.126055441674,225.112740505215,378.30587777261655,1035.6400758519605,2291.8631008889615,5100.995048835054
state,Kwara,hospitalizations,9,19.833280354605886,2.0820791720614027,4.681764743644559,10.474266987500178,24.75150217260744,51.027727265758884
state,Kwara,deaths,9,3.22276016011291,0.21209356362359144,0.4895970458155843,1.517891104279991,3.167129440805069,10.08269647222671
state,Kwara,cases,10,2840.0873806561526,169.6892954369836,382.7680060156542,1552.4576915349955,3244.0131187486613,8522.442015854194
state,Kwara,hospitalizations,10,37.63675576142191,5.205581477362907,9.244925917173322,20.583305798355614,43.74058506816064,110.4242296826771
state,Kwara,deaths,10,3.612679877492157,0.243898429960143,0.7496088962216313,1.9151571768597964,3.8674237456584324,10.956970170972445
state,Kwara,cases,11,4600.071874802694,368.4260119336172,725.3025081930385,2608.6128637301977,5742.793151020785,12403.596736453203
state,Kwara,hospitalizations,11,51.837663173167,4.265896895435252,11.089967368609372,30.62052260311466,67.86371766439358,134.57763344521751
state,Kwara,deaths,11,8.291492866805795,0.6032532019987202,2.0251248598252563,4.203955111914448,8.057140282263411,25.048664769228736
state,Kwara,cases,12,15093.047896690397,1900.8154532404178,3232.1230068475907,8706.8274812225,19132.65044727335,43699.98527663108
state,Kwara,hospitalizations,12,118.52213387448548,12.433650861213204,27.96551250515027,68.64610651694902,152.18525147137396,315.1656823411783
state,Kwara,deaths,12,20.520779325739888,2.488115962996693,6.22256032963277,11.430260016926189,19.972396304246775,58.05160792470728
state,Kwara,cases,13,39869.58497517161,3603.942567681298,7037.5712871050855,21809.542880277724,46753.52324888489,107187.54832301769
state,Kwara,hospitalizations,13,363.76060612740844,39.93143018179586,82.93262004325025,194.44346464074562,427.8030724341494,1074.7225546057707
state,Kwara,deaths,13,44.07582650701546,8.443356602167373,15.827876089075351,26.9833173925809,46.6730718326983,137.7942659268804
state,Kwara,cases,14,88326.19167921835,0.0,5480.812588761855,51272.64395655857,107412.11343596582,292926.79946789413
state,Kwara,hospitalizations,14,878.8927965165414,63.28743547523424,172.71022406402153,496.00150459948946,1015.6882800170563,2399.923960337506
state,Kwara,deaths,14,73.51657827443356,13.75472751501559,27.060049066990842,45.970960730766734,74.59386418400736,192.86023201813566
state,Kwara,cases,15,99327.24726174507,4576.8114923255835,14390.210231978355,61533.976828410814,130073.50046632954,252577.39376325667
state,Kwara,hospitalizations,15,1294.4791899143327,79.3958734812575,256.0766859242117,750.5680201781618,1606.5399088487552,3931.164669641174
state,Kwara,deaths,15,148.46440995383983,29.672142134226547,57.84140753473751,95.10774565802473,156.07331297533236,372.42333876674036
state,Kwara,cases,16,185919.63532711315,32228.249416448183,47189.77955583061,107533.37806423796,245031.791228941,479892.89210779057
state,Kwara,hospitalizations,16,1701.1528348344277,173.0529339422321,360.3183077913179,870.1527048145033,1869.136616104408,5523.415136339892
state,Kwara,deaths,16,271.5904753441933,40.85197675941148,83.90669345256953,143.42062008175887,244.87818344971615,939.9263466005486
state,Kwara,cases,17,182022.40633197495,16074.879482223863,32715.91164519645,112342.91050765257,244159.42639116794,456557.67661440436
state,Kwara,hospitalizations,17,1302.8691036791568,163.88435361867107,353.79674493862024,795.0595305189472,1752.3824756958452,3618.213205642551
state,Kwara,deaths,17,199.04987897888077,40.226808999991455,76.38927547146798,121.45497624236725,196.57789178874114,483.24594105315316
state,Kwara,cases,18,136711.80285956507,6696.337562096931,18809.583633209128,81461.57579474144,179117.603368416,400024.69307674543
state,Kwara,hospitalizations,18,1195.5583341898932,131.21156166264223,304.6183747610107,695.8174442459401,1510.2635217795341,3244.2370510700007
state,Kwara,deaths,18,177.26255747354963,30.191593589386216,61.48537323765876,106.11703414715751,184.08999394630268,516.3831475156385
state,Kwara,cases,19,36602.726135404126,2088.9193281799808,5318.663710092388,20429.199725409333,43924.95980299391,109506.06797273744
state,Kwara,hospitalizations,19,301.4664327812189,28.711180929957138,63.967856592240835,173.89264780698966,364.32479120897415,888.5439499337839
state,Kwara,deaths,19,39.44717034752528,7.138911309392802,14.864871123256288,25.413449614363962,41.00121990305672,100.95633608612029
state,Kwara,cases,20,10939.553094483937,1048.297167785771,1861.7043653879664,5464.9827505019,12283.323719711692,36840.10534181216
state,Kwara,hospitalizations,20,69.90667066546244,12.00603383420167,20.200859662789767,40.418370522254754,89.00038734493647,192.1578366193145
state,Kwara,deaths,20,9.432049639433885,1.0971848521649654,2.6806703547884716,5.2204951582116506,9.744476003523994,28.7418123005044
state,Kwara,cases,21,3422.364017868352,564.384242039646,810.4745955355149,1718.398747375575,4048.4942675843977,9672.7535478871
state,Kwara,hospitalizations,21,26.947613494560077,0.9418936063259523,4.036882378283171,14.836157871594342,32.231800676307486,90.95924585937308
state,Kwara,deaths,21,4.19085364058125,0.19345523477304916,0.8240431028338927,2.188936947741568,4.474675795110998,11.512091243200482
state,Kwara,cases,22,2860.007528769827,157.60030603744372,440.67303504829783,1729.5002968679623,3625.5443450162447,7828.327790961124
state,Kwara,hospitalizations,22,53.14199063206739,5.584508987801406,11.672863078798205,29.62813257275382,67.01028799314662,145.10402766489412
state,Kwara,deaths,22,7.480477399390116,0.6152122425694762,2.1440309241084767,4.262845844255672,7.800429571808307,20.935438824208045
state,Kwara,cases,23,5762.931512990149,544.3760564269347,1058.106591706084,3335.8226949733494,7526.924971548446,16693.14226373576
state,Kwara,hospitalizations,23,81.63545696899779,9.221106375105718,17.900744836551915,42.28346142680984,91.56105522480985,266.8408620007562
state,Kwara,deaths,23,4.6907686023182205,0.36001466827198625,1.2988628289731565,2.8430212613086256,5.511552155007241,14.307367357682367
state,Kwara,cases,24,7740.971251457266,563.6165402834434,1287.1981810569373,4374.896779884091,9830.60135784006,24878.746654409893
state,Kwara,hospitalizations,24,148.95527721556556,6.962790084810554,26.607915784938356,89.11510916584751,191.41274284293544,427.84181227132717
state,Kwara,deaths,24,6.920573618950013,0.45991117059990566,1.8491445627179803,3.8076627651301815,6.84193417179656,19.64597018998561
state,Kwara,cases,25,20249.350004197837,2194.998437806988,3688.69239480731,11247.946737820546,25182.219999961337,64761.86936641305
state,Kwara,hospitalizations,25,197.38395294551307,21.53043693972428,45.436011269845714,114.67496048759936,250.65344035315917,533.8301562614532
state,Kwara,deaths,25,23.982128534698102,4.260221335531197,8.431556881846127,14.518911228289316,23.823496385621787,70.83971868204544
state,Kwara,cases,26,22519.98283382421,943.4958872476873,3049.5274838497335,14057.48441753709,29693.31859738131,58591.08542531389
state,Kwara,hospitalizations,26,361.1529249361629,55.3296113323325,95.14330345317221,206.5400690109493,446.420580609402,893.7822648315791
state,Kwara,deaths,26,37.88516706781495,5.8498063498499135,13.077748347503213,23.022133973990595,37.90440846191191,112.84179304618836
state,Kwara,cases,27,34923.962702076096,1689.8157668271413,4864.828920051097,20973.77882756036,44410.71685825978,88946.05848971849
state,Kwara,hospitalizations,27,379.95963618234873,56.7449647503425,99.98307165285475,206.3290273958664,451.620677457469,1024.067994726624
state,Kwara,deaths,27,56.23784040955083,9.763251032377024,18.819947611703185,32.70490950762181,54.682707593423864,154.38228727182945
state,Kwara,cases,28,31340.349109273975,1705.7876292290878,4297.806620045494,19360.93416344985,41370.36284841335,78248.45953915745
state,Kwara,hospitalizations,28,392.6113243817692,19.097909288122434,67.8652294365322,219.71433499222007,466.01738392931827,1063.2586872634415
state,Kwara,deaths,28,58.92664521331105,10.17728340399588,21.726844791644602,38.19989439588291,64.84325159492984,149.08615566783527
state,Kwara,cases,29,25565.774758466916,709.6466427538279,2865.5335807357933,15573.68313230024,32110.57777864334,75588.31404757268
state,Kwara,hospitalizations,29,272.4468452465987,21.257584407073377,55.917372163164046,158.56439093076582,340.3043092709552,665.5620663875083
state,Kwara,deaths,29,39.889770803688045,6.2852992360359865,12.700838796809096,23.07950229543747,40.79724598841257,101.35305523421215
state,Kwara,cases,30,25745.1495193782,0.0,2058.1767246808677,17305.14806626081,36415.01577018957,70682.04031726431
state,Kwara,hospitalizations,30,425.9146808815801,24.28506096164429,77.51690292348444,234.12002644787472,490.16524038975456,1435.687048042788
state,Kwara,deaths,30,36.94700550423327,6.81157715381804,14.22965664242493,24.3956832048421,41.28626138219792,84.06437482284528
state,Kwara,cases,31,16114.213115216322,372.9824344905722,1909.4195224149785,10038.136113825001,21172.66558042364,40824.33135168421
state,Kwara,hospitalizations,31,210.85254051848662,6.97790565216678,35.00951775716949,130.84330855918898,268.039279497703,634.178232545532
state,Kwara,deaths,31,24.457479616868593,4.090954432927032,8.272677560164864,14.647373654615993,24.302248519124745,60.59009449786989
state,Kwara,cases,32,6376.360960558327,174.73159528929756,664.9727135732139,3268.2667527382587,7063.125725969807,21340.821731462245
state,Kwara,hospitalizations,32,60.124459850047835,5.636309942311172,12.428212514622754,31.613071119634917,72.69057131235513,183.16249922100837
state,Kwara,deaths,32,10.376928271620473,1.0112609467390241,3.0379814070265776,5.759929852910684,10.622844542281733,27.61553951739618
state,Kwara,cases,33,1549.1136039853259,96.01874471022786,241.30511037929074,963.7989639164279,2112.273363768472,4254.985319053954
state,Kwara,hospitalizations,33,20.74939881299917,0.9466044999391023,3.7492495007168767,11.471302550047525,25.53215626512602,56.98251388702128
state,Kwara,deaths,33,1.5079463704393443,0.11578819074670471,0.11578819074670471,0.45120997973610943,1.4667491927150906,5.2044051983760795
state,Kwara,cases,34,1116.1529388470235,78.69268081032357,173.6037989863277,633.9498394394047,1393.250539983254,3099.2993836594615
state,Kwara,hospitalizations,34,11.47637619824813,0.5797609910165624,1.761628540830434,5.880386914682644,14.31600481021932,36.91848522578872
state,Kwara,deaths,34,1.256556516850621,0.11142249684356309,0.11142249684356309,0.32004591463040444,1.2111768631928035,4.126580145124652
state,Kwara,cases,35,899.4988888238437,123.41419034825486,191.949816963644,518.9587064296178,1169.720010544911,2534.9784241959987
state,Kwara,hospitalizations,35,8.912473652787957,0.5503021409259841,1.446939341111592,4.535133315723149,10.990859277904686,25.630394869820094
state,Kwara,deaths,35,3.390517487930273,0.21160775205952675,0.5059165144711409,1.5214150698126434,3.2689374534328763,9.412072499874082
state,Kwara,cases,36,830.2500757806215,0.0,67.0391877716716,465.9737922990215,983.3587316251951,2534.5259932089566
state,Kwara,hospitalizations,36,8.885839570319797,0.46961823260147906,1.195705278808467,4.289289368778123,10.357008496417736,25.401538254543652
state,Kwara,deaths,36,1.466847719090429,0.13352352780264298,0.13352352780264298,0.32713042507075873,1.2820406810931353,5.499152353956461
state,Kwara,cases,37,892.4494950310169,121.36395157351265,210.432972776374,550.4659031186736,1235.9231674170462,2238.3533245749463
state,Kwara,hospitalizations,37,10.206576326667907,1.5161610478781804,2.4897264746666896,5.222284706059285,13.075825660654498,27.172740448619148
state,Kwara,deaths,37,2.1274743425812104,0.13413793789667317,0.13413793789667317,0.6740162915757071,1.9956145123676983,9.666202527299443
state,Kwara,cases,38,643.8742560521879,60.96688904611205,122.55579270326692,382.18709940804166,853.0173094384322,1767.486896969747
state,Kwara,hospitalizations,38,8.004166973310921,0.4486936461006339,1.2879073885690284,4.234799220137179,10.5466247982658,23.56834675608034
state,Kwara,deaths,38,1.3371220848395244,0.1206524604397986,0.1206524604397986,0.3911257982903649,1.2347574698563246,4.458085317122473
state,Kwara,cases,39,736.4122418840842,41.433361476323455,94.74938194708648,390.0343408450513,873.7489750936957,2122.1321874068813
state,Kwara,hospitalizations,39,12.145840312169167,0.0,1.1978867432565035,6.033413487837855,14.068559434864564,38.84176046477649
state,Kwara,deaths,39,1.896185713598041,0.1273741096124893,0.1273741096124893,0.7617603987253185,2.0917270046010725,5.978443617404602
state,Kwara,cases,40,975.6665293065709,96.52614688605708,182.94797014728394,565.158764785238,1232.4930409419303,2441.4184533922985
state,Kwara,hospitalizations,40,8.591869226475417,0.8181206965315093,1.675749066743223,4.477551981309423,10.987167702040832,21.590032332510187
state,Kwara,deaths,40,1.50850944604412,0.1379509382437325,0.1379509382437325,0.5651302458854409,1.5960784397670555,5.463644003135826
state,Kwara,cases,41,829.109001115249,76.18789464664542,142.62466731872576,465.48823386484753,1026.9672095040382,2230.8609262349187
state,Kwara,hospitalizations,41,8.695314049238359,0.0,0.6792455764317704,4.37938536945723,10.69124834916514,29.646804539332628
state,Kwara,deaths,41,1.5266439050997507,0.11331649690452877,0.11331649690452877,0.4508116880650834,1.4296406480555373,5.7336343709685185
state,Kwara,cases,42,804.8038340378635,94.24096787013036,164.32790431376736,446.84085261540105,1001.8747622471203,2373.2830137438364
state,Kwara,hospitalizations,42,7.597692457181896,0.5283448665917168,1.2714594185142551,3.992624541099411,9.614480154278006,20.229706801161935
state,Kwara,deaths,42,1.4401676892340511,0.1640906457785743,0.1640906457785743,0.47809685652360756,1.4719540144105987,4.503760679815641
state,Kwara,cases,43,738.4117667943833,68.0847815825322,126.24682735877809,396.8535567645972,861.3557294649124,1990.350113592862
state,Kwara,hospitalizations,43,12.437873174379662,0.0,1.6852879968263954,7.30927541063202,17.163238081990098,35.33617481706388
state,Kwara,deaths,43,1.1579901165076179,0.09067112863745724,0.09067112863745724,0.14821886583177876,0.9836998985125232,4.660839812458651
state,Kwara,cases,44,855.4307793053773,80.63205713602605,163.13850208042913,496.1250698094099,1078.5231246443807,2338.4980859779807
state,Kwara,hospitalizations,44,6.029079034809454,0.26579711594997946,0.699091711963265,3.0903327080983103,7.378633201432571,19.203108995645245
state,Kwara,deaths,44,1.7721432877774246,0.14090749735554053,0.14090749735554053,0.5668390097971228,1.5696749544850994,7.180156972814419
state,Kwara,cases,45,604.3995434238841,0.0,49.86280229651476,381.57969220373985,824.5398583700467,1720.838453020521
state,Kwara,hospitalizations,45,16.642084127492044,1.795846010741831,3.74408973521263,8.814434826967322,20.05916169014674,45.34611924075637
state,Kwara,deaths,45,1.607419695607216,0.1307850367701614,0.1307850367701614,0.5973343618095732,1.671599677040595,5.096183907891973
state,Kwara,cases,46,681.4538285907363,18.800072062964965,90.0775324038677,422.01289041706633,871.6983509140242,2011.953954089042
state,Kwara,hospitalizations,46,7.223316398776453,0.013021632196235533,0.6242759740281831,3.4585737197365276,8.48053046455727,25.023759024735252
state,Kwara,deaths,46,1.802453633979544,0.17040858702500872,0.17040858702500872,0.5830125773163051,1.5805858059910682,6.252247966196892
state,Kwara,cases,47,932.8278447030659,127.96867620155685,199.23393168837396,511.4730829729107,1148.5542629169206,2691.471247156521
state,Kwara,hospitalizations,47,9.793322050885646,0.06799713793094853,1.204455581993755,5.155099138042646,11.77210567619803,28.600371617898983
state,Kwara,deaths,47,1.0829057448444268,0.0690455399286464,0.0690455399286464,0.13200240086633838,0.8674692991103814,4.598735785011969
state,Kwara,cases,48,922.651745944844,142.8251018086576,220.41008802705423,497.4868163050949,1136.2223228964158,2410.6015003439907
state,Kwara,hospitalizations,48,5.465200168657598,0.060692517484208786,0.3069574408526565,2.534931460913364,6.585586746015556,19.437424856138236
state,Kwara,deaths,48,1.3411173847281574,0.07738380846143189,0.07738380846143189,0.34045072223224593,1.2840036444445246,4.752431752425324
state,Kwara,cases,49,820.0746324562871,42.66290355220162,123.66298118120739,479.4495597308685,1049.3100836793683,2204.5415955026333
state,Kwara,hospitalizations,49,13.786778867870838,1.403326913654834,3.010919009385941,7.056377378438307,16.70472447280342,43.0251838988545
state,Kwara,deaths,49,1.097050161031357,0.10622158668224627,0.10622158668224627,0.12626646513025702,0.876312607751546,3.5701890517420405
state,Kwara,cases,50,634.0787133518637,0.0,46.5669515468918,402.8629692480643,815.294319679014,1907.1649469185734
state,Kwara,hospitalizations,50,7.802847350493367,0.45351593202043716,1.2197502286658675,4.1260146251379215,9.76475879701146,23.783659782448474
state,Kwara,deaths,50,1.3739010869732473,0.11516276998021074,0.11516276998021074,0.2883165491083096,1.0129591918863796,4.396624890382251
state,Kwara,cases,51,965.3797633056938,96.42251281500384,161.95575646611886,486.1702884208813,1085.8825099520395,3080.998651523327
state,Kwara,hospitalizations,51,10.137507483275177,0.748454169796374,1.935067137777585,5.40026920300198,12.916187153209881,29.834894674279678
state,Kwara,deaths,51,1.1378616043135827,0.12651613490304361,0.12651613490304361,0.19327091990599168,1.0583329127435614,4.107151107060873
state,Kwara,cases,52,603.3641172337856,98.91462443421175,149.94435211877908,346.5981574611058,787.5537070168708,1363.864193606696
state,Kwara,hospitalizations,52,11.62705571881896,0.38961972963848,1.752929250418708,6.0163467721364405,14.736876717316228,40.905808539532806
state,Kwara,deaths,52,2.6736060470852276,0.16688744632918673,0.2801825197707075,1.1735609195360461,2.634390482052585,8.2114853073954
state,Osun,cases,1,551.4692615899186,8.064728266663321,64.58870824928277,339.9008572886708,711.2496582277433,1601.3089910580604
state,Osun,hospitalizations,1,25.509418031113277,2.4218671458225236,5.394690393151481,13.187728681843709,29.997285996606962,77.11200247822671
state,Osun,deaths,1,2.130746313517528,0.16508254037733805,0.16508254037733805,0.7625925520163936,1.8404562397143427,7.131307932005754
state,Osun,cases,2,1166.8687049273797,52.14930679686409,145.5341874767081,644.0606276323501,1444.624296135501,3022.748628207112
state,Osun,hospitalizations,2,8.661569163722346,0.8911024871483608,1.5928800680038746,4.191652881892289,10.374440364470239,25.680457839831302
state,Osun,deaths,2,1.1586732694123791,0.12294390797119054,0.12294390797119054,0.21541156780972145,1.0124849389303452,4.325887925857615
state,Osun,cases,3,766.5750759770223,0.0,66.99144054643855,451.7790537798749,953.5163413486965,2274.2932678488055
state,Osun,hospitalizations,3,13.49059430702331,0.5556269276600989,2.4646157795372714,7.817379781164646,17.60576288435527,38.14324671018793
state,Osun,deaths,3,1.103884021138998,0.10239033097615333,0.10239033097615333,0.22094982387414533,0.9423099477986653,3.7581568052607035
state,Osun,cases,4,554.0989139622014,35.72952746972376,91.3326022874972,321.10498311647257,694.0928773737444,1413.5345957045456
state,Osun,hospitalizations,4,11.28554994912938,0.876536762530578,1.961974116400182,5.473736686007675,13.213547753430973,40.86790623564913
state,Osun,deaths,4,1.1030246182186956,0.13986628822600625,0.13986628822600625,0.2383453714475741,1.000068816979284,3.8728735933865184
state,Osun,cases,5,553.6437361426241,64.19827652363087,107.16749085830672,284.5427712249188,635.9014581710386,1494.7487818559785
state,Osun,hospitalizations,5,14.806328570526016,1.1330572361166582,2.9684493809012533,8.20222665739919,19.145797918497497,39.383882826429975
state,Osun,deaths,5,1.0853793858316136,0.08963620782100075,0.08963620782100075,0.18208365198919138,0.9692973331928485,4.230747113767913
state,Osun,cases,6,624.3670388048058,18.515836811989153,76.65204779025373,343.41604870606903,731.3342299468281,1928.057531614565
state,Osun,hospitalizations,6,11.116054655505316,0.35396591841502545,1.5750766287773834,5.390267206981483,13.22298510378089,40.58710170584956
state,Osun,deaths,6,1.118895281969064,0.1301520026891111,0.1301520026891111,0.2248354740395078,0.9933539573443806,3.6562206245291833
state,Osun,cases,7,693.0556697226322,68.23517448064777,129.75647094871601,396.74541821912106,821.8899348933835,1949.1384781766294
state,Osun,hospitalizations,7,10.1115353636569,0.3727451543064113,1.6436146099702482,5.355803317765294,12.731519019726171,29.005337427582557
state,Osun,deaths,7,1.2347162183635858,0.16236742433007467,0.16236742433007467,0.30176964160993125,1.0797810780275938,4.5861447727851266
state,Osun,cases,8,768.0637725968176,11.747132507418923,80.82064173311102,451.2401708428309,945.1467475025972,2287.5209478880365
state,Osun,hospitalizations,8,15.151717465519974,0.4012451410595079,2.335007794444735,8.590046091779033,19.393351435621778,42.363842905488006
state,Osun,deaths,8,1.950015782377705,0.13441126320301622,0.13441126320301622,0.5427620867814084,1.5855366174898764,8.10711623040724
state,Osun,cases,9,1578.222480329428,196.8157269506362,330.83741783231727,905.9091362681929,2004.9213827899266,4462.502840347813
state,Osun,hospitalizations,9,29.413280979412615,3.500368003752353,7.296358019915505,15.754411919444655,36.6016416050239,74.96946931709462
state,Osun,deaths,9,3.690279931968704,0.23645847520706398,0.6607191661488082,1.8071417212457672,3.645841470757528,11.355855897901195
state,Osun,cases,10,2866.9838147088576,171.30520428132579,386.4011226297251,1567.1642143818772,3274.733530272806,8603.133106073949
state,Osun,hospitalizations,10,49.90626776979289,7.176296081501215,12.49842040386054,27.437544373348565,57.948911026517976,145.80936764138906
state,Osun,deaths,10,5.554457462588486,0.37807761172343285,1.4994811454213721,3.1645766749564213,5.953573398787974,16.081658399915657
state,Osun,cases,11,5939.671369064345,475.9841879889726,936.7650758579023,3368.400184510007,7415.095303566696,16015.188114904546
state,Osun,hospitalizations,11,123.71827513063462,11.429654094334635,27.5372302928819,73.63726807478993,161.5463253867193,319.0182457262601
state,Osun,deaths,11,14.05679001437108,1.6006216857734115,3.907026103441451,7.441285817464352,13.691500631205315,41.25328999801502
state,Osun,cases,12,16162.21600964576,2035.5281859180536,3461.1372545724626,9323.635612464808,20487.95878355764,46795.490225489164
state,Osun,hospitalizations,12,377.40457403545645,41.53065743635936,90.70420629153328,219.49811541559188,483.98129971819066,999.973932381259
state,Osun,deaths,12,35.38231953396306,4.897397516416245,11.211265279595057,20.01598264790779,34.45827007761079,98.83922828539427
state,Osun,cases,13,49931.37630368074,4513.6904404516035,8813.834052895701,27313.679109016633,58552.55396005102,134237.78615383038
state,Osun,hospitalizations,13,1389.4483763314847,155.02847369248016,318.94676316449795,744.020277708944,1633.5749124667163,4099.598184970391
state,Osun,deaths,13,113.35724238824685,22.957768577901305,41.69227330747374,69.9935958554762,119.94644632008438,351.1206540323507
state,Osun,cases,14,65807.19843947994,0.0,4083.2242197296855,38200.42609590239,80027.13527611508,218244.84365973654
state,Osun,hospitalizations,14,2302.5910069038123,167.30681965342703,453.7796180913545,1300.1678251550782,2660.7265057104796,6284.705332728437
state,Osun,deaths,14,203.36711537544167,39.46590933482198,75.95671779231148,127.82126331146155,206.32165004239033,530.6757333871467
state,Osun,cases,15,85937.21198708097,3959.6953749093304,12450.189809956119,53238.697293788144,112538.68697800412,218528.32949669063
state,Osun,hospitalizations,15,2941.8587939966624,181.6303404576293,582.9852301001896,1706.2906538443563,3650.7491276553874,8931.455625591852
state,Osun,deaths,15,215.92766183104996,43.51652455980846,84.40045726805886,138.4875780521083,226.97097001432473,540.9741848700348
state,Osun,cases,16,147751.38845710774,25611.802855808863,37501.83221794699,85457.2987643423,194728.21922135926,381373.92721101525
state,Osun,hospitalizations,16,2831.9344807171115,288.68054333551703,600.3508726764537,1448.8806951603974,3111.513985225739,9193.41885901811
state,Osun,deaths,16,167.98016061895717,24.944243818850904,51.63407196866825,88.5270443594568,151.4210810358217,582.2848157236842
state,Osun,cases,17,137177.49680704984,12114.282460986284,24655.48154870689,84664.86292072001,184005.88651558984,344075.80981398124
state,Osun,hospitalizations,17,1009.4550181902533,126.77986844302085,273.95563039970125,615.9195551311886,1357.8128719166916,2803.7693861467865
state,Osun,deaths,17,89.9939548239498,17.75227525669669,34.20100223031068,54.69942172942851,88.86955578980346,219.26233411779987
state,Osun,cases,18,73441.79723510495,3596.842937178401,10104.13877215354,43761.099528354964,96222.40162357784,214894.78525521848
state,Osun,hospitalizations,18,503.4387121036216,54.73704848703818,127.84097244119823,292.76059996668425,636.1104548712026,1367.1098127330501
state,Osun,deaths,18,57.12169631977056,9.169877264332447,19.37307182853357,33.92502193176129,59.347750937946635,167.69042275090732
state,Osun,cases,19,25004.859264289335,1426.7297272599212,3633.1316698280743,13955.904024245792,30007.047566014746,74808.82360496403
state,Osun,hospitalizations,19,93.00865993464224,8.234440591036739,19.192459311609984,53.35784494026457,112.54547262208179,275.47641398518863
state,Osun,deaths,19,9.676329873511474,1.1462744265606666,3.183651335926164,5.965367881467605,10.075946245813904,25.88643093025544
state,Osun,cases,20,6717.273297548627,643.3426655534232,1142.832207671719,3355.499953925816,7542.443490639638,22622.044020952006
state,Osun,hospitalizations,20,31.290186270970175,4.922539863509176,8.654206508624185,17.860626815730882,39.9833534632175,86.9580202474002
state,Osun,deaths,20,2.373751178784314,0.15634612619699584,0.16412295226431778,0.9674191085062289,2.3982644247081177,8.406744696902955
state,Osun,cases,21,2321.0901313155264,382.50381729462237,549.4285084119085,1165.2793796504284,2745.798361639534,6560.77009779829
state,Osun,hospitalizations,21,25.197970310914084,0.8202746809563674,3.7214272884346533,13.84435456370335,30.15052502187266,85.1999269024634
state,Osun,deaths,21,2.4065457553114866,0.12497594666019018,0.1783682865603911,1.0601169792650207,2.536749940906452,7.083060919246314
state,Osun,cases,22,2118.7878947552836,116.51068751581533,326.24591334312555,1281.1682675900313,2685.991784169969,5799.93263682176
state,Osun,hospitalizations,22,35.096360332415344,3.3897682433436533,7.448759352992539,19.419199665438885,44.3411792748813,96.40480604645775
state,Osun,deaths,22,3.9761965716126286,0.26335659504410414,0.8339747069229029,2.0699208747560656,4.133462626271525,11.795370325519169
state,Osun,cases,23,2953.9363336319225,278.5924137885553,541.9614390747392,1709.6550620947999,3858.2649765444176,8557.416667990941
state,Osun,hospitalizations,23,48.34750944434862,5.103717389064409,10.286919506689708,24.84749698067645,54.274497847106055,158.94598499412524
state,Osun,deaths,23,3.260813345125982,0.26776796897426314,0.709824306934966,1.8583224200412203,3.843094598854008,10.385154631013348
state,Osun,cases,24,6224.335169995183,453.00933323356384,1034.8428340777014,3517.6676931864667,7904.61108048722,20004.855981332148
state,Osun,hospitalizations,24,127.40974617508735,5.818614767639466,22.640927397297798,76.16644638388911,163.76490725701248,366.22142402227394
state,Osun,deaths,24,10.262739119309252,1.0786513006306233,3.056670138735069,5.84524830070638,10.165505815649315,28.396153445801577
state,Osun,cases,25,8628.345373604245,934.7877249432019,1571.300231381331,4792.549072969596,10730.404788266653,27596.60532694706
state,Osun,hospitalizations,25,234.93634393424267,25.795256571278944,54.225952317351904,136.5712443318337,298.28929116411825,635.0689451972178
state,Osun,deaths,25,12.67426820817151,1.8787634214722482,4.161611884198723,7.493040717375589,12.585164735422712,38.31575140266311
state,Osun,cases,26,9633.721623218808,403.0652385449633,1304.0476260321311,6013.3669617304095,12702.540681839346,25065.30816912977
state,Osun,hospitalizations,26,280.8479600713389,42.838900509854504,73.82417533303874,160.5194605817747,347.20808905774436,695.3703416043026
state,Osun,deaths,26,13.80483455738923,1.6074398102017848,4.3588203234514165,8.14423930410183,13.809309670216145,42.334892709760766
state,Osun,cases,27,14114.4622520525,682.3690930677747,1965.5992956512432,8476.278167085191,17948.675692913406,35948.31623167172
state,Osun,hospitalizations,27,322.3098935747283,48.0065524920162,84.70153645701743,174.95440413068962,383.12663484498586,868.9468206214144
state,Osun,deaths,27,29.277557958652974,4.693367403929221,9.484029717472353,16.8286683610592,28.45412231130581,81.19156524736637
state,Osun,cases,28,17047.067819260064,927.4038169890441,2337.3275143320984,10530.88649472266,22502.872493998846,42562.64158574135
state,Osun,hospitalizations,28,366.62070843556353,17.770817468440754,63.31796626922697,205.14027237428664,435.1796017014932,992.9842633099468
state,Osun,deaths,28,22.303497311679102,3.3461566968541363,7.837069359291617,14.242423170887339,24.602382843728556,57.35925662649452
state,Osun,cases,29,22836.6427944557,633.788439126189,2559.544534998121,13911.158589993685,28682.817117595743,67519.5084948239
state,Osun,hospitalizations,29,444.6875801609743,35.27735739891675,91.76891033665231,259.0719975747364,555.2876088780799,1085.4211438513307
state,Osun,deaths,29,42.940177853898106,6.828801222417284,13.722956469659474,24.875894853193852,43.91542761472152,108.98885536124406
state,Osun,cases,30,16588.013651514095,0.0,1325.7867769867676,11149.84885123136,23462.886132414063,45542.11542381256
state,Osun,hospitalizations,30,216.30661691986862,11.870484168556613,38.96630886410508,118.67970267892095,249.01064700500294,730.2957613610015
state,Osun,deaths,30,21.712538562468442,3.67540274831933,8.115288387973067,14.199881498108502,24.309268383254206,49.912921168090776
state,Osun,cases,31,6422.7329431197,148.07399728799933,760.516714257911,4000.7231072491813,8439.08347507748,16272.479110036005
state,Osun,hospitalizations,31,67.36371955918561,1.5737923411757968,10.617211966860642,41.534634100712445,85.79611758238545,203.91805011046534
state,Osun,deaths,31,11.0011644854154,1.3986933270998525,3.368986224676898,6.372537166942537,10.921602419165971,28.01926360447692
state,Osun,cases,32,5990.927932776913,164.11074523442136,624.7227157293082,3070.6791082793043,6636.184742586552,20050.966665077514
state,Osun,hospitalizations,32,45.153840456576454,4.010943099525512,9.139371039634902,23.625468837634774,54.642256468982886,138.0573696353761
state,Osun,deaths,32,2.6067571800575116,0.18700543166447436,0.25372389016948044,1.098842143680085,2.6086936529791362,7.884633658941542
state,Osun,cases,33,2061.91319269237,128.11396434239447,321.46318456224583,1282.968571194595,2811.3750987531494,5662.927505631337
state,Osun,hospitalizations,33,19.860620333148887,0.8669915765735519,3.5550130050361712,10.96124678154569,24.44703469907371,54.611124406120595
state,Osun,deaths,33,1.147476487724749,0.0959838858167027,0.0959838858167027,0.20299636856545622,1.0448386949059145,4.143209478281225
state,Osun,cases,34,796.4334104077773,55.885323426443314,123.63369880181395,452.2326759347755,994.2280698551497,2212.020460160321
state,Osun,hospitalizations,34,9.615952243594663,0.4926926101626723,1.3468877609301015,4.84709188864216,12.015850504152695,31.223895275449532
state,Osun,deaths,34,1.0944643463436523,0.1015958594848186,0.1015958594848186,0.20362766097937324,1.0161674729334154,3.6744538205152795
state,Osun,cases,35,682.655427205606,93.45479334690731,145.48678769366936,393.7507276080076,887.8063037952305,1924.3054440104584
state,Osun,hospitalizations,35,11.576528932618963,0.6992935093678758,2.1094351117314485,6.03374112747945,14.237320448495446,32.84043219063814
state,Osun,deaths,35,1.3605952779547652,0.10730578299494914,0.10730578299494914,0.2786035279340757,1.1647679328317677,4.2799369650922285
state,Osun,cases,36,318.4998565415274,0.0,25.14844299742031,178.46477594936957,377.3032841204939,973.439276441599
state,Osun,hospitalizations,36,8.133743137064908,0.43350161825662425,1.0268416460436318,3.8825095399110223,9.483582663472196,23.371092864959603
state,Osun,deaths,36,1.8547772467266672,0.15831130942177096,0.15831130942177096,0.573503627592624,1.7056868128259055,6.705678064522098
state,Osun,cases,37,467.5058294273483,63.165042280276054,109.87093431671391,288.1769392432714,647.6160859808958,1173.2690465950209
state,Osun,hospitalizations,37,11.846086811272194,1.7393917459131423,3.0035334201631048,6.1384175669118655,15.148268025562686,31.320730218376358
state,Osun,deaths,37,1.311399742132277,0.09445905928062143,0.09445905928062143,0.17883133289614725,1.1094921633848103,6.511070116504904
state,Osun,cases,38,364.1395258206267,34.08677896586031,68.95953573375623,215.96750097450092,482.560124294558,1000.3494273017881
state,Osun,hospitalizations,38,10.844862553725754,0.5916052473655817,2.016619531671167,5.902113980111555,14.224293634154836,31.393511667277817
state,Osun,deaths,38,1.5921986139992925,0.13608041081982652,0.13608041081982652,0.5690104407598754,1.520518135081573,5.156016127116523
state,Osun,cases,39,421.44985523839387,23.309289153039458,53.85305266883634,223.01635245594377,500.1275334324512,1215.3032212896194
state,Osun,hospitalizations,39,5.466177541669936,0.0,0.06840099435410862,2.4189686921609432,6.324883292138965,18.367229284215053
state,Osun,deaths,39,1.5245416747145164,0.1090110080178412,0.1090110080178412,0.5077732636187897,1.6460030088759598,4.972384619160889
state,Osun,cases,40,352.9613472155599,34.34521282821153,65.66602097762937,204.18602113206663,446.03984978661447,884.1759533939277
state,Osun,hospitalizations,40,7.506691765724442,0.7244816689647826,1.369492860678937,3.8506119183693883,9.615161430035783,19.0044619279413
state,Osun,deaths,40,0.9508854347107809,0.10178924290802258,0.10178924290802258,0.15485566687230823,0.9155568079344679,3.769300143096835
state,Osun,cases,41,426.3537392364589,38.73759513114118,72.94033620017132,239.15579976138167,528.2143925723167,1147.998638733973
state,Osun,hospitalizations,41,6.265292142228309,0.0,0.25166382925354347,3.0096470611955803,7.7143374875311395,21.843291810597517
state,Osun,deaths,41,1.2036041621770381,0.09626992391230701,0.09626992391230701,0.23256131839996289,1.0641418214650693,4.720671625532107
state,Osun,cases,42,488.94749030697625,56.90872568643687,99.52321467663317,271.2976641800664,608.7712024935513,1442.6193459556264
state,Osun,hospitalizations,42,9.895014065550395,0.6712514756236407,1.8858432870421966,5.343028582953061,12.485482526780865,25.9719134573316
state,Osun,deaths,42,1.3204692029430238,0.15454743686718025,0.15454743686718025,0.39213347313785335,1.3281897342046904,4.183672123173161
state,Osun,cases,43,403.7102945937572,36.81292584431763,68.64739175000528,216.7615198922708,471.00255255528106,1088.9473436910973
state,Osun,hospitalizations,43,6.811860578131695,0.0,0.5508642518494802,3.798948272345857,9.49001696372259,19.98563529846249
state,Osun,deaths,43,1.1384233152839336,0.08962455104561698,0.08962455104561698,0.13496547245765694,0.960802909207138,4.5954991887370085
state,Osun,cases,44,539.6637689125513,50.53422406308802,102.62044814695057,312.83448652098565,680.5017107066976,1475.9224589924934
state,Osun,hospitalizations,44,7.942977517442843,0.33953922087474275,1.1704835811059273,4.22514465916003,9.703180804057482,24.808210382989333
state,Osun,deaths,44,1.130124028007148,0.10298711799828059,0.10298711799828059,0.14517848244176854,0.8781358176210445,4.9787506499956375
state,Osun,cases,45,311.81988262854367,0.0,25.27804709524706,196.65814535358163,425.51160175533965,888.5803989545617
state,Osun,hospitalizations,45,8.094010722687665,0.7598745667959599,1.4359869216143921,4.039498874583927,9.813421608910831,22.797724461256127
state,Osun,deaths,45,1.0905885612848771,0.1005957050841649,0.1005957050841649,0.22861896398578546,1.0549097958876097,3.6889914449069883
state,Osun,cases,46,346.94344049153443,9.094567600821394,45.43358392046025,214.6624584372599,443.9232543403075,1025.2538288888313
state,Osun,hospitalizations,46,8.275797118463267,0.014712627243564036,0.8352051867554824,4.03756611981394,9.711676439195411,28.403216143514946
state,Osun,deaths,46,1.2102379349870123,0.1285711474168376,0.1285711474168376,0.19436318905087327,0.9470197123058348,4.471730378402353
state,Osun,cases,47,574.2521176604582,78.44666087827122,122.34713928758734,314.6911928642371,707.1428636547428,1657.6031306007792
state,Osun,hospitalizations,47,8.861999223824911,0.06208403320998812,1.0127537382739382,4.619845054141413,10.661429540869834,26.02629125978586
state,Osun,deaths,47,1.0868380794555115,0.06921067459129493,0.06921067459129493,0.13470978551098828,0.8719356833697229,4.612126155281673
state,Osun,cases,48,470.0117859044694,72.34292211128816,111.90701439881887,253.20096549215717,578.9210791616433,1228.7846396695393
state,Osun,hospitalizations,48,13.951232727467378,0.2052817727657865,2.054228498078174,7.260780396667776,16.726755661768113,46.76021274436112
state,Osun,deaths,48,0.9548187185691841,0.061875802419814004,0.061875802419814004,0.07181935977831182,0.8262807302928329,3.5996228102928343
state,Osun,cases,49,359.50601898429517,18.170720859703614,53.73477527453424,209.947134694243,460.15122431737416,967.3694585564167
state,Osun,hospitalizations,49,12.191789306518519,1.2051015348964222,2.5767863658527723,6.184373630564649,14.788405838490917,38.259999305668295
state,Osun,deaths,49,1.4891901375206285,0.13116292556861991,0.13116292556861991,0.39071924220279874,1.3168798226501375,4.643291398210226
state,Osun,cases,50,437.8035074316321,0.0,31.86376069411382,278.02683571173486,562.9735216466378,1317.3412882494472
state,Osun,hospitalizations,50,6.345990596023268,0.3773340732113515,0.8468753491477694,3.2649438338962007,7.956488619744939,19.620486810977614
state,Osun,deaths,50,2.428912175043641,0.17467580338262545,0.17467580338262545,0.9540840174762699,2.053202559122317,7.185456015378735
state,Osun,cases,51,541.6209739046074,53.70261360097345,90.49944425009303,272.5454801496147,609.2831086328324,1729.5382142333413
state,Osun,hospitalizations,51,4.71883112643716,0.37936080338857026,0.4876654741460277,2.244034658013224,6.053546030725804,14.628946818773318
state,Osun,deaths,51,1.7016527821501968,0.16750566964261837,0.16750566964261837,0.5798747302634192,1.7252052329987597,5.761799724674415
state,Osun,cases,52,559.0150043793105,91.58274481315324,138.86783728943843,321.09090202739685,729.6884957194604,1263.7084854380055
state,Osun,hospitalizations,52,14.956044486654044,0.6365741157986052,2.481466038505493,7.873156837523295,18.901492868060913,51.99578593394909
state,Osun,deaths,52,1.4567860299368833,0.1068318623695918,0.1068318623695918,0.3913902220648226,1.3265303191837043,4.896669595135856
state,Cross River,cases,1,508.33831722111995,7.357000399868757,59.46787558783602,313.2850526644338,655.6408284411507,1476.2088566880648
state,Cross River,hospitalizations,1,21.20813927053181,1.8664093859858295,4.35666634100046,10.884692457772706,24.965622782647213,64.43239919033087
state,Cross River,deaths,1,1.8006261721304855,0.1456850559299135,0.1456850559299135,0.5554848740224956,1.5066977113593192,6.175865165085781
state,Cross River,cases,2,1489.8898209839635,66.84992547820838,186.0642215204034,822.4785767020328,1844.470932239299,3859.090214775723
state,Cross River,hospitalizations,2,12.055131746041205,1.206895397226571,2.511756576562432,6.0314941968180955,14.405365735020897,35.135598572769894
state,Cross River,deaths,2,1.6860294546214305,0.159827032286454,0.159827032286454,0.580034562877032,1.6162296336455726,5.923652220975012
state,Cross River,cases,3,676.3010737791978,0.0,58.99435535985148,398.5236346465387,841.2470846245178,2006.6755509535894
state,Cross River,hospitalizations,3,8.248462317933267,0.33068219573251767,1.2043332546937409,4.609985264652158,10.8377633956307,23.904568330365525
state,Cross River,deaths,3,1.125680995934732,0.10371638719012094,0.10371638719012094,0.23676233356578863,0.9674647856742201,3.819779649317315
state,Cross River,cases,4,679.1324865257817,44.00269090528483,112.13011213253372,393.657704382158,850.659470345778,1732.1522502650482
state,Cross River,hospitalizations,4,14.478389121650563,1.1056546878684417,2.736204466414037,7.165906577889361,16.928826692279973,51.81175733809213
state,Cross River,deaths,4,1.0892792208917552,0.13870086142441168,0.13870086142441168,0.22802693872285967,0.9834033729047644,3.8322706892947305
state,Cross River,cases,5,667.2162777134895,77.54870940208802,129.31658594691004,343.01240883543534,766.3176381819036,1801.0282539516065
state,Cross River,hospitalizations,5,9.941679473834428,0.6162953003705303,1.742974580538201,5.360538180750219,12.924686014905994,26.91316038688485
state,Cross River,deaths,5,1.6105227365514934,0.11719215708882919,0.11719215708882919,0.545479627079873,1.5746984174856864,5.838782589651341
state,Cross River,cases,6,591.8638842165828,17.50148127379088,72.61600334658979,325.5146730276896,693.2704108487726,1827.7927974119189
state,Cross River,hospitalizations,6,11.735138829322668,0.3721760266883418,1.7075538583143235,5.719020489940522,13.954699896745577,42.72658911251275
state,Cross River,deaths,6,1.1923730305515392,0.1358229522647708,0.1358229522647708,0.27820369018865854,1.0802078631236383,3.859100271628621
state,Cross River,cases,7,687.6995310833913,67.7008755628412,128.74740234380278,393.6759531948589,815.5395616187349,1934.0889475546737
state,Cross River,hospitalizations,7,13.33418771763657,0.6141377792892674,2.414030322568063,7.208044080742008,16.73322863758601,37.749646574924164
state,Cross River,deaths,7,1.2366395264746695,0.16254017411293192,0.16254017411293192,0.30315465109595424,1.0819938478063977,4.592088115795519
state,Cross River,cases,8,884.1102693896187,13.67067321331973,93.16736636823697,519.4831562321662,1087.920173723565,2632.8584735634963
state,Cross River,hospitalizations,8,13.702183253128343,0.2752903399890203,2.035231380590273,7.728018233588924,17.560238550540113,38.465963764452965
state,Cross River,deaths,8,2.7591752772930214,0.17541534624980237,0.19904023348561706,1.0134037816836428,2.374291634425706,10.88537261554604
state,Cross River,cases,9,1242.616439852653,154.77722148806882,260.31749852524797,713.178733752843,1578.6360802621955,3513.948388036898
state,Cross River,hospitalizations,9,27.812241645682448,3.2633860407469766,6.859485477999894,14.872152197048592,34.621601121144934,70.96904225152335
state,Cross River,deaths,9,2.4468483920135773,0.1714785123974747,0.20434529518045802,1.0357252410876192,2.3691411717950475,7.960405360451916
state,Cross River,cases,10,2693.018096467616,160.85353094175,362.9021807260334,1472.0426527326404,3076.0343850629824,8081.224386195253
state,Cross River,hospitalizations,10,68.14304044150441,10.105390267098196,17.334124043451848,37.625072447960285,79.06689780364859,198.40267650192243
state,Cross River,deaths,10,3.176299580016979,0.22014006945872722,0.5791779553594427,1.6311891532138763,3.3932837190850647,9.792231193878322
state,Cross River,cases,11,5882.217680033707,471.3711569851092,927.6957199375081,3335.8138893938203,7343.372427998875,15860.291633641215
state,Cross River,hospitalizations,11,133.60892173230957,12.415374237588283,29.800344175124582,79.55629510646592,174.43688420111096,344.39694320464565
state,Cross River,deaths,11,10.651294554513674,1.0117030822261543,2.795815281730084,5.529731252277395,10.3645661204789,31.684905377893713
state,Cross River,cases,12,16932.060570088728,2132.5268367547583,3626.0368346652504,9767.762573342205,21463.83595176779,49024.37978722086
state,Cross River,hospitalizations,12,724.8158200824154,80.57782998395507,174.89735500464514,421.93627362971324,929.2400761852609,1918.9628267293322
state,Cross River,deaths,12,16.902794182913418,1.9014650485686353,5.007829607707257,9.339669141259485,16.445141017967845,48.11997716616031
state,Cross River,cases,13,40849.5261786954,3692.5450238681647,7210.56563926893,22345.603478659108,47902.658226744505,109822.03374912916
state,Cross River,hospitalizations,13,1393.2397622640408,155.4539221811158,319.8191735881263,746.0517514755771,1638.0319670645913,4110.779434514211
state,Cross River,deaths,13,36.041186842174646,6.7601025108315875,12.828350341109145,21.99536284690602,38.175469063941605,113.05454404432987
state,Cross River,cases,14,64869.5500331068,0.0,4025.031275976049,37656.123599147024,78886.87643519873,215135.22787439235
state,Cross River,hospitalizations,14,1788.7813061052207,129.7664418739869,352.3422627619959,1009.9458851804702,2067.035657201325,4882.695875911628
state,Cross River,deaths,14,78.70867820362683,14.782794308472509,29.015192233083706,49.24376159645045,79.86102628358397,206.36785300990755
state,Cross River,cases,15,79339.11106348902,3655.603985994771,11494.221414372234,49151.098535746765,103898.1967403684,201750.2435711248
state,Cross River,hospitalizations,15,2227.213449007605,137.2802794631565,441.1699079039115,1291.6911713949582,2763.956187653158,6762.292764520973
state,Cross River,deaths,15,104.502332936294,20.650522370602385,40.534340985170076,66.83950362030043,109.87322370621973,262.5880570158368
state,Cross River,cases,16,120723.05735961681,20926.455138925587,30641.44250198259,69824.419877234,159106.42070810753,311609.0461652297
state,Cross River,hospitalizations,16,2026.7002288818574,206.34164804099572,429.42269790005474,1036.7661175855822,2226.811960777372,6579.994142916916
state,Cross River,deaths,16,163.3393155095834,24.231715101857827,50.18853792143162,86.06828739976162,147.23501193812672,566.2655713667845
state,Cross River,cases,17,118083.42487359453,10427.938899942768,21223.51047980739,72880.0998963069,158393.70378171938,296183.26462548226
state,Cross River,hospitalizations,17,1509.554715779597,190.02135115722623,410.038113180234,921.2486171913963,2030.3236656609977,4191.920562170494
state,Cross River,deaths,17,161.39460618318944,32.46671063195185,61.822336994855974,98.40534702423095,159.38791970938757,392.0966081785865
state,Cross River,cases,18,77812.65882605627,3810.9643344140595,10705.534239085866,46365.549489232115,101949.0243700851,227684.0555492082
state,Cross River,hospitalizations,18,510.3702486998609,55.50293615997898,129.61138754642872,296.79719014175384,644.8650455237921,1385.9091296908755
state,Cross River,deaths,18,34.80322376351917,5.264552889200297,11.549628935340225,20.513499264669875,36.17367158608171,102.91178258668805
state,Cross River,cases,19,21096.942802709436,1203.6040722683329,3065.189437013304,11774.718543124663,25317.38877391592,63117.54158361344
state,Cross River,hospitalizations,19,101.67474407334463,9.085707263611493,21.053878796616956,58.36876263846783,123.01253618830847,300.9630858261457
state,Cross River,deaths,19,25.877030489634258,4.4081525152889105,9.54190657796637,16.55123732636379,26.909015644607784,66.7480555436756
state,Cross River,cases,20,6690.617748534929,640.7861593288948,1138.2939172323952,3342.1826408196403,7512.513980661214,22532.284400878263
state,Cross River,hospitalizations,20,23.063271852657543,3.4133263874676154,6.194069658710153,13.054460405222994,29.53975481035613,64.54408424315054
state,Cross River,deaths,20,5.275723222822005,0.2966238650450195,1.2086038067433513,2.732637797454805,5.447274087442548,16.84671636808816
state,Cross River,cases,21,2187.0429308613875,360.36530838037277,517.6539447945336,1097.9536183971554,2587.2340468335456,6181.979068211846
state,Cross River,hospitalizations,21,23.930608894048586,0.7321730422759131,3.4929093150905706,13.125884996501119,28.642833721820367,81.02783414432427
state,Cross River,deaths,21,2.5317626950382563,0.12982729914101587,0.22411052787243146,1.1400871966167099,2.6740405240818657,7.3968315182390425
state,Cross River,cases,22,2906.9007998645175,160.19984122617052,447.9122682200722,1757.8640278606924,3684.98514859277,7956.654233735303
state,Cross River,hospitalizations,22,48.151634647715156,4.977584619254032,10.504747212294506,26.804997232526855,60.74146807484489,131.6369498771615
state,Cross River,deaths,22,3.2766135371551135,0.22526708621049685,0.5687252424534337,1.6259153686174677,3.3910051608808653,9.94476403650061
state,Cross River,cases,23,5105.49823860845,482.1705347724718,937.3050323996713,2955.225134880299,6668.2908340346585,14789.010580924001
state,Cross River,hospitalizations,23,74.34846787998305,8.319785158221817,16.23403267145943,38.46662392483677,83.39880352038801,243.22202439060004
state,Cross River,deaths,23,4.671790641089548,0.3587960796515475,1.2910815680129226,2.8300132858291454,5.489511654836591,14.255554514165514
state,Cross River,cases,24,7002.67793578764,509.7733259303403,1164.3524515338413,3957.600559358789,8893.035803917934,22506.15315672065
state,Cross River,hospitalizations,24,112.33090398584143,5.017852929277806,19.86459332823165,67.10420316119529,144.4153099372196,323.09581675356054
state,Cross River,deaths,24,6.266979830561173,0.3613126191734528,1.6125851367926525,3.4084910422756454,6.190832269106612,17.931771858415075
state,Cross River,cases,25,10594.392992288438,1147.9908299951949,1929.5217408853302,5884.676613580634,13175.370416093358,33884.24406260335
state,Cross River,hospitalizations,25,173.94050285625062,18.867967692371536,39.94856988970522,101.0054064611542,220.9150225975112,470.6281487987252
state,Cross River,deaths,25,8.984807089694412,1.1009966395084647,2.767078997273905,5.198442662332088,8.914807602249914,27.69366095200043
state,Cross River,cases,26,11784.892499765254,493.28214888708396,1595.4296936752553,7356.213495386641,15538.899965919487,30661.941239684955
state,Cross River,hospitalizations,26,253.05556917239815,38.516045523637,66.44593236466561,144.5923913025132,312.8720756879243,626.7028346995264
state,Cross River,deaths,26,15.55963799358444,1.9167096135572574,4.994432812440326,9.228842323642324,15.565849656918118,47.474867060977346
state,Cross River,cases,27,19402.822106400235,938.3935256436728,2702.386302674011,11652.292936457816,24673.526993356623,49416.7381768129
state,Cross River,hospitalizations,27,337.6579876578138,50.33298045875357,88.76994039623446,183.30727177439786,401.3618075031254,910.244739168075
state,Cross River,deaths,27,19.556495396771183,2.865123453500164,6.117416859524856,11.103558287745267,18.995867273403512,54.798356926384336
state,Cross River,cases,28,17258.68701206996,938.928179429024,2366.3533900183033,10661.6197757807,22782.215144446724,43090.98800507184
state,Cross River,hospitalizations,28,344.4289153207657,16.637695145842972,59.4353371058306,192.69637404079984,408.8491105451653,932.9812421862697
state,Cross River,deaths,28,22.794852934906594,3.437823203791058,8.023455478391266,14.563907136327668,25.142372809172095,58.5901347506677
state,Cross River,cases,29,20784.08574169643,576.736126186102,2329.4127633659336,12660.787952114677,26104.82733447688,61451.02812706046
state,Cross River,hospitalizations,29,441.13949327757814,34.98855595664898,91.03038369017612,257.00158304130855,550.8590430927304,1076.7722229885348
state,Cross River,deaths,29,38.01035825985576,5.950437549058032,12.071093079595594,21.97271141437724,38.876076267135915,96.64849669342604
state,Cross River,cases,30,18762.546172572656,0.0,1499.706415434663,12611.539330991573,26538.6106297594,51512.05897893988
state,Cross River,hospitalizations,30,227.7328772044867,12.547233827325078,41.06779825112404,124.97264371274298,262.1565875798309,768.7484062248942
state,Cross River,deaths,30,25.178118677990682,4.388831013153908,9.506206930859253,16.519259243006488,28.171255980662455,57.681817017687365
state,Cross River,cases,31,9884.635208137426,228.41374047965573,1170.9173097516546,6157.352785189353,12987.657681441517,25042.66811898226
state,Cross River,hospitalizations,31,104.99671550424628,2.9911719375757495,17.014775183386114,64.95832743843687,133.59447494784393,316.76579563912827
state,Cross River,deaths,31,17.77031329943785,2.7534212082983016,5.836491088376118,10.53637984845141,17.654654536892874,44.40868906903353
state,Cross River,cases,32,6915.231038860636,189.58049999695143,721.2458347809634,3544.5120710339893,7660.027663695481,23144.15525641261
state,Cross River,hospitalizations,32,36.847927311527144,3.109118372429015,7.314577714479256,19.19359717734267,44.628260748311945,113.03106781325896
state,Cross River,deaths,32,8.372063396754248,0.6558341484660977,2.324395830121677,4.56532592642109,8.568874156596525,22.558647417934434
state,Cross River,cases,33,1240.7194209863508,76.7168968522922,193.09858709649308,771.8525223227989,1691.8383120522537,3408.258417367627
state,Cross River,hospitalizations,33,18.737320366815627,0.7663691032835395,3.309518231419635,10.316589221279578,23.07555364825035,51.61393419359055
state,Cross River,deaths,33,2.520307615046134,0.16846108891799128,0.25032666260545283,1.1113760553509504,2.5888915131371997,8.026834680346061
state,Cross River,cases,34,1168.5126513899752,82.42778789719421,181.7872843498151,663.7092304020714,1458.5975081089623,3244.6069587288475
state,Cross River,hospitalizations,34,12.728449325815616,0.6382564297556685,2.04026521289605,6.574588935007398,15.861325097348598,40.74430045650255
state,Cross River,deaths,34,1.0363320134167082,0.09802995902310996,0.09802995902310996,0.16138168310413292,0.9454022610530084,3.5103857460746863
state,Cross River,cases,35,568.036537345498,77.61888665391102,120.92740833899892,327.5684252823475,738.7926519061814,1601.5165596508323
state,Cross River,hospitalizations,35,6.102472121332616,0.39229458826415353,0.7443527653980955,2.945837538311287,7.547939129300457,17.984043516874205
state,Cross River,deaths,35,1.3166331033246768,0.10489734039025755,0.10489734039025755,0.2499056970694491,1.1161804366765276,4.161430536250339
state,Cross River,cases,36,549.4199692884222,0.0,44.0511467269161,308.1998232707713,650.7786455533144,1677.8612164698113
state,Cross River,hospitalizations,36,11.076344692726352,0.5745567977368156,1.686346709278169,5.471207783381461,12.894789385464378,31.301095276531296
state,Cross River,deaths,36,2.1646623876417563,0.1777529107785033,0.1777529107785033,0.7667395396241945,2.0379617753870773,7.6519826694232655
state,Cross River,cases,37,415.75207715899774,56.077015848415755,97.623516017989,256.23285074898524,575.9663558758238,1043.5527751707077
state,Cross River,hospitalizations,37,9.51694352772093,1.422141120178357,2.27332213470591,4.83642941779019,12.202957891902546,25.425697135646583
state,Cross River,deaths,37,1.311556416732654,0.09446697167230508,0.09446697167230508,0.17893007805945818,1.109668865634203,6.51169928356604
state,Cross River,cases,38,489.1267527157018,46.09698025471682,92.90667853232745,290.2354570721355,648.082711411859,1343.1112463356017
state,Cross River,hospitalizations,38,8.334788148040271,0.4653514093274618,1.3728460095967598,4.429141276698131,10.975293542809139,24.480447265401132
state,Cross River,deaths,38,1.0471960154713784,0.10252471428927966,0.10252471428927966,0.1821124450365469,0.8989904579457355,3.638020937697399
state,Cross River,cases,39,430.3744667973576,23.82284350813069,55.01186993867877,227.74888793615355,510.71427768606776,1240.9986586375635
state,Cross River,hospitalizations,39,8.843294597724915,0.0,0.6413153018986564,4.252340329904535,10.252744143389293,28.752620923737428
state,Cross River,deaths,39,1.3015832775116825,0.09777331426147462,0.09777331426147462,0.3523403903826096,1.3732326526261953,4.356705243602968
state,Cross River,cases,40,451.8407839809516,44.2189314257342,84.28923692341834,261.50492999392833,570.920854185285,1131.4506922838705
state,Cross River,hospitalizations,40,7.418625273891144,0.7168730709598816,1.3446081473387772,3.7996701792672924,9.503679663777042,18.79437254178534
state,Cross River,deaths,40,0.9106841536031011,0.0990583573576791,0.0990583573576791,0.12387224894627402,0.8641646739702017,3.6413454351734926
state,Cross River,cases,41,519.9208250506728,47.437954183407946,89.1292241100657,291.73677954923176,644.0833880616315,1399.5664720303864
state,Cross River,hospitalizations,41,7.241413497532719,0.0,0.42375641625797145,3.5609376870079146,8.912480988372945,24.98404022203576
state,Cross River,deaths,41,1.2637886081290925,0.09950586569904904,0.09950586569904904,0.27399166874038144,1.1335242672217007,4.9129617989215815
state,Cross River,cases,42,479.42943561734705,55.78375121673429,97.57038202864874,266.00782371593783,596.9253705047842,1414.5746102285316
state,Cross River,hospitalizations,42,7.270098906641397,0.5078978192464905,1.1835535047637735,3.7994090168768864,9.203697743048107,19.40811308929556
state,Cross River,deaths,42,1.125733564314724,0.13869385151523392,0.13869385151523392,0.24932743710724656,1.0893623850428904,3.65192737148338
state,Cross River,cases,43,509.3093806915266,46.67926842364537,86.82014647391574,273.5809727084328,594.1598797877987,1373.3419956828495
state,Cross River,hospitalizations,43,7.333629347917862,0.0,0.6566118176930131,4.126170398850106,10.205291532885017,21.416566373084972
state,Cross River,deaths,43,1.5836713835967484,0.11274738707454335,0.11274738707454335,0.4277827888286354,1.4666835370672613,6.039119365705065
state,Cross River,cases,44,394.79618863574325,36.725941040021375,74.85597704055556,228.74443779966427,497.89745745119046,1080.190036749637
state,Cross River,hospitalizations,44,8.583158621306147,0.3641260750486497,1.3276535338378312,4.6035099903914665,10.478223949142041,26.677045163081367
state,Cross River,deaths,44,1.4626773043447046,0.12293984195364566,0.12293984195364566,0.3670453584540284,1.2420058457181724,6.137073784344478
state,Cross River,cases,45,470.67771126311845,0.0,38.62650273670209,297.0625238015447,642.1666361253365,1340.4604207808693
state,Cross River,hospitalizations,45,7.026608020638802,0.6694199554813749,1.1460097861890803,3.439602612964237,8.52620409781678,19.964870184541628
state,Cross River,deaths,45,1.0704669651174665,0.09937766590645895,0.09937766590645895,0.21374252337278807,1.0300284091927334,3.6322159068355955
state,Cross River,cases,46,358.6129666473151,9.43315028435299,46.991016400133915,221.89600986830638,458.8464601057442,1059.675489044094
state,Cross River,hospitalizations,46,4.990167344198839,0.009411148514355538,0.1739160029646133,2.222353296906774,5.851881457888401,17.80819987792385
state,Cross River,deaths,46,1.462641138400099,0.1467092917356571,0.1467092917356571,0.36285769444604943,1.2216950593251377,5.243653451900052
state,Cross River,cases,47,499.640635387436,68.14225182389423,106.34874030070007,273.7453412680122,615.295155326046,1442.4786064528425
state,Cross River,hospitalizations,47,13.265370229681135,0.22679568368370706,1.9171649507886115,7.1450674809641335,15.901378884974385,38.17029098674645
state,Cross River,deaths,47,1.4083928965837638,0.08235708900470956,0.08235708900470956,0.35024539713989955,1.2275057221557946,5.678137093816522
state,Cross River,cases,48,473.0377535184425,72.81410630171496,112.63237410145372,254.83405390318887,582.6467235228215,1236.6852667943056
state,Cross River,hospitalizations,48,7.9307590436846995,0.08440374085710323,0.8175567882431596,3.91595094983795,9.549107608303713,27.421874439346265
state,Cross River,deaths,48,0.9861519722158404,0.06318784596060152,0.06318784596060152,0.09454672027938274,0.8650060436162545,3.6971553700705346
state,Cross River,cases,49,506.2841814398194,25.976110686486596,76.02012704746213,295.8345998125952,647.9096868831366,1361.6426408586726
state,Cross River,hospitalizations,49,5.828996274061874,0.6183590448713505,0.8353127407539868,2.6864299708793458,7.101312023612691,19.14500435798508
state,Cross River,deaths,49,1.803533017329697,0.1504590993596433,0.1504590993596433,0.5953163878956665,1.657730070667697,5.473510235592617
state,Cross River,cases,50,264.53179616561346,0.0,18.883753163418163,167.8212368298882,340.2241952313725,796.6437330067876
state,Cross River,hospitalizations,50,7.7788415235654025,0.4522626551371345,1.2136160193649947,4.1118490464237665,9.735010727755053,23.71517092528614
state,Cross River,deaths,50,1.288199695368371,0.11014189270655551,0.11014189270655551,0.23214840306768056,0.9251980077721521,4.161342330999402
state,Cross River,cases,51,562.3028514035952,55.787591528068276,93.9869251773205,282.97160516676297,632.5439133186917,1795.497292623819
state,Cross River,hospitalizations,51,10.087759002722182,0.745086214253198,1.921859681616359,5.371468745993457,12.85356595133284,29.69614128277976
state,Cross River,deaths,51,1.4427350753152892,0.1489980301587882,0.1489980301587882,0.4053149556616799,1.4240983147708652,5.014690974068304
state,Cross River,cases,52,338.7238230058034,55.163788052706636,83.84850589349173,194.39110869611812,442.2600684820963,766.214446579124
state,Cross River,hospitalizations,52,8.118054131326767,0.2806117574698379,0.9827135444781157,4.053310315095952,10.33400671683064,29.181383764584993
state,Cross River,deaths,52,1.4334874615898916,0.10564006000081272,0.10564006000081272,0.3758680536239503,1.3005758493847326,4.8308871156815725
state,Ebonyi,cases,1,1413.6735628846036,22.212454394207864,166.95593361696177,871.9600457921434,1822.8895003289058,4102.104173254574
state,Ebonyi,hospitalizations,1,26.69778498628985,2.5753092686676435,5.681438775554441,13.823929654739562,31.387255029029262,80.61467250285764
state,Ebonyi,deaths,1,1.4360063998922892,0.12386806577255449,0.12386806577255449,0.3225440416917198,1.1313084928350081,5.10124719086797
state,Ebonyi,cases,2,690.9157104507066,30.488792563423207,85.8155186019488,381.17206429388796,855.4733263527992,1790.447509963901
state,Ebonyi,hospitalizations,2,10.572749225430048,1.0691611156381606,2.110985084436672,5.2290403935163585,12.64726226806278,31.01170289744872
state,Ebonyi,deaths,2,2.958468503165328,0.24441039879340165,0.4630122157215397,1.4162175327637838,3.000785842962963,9.587774647547814
state,Ebonyi,cases,3,736.9125693976068,0.0,64.36373394001771,434.28022596707433,916.6265670485682,2186.3586233785527
state,Ebonyi,hospitalizations,3,9.25480351659977,0.3670785552717408,1.4469520189256009,5.2274453013188715,12.140680511362419,26.64567636345226
state,Ebonyi,deaths,3,1.1764468789396592,0.10677916161626316,0.10677916161626316,0.2732842771957539,1.0255645806357663,3.9621091138262345
state,Ebonyi,cases,4,694.8408484055661,45.04207450819903,114.7429688568993,402.77273147158223,870.3294249848732,1772.1811906248831
state,Ebonyi,hospitalizations,4,11.0031959669657,0.8562561255852428,1.89344222559532,5.323952319828234,12.88468556074859,39.89919865563258
state,Ebonyi,deaths,4,1.6487087908107387,0.18439386242603234,0.18439386242603234,0.6325827256504017,1.6368070459176027,5.424192665686904
state,Ebonyi,cases,5,684.0811685249723,79.53117443868089,132.60560338964635,351.69482485298175,785.6837156290787,1846.5090522435794
state,Ebonyi,hospitalizations,5,11.158616895734925,0.685278382927196,2.0500008418553635,6.072485083742528,14.483302094510023,30.0375324958856
state,Ebonyi,deaths,5,1.0962104975292293,0.09022364415843012,0.09022364415843012,0.18983050906782126,0.9822032429902638,4.265027132983666
state,Ebonyi,cases,6,750.4449026961081,22.450463499845817,92.30763163970201,412.8544535267373,878.981591079173,2316.9786585650895
state,Ebonyi,hospitalizations,6,11.394064469569622,0.3621450500049592,1.63457922353352,5.537927853562309,13.551637272572714,41.54805969530569
state,Ebonyi,deaths,6,1.0983248750644474,0.12854786285295658,0.12854786285295658,0.20973922245638615,0.9687856185984117,3.598832118510011
state,Ebonyi,cases,7,892.2997457581374,88.11066713971158,167.29301646854708,510.9270635936121,1058.118744640405,2508.9689877103497
state,Ebonyi,hospitalizations,7,12.936875352696463,0.5692712940130504,2.3191341227730873,6.979893737183802,16.240316785960605,36.67256352177994
state,Ebonyi,deaths,7,1.7673101434365055,0.20895970696507726,0.20895970696507726,0.6753200586212664,1.6765864298782296,6.189121707151862
state,Ebonyi,cases,8,990.572781200927,15.435353585249887,104.49440642223382,582.090127048555,1218.9023058471232,2949.6754514319096
state,Ebonyi,hospitalizations,8,16.590964541764876,0.5262802054957295,2.632595205993872,9.4457793221011,21.213078716813648,46.23325927883603
state,Ebonyi,deaths,8,1.6793410840188512,0.12037709120149503,0.12037709120149503,0.3816789456266854,1.3155751221405043,7.156222439443202
state,Ebonyi,cases,9,1913.1192919845014,238.76539336950546,401.2083089538225,1098.2322458871226,2430.305826017299,5409.052733516777
state,Ebonyi,hospitalizations,9,31.806132239983913,3.8545193702169045,7.949230524337903,17.072881402525578,39.560660232973056,80.9478007215049
state,Ebonyi,deaths,9,2.7705963177608983,0.18846416254706555,0.3236406375369625,1.2373721778516606,2.702868426881356,8.847970271782431
state,Ebonyi,cases,10,4430.666484936002,265.2495781567847,597.620255887467,2422.1598941030584,5060.731444658978,13294.285069606625
state,Ebonyi,hospitalizations,10,63.81940891202104,9.410951387936304,16.187660187168426,35.209781190905076,74.0601789552831,185.93368911458768
state,Ebonyi,deaths,10,2.0792096804044715,0.1598877842575206,0.1598877842575206,0.911033301225801,2.190842999124453,6.838400056049832
state,Ebonyi,cases,11,8865.388431863244,710.8937951339973,1398.60433827219,5027.793710728795,11067.44286178639,23902.98933090641
state,Ebonyi,hospitalizations,11,168.88629184328755,15.931182224653496,37.87228418495663,100.66792872382264,220.41416279031955,434.9161721221897
state,Ebonyi,deaths,11,11.374538383322447,1.136803288776228,3.03186267856803,5.935790543826731,11.071285507442607,33.717456031104085
state,Ebonyi,cases,12,37770.04983214748,4758.065742175242,8089.503689992849,21789.296941824025,47878.67213707566,109355.48965043388
state,Ebonyi,hospitalizations,12,535.647350091699,59.31630211938585,129.05344722392982,311.70692126174856,686.7927678363853,1418.5653149608527
state,Ebonyi,deaths,12,16.14674113043425,1.7788647724906408,4.753971106500141,8.90277044696058,15.708003375700699,46.04443165356248
state,Ebonyi,cases,13,103018.44478451979,9313.615826024998,18185.5830793647,56354.08030229247,120805.47999683177,276957.68376078183
state,Ebonyi,hospitalizations,13,996.4429122870297,110.92756081325093,228.51490803965328,533.4428517882214,1171.567920388171,2940.5781738887677
state,Ebonyi,deaths,13,46.71392299426859,8.996036116012316,16.81274013347865,28.621061989533935,49.46317404677159,145.91730423291327
state,Ebonyi,cases,14,130718.11225094217,0.0,8111.767467660498,75881.04520014998,158964.23242511257,433515.3020290853
state,Ebonyi,hospitalizations,14,2431.3336858575603,176.71312085161227,479.1962594097015,1372.8872580217833,2809.4845968648424,6635.9996993169725
state,Ebonyi,deaths,14,92.62738764336343,17.53878190075906,34.25643758911474,58.01731467223799,93.98095845665193,242.57837560587217
state,Ebonyi,cases,15,178901.16167710148,8244.191309056738,25919.30749418973,110830.92416270993,234278.88299055508,454923.18825099076
state,Ebonyi,hospitalizations,15,2293.3166825615485,141.38256944602122,454.2875353122481,1330.0407760091412,2845.9827218466367,6962.93589502944
state,Ebonyi,deaths,15,123.95489448537724,24.64245418161037,48.19245907534064,79.34777792007351,130.31607220316099,311.18852640830005
state,Ebonyi,cases,16,103190.78652828826,17887.244733553074,26191.36343217581,59683.95409954548,135999.88790811104,266355.1684989293
state,Ebonyi,hospitalizations,16,2208.9397527872497,224.97647516511464,468.1069306214933,1130.035329917936,2427.036523215128,7171.460880626318
state,Ebonyi,deaths,16,187.18148380939834,27.89230475495512,57.61491506289573,98.70005938521031,168.74078547500014,648.5638405379789
state,Ebonyi,cases,17,103864.67159309164,9172.172025060958,18667.829844237607,64104.35847785499,139321.1189220183,260519.1964066208
state,Ebonyi,hospitalizations,17,1053.2003812873759,132.31180864908166,285.85921212368106,642.627691025515,1416.6395998689172,2925.1955288170802
state,Ebonyi,deaths,17,201.94291768727567,40.823014080791275,77.50844720352008,123.22586952214854,199.43518163957998,490.24890580874677
state,Ebonyi,cases,18,50451.6723006618,2470.594125325001,6940.882139089557,30062.054445337722,66101.16130171942,147624.99970815625
state,Ebonyi,hospitalizations,18,511.84986297861076,55.66642347928653,129.98930251991874,297.65884561706866,646.7338111509124,1389.922054879301
state,Ebonyi,deaths,18,95.2044414645899,15.833427513809978,32.72200263045901,56.80874339245218,98.8890610605678,278.2204792490931
state,Ebonyi,cases,19,5455.51940209948,310.54433683820383,792.0024285704276,3044.5304848860724,6547.044143274658,16323.221902083293
state,Ebonyi,hospitalizations,19,85.68456675939841,7.514997261485731,17.61929090841851,49.12289550661939,103.69929162461418,253.93649395875067
state,Ebonyi,deaths,19,36.43274880865686,6.5323395926775305,13.682503881879127,23.444924480238576,37.87097912609545,93.35779772406867
state,Ebonyi,cases,20,1999.220052812058,190.83904307563648,339.5512127159336,998.325007744905,2244.896567312546,6734.520319316187
state,Ebonyi,hospitalizations,20,25.02871887118061,3.773909100408108,6.781847884672961,14.202754235523148,32.03494929072046,69.89924305957246
state,Ebonyi,deaths,20,4.315889119222411,0.2506899758870904,0.8665889710950692,2.154617647832098,4.448877099868973,14.083051039405476
state,Ebonyi,cases,21,1423.7985522755143,234.31200460507222,336.7344106243456,714.6109701621747,1684.3929467585235,4025.200537879726
state,Ebonyi,hospitalizations,21,20.948137521689084,0.5247946851308293,2.9550114666509515,11.434712837427547,25.093949165645164,71.20733869159004
state,Ebonyi,deaths,21,3.5211073537570017,0.16793466041821992,0.5834157158991489,1.7682530485274874,3.7524577023226398,9.861498767472893
state,Ebonyi,cases,22,2483.356570086551,136.72060628291297,382.5268650194497,1501.6802659583261,3148.1104802130394,6797.598294660709
state,Ebonyi,hospitalizations,22,37.30649915663202,3.6585710684220842,7.9661102144955125,20.669547804941104,47.117598531172746,102.36928653610697
state,Ebonyi,deaths,22,2.5610916648779556,0.18602155221236616,0.2954253970472404,1.1684341954513486,2.626013944337627,8.037991430161503
state,Ebonyi,cases,23,4302.33051525476,406.1758001673083,789.7251681815818,2490.2598102374404,5619.32168036764,12462.786508849349
state,Ebonyi,hospitalizations,23,50.90002368836883,5.419446738147969,10.870762355539545,26.184520449647895,57.133703166384855,167.21957279509394
state,Ebonyi,deaths,23,2.4319288321594703,0.21350068793474342,0.3633022171268311,1.279039592957278,2.8615672836049955,8.077778627802996
state,Ebonyi,cases,24,7262.03940117914,528.688375924184,1207.5079938501115,4104.196169749234,9222.401343067204,23339.64211467078
state,Ebonyi,hospitalizations,24,103.94659397214744,4.572604188313599,18.320864357234615,62.065311206165006,133.65632588969189,299.11662416491583
state,Ebonyi,deaths,24,4.833210626210648,0.2893701365378485,1.0923822685183127,2.530697759041663,4.759035265062865,14.162186751476384
state,Ebonyi,cases,25,11692.135483222473,1267.032762342322,2129.5346848303193,6494.465916471679,14540.5167294542,37394.946520762576
state,Ebonyi,hospitalizations,25,151.62463249065596,16.33355751169939,34.725062683566506,87.99332869750798,192.60695902384396,410.46602248995384
state,Ebonyi,deaths,25,8.648898182383736,1.0301374874099334,2.6400288066094086,4.98939121354587,8.58041636777375,26.72592571272028
state,Ebonyi,cases,26,14481.492889191573,606.3735625975683,1960.6917031441644,9039.538853254357,19094.418327288644,37677.600982050084
state,Ebonyi,hospitalizations,26,276.8953597828839,42.22410929136594,72.77485052355671,158.25433201272264,342.3248626795806,685.604531653434
state,Ebonyi,deaths,26,14.511001244817905,1.7319052032759739,4.614622077863038,8.5807369501439,14.516227828805645,44.403471410540305
state,Ebonyi,cases,27,17771.154578533547,859.399893500604,2475.0584605029253,10672.367154185296,22598.645215475295,45261.198965269476
state,Ebonyi,hospitalizations,27,368.4933430000086,55.006931025125574,96.94363808548697,200.08874578190427,437.9974982668197,993.2150406521328
state,Ebonyi,deaths,27,20.57962873877612,3.057563053591886,6.4717840280282815,11.706179121103446,19.99143617252786,57.576486427775684
state,Ebonyi,cases,28,21016.193979938456,1143.5545726849462,2881.7363696582015,12982.917801660451,27742.21873175702,52472.29848888149
state,Ebonyi,hospitalizations,28,258.60398332000466,12.255437895045864,44.41958861678777,144.57062220221854,307.01810476079686,700.9245002573867
state,Ebonyi,deaths,28,25.669543813650048,3.9740865502431393,9.113843312514465,16.444638418652392,28.30139823291324,65.79096353754326
state,Ebonyi,cases,29,23007.768357631332,638.5449983503315,2578.7310560121214,14015.404354708335,28897.74900117198,68025.4491794727
state,Ebonyi,hospitalizations,29,394.7965140857117,31.216405028712586,81.38419233830838,229.95907230398893,493.0157774724079,963.8052149222092
state,Ebonyi,deaths,29,37.81273704532854,5.91522666707452,12.004874987198876,21.8563317728448,38.674064263503425,96.15380989584365
state,Ebonyi,cases,30,13607.461170488119,0.0,1087.401466647667,9146.362978405437,19247.10265125814,37359.33135298257
state,Ebonyi,hospitalizations,30,193.21572621051962,10.502866766277803,34.71948964646179,105.96253975484713,222.44452042257345,652.5882877064025
state,Ebonyi,deaths,30,30.1751416533128,5.417519950011549,11.511765986567443,19.86355935581965,33.73983815150824,68.88375224509568
state,Ebonyi,cases,31,10816.940957534507,250.04959231740025,1281.4400239834076,6738.142794306987,14212.609040410842,27404.51920847216
state,Ebonyi,hospitalizations,31,92.79247686722671,2.5315307900562645,14.940113388027395,57.362272498573844,118.09397537468384,280.17047044782436
state,Ebonyi,deaths,31,17.965211136126264,2.792413498849161,5.907511747149229,10.65622514424751,17.84844779095672,44.8804157150595
state,Ebonyi,cases,32,2842.677181352309,77.35871114305111,295.957205709813,1456.765911165097,3148.8933719244387,9515.317436082565
state,Ebonyi,hospitalizations,32,38.23180409213959,3.2593766476684682,7.618617168563789,19.932017151589886,46.2967509549264,117.2008458581793
state,Ebonyi,deaths,32,9.545847587869128,0.8639822026868516,2.742291864057461,5.2649200033773935,9.771737703422094,25.5201074317036
state,Ebonyi,cases,33,1357.5352446655195,84.02819390919778,211.3586114421031,844.5594187731299,1851.0938185124223,3728.987911759356
state,Ebonyi,hospitalizations,33,18.156142934568955,0.7143071709916932,3.182499565865766,9.983044266990156,22.36595119789382,50.06319201037261
state,Ebonyi,deaths,33,2.014206772983963,0.14247313056626199,0.14247313056626199,0.7856607620228255,2.0352445922290245,6.634293499308228
state,Ebonyi,cases,34,725.3101947983389,50.81171217531371,112.51759892891002,411.80877983131563,905.4635163902068,2014.6408052803058
state,Ebonyi,hospitalizations,34,18.588654711131593,1.208497715267255,3.3419628673758157,9.817669376978245,23.080546380261694,58.61723396297354
state,Ebonyi,deaths,34,1.8114480728079856,0.14388536085633663,0.14388536085633663,0.7046403388374746,1.8554016459025275,5.620205569220336
state,Ebonyi,cases,35,636.4542237730301,87.07157023634164,135.58725993582937,367.0736064361311,827.741073242399,1794.193950780374
state,Ebonyi,hospitalizations,35,4.084450354960559,0.27737685963891856,0.27737685963891856,1.7899544316047746,5.043928677582132,12.422908527133256
state,Ebonyi,deaths,35,1.928755189260314,0.13750105822351966,0.13750105822351966,0.6383957437553603,1.7739220875609276,5.76568307681826
state,Ebonyi,cases,36,534.3723172527896,0.0,42.81937531748095,299.7457986836504,632.9579604164967,1631.9584282590615
state,Ebonyi,hospitalizations,36,7.625098141670552,0.4090333219220659,0.9124398539163852,3.606924201246547,8.891853829127175,21.99550602259663
state,Ebonyi,deaths,36,0.9898739243515292,0.0,0.0,0.0,0.7549597336531444,4.199596499461245
state,Ebonyi,cases,37,411.1494639614128,55.44665683925722,96.53431713621958,253.39196913471557,569.5943349318145,1032.0167261572308
state,Ebonyi,hospitalizations,37,7.99421131270037,1.214055686821939,1.7943748310585672,3.982452321267794,10.271122031493324,21.55913103879758
state,Ebonyi,deaths,37,2.0530159435178077,0.13059949625310502,0.13059949625310502,0.6298572039156171,1.9165928179474085,9.384837420655263
state,Ebonyi,cases,38,379.5908011452348,35.57151409782612,71.91994941610047,225.14871625519362,503.02249576662734,1042.7226150924168
state,Ebonyi,hospitalizations,38,6.050359280905733,0.34985191668293414,0.7839093377854506,3.081636895309568,8.003044397882956,18.156240069461308
state,Ebonyi,deaths,38,1.133087678981573,0.10800151037988956,0.10800151037988956,0.24526003693687795,1.0004331548435528,3.8857806619339987
state,Ebonyi,cases,39,499.93250153114025,27.825463838788664,64.04364139150559,264.6340638495708,593.2269024255855,1441.267780911335
state,Ebonyi,hospitalizations,39,7.3202132805206555,0.0,0.3837527312049279,3.428119489482439,8.486912980067144,24.08370598635207
state,Ebonyi,deaths,39,0.8332096913491667,0.0,0.0,0.0,0.7973511956162772,3.1539514380685096
state,Ebonyi,cases,40,370.45494443530265,36.09205587117867,68.96081157665854,214.32679395102645,468.13360418906564,927.923418248741
state,Ebonyi,hospitalizations,40,8.386390207299987,0.8004043271834487,1.6178058330001746,4.358935823039016,10.727586088537045,21.100846130420315
state,Ebonyi,deaths,40,1.225586703329409,0.11989488187682162,0.11989488187682162,0.36027422749914717,1.2562841677010184,4.617633661038221
state,Ebonyi,cases,41,391.9822166072907,35.54155043823875,66.99340815069837,219.84037146824824,485.6503459759764,1055.5861263673112
state,Ebonyi,hospitalizations,41,6.9007301996390975,0.0,0.3637311559404435,3.368649547809061,8.49457294952213,23.88855874738286
state,Ebonyi,deaths,41,1.1254326565510167,0.0920305165510241,0.0920305165510241,0.17828341608005252,0.9732438787117117,4.468752267801496
state,Ebonyi,cases,42,483.8281581953228,56.3036526840918,98.47287411761071,268.452497700508,602.3998640145423,1427.535348137566
state,Ebonyi,hospitalizations,42,6.343208398888596,0.44993307167631036,0.9343515532818979,3.2516678736641755,8.039182477289188,17.07900066002836
state,Ebonyi,deaths,42,1.0729684859355444,0.1343016952721138,0.1343016952721138,0.20976374165396158,1.0231964667750677,3.5046101571729977
state,Ebonyi,cases,43,479.05901375698045,43.852913628772654,81.61430124433835,257.30422865481785,558.8797038210075,1291.8730843988271
state,Ebonyi,hospitalizations,43,7.007617075910583,0.0,0.5905617242817276,3.9217869518228303,9.758529929144668,20.52280460760122
state,Ebonyi,deaths,43,1.6339776152611007,0.11528807730190976,0.11528807730190976,0.45995696042145945,1.5222686722907408,6.197741416696709
state,Ebonyi,cases,44,370.6097556112688,34.420572841821034,70.22054708727228,214.7051453124366,467.4106809556521,1014.1203494676291
state,Ebonyi,hospitalizations,44,5.763131109006117,0.2554957747042783,0.6332410217850777,2.9318061082743014,7.05390748169688,18.42010907766485
state,Ebonyi,deaths,44,1.218833846348396,0.10841003102604298,0.10841003102604298,0.20547926017253573,0.9770313629207426,5.293569099329712
state,Ebonyi,cases,45,383.01688363714914,0.0,31.26056824460811,241.65745716070518,522.6122222352658,1091.1043358176391
state,Ebonyi,hospitalizations,45,9.173441878886402,0.8511552628191534,1.7286122987814976,4.644873741675173,11.112394747353385,25.656450029281277
state,Ebonyi,deaths,45,1.1354747767671947,0.10329660103641042,0.10329660103641042,0.26160617734549,1.1100821071239482,3.8148862632102856
state,Ebonyi,cases,46,444.65386248314195,11.929549517668315,58.47409996378161,275.22960643106404,568.8765391483538,1313.4693485667765
state,Ebonyi,hospitalizations,46,6.683168502970387,0.012151207811656128,0.5157020722489912,3.1605426259677567,7.846809225105133,23.284214081969317
state,Ebonyi,deaths,46,0.9348517246846104,0.0,0.0,0.0,0.6506336467697147,3.850067566937895
state,Ebonyi,cases,47,415.03539805427437,56.45762973806861,88.2074529009506,227.31504144592148,511.14500410372995,1198.5394583855398
state,Ebonyi,hospitalizations,47,8.332206119823228,0.05871722958981529,0.903602540741115,4.31508207894779,10.029032752764925,24.560661361909588
state,Ebonyi,deaths,47,1.0255247203380113,0.06661015615661989,0.06661015615661989,0.09207425663263451,0.8015996653800745,4.401256407071363
state,Ebonyi,cases,48,461.3834937859876,70.99938002648852,109.83871222122478,248.54435125721884,568.2977176526244,1206.2566659936474
state,Ebonyi,hospitalizations,48,8.261312738473245,0.08757136918834352,0.8857687456470846,4.100444022604196,9.945010109662457,28.488532549363466
state,Ebonyi,deaths,48,0.8755733722946195,0.0,0.0,0.0,0.742474118040306,3.4813447245158824
state,Ebonyi,cases,49,501.4434707936297,25.7186906929396,75.28516117940282,293.00205061169737,641.7174551951994,1348.6396003576308
state,Ebonyi,hospitalizations,49,9.351788932434436,0.9441697066970516,1.8023309540100163,4.628793713349039,11.36985770748623,29.759318576874332
state,Ebonyi,deaths,49,1.1962256315490165,0.1126631884870126,0.1126631884870126,0.19456670730356873,0.9900979413914385,3.847339289874806
state,Ebonyi,cases,50,326.03528083071194,0.0,23.49107170003434,206.93926487158762,419.2901817637258,981.4679322660676
state,Ebonyi,hospitalizations,50,4.403762123356077,0.2749664419206006,0.3458332535519104,2.1078996418666414,5.526666905308046,14.026318298876063
state,Ebonyi,deaths,50,1.6016969684628508,0.1282860334966227,0.1282860334966227,0.4351254316092092,1.242344034986698,5.011592128039733
state,Ebonyi,cases,51,615.8616907594374,61.186956158441504,103.01828273888991,309.9716275256951,692.7812733706753,1966.308268742784
state,Ebonyi,hospitalizations,51,6.157278007751286,0.47793770244240497,0.8742353252240765,3.086997015098287,7.88640986070415,18.69012841452695
state,Ebonyi,deaths,51,1.683653789782435,0.1662290309010157,0.1662290309010157,0.5678337689524583,1.7044351743691781,5.710264898958394
state,Ebonyi,cases,52,520.0130889529412,85.13487403307317,129.12682406984084,298.65907069745106,678.800125425423,1175.6286072162875
state,Ebonyi,hospitalizations,52,10.83291442121869,0.3649871498293793,1.5788832658052865,5.572758553456301,13.741958230911699,38.25643507409587
state,Ebonyi,deaths,52,1.0772882300340325,0.08703717777122941,0.08703717777122941,0.13358201776960188,0.8954516797657586,3.804086238190735
state,Nasarawa,cases,1,1365.555845221305,21.422901546418355,161.24304848045898,842.2670164184971,1760.8513752525073,3962.5404059013676
state,Nasarawa,hospitalizations,1,37.639328220491755,3.987794058442503,8.321051165729443,19.680367123102975,44.18237334563602,112.85789256300728
state,Nasarawa,deaths,1,3.787007926631184,0.25860095013054285,0.6623900899182975,1.761092163971988,3.449560085005775,11.73765203887889
state,Nasarawa,cases,2,1839.5875661920797,82.76459158050098,229.94141967795576,1015.6311335874943,2277.338816486392,4764.500890762578
state,Nasarawa,hospitalizations,2,40.56303996942396,5.955728156977925,10.194336042411358,21.41411305236228,48.107287801503304,114.18851739810356
state,Nasarawa,deaths,2,2.10501772969696,0.18843823623780032,0.18843823623780032,0.8628821543134324,2.084570180053466,7.163079763041051
state,Nasarawa,cases,3,596.2243956671994,0.0,51.900618506164335,351.2839316109454,741.6597293095894,1769.287850717091
state,Nasarawa,hospitalizations,3,7.3832893947991645,0.2993266537742336,0.9953166679238312,4.078042116151233,9.715297500478078,21.543097869260404
state,Nasarawa,deaths,3,1.0753925845179022,0.10064734181342666,0.10064734181342666,0.20016561221121687,0.9092460329016839,3.6771587689514447
state,Nasarawa,cases,4,827.6092260521776,53.827030938890275,136.82705063270265,479.81369654033267,1036.5815132548769,2110.509115023392
state,Nasarawa,hospitalizations,4,10.023214482958577,0.7858125068038753,1.6554006688514953,4.803684991982798,11.742401765847845,36.53444893592506
state,Nasarawa,deaths,4,2.361796518517497,0.24010752988566653,0.313333345407235,1.1258592907189175,2.4335048805345414,7.365229797637406
state,Nasarawa,cases,5,693.5049617543453,80.63893972445352,134.4434463175732,356.5464004839988,796.5051263079993,1871.9228923805447
state,Nasarawa,hospitalizations,5,7.206221205827444,0.4607178018367324,1.050538465050449,3.7548848212407586,9.409540245069408,19.866766123366467
state,Nasarawa,deaths,5,1.1930208898589703,0.09543620386002466,0.09543620386002466,0.25857149842981164,1.0967225892343344,4.569207578333459
state,Nasarawa,cases,6,751.430049361186,22.48120786876372,92.4299611727628,413.397031032622,880.1352773880753,2320.0176087770315
state,Nasarawa,hospitalizations,6,14.227720682312587,0.44538584492015243,2.2401500268096552,7.040702257413051,16.896401625612746,51.32793742962177
state,Nasarawa,deaths,6,1.2987717988395084,0.14392376921640418,0.14392376921640418,0.3544389210422463,1.2042766073198568,4.148909035123634
state,Nasarawa,cases,7,909.9279920599703,89.86916398908204,170.61408619824664,521.029357262064,1079.0192387713685,2558.50034796812
state,Nasarawa,hospitalizations,7,18.75297600491024,1.2256454871124074,3.7074179650477226,10.317618917492279,23.451370134310512,52.429748769436
state,Nasarawa,deaths,7,2.810104903274266,0.29632432816216303,0.4928188024381627,1.3757598918843736,2.7956488699239195,9.194844216085304
state,Nasarawa,cases,8,933.2818782623648,14.485722300154466,98.3989617321356,548.3993017308476,1148.4166063224234,2779.1860423475387
state,Nasarawa,hospitalizations,8,14.871092887685482,0.37686327629822625,2.276978184464793,8.423177925736786,19.03850421998281,41.60930587105333
state,Nasarawa,deaths,8,2.722841968310065,0.1736157058812674,0.18673890835180845,0.9927476486762199,2.339673731429494,10.763436896629193
state,Nasarawa,cases,9,1848.274830042893,230.64288084357838,387.5827311271062,1060.9936454342137,2347.9406783675213,5225.776821691598
state,Nasarawa,hospitalizations,9,17.67244064855889,1.7620394941057926,4.0917766034115015,9.282791848008495,22.0774947892467,45.62522585377886
state,Nasarawa,deaths,9,3.1509767724982196,0.20834682228558,0.4632825517159814,1.4734112694191874,3.093514966749565,9.886914967594079
state,Nasarawa,cases,10,1681.648826747775,100.09155243436555,226.28843893486197,919.0427553253115,1920.8745557790053,5047.049341706433
state,Nasarawa,hospitalizations,10,33.26810534916951,4.503856959832211,8.086434046171222,18.14267474656502,38.6813387130008,97.82442511955468
state,Nasarawa,deaths,10,4.690558310576471,0.30205808341497775,1.16681800700752,2.6103011808627974,5.028102304809419,13.80821132749482
state,Nasarawa,cases,11,3469.9552299157485,277.6874848032863,546.9078697116977,1967.6389745450708,4332.00096576839,9356.775989803336
state,Nasarawa,hospitalizations,11,45.126289864471126,3.5970039971945575,9.554256838493478,26.603971685413022,59.11640403352961,117.3560816426371
state,Nasarawa,deaths,11,8.874855186781849,0.7042882873572344,2.2157645841380287,4.531902093887522,8.627910351758178,26.690220242283967
state,Nasarawa,cases,12,5656.881320356488,711.8800836794477,1210.9099125734658,3263.0584410559873,7171.093542885552,16379.959565660276
state,Nasarawa,hospitalizations,12,67.63208832329316,6.713880956804789,15.632598064811642,38.99223891755762,86.9621486665369,180.5488925090731
state,Nasarawa,deaths,12,19.267557777992593,2.2849104476006263,5.8017990619938,10.70611626137382,18.75061737106196,54.61146644128096
state,Nasarawa,cases,13,12807.062373176053,1157.0549742957626,2260.0769347735127,7005.438299748712,15018.464860441287,34432.34512062786
state,Nasarawa,hospitalizations,13,196.10953729981594,21.11854879234247,44.35555546068927,104.61384709990917,230.7168405261175,580.2995467149132
state,Nasarawa,deaths,13,45.341314014706356,8.708475419430844,16.30031261707514,27.768938895905947,48.01147606247189,141.69086468680013
state,Nasarawa,cases,14,27029.687967082187,0.0,1676.589205487122,15690.180651424089,32870.441099127405,89643.16539556124
state,Nasarawa,hospitalizations,14,390.06176485470735,27.57206931851009,76.20420835892813,219.88859721727198,450.85949318439805,1066.0726762722024
state,Nasarawa,deaths,14,77.23388228895682,14.490775909813964,28.459841374419327,48.31413516166246,78.36490924957161,202.53106548130702
state,Nasarawa,cases,15,43670.58444390223,2011.7231290796815,6326.373186490859,27054.039578967808,57188.7632812011,111049.96308254346
state,Nasarawa,hospitalizations,15,618.5211809398038,37.44670367566421,121.93853823174328,358.4128866655292,767.753517389431,1879.4294712073038
state,Nasarawa,deaths,15,147.22573346213142,29.41794876857019,57.3537632301514,94.3112590211427,154.77157819902408,369.3286173455773
state,Nasarawa,cases,16,66535.05427501231,11532.991827441765,16887.325840122543,38482.69602827199,87689.72388162717,171740.2701142723
state,Nasarawa,hospitalizations,16,1838.951618822609,187.14349159133235,389.5690439340296,940.6773844641602,2020.5346259170951,5970.647413286151
state,Nasarawa,deaths,16,295.40743771428845,44.508696438756076,91.32521943142352,156.03903776348417,266.36122109237385,1022.1376100781881
state,Nasarawa,cases,17,126893.50332082894,11206.024324233542,22807.03517014154,78317.63501657805,170211.2636964771,318281.06972535234
state,Nasarawa,hospitalizations,17,1906.0365617210969,240.1595534546314,517.925068987659,1163.3152105701909,2563.4939959063795,5292.454602420374
state,Nasarawa,deaths,17,199.56682566779625,40.33334274305536,76.58925624584657,121.77141079775329,197.08845064278512,484.4972756559328
state,Nasarawa,cases,18,113803.83496949208,5574.113490164128,15657.631149917892,67811.48534150212,149104.00370030187,332995.30147150496
state,Nasarawa,hospitalizations,18,1915.772032576663,210.79027928447007,488.5714121451873,1115.2349137340102,2419.899649962751,5197.559435703509
state,Nasarawa,deaths,18,86.11714941416712,14.243373357277948,29.536685177720635,51.34823734639276,89.45372671756863,251.8458337257939
state,Nasarawa,cases,19,56421.07597384404,3220.4640610390206,8198.888497036034,31490.719937616857,67707.78614497659,168796.4646424034
state,Nasarawa,hospitalizations,19,1223.184303566563,119.25123251011607,261.94696421441427,706.8499001883492,1477.593412794491,3599.286255993286
state,Nasarawa,deaths,19,25.416954908331114,4.315566518067271,9.361432205178414,16.250765250966285,26.431221418645123,65.58822854830036
state,Nasarawa,cases,20,24355.241506346716,2334.9820120430013,4145.817531664805,12167.561752867154,27346.790616755345,82015.95575321034
state,Nasarawa,hospitalizations,20,503.4873245234837,91.53542931997022,149.8400390047971,293.6837403983809,639.3354464623005,1373.2808580954354
state,Nasarawa,deaths,20,10.235650717084068,1.2590920450028957,2.9648260429675104,5.7007307979495065,10.573972719776371,31.03794434366513
state,Nasarawa,cases,21,6407.309129793082,1057.3615943827838,1518.0263238215066,3217.599784612624,7579.38319926157,18107.621477798402
state,Nasarawa,hospitalizations,21,70.24394911558035,3.9505262273924964,11.840671722051312,39.371580929597314,83.71880245942029,233.4343979479821
state,Nasarawa,deaths,21,6.60651838729723,0.294969679876205,1.6852732120019152,3.69460779036941,7.0595684576570035,17.41973108491266
state,Nasarawa,cases,22,2634.359952270343,145.0915003672892,405.8382840746001,1593.0157435496615,3339.51880320363,7210.828731142452
state,Nasarawa,hospitalizations,22,40.21750775225368,4.0126154957480775,8.647521168543268,22.316400998835167,50.77446398756703,110.22519756917985
state,Nasarawa,deaths,22,6.488172435963774,0.4253205784699983,1.7744044140905544,3.6441218593043625,6.765811227458403,18.35660932347636
state,Nasarawa,cases,23,2735.3349813801765,257.90862475463604,501.79404072798536,1583.1036012209909,3572.7628718227643,7924.279014410013
state,Nasarawa,hospitalizations,23,47.774565667527305,5.0328479840685105,10.15586867017673,24.547385324960583,53.63271341899841,157.08887463571887
state,Nasarawa,deaths,23,4.220551918034479,0.32974134017317525,1.1055534035275019,2.519864863007628,4.9640012572417955,13.02018381993258
state,Nasarawa,cases,24,5680.247546939112,413.3294040058309,944.3112803439544,3210.139907254984,7213.669143365569,18256.365605978834
state,Nasarawa,hospitalizations,24,89.63182297728746,3.8124117110485565,15.68518896341616,53.46219253216262,115.28704601652902,258.1759091450343
state,Nasarawa,deaths,24,16.24820490265479,2.1848255461699364,5.215466098767297,9.48801290113067,16.10733692890224,44.03959871716688
state,Nasarawa,cases,25,13635.938269430755,1477.8235823051127,2483.70309948939,7574.236587415712,16957.818810231744,43611.44381049735
state,Nasarawa,hospitalizations,25,178.87295955999795,19.42814608922111,41.103116977221624,103.88145427571445,227.17192836262595,483.9257293260302
state,Nasarawa,deaths,25,19.663114391282203,3.3507032026588357,6.800794322994623,11.835615172052123,19.531391806008205,58.41827809352482
state,Nasarawa,cases,26,18218.152295878826,763.0835061671731,2466.832594074541,11372.110471079339,24021.2740760137,47399.14929644565
state,Nasarawa,hospitalizations,26,223.3840119038408,33.900903208115174,58.56881378305552,127.58842248391477,276.21445271546537,553.3924141954824
state,Nasarawa,deaths,26,42.28305723576811,6.624515532553214,14.669933638527676,25.739023594992386,42.30447482053873,125.71723476582507
state,Nasarawa,cases,27,23474.634397819318,1135.5214556972905,3269.680978902752,14097.689303542798,29851.376636209206,59786.85056187642
state,Nasarawa,hospitalizations,27,342.27285028125607,51.032490470336064,89.99322748155743,185.81881076281144,406.8447564788426,922.6621911132634
state,Nasarawa,deaths,27,33.49563862313062,5.486631835803807,10.944783483661299,19.312760371133145,32.55800423986666,92.6434250493243
state,Nasarawa,cases,28,24185.353094345974,1316.1407061986783,3316.4210372591833,14940.748581185559,31925.58837302086,60384.68983747757
state,Nasarawa,hospitalizations,28,448.1833323836536,21.935439471140267,77.58799036082831,250.87596371622095,531.9533926900205,1213.516413296347
state,Nasarawa,deaths,28,48.09584269372578,8.157164493230841,17.619323555383374,31.115127453245854,52.943115140876365,121.96043375939465
state,Nasarawa,cases,29,40465.26025511976,1123.7886555464327,4536.057179163159,24650.10766309446,50824.172771027515,119639.33572546713
state,Nasarawa,hospitalizations,29,572.3656203076553,45.66988817736363,118.34481952857764,333.57594254753883,714.6497154770195,1396.6528868825205
state,Nasarawa,deaths,29,83.53506667267087,14.061607904484502,27.32507701253584,48.78189781348637,85.41151312643876,210.6044291136835
state,Nasarawa,cases,30,24236.11565563157,0.0,1937.48383025559,16290.796516714665,34280.59268058234,66539.1512585357
state,Nasarawa,hospitalizations,30,383.87490202658984,21.795146913990838,69.78505130311521,210.96688247779443,441.79837136694846,1294.2111279953776
state,Nasarawa,deaths,30,45.43569767288625,8.559016060507163,17.636509577300224,30.076662093004586,50.74563903445118,103.0931567463489
state,Nasarawa,cases,31,11839.952909159336,273.7904466754177,1402.7157510270308,7375.439218892881,15556.738775956379,29996.1603026828
state,Nasarawa,hospitalizations,31,247.23253436683734,8.348019930756259,41.19374161181243,153.48589264945923,314.2437063752163,743.2628474561541
state,Nasarawa,deaths,31,26.00633028168417,4.4007159568371765,8.83687800029975,15.599445485606353,25.841775765517923,64.33757285006979
state,Nasarawa,cases,32,11191.758816075842,307.4229187921373,1167.8350510790792,5736.823027951868,12397.102182658418,37455.59361893978
state,Nasarawa,hospitalizations,32,156.63171959116585,16.114146292871325,33.62954494662808,83.10470201861449,189.03802245645332,473.93019173717215
state,Nasarawa,deaths,32,7.004772818160405,0.42318292812685376,1.8371076828208506,3.7495634545641403,7.166273745034819,19.105433589069037
state,Nasarawa,cases,33,3552.5772930115554,221.4119949008055,554.4757808408988,2210.767044438577,4843.60344246165,9755.693800837571
state,Nasarawa,hospitalizations,33,44.126532584209315,3.039860152057257,8.856292744994768,24.88215439641861,54.0631629830262,119.33325073255095
state,Nasarawa,deaths,33,2.27140568322712,0.15584398469307137,0.15668188137666253,0.9532419015266731,2.3200969887516574,7.350758592303615
state,Nasarawa,cases,34,1512.396185186305,106.95889706031434,235.53406271988405,859.1603517097639,1887.7776015541062,4198.9453226235255
state,Nasarawa,hospitalizations,34,18.94499248265003,1.2487197863341726,3.4210404855296446,10.014685232349677,23.519111220578885,59.70300761113937
state,Nasarawa,deaths,34,3.526686586580406,0.2390766720385049,0.670182995180207,1.8323919598656255,3.7444710064511098,9.999984336698898
state,Nasarawa,cases,35,698.6154751655082,95.65985597329659,148.9065457531338,402.9662480209471,908.5556325815419,1969.2520150476637
state,Nasarawa,hospitalizations,35,13.372751519823614,0.831824598833947,2.555401837734519,7.042546389354965,16.422713508423712,37.69395259170684
state,Nasarawa,deaths,35,1.6693634728455478,0.12388262496019498,0.12388262496019498,0.4761251155615251,1.4991862177780053,5.095593663304972
state,Nasarawa,cases,36,545.2799333387869,0.0,43.71225146905678,305.8738812814895,645.875669531617,1665.232057254076
state,Nasarawa,hospitalizations,36,7.908100707221758,0.4226506552767417,0.9761078477345235,3.760295624125513,9.22116849340437,22.761060940464212
state,Nasarawa,deaths,36,2.830358152141583,0.21848256147549538,0.32114941859513324,1.1715637644782406,2.734069205641848,9.634466277813521
state,Nasarawa,cases,37,520.2960780426513,70.39502389763906,122.36363732949003,320.76078678071576,720.7007783883913,1305.5832058164249
state,Nasarawa,hospitalizations,37,12.28220334944501,1.7986988438200804,3.140039729958577,6.381812322886854,15.698866770825056,32.42275264431274
state,Nasarawa,deaths,37,2.0705649678091644,0.13143434066082949,0.13143434066082949,0.6402759054505862,1.9352368500725703,9.451221470322347
state,Nasarawa,cases,38,521.225979921741,49.181440879520466,99.056785201004,309.3089580700206,690.5922322933004,1431.1393575277796
state,Nasarawa,hospitalizations,38,6.576510611197644,0.3765474339089878,0.920030880031364,3.393086977053679,8.690023417719022,19.61796062142898
state,Nasarawa,deaths,38,1.6797270035790484,0.14132028523165974,0.14132028523165974,0.6294263199514961,1.6175725046341607,5.393057970163419
state,Nasarawa,cases,39,805.4009825472681,45.40322257176399,103.70723334229834,426.6176319795085,955.5862796032279,2320.7622176006244
state,Nasarawa,hospitalizations,39,15.19485082653948,0.0,1.7108160988654264,7.6748284784494665,17.585167606142743,48.139786663907984
state,Nasarawa,deaths,39,1.2223167817543408,0.0937102912267434,0.0937102912267434,0.2961431529418521,1.274611684244071,4.134104455653613
state,Nasarawa,cases,40,603.8051221088712,59.39350321353604,112.91060429356168,349.5963505394796,762.8460895931389,1511.4785652209107
state,Nasarawa,hospitalizations,40,5.941387370017672,0.5888186540500313,0.9257928209553503,2.9423092445864754,7.627416446145173,15.258520887404341
state,Nasarawa,deaths,40,1.015686189357321,0.10613082492818737,0.10613082492818737,0.20411333355628997,0.997260402129067,3.9727234829162397
state,Nasarawa,cases,41,463.44769329939095,42.186785796933684,79.35829673868744,260.0011262120445,574.1497678017311,1247.7307782016633
state,Nasarawa,hospitalizations,41,11.163555198023396,0.0,1.1115071730019388,5.764115358330461,13.700741271604171,37.53572611570818
state,Nasarawa,deaths,41,1.9270039226724724,0.13373683917326296,0.13373683917326296,0.7122570384515264,1.8674771059291304,6.947077446988928
state,Nasarawa,cases,42,670.9578633937251,78.4212121787398,136.8665385412167,372.45340112855405,835.2948325949515,1978.9088483021005
state,Nasarawa,hospitalizations,42,8.365030686496414,0.5761748462952214,1.4770899919420244,4.444596625182402,10.5753873239027,22.15158871885949
state,Nasarawa,deaths,42,2.3141012689714495,0.23132985278783746,0.28458647383193464,1.0837746515250648,2.48488334321964,6.759029418162504
state,Nasarawa,cases,43,432.5865918612504,39.51089844798027,73.61677062408975,232.29892149986344,504.68018863390654,1166.715673093075
state,Nasarawa,hospitalizations,43,10.781141428619591,0.0,1.3521198521890452,6.2783298006591375,14.909694946380434,30.827885217837565
state,Nasarawa,deaths,43,1.2269973327514967,0.09433271999309026,0.09433271999309026,0.19458763102400436,1.063808070868093,4.889442703306075
state,Nasarawa,cases,44,701.1287635029271,65.92451593765178,133.56588237338553,406.5586947665366,884.0268521340802,1916.9937690439688
state,Nasarawa,hospitalizations,44,12.401481790532518,0.51028078497888,2.2619385256794415,6.852674313840141,15.085409775032016,37.7861932980937
state,Nasarawa,deaths,44,1.7881339417556228,0.1418244983545171,0.1418244983545171,0.5770357201509656,1.5863979432864834,7.233391983418065
state,Nasarawa,cases,45,477.0426917308266,0.0,39.161336109650875,301.08543205599176,650.8473663843886,1358.5659247232777
state,Nasarawa,hospitalizations,45,8.728580420164912,0.8135458134287408,1.6080448645660517,4.395447341373509,10.577192161942044,24.478598640588974
state,Nasarawa,deaths,45,1.7159148524128363,0.13695262113113715,0.13695262113113715,0.6726617438437963,1.7975874566354448,5.383668848527969
state,Nasarawa,cases,46,562.5379090863568,15.349841391993147,74.20695906772214,348.301439060114,719.6276611076969,1661.189802849283
state,Nasarawa,hospitalizations,46,10.67632580476488,0.018554127731079895,1.3143814414722759,5.352886108881885,12.508519557836653,36.08046285683034
state,Nasarawa,deaths,46,1.9643039401576308,0.1815537993451357,0.1815537993451357,0.6865461585027529,1.7493635490625223,6.726565867615858
state,Nasarawa,cases,47,461.1927154426101,62.832303779279805,98.10463168960996,252.6456019747533,567.9652641436761,1331.6231425130875
state,Nasarawa,hospitalizations,47,12.85102787836243,0.19106126189772077,1.83219301605066,6.907815849978513,15.409071152013595,37.02932862584445
state,Nasarawa,deaths,47,1.6494283348631351,0.09193040524670404,0.09193040524670404,0.5072000242076249,1.4864344551496262,6.454414146334047
state,Nasarawa,cases,48,458.89274151296576,70.61153612231122,109.24164987338159,247.20011391209994,565.2310433372004,1199.7534552922373
state,Nasarawa,hospitalizations,48,9.186517349253128,0.09642004760704026,1.0763168820633608,4.615820102330915,11.050952333101868,31.46821122730434
state,Nasarawa,deaths,48,1.2059088184295468,0.07207442204676923,0.07207442204676923,0.24848095496895878,1.1272956953016782,4.3577512164728525
state,Nasarawa,cases,49,708.6703124070112,36.73862890653835,106.74844553238933,414.26115232615507,906.80180107313,1905.289070104951
state,Nasarawa,hospitalizations,49,7.905564260886236,0.8108514400843827,1.4066373592953567,3.8339990745662003,9.623214094468286,25.41605379537512
state,Nasarawa,deaths,49,1.077283544082951,0.10491808960839791,0.10491808960839791,0.11244549815428337,0.8532874574951741,3.5141060252881022
state,Nasarawa,cases,50,752.2823277063619,0.0,55.42170174358557,478.0434378316196,967.2502902148217,2262.376357143059
state,Nasarawa,hospitalizations,50,10.500583432243632,0.5940813639991607,1.9077528494056093,5.7148021610062205,13.101252321522281,31.465255063596373
state,Nasarawa,deaths,50,1.4810439844156886,0.12135910680937484,0.12135910680937484,0.35763446567312607,1.1212665309546679,4.686990479601798
state,Nasarawa,cases,51,677.4098087958143,67.39173459629625,113.39683216067777,340.9991961421742,762.0041353906456,2162.598820340259
state,Nasarawa,hospitalizations,51,14.252097591612362,1.1457635560511281,3.024985405984198,7.776967928563007,18.083873577429245,41.28523411325126
state,Nasarawa,deaths,51,1.1354737583471974,0.12633529209364183,0.12633529209364183,0.1915652523585392,1.0553907211653097,4.099850919184062
state,Nasarawa,cases,52,450.1735693417281,73.5888719233537,111.68389398945791,258.4910864598367,587.6758999539163,1017.9067026592626
state,Nasarawa,hospitalizations,52,13.632406643253688,0.5004747490862589,2.191943359088119,7.135255012810074,17.246462063268076,47.58859603988571
state,Nasarawa,deaths,52,2.0564763125965366,0.13689062913411432,0.13689062913411432,0.7828789898894669,1.98113495382909,6.555787129139363
state,Ekiti,cases,1,1003.9239221252172,15.488963285931927,118.30747072379998,619.1070296445613,1294.599616386292,2913.6393966865744
state,Ekiti,hospitalizations,1,21.152956600112937,1.8592818115548908,4.3433465276361005,10.855140143823512,24.901057019663813,64.26969588015331
state,Ekiti,deaths,1,2.4382661342544796,0.182989601296505,0.182989601296505,0.9537869214056875,2.1485701250866533,8.013338376643388
state,Ekiti,cases,2,562.809249258922,24.658696192054723,69.74177303167198,310.41355677758895,696.898747093021,1458.7640512761463
state,Ekiti,hospitalizations,2,7.1441596824385725,0.749311032987809,1.180303242544997,3.365561582365066,8.56454928819025,21.435086550513898
state,Ekiti,deaths,2,0.8600149255910401,0.0,0.0,0.0,0.6760868087136443,3.6151873348991663
state,Ekiti,cases,3,507.1904991197546,0.0,44.0133903136731,298.7600890619269,630.9327298935832,1505.346433030768
state,Ekiti,hospitalizations,3,7.111070621429746,0.2894479053019703,0.9294647591933749,3.9104502890804174,9.361657998355646,20.799102669273953
state,Ekiti,deaths,3,1.326258915941801,0.11568502937505026,0.11568502937505026,0.3794819773874842,1.1945058798459458,4.3759715838390925
state,Ekiti,cases,4,514.1066835162376,33.08334011501279,84.68047846689721,297.898854643549,644.0147492526512,1311.6241215488417
state,Ekiti,hospitalizations,4,9.862438056229541,0.7742458833699328,1.6163149844968827,4.718258712494681,11.554842314205844,35.98196748152805
state,Ekiti,deaths,4,1.030184959547983,0.133665927575114,0.133665927575114,0.18344874116786639,0.9114045065928076,3.6568560378452983
state,Ekiti,cases,5,715.6834321088384,83.24601512946917,138.76872637212693,367.96436389704473,821.972826001172,1931.733213591188
state,Ekiti,hospitalizations,5,7.329220542643582,0.46773705507413954,1.0817793867206165,3.8273277364958953,9.5681345055339,20.184681157432287
state,Ekiti,deaths,5,1.0531936894838383,0.0878874518463211,0.0878874518463211,0.15902181236836208,0.9308773625017763,4.128697947592714
state,Ekiti,cases,6,624.7645512644394,18.528242345237988,76.70140847460328,343.6349819132267,731.7997491416389,1929.2837658558972
state,Ekiti,hospitalizations,6,10.168332081821191,0.32606524034639595,1.3721012001166801,4.886566769061182,12.101885845602542,37.309078946771976
state,Ekiti,deaths,6,1.0806243731337035,0.12716360800162618,0.12716360800162618,0.1967122661899452,0.947584946854131,3.5493100531157125
state,Ekiti,cases,7,571.6261588502938,56.122034657575895,106.87978395754004,327.1572948264211,677.9200393145368,1607.9491876504824
state,Ekiti,hospitalizations,7,9.73294757422049,0.3599614929458328,1.5529492490626828,5.137824797186162,12.26058308109229,27.976274894501884
state,Ekiti,deaths,7,1.302888801179625,0.16847561580101716,0.16847561580101716,0.35074164603028346,1.1580215323222338,4.796293095315705
state,Ekiti,cases,8,849.0915671905235,13.090217094354967,89.4415643399025,498.8898522671766,1044.8362355353793,2528.6479001810567
state,Ekiti,hospitalizations,8,13.34225090957258,0.2440100685901254,1.9607833444323854,7.513937744965827,17.10499374793766,37.49794415443878
state,Ekiti,deaths,8,1.5862115201101754,0.11548465459388618,0.11548465459388618,0.3255239365126058,1.2214641548280813,6.824732445423173
state,Ekiti,cases,9,1622.7485148056294,202.39312341494036,340.19354370497683,931.4793570390093,2061.4781540866616,4588.35089774913
state,Ekiti,hospitalizations,9,35.25626511729258,4.3650934265054415,8.890465810678558,18.973696635259284,43.82662751862111,89.5666603505342
state,Ekiti,deaths,9,2.686619196107029,0.1840657943508952,0.2927495715400137,1.1851564860349137,2.616451049151356,8.61813878204538
state,Ekiti,cases,10,3240.6923496205004,193.75721132383467,436.8809254298618,1771.5018264230548,3701.5737560096236,9724.283554767624
state,Ekiti,hospitalizations,10,73.5126508166896,10.967828748511835,18.757942001919265,40.624674265214914,85.28484891499852,213.88817835066223
state,Ekiti,deaths,10,5.187438988360322,0.3287693527808817,1.3584316820918372,2.9295633778674075,5.561172840808878,15.117714841269464
state,Ekiti,cases,11,8091.593656880519,648.7648118111309,1276.4569123703268,4588.9166721542315,10101.468573668584,21816.820628999998
state,Ekiti,hospitalizations,11,117.66380665849944,10.826254562430647,26.151885916451572,70.0139900433083,153.6554882076091,303.4829091668971
state,Ekiti,deaths,11,8.521304982571484,0.643057371435366,2.100230016226865,4.333154361762886,8.282003046271772,25.695378254522367
state,Ekiti,cases,12,32926.00821550117,4147.7275965875715,7051.917052922474,18994.746467470028,41738.22527488716,95330.79641921211
state,Ekiti,hospitalizations,12,441.33375381932535,48.715956537211085,106.1970810959459,256.7499475276604,565.9159771214123,1169.082465609961
state,Ekiti,deaths,12,35.4302054611067,4.905160233020783,11.227338910630522,20.043645886990372,34.50494363168842,98.97064619185868
state,Ekiti,cases,13,111370.88804989128,10068.811123265608,19660.08533162481,60923.14599590883,130600.0316212682,299412.4902082687
state,Ekiti,hospitalizations,13,962.9978681022054,107.17454179754021,220.81909292491974,515.5225632462573,1132.2507971483358,2841.94474756741
state,Ekiti,deaths,13,59.32563853976305,11.638182394631672,21.520992935836382,36.450483351771,62.801569983678945,184.75039808518244
state,Ekiti,cases,14,126275.73792001406,0.0,7836.061949669776,73302.25828662126,153561.9338971451,418782.61838138936
state,Ekiti,hospitalizations,14,1464.309570945953,106.05962688451231,288.28439339415775,826.6702165847088,1692.1188359257867,3997.324423297933
state,Ekiti,deaths,14,91.0279271113304,17.222079163359396,33.65414287767116,57.00910684009828,92.35837452934257,238.41726411868308
state,Ekiti,cases,15,123467.79201897046,5689.394017114113,17887.82236421633,76489.31957184346,161686.55757495904,313963.56213459413
state,Ekiti,hospitalizations,15,1760.4514462279506,108.31357109748893,348.54493766193764,1020.900511193495,2184.7580558404666,5345.530158442304
state,Ekiti,deaths,15,106.15755179047949,20.990195928839512,41.18597040777571,67.90383293251298,111.61270609675299,266.72347193575285
state,Ekiti,cases,16,97599.72982153686,16918.037841664256,24772.229272762972,56450.15057566778,128631.19411914979,251923.66680317806
state,Ekiti,hospitalizations,16,1720.2039109526374,175.00099384923405,364.3623057471797,879.9029435418141,1890.0678240992067,5585.2462781252525
state,Ekiti,deaths,16,114.5366578990809,16.738835207454795,34.987448139503115,60.21224798808712,103.21473285230269,397.8088185331944
state,Ekiti,cases,17,54475.217713818725,4810.211526376638,9790.562731536504,33621.441481371025,73071.67132956398,136638.51448649607
state,Ekiti,hospitalizations,17,762.5032560982874,95.55090416077086,206.7574115755467,465.1465187604061,1025.7236378268162,2118.2933088335294
state,Ekiti,deaths,17,53.278132717224246,10.185781375281055,19.997490157810176,32.22485115359373,52.60742574421057,130.3870600193414
state,Ekiti,cases,18,25583.606124399994,1252.3480277516958,3519.235866707484,15244.007103381513,33519.47678408355,74860.30254285129
state,Ekiti,hospitalizations,18,363.00239882938604,39.21979056354426,91.97149863960693,210.97731360369363,458.7381769636275,986.2264791496699
state,Ekiti,deaths,18,24.288234801037763,3.424420375291343,7.863335491920986,14.19418323604762,25.254379665847903,72.38902172922306
state,Ekiti,cases,19,4980.766386719813,283.43792897169976,723.0059978019814,2779.5492872465584,5977.321204071763,14902.907151791436
state,Ekiti,hospitalizations,19,73.0708273818018,6.275953677690178,14.909940308947679,41.82935797847045,88.46417392208866,216.8398963422519
state,Ekiti,deaths,19,6.148148587548337,0.4460853125266566,1.7957300750353749,3.6546155275134744,6.401514500739834,16.9668900504674
state,Ekiti,cases,20,1679.0447224101222,160.13135723158123,285.0391619559124,838.3630005228401,1885.3957841477486,5656.365223013563
state,Ekiti,hospitalizations,20,16.388746165024706,2.1882768808800632,4.197142463208451,9.153228483273036,21.062540963682252,46.35038157710362
state,Ekiti,deaths,20,2.199135830748918,0.14754588737470897,0.14754588737470897,0.8566791852377094,2.2069866537383915,7.877268195715316
state,Ekiti,cases,21,1676.0544124504338,275.97321491184584,396.52916836511497,841.3075200292195,1982.786180551691,4738.025995413719
state,Ekiti,hospitalizations,21,22.099093398742124,0.6048293000825633,3.1626051990726602,12.087395761682016,26.463588760016695,74.99741390973317
state,Ekiti,deaths,21,2.0819070452438067,0.11217253965115026,0.11217253965115026,0.8490642377044257,2.1744206272046247,6.254975822924811
state,Ekiti,cases,22,2137.319274242401,117.5379776537186,329.1067297212206,1292.3771103282713,2709.4817340533127,5850.644967882233
state,Ekiti,hospitalizations,22,39.16397348578471,3.884481921494354,8.400909121187457,21.720382053985315,49.45099380888989,107.38203472860215
state,Ekiti,deaths,22,3.4520953404219585,0.23486924771042839,0.6355932140708269,1.7378467824728174,3.5781747177437357,10.41129198616705
state,Ekiti,cases,23,4032.852287673209,380.6781042422042,740.2092836660081,2334.2549958900127,5267.372342640793,11682.29356612665
state,Ekiti,hospitalizations,23,64.40729429352898,7.090170215102929,13.960243765034791,33.259556411094614,72.26356507570429,211.00035344741224
state,Ekiti,deaths,23,5.134767498195362,0.38847786629471726,1.4806137232970595,3.1468552014400615,6.02636339676277,15.517586459030836
state,Ekiti,cases,24,6580.812411029272,479.0069687174895,1094.1576156201722,3719.154828759261,8357.304847120648,21150.438050410718
state,Ekiti,hospitalizations,24,113.13309947495414,5.060453516678693,20.012294500412025,67.58631515250399,145.44470990647957,325.3901021623488
state,Ekiti,deaths,24,7.796887910400006,0.6222782420104566,2.1660181287197515,4.342357025454918,7.714091266906475,21.942154905662512
state,Ekiti,cases,25,8618.36835051089,933.7057916866227,1569.482379036918,4787.00689708839,10717.9974191371,27564.69769852943
state,Ekiti,hospitalizations,25,146.37609060959187,15.737481366824461,33.496529093421316,84.93297595377398,185.94909380038914,396.31629700703996
state,Ekiti,deaths,25,9.948914558558851,1.3043372535094921,3.1316679461049977,5.798346114392651,9.874391747998583,30.470717576556524
state,Ekiti,cases,26,11046.753530835274,462.32569726068,1495.446720997585,6895.437753863246,14565.64984418715,28741.54848557177
state,Ekiti,hospitalizations,26,170.48775815604483,25.673369452658115,44.52607044056616,97.27500680413425,210.8639586718983,422.7000285467905
state,Ekiti,deaths,26,15.06258565507478,1.8291143598435187,4.8144067102068355,8.921647519479256,15.068340478446421,46.019059373023346
state,Ekiti,cases,27,17144.596706005854,829.0664577647619,2387.7649115878107,10296.077130090463,21801.893738662184,43665.478168524685
state,Ekiti,hospitalizations,27,214.9612637881881,31.734899922361222,56.24604316065895,116.53223838904373,255.58501383488544,580.098254472353
state,Ekiti,deaths,27,17.465784289408795,2.4718541511112595,5.393232600773273,9.872043180528047,16.96132403878798,49.12097529371885
state,Ekiti,cases,28,18607.941792362915,1012.4059245498095,2551.4183692471215,11495.15714102996,24563.265348126046,46459.651888847155
state,Ekiti,hospitalizations,28,266.7321300406518,12.67046449712678,45.84167196709204,149.12842566173046,316.66212470268357,722.9016950181887
state,Ekiti,deaths,28,19.40721748370838,2.8058290195478883,6.738417494172147,12.347437857908197,21.419415219604364,50.103852879745645
state,Ekiti,cases,29,21442.32093060573,595.0322509809546,2403.213796068393,13061.769718699197,26931.56371659902,63397.13107016612
state,Ekiti,hospitalizations,29,280.07829263693884,21.878756628992527,57.50584150852389,163.01756812380185,349.82954580439826,684.1647068291835
state,Ekiti,deaths,29,35.471369587266715,5.498056812901284,11.220339343879745,20.477494454610305,36.28067581796357,90.29288260338093
state,Ekiti,cases,30,10596.320483241,0.0,846.5697041561002,7122.316139305884,14988.054287055784,29092.570674387785
state,Ekiti,hospitalizations,30,210.70839732422246,11.538915211899477,37.93669823268189,115.59651842333265,242.56988158429272,711.4561458945783
state,Ekiti,deaths,30,18.118508226246863,2.935479558724976,6.672714641673684,11.794367918860253,20.3038563157764,41.85550813863532
state,Ekiti,cases,31,3149.217811649762,72.10612042048115,372.448982569327,1961.4512436114755,4138.030079778853,7979.539497978541
state,Ekiti,hospitalizations,31,41.84087657342711,0.6124475665438975,6.278032833616887,25.647397364698495,53.37664350078845,127.3785043398623
state,Ekiti,deaths,31,6.405536966975099,0.4777104992617886,1.6915057220511556,3.54183761413167,6.344280681401569,16.87726260156306
state,Ekiti,cases,32,1751.0920053070943,47.279393489253714,181.96515568970892,897.1777904931915,1939.7534827200602,5862.3179050957115
state,Ekiti,hospitalizations,32,30.515450241915598,2.421498091412907,5.923215444917565,15.814398598158817,36.99282301340829,93.94909747615975
state,Ekiti,deaths,32,2.246724000231186,0.16701005849888872,0.16701005849888872,0.8744254970350889,2.22283760810733,6.934652881009901
state,Ekiti,cases,33,939.3014850840981,57.85166624244135,145.98251897065194,584.2480032085683,1280.9137070367797,2580.6848927265864
state,Ekiti,hospitalizations,33,16.071756013721682,0.5275555620818873,2.726870296848508,8.786583549625552,19.82053281911498,44.50051723109673
state,Ekiti,deaths,33,1.570188438127363,0.11911086921003189,0.11911086921003189,0.49285415876972866,1.537535465168332,5.3824479106548875
state,Ekiti,cases,34,566.7848250047554,39.503223197665996,87.74110607893493,321.70862022255926,707.6176577346671,1574.7045269291316
state,Ekiti,hospitalizations,34,12.0672528760502,0.6073714767783436,1.8931480923135917,6.2080578478551205,15.04541285817794,38.72431178648792
state,Ekiti,deaths,34,0.9966309620177651,0.09557463952872366,0.09557463952872366,0.13229299312236417,0.896676502687032,3.397415811578145
state,Ekiti,cases,35,552.1678961806936,75.42645291862375,117.52723600540523,318.40568423374464,718.1621592066759,1556.827407765466
state,Ekiti,hospitalizations,35,6.519582288951937,0.4158519328577954,0.8491013916006175,3.1827856313549097,8.061244063037675,19.12403797075271
state,Ekiti,deaths,35,1.1367024716572514,0.09483745334448362,0.09483745334448362,0.13003697510177753,0.9132340504074283,3.6664379273232486
state,Ekiti,cases,36,415.53175082451025,0.0,33.09130744465547,232.9790882761081,492.21688360362396,1269.435450500652
state,Ekiti,hospitalizations,36,7.441062033623411,0.4001697857497546,0.8709982917891126,3.5070945856324283,8.677502578198059,21.497205545574054
state,Ekiti,deaths,36,0.9992664011123209,0.0,0.0,0.0,0.7661952916743068,4.232885222294059
state,Ekiti,cases,37,303.7147959291013,40.73275237175766,71.11012543020064,187.07981991733124,420.85797030013225,762.7410901299132
state,Ekiti,hospitalizations,37,4.661803885610583,0.7545110585584274,0.7545110585584274,2.096493361830462,6.0047744163901084,13.02004374675596
state,Ekiti,deaths,37,1.6970223094178374,0.11351134986209538,0.11351134986209538,0.41660034385104827,1.5349744620889527,8.026044874112252
state,Ekiti,cases,38,376.03910783477244,35.23022681083994,71.23945662499487,223.0382845782422,498.31893141049966,1032.982540926548
state,Ekiti,hospitalizations,38,4.576845477081651,0.27467720772795157,0.40059039947123243,2.20459191989817,6.068508069665519,14.040027742979664
state,Ekiti,deaths,38,1.244989164738774,0.11498011488526949,0.11498011488526949,0.3257235163231388,1.1296927529547107,4.201479311144922
state,Ekiti,cases,39,529.5805425738047,29.53151911041533,67.89329487504963,280.35580201443275,628.3966379446811,1526.629409937743
state,Ekiti,hospitalizations,39,7.826374202559567,0.0,0.46944558101007794,3.7023434673466444,9.074417229043418,25.637086298579714
state,Ekiti,deaths,39,1.2733167815820345,0.09632854571962818,0.09632854571962818,0.3323572398813598,1.3381640666332173,4.277550729077622
state,Ekiti,cases,40,334.60696052433457,32.51241467373503,62.209107001528984,193.54626172014866,422.85895070281157,838.2758519671129
state,Ekiti,hospitalizations,40,6.655316837543431,0.6508348270965016,1.1286231830957967,3.3575252548696732,8.536082208664723,16.970917799250913
state,Ekiti,deaths,40,1.1089097872434461,0.11229583003856744,0.11229583003856744,0.2740587510151128,1.113278727570493,4.26158268763296
state,Ekiti,cases,41,423.2531078530664,38.44928214063288,72.40386791670556,237.4133682783338,524.3747192443509,1139.662169641415
state,Ekiti,hospitalizations,41,7.979186750698592,0.0,0.5535123535553756,3.976604817828089,9.815868145685656,27.35213033582444
state,Ekiti,deaths,41,1.0603890231327882,0.08846000883236946,0.08846000883236946,0.13256955735641887,0.896687940923164,4.256581099852338
state,Ekiti,cases,42,454.2166361124817,52.80375617808292,92.39743654496316,251.9953294212661,565.5464179099296,1340.2856591653904
state,Ekiti,hospitalizations,42,8.626353703108313,0.5924358335530719,1.5469992027562696,4.598255739105024,10.90207153615,22.804980118322757
state,Ekiti,deaths,42,1.0374797009399812,0.13132684029259417,0.13132684029259417,0.18296682234769532,0.9783815739210528,3.40483061284402
state,Ekiti,cases,43,429.98783095439575,39.26809080317693,73.16954474087872,230.90061230814567,501.6493248335489,1159.7168085098108
state,Ekiti,hospitalizations,43,5.805725077919897,0.0,0.3464722781414389,3.166483820387648,8.107513453896264,17.219890061215143
state,Ekiti,deaths,43,1.4686983913947207,0.10688969041833218,0.10688969041833218,0.35360352237354875,1.3385290469108115,5.673407777693714
state,Ekiti,cases,44,367.9325555784601,34.16539127744515,69.70745062486898,213.15113384371847,464.0360949242396,1006.8070855076207
state,Ekiti,hospitalizations,44,6.115675931455732,0.2691474935235534,0.7205087944882607,3.1418914277055094,7.484246028249553,19.457769559036045
state,Ekiti,deaths,44,1.09530593017,0.10083114503531064,0.10083114503531064,0.12120486424652356,0.8388181813741107,4.8535891249013545
state,Ekiti,cases,45,379.38945365863594,0.0,30.955763729588966,239.3647793633134,517.6650257616511,1080.7859083830922
state,Ekiti,hospitalizations,45,6.959696128285871,0.663739349084127,1.1277990399748954,3.4019287509917366,8.445366029730462,19.786965156894006
state,Ekiti,deaths,45,0.9666529743517287,0.09302665547346624,0.09302665547346624,0.13617487918839713,0.9002937098671304,3.336181065567748
state,Ekiti,cases,46,297.85926558849553,7.670426514392169,38.88273625008519,184.23680971152035,381.15350412710916,880.4699906284486
state,Ekiti,hospitalizations,46,8.313522713251965,0.014773156675839338,0.842755430925034,4.058291243358355,9.755745501970972,28.524184339799383
state,Ekiti,deaths,46,0.9613505397102342,0.0,0.0,0.0,0.6814726237029597,3.940681933193053
state,Ekiti,cases,47,385.77994712866393,52.417231072557435,81.93441874869332,211.26001458561456,475.13116224213286,1114.1882999931152
state,Ekiti,hospitalizations,47,7.874221355901737,0.055804773087027915,0.8091811990457687,4.051446592876335,9.481977341863573,23.292816899234992
state,Ekiti,deaths,47,1.322872560649886,0.07890540775235064,0.07890540775235064,0.29365504432734163,1.1341483702434685,5.398248612011499
state,Ekiti,cases,48,382.17589495001863,58.665682811474795,90.85172767030656,205.79669886088908,470.77541020855114,999.450188303219
state,Ekiti,hospitalizations,48,7.723255977782389,0.08241481123563688,0.7747270214801796,3.8001091593851073,9.300523453275499,26.752127963704908
state,Ekiti,deaths,48,0.9521066782480854,0.06176123286965156,0.06176123286965156,0.06983477360564219,0.8228991796129665,3.5911061253257976
state,Ekiti,cases,49,404.2254692755963,20.548818095175083,60.524536531666726,236.11478908336133,517.3562955146987,1087.4941397909392
state,Ekiti,hospitalizations,49,10.569124283218287,1.0561087978101886,2.1345703573345105,5.296133544172269,12.836406167104542,33.406089004194904
state,Ekiti,deaths,49,1.5567212823438967,0.13536803909719675,0.13536803909719675,0.43530602062731505,1.3911595220703532,4.82421661699014
state,Ekiti,cases,50,246.10905750957266,0.0,17.503677552757203,156.1038276669544,316.5407796439863,741.2815157798858
state,Ekiti,hospitalizations,50,4.3844213788856745,0.27394003162898306,0.340809451037693,2.096298298242877,5.502303793814248,13.970227207761997
state,Ekiti,deaths,50,1.2615889237743976,0.1085732229100948,0.1085732229100948,0.2145998215320507,0.897778831536961,4.087833136406171
state,Ekiti,cases,51,369.8997869485944,36.39108642287603,61.5429646297462,185.97758691148445,416.14914434921263,1181.8813957316463
state,Ekiti,hospitalizations,51,7.481305926774765,0.5682184139742086,1.2282716313672637,3.8590160390544352,9.565020694475491,22.409522792354448
state,Ekiti,deaths,51,1.2560805383684919,0.135351016052558,0.135351016052558,0.27659947530819695,1.202070521106,4.463793942206546
state,Ekiti,cases,52,472.6229514974182,77.30024644560754,117.29079113693818,271.4027793465267,616.967088848673,1068.605208740559
state,Ekiti,hospitalizations,52,9.1879732576834,0.3139053943229353,1.2179558070574639,4.6528685091424,11.678748316837503,32.76230296712437
state,Ekiti,deaths,52,1.2542719086892011,0.09640047974857271,0.09640047974857271,0.25553071854619663,1.0993609391831294,4.3209011364358405
state,Bayelsa,cases,1,1165.9301436364897,18.14728813762901,137.5420344085126,719.079714344654,1503.4741586097362,3383.5329980966962
state,Bayelsa,hospitalizations,1,18.628001384138827,1.5331292384485364,3.7338416470941906,9.502847953939016,21.946575107807824,56.82451185836401
state,Bayelsa,deaths,1,1.2905462127502128,0.11492319846289582,0.11492319846289582,0.2270393537777733,0.9774006107230582,4.660658680783772
state,Bayelsa,cases,2,422.00105325854395,18.2505467129137,52.074318200245585,232.63935474000886,522.6015240695795,1094.1942315613558
state,Bayelsa,hospitalizations,2,4.174823423025003,0.46858846826752387,0.46858846826752387,1.7300436333509568,4.981277871688872,13.029985385689214
state,Bayelsa,deaths,2,1.9516273540233333,0.1780066992672361,0.1780066992672361,0.759756990055358,1.91381498453719,6.711189159297718
state,Bayelsa,cases,3,360.02314193819694,0.0,30.976263276815345,211.94124839146403,447.90747405391255,1069.0667022197695
state,Bayelsa,hospitalizations,3,5.92504304881501,0.24629889173654362,0.6418326860519564,3.178432256630559,7.817009329833017,17.54943404303424
state,Bayelsa,deaths,3,0.9619052919009892,0.09359206864386448,0.09359206864386448,0.11603526072551693,0.7754098871344709,3.349294841521188
state,Bayelsa,cases,4,442.88869813551764,28.37102149109697,72.83440607425234,256.5734846929818,554.8358423337002,1130.1424042845401
state,Bayelsa,hospitalizations,4,9.973409464773162,0.7822296692876995,1.6432936216176266,4.777223641289977,11.684303994817764,36.363314179692196
state,Bayelsa,deaths,4,0.9842696395580788,0.12971478518249144,0.12971478518249144,0.14846619493822616,0.8549037100737797,3.519200154694889
state,Bayelsa,cases,5,451.2684176829774,52.16407531088971,87.2020957731406,231.83770987994743,518.343131341027,1218.6656894134485
state,Bayelsa,hospitalizations,5,6.246969190020141,0.40590099024677206,0.8065626945277551,3.1891423551610805,8.170999420127934,17.38401077396123
state,Bayelsa,deaths,5,1.0369489922509956,0.08700161755645046,0.08700161755645046,0.14733981178084704,0.9114156834872348,4.077004828621521
state,Bayelsa,cases,6,492.4800511944726,14.399919511232882,60.27512221857026,270.778221940854,576.8839157731334,1521.2165980170269
state,Bayelsa,hospitalizations,6,6.1840738291160795,0.20825007760880654,0.5150043546360512,2.759609534595272,7.3678614171503,23.467093319459114
state,Bayelsa,deaths,6,1.0830822795974304,0.12735587643658788,0.12735587643658788,0.19852166746548044,0.9505296502607989,3.556188504724736
state,Bayelsa,cases,7,431.9061920023709,42.184339591973725,80.55727038538367,247.08738246665658,512.2645170871331,1215.3678783895314
state,Bayelsa,hospitalizations,7,8.245095806678794,0.3096524315102074,1.1961430819306413,4.279988026159062,10.407252927804794,23.926482840598908
state,Bayelsa,deaths,7,1.1187505925620471,0.15183424281022243,0.15183424281022243,0.2173205842409117,0.9448604699881091,4.223757569005229
state,Bayelsa,cases,8,663.3225648694889,10.010983789302447,69.6767391983464,389.64544022929266,816.2823568743014,1975.8263210575692
state,Bayelsa,hospitalizations,8,10.03775632042138,0.0,1.2766344534264,5.5466201844744,12.921468662384164,28.602215309976838
state,Bayelsa,deaths,8,1.5645026285408572,0.11433928722784603,0.11433928722784603,0.3123774984414548,1.1994318548942422,6.747127388521884
state,Bayelsa,cases,9,1134.5362280744632,141.23893544655982,237.60691857722003,651.1108916771689,1441.3530751360847,3208.471269856112
state,Bayelsa,hospitalizations,9,22.680321215115264,2.5036410242810248,5.4589074241179265,12.043698846344267,28.273751390514803,58.14399646213415
state,Bayelsa,deaths,9,2.255064425370264,0.161201381516203,0.161201381516203,0.9137191981819558,2.167220217992042,7.423386130747143
state,Bayelsa,cases,10,2376.414890463679,141.83235067204643,320.13605174600264,1298.9292848650296,2714.4183894538046,7131.393720558745
state,Bayelsa,hospitalizations,10,34.317205156550145,4.672374281897666,8.364642862962821,18.72878596075607,39.896303597569826,100.85023549168922
state,Bayelsa,deaths,10,2.525961103994567,0.1846149490746667,0.32433799319382467,1.2065808043068105,2.684317226135491,8.050634067476853
state,Bayelsa,cases,11,7669.475047515584,614.8723626897313,1209.8233510874225,4349.501556939175,9574.512672226008,20678.779045081257
state,Bayelsa,hospitalizations,11,118.43649320280763,10.903261933315457,26.328687061560714,70.47640192869483,154.66253676020898,305.46556802059587
state,Bayelsa,deaths,11,6.008306263059667,0.2683844492177814,1.2780371465490075,2.918781406794393,5.820380301821073,18.6156617369285
state,Bayelsa,cases,12,16224.254613776246,2043.344907902798,3474.4258329379095,9359.42597603339,20566.600707433456,46975.10726024653
state,Bayelsa,hospitalizations,12,228.70110481384455,24.817180002363074,54.66676236653569,132.84790828555447,293.39586094666083,606.6163818682853
state,Bayelsa,deaths,12,16.708243911633,1.8699171077306045,4.942505831664379,9.227244809105555,16.255458127588895,47.585890383220054
state,Bayelsa,cases,13,43257.946613467466,3910.304992817458,7635.737201964092,23663.089971496982,50726.90947063173,116296.85949636778
state,Bayelsa,hospitalizations,13,616.7827744503403,68.32418708367251,141.15385654637765,330.0160247726219,725.2493463690233,1820.915122300881
state,Bayelsa,deaths,13,36.87119449795514,6.933990839603771,13.138215929499937,22.510642794481083,39.05331273094042,115.61027755752232
state,Bayelsa,cases,14,50939.014495446805,0.0,3160.465341142568,29569.483422775622,61946.18075699908,168936.02046170895
state,Bayelsa,hospitalizations,14,718.9532747966426,51.60180544937867,141.1346386465159,405.66074575430895,830.8832243467346,1963.5041698556688
state,Bayelsa,deaths,14,58.31387624407054,10.744501721717967,21.335301973105704,36.38805265036806,59.17137674395413,153.3093104493184
state,Bayelsa,cases,15,57533.20912444985,2650.619811917023,8334.864906746321,35642.093639309816,75342.45244227449,146300.75883992
state,Bayelsa,hospitalizations,15,1564.4110985836637,96.14753456431242,309.6423893425749,907.1682561072108,1941.494460176525,4750.4889336402
state,Bayelsa,deaths,15,89.73080216602312,17.61920212877509,34.71905919177286,57.341198821938605,94.34970692707428,225.6827205505623
state,Bayelsa,cases,16,40139.780890361006,6957.384349377186,10187.620208096296,23215.970512515953,52902.25932013475,103609.42247854304
state,Bayelsa,hospitalizations,16,1155.2835866138064,117.23529979254546,244.44589668577862,590.779747033829,1269.396071183204,3751.771441591519
state,Bayelsa,deaths,16,111.66591807221177,16.298078294122675,34.09326786356249,58.69130700375398,100.625308944897,387.89961413444945
state,Bayelsa,cases,17,28177.66028278297,2487.673054773904,5063.836206121869,17390.724244852867,37796.961528245396,70677.8874394024
state,Bayelsa,hospitalizations,17,475.78031814477373,59.292566449791316,128.73702992980094,290.0917324078242,640.1519777812339,1322.4224346224194
state,Bayelsa,deaths,17,103.166477950905,20.466903717233222,39.29679147112216,62.76261584280071,101.87930796884375,251.14808626229495
state,Bayelsa,cases,18,15096.205486232277,738.5873352000768,2076.2537286424886,8994.916480533917,19779.076682968895,44173.858085182124
state,Bayelsa,hospitalizations,18,303.0644083618056,32.59705007843088,76.66246546526975,176.07233978214256,383.0359767664675,823.6660908475285
state,Bayelsa,deaths,18,60.635438917617414,9.784696397655015,20.60472428993225,36.036411396673074,62.996069493349616,177.88858904336334
state,Bayelsa,cases,19,2433.6636803303427,138.00903731514893,352.83247631106417,1357.8957036244058,2920.6942984472375,7282.76061833517
state,Bayelsa,hospitalizations,19,45.669506250922744,3.5843102401283273,9.024266990838452,25.98519988669788,55.368078578237075,136.25288968954914
state,Bayelsa,deaths,19,22.302029277070194,3.6886918476382595,8.13948918617628,14.216350340609807,23.196206330821383,57.73535460085051
state,Bayelsa,cases,20,832.4458613765412,78.93493329748574,140.89988667788137,415.395831400721,934.8136353422015,2805.536973999201
state,Bayelsa,hospitalizations,20,18.912739996691926,2.651710871156697,4.952576373043783,10.629057392114467,24.26945547470134,53.23302605725967
state,Bayelsa,deaths,20,8.373382301017308,0.8838330879817802,2.3062267225258157,4.587668912720049,8.651414079006802,25.716104710747963
state,Bayelsa,cases,21,1407.0615295265661,231.5478086646103,332.76706485136253,706.2047312115013,1664.594737358491,3977.9050027413014
state,Bayelsa,hospitalizations,21,18.334293107230817,0.34301098202327496,2.4835010152756776,9.952265286482223,21.98306823571569,62.598889602083574
state,Bayelsa,deaths,21,1.4175885411032263,0.08540829749742979,0.08540829749742979,0.4078795844050276,1.4170074258231362,4.523946728388699
state,Bayelsa,cases,22,2084.015805284506,114.583090889108,320.8779069770738,1260.1361106030733,2641.9154843146057,5704.77654150072
state,Bayelsa,hospitalizations,22,25.512041097914597,2.223962587551484,5.204993647802757,13.996403486434627,32.29976836005794,70.5366810121836
state,Bayelsa,deaths,22,2.839732345451621,0.20133257285826645,0.4020489832044548,1.3469131960884848,2.924463095545094,8.781888423487818
state,Bayelsa,cases,23,3669.6354388092236,346.3109761431236,673.4691848318017,2123.9835480501847,4792.996618278328,10630.304358091193
state,Bayelsa,hospitalizations,23,56.343449711489036,6.0927573363646,12.115840074682941,29.035798211236624,63.23111935381148,184.863464209806
state,Bayelsa,deaths,23,3.3056117847835282,0.27068284140233634,0.7284371370961928,1.8894375875671887,3.895815628060112,10.509091311903228
state,Bayelsa,cases,24,5692.877267750184,414.25048069772845,946.4127584879075,3217.2784450812,7229.707743386454,18296.95271795452
state,Bayelsa,hospitalizations,24,83.61569522786871,3.4929221922517546,14.577481786011258,49.84652107064309,107.56690596931975,240.9695703136391
state,Bayelsa,deaths,24,4.484019189484296,0.2717864750944594,0.9652380446534423,2.316153871421799,4.409085793590163,13.24085201469532
state,Bayelsa,cases,25,8121.768538020695,879.8532700157539,1478.9999651019486,4511.148709967878,10100.428718976971,25976.516320083098
state,Bayelsa,hospitalizations,25,137.30355462282193,14.707114762578763,31.372907817241558,79.64290472467528,174.44042659268632,371.85733363098257
state,Bayelsa,deaths,25,8.619008008815273,1.0238322293204827,2.6287235027957303,4.970789193912079,8.550661241247676,26.63981375307627
state,Bayelsa,cases,26,11774.237951667497,492.8353129704662,1593.986505554622,7349.562502136058,15524.85174374233,30634.22163968203
state,Bayelsa,hospitalizations,26,157.4258899474,23.64171401429101,41.05844372163122,89.7896025928831,194.72671869575964,390.42767282655706
state,Bayelsa,deaths,26,9.448379401892408,0.8392407314676783,2.780014623135593,5.450180487614089,9.44621833409524,29.56764702821871
state,Bayelsa,cases,27,11847.592470514659,572.6235262897341,1649.77354860484,7114.870830084547,15066.049960517888,30175.040669241705
state,Bayelsa,hospitalizations,27,214.02709416314661,31.59330068993489,55.998417666454856,116.02383681211155,254.47512069034224,577.5846354604494
state,Bayelsa,deaths,27,17.953315473427825,2.5635683372285274,5.562119339420008,10.159244355558616,17.43579910142236,50.44499532923669
state,Bayelsa,cases,28,10347.45267590151,562.5560350125037,1418.4023747245963,6392.0243344072705,13659.212208384753,25835.814378410087
state,Bayelsa,hospitalizations,28,153.68895470464585,6.898422648676222,26.063844307887553,85.74012193996383,182.53653754088913,417.25071449097646
state,Bayelsa,deaths,28,19.938057907388774,2.9048641638858768,6.9397863127782005,12.694764400433051,22.002812427109674,51.4336754808604
state,Bayelsa,cases,29,14240.927784136906,394.86430200988167,1595.796842279516,8674.846329620657,17886.690673551762,42105.87737705007
state,Bayelsa,hospitalizations,29,255.73910347957798,19.89763464317796,52.439691682696356,148.8149252293825,319.45044182871794,624.8347840271988
state,Bayelsa,deaths,29,35.460452016677024,5.49611159011485,11.216681129857603,20.471065069209182,36.269515678527625,90.26555366480865
state,Bayelsa,cases,30,7216.353999615315,0.0,576.239165014731,4850.349735869776,10207.327573052466,19813.238712203638
state,Bayelsa,hospitalizations,30,135.29752283078807,7.072499012053888,24.0672767702966,74.06433083525874,155.8092291260849,457.6761642991042
state,Bayelsa,deaths,30,18.714084065723423,3.058102464540149,6.911783489780592,12.19301884535303,20.967648549360216,43.19081349589348
state,Bayelsa,cases,31,2639.282297393393,60.27213866032672,311.99729367303576,1643.7813674298793,3468.0286327438935,6687.697470087078
state,Bayelsa,hospitalizations,31,47.192590944858445,0.8140352241231064,7.187930073784569,28.9788461055997,60.17479335557016,143.428342182878
state,Bayelsa,deaths,31,11.971436027799093,1.5929373244319656,3.7227827433824565,6.969558500852671,11.887002907148648,30.369217097274245
state,Bayelsa,cases,32,979.4022078075707,26.01499465115378,101.37913828402151,501.58022009658237,1084.9590638097063,3279.8511125855657
state,Bayelsa,hospitalizations,32,29.94827334194995,2.359900000660673,5.798575055860036,15.5116847508552,36.3088286643286,92.2397049916637
state,Bayelsa,deaths,32,5.302497401329963,0.33241210655565023,1.2285609335568424,2.7308036033961476,5.41464501016781,14.792909137756572
state,Bayelsa,cases,33,649.6696891522821,39.72410987840707,100.7087983219958,403.97925565268287,886.0572065868535,1785.4714111866656
state,Bayelsa,hospitalizations,33,13.304403234989982,0.27945678854451217,2.121568615696682,7.197090220509588,16.438954574080785,37.11052579604465
state,Bayelsa,deaths,33,2.7478782237576134,0.17990067258469655,0.3352318271123165,1.2547519719629068,2.8326001641910197,8.6398143971138
state,Bayelsa,cases,34,606.6428922537693,42.3465189726118,93.97066491544743,344.3625224055905,757.3620838129627,1685.3177984239996
state,Bayelsa,hospitalizations,34,6.001858418345956,0.3225791898859822,0.5365709512553942,2.8282493500447274,7.521829685897609,20.097856591543422
state,Bayelsa,deaths,34,1.0027715811997902,0.09595688147181719,0.09595688147181719,0.13682149436470697,0.9042620851739956,3.415002869951541
state,Bayelsa,cases,35,371.66090114547643,50.4873531393499,78.85001820428934,214.17881088069026,483.4887423332002,1048.4849206096465
state,Bayelsa,hospitalizations,35,5.698481091492814,0.36942645213878533,0.6426687307895773,2.7158217474894872,7.049651767078213,16.87740145669499
state,Bayelsa,deaths,35,1.2880036788653804,0.103315613289851,0.103315613289851,0.23105860612651327,1.0842709532369237,4.08360230413616
state,Bayelsa,cases,36,309.7163492217279,0.0,24.42943850608126,173.53002782851658,366.9010678050607,946.6450915500632
state,Bayelsa,hospitalizations,36,6.713117132126452,0.3650350287841331,0.7067253441403085,3.1113733729712374,7.827821484753917,19.52195934409382
state,Bayelsa,deaths,36,1.450528591495938,0.1324638355380679,0.1324638355380679,0.3165978255456141,1.2639295594279374,5.447572669168905
state,Bayelsa,cases,37,263.34254393740014,35.203499386445245,61.556115602274204,162.16076122474647,364.9651928269069,661.5515576258348
state,Bayelsa,hospitalizations,37,6.987649985311519,1.0760180405908817,1.4766555299148414,3.415949484246658,8.98959996253197,18.99416685847633
state,Bayelsa,deaths,37,1.4704823798422175,0.10241266012418543,0.10241266012418543,0.2780907787888715,1.2871147098929692,7.143513992927858
state,Bayelsa,cases,38,273.27850423722856,25.35581352533701,51.55086196176917,161.97748511786523,362.23141764015367,751.1744530994979
state,Bayelsa,hospitalizations,38,4.6950363322761826,0.28073465740109715,0.43147758493399757,2.2752627063034896,6.224389703421709,14.371705103068615
state,Bayelsa,deaths,38,0.9405876619856152,0.09561179012719533,0.09561179012719533,0.10240626160319113,0.7709474088984551,3.325293540925577
state,Bayelsa,cases,39,347.60672599364085,19.060089020723183,44.26488259973219,183.85888024422405,412.5317519201708,1002.6966009847913
state,Bayelsa,hospitalizations,39,3.736251416150038,0.0,0.0,1.4631311807409086,4.277073309715552,12.952753192471452
state,Bayelsa,deaths,39,1.1131517290327932,0.08804608436630126,0.08804608436630126,0.21779932492786813,1.1371254920865521,3.823779631141269
state,Bayelsa,cases,40,300.6386955509274,29.120474948296668,55.81143368746587,173.8553740300626,379.9583114361851,753.329030599462
state,Bayelsa,hospitalizations,40,3.1043329660365644,0.3387830242224372,0.3387830242224372,1.2682492124096247,3.963875065349249,8.35451150830981
state,Bayelsa,deaths,40,0.7386655464433106,0.0,0.0,0.0,0.6667759526611867,3.289245809236451
state,Bayelsa,cases,41,276.1216463632008,24.76822611855762,46.94732283622892,154.7313403468812,342.1741676363222,744.0792287530553
state,Bayelsa,hospitalizations,41,5.152665302933684,0.0,0.05446424014630269,2.377927317880496,6.34139394492848,18.244332047101683
state,Bayelsa,deaths,41,1.046397940495058,0.08768112315434967,0.08768112315434967,0.12259734257563824,0.8799877043715558,4.2102971825425035
state,Bayelsa,cases,42,244.29341819195193,27.99214619482246,49.32719510457233,135.32649647937527,304.28345492890537,721.7515824514544
state,Bayelsa,hospitalizations,42,4.572461404212703,0.338526800898187,0.4553938893739654,2.1989280503225426,5.801023795319237,12.602525891403285
state,Bayelsa,deaths,42,1.136091176947997,0.13955176456971805,0.13955176456971805,0.25705535226649767,1.102286471050261,3.6807026140547436
state,Bayelsa,cases,43,286.50926241637865,25.862589275663844,48.478035273030855,153.6994351348089,334.3141927858193,773.3068586181506
state,Bayelsa,hospitalizations,43,4.782825780550158,0.0,0.1378700640854722,2.520991325762423,6.696531956639104,14.397173642669957
state,Bayelsa,deaths,43,1.5235572615165347,0.10969077574216812,0.10969077574216812,0.3890752217111954,1.399811097284704,5.848286987399656
state,Bayelsa,cases,44,298.198329075101,27.5185629524802,56.342597610966045,172.67310216122272,376.1367434429418,816.3152286361482
state,Bayelsa,hospitalizations,44,5.3797243547586096,0.24061594540329034,0.5381226283804876,2.702821484933989,6.584855620967277,17.289100518260422
state,Bayelsa,deaths,44,0.92901921207028,0.0,0.0,0.0,0.6617195356380773,4.5003116358560336
state,Bayelsa,cases,45,294.1303937147316,0.0,23.791635822806732,185.4776609637675,401.38607787687835,838.2615024263955
state,Bayelsa,hospitalizations,45,7.109465293478132,0.676453094959991,1.1685564491995812,3.4862464934624717,8.62628943523929,20.185133794778537
state,Bayelsa,deaths,45,0.9386114502078953,0.09128574233174808,0.09128574233174808,0.11491235213739188,0.8647313618949879,3.2550331992546404
state,Bayelsa,cases,46,233.98963931571552,5.817286217122512,30.358552856369613,144.64593191049107,299.4753932446447,692.0723889930381
state,Bayelsa,hospitalizations,46,3.310266943464574,0.006652127863798762,0.006652127863798762,1.2776716487535795,3.8431486864688944,12.294291369962426
state,Bayelsa,deaths,46,0.9699932876690323,0.0,0.0,0.0,0.6914797475719833,3.970085930264399
state,Bayelsa,cases,47,261.1409308594413,35.20364184143172,55.208978496594774,142.8596758202721,321.6989067243982,754.8212394773047
state,Bayelsa,hospitalizations,47,8.4162807489535,0.059251692325204,0.9209297312118432,4.3634616317054915,10.12942248598132,24.793322560083414
state,Bayelsa,deaths,47,1.0829380650224436,0.06904689823185327,0.06904689823185327,0.13202467026263592,0.8675060370306041,4.598845926532753
state,Bayelsa,cases,48,291.47597984860334,44.5424761150446,69.10990097554065,156.84674329966526,359.1034855995345,762.6379348754999
state,Bayelsa,hospitalizations,48,7.936022258599112,0.08445418909506852,0.8186431445638593,3.918889220829621,9.555412825176253,27.438862234799522
state,Bayelsa,deaths,48,1.0238795570671604,0.06474648904304595,0.06474648904304595,0.12154570478408348,0.911009807859334,3.813019245685031
state,Bayelsa,cases,49,268.29379331974303,13.320224257417472,39.8860085307609,156.57416204577228,343.4726464453622,722.3566182537483
state,Bayelsa,hospitalizations,49,6.748999261803601,0.7038443404811892,1.0890362909811846,3.1960619693425607,8.221281172459147,21.929958612130626
state,Bayelsa,deaths,49,1.1745542414416303,0.111263504633114,0.111263504633114,0.17972587282096988,0.9653737347215419,3.7871178224237214
state,Bayelsa,cases,50,268.6214146357249,0.0,19.190112755924197,170.42235568790733,345.481618442429,808.9334555254974
state,Bayelsa,hospitalizations,50,6.6971490277816885,0.39572501496829204,0.9368904826591284,3.4728135684745336,8.393020256420545,20.625511797756428
state,Bayelsa,deaths,50,2.200543927188055,0.16196928687779866,0.16196928687779866,0.8119372499271803,1.8311021424716718,6.590017895474317
state,Bayelsa,cases,51,331.4688109723313,32.516789390068475,55.062542543380474,166.60380616652327,372.92601694627024,1059.3165194449098
state,Bayelsa,hospitalizations,51,4.205945850413575,0.3439155021590701,0.348666530689495,1.9409306350748317,5.394503078575752,13.168667520166302
state,Bayelsa,deaths,51,0.7710312510583076,0.0,0.0,0.0,0.6189255479323258,3.1739347612277475
state,Bayelsa,cases,52,429.8638850171169,70.23123631295557,106.61140200209931,246.81003417936068,561.1765158809212,972.0403778268203
state,Bayelsa,hospitalizations,52,10.326049680279336,0.34925877199763455,1.467751544024089,5.289518910707444,13.106683566737964,36.56475896039872
state,Bayelsa,deaths,52,1.3327541031364853,0.10046770052448317,0.10046770052448317,0.308502660559177,1.187934818174711,4.545394621376178
