{
  "type": "FeatureCollection",
  "features": [
    {
      "geometry": {
        "type": "Polygon",
        "coordinates": [
          [
            [
              4.12032455154706,
              13.2106077741071
            ],
            [
              4.1290816595389,
              13.2126047126627
            ],
            [
              4.20504601356758,
              13.2145424670972
            ],
            [
              4.26995161266331,
              13.2041813392733
            ],
            [
              4.30457482230972,
              13.2206402348526
            ],
            [
              4.34085167854523,
              13.2281334863231
            ],
            [
              4.37154747819046,
              13.2045688901542
            ],
            [
              4.40182986830714,
              13.1755010726437
            ],
            [
              4.46384158736155,
              13.1398184546399
            ],
            [
              4.53184777158958,
              13.1148845156521
            ],
            [
              4.56802127365367,
              13.1062802865616
            ],
            [
              4.60285118971406,
              13.0939297330699
            ],
            [
              4.63602745936435,
              13.0712697276738
            ],
            [
              4.67199425517042,
              13.0545004950213
            ],
            [
              4.71002810979741,
              13.0514259254503
            ],
            [
              4.74103396954227,
              13.0695125303013
            ],
            [
              4.75612348718995,
              13.0958158136872
            ],
            [
              4.77493370867687,
              13.1196646095951
            ],
            [
              4.80077192600406,
              13.1279587982045
            ],
            [
              4.81844526381511,
              13.1065128170529
            ],
            [
              4.8147245623772,
              13.0755072501657
            ],
            [
              4.80015180808802,
              13.04581905702
            ],
            [
              4.79674116354266,
              13.0274996219442
            ],
            [
              4.79694786924033,
              13.0087154268983
            ],
            [
              4.79302046147393,
              12.9933158422709
            ],
            [
              4.78681928911212,
              12.9797248281324
            ],
            [
              4.77586388526838,
              12.9415360596912
            ],
            [
              4.76986941962377,
              12.9013834027558
            ],
            [
              4.80273563016487,
              12.8451335756162
            ],
            [
              4.82588667185624,
              12.7826309688626
            ],
            [
              4.81751509076875,
              12.710258144562
            ],
            [
              4.80779992093366,
              12.6733612255648
            ],
            [
              4.80314904087326,
              12.6356113966206
            ],
            [
              4.83322472511209,
              12.4747944526265
            ],
            [
              4.82950402167371,
              12.3993726242947
            ],
            [
              4.78464887849317,
              12.3768158360519
            ],
            [
              4.71643598786739,
              12.3985200132901
            ],
            [
              4.6449158057622,
              12.3809500079301
            ],
            [
              4.60905236185442,
              12.3185249457383
            ],
            [
              4.61566694570846,
              11.9341039806235
            ],
            [
              4.58176720494699,
              11.7782736176525
            ],
            [
              4.53753217868904,
              11.6843258783908
            ],
            [
              4.52936730285013,
              11.5890344857945
            ],
            [
              4.56151004426684,
              11.5527835185076
            ],
            [
              4.60636518714408,
              11.5382624023076
            ],
            [
              4.64998009610568,
              11.5651083666435
            ],
            [
              4.68501671725104,
              11.6077414451994
            ],
            [
              4.8750826352807,
              11.6922581907025
            ],
            [
              4.89595991364052,
              11.6973483176907
            ],
            [
              4.91725060403148,
              11.6923615374346
            ],
            [
              4.93316694527557,
              11.6838091447324
            ],
            [
              4.94505252373432,
              11.6870130436295
            ],
            [
              4.95621463396635,
              11.691431416846
            ],
            [
              4.97151085798847,
              11.6820521000818
            ],
            [
              4.98205284966581,
              11.6663166589816
            ],
            [
              5.00375695231196,
              11.6682287237151
            ],
            [
              5.0234973484489,
              11.6806050956272
            ],
            [
              5.06452843572882,
              11.687969000899
            ],
            [
              5.10545616938586,
              11.6723627431674
            ],
            [
              5.12168256991494,
              11.6586943869606
            ],
            [
              5.1424564960371,
              11.6548185841473
            ],
            [
              5.19495975070008,
              11.6676343297994
            ],
            [
              5.2182141461675,
              11.6692105176586
            ],
            [
              5.23630089666182,
              11.6790548946554
            ],
            [
              5.24394900891537,
              11.7028518316224
            ],
            [
              5.26151899558093,
              11.7199309307573
            ],
            [
              5.28342980310567,
              11.7212229151402
            ],
            [
              5.30482384620915,
              11.7114043746194
            ],
            [
              5.32859500499237,
              11.7099315334603
            ],
            [
              5.38533572733115,
              11.7183547428582
            ],
            [
              5.40921023895596,
              11.6986919754249
            ],
            [
              5.42378299320047,
              11.6698047613615
            ],
            [
              5.51059939895278,
              11.6331404058867
            ],
            [
              5.56982059116708,
              11.6204796805307
            ],
            [
              5.72216271320994,
              11.6307632809033
            ],
            [
              5.73766564263969,
              11.6394965301674
            ],
            [
              5.75430545440762,
              11.6433981696355
            ],
            [
              5.82830610503709,
              11.6309958110438
            ],
            [
              5.86633995875546,
              11.6182317389714
            ],
            [
              5.9132621601038,
              11.5731181885768
            ],
            [
              5.90819786900039,
              11.5049052942058
            ],
            [
              5.88318647528824,
              11.4298193938524
            ],
            [
              5.90210004982485,
              11.3993819819823
            ],
            [
              5.94158084440947,
              11.3839824193821
            ],
            [
              6.01816531697579,
              11.2641706757494
            ],
            [
              6.02705366353206,
              11.1112083723704
            ],
            [
              5.99635786336179,
              11.130819613408
            ],
            [
              5.96132124209878,
              11.1289592223086
            ],
            [
              5.9465417818831,
              11.1173320408152
            ],
            [
              5.92132368294823,
              11.0892459184612
            ],
            [
              5.91078169159858,
              11.0735879897547
            ],
            [
              5.88515018140281,
              11.0534083418157
            ],
            [
              5.85042361751036,
              11.0505660818152
            ],
            [
              5.81600711419695,
              11.0414193717331
            ],
            [
              5.64299441950258,
              10.9688656961891
            ],
            [
              5.57664188050254,
              10.9573676980769
            ],
            [
              5.47669966001877,
              10.9571867662173
            ],
            [
              5.44972456205718,
              10.9664110614721
            ],
            [
              5.43701216026481,
              11.0015510478464
            ],
            [
              5.43556522031495,
              11.0407734547603
            ],
            [
              5.44145633248603,
              11.1175645709258
            ],
            [
              5.42553999172355,
              11.1509734247282
            ],
            [
              5.39370730986986,
              11.1709205426469
            ],
            [
              5.35805057101238,
              11.2346633854258
            ],
            [
              5.34430464072699,
              11.3093100586149
            ],
            [
              5.28518680226728,
              11.3444758826315
            ],
            [
              5.21232303156721,
              11.3466461637326
            ],
            [
              4.91673384015584,
              11.2876317325774
            ],
            [
              4.77937788306707,
              11.2269377676955
            ],
            [
              4.76304813005146,
              11.1638150052695
            ],
            [
              4.82650678938473,
              11.1165569404465
            ],
            [
              4.89854373521431,
              11.0867137737132
            ],
            [
              4.97492150198897,
              11.0748023887705
            ],
            [
              4.99197472508206,
              11.0747248036271
            ],
            [
              5.00541059672346,
              11.0674384846393
            ],
            [
              5.01357547413188,
              11.0497651447689
            ],
            [
              5.02659793505905,
              11.0416002284855
            ],
            [
              5.05408979738902,
              11.0334353873083
            ],
            [
              5.06628543522698,
              11.0046774362112
            ],
            [
              5.07569054523105,
              10.9641114468287
            ],
            [
              5.07827436669756,
              10.9237779874448
            ],
            [
              5.03031863806296,
              10.863755776614
            ],
            [
              5.07114301882316,
              10.8131645541295
            ],
            [
              5.09305382713202,
              10.7477680874691
            ],
            [
              5.06618208251898,
              10.7265807331274
            ],
            [
              4.99538536900364,
              10.7067886345051
            ],
            [
              4.92830935964001,
              10.6748784567567
            ],
            [
              4.85885623502345,
              10.6843093708166
            ],
            [
              4.82712690583906,
              10.673095575599
            ],
            [
              4.8101770362836,
              10.6066655641598
            ],
            [
              4.81555138478064,
              10.5316313729205
            ],
            [
              4.81090050575827,
              10.4968014603877
            ],
            [
              4.81658491356195,
              10.4632892932403
            ],
            [
              4.86371381973677,
              10.4025436469235
            ],
            [
              4.89420291546657,
              10.3346666608617
            ],
            [
              4.86939822845954,
              10.2691667786945
            ],
            [
              4.84056277826011,
              10.2482636610741
            ],
            [
              4.80645633320877,
              10.2371532291262
            ],
            [
              4.69049441926753,
              10.21286529868
            ],
            [
              4.65535444453643,
              10.2011347484573
            ],
            [
              4.64481245305741,
              10.1664081951537
            ],
            [
              4.64429568907635,
              10.1262814353566
            ],
            [
              4.6318933446844,
              10.0993063372958
            ],
            [
              4.56368045368649,
              10.103052882376
            ],
            [
              4.53949588434049,
              10.124395253894
            ],
            [
              4.55468875486149,
              10.1983183806697
            ],
            [
              4.56099328028682,
              10.2709237671621
            ],
            [
              4.53939253063366,
              10.2942815197548
            ],
            [
              4.51365766768952,
              10.3134793217461
            ],
            [
              4.49836144432578,
              10.3481025251575
            ],
            [
              4.49433068202078,
              10.3860588666141
            ],
            [
              4.50063520738009,
              10.4604212337253
            ],
            [
              4.53835900180943,
              10.5242416313209
            ],
            [
              4.65473432784874,
              10.5890438962314
            ],
            [
              4.65618126767377,
              10.607156461097
            ],
            [
              4.68129601393651,
              10.6323745636861
            ],
            [
              4.68904747940717,
              10.6458104637871
            ],
            [
              4.69090783056532,
              10.6631737645797
            ],
            [
              4.6905977719111,
              10.7009750059416
            ],
            [
              4.72387739397708,
              10.8794912906592
            ],
            [
              4.72212039550487,
              10.9042184196546
            ],
            [
              4.6578349142435,
              10.923519620654
            ],
            [
              4.53680870924767,
              11.0017835779569
            ],
            [
              4.43541954910887,
              11.0285261178872
            ],
            [
              4.33165327313747,
              11.0132815760424
            ],
            [
              4.05807824126579,
              11.0061760386962
            ],
            [
              4.00516157366014,
              11.0121963604207
            ],
            [
              3.89323042201413,
              11.0628909287236
            ],
            [
              3.80424360444851,
              11.1175645709258
            ],
            [
              3.71277632027239,
              11.1278999184708
            ],
            [
              3.70564497244402,
              11.1207943811155
            ],
            [
              3.70558331100666,
              11.1207329438963
            ],
            [
              3.70440393007076,
              11.1207952072883
            ],
            [
              3.69499881989567,
              11.1191156729427
            ],
            [
              3.68673058987537,
              11.1204850920342
            ],
            [
              3.66254601988759,
              11.1431452114166
            ],
            [
              3.48333215306843,
              11.3923031822756
            ],
            [
              3.46844934019237,
              11.4194850221575
            ],
            [
              3.46669234214026,
              11.4424810195897
            ],
            [
              3.48674279799742,
              11.4962761432022
            ],
            [
              3.4930473229883,
              11.5114948495663
            ],
            [
              3.50493290208106,
              11.5565567254913
            ],
            [
              3.57438602706482,
              11.6730353981992
            ],
            [
              3.5964001870758,
              11.6957730310894
            ],
            [
              3.64776656110986,
              11.7260037530684
            ],
            [
              3.65985884623126,
              11.7380960720353
            ],
            [
              3.66699019394259,
              11.7596967413826
            ],
            [
              3.66202925604462,
              11.77948884309
            ],
            [
              3.64973026491353,
              11.7978339404735
            ],
            [
              3.62626916505194,
              11.8225353131563
            ],
            [
              3.62203169806277,
              11.8250157851185
            ],
            [
              3.61862105288431,
              11.8283747043725
            ],
            [
              3.61293664478455,
              11.8389683460913
            ],
            [
              3.60973270685499,
              11.8487868873201
            ],
            [
              3.60394494619287,
              11.9055793774869
            ],
            [
              3.60849247294085,
              11.921960737918
            ],
            [
              3.61955122913551,
              11.9362751635889
            ],
            [
              3.63660445223594,
              11.9535867953098
            ],
            [
              3.65355432119167,
              11.9868147280368
            ],
            [
              3.64890344192756,
              12.0210244557214
            ],
            [
              3.62399540203276,
              12.0942499886984
            ],
            [
              3.62451216599619,
              12.1376581819721
            ],
            [
              3.6514872642406,
              12.2690197363185
            ],
            [
              3.64156538897823,
              12.5179967194556
            ],
            [
              3.64569950291379,
              12.5285386941646
            ],
            [
              3.86439416438666,
              12.6896656889011
            ],
            [
              3.92909305762595,
              12.7503855550679
            ],
            [
              4.08877323411867,
              12.9962362925479
            ],
            [
              4.12032455154706,
              13.2106077741071
            ]
          ]
        ]
      },
      "type": "Feature",
      "properties": {
        "source": "https://simplemaps.com",
        "id": "NGKE",
        "name": "Kebbi"
      },
      "id": 1
    },
    {
      "geometry": {
        "type": "Polygon",
        "coordinates": [
          [
            [
              3.70558331100666,
              11.1207329438963
            ],
            [
              3.70564497244402,
              11.1207943811155
            ],
            [
              3.71277632027239,
              11.1278999184708
            ],
            [
              3.80424360444851,
              11.1175645709258
            ],
            [
              3.89323042201413,
              11.0628909287236
            ],
            [
              4.00516157366014,
              11.0121963604207
            ],
            [
              4.05807824126579,
              11.0061760386962
            ],
            [
              4.33165327313747,
              11.0132815760424
            ],
            [
              4.43541954910887,
              11.0285261178872
            ],
            [
              4.53680870924767,
              11.0017835779569
            ],
            [
              4.6578349142435,
              10.923519620654
            ],
            [
              4.72212039550487,
              10.9042184196546
            ],
            [
              4.72387739397708,
              10.8794912906592
            ],
            [
              4.6905977719111,
              10.7009750059416
            ],
            [
              4.69090783056532,
              10.6631737645797
            ],
            [
              4.68904747940717,
              10.6458104637871
            ],
            [
              4.68129601393651,
              10.6323745636861
            ],
            [
              4.65618126767377,
              10.607156461097
            ],
            [
              4.65473432784874,
              10.5890438962314
            ],
            [
              4.53835900180943,
              10.5242416313209
            ],
            [
              4.50063520738009,
              10.4604212337253
            ],
            [
              4.49433068202078,
              10.3860588666141
            ],
            [
              4.49836144432578,
              10.3481025251575
            ],
            [
              4.51365766768952,
              10.3134793217461
            ],
            [
              4.53939253063366,
              10.2942815197548
            ],
            [
              4.56099328028682,
              10.2709237671621
            ],
            [
              4.55468875486149,
              10.1983183806697
            ],
            [
              4.53949588434049,
              10.124395253894
            ],
            [
              4.56368045368649,
              10.103052882376
            ],
            [
              4.6318933446844,
              10.0993063372958
            ],
            [
              4.64429568907635,
              10.1262814353566
            ],
            [
              4.64481245305741,
              10.1664081951537
            ],
            [
              4.65535444453643,
              10.2011347484573
            ],
            [
              4.69049441926753,
              10.21286529868
            ],
            [
              4.80645633320877,
              10.2371532291262
            ],
            [
              4.84056277826011,
              10.2482636610741
            ],
            [
              4.86939822845954,
              10.2691667786945
            ],
            [
              4.89420291546657,
              10.3346666608617
            ],
            [
              4.86371381973677,
              10.4025436469235
            ],
            [
              4.81658491356195,
              10.4632892932403
            ],
            [
              4.81090050575827,
              10.4968014603877
            ],
            [
              4.81555138478064,
              10.5316313729205
            ],
            [
              4.8101770362836,
              10.6066655641598
            ],
            [
              4.82712690583906,
              10.673095575599
            ],
            [
              4.85885623502345,
              10.6843093708166
            ],
            [
              4.92830935964001,
              10.6748784567567
            ],
            [
              4.99538536900364,
              10.7067886345051
            ],
            [
              5.06618208251898,
              10.7265807331274
            ],
            [
              5.09305382713202,
              10.7477680874691
            ],
            [
              5.07114301882316,
              10.8131645541295
            ],
            [
              5.03031863806296,
              10.863755776614
            ],
            [
              5.07827436669756,
              10.9237779874448
            ],
            [
              5.07569054523105,
              10.9641114468287
            ],
            [
              5.06628543522698,
              11.0046774362112
            ],
            [
              5.05408979738902,
              11.0334353873083
            ],
            [
              5.02659793505905,
              11.0416002284855
            ],
            [
              5.01357547413188,
              11.0497651447689
            ],
            [
              5.00541059672346,
              11.0674384846393
            ],
            [
              4.99197472508206,
              11.0747248036271
            ],
            [
              4.97492150198897,
              11.0748023887705
            ],
            [
              4.89854373521431,
              11.0867137737132
            ],
            [
              4.82650678938473,
              11.1165569404465
            ],
            [
              4.76304813005146,
              11.1638150052695
            ],
            [
              4.77937788306707,
              11.2269377676955
            ],
            [
              4.91673384015584,
              11.2876317325774
            ],
            [
              5.21232303156721,
              11.3466461637326
            ],
            [
              5.28518680226728,
              11.3444758826315
            ],
            [
              5.34430464072699,
              11.3093100586149
            ],
            [
              5.35805057101238,
              11.2346633854258
            ],
            [
              5.39370730986986,
              11.1709205426469
            ],
            [
              5.42553999172355,
              11.1509734247282
            ],
            [
              5.44145633248603,
              11.1175645709258
            ],
            [
              5.43556522031495,
              11.0407734547603
            ],
            [
              5.43701216026481,
              11.0015510478464
            ],
            [
              5.44972456205718,
              10.9664110614721
            ],
            [
              5.47669966001877,
              10.9571867662173
            ],
            [
              5.57664188050254,
              10.9573676980769
            ],
            [
              5.64299441950258,
              10.9688656961891
            ],
            [
              5.81600711419695,
              11.0414193717331
            ],
            [
              5.85042361751036,
              11.0505660818152
            ],
            [
              5.88515018140281,
              11.0534083418157
            ],
            [
              5.91078169159858,
              11.0735879897547
            ],
            [
              5.92132368294823,
              11.0892459184612
            ],
            [
              5.9465417818831,
              11.1173320408152
            ],
            [
              5.96132124209878,
              11.1289592223086
            ],
            [
              5.99635786336179,
              11.130819613408
            ],
            [
              6.02705366353206,
              11.1112083723704
            ],
            [
              6.06973839733914,
              11.0563538734251
            ],
            [
              6.14642622218084,
              10.9292556638349
            ],
            [
              6.16192915229024,
              10.8627481461223
            ],
            [
              6.14187869596464,
              10.8534205040441
            ],
            [
              6.12213829928055,
              10.8315872331743
            ],
            [
              6.11366336447478,
              10.8061366017706
            ],
            [
              6.10766889827663,
              10.7228600258885
            ],
            [
              6.10911583830421,
              10.6972802104642
            ],
            [
              6.12596235514649,
              10.6470765362417
            ],
            [
              6.12709923645449,
              10.6352167487737
            ],
            [
              6.12637576721294,
              10.6229953228358
            ],
            [
              6.12162153525869,
              10.6006452419681
            ],
            [
              6.10777225094743,
              10.5671330762289
            ],
            [
              6.1050850768073,
              10.5547049189907
            ],
            [
              6.10467166472517,
              10.5276264619433
            ],
            [
              6.10301801906974,
              10.5148365158579
            ],
            [
              6.09723025860895,
              10.5023825216762
            ],
            [
              6.09309614427805,
              10.4825645848267
            ],
            [
              6.09960737547497,
              10.4490782917003
            ],
            [
              6.13195682127346,
              10.4252554432089
            ],
            [
              6.15665815634528,
              10.3949730481043
            ],
            [
              6.17381473084314,
              10.3611508390989
            ],
            [
              6.20812788321242,
              10.3657758683512
            ],
            [
              6.23448286293986,
              10.3941720733699
            ],
            [
              6.25536014221624,
              10.4276842416101
            ],
            [
              6.30734663300101,
              10.4833397603985
            ],
            [
              6.42671919054733,
              10.5735926220743
            ],
            [
              6.49761925598452,
              10.5889663861882
            ],
            [
              6.52376753092972,
              10.5714739015536
            ],
            [
              6.53668663934078,
              10.5402613503194
            ],
            [
              6.56851932123787,
              10.5346802891186
            ],
            [
              6.64117638477,
              10.567675684089
            ],
            [
              6.67931359215202,
              10.5752204456504
            ],
            [
              6.71765750512214,
              10.5688125731715
            ],
            [
              6.73987837058373,
              10.5847289076159
            ],
            [
              6.73553754991956,
              10.6238996442159
            ],
            [
              6.76799035016003,
              10.6377747303715
            ],
            [
              6.80385379390983,
              10.6353718439642
            ],
            [
              6.83516971178678,
              10.6230728328782
            ],
            [
              6.84323123543725,
              10.603668321406
            ],
            [
              6.84994917211045,
              10.5224846618568
            ],
            [
              6.86627892405649,
              10.5185313866749
            ],
            [
              6.90090213398959,
              10.5285307833553
            ],
            [
              6.95598921110605,
              10.4823578913693
            ],
            [
              6.95784956223886,
              10.4024661368741
            ],
            [
              6.94451704281859,
              10.3668352474873
            ],
            [
              6.96591108595962,
              10.344846915217
            ],
            [
              7.03753462079331,
              10.3187761612431
            ],
            [
              7.06750695163031,
              10.2988807312728
            ],
            [
              7.06512983562616,
              10.2645934037798
            ],
            [
              7.04104861821394,
              10.2330449520155
            ],
            [
              7.00756228988652,
              10.2118059382239
            ],
            [
              6.97541954867125,
              10.1861744245741
            ],
            [
              6.94865115693708,
              10.1537733041874
            ],
            [
              6.91609500458904,
              10.1326893187705
            ],
            [
              6.89211713987115,
              10.1051716128359
            ],
            [
              6.93666222459363,
              10.0471906618206
            ],
            [
              7.00849246585664,
              10.0170633005795
            ],
            [
              7.08249311656489,
              10.0083299830787
            ],
            [
              7.23080447814468,
              10.0110688341498
            ],
            [
              7.27917361696141,
              9.97758237264431
            ],
            [
              7.29829389739072,
              9.81777306305125
            ],
            [
              7.29622684145352,
              9.78100540065284
            ],
            [
              7.27028527221422,
              9.76051573144103
            ],
            [
              7.23917605981491,
              9.75800927544637
            ],
            [
              7.21726525253808,
              9.74095618151216
            ],
            [
              7.23752241310045,
              9.71413593005593
            ],
            [
              7.27410932701643,
              9.70372315669935
            ],
            [
              7.29519331283452,
              9.68602414564096
            ],
            [
              7.28723514208716,
              9.65817042677729
            ],
            [
              7.30118777742788,
              9.63315904012129
            ],
            [
              7.33188357882338,
              9.61786283733371
            ],
            [
              7.33808475105043,
              9.5866245147727
            ],
            [
              7.31524376812928,
              9.56109639361222
            ],
            [
              7.30046430801166,
              9.54817716268415
            ],
            [
              7.2901290224655,
              9.53208002249295
            ],
            [
              7.28692508358812,
              9.51146116617735
            ],
            [
              7.28155073391677,
              9.49213414258016
            ],
            [
              7.22687706837072,
              9.45363511455398
            ],
            [
              7.21829878142748,
              9.41658323897112
            ],
            [
              7.23855594237129,
              9.3860166651299
            ],
            [
              7.25168175560208,
              9.37800669891406
            ],
            [
              7.26863162697432,
              9.35586347724859
            ],
            [
              7.26666792284397,
              9.34165241129035
            ],
            [
              7.25519575446811,
              9.31157673248405
            ],
            [
              7.26170698332582,
              9.29527259588945
            ],
            [
              7.28702843593489,
              9.30294668592789
            ],
            [
              7.31079959521577,
              9.29744317608953
            ],
            [
              7.17023969833382,
              9.09918642352796
            ],
            [
              7.16393517432122,
              9.09758455015427
            ],
            [
              7.116806267806,
              9.12368108607395
            ],
            [
              7.02337527778823,
              9.21375311195241
            ],
            [
              6.96312055816251,
              9.23235671262745
            ],
            [
              6.77832563562461,
              9.2251735188663
            ],
            [
              6.75403771297614,
              9.21390813194476
            ],
            [
              6.74959354051365,
              9.18564131761318
            ],
            [
              6.75899865126629,
              8.47224815902085
            ],
            [
              6.76509646958006,
              8.45436797707388
            ],
            [
              6.78938439317007,
              8.41209677002836
            ],
            [
              6.83496300671503,
              8.40677411406933
            ],
            [
              6.82163048701945,
              8.36716408385542
            ],
            [
              6.79217491946431,
              8.33912948561159
            ],
            [
              6.77160770002771,
              8.33207577201791
            ],
            [
              6.75558800643815,
              8.31631449690926
            ],
            [
              6.75755171037603,
              8.29404177778824
            ],
            [
              6.75310753726697,
              8.27763458542273
            ],
            [
              6.73894819516714,
              8.2856445567429
            ],
            [
              6.72644249884659,
              8.27567099781978
            ],
            [
              6.71538374235843,
              8.25089212038566
            ],
            [
              6.70856245327922,
              8.22456304189308
            ],
            [
              6.69140587725452,
              8.20694122462546
            ],
            [
              6.6885119969857,
              8.21352987839424
            ],
            [
              6.67393924286182,
              8.22647495618309
            ],
            [
              6.67290571490468,
              8.23182344927683
            ],
            [
              6.66060672389829,
              8.23799871609998
            ],
            [
              6.62288292781372,
              8.27791878889144
            ],
            [
              6.58391889767622,
              8.34021462609675
            ],
            [
              6.57224002418474,
              8.35357308996858
            ],
            [
              6.47333133322248,
              8.42770302434202
            ],
            [
              6.46537316256071,
              8.4317338463935
            ],
            [
              6.44263553196104,
              8.47808754833504
            ],
            [
              6.42971642378601,
              8.52619814314424
            ],
            [
              6.42713260253643,
              8.55555040921118
            ],
            [
              6.4249621925899,
              8.56420629631222
            ],
            [
              6.42124148995151,
              8.57278467334839
            ],
            [
              6.41576378739021,
              8.57397316040686
            ],
            [
              6.41338667155884,
              8.58200866679615
            ],
            [
              6.39788374283921,
              8.61324730967851
            ],
            [
              6.39602339002838,
              8.62136032592374
            ],
            [
              6.39529992012711,
              8.63962805642971
            ],
            [
              6.37049523285096,
              8.68094330153914
            ],
            [
              6.35767947878428,
              8.69394004963882
            ],
            [
              6.34165978315049,
              8.70254396232259
            ],
            [
              6.32171268130086,
              8.70564466355244
            ],
            [
              6.28450564908768,
              8.73057855528499
            ],
            [
              6.27737430196276,
              8.73667631052472
            ],
            [
              6.25990766782107,
              8.73838153093489
            ],
            [
              6.21587934708878,
              8.72995847513334
            ],
            [
              6.16068891824693,
              8.71931316497672
            ],
            [
              6.1529374530841,
              8.72194850563549
            ],
            [
              6.12265506429476,
              8.75049983174853
            ],
            [
              6.1078756038193,
              8.75618420015838
            ],
            [
              6.09237267336873,
              8.75858701070954
            ],
            [
              5.98271528428332,
              8.75750187046102
            ],
            [
              5.95811730277555,
              8.75285096896205
            ],
            [
              5.92649132635878,
              8.73799398084181
            ],
            [
              5.91460574745913,
              8.73543615022538
            ],
            [
              5.89961958238566,
              8.73579786364613
            ],
            [
              5.85559126030448,
              8.74254153568837
            ],
            [
              5.80236453626094,
              8.74179227217675
            ],
            [
              5.79047895697981,
              8.74571974686743
            ],
            [
              5.78417443204513,
              8.75236007218146
            ],
            [
              5.77363244003347,
              8.77083449474723
            ],
            [
              5.75874962717627,
              8.79003234393895
            ],
            [
              5.74593387226706,
              8.8111937799784
            ],
            [
              5.7375622898321,
              8.81258896025513
            ],
            [
              5.71565148310099,
              8.82101231608806
            ],
            [
              5.70790001743995,
              8.82222663965542
            ],
            [
              5.65002241378213,
              8.82380267662458
            ],
            [
              5.63431277744406,
              8.8290219847091
            ],
            [
              5.62129031629483,
              8.83920223411701
            ],
            [
              5.61777631970867,
              8.84429235879842
            ],
            [
              5.60837120860013,
              8.86175915021863
            ],
            [
              5.60061974404013,
              8.87222360281204
            ],
            [
              5.59152469158059,
              8.88211964858505
            ],
            [
              5.57023400257153,
              8.90015484636741
            ],
            [
              5.55721154103606,
              8.91692374669106
            ],
            [
              5.55132042765989,
              8.92191052445891
            ],
            [
              5.53798790847334,
              8.92940345920464
            ],
            [
              5.52444868258853,
              8.93413187023592
            ],
            [
              5.51028934142115,
              8.93666416431408
            ],
            [
              5.47959353974493,
              8.93831771118662
            ],
            [
              5.46615766799627,
              8.941211718636
            ],
            [
              5.45385867710994,
              8.9469735964235
            ],
            [
              5.44207645046975,
              8.95648209171184
            ],
            [
              5.42357628748613,
              8.97503402207705
            ],
            [
              5.41313764797334,
              8.98327621998849
            ],
            [
              5.40104536256078,
              8.98945148433419
            ],
            [
              5.38647260925993,
              8.99229381835575
            ],
            [
              5.31949995235369,
              8.98828883422563
            ],
            [
              5.22431196482555,
              9.00376590021524
            ],
            [
              5.20953250463122,
              9.00831345435166
            ],
            [
              5.19744021989475,
              9.01665929919597
            ],
            [
              5.19020551971617,
              9.03022445145323
            ],
            [
              5.1891719915135,
              9.041670696376
            ],
            [
              5.18979210809046,
              9.0523160045074
            ],
            [
              5.18917199129559,
              9.06265127255333
            ],
            [
              5.18431440567168,
              9.07316739720643
            ],
            [
              5.16715782998811,
              9.0909442262099
            ],
            [
              5.15010460782113,
              9.11329414509223
            ],
            [
              5.13563520659904,
              9.12409447274431
            ],
            [
              5.08313195198235,
              9.14869248156648
            ],
            [
              5.04964562325066,
              9.17158527003704
            ],
            [
              5.03207563513315,
              9.1798533035949
            ],
            [
              5.03083540160327,
              9.18520179386699
            ],
            [
              5.0059273626711,
              9.19657082808959
            ],
            [
              4.99280154713727,
              9.19974873796551
            ],
            [
              4.97915896929899,
              9.1997229012999
            ],
            [
              4.9143567240189,
              9.1790782036157
            ],
            [
              4.86981163844526,
              9.15398929861374
            ],
            [
              4.82929731652289,
              9.14192297450568
            ],
            [
              4.79860151460561,
              9.13985574074993
            ],
            [
              4.77079959524151,
              9.14869248156648
            ],
            [
              4.75250613755861,
              9.16830371301183
            ],
            [
              4.75064578556476,
              9.19843106801776
            ],
            [
              4.75602013515492,
              9.22780915914071
            ],
            [
              4.7547799004353,
              9.25452577280614
            ],
            [
              4.74258426242711,
              9.2749379394833
            ],
            [
              4.7145756353397,
              9.28537655269485
            ],
            [
              4.66455284968752,
              9.29367072272108
            ],
            [
              4.64863650848488,
              9.29976847584359
            ],
            [
              4.63344363880976,
              9.31069828591775
            ],
            [
              4.62496870307672,
              9.32470235844172
            ],
            [
              4.62145470543374,
              9.34131653466898
            ],
            [
              4.62114464626444,
              9.36004901663684
            ],
            [
              4.62052452972243,
              9.35919640676243
            ],
            [
              4.61980105944301,
              9.35857632685343
            ],
            [
              4.6187675307571,
              9.3581887769102
            ],
            [
              4.61763064923616,
              9.3579820836071
            ],
            [
              4.61887088374775,
              9.37723159903784
            ],
            [
              4.61618370884778,
              9.41508441215724
            ],
            [
              4.61442671125498,
              9.42188005506502
            ],
            [
              4.52719689240599,
              9.43441143680912
            ],
            [
              4.45360965264149,
              9.42541967771976
            ],
            [
              4.42074344192341,
              9.48110128766682
            ],
            [
              4.42188032442389,
              9.55574790472587
            ],
            [
              4.43190555188741,
              9.63605304621888
            ],
            [
              4.41578250478664,
              9.70338728016557
            ],
            [
              4.3815727068669,
              9.70374899335578
            ],
            [
              4.36534630669677,
              9.71343834033738
            ],
            [
              4.35036014242071,
              9.72506573687692
            ],
            [
              4.01404991966165,
              10.1179873704418
            ],
            [
              3.98604129357941,
              10.1413967987589
            ],
            [
              3.91762169787452,
              10.1503626549528
            ],
            [
              3.75773481601885,
              10.1456601056336
            ],
            [
              3.66998823376678,
              10.12987295085
            ],
            [
              3.66483007501248,
              10.1286537539949
            ],
            [
              3.66750695699079,
              10.1465652440225
            ],
            [
              3.66461307797428,
              10.1621973597226
            ],
            [
              3.65562137899775,
              10.174780577242
            ],
            [
              3.58761519300345,
              10.2441820280741
            ],
            [
              3.5733524980004,
              10.2669971731065
            ],
            [
              3.57242232299961,
              10.2857040408434
            ],
            [
              3.59298954295238,
              10.3309467416488
            ],
            [
              3.61820764199574,
              10.3693423446312
            ],
            [
              3.62213505002079,
              10.3812279325635
            ],
            [
              3.62316857900766,
              10.4009166493971
            ],
            [
              3.62595910600317,
              10.4072728489818
            ],
            [
              3.63257368902622,
              10.4166521282232
            ],
            [
              3.65210738099628,
              10.4357982368171
            ],
            [
              3.6717444250041,
              10.4420769262452
            ],
            [
              3.69282840898818,
              10.4383820553022
            ],
            [
              3.75690718602646,
              10.4052574750394
            ],
            [
              3.77251346905964,
              10.4076346000984
            ],
            [
              3.78770633898122,
              10.4263672842981
            ],
            [
              3.79432092295418,
              10.4448674381835
            ],
            [
              3.79535445100285,
              10.4964922088231
            ],
            [
              3.80434615097913,
              10.5231572417548
            ],
            [
              3.82987430798669,
              10.5730766770695
            ],
            [
              3.83741906706097,
              10.5998967668397
            ],
            [
              3.83724571505197,
              10.6306090321365
            ],
            [
              3.8371090090696,
              10.6548288172146
            ],
            [
              3.83214807106477,
              10.6839226467854
            ],
            [
              3.82294966599038,
              10.7032496101807
            ],
            [
              3.81023726405936,
              10.7104843312525
            ],
            [
              3.79607792103715,
              10.7131198228339
            ],
            [
              3.78326216602562,
              10.7169697134825
            ],
            [
              3.77385705608237,
              10.7280543251656
            ],
            [
              3.76445194508658,
              10.7608688613706
            ],
            [
              3.75949100796022,
              10.7715916843148
            ],
            [
              3.75194624801614,
              10.7801699877159
            ],
            [
              3.74316125507495,
              10.787456382014
            ],
            [
              3.73509973092365,
              10.7957762434843
            ],
            [
              3.73003544106625,
              10.8077135405008
            ],
            [
              3.73127567488483,
              10.825025092135
            ],
            [
              3.75297977695902,
              10.8776833990735
            ],
            [
              3.75411665787501,
              10.9071389407825
            ],
            [
              3.73354943799297,
              10.996203305945
            ],
            [
              3.73354943793678,
              10.9964616727344
            ],
            [
              3.72331750506245,
              11.0135407690045
            ],
            [
              3.7158760989223,
              11.0318858625328
            ],
            [
              3.71184533696903,
              11.0518588170404
            ],
            [
              3.71184533692985,
              11.0735112307842
            ],
            [
              3.72207727099141,
              11.1123460875236
            ],
            [
              3.71370568891377,
              11.1203042352815
            ],
            [
              3.70558331100666,
              11.1207329438963
            ]
          ]
        ]
      },
      "type": "Feature",
      "properties": {
        "source": "https://simplemaps.com",
        "id": "NGNI",
        "name": "Niger"
      },
      "id": 2
    },
    {
      "geometry": {
        "type": "Polygon",
        "coordinates": [
          [
            [
              3.66483007501248,
              10.1286537539949
            ],
            [
              3.66998823376678,
              10.12987295085
            ],
            [
              3.75773481601885,
              10.1456601056336
            ],
            [
              3.91762169787452,
              10.1503626549528
            ],
            [
              3.98604129357941,
              10.1413967987589
            ],
            [
              4.01404991966165,
              10.1179873704418
            ],
            [
              4.35036014242071,
              9.72506573687692
            ],
            [
              4.36534630669677,
              9.71343834033738
            ],
            [
              4.3815727068669,
              9.70374899335578
            ],
            [
              4.41578250478664,
              9.70338728016557
            ],
            [
              4.43190555188741,
              9.63605304621888
            ],
            [
              4.42188032442389,
              9.55574790472587
            ],
            [
              4.42074344192341,
              9.48110128766682
            ],
            [
              4.45360965264149,
              9.42541967771976
            ],
            [
              4.52719689240599,
              9.43441143680912
            ],
            [
              4.61442671125498,
              9.42188005506502
            ],
            [
              4.61618370884778,
              9.41508441215724
            ],
            [
              4.61887088374775,
              9.37723159903784
            ],
            [
              4.61763064923616,
              9.3579820836071
            ],
            [
              4.6187675307571,
              9.3581887769102
            ],
            [
              4.61980105944301,
              9.35857632685343
            ],
            [
              4.62052452972243,
              9.35919640676243
            ],
            [
              4.62114464626444,
              9.36004901663684
            ],
            [
              4.62145470543374,
              9.34131653466898
            ],
            [
              4.62496870307672,
              9.32470235844172
            ],
            [
              4.63344363880976,
              9.31069828591775
            ],
            [
              4.64863650848488,
              9.29976847584359
            ],
            [
              4.66455284968752,
              9.29367072272108
            ],
            [
              4.7145756353397,
              9.28537655269485
            ],
            [
              4.74258426242711,
              9.2749379394833
            ],
            [
              4.7547799004353,
              9.25452577280614
            ],
            [
              4.75602013515492,
              9.22780915914071
            ],
            [
              4.75064578556476,
              9.19843106801776
            ],
            [
              4.75250613755861,
              9.16830371301183
            ],
            [
              4.77079959524151,
              9.14869248156648
            ],
            [
              4.79860151460561,
              9.13985574074993
            ],
            [
              4.82929731652289,
              9.14192297450568
            ],
            [
              4.86981163844526,
              9.15398929861374
            ],
            [
              4.9143567240189,
              9.1790782036157
            ],
            [
              4.97915896929899,
              9.1997229012999
            ],
            [
              4.99280154713727,
              9.19974873796551
            ],
            [
              5.0059273626711,
              9.19657082808959
            ],
            [
              5.03083540160327,
              9.18520179386699
            ],
            [
              5.03207563513315,
              9.1798533035949
            ],
            [
              5.04964562325066,
              9.17158527003704
            ],
            [
              5.08313195198235,
              9.14869248156648
            ],
            [
              5.13563520659904,
              9.12409447274431
            ],
            [
              5.15010460782113,
              9.11329414509223
            ],
            [
              5.16715782998811,
              9.0909442262099
            ],
            [
              5.18431440567168,
              9.07316739720643
            ],
            [
              5.18917199129559,
              9.06265127255333
            ],
            [
              5.18979210809046,
              9.0523160045074
            ],
            [
              5.1891719915135,
              9.041670696376
            ],
            [
              5.19020551971617,
              9.03022445145323
            ],
            [
              5.19744021989475,
              9.01665929919597
            ],
            [
              5.20953250463122,
              9.00831345435166
            ],
            [
              5.22431196482555,
              9.00376590021524
            ],
            [
              5.31949995235369,
              8.98828883422563
            ],
            [
              5.38647260925993,
              8.99229381835575
            ],
            [
              5.40104536256078,
              8.98945148433419
            ],
            [
              5.41313764797334,
              8.98327621998849
            ],
            [
              5.42357628748613,
              8.97503402207705
            ],
            [
              5.44207645046975,
              8.95648209171184
            ],
            [
              5.45385867710994,
              8.9469735964235
            ],
            [
              5.46615766799627,
              8.941211718636
            ],
            [
              5.47959353974493,
              8.93831771118662
            ],
            [
              5.51028934142115,
              8.93666416431408
            ],
            [
              5.52444868258853,
              8.93413187023592
            ],
            [
              5.53798790847334,
              8.92940345920464
            ],
            [
              5.55132042765989,
              8.92191052445891
            ],
            [
              5.55721154103606,
              8.91692374669106
            ],
            [
              5.57023400257153,
              8.90015484636741
            ],
            [
              5.59152469158059,
              8.88211964858505
            ],
            [
              5.60061974404013,
              8.87222360281204
            ],
            [
              5.60837120860013,
              8.86175915021863
            ],
            [
              5.61777631970867,
              8.84429235879842
            ],
            [
              5.62129031629483,
              8.83920223411701
            ],
            [
              5.63431277744406,
              8.8290219847091
            ],
            [
              5.65002241378213,
              8.82380267662458
            ],
            [
              5.70790001743995,
              8.82222663965542
            ],
            [
              5.71565148310099,
              8.82101231608806
            ],
            [
              5.7375622898321,
              8.81258896025513
            ],
            [
              5.74593387226706,
              8.8111937799784
            ],
            [
              5.75874962717627,
              8.79003234393895
            ],
            [
              5.77363244003347,
              8.77083449474723
            ],
            [
              5.78417443204513,
              8.75236007218146
            ],
            [
              5.79047895697981,
              8.74571974686743
            ],
            [
              5.80236453626094,
              8.74179227217675
            ],
            [
              5.85559126030448,
              8.74254153568837
            ],
            [
              5.89961958238566,
              8.73579786364613
            ],
            [
              5.91460574745913,
              8.73543615022538
            ],
            [
              5.92649132635878,
              8.73799398084181
            ],
            [
              5.95811730277555,
              8.75285096896205
            ],
            [
              5.98271528428332,
              8.75750187046102
            ],
            [
              6.09237267336873,
              8.75858701070954
            ],
            [
              6.1078756038193,
              8.75618420015838
            ],
            [
              6.12265506429476,
              8.75049983174853
            ],
            [
              6.1529374530841,
              8.72194850563549
            ],
            [
              6.16068891824693,
              8.71931316497672
            ],
            [
              6.21587934708878,
              8.72995847513334
            ],
            [
              6.17350467333143,
              8.67574982969335
            ],
            [
              6.13257693830341,
              8.53705014781113
            ],
            [
              6.11707400908746,
              8.43390412726514
            ],
            [
              6.10715213405524,
              8.40457769606467
            ],
            [
              6.08679161937381,
              8.38036722706077
            ],
            [
              6.05340864423657,
              8.37370106377419
            ],
            [
              5.94354454950791,
              8.39804071624437
            ],
            [
              5.80505171032501,
              8.40517193964486
            ],
            [
              5.70614301954617,
              8.42788388108179
            ],
            [
              5.60578738765515,
              8.46563336896455
            ],
            [
              5.55524783710178,
              8.51475189486925
            ],
            [
              5.51566368961896,
              8.53069402515816
            ],
            [
              5.47122195780732,
              8.48999885699824
            ],
            [
              5.35691369043264,
              8.34817292382358
            ],
            [
              5.34916222452589,
              8.31533240269935
            ],
            [
              5.37923790843567,
              8.25856591454907
            ],
            [
              5.39391401560022,
              8.24094439798151
            ],
            [
              5.41127729735201,
              8.22595822259136
            ],
            [
              5.42140587642448,
              8.20756130494086
            ],
            [
              5.46181684728519,
              8.17050940280692
            ],
            [
              5.52878950408188,
              8.12947835081282
            ],
            [
              5.53602420442592,
              8.06958531905927
            ],
            [
              5.42884728341805,
              8.06601955660181
            ],
            [
              5.39308719210107,
              8.05527089626077
            ],
            [
              5.37189985545616,
              8.02961356924104
            ],
            [
              5.36611209521289,
              7.99760011772401
            ],
            [
              5.35370975129725,
              7.97426809151044
            ],
            [
              5.34471805108034,
              7.9716066127971
            ],
            [
              5.33644982321885,
              7.97416474478093
            ],
            [
              5.29438520761166,
              7.96726605014843
            ],
            [
              5.26978722529286,
              7.97235617701343
            ],
            [
              5.23020307733119,
              7.9755857623116
            ],
            [
              5.16395389191108,
              8.01641012352716
            ],
            [
              5.10152876125282,
              7.99801350463815
            ],
            [
              5.08065148220982,
              8.00643656342556
            ],
            [
              5.07558719265181,
              8.02356748526648
            ],
            [
              5.06411502385314,
              8.03056952646735
            ],
            [
              5.0493355647807,
              8.03398026888728
            ],
            [
              4.99197472496888,
              8.02628033686042
            ],
            [
              4.96220909977994,
              8.04602076340562
            ],
            [
              4.94091840956776,
              8.08043732606022
            ],
            [
              4.89926720452177,
              8.08147079330979
            ],
            [
              4.85968305836756,
              8.06508943607111
            ],
            [
              4.8037691588795,
              8.06046436966714
            ],
            [
              4.79684451723381,
              8.05271306478891
            ],
            [
              4.79508751771689,
              8.05950841245279
            ],
            [
              4.76759565660922,
              8.05364318532446
            ],
            [
              4.74134402805615,
              8.04268783147428
            ],
            [
              4.68532677617027,
              8.0306470365127
            ],
            [
              4.62000776467995,
              8.03749405760271
            ],
            [
              4.55561893102196,
              8.03410945229604
            ],
            [
              4.53918582516454,
              8.04452223587117
            ],
            [
              4.52233930851911,
              8.04788130490809
            ],
            [
              4.51004031778176,
              8.0682934849907
            ],
            [
              4.48079145671281,
              8.16273196119023
            ],
            [
              4.44451460083473,
              8.22110062639668
            ],
            [
              4.41836632735421,
              8.23766283926714
            ],
            [
              4.3955253431756,
              8.25872093462427
            ],
            [
              4.35914513558114,
              8.31101767738258
            ],
            [
              4.32534874753631,
              8.44470445908734
            ],
            [
              4.28948530459785,
              8.49793131745916
            ],
            [
              4.20101525120435,
              8.69342301574216
            ],
            [
              4.18768273347321,
              8.75414310302096
            ],
            [
              4.2003951352693,
              8.81481121445327
            ],
            [
              4.22271935425708,
              8.83602432353394
            ],
            [
              4.23884240076499,
              8.86131992681086
            ],
            [
              4.26395714697585,
              8.886641366384
            ],
            [
              4.29692671155439,
              8.90576170427412
            ],
            [
              4.33134321436831,
              8.95410481768166
            ],
            [
              4.31408328568786,
              8.99257802171501
            ],
            [
              4.26499067468036,
              8.96286404951404
            ],
            [
              4.23739546071297,
              8.96242482613269
            ],
            [
              4.16401492642535,
              8.97911621582089
            ],
            [
              4.04546919168648,
              9.02069011992488
            ],
            [
              4.00123416480732,
              9.0438151398383
            ],
            [
              3.96309695785312,
              9.07660397443703
            ],
            [
              3.9403593285675,
              9.12086488937912
            ],
            [
              3.9114205262953,
              9.15698665233952
            ],
            [
              3.86604861831468,
              9.17752800365613
            ],
            [
              3.81798953612149,
              9.17269624667918
            ],
            [
              3.77303103983235,
              9.14026912741602
            ],
            [
              3.74770958859867,
              9.09171932623289
            ],
            [
              3.73809777217789,
              9.02647783410143
            ],
            [
              3.7188741394274,
              9.00570395080371
            ],
            [
              3.69561974365775,
              8.98921895431253
            ],
            [
              3.49005089685042,
              8.88625381632396
            ],
            [
              3.44664269326688,
              8.85408505804866
            ],
            [
              3.40643842903864,
              8.83444828657592
            ],
            [
              3.36147993299314,
              8.80065181699868
            ],
            [
              3.24365766767494,
              8.74765749732358
            ],
            [
              3.23073856051308,
              8.74574558354019
            ],
            [
              3.22019656696691,
              8.75742436044325
            ],
            [
              3.20841434101436,
              8.76305705548587
            ],
            [
              3.2002494650567,
              8.77419356258201
            ],
            [
              3.18371300596626,
              8.77778486003465
            ],
            [
              3.16790001805229,
              8.7758729462838
            ],
            [
              3.14495568172267,
              8.76887060721757
            ],
            [
              3.12356163888459,
              8.75615836348576
            ],
            [
              3.08242719894429,
              8.72047581526782
            ],
            [
              3.06268680172285,
              8.7085383709642
            ],
            [
              3.04687381299253,
              8.6958519634773
            ],
            [
              3.03943240687549,
              8.68595591665481
            ],
            [
              3.01628136615086,
              8.67693831668616
            ],
            [
              2.96202111207432,
              8.63298743027702
            ],
            [
              2.94321088976291,
              8.61048248506375
            ],
            [
              2.91933637885246,
              8.594643702141
            ],
            [
              2.84016808406735,
              8.57616927779559
            ],
            [
              2.82084109969995,
              8.57800398215654
            ],
            [
              2.80110070202646,
              8.57774561540531
            ],
            [
              2.74963097510242,
              8.53301962640163
            ],
            [
              2.74243866923766,
              8.52748156499385
            ],
            [
              2.72294894280317,
              8.77121783886322
            ],
            [
              2.72286177608223,
              8.77230808635249
            ],
            [
              2.723171834017,
              8.78292755951948
            ],
            [
              2.72885624171728,
              8.7904721682177
            ],
            [
              2.74570275900144,
              8.79814626066982
            ],
            [
              2.75107710697019,
              8.80341724217523
            ],
            [
              2.75231734211398,
              8.81227982147298
            ],
            [
              2.74714969907953,
              8.82765354239642
            ],
            [
              2.7459094642212,
              8.83651612157029
            ],
            [
              2.7496301671794,
              8.85194151562029
            ],
            [
              2.76213586377198,
              8.88041502916852
            ],
            [
              2.76254927574631,
              8.89568540279845
            ],
            [
              2.75872522012197,
              8.90266190467928
            ],
            [
              2.75376428190888,
              8.90441879826697
            ],
            [
              2.74952681525191,
              8.90661521567542
            ],
            [
              2.74776981586683,
              8.914805740586
            ],
            [
              2.75025028522557,
              8.91687297462984
            ],
            [
              2.76151574701265,
              8.93369354812615
            ],
            [
              2.76471968588093,
              8.93976546597792
            ],
            [
              2.77019738721967,
              8.967154138349
            ],
            [
              2.7723677978239,
              9.03053509232701
            ],
            [
              2.76916385927205,
              9.05704531646206
            ],
            [
              2.84626509579727,
              9.05076640527544
            ],
            [
              2.85970096920409,
              9.0526269458033
            ],
            [
              2.86931278393581,
              9.05970649326282
            ],
            [
              2.87778772009233,
              9.06854323452899
            ],
            [
              2.88843306385461,
              9.07536441524099
            ],
            [
              2.89918176224893,
              9.07737997574615
            ],
            [
              2.92987756411978,
              9.07836176911694
            ],
            [
              2.94072961429238,
              9.0770699357342
            ],
            [
              2.95168501831348,
              9.07190230176633
            ],
            [
              2.9614001868542,
              9.06531335062385
            ],
            [
              2.97142541482548,
              9.06050742996898
            ],
            [
              2.98310428881056,
              9.06061077664071
            ],
            [
              3.05142053314538,
              9.07820674911106
            ],
            [
              3.07601851388209,
              9.09515650427602
            ],
            [
              3.09131473771406,
              9.12642067404224
            ],
            [
              3.12459436007679,
              9.22899854701638
            ],
            [
              3.14516158024803,
              9.26785929428865
            ],
            [
              3.15136275213903,
              9.28863317408127
            ],
            [
              3.15146610514738,
              9.35356461509886
            ],
            [
              3.14805546089843,
              9.37025600055957
            ],
            [
              3.13534305768519,
              9.40167518458497
            ],
            [
              3.12862512198774,
              9.42958058194959
            ],
            [
              3.13255253132169,
              9.45727928547922
            ],
            [
              3.15177616418603,
              9.48815589771591
            ],
            [
              3.15901086413784,
              9.49347855020239
            ],
            [
              3.17513391107448,
              9.49887871264965
            ],
            [
              3.18257531685447,
              9.50533817814538
            ],
            [
              3.24355350696118,
              9.58440316297564
            ],
            [
              3.24469038893307,
              9.58957079513954
            ],
            [
              3.23941939227729,
              9.60230916906783
            ],
            [
              3.23817915800351,
              9.60905283731899
            ],
            [
              3.24572391804225,
              9.63370251121391
            ],
            [
              3.26184696405669,
              9.63861177661264
            ],
            [
              3.28138065583981,
              9.63499434410313
            ],
            [
              3.29905399600215,
              9.63396087779186
            ],
            [
              3.33161014830315,
              9.65202190317214
            ],
            [
              3.33863814309345,
              9.67822177569512
            ],
            [
              3.33067997200575,
              9.7086333231187
            ],
            [
              3.3183809808511,
              9.739432419677
            ],
            [
              3.3148669838875,
              9.75909531625012
            ],
            [
              3.31714074725498,
              9.78172972826881
            ],
            [
              3.32592574023293,
              9.80172850070917
            ],
            [
              3.34204878791787,
              9.81358812592075
            ],
            [
              3.41398238101341,
              9.84283702076348
            ],
            [
              3.45294641095781,
              9.85309477308
            ],
            [
              3.51309777822397,
              9.84660947261937
            ],
            [
              3.53077111796675,
              9.86296497551486
            ],
            [
              3.55712609933292,
              9.91055909417693
            ],
            [
              3.58947554470391,
              9.94882527859817
            ],
            [
              3.599604125698,
              9.96869486513482
            ],
            [
              3.60580529700086,
              10.0541161102597
            ],
            [
              3.61231652800625,
              10.0702908350345
            ],
            [
              3.62781945798943,
              10.0849927744932
            ],
            [
              3.64239221200424,
              10.0918915833418
            ],
            [
              3.65489790800171,
              10.1011158255137
            ],
            [
              3.66399296099713,
              10.1230524690416
            ],
            [
              3.66483007501248,
              10.1286537539949
            ]
          ]
        ]
      },
      "type": "Feature",
      "properties": {
        "source": "https://simplemaps.com",
        "id": "NGKW",
        "name": "Kwara"
      },
      "id": 3
    },
    {
      "geometry": {
        "type": "Polygon",
        "coordinates": [
          [
            [
              2.67169450490681,
              7.89343442425803
            ],
            [
              2.67831749765697,
              7.89732194379828
            ],
            [
              2.7648238464628,
              7.95796424359411
            ],
            [
              2.86176883288074,
              7.95473435784653
            ],
            [
              2.88678022649601,
              7.90781223799671
            ],
            [
              2.89215457506114,
              7.79621699207799
            ],
            [
              2.90920779835305,
              7.74167244659197
            ],
            [
              2.93742312991004,
              7.73761578666998
            ],
            [
              2.94744835743658,
              7.78877542617784
            ],
            [
              2.96160770036178,
              7.83223543253729
            ],
            [
              2.99943484919698,
              7.8336822868303
            ],
            [
              3.00573937307537,
              7.74544490297719
            ],
            [
              2.96894575374643,
              7.64400406878404
            ],
            [
              2.96977257701341,
              7.62312682508907
            ],
            [
              2.98961632705929,
              7.57124345503009
            ],
            [
              3.03116417776551,
              7.53680134963376
            ],
            [
              3.06403038922473,
              7.49494336370202
            ],
            [
              3.1090922378996,
              7.41329462566602
            ],
            [
              3.17937218646658,
              7.34978429212366
            ],
            [
              3.23394249789798,
              7.33151670226325
            ],
            [
              3.29016645724094,
              7.33337694379848
            ],
            [
              3.32995731024797,
              7.36776767832685
            ],
            [
              3.37067833818458,
              7.46693474277213
            ],
            [
              3.41201948377213,
              7.49478834358136
            ],
            [
              3.44881310391925,
              7.46750314988597
            ],
            [
              3.4658663274225,
              7.41866895706819
            ],
            [
              3.49521853960563,
              7.40208075224865
            ],
            [
              3.52405398909488,
              7.41838475350717
            ],
            [
              3.55433637920299,
              7.43117466479535
            ],
            [
              3.65427859935859,
              7.42866835591611
            ],
            [
              3.68828169081943,
              7.37975665248322
            ],
            [
              3.68786828050946,
              7.32430781566549
            ],
            [
              3.69055545383833,
              7.30686699970016
            ],
            [
              3.71959760847131,
              7.28575707348838
            ],
            [
              3.74884646988995,
              7.26996995561724
            ],
            [
              3.75525434715128,
              7.25263248615635
            ],
            [
              3.7550476417551,
              7.23353812178997
            ],
            [
              3.75783816884363,
              7.21808688066171
            ],
            [
              3.7643493988587,
              7.20353992358391
            ],
            [
              3.77623497950501,
              7.14367286017228
            ],
            [
              3.73913129994393,
              7.09333998500585
            ],
            [
              3.71205284989679,
              7.04708960668709
            ],
            [
              3.77230756996585,
              7.04463497094375
            ],
            [
              3.89581424279123,
              7.05969866235066
            ],
            [
              3.95741254983064,
              7.07623504501694
            ],
            [
              3.98490441194889,
              7.09432177920756
            ],
            [
              4.0172538586154,
              7.10519962633366
            ],
            [
              4.04712283676184,
              7.1072150383238
            ],
            [
              4.07709516759939,
              7.11243435001438
            ],
            [
              4.14789188036943,
              7.14617916923959
            ],
            [
              4.16876915855954,
              7.10414032206598
            ],
            [
              4.17693403498799,
              7.05889757475619
            ],
            [
              4.21734500462733,
              7.06365182608835
            ],
            [
              4.25517215292673,
              7.08778479632868
            ],
            [
              4.30157759018875,
              7.08974838473431
            ],
            [
              4.33454715276658,
              7.06189478097573
            ],
            [
              4.34674279098926,
              7.03703853349748
            ],
            [
              4.35614790150902,
              7.01125186462247
            ],
            [
              4.35883507678314,
              6.99533556229019
            ],
            [
              4.36410607247736,
              6.98050440089231
            ],
            [
              4.39263146272828,
              6.97910921962457
            ],
            [
              4.42777143720869,
              6.99848778869009
            ],
            [
              4.44875206854113,
              6.99226084595852
            ],
            [
              4.47035281749183,
              6.99114986828502
            ],
            [
              4.48699262890799,
              6.99853961228348
            ],
            [
              4.50507937981217,
              7.00360375374306
            ],
            [
              4.54549034960913,
              7.00737621091095
            ],
            [
              4.56109663291279,
              6.98828169525819
            ],
            [
              4.53846235465935,
              6.85730785060945
            ],
            [
              4.51923872174596,
              6.83219308502438
            ],
            [
              4.4292183771877,
              6.76666733112703
            ],
            [
              4.37950564893043,
              6.71375078321872
            ],
            [
              4.35521772586283,
              6.64768245762356
            ],
            [
              4.35490766835705,
              6.6174000524824
            ],
            [
              4.36958377411683,
              6.59166520540217
            ],
            [
              4.38301964718648,
              6.58213086528592
            ],
            [
              4.41464562264026,
              6.57197644455531
            ],
            [
              4.43128543496035,
              6.56916009493369
            ],
            [
              4.48306522005436,
              6.56737721298435
            ],
            [
              4.5261633641218,
              6.59406816794831
            ],
            [
              4.54207970509351,
              6.61693499203228
            ],
            [
              4.56709109918879,
              6.62884630773826
            ],
            [
              4.58600467283982,
              6.60305978731136
            ],
            [
              4.58579796726794,
              6.53177214858539
            ],
            [
              4.59499637175052,
              6.48528923584504
            ],
            [
              4.5923091984855,
              6.47182756820766
            ],
            [
              4.58125044123131,
              6.45908932793221
            ],
            [
              4.56523074746296,
              6.45407670923259
            ],
            [
              4.5145878427306,
              6.41710214952611
            ],
            [
              4.4818249847024,
              6.41273544811347
            ],
            [
              4.46601199671132,
              6.40637932139668
            ],
            [
              4.48306522010233,
              6.38625133641604
            ],
            [
              4.51303755002675,
              6.38648386664662
            ],
            [
              4.5686413921052,
              6.36266108441807
            ],
            [
              4.57019168464837,
              6.33576343532766
            ],
            [
              4.55437869573292,
              6.31684992499895
            ],
            [
              4.49402062287165,
              6.32188838044556
            ],
            [
              4.49300358578471,
              6.32054637457367
            ],
            [
              4.40552819116126,
              6.35887285451101
            ],
            [
              4.34197024814097,
              6.37059159704168
            ],
            [
              4.34240197114404,
              6.37315138235404
            ],
            [
              4.34632937982773,
              6.40074662205969
            ],
            [
              4.34477908693554,
              6.42746326395495
            ],
            [
              4.31718387209411,
              6.43692009414834
            ],
            [
              4.26023644398156,
              6.43898717973547
            ],
            [
              4.23687869606174,
              6.43358701064392
            ],
            [
              4.22003217876394,
              6.44368960792283
            ],
            [
              4.20628624844987,
              6.45671220204336
            ],
            [
              4.17817426956181,
              6.4643603135506
            ],
            [
              4.15481652229056,
              6.47859708196001
            ],
            [
              4.15326622881683,
              6.50306593145788
            ],
            [
              4.21093712723765,
              6.53484686513815
            ],
            [
              4.21982547408971,
              6.55569827720313
            ],
            [
              4.20959354028418,
              6.57685987973363
            ],
            [
              4.18106814939125,
              6.5867300968489
            ],
            [
              4.14840864415063,
              6.57985708619528
            ],
            [
              4.11791954936993,
              6.55939322456552
            ],
            [
              4.08763716011991,
              6.54432953192252
            ],
            [
              4.05921512196566,
              6.56729970290885
            ],
            [
              4.05838829878185,
              6.57990875957886
            ],
            [
              4.04805301299625,
              6.60422258865195
            ],
            [
              4.05663129945411,
              6.62931136818768
            ],
            [
              4.08102257731167,
              6.64807000799712
            ],
            [
              4.09177127428937,
              6.67437326210206
            ],
            [
              4.03213667179085,
              6.68995368832638
            ],
            [
              3.44798628074428,
              6.68682729845033
            ],
            [
              3.43920128648692,
              6.67770634551529
            ],
            [
              3.43599734935193,
              6.66346957743689
            ],
            [
              3.42421512160803,
              6.64631296275683
            ],
            [
              3.40447472487629,
              6.64316073617058
            ],
            [
              3.36892133971622,
              6.64471093766564
            ],
            [
              3.34556359190379,
              6.6739598750384
            ],
            [
              3.30019168482953,
              6.69762763631446
            ],
            [
              3.27673058414225,
              6.70473317708411
            ],
            [
              3.24531131329225,
              6.69258918106423
            ],
            [
              3.23890343614246,
              6.67832657632377
            ],
            [
              3.22453738792735,
              6.62703773932362
            ],
            [
              3.2090344579931,
              6.61029451162933
            ],
            [
              3.19425499772615,
              6.58957228315644
            ],
            [
              3.18360965342986,
              6.54109979522154
            ],
            [
              3.16883019389928,
              6.52445991412565
            ],
            [
              3.11012576659717,
              6.51619172205711
            ],
            [
              2.89205122225473,
              6.52572606224456
            ],
            [
              2.88130252427152,
              6.52053258673465
            ],
            [
              2.8816125825108,
              6.50652819840006
            ],
            [
              2.8624923034805,
              6.48461748185153
            ],
            [
              2.83593061729246,
              6.46694413297458
            ],
            [
              2.81071251814406,
              6.46557463807968
            ],
            [
              2.7847709486447,
              6.47379115680642
            ],
            [
              2.75118126757946,
              6.47066476685015
            ],
            [
              2.71779829291349,
              6.47345527980929
            ],
            [
              2.71192043473556,
              6.47404787138069
            ],
            [
              2.71542036904029,
              6.49448845013316
            ],
            [
              2.71880318107867,
              6.50429783094143
            ],
            [
              2.73733117705317,
              6.55802463096384
            ],
            [
              2.73939823398014,
              6.5791860832753
            ],
            [
              2.73081994608293,
              6.62135411780055
            ],
            [
              2.73113000507087,
              6.64184381596618
            ],
            [
              2.74260217196538,
              6.66334114504591
            ],
            [
              2.76068892389264,
              6.67938663174033
            ],
            [
              2.77298791509164,
              6.68747411701607
            ],
            [
              2.77856896898563,
              6.69876535201563
            ],
            [
              2.7752616769578,
              6.74488654983045
            ],
            [
              2.77329797396017,
              6.7550409703228
            ],
            [
              2.76740686001414,
              6.75956269170319
            ],
            [
              2.75500451690333,
              6.76072534280507
            ],
            [
              2.74477258309746,
              6.76377437278678
            ],
            [
              2.73629764800432,
              6.76984629562804
            ],
            [
              2.72864953600506,
              6.78000071608088
            ],
            [
              2.72358524606721,
              6.79971531304425
            ],
            [
              2.72627241994365,
              6.82136766176168
            ],
            [
              2.73691776507048,
              6.863303164564
            ],
            [
              2.73195682795502,
              6.90521268015204
            ],
            [
              2.71841760193683,
              6.94355658193763
            ],
            [
              2.71511031111734,
              6.97983354822852
            ],
            [
              2.74105188008358,
              7.01580032376297
            ],
            [
              2.75273075404115,
              7.02132967583644
            ],
            [
              2.7655465079216,
              7.02510198277714
            ],
            [
              2.77577844188671,
              7.03052798808039
            ],
            [
              2.7797058510746,
              7.0413284755019
            ],
            [
              2.77391808989574,
              7.05078515460448
            ],
            [
              2.74766646303659,
              7.07223095897741
            ],
            [
              2.73908817497973,
              7.0829796227091
            ],
            [
              2.73526411894928,
              7.09600206530564
            ],
            [
              2.73629764801791,
              7.10292674872781
            ],
            [
              2.74063846811189,
              7.1095930652449
            ],
            [
              2.74983687299799,
              7.12855824673634
            ],
            [
              2.75779504398043,
              7.1388935233031
            ],
            [
              2.76110233605124,
              7.14835035241241
            ],
            [
              2.76213586393746,
              7.16219956886524
            ],
            [
              2.74115523197978,
              7.40817941219641
            ],
            [
              2.74363570088862,
              7.4192381152566
            ],
            [
              2.75128381395781,
              7.4236306525313
            ],
            [
              2.76172245196853,
              7.42352730578199
            ],
            [
              2.78332320088699,
              7.4192381152566
            ],
            [
              2.78652713994074,
              7.42125352708324
            ],
            [
              2.78725060988335,
              7.42688622534603
            ],
            [
              2.78962772600878,
              7.43582631999355
            ],
            [
              2.79231490088553,
              7.47763248309034
            ],
            [
              2.77019738703367,
              7.51427115812546
            ],
            [
              2.74063846807752,
              7.54935948135172
            ],
            [
              2.72058801190514,
              7.58656641244302
            ],
            [
              2.71531701704548,
              7.62578890499673
            ],
            [
              2.71764113904043,
              7.65854892100067
            ],
            [
              2.72720259602024,
              7.79332388430413
            ],
            [
              2.72441206810895,
              7.80768998195175
            ],
            [
              2.71552372219713,
              7.8220560795231
            ],
            [
              2.69154585806024,
              7.84866936594939
            ],
            [
              2.6802803962395,
              7.87734988720478
            ],
            [
              2.67221887201593,
              7.88959707594567
            ],
            [
              2.67169450490681,
              7.89343442425803
            ]
          ]
        ]
      },
      "type": "Feature",
      "properties": {
        "source": "https://simplemaps.com",
        "id": "NGOG",
        "name": "Ogun"
      },
      "id": 4
    },
    {
      "geometry": {
        "type": "Polygon",
        "coordinates": [
          [
            [
              2.74243866923766,
              8.52748156499385
            ],
            [
              2.74963097510242,
              8.53301962640163
            ],
            [
              2.80110070202646,
              8.57774561540531
            ],
            [
              2.82084109969995,
              8.57800398215654
            ],
            [
              2.84016808406735,
              8.57616927779559
            ],
            [
              2.91933637885246,
              8.594643702141
            ],
            [
              2.94321088976291,
              8.61048248506375
            ],
            [
              2.96202111207432,
              8.63298743027702
            ],
            [
              3.01628136615086,
              8.67693831668616
            ],
            [
              3.03943240687549,
              8.68595591665481
            ],
            [
              3.04687381299253,
              8.6958519634773
            ],
            [
              3.06268680172285,
              8.7085383709642
            ],
            [
              3.08242719894429,
              8.72047581526782
            ],
            [
              3.12356163888459,
              8.75615836348576
            ],
            [
              3.14495568172267,
              8.76887060721757
            ],
            [
              3.16790001805229,
              8.7758729462838
            ],
            [
              3.18371300596626,
              8.77778486003465
            ],
            [
              3.2002494650567,
              8.77419356258201
            ],
            [
              3.20841434101436,
              8.76305705548587
            ],
            [
              3.22019656696691,
              8.75742436044325
            ],
            [
              3.23073856051308,
              8.74574558354019
            ],
            [
              3.24365766767494,
              8.74765749732358
            ],
            [
              3.36147993299314,
              8.80065181699868
            ],
            [
              3.40643842903864,
              8.83444828657592
            ],
            [
              3.44664269326688,
              8.85408505804866
            ],
            [
              3.49005089685042,
              8.88625381632396
            ],
            [
              3.69561974365775,
              8.98921895431253
            ],
            [
              3.7188741394274,
              9.00570395080371
            ],
            [
              3.73809777217789,
              9.02647783410143
            ],
            [
              3.74770958859867,
              9.09171932623289
            ],
            [
              3.77303103983235,
              9.14026912741602
            ],
            [
              3.81798953612149,
              9.17269624667918
            ],
            [
              3.86604861831468,
              9.17752800365613
            ],
            [
              3.9114205262953,
              9.15698665233952
            ],
            [
              3.9403593285675,
              9.12086488937912
            ],
            [
              3.96309695785312,
              9.07660397443703
            ],
            [
              4.00123416480732,
              9.0438151398383
            ],
            [
              4.04546919168648,
              9.02069011992488
            ],
            [
              4.16401492642535,
              8.97911621582089
            ],
            [
              4.23739546071297,
              8.96242482613269
            ],
            [
              4.26499067468036,
              8.96286404951404
            ],
            [
              4.31408328568786,
              8.99257802171501
            ],
            [
              4.33134321436831,
              8.95410481768166
            ],
            [
              4.29692671155439,
              8.90576170427412
            ],
            [
              4.26395714697585,
              8.886641366384
            ],
            [
              4.23884240076499,
              8.86131992681086
            ],
            [
              4.22271935425708,
              8.83602432353394
            ],
            [
              4.2003951352693,
              8.81481121445327
            ],
            [
              4.18768273347321,
              8.75414310302096
            ],
            [
              4.20101525120435,
              8.69342301574216
            ],
            [
              4.28948530459785,
              8.49793131745916
            ],
            [
              4.32534874753631,
              8.44470445908734
            ],
            [
              4.35914513558114,
              8.31101767738258
            ],
            [
              4.3955253431756,
              8.25872093462427
            ],
            [
              4.41836632735421,
              8.23766283926714
            ],
            [
              4.44451460083473,
              8.22110062639668
            ],
            [
              4.48079145671281,
              8.16273196119023
            ],
            [
              4.51004031778176,
              8.0682934849907
            ],
            [
              4.52233930851911,
              8.04788130490809
            ],
            [
              4.53918582516454,
              8.04452223587117
            ],
            [
              4.55561893102196,
              8.03410945229604
            ],
            [
              4.5630603368633,
              8.00010627589004
            ],
            [
              4.56099327999128,
              7.96592224223386
            ],
            [
              4.55251834556038,
              7.95336501366915
            ],
            [
              4.54735070188232,
              7.94721558277646
            ],
            [
              4.52523318892243,
              7.94352063672647
            ],
            [
              4.5073531435291,
              7.9365702686439
            ],
            [
              4.4885429220792,
              7.92496869677315
            ],
            [
              4.47138634644223,
              7.91155885746479
            ],
            [
              4.46921593555181,
              7.91471093279202
            ],
            [
              4.4615678242572,
              7.90750219779993
            ],
            [
              4.45547000510797,
              7.8984587578575
            ],
            [
              4.44947553909901,
              7.89246434693135
            ],
            [
              4.42053673712302,
              7.87158710510103
            ],
            [
              4.39986616445801,
              7.85058067968576
            ],
            [
              4.35904178140434,
              7.85866786207676
            ],
            [
              4.32235151517258,
              7.91760494171228
            ],
            [
              4.29475630037411,
              7.94202210912938
            ],
            [
              4.26354373484764,
              7.95403676741663
            ],
            [
              4.2423563984382,
              7.93189352863134
            ],
            [
              4.22406294085188,
              7.90577083960731
            ],
            [
              4.21269412575598,
              7.8975544739468
            ],
            [
              4.20411583784668,
              7.88895025758478
            ],
            [
              4.20514936697473,
              7.86654865140165
            ],
            [
              4.15388634598002,
              7.8298581571991
            ],
            [
              4.08639692487517,
              7.84768667069084
            ],
            [
              4.06996381995306,
              7.80218556653801
            ],
            [
              4.06644982327283,
              7.73699570623703
            ],
            [
              4.06128217834494,
              7.70759175632654
            ],
            [
              4.05229047997762,
              7.67940243074668
            ],
            [
              4.03544396298234,
              7.65431350714944
            ],
            [
              4.03410037565657,
              7.62511624988881
            ],
            [
              4.05477094973264,
              7.60230125462123
            ],
            [
              4.08246951693631,
              7.58545453366379
            ],
            [
              4.10427697078222,
              7.55754941048354
            ],
            [
              4.12029666561539,
              7.52592350377077
            ],
            [
              4.13993370938661,
              7.50212641325756
            ],
            [
              4.14551476438799,
              7.4743503225712
            ],
            [
              4.07709516759939,
              7.11243435001438
            ],
            [
              4.04712283676184,
              7.1072150383238
            ],
            [
              4.0172538586154,
              7.10519962633366
            ],
            [
              3.98490441194889,
              7.09432177920756
            ],
            [
              3.95741254983064,
              7.07623504501694
            ],
            [
              3.89581424279123,
              7.05969866235066
            ],
            [
              3.77230756996585,
              7.04463497094375
            ],
            [
              3.71205284989679,
              7.04708960668709
            ],
            [
              3.73913129994393,
              7.09333998500585
            ],
            [
              3.77623497950501,
              7.14367286017228
            ],
            [
              3.7643493988587,
              7.20353992358391
            ],
            [
              3.75783816884363,
              7.21808688066171
            ],
            [
              3.7550476417551,
              7.23353812178997
            ],
            [
              3.75525434715128,
              7.25263248615635
            ],
            [
              3.74884646988995,
              7.26996995561724
            ],
            [
              3.71959760847131,
              7.28575707348838
            ],
            [
              3.69055545383833,
              7.30686699970016
            ],
            [
              3.68786828050946,
              7.32430781566549
            ],
            [
              3.68828169081943,
              7.37975665248322
            ],
            [
              3.65427859935859,
              7.42866835591611
            ],
            [
              3.55433637920299,
              7.43117466479535
            ],
            [
              3.52405398909488,
              7.41838475350717
            ],
            [
              3.49521853960563,
              7.40208075224865
            ],
            [
              3.4658663274225,
              7.41866895706819
            ],
            [
              3.44881310391925,
              7.46750314988597
            ],
            [
              3.41201948377213,
              7.49478834358136
            ],
            [
              3.37067833818458,
              7.46693474277213
            ],
            [
              3.32995731024797,
              7.36776767832685
            ],
            [
              3.29016645724094,
              7.33337694379848
            ],
            [
              3.23394249789798,
              7.33151670226325
            ],
            [
              3.17937218646658,
              7.34978429212366
            ],
            [
              3.1090922378996,
              7.41329462566602
            ],
            [
              3.06403038922473,
              7.49494336370202
            ],
            [
              3.03116417776551,
              7.53680134963376
            ],
            [
              2.98961632705929,
              7.57124345503009
            ],
            [
              2.96977257701341,
              7.62312682508907
            ],
            [
              2.96894575374643,
              7.64400406878404
            ],
            [
              3.00573937307537,
              7.74544490297719
            ],
            [
              2.99943484919698,
              7.8336822868303
            ],
            [
              2.96160770036178,
              7.83223543253729
            ],
            [
              2.94744835743658,
              7.78877542617784
            ],
            [
              2.93742312991004,
              7.73761578666998
            ],
            [
              2.90920779835305,
              7.74167244659197
            ],
            [
              2.89215457506114,
              7.79621699207799
            ],
            [
              2.88678022649601,
              7.90781223799671
            ],
            [
              2.86176883288074,
              7.95473435784653
            ],
            [
              2.7648238464628,
              7.95796424359411
            ],
            [
              2.67831749765697,
              7.89732194379828
            ],
            [
              2.67169450490681,
              7.89343442425803
            ],
            [
              2.67108199020666,
              7.89791708879076
            ],
            [
              2.67335575293533,
              7.90556504742229
            ],
            [
              2.68358768705923,
              7.92463372117519
            ],
            [
              2.68710168419104,
              7.93352214092807
            ],
            [
              2.6909257409466,
              7.99656725129134
            ],
            [
              2.70353479020955,
              8.05989686395445
            ],
            [
              2.7057051997574,
              8.11968624880683
            ],
            [
              2.70839237496773,
              8.13797982045329
            ],
            [
              2.71614383877333,
              8.15490374746549
            ],
            [
              2.72658247916321,
              8.17159544465601
            ],
            [
              2.73443729680655,
              8.18996622549753
            ],
            [
              2.73495406117606,
              8.21190306884985
            ],
            [
              2.72813277105555,
              8.23319369457049
            ],
            [
              2.70849572692016,
              8.27481898826568
            ],
            [
              2.70074426327327,
              8.29688501415776
            ],
            [
              2.69712691287007,
              8.32070763353006
            ],
            [
              2.69836714698675,
              8.33985381388124
            ],
            [
              2.70601525886978,
              8.38127241205987
            ],
            [
              2.70601525896072,
              8.39054838018581
            ],
            [
              2.70353479015214,
              8.40902280627926
            ],
            [
              2.70374149472322,
              8.41788508701668
            ],
            [
              2.70901249201731,
              8.430390940039
            ],
            [
              2.72895959477001,
              8.45274086728995
            ],
            [
              2.73691776515284,
              8.46452329314904
            ],
            [
              2.74477258274708,
              8.49829363177879
            ],
            [
              2.74243866923766,
              8.52748156499385
            ]
          ]
        ]
      },
      "type": "Feature",
      "properties": {
        "source": "https://simplemaps.com",
        "id": "NGOY",
        "name": "Oyo"
      },
      "id": 5
    },
    {
      "geometry": {
        "type": "Polygon",
        "coordinates": [
          [
            [
              2.71192043473556,
              6.47404787138069
            ],
            [
              2.71779829291349,
              6.47345527980929
            ],
            [
              2.75118126757946,
              6.47066476685015
            ],
            [
              2.7847709486447,
              6.47379115680642
            ],
            [
              2.81071251814406,
              6.46557463807968
            ],
            [
              2.83593061729246,
              6.46694413297458
            ],
            [
              2.8624923034805,
              6.48461748185153
            ],
            [
              2.8816125825108,
              6.50652819840006
            ],
            [
              2.88130252427152,
              6.52053258673465
            ],
            [
              2.89205122225473,
              6.52572606224456
            ],
            [
              3.11012576659717,
              6.51619172205711
            ],
            [
              3.16883019389928,
              6.52445991412565
            ],
            [
              3.18360965342986,
              6.54109979522154
            ],
            [
              3.19425499772615,
              6.58957228315644
            ],
            [
              3.2090344579931,
              6.61029451162933
            ],
            [
              3.22453738792735,
              6.62703773932362
            ],
            [
              3.23890343614246,
              6.67832657632377
            ],
            [
              3.24531131329225,
              6.69258918106423
            ],
            [
              3.27673058414225,
              6.70473317708411
            ],
            [
              3.30019168482953,
              6.69762763631446
            ],
            [
              3.34556359190379,
              6.6739598750384
            ],
            [
              3.36892133971622,
              6.64471093766564
            ],
            [
              3.40447472487629,
              6.64316073617058
            ],
            [
              3.42421512160803,
              6.64631296275683
            ],
            [
              3.43599734935193,
              6.66346957743689
            ],
            [
              3.43920128648692,
              6.67770634551529
            ],
            [
              3.44798628074428,
              6.68682729845033
            ],
            [
              4.03213667179085,
              6.68995368832638
            ],
            [
              4.09177127428937,
              6.67437326210206
            ],
            [
              4.08102257731167,
              6.64807000799712
            ],
            [
              4.05663129945411,
              6.62931136818768
            ],
            [
              4.04805301299625,
              6.60422258865195
            ],
            [
              4.05838829878185,
              6.57990875957886
            ],
            [
              4.05921512196566,
              6.56729970290885
            ],
            [
              4.08763716011991,
              6.54432953192252
            ],
            [
              4.11791954936993,
              6.55939322456552
            ],
            [
              4.14840864415063,
              6.57985708619528
            ],
            [
              4.18106814939125,
              6.5867300968489
            ],
            [
              4.20959354028418,
              6.57685987973363
            ],
            [
              4.21982547408971,
              6.55569827720313
            ],
            [
              4.21093712723765,
              6.53484686513815
            ],
            [
              4.15326622881683,
              6.50306593145788
            ],
            [
              4.15481652229056,
              6.47859708196001
            ],
            [
              4.17817426956181,
              6.4643603135506
            ],
            [
              4.20628624844987,
              6.45671220204336
            ],
            [
              4.22003217876394,
              6.44368960792283
            ],
            [
              4.23687869606174,
              6.43358701064392
            ],
            [
              4.26023644398156,
              6.43898717973547
            ],
            [
              4.31718387209411,
              6.43692009414834
            ],
            [
              4.34477908693554,
              6.42746326395495
            ],
            [
              4.34632937982773,
              6.40074662205969
            ],
            [
              4.34240197114404,
              6.37315138235404
            ],
            [
              4.34197024814097,
              6.37059159704168
            ],
            [
              4.12582441484782,
              6.41034570429534
            ],
            [
              3.87029056106918,
              6.43162672673105
            ],
            [
              3.44361412887301,
              6.41034570429534
            ],
            [
              3.42115319104853,
              6.41400790520571
            ],
            [
              3.40886477999697,
              6.42291901039396
            ],
            [
              3.39909915504812,
              6.43402743611763
            ],
            [
              3.38493899787959,
              6.44452539487147
            ],
            [
              3.394297721888,
              6.44936752145004
            ],
            [
              3.40105228009416,
              6.4509952330551
            ],
            [
              3.40691165495599,
              6.44944893707295
            ],
            [
              3.41285240987863,
              6.44452539487147
            ],
            [
              3.42847740991941,
              6.45872626232258
            ],
            [
              3.43425540504777,
              6.45335523462605
            ],
            [
              3.43628990986759,
              6.43829980355307
            ],
            [
              3.44019616011602,
              6.42340735391932
            ],
            [
              3.47535240986072,
              6.4555524049507
            ],
            [
              3.4812117850849,
              6.45477940717331
            ],
            [
              3.4846297540882,
              6.44684483884567
            ],
            [
              3.49244225407049,
              6.44647861875573
            ],
            [
              3.50538170711507,
              6.45136145314489
            ],
            [
              3.52442467490593,
              6.45180893864422
            ],
            [
              3.54135175912195,
              6.45482011498474
            ],
            [
              3.55681399799433,
              6.46295807215024
            ],
            [
              3.57056725387955,
              6.47870508534143
            ],
            [
              3.57243899802303,
              6.48956941435274
            ],
            [
              3.57016035207704,
              6.50067784000651
            ],
            [
              3.57081139411051,
              6.5093448484678
            ],
            [
              3.58082116015282,
              6.51284421809911
            ],
            [
              3.62134850415454,
              6.51284421809911
            ],
            [
              3.6427514979249,
              6.5170758776906
            ],
            [
              3.68677819109911,
              6.53107335619659
            ],
            [
              3.70020592492443,
              6.52708564305163
            ],
            [
              3.72266686314538,
              6.53595619054422
            ],
            [
              3.74268639392349,
              6.5477969061024
            ],
            [
              3.75684655002803,
              6.56378816601923
            ],
            [
              3.76221764399046,
              6.585150453531
            ],
            [
              3.77466881607719,
              6.59007399565924
            ],
            [
              3.85792076912139,
              6.6021996658184
            ],
            [
              3.85027103014977,
              6.60809974475483
            ],
            [
              3.84400475411565,
              6.61082596636896
            ],
            [
              3.83790123794147,
              6.61098864739863
            ],
            [
              3.83057701905453,
              6.60903557376235
            ],
            [
              3.77369225394446,
              6.62238187736057
            ],
            [
              3.71745853009465,
              6.60114171337767
            ],
            [
              3.66382897190816,
              6.57021714609853
            ],
            [
              3.61524498795561,
              6.55438871743754
            ],
            [
              3.59701582084616,
              6.55426659400447
            ],
            [
              3.58668053515251,
              6.55288327949614
            ],
            [
              3.55152428508282,
              6.53416579792196
            ],
            [
              3.54004967514587,
              6.53009681936941
            ],
            [
              3.52833092492866,
              6.52777737541445
            ],
            [
              3.51531009192816,
              6.52708564305163
            ],
            [
              3.51295006587937,
              6.52944564460456
            ],
            [
              3.50025475386868,
              6.53392155105527
            ],
            [
              3.4880477219038,
              6.53327052650403
            ],
            [
              3.48161868608748,
              6.53831619209489
            ],
            [
              3.47852623811033,
              6.54144934162888
            ],
            [
              3.47437584695735,
              6.55438871743754
            ],
            [
              3.47331790510141,
              6.56663651108078
            ],
            [
              3.48023522213802,
              6.5880802142071
            ],
            [
              3.48121178510954,
              6.6021996658184
            ],
            [
              3.46404056114365,
              6.59223060835426
            ],
            [
              3.45191491005611,
              6.5817732073607
            ],
            [
              3.42994225392849,
              6.55780667142961
            ],
            [
              3.42188561297573,
              6.55475493752341
            ],
            [
              3.41130618592341,
              6.55434800962651
            ],
            [
              3.4023543631094,
              6.5521508393242
            ],
            [
              3.39861087309494,
              6.54385005098918
            ],
            [
              3.40007571698057,
              6.53681060393748
            ],
            [
              3.405609571111,
              6.52212154329028
            ],
            [
              3.40601647214537,
              6.51284421809911
            ],
            [
              3.40202884188996,
              6.50218327795637
            ],
            [
              3.38795006610944,
              6.48069901703072
            ],
            [
              3.38493899788513,
              6.46869531993109
            ],
            [
              3.38111412902534,
              6.4616153152269
            ],
            [
              3.37387129005167,
              6.45612216409753
            ],
            [
              3.36980228014112,
              6.45001869622009
            ],
            [
              3.37501061290849,
              6.44110744083985
            ],
            [
              3.37989342513442,
              6.4358585365692
            ],
            [
              3.38257897189214,
              6.43073145530405
            ],
            [
              3.38412519611744,
              6.42479081865888
            ],
            [
              3.38949629014276,
              6.41998939988132
            ],
            [
              3.38453209697119,
              6.39769113277349
            ],
            [
              3.32618248792854,
              6.39142483361848
            ],
            [
              3.21420332101978,
              6.39671459593395
            ],
            [
              3.08236738399619,
              6.38149648375471
            ],
            [
              2.9277449880064,
              6.38910553984664
            ],
            [
              2.70384128925658,
              6.36835161590298
            ],
            [
              2.70425825994744,
              6.42929857038072
            ],
            [
              2.71192043473556,
              6.47404787138069
            ]
          ]
        ]
      },
      "type": "Feature",
      "properties": {
        "source": "https://simplemaps.com",
        "id": "NGLA",
        "name": "Lagos"
      },
      "id": 6
    },
    {
      "geometry": {
        "type": "Polygon",
        "coordinates": [
          [
            [
              13.7498388221345,
              10.9424418335857
            ],
            [
              13.7492696469906,
              10.9424073596448
            ],
            [
              13.6917021009568,
              10.9389191826545
            ],
            [
              13.5463879739835,
              10.9071123530371
            ],
            [
              13.5131083507271,
              10.9115823238448
            ],
            [
              13.4811723165635,
              10.9234679472958
            ],
            [
              13.4699068547601,
              10.9321237605308
            ],
            [
              13.4561609230377,
              10.9349142720821
            ],
            [
              13.4221578295549,
              10.9302892061041
            ],
            [
              13.4133728375599,
              10.8730059086402
            ],
            [
              13.4137862485805,
              10.8049997127648
            ],
            [
              13.4004537289655,
              10.7357016068967
            ],
            [
              13.3452632990356,
              10.6011878498217
            ],
            [
              13.309709913974,
              10.4678884855761
            ],
            [
              13.2591703631194,
              10.4400348894814
            ],
            [
              13.1910608250564,
              10.4549952299807
            ],
            [
              13.1328731615339,
              10.4924347982497
            ],
            [
              13.0771659679168,
              10.5408297948667
            ],
            [
              13.0092631358809,
              10.5696910578876
            ],
            [
              12.9229634946301,
              10.5814732980273
            ],
            [
              12.8409013201811,
              10.5631540019888
            ],
            [
              12.7872611829318,
              10.5006513513247
            ],
            [
              12.7283500509213,
              10.4480964226557
            ],
            [
              12.6909363139558,
              10.4462102321664
            ],
            [
              12.6662349790293,
              10.4276067315616
            ],
            [
              12.6478381691028,
              10.3919241317111
            ],
            [
              12.6201396005698,
              10.3613833692523
            ],
            [
              12.5478959492079,
              10.3294731869257
            ],
            [
              12.467900832037,
              10.3210499021217
            ],
            [
              12.3947270037788,
              10.3049785455883
            ],
            [
              12.3371594578999,
              10.2572553533179
            ],
            [
              12.2342200051405,
              10.124317734443
            ],
            [
              12.1068892756296,
              10.0360285525664
            ],
            [
              11.9455554538044,
              10.0447101894549
            ],
            [
              11.8743453301321,
              10.0889710517994
            ],
            [
              11.807062616059,
              10.1963030064816
            ],
            [
              11.7703723486334,
              10.2206942839326
            ],
            [
              11.7271708509989,
              10.236998190236
            ],
            [
              11.6891369973671,
              10.2632239843597
            ],
            [
              11.6580277849196,
              10.3009736153855
            ],
            [
              11.6371505057969,
              10.3447694051652
            ],
            [
              11.6395276214817,
              10.3888235419465
            ],
            [
              11.7134249203523,
              10.5070592239783
            ],
            [
              11.701022576928,
              10.5941856961864
            ],
            [
              11.7397799010707,
              10.6048568838355
            ],
            [
              11.770372348531,
              10.6290672807898
            ],
            [
              11.7938334490059,
              10.6591946153635
            ],
            [
              11.8047888529935,
              10.6939212167192
            ],
            [
              11.7981742689848,
              10.7776370167224
            ],
            [
              11.8118168473245,
              10.8576838565558
            ],
            [
              11.8684542166262,
              10.9190754114245
            ],
            [
              12.1044088069885,
              11.0008017090505
            ],
            [
              12.1667305840265,
              11.0470521432697
            ],
            [
              12.1972196793835,
              11.1157042549344
            ],
            [
              12.1920520367852,
              11.1997560039654
            ],
            [
              12.1975297381562,
              11.2843244873931
            ],
            [
              12.2185103704246,
              11.3168548196964
            ],
            [
              12.2460022319745,
              11.3455093498223
            ],
            [
              12.2872400240973,
              11.4184506536676
            ],
            [
              12.3883191269436,
              11.5420090215226
            ],
            [
              12.3837715999202,
              11.578492518789
            ],
            [
              12.3655814960001,
              11.6136841824953
            ],
            [
              12.3363326345819,
              11.6466795785183
            ],
            [
              12.2956116063596,
              11.6597020175823
            ],
            [
              12.2621252768662,
              11.6549994409252
            ],
            [
              12.2356669457406,
              11.6632419435298
            ],
            [
              12.2412479999421,
              11.7023350979592
            ],
            [
              12.3010893073867,
              11.8196663896458
            ],
            [
              12.3064636571122,
              11.8636948050076
            ],
            [
              12.2827958510679,
              11.9634819460627
            ],
            [
              12.3288912280153,
              12.2998954871054
            ],
            [
              12.3083240088108,
              12.4495504957065
            ],
            [
              12.4184981622338,
              12.5518181627351
            ],
            [
              12.4624231313264,
              12.611943774328
            ],
            [
              12.4875378782201,
              12.6727669813434
            ],
            [
              12.478959585781,
              12.7341583001501
            ],
            [
              12.4250093927795,
              12.7732774794241
            ],
            [
              12.3808777182953,
              12.8219307072244
            ],
            [
              12.3628943219143,
              12.8852603926081
            ],
            [
              12.3863554226998,
              13.0767215760065
            ],
            [
              12.386741696913,
              13.0785803177175
            ],
            [
              12.414311565626,
              13.0776267624897
            ],
            [
              12.437255900331,
              13.0740093212617
            ],
            [
              12.4563761814845,
              13.0674206572859
            ],
            [
              12.472705931903,
              13.0641649301892
            ],
            [
              12.486658567695,
              13.0708052675711
            ],
            [
              12.4912060977818,
              13.082639386632
            ],
            [
              12.4997843836304,
              13.1359693838314
            ],
            [
              12.5043319109159,
              13.1396126621397
            ],
            [
              12.5269661845707,
              13.1436431908846
            ],
            [
              12.5345109459948,
              13.1459171229229
            ],
            [
              12.5425724669529,
              13.1547794193698
            ],
            [
              12.5479468200622,
              13.1654508874574
            ],
            [
              12.5542513439922,
              13.1875424883552
            ],
            [
              12.5383350024912,
              13.1933560518612
            ],
            [
              12.5451562911213,
              13.2082130701553
            ],
            [
              12.5581787498655,
              13.2265322101409
            ],
            [
              12.5610726293767,
              13.2427585757972
            ],
            [
              12.597556193695,
              13.2765034453113
            ],
            [
              12.6027238381624,
              13.2799917041049
            ],
            [
              12.6061344792041,
              13.2742295127751
            ],
            [
              12.6132658296958,
              13.2765034453113
            ],
            [
              12.620190471941,
              13.281438560915
            ],
            [
              12.6268050535841,
              13.2882597577813
            ],
            [
              12.6287687570001,
              13.2941766692003
            ],
            [
              12.6300089915377,
              13.3103772000166
            ],
            [
              12.6406543378725,
              13.3023933500484
            ],
            [
              12.6492326254706,
              13.2936082611548
            ],
            [
              12.6591545009917,
              13.2866062071219
            ],
            [
              12.6743473700101,
              13.2837121930524
            ],
            [
              12.6831323640042,
              13.288931512738
            ],
            [
              12.690057007614,
              13.3119793777113
            ],
            [
              12.7017358815926,
              13.3172503711155
            ],
            [
              12.7243701597433,
              13.3222888339928
            ],
            [
              12.7408032639604,
              13.3348202493406
            ],
            [
              12.7665381274175,
              13.3656711098053
            ],
            [
              12.7732560616834,
              13.3822333569461
            ],
            [
              12.7745996492801,
              13.3826984181474
            ],
            [
              12.7773901773353,
              13.3867034122689
            ],
            [
              12.7832812905918,
              13.3823367038797
            ],
            [
              12.7889656990148,
              13.3754638324106
            ],
            [
              12.7911361076143,
              13.371846389364
            ],
            [
              12.8051920966231,
              13.3729832056133
            ],
            [
              12.8047786868041,
              13.3768590159987
            ],
            [
              12.7984741589179,
              13.3842744588882
            ],
            [
              12.7945467543093,
              13.3960569107679
            ],
            [
              12.7973372782007,
              13.3996482168119
            ],
            [
              12.8106697977062,
              13.4042991294173
            ],
            [
              12.8150106212247,
              13.4066247359484
            ],
            [
              12.8175944416515,
              13.4072964910469
            ],
            [
              12.8262760837228,
              13.4060563277887
            ],
            [
              12.829273316226,
              13.4066247359484
            ],
            [
              12.8299967848611,
              13.4093634298168
            ],
            [
              12.8285498459351,
              13.4174509286837
            ],
            [
              12.8292733134616,
              13.4202929695473
            ],
            [
              12.8570752354181,
              13.4506529368114
            ],
            [
              12.8702010493402,
              13.4612465997943
            ],
            [
              12.8638965264965,
              13.4692824259643
            ],
            [
              12.8575920007946,
              13.4753285230112
            ],
            [
              12.8505640078375,
              13.4793851912944
            ],
            [
              12.8422957768166,
              13.4816846609846
            ],
            [
              12.8422957749076,
              13.4891259420505
            ],
            [
              12.8577987076009,
              13.48491455369
            ],
            [
              12.8706144632876,
              13.478868456534
            ],
            [
              12.8797095145793,
              13.4796952321509
            ],
            [
              12.8838436290951,
              13.4959991153936
            ],
            [
              12.911748902838,
              13.4899013446336
            ],
            [
              12.9393441179223,
              13.4950689927959
            ],
            [
              13.0292611091279,
              13.5391747112057
            ],
            [
              13.054892620311,
              13.5483731919325
            ],
            [
              13.0824878333025,
              13.5506209884431
            ],
            [
              13.0824878341618,
              13.5443940333381
            ],
            [
              13.0770101304355,
              13.5346788178667
            ],
            [
              13.0882755923963,
              13.5305963124155
            ],
            [
              13.1070858172428,
              13.5315525722442
            ],
            [
              13.1235189231094,
              13.5369527514858
            ],
            [
              13.1238289795537,
              13.5334386543117
            ],
            [
              13.1235189217785,
              13.5226641326978
            ],
            [
              13.130960326078,
              13.5298212101993
            ],
            [
              13.1384017312378,
              13.546538482866
            ],
            [
              13.1439827872992,
              13.5506209884431
            ],
            [
              13.1536979579767,
              13.5487607430543
            ],
            [
              13.1558683666812,
              13.5407765891492
            ],
            [
              13.1536979552935,
              13.5306996593777
            ],
            [
              13.1501839607801,
              13.5226641326978
            ],
            [
              13.1769523516213,
              13.5344721239407
            ],
            [
              13.203927449939,
              13.5393814051337
            ],
            [
              13.228112021619,
              13.5480373142938
            ],
            [
              13.2464054768393,
              13.5710848898729
            ],
            [
              13.2322461322048,
              13.5728934618572
            ],
            [
              13.2301790755704,
              13.5777510699313
            ],
            [
              13.2394808353797,
              13.5915746288659
            ],
            [
              13.2438216538417,
              13.5932540172045
            ],
            [
              13.2508496493008,
              13.5927631190742
            ],
            [
              13.2572575259526,
              13.5942358134666
            ],
            [
              13.2600480553505,
              13.6021424579746
            ],
            [
              13.2586011150066,
              13.6078010054064
            ],
            [
              13.2535368233704,
              13.614880573865
            ],
            [
              13.2538468824813,
              13.6189114065006
            ],
            [
              13.2592212319405,
              13.6289625012723
            ],
            [
              13.266145875295,
              13.6380317998967
            ],
            [
              13.306040080649,
              13.6746445733482
            ],
            [
              13.3212329527636,
              13.685109057227
            ],
            [
              13.3207161865588,
              13.7022913965535
            ],
            [
              13.3299145898807,
              13.7094226398663
            ],
            [
              13.3589197164005,
              13.7142318804762
            ],
            [
              13.3599902741563,
              13.7144094330259
            ],
            [
              13.6073136788769,
              13.7040999690145
            ],
            [
              13.8361110852063,
              13.3910442839589
            ],
            [
              14.0649084895056,
              13.0779884765709
            ],
            [
              14.1211324450148,
              12.8117900989133
            ],
            [
              14.1773564021233,
              12.5455918181284
            ],
            [
              14.1786999928482,
              12.468335728485
            ],
            [
              14.1802162243042,
              12.463530402904
            ],
            [
              14.1854179272952,
              12.4470449368085
            ],
            [
              14.1851078704308,
              12.4278730552753
            ],
            [
              14.1791134033628,
              12.3972806028969
            ],
            [
              14.179836872391,
              12.3856016648277
            ],
            [
              14.1889319242726,
              12.3704087859768
            ],
            [
              14.2021610914893,
              12.3625023062865
            ],
            [
              14.217560669057,
              12.3592984057572
            ],
            [
              14.4231295170099,
              12.3531489716887
            ],
            [
              14.4871049400356,
              12.3378010731665
            ],
            [
              14.5143900960938,
              12.3235383160743
            ],
            [
              14.5175940350678,
              12.3133580573911
            ],
            [
              14.5124263905561,
              12.2986302401408
            ],
            [
              14.5143900969979,
              12.2893802529112
            ],
            [
              14.5215214444374,
              12.2823522214537
            ],
            [
              14.5511837144955,
              12.260441353169
            ],
            [
              14.5621391190363,
              12.2558421212988
            ],
            [
              14.5621391188477,
              12.2484007029717
            ],
            [
              14.5583150632114,
              12.2469021747631
            ],
            [
              14.5484965414225,
              12.2415795155437
            ],
            [
              14.5681335841237,
              12.2277301468476
            ],
            [
              14.5882873934232,
              12.2171881753921
            ],
            [
              14.604100381548,
              12.2043207515208
            ],
            [
              14.6106116129151,
              12.1835468494535
            ],
            [
              14.6162960194781,
              12.178947617904
            ],
            [
              14.6293184809551,
              12.18349517607
            ],
            [
              14.6431677654248,
              12.190626553656
            ],
            [
              14.6515393478662,
              12.1937787802873
            ],
            [
              14.6634249278733,
              12.1875776738008
            ],
            [
              14.6682825122673,
              12.1780691703882
            ],
            [
              14.6699361576852,
              12.167423852633
            ],
            [
              14.6506091717542,
              12.1480968059275
            ],
            [
              14.6481287037997,
              12.1418440263048
            ],
            [
              14.643167764319,
              12.1358494634088
            ],
            [
              14.6371732996223,
              12.1242223518002
            ],
            [
              14.6199133710928,
              12.0524954952551
            ],
            [
              14.6221871321316,
              12.0420050485173
            ],
            [
              14.6043070883793,
              12.0304296111595
            ],
            [
              14.6062707913639,
              12.0112575867158
            ],
            [
              14.6251843663338,
              11.9681077645798
            ],
            [
              14.6269413649959,
              11.9572040817165
            ],
            [
              14.6271480705725,
              11.950072705447
            ],
            [
              14.6234273680648,
              11.9165347333362
            ],
            [
              14.61205855406,
              11.8849605003186
            ],
            [
              14.590664509199,
              11.783157802466
            ],
            [
              14.5832231045789,
              11.7663630564893
            ],
            [
              14.5465328372616,
              11.7186140109715
            ],
            [
              14.5418819570962,
              11.7098289377936
            ],
            [
              14.5433288980761,
              11.7010956882347
            ],
            [
              14.5524239495865,
              11.6890033694976
            ],
            [
              14.5564547128837,
              11.6875048418853
            ],
            [
              14.5735079357026,
              11.687711535349
            ],
            [
              14.5809493411666,
              11.6832673254577
            ],
            [
              14.5850834551882,
              11.6768077041014
            ],
            [
              14.5885974529761,
              11.6696764792274
            ],
            [
              14.5938684491808,
              11.6630101644523
            ],
            [
              14.6101982020284,
              11.6468354998927
            ],
            [
              14.6213603114644,
              11.6297822380436
            ],
            [
              14.6271480713419,
              11.6096800976303
            ],
            [
              14.62756148335,
              11.5843586472458
            ],
            [
              14.6238407809038,
              11.5634814067727
            ],
            [
              14.6161926674951,
              11.5386766904877
            ],
            [
              14.605754028355,
              11.5147245849099
            ],
            [
              14.5937650958615,
              11.4964311632875
            ],
            [
              14.5766085200002,
              11.4873360507749
            ],
            [
              14.5249320876868,
              11.4688359358784
            ],
            [
              14.5039514555866,
              11.4563043947205
            ],
            [
              14.4672611892607,
              11.4238515713383
            ],
            [
              14.4462805589815,
              11.4116818940864
            ],
            [
              14.3870593653855,
              11.3933883228388
            ],
            [
              14.3682491456196,
              11.3830013766079
            ],
            [
              14.2791589758858,
              11.3018435586496
            ],
            [
              14.27130415844,
              11.2986396601747
            ],
            [
              14.2443290619783,
              11.2954357617017
            ],
            [
              14.232133422017,
              11.2902938118428
            ],
            [
              14.2046415603213,
              11.262130178933
            ],
            [
              14.1867615145387,
              11.2492369248821
            ],
            [
              14.1654708261805,
              11.2383332453726
            ],
            [
              14.1432499586292,
              11.2327263104422
            ],
            [
              14.1225793862495,
              11.2357235905545
            ],
            [
              14.0525061449506,
              11.2651533708448
            ],
            [
              14.0131287030611,
              11.2763670905538
            ],
            [
              13.9823295491449,
              11.2762637438361
            ],
            [
              13.9438822843227,
              11.2457229862847
            ],
            [
              13.9062618411862,
              11.208025018104
            ],
            [
              13.8731889240693,
              11.1665029962759
            ],
            [
              13.8492110592833,
              11.1245675877368
            ],
            [
              13.8320544837983,
              11.0848025354323
            ],
            [
              13.8200655520922,
              11.0692737901218
            ],
            [
              13.7820316983045,
              11.047518029663
            ],
            [
              13.7659086501118,
              11.0339012737016
            ],
            [
              13.7548498937279,
              11.016718830726
            ],
            [
              13.7504057209738,
              10.996203305945
            ],
            [
              13.7570203040298,
              10.958246971336
            ],
            [
              13.7498388221345,
              10.9424418335857
            ]
          ]
        ]
      },
      "type": "Feature",
      "properties": {
        "source": "https://simplemaps.com",
        "id": "NGBO",
        "name": "Borno"
      },
      "id": 7
    },
    {
      "geometry": {
        "type": "Polygon",
        "coordinates": [
          [
            [
              11.9455554538044,
              10.0447101894549
            ],
            [
              12.1068892756296,
              10.0360285525664
            ],
            [
              12.2342200051405,
              10.124317734443
            ],
            [
              12.3371594578999,
              10.2572553533179
            ],
            [
              12.3947270037788,
              10.3049785455883
            ],
            [
              12.467900832037,
              10.3210499021217
            ],
            [
              12.5478959492079,
              10.3294731869257
            ],
            [
              12.6201396005698,
              10.3613833692523
            ],
            [
              12.6478381691028,
              10.3919241317111
            ],
            [
              12.6662349790293,
              10.4276067315616
            ],
            [
              12.6909363139558,
              10.4462102321664
            ],
            [
              12.7283500509213,
              10.4480964226557
            ],
            [
              12.7872611829318,
              10.5006513513247
            ],
            [
              12.8409013201811,
              10.5631540019888
            ],
            [
              12.9229634946301,
              10.5814732980273
            ],
            [
              13.0092631358809,
              10.5696910578876
            ],
            [
              13.0771659679168,
              10.5408297948667
            ],
            [
              13.1328731615339,
              10.4924347982497
            ],
            [
              13.1910608250564,
              10.4549952299807
            ],
            [
              13.2591703631194,
              10.4400348894814
            ],
            [
              13.309709913974,
              10.4678884855761
            ],
            [
              13.3452632990356,
              10.6011878498217
            ],
            [
              13.4004537289655,
              10.7357016068967
            ],
            [
              13.4137862485805,
              10.8049997127648
            ],
            [
              13.4133728375599,
              10.8730059086402
            ],
            [
              13.4221578295549,
              10.9302892061041
            ],
            [
              13.4561609230377,
              10.9349142720821
            ],
            [
              13.4699068547601,
              10.9321237605308
            ],
            [
              13.4811723165635,
              10.9234679472958
            ],
            [
              13.5131083507271,
              10.9115823238448
            ],
            [
              13.5463879739835,
              10.9071123530371
            ],
            [
              13.6917021009568,
              10.9389191826545
            ],
            [
              13.7492696469906,
              10.9424073596448
            ],
            [
              13.7498388221345,
              10.9424418335857
            ],
            [
              13.7444112540091,
              10.9304967257095
            ],
            [
              13.5662825931231,
              10.6790133771024
            ],
            [
              13.5387907301913,
              10.6214199988216
            ],
            [
              13.5012736411157,
              10.496337188731
            ],
            [
              13.4671671959807,
              10.307589008333
            ],
            [
              13.4448429759938,
              10.245473937454
            ],
            [
              13.4445329179974,
              10.232477314774
            ],
            [
              13.4513542070418,
              10.2121168046291
            ],
            [
              13.4530078529523,
              10.2005154378316
            ],
            [
              13.4508374429815,
              10.1871570823853
            ],
            [
              13.4349211019522,
              10.1534123698005
            ],
            [
              13.4232422289558,
              10.1384778821148
            ],
            [
              13.401951538007,
              10.1223806776108
            ],
            [
              13.3926719659567,
              10.1169574141699
            ],
            [
              13.3783870849918,
              10.1086089062655
            ],
            [
              13.3597835689643,
              10.1005473808242
            ],
            [
              13.2813387449915,
              10.0920982862355
            ],
            [
              13.2479557699802,
              10.0794117212141
            ],
            [
              13.2301790769884,
              10.0453311149433
            ],
            [
              13.2304891360098,
              10.0253581758761
            ],
            [
              13.2424780674282,
              9.99267277922391
            ],
            [
              13.2464054759966,
              9.97347494599948
            ],
            [
              13.2422713635887,
              9.94975569847744
            ],
            [
              13.2187069086043,
              9.91303941279326
            ],
            [
              13.2110587978903,
              9.89275643892535
            ],
            [
              13.2127124414287,
              9.87014786552598
            ],
            [
              13.2229443751658,
              9.8541282392179
            ],
            [
              13.2519865302217,
              9.82423342828318
            ],
            [
              13.2629419369288,
              9.80172850070917
            ],
            [
              13.2604614654115,
              9.78570857311686
            ],
            [
              13.2510563554134,
              9.76924972261468
            ],
            [
              13.241341185813,
              9.74532347759811
            ],
            [
              13.2284220785739,
              9.67791173581182
            ],
            [
              13.2234611415795,
              9.61313532974556
            ],
            [
              13.1954525163016,
              9.5422094951978
            ],
            [
              13.1303402086361,
              9.51652605282746
            ],
            [
              13.0516886799074,
              9.50451140501818
            ],
            [
              12.9824422609038,
              9.47459074959036
            ],
            [
              12.9690063882325,
              9.46407462775902
            ],
            [
              12.9400675874555,
              9.42710026243325
            ],
            [
              12.9290088290169,
              9.4161187799105
            ],
            [
              12.9207406004053,
              9.41048608718995
            ],
            [
              12.8620361739921,
              9.38289102982988
            ],
            [
              12.8554215908708,
              9.37811094684312
            ],
            [
              12.8483935947627,
              9.35994657126434
            ],
            [
              12.8531478257497,
              9.35663917798885
            ],
            [
              12.881569866409,
              9.35222110862389
            ],
            [
              12.8912850325418,
              9.33198949922958
            ],
            [
              12.8993465555322,
              9.30201716688134
            ],
            [
              12.8984163832746,
              9.26243329431432
            ],
            [
              12.8945923263503,
              9.2439588773342
            ],
            [
              12.8883911526956,
              9.22672462005649
            ],
            [
              12.8421924239946,
              9.14443003244292
            ],
            [
              12.8221419665455,
              9.09681005098688
            ],
            [
              12.8210050847068,
              9.0564249360038
            ],
            [
              12.8282397865005,
              9.0199672940574
            ],
            [
              12.8057088630334,
              8.83150350688042
            ],
            [
              12.7945467527086,
              8.78861192782493
            ],
            [
              12.7729460033775,
              8.75905297209511
            ],
            [
              12.7596134837031,
              8.75342027703974
            ],
            [
              12.7472111405956,
              8.75362697042094
            ],
            [
              12.7344987391226,
              8.75590089803891
            ],
            [
              12.7202360438045,
              8.75646930483635
            ],
            [
              12.708867229099,
              8.75091411979086
            ],
            [
              12.7016325272559,
              8.73915753240008
            ],
            [
              12.6928475349653,
              8.71089070993853
            ],
            [
              12.6781714273115,
              8.6786961117795
            ],
            [
              12.6603947338934,
              8.65931740467877
            ],
            [
              12.5579720466785,
              8.60567746442069
            ],
            [
              12.5425724689478,
              8.60200835617722
            ],
            [
              12.527793010129,
              8.60485069082874
            ],
            [
              12.4955469163445,
              8.6195526599854
            ],
            [
              12.4825244533591,
              8.62324730444253
            ],
            [
              12.4643343504813,
              8.62115453380685
            ],
            [
              12.4518286552386,
              8.61469506473705
            ],
            [
              12.4402531331757,
              8.60660758471121
            ],
            [
              12.4244401461307,
              8.59978640214372
            ],
            [
              12.4105908601384,
              8.59849426797564
            ],
            [
              12.3963281666016,
              8.60076819578675
            ],
            [
              12.368836305265,
              8.60957910272921
            ],
            [
              12.3770011809259,
              8.59510966356841
            ],
            [
              12.4004622789501,
              8.53842039290081
            ],
            [
              12.4032528091011,
              8.52423545706032
            ],
            [
              12.4038729247701,
              8.49653673779705
            ],
            [
              12.3951912833096,
              8.48733828019048
            ],
            [
              12.3651156006303,
              8.46656439060202
            ],
            [
              12.3575708416907,
              8.45635830246322
            ],
            [
              12.351162963749,
              8.44424030018269
            ],
            [
              12.3432047918696,
              8.43274207765142
            ],
            [
              12.3313192146217,
              8.4242931838137
            ],
            [
              12.3102352285438,
              8.42134750218965
            ],
            [
              12.27178796283,
              8.42778113522631
            ],
            [
              12.249980510872,
              8.41876383446896
            ],
            [
              12.2270361724072,
              8.38631086463148
            ],
            [
              12.2192847098256,
              8.34316120911671
            ],
            [
              12.2217651778504,
              8.29766011451986
            ],
            [
              12.2376815188266,
              8.21688984846329
            ],
            [
              12.2367513436643,
              8.19699440330199
            ],
            [
              12.2337131888507,
              8.18845477971645
            ],
            [
              12.2291032297923,
              8.17549678336599
            ],
            [
              12.1882788488465,
              8.11777433442615
            ],
            [
              12.1825944413586,
              8.09348635218525
            ],
            [
              12.1826977960358,
              8.0546517171838
            ],
            [
              12.1881754960223,
              8.01625600471514
            ],
            [
              12.1951001376624,
              7.99170965461613
            ],
            [
              12.1977873133069,
              7.97517327667329
            ],
            [
              12.1921029059907,
              7.96065215985765
            ],
            [
              12.1542757564299,
              7.92132632533613
            ],
            [
              12.0549536537431,
              7.78391873039212
            ],
            [
              12.0189868563689,
              7.71885805308678
            ],
            [
              12.0121655674751,
              7.69834252351671
            ],
            [
              12.0090649822798,
              7.67632846605601
            ],
            [
              12.0107186286433,
              7.6552445291052
            ],
            [
              12.0249813226264,
              7.59659164745925
            ],
            [
              12.0210539146634,
              7.57623113716079
            ],
            [
              12.0085482172176,
              7.56486239439589
            ],
            [
              11.9928385825375,
              7.55401038531566
            ],
            [
              11.9661735430779,
              7.51442617824518
            ],
            [
              11.9035452832896,
              7.45355689677421
            ],
            [
              11.903180780712,
              7.45386062806088
            ],
            [
              11.9025606619618,
              7.45437736180274
            ],
            [
              11.8904683769685,
              7.50483941557515
            ],
            [
              11.8656636899893,
              7.55809198089516
            ],
            [
              11.8530546397363,
              7.62467702623185
            ],
            [
              11.8531579929903,
              7.6915721103169
            ],
            [
              11.8049955579147,
              7.80644891983757
            ],
            [
              11.7078438665752,
              7.8977094940458
            ],
            [
              11.6830391789027,
              7.92763017553599
            ],
            [
              11.6476924982426,
              7.94357231009186
            ],
            [
              11.6157564630931,
              7.92933539660436
            ],
            [
              11.5963261248233,
              7.89858794127328
            ],
            [
              11.5741052590924,
              7.87179379856843
            ],
            [
              11.5478536301464,
              7.84897850487354
            ],
            [
              11.5151941258377,
              7.85220839075408
            ],
            [
              11.4879089689185,
              7.88026853114411
            ],
            [
              11.4478080589163,
              7.95150477252132
            ],
            [
              11.4042965027059,
              8.05844910851212
            ],
            [
              11.4134949076066,
              8.08963578541844
            ],
            [
              11.4683752767034,
              8.15361101216499
            ],
            [
              11.5337976419544,
              8.21146294401446
            ],
            [
              11.7921798031432,
              8.51935112361337
            ],
            [
              11.8592558130508,
              8.57386981370614
            ],
            [
              11.8686609224971,
              8.60689088685384
            ],
            [
              11.8634932814124,
              8.64345218464448
            ],
            [
              11.8710380383381,
              8.71269837578686
            ],
            [
              11.971497022298,
              8.91899068030589
            ],
            [
              11.9653992038673,
              8.98823716088744
            ],
            [
              11.9236446457553,
              9.03931925913826
            ],
            [
              11.8605993976124,
              9.06960163662948
            ],
            [
              11.8257694841008,
              9.12776357986549
            ],
            [
              11.825459425715,
              9.16287771268231
            ],
            [
              11.830110304002,
              9.19765596804796
            ],
            [
              11.8202917814716,
              9.22863593242543
            ],
            [
              11.8016882666558,
              9.25788483963937
            ],
            [
              11.767271762031,
              9.3301025215249
            ],
            [
              11.7094975117286,
              9.38146911211572
            ],
            [
              11.6766313019757,
              9.39136515466112
            ],
            [
              11.6428349146849,
              9.39743707071386
            ],
            [
              11.618443636429,
              9.42020037162429
            ],
            [
              11.5259428239315,
              9.59197300353835
            ],
            [
              11.6178235214175,
              9.60664912681909
            ],
            [
              11.7026762215316,
              9.64395936389396
            ],
            [
              11.8877812022039,
              9.75382343684353
            ],
            [
              11.9250915880648,
              9.78420944628414
            ],
            [
              11.9403878112812,
              9.8257313533644
            ],
            [
              11.9351168138287,
              9.95763527629686
            ],
            [
              11.9455554538044,
              10.0447101894549
            ]
          ]
        ]
      },
      "type": "Feature",
      "properties": {
        "source": "https://simplemaps.com",
        "id": "NGAD",
        "name": "Adamawa"
      },
      "id": 8
    },
    {
      "geometry": {
        "type": "Polygon",
        "coordinates": [
          [
            [
              11.5259428239315,
              9.59197300353835
            ],
            [
              11.618443636429,
              9.42020037162429
            ],
            [
              11.6428349146849,
              9.39743707071386
            ],
            [
              11.6766313019757,
              9.39136515466112
            ],
            [
              11.7094975117286,
              9.38146911211572
            ],
            [
              11.767271762031,
              9.3301025215249
            ],
            [
              11.8016882666558,
              9.25788483963937
            ],
            [
              11.8202917814716,
              9.22863593242543
            ],
            [
              11.830110304002,
              9.19765596804796
            ],
            [
              11.825459425715,
              9.16287771268231
            ],
            [
              11.8257694841008,
              9.12776357986549
            ],
            [
              11.8605993976124,
              9.06960163662948
            ],
            [
              11.9236446457553,
              9.03931925913826
            ],
            [
              11.9653992038673,
              8.98823716088744
            ],
            [
              11.971497022298,
              8.91899068030589
            ],
            [
              11.8710380383381,
              8.71269837578686
            ],
            [
              11.8634932814124,
              8.64345218464448
            ],
            [
              11.8686609224971,
              8.60689088685384
            ],
            [
              11.8592558130508,
              8.57386981370614
            ],
            [
              11.7921798031432,
              8.51935112361337
            ],
            [
              11.5337976419544,
              8.21146294401446
            ],
            [
              11.4683752767034,
              8.15361101216499
            ],
            [
              11.4134949076066,
              8.08963578541844
            ],
            [
              11.4042965027059,
              8.05844910851212
            ],
            [
              11.4478080589163,
              7.95150477252132
            ],
            [
              11.4879089689185,
              7.88026853114411
            ],
            [
              11.5151941258377,
              7.85220839075408
            ],
            [
              11.5478536301464,
              7.84897850487354
            ],
            [
              11.5741052590924,
              7.87179379856843
            ],
            [
              11.5963261248233,
              7.89858794127328
            ],
            [
              11.6157564630931,
              7.92933539660436
            ],
            [
              11.6476924982426,
              7.94357231009186
            ],
            [
              11.6830391789027,
              7.92763017553599
            ],
            [
              11.7078438665752,
              7.8977094940458
            ],
            [
              11.8049955579147,
              7.80644891983757
            ],
            [
              11.8531579929903,
              7.6915721103169
            ],
            [
              11.8530546397363,
              7.62467702623185
            ],
            [
              11.8656636899893,
              7.55809198089516
            ],
            [
              11.8904683769685,
              7.50483941557515
            ],
            [
              11.9025606619618,
              7.45437736180274
            ],
            [
              11.903180780712,
              7.45386062806088
            ],
            [
              11.9035452832896,
              7.45355689677421
            ],
            [
              11.8447339265152,
              7.39639713163698
            ],
            [
              11.7827222087221,
              7.30451646192938
            ],
            [
              11.7624650472348,
              7.2855512812617
            ],
            [
              11.7445850015197,
              7.27216712562533
            ],
            [
              11.736626830978,
              7.26327870395093
            ],
            [
              11.7424145923036,
              7.25743931192718
            ],
            [
              11.7661857500487,
              7.25294342769857
            ],
            [
              11.780241739702,
              7.24105779988924
            ],
            [
              11.8299544679211,
              7.1693826190719
            ],
            [
              11.8689184965234,
              7.12711124192117
            ],
            [
              11.8813208424486,
              7.10204830128588
            ],
            [
              11.872225789373,
              7.079362335953
            ],
            [
              11.8626139728761,
              7.07543485870523
            ],
            [
              11.8541390379454,
              7.07781198436332
            ],
            [
              11.845147339352,
              7.08194615512574
            ],
            [
              11.8339852299121,
              7.0829796227091
            ],
            [
              11.8203426505397,
              7.07879377856843
            ],
            [
              11.8088704842904,
              7.0719209187017
            ],
            [
              11.7663924563931,
              7.03352534453141
            ],
            [
              11.7515096431373,
              7.02396516842126
            ],
            [
              11.7486157636438,
              7.01497339947106
            ],
            [
              11.7468587644661,
              7.00536170015721
            ],
            [
              11.7410710035114,
              6.99750674553482
            ],
            [
              11.7342497155109,
              6.99507809666944
            ],
            [
              11.7186434327186,
              6.99445786589456
            ],
            [
              11.7074813237568,
              6.99182237329373
            ],
            [
              11.6972493893791,
              6.99285599111016
            ],
            [
              11.6924951578375,
              6.99161567977308
            ],
            [
              11.6884643956836,
              6.98691310174933
            ],
            [
              11.6848470458288,
              6.97383898547179
            ],
            [
              11.6811263428859,
              6.96861967362728
            ],
            [
              11.6232487391804,
              6.9322911840894
            ],
            [
              11.5617537842791,
              6.87606724082716
            ],
            [
              11.5436670332547,
              6.85069410841672
            ],
            [
              11.5380859777742,
              6.82389980768238
            ],
            [
              11.5445972086435,
              6.80893946236063
            ],
            [
              11.5666113693822,
              6.78418656045983
            ],
            [
              11.5714689544438,
              6.76622900865776
            ],
            [
              11.5688851320982,
              6.7390988305694
            ],
            [
              11.5623739005449,
              6.71248538619656
            ],
            [
              11.5334350990221,
              6.6450993893193
            ],
            [
              11.5097672939067,
              6.61231067486126
            ],
            [
              11.4825854898502,
              6.59716947223733
            ],
            [
              11.4431046953775,
              6.59326798157074
            ],
            [
              11.4167497147345,
              6.57200303231375
            ],
            [
              11.4017635500124,
              6.53818084988897
            ],
            [
              11.3956657312879,
              6.49673639255314
            ],
            [
              11.3893612062419,
              6.47392124154679
            ],
            [
              11.3698275153691,
              6.45575699550119
            ],
            [
              11.3441960043325,
              6.44312210197525
            ],
            [
              11.3194946696551,
              6.43728255890541
            ],
            [
              11.3085392663742,
              6.43790278973089
            ],
            [
              11.2868351652911,
              6.44322544874389
            ],
            [
              11.2758797609241,
              6.44420724304595
            ],
            [
              11.2721590577821,
              6.44203681069112
            ],
            [
              11.2615137134694,
              6.43255429402318
            ],
            [
              11.2555192465337,
              6.42997032437773
            ],
            [
              11.2482845460968,
              6.43100394227865
            ],
            [
              11.2371224373222,
              6.43805780988395
            ],
            [
              11.2317480866581,
              6.43981470495153
            ],
            [
              11.2022764666577,
              6.43673923730309
            ],
            [
              11.1403841553694,
              6.43028051489733
            ],
            [
              11.1135124099299,
              6.43400114878546
            ],
            [
              11.0970793049875,
              6.44911651498157
            ],
            [
              11.0774422612799,
              6.49673639255314
            ],
            [
              11.0605957439628,
              6.5739667711048
            ],
            [
              11.057391803648,
              6.61300826553683
            ],
            [
              11.0590454510318,
              6.65272166397154
            ],
            [
              11.055944865302,
              6.70036737709494
            ],
            [
              11.0367212315391,
              6.74054568527846
            ],
            [
              11.0026147870342,
              6.76726247630282
            ],
            [
              10.9093905033355,
              6.78426407053297
            ],
            [
              10.8774544668492,
              6.81609667638969
            ],
            [
              10.8574040116811,
              6.85978907419964
            ],
            [
              10.8482056067808,
              6.9053160269141
            ],
            [
              10.8318758540926,
              6.94521028033164
            ],
            [
              10.7991129963877,
              6.96732783911708
            ],
            [
              10.7169474692781,
              6.9981269763093
            ],
            [
              10.646977579769,
              7.03507554592262
            ],
            [
              10.6206225993362,
              7.04375727455715
            ],
            [
              10.6025358477235,
              7.05807155175171
            ],
            [
              10.5971614993534,
              7.10726761298256
            ],
            [
              10.578661336094,
              7.13083202560874
            ],
            [
              10.5641919351719,
              7.10266838183314
            ],
            [
              10.5517895914415,
              7.06633989330857
            ],
            [
              10.5433146562459,
              7.02871941978885
            ],
            [
              10.5374235433516,
              6.9521349639725
            ],
            [
              10.5331860756874,
              6.94882756718839
            ],
            [
              10.5275016681901,
              6.94748405929255
            ],
            [
              10.5211971440453,
              6.94278148122776
            ],
            [
              10.5088981525357,
              6.92634829465794
            ],
            [
              10.5007332758368,
              6.91280911779795
            ],
            [
              10.496599160988,
              6.89715118206548
            ],
            [
              10.4959790448346,
              6.87467190931846
            ],
            [
              10.2384237062362,
              6.87100294903046
            ],
            [
              10.2108284910479,
              6.87916779391783
            ],
            [
              10.1898478596879,
              6.8954458102754
            ],
            [
              10.1794092199978,
              6.91492787663007
            ],
            [
              10.1650431720594,
              6.98851512674898
            ],
            [
              10.1568782957162,
              7.00474146938363
            ],
            [
              10.1429256585697,
              7.00768700225748
            ],
            [
              10.1194645587729,
              6.99440619251442
            ],
            [
              9.87462162300384,
              6.7877005006556
            ],
            [
              9.85116052188027,
              6.7778819571993
            ],
            [
              9.8317301836759,
              6.78356632966115
            ],
            [
              9.81229984491455,
              6.79304899612528
            ],
            [
              9.78852868619473,
              6.79475436794554
            ],
            [
              9.76982181842105,
              6.77372209972056
            ],
            [
              9.69397998976109,
              6.53430474524772
            ],
            [
              9.69303063976402,
              6.53130783919721
            ],
            [
              9.68052494266452,
              6.52143762201997
            ],
            [
              9.6448059678721,
              6.52122552080457
            ],
            [
              9.64481733625741,
              6.52133352418549
            ],
            [
              9.64502404112472,
              6.52329726298769
            ],
            [
              9.66838178875335,
              6.61851103022424
            ],
            [
              9.68037072106398,
              6.7866144583519
            ],
            [
              9.67665001810067,
              6.84996977979525
            ],
            [
              9.70961958206739,
              7.02411943749414
            ],
            [
              9.73969526504782,
              7.08197109053546
            ],
            [
              9.78031294121681,
              7.13251065934646
            ],
            [
              9.83064578548503,
              7.16842576029648
            ],
            [
              9.87467410537428,
              7.20899176535479
            ],
            [
              9.88139204351176,
              7.32658159442617
            ],
            [
              9.92097619063598,
              7.44639337484215
            ],
            [
              9.87663781175895,
              7.5624845179839
            ],
            [
              9.7742151231247,
              7.65320252967492
            ],
            [
              9.68471154182943,
              7.76438439445365
            ],
            [
              9.57123009588147,
              7.84233817674118
            ],
            [
              9.41837120816682,
              7.85967549273514
            ],
            [
              9.26478885419012,
              7.8553866032635
            ],
            [
              9.22541141062229,
              7.84789336416011
            ],
            [
              9.15771528534299,
              7.81750762144507
            ],
            [
              9.12608930873169,
              7.81063476307836
            ],
            [
              9.11410037564954,
              7.83298469636769
            ],
            [
              9.16939415906665,
              7.91445256596207
            ],
            [
              9.20391401479293,
              7.94367565682266
            ],
            [
              9.34902143725233,
              8.03984549606389
            ],
            [
              9.36958865808633,
              8.05785486483789
            ],
            [
              9.36628136663328,
              8.0843648020327
            ],
            [
              9.35863325277839,
              8.10294227702257
            ],
            [
              9.36039025205769,
              8.12053825842035
            ],
            [
              9.35728966562239,
              8.17138784993469
            ],
            [
              9.3038562345382,
              8.23805038945888
            ],
            [
              9.30809370229737,
              8.26869449362595
            ],
            [
              9.31863569441788,
              8.29471353143634
            ],
            [
              9.33517215326192,
              8.3169604138718
            ],
            [
              9.35997684108258,
              8.3272181760632
            ],
            [
              9.4092761581245,
              8.31070763723972
            ],
            [
              9.43253055221497,
              8.29835680356605
            ],
            [
              9.46105594130336,
              8.29342169749752
            ],
            [
              9.49082156598061,
              8.28486915594993
            ],
            [
              9.51924360574579,
              8.28073528732396
            ],
            [
              9.54745893692224,
              8.2820012845915
            ],
            [
              9.58828331911048,
              8.30814950563288
            ],
            [
              9.6154651229641,
              8.35117027890896
            ],
            [
              9.66982872909093,
              8.34755284354878
            ],
            [
              9.74506961405198,
              8.35284966298318
            ],
            [
              9.81751997200901,
              8.37313265686264
            ],
            [
              9.88211551328507,
              8.4223286950697
            ],
            [
              9.94030317544138,
              8.4808520727139
            ],
            [
              10.006035597343,
              8.52798117420147
            ],
            [
              10.0773490732686,
              8.5665574337639
            ],
            [
              10.1053576994798,
              8.59146549069991
            ],
            [
              10.1576542508668,
              8.65383912850405
            ],
            [
              10.1802885272171,
              8.68975420809944
            ],
            [
              10.2288643726017,
              8.74672737710488
            ],
            [
              10.4602714361402,
              8.80277042409792
            ],
            [
              10.6185046739312,
              8.88013022493733
            ],
            [
              10.6530245290352,
              8.94462215904945
            ],
            [
              10.6517842945156,
              8.98322454665014
            ],
            [
              10.6389685391146,
              9.04500362657521
            ],
            [
              10.6458931832774,
              9.07593222107738
            ],
            [
              10.6459965340891,
              9.10507748408877
            ],
            [
              10.6169543793063,
              9.20005877795307
            ],
            [
              10.6006246276279,
              9.22734409916784
            ],
            [
              10.5922530457131,
              9.25703222970602
            ],
            [
              10.5810909367817,
              9.33162718508999
            ],
            [
              10.5888424015778,
              9.3959127076441
            ],
            [
              10.582021111854,
              9.44836413523949
            ],
            [
              10.5604203638886,
              9.49665585858
            ],
            [
              10.6140605006651,
              9.53060733288806
            ],
            [
              10.7407711115137,
              9.53445699518521
            ],
            [
              10.8642777856467,
              9.59168880029377
            ],
            [
              10.9303202649066,
              9.60264414434816
            ],
            [
              10.9991532733687,
              9.58631447486834
            ],
            [
              11.0686063987035,
              9.58639198484443
            ],
            [
              11.1748531427312,
              9.57765859332351
            ],
            [
              11.5259428239315,
              9.59197300353835
            ]
          ]
        ]
      },
      "type": "Feature",
      "properties": {
        "source": "https://simplemaps.com",
        "id": "NGTA",
        "name": "Taraba"
      },
      "id": 9
    },
    {
      "geometry": {
        "type": "Polygon",
        "coordinates": [
          [
            [
              9.16939415906665,
              7.91445256596207
            ],
            [
              9.11410037564954,
              7.83298469636769
            ],
            [
              9.12608930873169,
              7.81063476307836
            ],
            [
              9.15771528534299,
              7.81750762144507
            ],
            [
              9.22541141062229,
              7.84789336416011
            ],
            [
              9.26478885419012,
              7.8553866032635
            ],
            [
              9.41837120816682,
              7.85967549273514
            ],
            [
              9.57123009588147,
              7.84233817674118
            ],
            [
              9.68471154182943,
              7.76438439445365
            ],
            [
              9.7742151231247,
              7.65320252967492
            ],
            [
              9.87663781175895,
              7.5624845179839
            ],
            [
              9.92097619063598,
              7.44639337484215
            ],
            [
              9.88139204351176,
              7.32658159442617
            ],
            [
              9.87467410537428,
              7.20899176535479
            ],
            [
              9.83064578548503,
              7.16842576029648
            ],
            [
              9.78031294121681,
              7.13251065934646
            ],
            [
              9.73969526504782,
              7.08197109053546
            ],
            [
              9.70961958206739,
              7.02411943749414
            ],
            [
              9.67665001810067,
              6.84996977979525
            ],
            [
              9.68037072106398,
              6.7866144583519
            ],
            [
              9.66838178875335,
              6.61851103022424
            ],
            [
              9.64502404112472,
              6.52329726298769
            ],
            [
              9.64481733625741,
              6.52133352418549
            ],
            [
              9.6448059678721,
              6.52122552080457
            ],
            [
              9.63267256675586,
              6.52115341840839
            ],
            [
              9.60301029403899,
              6.51518484213665
            ],
            [
              9.58812748195404,
              6.50273080552838
            ],
            [
              9.56476973521527,
              6.45859918184852
            ],
            [
              9.54895674726575,
              6.44317377535959
            ],
            [
              9.5285962322494,
              6.43301935448251
            ],
            [
              9.48859022525894,
              6.41820802003838
            ],
            [
              9.48844445217828,
              6.41844580773478
            ],
            [
              9.46880740680672,
              6.45045927190646
            ],
            [
              9.44038536934209,
              6.5020839869481
            ],
            [
              9.32090945790584,
              6.64228213844328
            ],
            [
              9.2325427593233,
              6.68690480852463
            ],
            [
              9.07472293469461,
              6.65731999421342
            ],
            [
              9.01798221240405,
              6.65631236324337
            ],
            [
              8.99100711394538,
              6.66217759264763
            ],
            [
              8.97157677588434,
              6.67876580007865
            ],
            [
              8.98118859189327,
              6.73868454222967
            ],
            [
              8.95659061018265,
              6.79018022214169
            ],
            [
              8.83649458161965,
              6.86035673032901
            ],
            [
              8.76445763481425,
              6.88565235262412
            ],
            [
              8.6959346860597,
              6.89167260195895
            ],
            [
              8.63144249764418,
              6.86730725076944
            ],
            [
              8.61842003716432,
              6.83508694461218
            ],
            [
              8.62782514791827,
              6.79728561259748
            ],
            [
              8.61046186713189,
              6.76894111015907
            ],
            [
              8.57738894995411,
              6.75111274177001
            ],
            [
              8.53460086379371,
              6.74010571046094
            ],
            [
              8.4905725435317,
              6.73896874583328
            ],
            [
              8.45067833825084,
              6.74532502251446
            ],
            [
              8.41130089721536,
              6.74610012325076
            ],
            [
              8.3818453298703,
              6.72408606059763
            ],
            [
              8.35487023301529,
              6.6950438169613
            ],
            [
              8.32469119600189,
              6.67863661662133
            ],
            [
              8.29192833822826,
              6.67558773681476
            ],
            [
              8.26898400218856,
              6.70147760375772
            ],
            [
              8.2565816595769,
              6.73465386818202
            ],
            [
              8.24841678196802,
              6.77351450491185
            ],
            [
              8.23766808373698,
              6.78963750141672
            ],
            [
              8.21782433431171,
              6.79160124014819
            ],
            [
              8.213276808214,
              6.78090424920174
            ],
            [
              8.20242475857123,
              6.76478125267448
            ],
            [
              8.17917036327292,
              6.76522047642375
            ],
            [
              8.15653608565282,
              6.76036287806235
            ],
            [
              8.119122348353,
              6.71070175321404
            ],
            [
              8.08057173023546,
              6.70163262390601
            ],
            [
              8.04129764235448,
              6.70109005338702
            ],
            [
              7.99861290901408,
              6.69574140762915
            ],
            [
              7.98310997897753,
              6.66269447669137
            ],
            [
              7.97329145694751,
              6.57877194513999
            ],
            [
              7.9290564310961,
              6.51924060192306
            ],
            [
              7.86032677642374,
              6.56146031012681
            ],
            [
              7.82766727129233,
              6.63021580260812
            ],
            [
              7.8618770686582,
              6.72364668663231
            ],
            [
              7.86218712765519,
              6.77219683366568
            ],
            [
              7.85112837068619,
              6.82025578277308
            ],
            [
              7.82611697840321,
              6.8599433432774
            ],
            [
              7.78467247921212,
              6.88001965364221
            ],
            [
              7.74849897548784,
              6.87066617077176
            ],
            [
              7.71894005714797,
              6.84857459849345
            ],
            [
              7.67842573378745,
              6.84379451027107
            ],
            [
              7.64039187996778,
              6.86211377551129
            ],
            [
              7.60318484973856,
              6.88916644297221
            ],
            [
              7.56980187307429,
              6.92053398781875
            ],
            [
              7.54241336342366,
              6.95464037186291
            ],
            [
              7.50365604073124,
              7.03414467402139
            ],
            [
              7.49373416446047,
              7.07445216321952
            ],
            [
              7.53207807760359,
              7.0559003685347
            ],
            [
              7.57496951665614,
              7.02081204075806
            ],
            [
              7.60700890489716,
              7.00616173626754
            ],
            [
              7.63377729717418,
              7.01437840453542
            ],
            [
              7.63667117715519,
              7.05967282566095
            ],
            [
              7.65279422418492,
              7.09930856070793
            ],
            [
              7.78549930208998,
              7.17108708948343
            ],
            [
              7.82725385872275,
              7.24002343106485
            ],
            [
              7.84492719923825,
              7.32004446170878
            ],
            [
              7.84730431542188,
              7.35210974424417
            ],
            [
              7.85887983632439,
              7.38104848686549
            ],
            [
              7.87924034997486,
              7.41616264817983
            ],
            [
              7.85402225104273,
              7.43360346361099
            ],
            [
              7.8159883973531,
              7.42853917247967
            ],
            [
              7.78374230343106,
              7.44610917128345
            ],
            [
              7.77175337087293,
              7.48491812836469
            ],
            [
              7.75614708815937,
              7.60454904629343
            ],
            [
              7.75852420440535,
              7.72004593973763
            ],
            [
              7.7542867372134,
              7.75621940130063
            ],
            [
              7.73454634030214,
              7.79205698549917
            ],
            [
              7.70519412649757,
              7.82135758777781
            ],
            [
              7.67573855956175,
              7.86492063991565
            ],
            [
              7.66323286244403,
              7.91535684986679
            ],
            [
              7.66044233624539,
              7.96819617071666
            ],
            [
              7.66602338979987,
              8.02571192986004
            ],
            [
              7.71676964791342,
              8.0130513548729
            ],
            [
              7.78115848033892,
              8.00602317651283
            ],
            [
              7.82880415163474,
              7.98992602226409
            ],
            [
              7.86322065685345,
              7.98196802370145
            ],
            [
              7.93391401507949,
              7.97372552118036
            ],
            [
              7.96822716545834,
              7.96439787796773
            ],
            [
              8.01835330574315,
              7.93507144061614
            ],
            [
              8.03530317507329,
              7.92845694938747
            ],
            [
              8.11953575956809,
              7.91411668908308
            ],
            [
              8.14692426888709,
              7.9041431285725
            ],
            [
              8.20035770033578,
              7.87652221205719
            ],
            [
              8.23219038292293,
              7.867168731805
            ],
            [
              8.26433312263308,
              7.8639130092593
            ],
            [
              8.29337527857593,
              7.85554162336501
            ],
            [
              8.3161129095553,
              7.83099527171409
            ],
            [
              8.36241499253773,
              7.80564798263164
            ],
            [
              8.38732303195899,
              7.78647596128074
            ],
            [
              8.39858849513444,
              7.78035236668056
            ],
            [
              8.41078413269481,
              7.77637321686803
            ],
            [
              8.41822553921411,
              7.77508138265058
            ],
            [
              8.43104129438751,
              7.79141106839421
            ],
            [
              8.4248401218735,
              7.82647355161476
            ],
            [
              8.37740115683794,
              7.92928372323867
            ],
            [
              8.35435346779795,
              8.00116557985638
            ],
            [
              8.37057986727143,
              8.0715489068421
            ],
            [
              8.4261837095391,
              8.11849716063626
            ],
            [
              8.55795861090033,
              8.13335385291447
            ],
            [
              8.75980675552627,
              8.06630376009722
            ],
            [
              8.83256717292094,
              8.05074917656396
            ],
            [
              8.94232791458865,
              8.04708006735182
            ],
            [
              8.9789148291563,
              8.04984489270888
            ],
            [
              8.97891482896687,
              8.05545175303141
            ],
            [
              9.16939415906665,
              7.91445256596207
            ]
          ]
        ]
      },
      "type": "Feature",
      "properties": {
        "source": "https://simplemaps.com",
        "id": "NGBE",
        "name": "Benue"
      },
      "id": 10
    },
    {
      "geometry": {
        "type": "Polygon",
        "coordinates": [
          [
            [
              8.29192833822826,
              6.67558773681476
            ],
            [
              8.32469119600189,
              6.67863661662133
            ],
            [
              8.35487023301529,
              6.6950438169613
            ],
            [
              8.3818453298703,
              6.72408606059763
            ],
            [
              8.41130089721536,
              6.74610012325076
            ],
            [
              8.45067833825084,
              6.74532502251446
            ],
            [
              8.4905725435317,
              6.73896874583328
            ],
            [
              8.53460086379371,
              6.74010571046094
            ],
            [
              8.57738894995411,
              6.75111274177001
            ],
            [
              8.61046186713189,
              6.76894111015907
            ],
            [
              8.62782514791827,
              6.79728561259748
            ],
            [
              8.61842003716432,
              6.83508694461218
            ],
            [
              8.63144249764418,
              6.86730725076944
            ],
            [
              8.6959346860597,
              6.89167260195895
            ],
            [
              8.76445763481425,
              6.88565235262412
            ],
            [
              8.83649458161965,
              6.86035673032901
            ],
            [
              8.95659061018265,
              6.79018022214169
            ],
            [
              8.98118859189327,
              6.73868454222967
            ],
            [
              8.97157677588434,
              6.67876580007865
            ],
            [
              8.99100711394538,
              6.66217759264763
            ],
            [
              9.01798221240405,
              6.65631236324337
            ],
            [
              9.07472293469461,
              6.65731999421342
            ],
            [
              9.2325427593233,
              6.68690480852463
            ],
            [
              9.32090945790584,
              6.64228213844328
            ],
            [
              9.44038536934209,
              6.5020839869481
            ],
            [
              9.46880740680672,
              6.45045927190646
            ],
            [
              9.48844445217828,
              6.41844580773478
            ],
            [
              9.48859022525894,
              6.41820802003838
            ],
            [
              9.48260420699915,
              6.41599192282721
            ],
            [
              9.45314864115132,
              6.39767265653425
            ],
            [
              9.42286625206871,
              6.33935578706156
            ],
            [
              9.39496097775882,
              6.32253504882233
            ],
            [
              9.37914799004131,
              6.32160492789572
            ],
            [
              9.36653893970822,
              6.32269006897674
            ],
            [
              9.35475671307361,
              6.3215015811261
            ],
            [
              9.34101078303639,
              6.31398265299402
            ],
            [
              9.32736820509813,
              6.29850557294747
            ],
            [
              9.29884281416361,
              6.23843173289903
            ],
            [
              9.27331465715379,
              6.20277499419255
            ],
            [
              9.13616540498765,
              6.09252329250657
            ],
            [
              9.04387129702694,
              5.99684438654157
            ],
            [
              9.04387129706989,
              5.99668936638549
            ],
            [
              9.02247725415981,
              5.96581271607494
            ],
            [
              9.00986820400018,
              5.95235097301795
            ],
            [
              8.99384851082059,
              5.94408270561613
            ],
            [
              8.98847416194213,
              5.93728727991054
            ],
            [
              8.9863037520682,
              5.90881359224857
            ],
            [
              8.98268640114985,
              5.89576531139154
            ],
            [
              8.9650130610477,
              5.89359487899561
            ],
            [
              8.94320560699301,
              5.90142384750907
            ],
            [
              8.92170821085522,
              5.90447272745563
            ],
            [
              8.90465498815475,
              5.88811719972756
            ],
            [
              8.89121911592225,
              5.87111560447641
            ],
            [
              8.85587243710999,
              5.84749951549532
            ],
            [
              8.84522709108365,
              5.83104056591535
            ],
            [
              8.84708744305837,
              5.81075756052192
            ],
            [
              8.85783614086931,
              5.79489285489319
            ],
            [
              8.8666211351118,
              5.7774521110295
            ],
            [
              8.8621769610082,
              5.75233734375383
            ],
            [
              8.84460697396536,
              5.73086577547058
            ],
            [
              8.82693363504472,
              5.71781749470219
            ],
            [
              8.81928552214013,
              5.70345146752212
            ],
            [
              8.83241133609403,
              5.67815584350304
            ],
            [
              8.8525651448522,
              5.65867377573516
            ],
            [
              8.87488936303475,
              5.64143972554716
            ],
            [
              8.89369958502234,
              5.62175100184539
            ],
            [
              8.90393151900093,
              5.59508595817847
            ],
            [
              8.89948734498466,
              5.57095306061838
            ],
            [
              8.88429447392223,
              5.55144519387622
            ],
            [
              8.86548425296231,
              5.53346180466301
            ],
            [
              8.85049808705841,
              5.51400564892671
            ],
            [
              8.84429691506396,
              5.4923532241946
            ],
            [
              8.84574385501456,
              5.47279368421847
            ],
            [
              8.84925785307655,
              5.45346671206391
            ],
            [
              8.84977461793304,
              5.43235685800147
            ],
            [
              8.8431600339624,
              5.40998096854109
            ],
            [
              8.82166263803869,
              5.36768382572098
            ],
            [
              8.81525476103707,
              5.34349925537341
            ],
            [
              8.81639164199294,
              5.33029591738788
            ],
            [
              8.82465987098624,
              5.30613718385432
            ],
            [
              8.82569340002377,
              5.29549184737252
            ],
            [
              8.79892500802573,
              5.15963450793742
            ],
            [
              8.79169030698889,
              5.14674122939244
            ],
            [
              8.78125166798566,
              5.14198699664535
            ],
            [
              8.76946944201907,
              5.13994578541768
            ],
            [
              8.75830733201553,
              5.13488149361114
            ],
            [
              8.74828210401861,
              5.12421031134299
            ],
            [
              8.72885176499978,
              5.0945480349347
            ],
            [
              8.7226505940015,
              5.0811896773359
            ],
            [
              8.70787113400111,
              5.03754893025178
            ],
            [
              8.6985693759978,
              5.01780853245265
            ],
            [
              8.6836865636067,
              4.9970345131639
            ],
            [
              8.68368656364352,
              4.99687949294452
            ],
            [
              8.64441247475741,
              4.93486780046151
            ],
            [
              8.63831465641026,
              4.91678120718065
            ],
            [
              8.61102950131694,
              4.89665321402457
            ],
            [
              8.60224450629984,
              4.8813311480628
            ],
            [
              8.60544844548498,
              4.86004050343596
            ],
            [
              8.60844567911177,
              4.84621696632761
            ],
            [
              8.61216638186205,
              4.83187669520967
            ],
            [
              8.59511315914143,
              4.81531446773502
            ],
            [
              8.59416751420869,
              4.81529373828783
            ],
            [
              8.59457441496025,
              4.81549712721167
            ],
            [
              8.59245852976487,
              4.82021713221012
            ],
            [
              8.58570397211238,
              4.82489657959884
            ],
            [
              8.57667076865847,
              4.8270530429642
            ],
            [
              8.568614128532,
              4.82318745169678
            ],
            [
              8.55811608252484,
              4.81443932455173
            ],
            [
              8.5491642584707,
              4.80418515802278
            ],
            [
              8.54525800914796,
              4.79629144464332
            ],
            [
              8.54330488445762,
              4.78750245950392
            ],
            [
              8.534434440436,
              4.7682964766142
            ],
            [
              8.53174889374034,
              4.75812402625862
            ],
            [
              8.53256269594195,
              4.74823638049816
            ],
            [
              8.53907311241033,
              4.73379126071414
            ],
            [
              8.53858483221143,
              4.72459549784121
            ],
            [
              8.5297957694849,
              4.70888918656539
            ],
            [
              8.51832115986465,
              4.70404690797621
            ],
            [
              8.50489342547339,
              4.70612225606438
            ],
            [
              8.49000084756496,
              4.71100509226872
            ],
            [
              8.48552493564651,
              4.70978415789713
            ],
            [
              8.4758406909572,
              4.7089297441786
            ],
            [
              8.46900475449547,
              4.71165611706788
            ],
            [
              8.473317905264,
              4.72117754253139
            ],
            [
              8.4775496747347,
              4.72776920619276
            ],
            [
              8.48226972713839,
              4.73834873475668
            ],
            [
              8.48438561346988,
              4.74819582288463
            ],
            [
              8.48015384157583,
              4.75250874955147
            ],
            [
              8.47120201940983,
              4.7502303129502
            ],
            [
              8.45183353035752,
              4.74054605612575
            ],
            [
              8.43881269599652,
              4.73826731910301
            ],
            [
              8.40919030005218,
              4.7493350411847
            ],
            [
              8.40739993590569,
              4.77684151518454
            ],
            [
              8.41724694104818,
              4.81244539207464
            ],
            [
              8.42188561340439,
              4.84747966005318
            ],
            [
              8.41570071740406,
              4.84747966005318
            ],
            [
              8.40902753987855,
              4.81338122146526
            ],
            [
              8.38697350449183,
              4.79580325114263
            ],
            [
              8.35840904959064,
              4.79734924729948
            ],
            [
              8.33236738370811,
              4.82086815702311
            ],
            [
              8.33562259235425,
              4.82469319067462
            ],
            [
              8.33985436354332,
              4.83445886331382
            ],
            [
              8.33204186334307,
              4.83641193775857
            ],
            [
              8.31202233239911,
              4.84747966005318
            ],
            [
              8.31657962290641,
              4.86098865033308
            ],
            [
              8.30836022210433,
              4.87213778833752
            ],
            [
              8.281260612504,
              4.89248268952665
            ],
            [
              8.25733483192129,
              4.9058291490419
            ],
            [
              8.25619550927576,
              4.90672442083507
            ],
            [
              8.25049889422087,
              4.92324458886244
            ],
            [
              8.23926842487606,
              4.94476956664634
            ],
            [
              8.23210696737494,
              4.95368082576022
            ],
            [
              8.21973717455264,
              4.95734272777211
            ],
            [
              8.20875084703147,
              4.96210359094648
            ],
            [
              8.19662519552994,
              4.97284565089031
            ],
            [
              8.18669681076082,
              4.98436100939184
            ],
            [
              8.18165123807645,
              4.99144116734432
            ],
            [
              8.17546634207635,
              4.99144116734432
            ],
            [
              8.17546634159329,
              4.98529683881468
            ],
            [
              8.23023522234158,
              4.93366128652135
            ],
            [
              8.24366295732356,
              4.91640867797732
            ],
            [
              8.26970462315335,
              4.86871983292878
            ],
            [
              8.27361087345568,
              4.84544516994877
            ],
            [
              8.25733483253795,
              4.83445886331382
            ],
            [
              8.26384524808911,
              4.82074618375404
            ],
            [
              8.2739363934244,
              4.80483618283374
            ],
            [
              8.2853296233273,
              4.79157143966708
            ],
            [
              8.29493248778169,
              4.78607813619153
            ],
            [
              8.29920816331073,
              4.78234142803909
            ],
            [
              8.2990596859222,
              4.78236996858213
            ],
            [
              8.28738081142656,
              4.78461776166725
            ],
            [
              8.24903689907003,
              4.81283324303556
            ],
            [
              8.13162804546304,
              4.93491887301376
            ],
            [
              8.09576460018223,
              4.98563902491829
            ],
            [
              8.06899620890505,
              5.03568777084594
            ],
            [
              8.05514692457396,
              5.0911107411576
            ],
            [
              8.06248497880956,
              5.2134547010058
            ],
            [
              8.04584516835255,
              5.23275585462276
            ],
            [
              8.00130008271331,
              5.26035105559572
            ],
            [
              7.97546186699959,
              5.26714651848043
            ],
            [
              7.91675743961162,
              5.25704377135194
            ],
            [
              7.89681033720428,
              5.27244334061758
            ],
            [
              7.88533816879567,
              5.29091766395528
            ],
            [
              7.86900841585447,
              5.33355073966362
            ],
            [
              7.89712039558439,
              5.36496999671442
            ],
            [
              7.94455936010423,
              5.35613332244085
            ],
            [
              7.95706505735536,
              5.39148001959539
            ],
            [
              7.90838585835351,
              5.48364490707508
            ],
            [
              7.88554487534573,
              5.5888323145032
            ],
            [
              7.89432986773436,
              5.64464287454435
            ],
            [
              7.87779340978626,
              5.69027310203281
            ],
            [
              7.88151411293028,
              5.71533619583869
            ],
            [
              7.89040245912807,
              5.73882317633196
            ],
            [
              7.90673221195379,
              5.75742664643376
            ],
            [
              7.91985802605934,
              5.77698622439032
            ],
            [
              7.91624067477763,
              5.80042145646346
            ],
            [
              7.91758426294361,
              5.82408929389908
            ],
            [
              7.93112348786709,
              5.83737010496404
            ],
            [
              7.96678022576315,
              5.8916303890743
            ],
            [
              7.97907921707713,
              5.9360978907678
            ],
            [
              7.9629561697765,
              5.96738800326154
            ],
            [
              7.97463504382571,
              5.99258028075618
            ],
            [
              8.01514936706024,
              6.00549937816253
            ],
            [
              8.05235639855984,
              5.99482822323262
            ],
            [
              8.07220014797114,
              5.9496629805933
            ],
            [
              8.09793501099059,
              5.95077403348489
            ],
            [
              8.11612511606826,
              5.96826652591923
            ],
            [
              8.16232384623595,
              5.98999646127491
            ],
            [
              8.17824018712692,
              6.0094009440771
            ],
            [
              8.19084923714984,
              6.03082083912072
            ],
            [
              8.21792768728334,
              6.03074332904269
            ],
            [
              8.24645307824297,
              6.01790174171515
            ],
            [
              8.26329959499589,
              6.04415332360805
            ],
            [
              8.28159305182393,
              6.1194975506994
            ],
            [
              8.30040327279735,
              6.1494699167119
            ],
            [
              8.32345096239466,
              6.17877045358282
            ],
            [
              8.37988162587247,
              6.23558872033397
            ],
            [
              8.38825320748245,
              6.30354312711998
            ],
            [
              8.36902957483261,
              6.33333463603026
            ],
            [
              8.37678104024273,
              6.36625253486506
            ],
            [
              8.4388961124971,
              6.40118584582802
            ],
            [
              8.4353821138772,
              6.43263090281978
            ],
            [
              8.4141947775049,
              6.45937353154558
            ],
            [
              8.40416954846691,
              6.48683943736838
            ],
            [
              8.39962202368726,
              6.51792293063263
            ],
            [
              8.3822587415771,
              6.53688811401321
            ],
            [
              8.37915815653501,
              6.54825700951662
            ],
            [
              8.37161339710354,
              6.55784287284088
            ],
            [
              8.35745405399015,
              6.56636958200294
            ],
            [
              8.34453494644527,
              6.57696322650083
            ],
            [
              8.30639773902331,
              6.62044893231248
            ],
            [
              8.29192833822826,
              6.67558773681476
            ]
          ]
        ]
      },
      "type": "Feature",
      "properties": {
        "source": "https://simplemaps.com",
        "id": "NGCR",
        "name": "Cross River"
      },
      "id": 11
    },
    {
      "geometry": {
        "type": "Polygon",
        "coordinates": [
          [
            [
              5.0234973484489,
              11.6806050956272
            ],
            [
              5.00375695231196,
              11.6682287237151
            ],
            [
              4.98205284966581,
              11.6663166589816
            ],
            [
              4.97151085798847,
              11.6820521000818
            ],
            [
              4.95621463396635,
              11.691431416846
            ],
            [
              4.94505252373432,
              11.6870130436295
            ],
            [
              4.93316694527557,
              11.6838091447324
            ],
            [
              4.91725060403148,
              11.6923615374346
            ],
            [
              4.89595991364052,
              11.6973483176907
            ],
            [
              4.8750826352807,
              11.6922581907025
            ],
            [
              4.68501671725104,
              11.6077414451994
            ],
            [
              4.64998009610568,
              11.5651083666435
            ],
            [
              4.60636518714408,
              11.5382624023076
            ],
            [
              4.56151004426684,
              11.5527835185076
            ],
            [
              4.52936730285013,
              11.5890344857945
            ],
            [
              4.53753217868904,
              11.6843258783908
            ],
            [
              4.58176720494699,
              11.7782736176525
            ],
            [
              4.61566694570846,
              11.9341039806235
            ],
            [
              4.60905236185442,
              12.3185249457383
            ],
            [
              4.6449158057622,
              12.3809500079301
            ],
            [
              4.71643598786739,
              12.3985200132901
            ],
            [
              4.78464887849317,
              12.3768158360519
            ],
            [
              4.82950402167371,
              12.3993726242947
            ],
            [
              4.83322472511209,
              12.4747944526265
            ],
            [
              4.80314904087326,
              12.6356113966206
            ],
            [
              4.80779992093366,
              12.6733612255648
            ],
            [
              4.81751509076875,
              12.710258144562
            ],
            [
              4.82588667185624,
              12.7826309688626
            ],
            [
              4.80273563016487,
              12.8451335756162
            ],
            [
              4.76986941962377,
              12.9013834027558
            ],
            [
              4.77586388526838,
              12.9415360596912
            ],
            [
              4.78681928911212,
              12.9797248281324
            ],
            [
              4.79302046147393,
              12.9933158422709
            ],
            [
              4.79694786924033,
              13.0087154268983
            ],
            [
              4.79674116354266,
              13.0274996219442
            ],
            [
              4.80015180808802,
              13.04581905702
            ],
            [
              4.8147245623772,
              13.0755072501657
            ],
            [
              4.81844526381511,
              13.1065128170529
            ],
            [
              4.80077192600406,
              13.1279587982045
            ],
            [
              4.77493370867687,
              13.1196646095951
            ],
            [
              4.75612348718995,
              13.0958158136872
            ],
            [
              4.74103396954227,
              13.0695125303013
            ],
            [
              4.71002810979741,
              13.0514259254503
            ],
            [
              4.67199425517042,
              13.0545004950213
            ],
            [
              4.63602745936435,
              13.0712697276738
            ],
            [
              4.60285118971406,
              13.0939297330699
            ],
            [
              4.56802127365367,
              13.1062802865616
            ],
            [
              4.53184777158958,
              13.1148845156521
            ],
            [
              4.46384158736155,
              13.1398184546399
            ],
            [
              4.40182986830714,
              13.1755010726437
            ],
            [
              4.37154747819046,
              13.2045688901542
            ],
            [
              4.34085167854523,
              13.2281334863231
            ],
            [
              4.30457482230972,
              13.2206402348526
            ],
            [
              4.26995161266331,
              13.2041813392733
            ],
            [
              4.20504601356758,
              13.2145424670972
            ],
            [
              4.1290816595389,
              13.2126047126627
            ],
            [
              4.12032455154706,
              13.2106077741071
            ],
            [
              4.12370650255712,
              13.2335862373325
            ],
            [
              4.12577355843863,
              13.472977079446
            ],
            [
              4.19047245334437,
              13.4750184821572
            ],
            [
              4.22054813624957,
              13.4806253547216
            ],
            [
              4.24845340838199,
              13.4941385697726
            ],
            [
              4.40575646946527,
              13.6412355564132
            ],
            [
              4.45257531720493,
              13.673765823492
            ],
            [
              4.50673221727128,
              13.694668954687
            ],
            [
              4.62584467782722,
              13.7231509670114
            ],
            [
              4.82485233534862,
              13.7707368561213
            ],
            [
              4.85689172322275,
              13.7740956340341
            ],
            [
              4.87983606083383,
              13.7640189999398
            ],
            [
              4.90236698477657,
              13.7429866819832
            ],
            [
              4.92510461453603,
              13.7330906053769
            ],
            [
              4.98318892389588,
              13.7296798538239
            ],
            [
              5.08437137720851,
              13.7475339502824
            ],
            [
              5.22761844850627,
              13.7413328294578
            ],
            [
              5.26203495210391,
              13.747740644297
            ],
            [
              5.27350711929158,
              13.7525207438376
            ],
            [
              5.30420292121256,
              13.7739406135145
            ],
            [
              5.31805220418216,
              13.7899344653346
            ],
            [
              5.3347953683377,
              13.8267022709046
            ],
            [
              5.34626753773855,
              13.8415593072225
            ],
            [
              5.37406945858856,
              13.8552536899177
            ],
            [
              5.52176070017258,
              13.880290710589
            ],
            [
              5.55431685376215,
              13.8734178322708
            ],
            [
              5.83734867246395,
              13.763747413609
            ],
            [
              6.12038049351572,
              13.6540773207149
            ],
            [
              6.129475545403,
              13.6490646914234
            ],
            [
              6.13578006945186,
              13.6436645109878
            ],
            [
              6.14239465242536,
              13.6408221684744
            ],
            [
              6.15283329349781,
              13.6435611640026
            ],
            [
              6.21060754351364,
              13.6752646552989
            ],
            [
              6.2298311770975,
              13.6791921414326
            ],
            [
              6.28420767842175,
              13.6676563339369
            ],
            [
              6.30217818188415,
              13.6638442119767
            ],
            [
              6.36894413414949,
              13.6262754797426
            ],
            [
              6.50929732252606,
              13.4960507888713
            ],
            [
              6.67254317107157,
              13.3211775541497
            ],
            [
              6.75387912823487,
              13.1748996177398
            ],
            [
              6.75352095026802,
              13.1746226240231
            ],
            [
              6.70360151479777,
              13.1359943192729
            ],
            [
              6.62588016200341,
              13.0922761829444
            ],
            [
              6.52852176332994,
              13.0922503462237
            ],
            [
              6.43106001077343,
              13.1155821071359
            ],
            [
              6.41431684669197,
              13.1309558579813
            ],
            [
              6.39891727156568,
              13.1494044796708
            ],
            [
              6.3811405781497,
              13.1557089405545
            ],
            [
              6.36233035674766,
              13.1601789941315
            ],
            [
              6.34072960680657,
              13.1629435235528
            ],
            [
              6.29401411182446,
              13.1628401766583
            ],
            [
              6.2793380060515,
              13.1504379485936
            ],
            [
              6.27458377385443,
              13.1253489888456
            ],
            [
              6.27324018691637,
              13.0988906838996
            ],
            [
              6.26207807765318,
              13.057678711911
            ],
            [
              6.23696333195599,
              13.0511675582602
            ],
            [
              6.1979993025012,
              13.0662054301818
            ],
            [
              6.12523888466657,
              13.0572394876835
            ],
            [
              6.06209028419288,
              13.0223061412064
            ],
            [
              6.050721470294,
              12.9943751476574
            ],
            [
              6.06829145790388,
              12.8232486798799
            ],
            [
              6.03862918448317,
              12.768936611959
            ],
            [
              6.00276574034686,
              12.7532269920831
            ],
            [
              5.96545535522311,
              12.7430984017818
            ],
            [
              5.74024946516895,
              12.7217819165997
            ],
            [
              5.68970991359668,
              12.6826110665373
            ],
            [
              5.65239953029984,
              12.6237259119814
            ],
            [
              5.59989627311114,
              12.5589235560976
            ],
            [
              5.55266401443035,
              12.5274009780507
            ],
            [
              5.54666954887472,
              12.4616686584516
            ],
            [
              5.5668233584946,
              12.3879005299879
            ],
            [
              5.57075076678341,
              12.3097140319275
            ],
            [
              5.52083133294867,
              12.2578567825362
            ],
            [
              5.21521691175954,
              12.2454544186631
            ],
            [
              5.06814578604471,
              12.2692772019762
            ],
            [
              5.03124881397562,
              12.1494395627916
            ],
            [
              5.0234973484489,
              11.6806050956272
            ]
          ]
        ]
      },
      "type": "Feature",
      "properties": {
        "source": "https://simplemaps.com",
        "id": "NGSO",
        "name": "Sokoto"
      },
      "id": 12
    },
    {
      "geometry": {
        "type": "Polygon",
        "coordinates": [
          [
            [
              6.02705366353206,
              11.1112083723704
            ],
            [
              6.01816531697579,
              11.2641706757494
            ],
            [
              5.94158084440947,
              11.3839824193821
            ],
            [
              5.90210004982485,
              11.3993819819823
            ],
            [
              5.88318647528824,
              11.4298193938524
            ],
            [
              5.90819786900039,
              11.5049052942058
            ],
            [
              5.9132621601038,
              11.5731181885768
            ],
            [
              5.86633995875546,
              11.6182317389714
            ],
            [
              5.82830610503709,
              11.6309958110438
            ],
            [
              5.75430545440762,
              11.6433981696355
            ],
            [
              5.73766564263969,
              11.6394965301674
            ],
            [
              5.72216271320994,
              11.6307632809033
            ],
            [
              5.56982059116708,
              11.6204796805307
            ],
            [
              5.51059939895278,
              11.6331404058867
            ],
            [
              5.42378299320047,
              11.6698047613615
            ],
            [
              5.40921023895596,
              11.6986919754249
            ],
            [
              5.38533572733115,
              11.7183547428582
            ],
            [
              5.32859500499237,
              11.7099315334603
            ],
            [
              5.30482384620915,
              11.7114043746194
            ],
            [
              5.28342980310567,
              11.7212229151402
            ],
            [
              5.26151899558093,
              11.7199309307573
            ],
            [
              5.24394900891537,
              11.7028518316224
            ],
            [
              5.23630089666182,
              11.6790548946554
            ],
            [
              5.2182141461675,
              11.6692105176586
            ],
            [
              5.19495975070008,
              11.6676343297994
            ],
            [
              5.1424564960371,
              11.6548185841473
            ],
            [
              5.12168256991494,
              11.6586943869606
            ],
            [
              5.10545616938586,
              11.6723627431674
            ],
            [
              5.06452843572882,
              11.687969000899
            ],
            [
              5.0234973484489,
              11.6806050956272
            ],
            [
              5.03124881397562,
              12.1494395627916
            ],
            [
              5.06814578604471,
              12.2692772019762
            ],
            [
              5.21521691175954,
              12.2454544186631
            ],
            [
              5.52083133294867,
              12.2578567825362
            ],
            [
              5.57075076678341,
              12.3097140319275
            ],
            [
              5.5668233584946,
              12.3879005299879
            ],
            [
              5.54666954887472,
              12.4616686584516
            ],
            [
              5.55266401443035,
              12.5274009780507
            ],
            [
              5.59989627311114,
              12.5589235560976
            ],
            [
              5.65239953029984,
              12.6237259119814
            ],
            [
              5.68970991359668,
              12.6826110665373
            ],
            [
              5.74024946516895,
              12.7217819165997
            ],
            [
              5.96545535522311,
              12.7430984017818
            ],
            [
              6.00276574034686,
              12.7532269920831
            ],
            [
              6.03862918448317,
              12.768936611959
            ],
            [
              6.06829145790388,
              12.8232486798799
            ],
            [
              6.050721470294,
              12.9943751476574
            ],
            [
              6.06209028419288,
              13.0223061412064
            ],
            [
              6.12523888466657,
              13.0572394876835
            ],
            [
              6.1979993025012,
              13.0662054301818
            ],
            [
              6.23696333195599,
              13.0511675582602
            ],
            [
              6.26207807765318,
              13.057678711911
            ],
            [
              6.27324018691637,
              13.0988906838996
            ],
            [
              6.27458377385443,
              13.1253489888456
            ],
            [
              6.2793380060515,
              13.1504379485936
            ],
            [
              6.29401411182446,
              13.1628401766583
            ],
            [
              6.34072960680657,
              13.1629435235528
            ],
            [
              6.36233035674766,
              13.1601789941315
            ],
            [
              6.3811405781497,
              13.1557089405545
            ],
            [
              6.39891727156568,
              13.1494044796708
            ],
            [
              6.41431684669197,
              13.1309558579813
            ],
            [
              6.43106001077343,
              13.1155821071359
            ],
            [
              6.52852176332994,
              13.0922503462237
            ],
            [
              6.62588016200341,
              13.0922761829444
            ],
            [
              6.70360151479777,
              13.1359943192729
            ],
            [
              6.75352095026802,
              13.1746226240231
            ],
            [
              6.75387912823487,
              13.1748996177398
            ],
            [
              6.77868656455719,
              13.1302850044835
            ],
            [
              6.83790775524597,
              13.0634931754817
            ],
            [
              6.87418461210348,
              13.0304978829547
            ],
            [
              6.90663741007945,
              13.0068557841073
            ],
            [
              6.93712650557955,
              12.9954095176096
            ],
            [
              6.9705094808362,
              12.9918437502731
            ],
            [
              7.04492354266677,
              12.9922054643066
            ],
            [
              7.06292094679429,
              12.9951397342179
            ],
            [
              7.04631961456801,
              12.8903246887289
            ],
            [
              7.07794559097246,
              12.4784634141363
            ],
            [
              7.09933963403705,
              12.4276137870162
            ],
            [
              7.09437869623062,
              12.3677467049766
            ],
            [
              7.12176720438576,
              12.314855834628
            ],
            [
              7.13633995875953,
              12.2646521333741
            ],
            [
              7.1422310723716,
              12.2131824365641
            ],
            [
              7.15173953642595,
              12.1842436890644
            ],
            [
              7.15752729689213,
              12.1539871208414
            ],
            [
              7.15091271333709,
              12.1279939077574
            ],
            [
              7.12910525884545,
              12.0698320638715
            ],
            [
              7.11298221270369,
              12.0384128475075
            ],
            [
              7.13272260893652,
              12.0143057150665
            ],
            [
              7.16703575982965,
              11.9984669240144
            ],
            [
              7.22201948451875,
              11.9544644916037
            ],
            [
              7.23318159295405,
              11.8951915275301
            ],
            [
              7.20341596806018,
              11.8841328250913
            ],
            [
              7.17178999234717,
              11.8923493418549
            ],
            [
              7.15370324083627,
              11.8750635475296
            ],
            [
              7.14853559681654,
              11.8424556977333
            ],
            [
              7.12476443856246,
              11.8197438997003
            ],
            [
              7.08238976422315,
              11.7871878745772
            ],
            [
              7.06626671676539,
              11.7792295749682
            ],
            [
              7.06058230995222,
              11.781529190078
            ],
            [
              7.05179731612034,
              11.7909601807068
            ],
            [
              7.04569949738649,
              11.792949755619
            ],
            [
              6.97138878742577,
              11.7929239189346
            ],
            [
              6.91340782995954,
              11.7662846451576
            ],
            [
              6.8753739761526,
              11.5872000813872
            ],
            [
              6.90989383253762,
              11.5257566975302
            ],
            [
              6.90348595449728,
              11.4924512629402
            ],
            [
              6.90658654073205,
              11.4572854375153
            ],
            [
              6.89738813583516,
              11.41082838236
            ],
            [
              6.8817818538296,
              11.3661023853585
            ],
            [
              6.86565880714345,
              11.3361558709006
            ],
            [
              6.84540164610856,
              11.3169323297352
            ],
            [
              6.77470828574166,
              11.2731622908143
            ],
            [
              6.75445112544588,
              11.2480217747821
            ],
            [
              6.74328901521499,
              11.2182044443781
            ],
            [
              6.72458214702798,
              11.1277189866113
            ],
            [
              6.71466027177924,
              11.1063508514087
            ],
            [
              6.70184451682588,
              11.0895042852505
            ],
            [
              6.68644494000626,
              11.0763009912544
            ],
            [
              6.66856489401344,
              11.0656556035808
            ],
            [
              6.58474572139106,
              11.0338487741709
            ],
            [
              6.57596072841016,
              11.0293788033982
            ],
            [
              6.56717573398507,
              11.0276475956973
            ],
            [
              6.55063927615905,
              11.0292753815759
            ],
            [
              6.53978722490159,
              11.0281127310245
            ],
            [
              6.47405480338455,
              11.0094575222407
            ],
            [
              6.45152387949516,
              11.0095350322775
            ],
            [
              6.42930301321035,
              11.0142634449483
            ],
            [
              6.36377729719926,
              11.0374661345392
            ],
            [
              6.34269331248481,
              11.0396365657814
            ],
            [
              6.32284956194802,
              11.0321951516135
            ],
            [
              6.31065392373084,
              11.0179065668903
            ],
            [
              6.29236046706733,
              10.9806737344403
            ],
            [
              6.28026818211983,
              10.9649899690211
            ],
            [
              6.2701396007761,
              10.9588921372448
            ],
            [
              6.24605838418146,
              10.9501329773138
            ],
            [
              6.23592980269567,
              10.9431824600158
            ],
            [
              6.22786828001168,
              10.9301600227088
            ],
            [
              6.22642134010933,
              10.9174734622139
            ],
            [
              6.22642134017075,
              10.9046577183065
            ],
            [
              6.22239057772601,
              10.891170145615
            ],
            [
              6.20771447129348,
              10.8779926881579
            ],
            [
              6.16192915229024,
              10.8627481461223
            ],
            [
              6.14642622218084,
              10.9292556638349
            ],
            [
              6.06973839733914,
              11.0563538734251
            ],
            [
              6.02705366353206,
              11.1112083723704
            ]
          ]
        ]
      },
      "type": "Feature",
      "properties": {
        "source": "https://simplemaps.com",
        "id": "NGZA",
        "name": "Zamfara"
      },
      "id": 13
    },
    {
      "geometry": {
        "type": "Polygon",
        "coordinates": [
          [
            [
              12.386741696913,
              13.0785803177175
            ],
            [
              12.3863554226998,
              13.0767215760065
            ],
            [
              12.3628943219143,
              12.8852603926081
            ],
            [
              12.3808777182953,
              12.8219307072244
            ],
            [
              12.4250093927795,
              12.7732774794241
            ],
            [
              12.478959585781,
              12.7341583001501
            ],
            [
              12.4875378782201,
              12.6727669813434
            ],
            [
              12.4624231313264,
              12.611943774328
            ],
            [
              12.4184981622338,
              12.5518181627351
            ],
            [
              12.3083240088108,
              12.4495504957065
            ],
            [
              12.3288912280153,
              12.2998954871054
            ],
            [
              12.2827958510679,
              11.9634819460627
            ],
            [
              12.3064636571122,
              11.8636948050076
            ],
            [
              12.3010893073867,
              11.8196663896458
            ],
            [
              12.2412479999421,
              11.7023350979592
            ],
            [
              12.2356669457406,
              11.6632419435298
            ],
            [
              12.2621252768662,
              11.6549994409252
            ],
            [
              12.2956116063596,
              11.6597020175823
            ],
            [
              12.3363326345819,
              11.6466795785183
            ],
            [
              12.3655814960001,
              11.6136841824953
            ],
            [
              12.3837715999202,
              11.578492518789
            ],
            [
              12.3883191269436,
              11.5420090215226
            ],
            [
              12.2872400240973,
              11.4184506536676
            ],
            [
              12.2460022319745,
              11.3455093498223
            ],
            [
              12.2185103704246,
              11.3168548196964
            ],
            [
              12.1975297381562,
              11.2843244873931
            ],
            [
              12.1920520367852,
              11.1997560039654
            ],
            [
              12.1972196793835,
              11.1157042549344
            ],
            [
              12.1667305840265,
              11.0470521432697
            ],
            [
              12.1044088069885,
              11.0008017090505
            ],
            [
              11.8684542166262,
              10.9190754114245
            ],
            [
              11.8118168473245,
              10.8576838565558
            ],
            [
              11.7981742689848,
              10.7776370167224
            ],
            [
              11.8047888529935,
              10.6939212167192
            ],
            [
              11.7938334490059,
              10.6591946153635
            ],
            [
              11.770372348531,
              10.6290672807898
            ],
            [
              11.7397799010707,
              10.6048568838355
            ],
            [
              11.701022576928,
              10.5941856961864
            ],
            [
              11.6634021344974,
              10.5902324586671
            ],
            [
              11.5930188331369,
              10.5972087756312
            ],
            [
              11.5842338399624,
              10.6268193769068
            ],
            [
              11.5774125516022,
              10.6986754663004
            ],
            [
              11.5903316584619,
              10.9281704482074
            ],
            [
              11.5837170746371,
              10.9623027290859
            ],
            [
              11.5625297378976,
              10.9888385756315
            ],
            [
              11.4579366390369,
              11.0930958089415
            ],
            [
              11.4091540870471,
              11.1579755402752
            ],
            [
              11.3539636563627,
              11.2158789930382
            ],
            [
              11.2901949399269,
              11.2647907560541
            ],
            [
              11.1528389825765,
              11.3308332144547
            ],
            [
              11.0142427916005,
              11.2947114333961
            ],
            [
              10.9656669455968,
              11.3021270110582
            ],
            [
              10.9393119643089,
              11.3360783608614
            ],
            [
              10.9740385267414,
              11.4905908717059
            ],
            [
              10.9681474141882,
              11.5752627833666
            ],
            [
              10.8479480320769,
              11.8669762142851
            ],
            [
              10.8176656429276,
              12.0267597499028
            ],
            [
              10.8166321134265,
              12.096497029647
            ],
            [
              10.8104309416831,
              12.1397243661659
            ],
            [
              10.7908972517674,
              12.1784818063878
            ],
            [
              10.7702266782977,
              12.2100560465705
            ],
            [
              10.7652657412164,
              12.2452477251175
            ],
            [
              10.7638188016299,
              12.2855295339789
            ],
            [
              10.748419224825,
              12.3643102741644
            ],
            [
              10.7351900566524,
              12.4022664845901
            ],
            [
              10.6779325704502,
              12.4566818751613
            ],
            [
              10.6095129749655,
              12.5024413735624
            ],
            [
              10.5882222838601,
              12.567501941956
            ],
            [
              10.5699288286994,
              12.7087337788801
            ],
            [
              10.5394397313469,
              12.7729157655033
            ],
            [
              10.5116378108888,
              12.79343131414
            ],
            [
              10.4776347185336,
              12.7922428255115
            ],
            [
              10.44063439161,
              12.8003558527015
            ],
            [
              10.4046675971995,
              12.8170992424068
            ],
            [
              10.3718013847268,
              12.8197087501386
            ],
            [
              10.3058622562921,
              12.8012601375373
            ],
            [
              10.2626607613194,
              12.8076940791121
            ],
            [
              10.2530489453467,
              12.8327830269291
            ],
            [
              10.2269006690795,
              12.9327509758847
            ],
            [
              10.2010624516336,
              12.971456478147
            ],
            [
              10.1593078969816,
              12.9838848398799
            ],
            [
              10.1145561063929,
              12.9726711042212
            ],
            [
              10.0202982913813,
              12.9353346473297
            ],
            [
              9.97161909308495,
              12.9227257299168
            ],
            [
              9.90247602847913,
              12.8945880467836
            ],
            [
              9.88428592287876,
              12.8814362587224
            ],
            [
              9.87250369670159,
              12.8547195963781
            ],
            [
              9.85731082471281,
              12.8297598313535
            ],
            [
              9.76987430246283,
              12.7925270293138
            ],
            [
              9.67499637264967,
              12.8231970064591
            ],
            [
              9.64765734273006,
              12.8305379369412
            ],
            [
              9.81932783905676,
              13.0292057466197
            ],
            [
              9.85281416796667,
              13.0604441421601
            ],
            [
              9.87203780220727,
              13.0725624649471
            ],
            [
              9.88268314481533,
              13.0762312791799
            ],
            [
              9.88774743527653,
              13.0755078510196
            ],
            [
              9.89177819681421,
              13.0762312791799
            ],
            [
              9.89973636831116,
              13.0843187734527
            ],
            [
              9.90438724754342,
              13.094344021883
            ],
            [
              9.90821130454006,
              13.1187870623352
            ],
            [
              9.9124487725288,
              13.12919986215
            ],
            [
              9.93012211177035,
              13.1459687963687
            ],
            [
              10.119774618779,
              13.2500968071845
            ],
            [
              10.16152917479,
              13.267201622249
            ],
            [
              10.6478818377065,
              13.3694063202449
            ],
            [
              10.6749862071076,
              13.3751021181476
            ],
            [
              10.771311075393,
              13.3826984181474
            ],
            [
              10.9530054112846,
              13.3618986464278
            ],
            [
              11.4400041113268,
              13.3644309466407
            ],
            [
              11.7423112366749,
              13.2894482473206
            ],
            [
              11.8527954515015,
              13.2453942223911
            ],
            [
              11.9919084064973,
              13.1620918129549
            ],
            [
              12.0380037839764,
              13.1263575222871
            ],
            [
              12.0576408273302,
              13.1167714976134
            ],
            [
              12.1164486070063,
              13.1028446034983
            ],
            [
              12.1496248779774,
              13.1055835963691
            ],
            [
              12.1637842180566,
              13.1079605747262
            ],
            [
              12.1847648502264,
              13.1220941627307
            ],
            [
              12.2014046637333,
              13.1254274002927
            ],
            [
              12.2518408590065,
              13.1080122481689
            ],
            [
              12.2632096747782,
              13.1018628080968
            ],
            [
              12.2670337319994,
              13.0951707969479
            ],
            [
              12.2674471432712,
              13.0896414382947
            ],
            [
              12.2692041411247,
              13.0858689766757
            ],
            [
              12.277162313264,
              13.0844737937748
            ],
            [
              12.2808830143276,
              13.0868507720523
            ],
            [
              12.2853271873337,
              13.0920184165916
            ],
            [
              12.2915283596489,
              13.096824347081
            ],
            [
              12.3010368268266,
              13.0981164835526
            ],
            [
              12.3109587010636,
              13.0926387983149
            ],
            [
              12.3184001057684,
              13.0838537124865
            ],
            [
              12.3257381596433,
              13.0788152516145
            ],
            [
              12.3352466222651,
              13.0844737937748
            ],
            [
              12.3515763748444,
              13.0797970469801
            ],
            [
              12.386741696913,
              13.0785803177175
            ]
          ]
        ]
      },
      "type": "Feature",
      "properties": {
        "source": "https://simplemaps.com",
        "id": "NGYO",
        "name": "Yobe"
      },
      "id": 14
    },
    {
      "geometry": {
        "type": "Polygon",
        "coordinates": [
          [
            [
              6.8817818538296,
              11.3661023853585
            ],
            [
              6.89738813583516,
              11.41082838236
            ],
            [
              6.90658654073205,
              11.4572854375153
            ],
            [
              6.90348595449728,
              11.4924512629402
            ],
            [
              6.90989383253762,
              11.5257566975302
            ],
            [
              6.8753739761526,
              11.5872000813872
            ],
            [
              6.91340782995954,
              11.7662846451576
            ],
            [
              6.97138878742577,
              11.7929239189346
            ],
            [
              7.04569949738649,
              11.792949755619
            ],
            [
              7.05179731612034,
              11.7909601807068
            ],
            [
              7.06058230995222,
              11.781529190078
            ],
            [
              7.06626671676539,
              11.7792295749682
            ],
            [
              7.08238976422315,
              11.7871878745772
            ],
            [
              7.12476443856246,
              11.8197438997003
            ],
            [
              7.14853559681654,
              11.8424556977333
            ],
            [
              7.15370324083627,
              11.8750635475296
            ],
            [
              7.17178999234717,
              11.8923493418549
            ],
            [
              7.20341596806018,
              11.8841328250913
            ],
            [
              7.23318159295405,
              11.8951915275301
            ],
            [
              7.22201948451875,
              11.9544644916037
            ],
            [
              7.16703575982965,
              11.9984669240144
            ],
            [
              7.13272260893652,
              12.0143057150665
            ],
            [
              7.11298221270369,
              12.0384128475075
            ],
            [
              7.12910525884545,
              12.0698320638715
            ],
            [
              7.15091271333709,
              12.1279939077574
            ],
            [
              7.15752729689213,
              12.1539871208414
            ],
            [
              7.15173953642595,
              12.1842436890644
            ],
            [
              7.1422310723716,
              12.2131824365641
            ],
            [
              7.13633995875953,
              12.2646521333741
            ],
            [
              7.12176720438576,
              12.314855834628
            ],
            [
              7.09437869623062,
              12.3677467049766
            ],
            [
              7.09933963403705,
              12.4276137870162
            ],
            [
              7.07794559097246,
              12.4784634141363
            ],
            [
              7.04631961456801,
              12.8903246887289
            ],
            [
              7.06292094679429,
              12.9951397342179
            ],
            [
              7.06869470227482,
              12.9960812722469
            ],
            [
              7.0900887452997,
              13.0063907231969
            ],
            [
              7.13742435758484,
              13.0472409778363
            ],
            [
              7.19819584030529,
              13.1173915789342
            ],
            [
              7.22052006078688,
              13.1215774282927
            ],
            [
              7.32480309879475,
              13.1028446034983
            ],
            [
              7.36066654388372,
              13.1026379097294
            ],
            [
              7.39198246212493,
              13.1125339748441
            ],
            [
              7.75557784125218,
              13.3271464397989
            ],
            [
              7.78968428497061,
              13.3419773243559
            ],
            [
              7.82399743597649,
              13.3452847264286
            ],
            [
              8.07752201226121,
              13.3100154857955
            ],
            [
              8.10511722720714,
              13.2996543562769
            ],
            [
              8.11658939705155,
              13.2910504249568
            ],
            [
              8.14005049478741,
              13.2691135401352
            ],
            [
              8.16764571038449,
              13.2523704391993
            ],
            [
              8.20144209735095,
              13.2263771897828
            ],
            [
              8.21601485220105,
              13.2196076670906
            ],
            [
              8.24567712277991,
              13.2117785382933
            ],
            [
              8.24672782690182,
              13.2112915460565
            ],
            [
              8.25983646552732,
              13.2052157095707
            ],
            [
              8.27306563303225,
              13.1938727863598
            ],
            [
              8.29797367194596,
              13.1646238118716
            ],
            [
              8.39781254044439,
              13.0754045041397
            ],
            [
              8.40515059308741,
              13.0708569410107
            ],
            [
              8.41517582321372,
              13.0670589432106
            ],
            [
              8.41899987840603,
              13.0666972291356
            ],
            [
              8.42313399285434,
              13.0694875948625
            ],
            [
              8.43450280661907,
              13.0750944634998
            ],
            [
              8.44597497649996,
              13.0787119047339
            ],
            [
              8.47077966184499,
              13.0816572908349
            ],
            [
              8.48266524090271,
              13.081553943954
            ],
            [
              8.50964033914887,
              13.0759212385397
            ],
            [
              8.53351485066996,
              13.064629991141
            ],
            [
              8.57723311428169,
              13.0324356368216
            ],
            [
              8.59676680545724,
              13.0114033467865
            ],
            [
              8.62549890247183,
              12.9647912063378
            ],
            [
              8.64265547733082,
              12.9443531628836
            ],
            [
              8.67934574337923,
              12.9235792427608
            ],
            [
              8.94279219577792,
              12.8472014137934
            ],
            [
              8.9778718138226,
              12.8431829039255
            ],
            [
              8.97695112546831,
              12.8344107397068
            ],
            [
              8.97168012986635,
              12.8186752817288
            ],
            [
              8.95442019913364,
              12.8113370552081
            ],
            [
              8.94201785516247,
              12.8003041792823
            ],
            [
              8.93323286388949,
              12.786635959189
            ],
            [
              8.9251713404563,
              12.7670763689504
            ],
            [
              8.91442264315306,
              12.7504366276299
            ],
            [
              8.86987755784756,
              12.7155032964258
            ],
            [
              8.82202518087331,
              12.6904660259282
            ],
            [
              8.76807498635808,
              12.6783480101271
            ],
            [
              8.72818077976438,
              12.6816292717256
            ],
            [
              8.71371138019701,
              12.6944193423591
            ],
            [
              8.70151574130903,
              12.7099739407906
            ],
            [
              8.67019982158427,
              12.6924812889866
            ],
            [
              8.64735884029554,
              12.6908019031042
            ],
            [
              8.62214074146086,
              12.7007237990689
            ],
            [
              8.59919640605453,
              12.7152449293591
            ],
            [
              8.57180789725514,
              12.760513544613
            ],
            [
              8.5543412627813,
              12.8118540898345
            ],
            [
              8.53542768686249,
              12.829863178196
            ],
            [
              8.38153527292363,
              12.8231194963279
            ],
            [
              8.3156994963053,
              12.8310775035963
            ],
            [
              8.24386925582939,
              12.8296048110898
            ],
            [
              8.13731245298854,
              12.8137401696657
            ],
            [
              8.12325646323927,
              12.7876952642628
            ],
            [
              8.11498823503639,
              12.7204125711361
            ],
            [
              8.11715864312758,
              12.6561786150288
            ],
            [
              8.1696618984192,
              12.6242684827592
            ],
            [
              8.24934695884542,
              12.6223565666868
            ],
            [
              8.27053429414635,
              12.5994120720307
            ],
            [
              8.28283328525486,
              12.5695688781146
            ],
            [
              8.23301720426668,
              12.5688971238625
            ],
            [
              8.18733523958345,
              12.5556681316907
            ],
            [
              8.16356408015208,
              12.5127249810817
            ],
            [
              8.13038781147753,
              12.4164775694367
            ],
            [
              8.09380089713266,
              12.3826553801224
            ],
            [
              7.9181010262356,
              12.3179563882351
            ],
            [
              7.84130984889914,
              12.2660733017398
            ],
            [
              7.82963097450905,
              12.2210630784249
            ],
            [
              7.83944949710327,
              12.1231104728318
            ],
            [
              7.83314497187108,
              11.9143635503999
            ],
            [
              7.8543323095014,
              11.8503105006858
            ],
            [
              7.85929324691749,
              11.8179611684485
            ],
            [
              7.85794966010372,
              11.7988924934714
            ],
            [
              7.85247195815061,
              11.7805732327611
            ],
            [
              7.85577925007482,
              11.7653028511648
            ],
            [
              7.86580447776412,
              11.7524095948218
            ],
            [
              7.88998904748668,
              11.6902686158976
            ],
            [
              7.89370975123512,
              11.6507879114594
            ],
            [
              7.84906131483242,
              11.6402976175344
            ],
            [
              7.79273400143919,
              11.6121855047222
            ],
            [
              7.74653527184084,
              11.6007909271099
            ],
            [
              7.71532270613761,
              11.5639455657607
            ],
            [
              7.69940636514796,
              11.5159381578535
            ],
            [
              7.69217166492223,
              11.4672589970794
            ],
            [
              7.70736453548775,
              11.4166936091972
            ],
            [
              7.77619754386897,
              11.3591518678314
            ],
            [
              7.74167768741277,
              11.3071654639973
            ],
            [
              7.66064904073951,
              11.2745834583948
            ],
            [
              7.63202029812496,
              11.2867532854755
            ],
            [
              7.61227990076335,
              11.3132890574843
            ],
            [
              7.57807010321587,
              11.3378612419758
            ],
            [
              7.53951948410491,
              11.3548369920842
            ],
            [
              7.46675906715455,
              11.3688412236422
            ],
            [
              7.40402387875099,
              11.3325902588872
            ],
            [
              7.38697065590097,
              11.3005249867138
            ],
            [
              7.38180301315442,
              11.2646357359779
            ],
            [
              7.35431115071518,
              11.2501404575915
            ],
            [
              7.31865441222864,
              11.2623361213016
            ],
            [
              7.2421732923951,
              11.2633695884759
            ],
            [
              7.22543012890384,
              11.2099620930813
            ],
            [
              7.24258670392328,
              11.1841755100765
            ],
            [
              7.24382693946129,
              11.1556760007355
            ],
            [
              7.21922895709824,
              11.1292951742419
            ],
            [
              7.18646609892733,
              11.112241914635
            ],
            [
              7.15328982886358,
              11.1162726618714
            ],
            [
              7.10130333830602,
              11.1699903470944
            ],
            [
              7.06626671723341,
              11.1902733418762
            ],
            [
              6.99309288859589,
              11.2097811612206
            ],
            [
              6.99185265560742,
              11.2376606655389
            ],
            [
              7.01903445853112,
              11.266651147182
            ],
            [
              7.03495079964263,
              11.2788984842842
            ],
            [
              7.03846479677241,
              11.2974502716373
            ],
            [
              7.0262691584594,
              11.3211696954072
            ],
            [
              7.0049784679072,
              11.336672604495
            ],
            [
              6.95206180177327,
              11.3376028751785
            ],
            [
              6.92746381970974,
              11.3442948756598
            ],
            [
              6.8817818538296,
              11.3661023853585
            ]
          ]
        ]
      },
      "type": "Feature",
      "properties": {
        "source": "https://simplemaps.com",
        "id": "NGKT",
        "name": "Katsina"
      },
      "id": 15
    },
    {
      "geometry": {
        "type": "Polygon",
        "coordinates": [
          [
            [
              9.64765734273006,
              12.8305379369412
            ],
            [
              9.67499637264967,
              12.8231970064591
            ],
            [
              9.76987430246283,
              12.7925270293138
            ],
            [
              9.85731082471281,
              12.8297598313535
            ],
            [
              9.87250369670159,
              12.8547195963781
            ],
            [
              9.88428592287876,
              12.8814362587224
            ],
            [
              9.90247602847913,
              12.8945880467836
            ],
            [
              9.97161909308495,
              12.9227257299168
            ],
            [
              10.0202982913813,
              12.9353346473297
            ],
            [
              10.1145561063929,
              12.9726711042212
            ],
            [
              10.1593078969816,
              12.9838848398799
            ],
            [
              10.2010624516336,
              12.971456478147
            ],
            [
              10.2269006690795,
              12.9327509758847
            ],
            [
              10.2530489453467,
              12.8327830269291
            ],
            [
              10.2626607613194,
              12.8076940791121
            ],
            [
              10.3058622562921,
              12.8012601375373
            ],
            [
              10.3718013847268,
              12.8197087501386
            ],
            [
              10.4046675971995,
              12.8170992424068
            ],
            [
              10.44063439161,
              12.8003558527015
            ],
            [
              10.4776347185336,
              12.7922428255115
            ],
            [
              10.5116378108888,
              12.79343131414
            ],
            [
              10.5394397313469,
              12.7729157655033
            ],
            [
              10.5699288286994,
              12.7087337788801
            ],
            [
              10.5882222838601,
              12.567501941956
            ],
            [
              10.6095129749655,
              12.5024413735624
            ],
            [
              10.4774280130169,
              12.4163483859488
            ],
            [
              10.4247180517176,
              12.4292933225941
            ],
            [
              10.3940222518965,
              12.4489045782441
            ],
            [
              10.3184713074897,
              12.4362438450059
            ],
            [
              10.2874654481456,
              12.4244098862695
            ],
            [
              10.2647278177217,
              12.4026800219588
            ],
            [
              10.250568475638,
              12.3597368785234
            ],
            [
              10.2411633638011,
              12.3153208951364
            ],
            [
              10.1691264180112,
              12.1163924827019
            ],
            [
              10.1625118330859,
              12.0837071171693
            ],
            [
              10.1716068857989,
              12.042701888047
            ],
            [
              10.154967075124,
              12.0085438331841
            ],
            [
              9.85038618285577,
              11.8942614068329
            ],
            [
              9.81762332512353,
              11.8736425298165
            ],
            [
              9.7839302913772,
              11.8581654538898
            ],
            [
              9.69969770709217,
              11.8512407715702
            ],
            [
              9.64626427619868,
              11.8034142136923
            ],
            [
              9.62518029167222,
              11.7294135944358
            ],
            [
              9.66765831988174,
              11.7012499572672
            ],
            [
              9.72853315548218,
              11.7185355996417
            ],
            [
              9.76439660040823,
              11.722411402577
            ],
            [
              9.79870975121927,
              11.7145049268276
            ],
            [
              9.81452273958873,
              11.6812511629124
            ],
            [
              9.82961225858232,
              11.6098343666562
            ],
            [
              9.83064578588444,
              11.5754178034565
            ],
            [
              9.79757287060072,
              11.5145429770761
            ],
            [
              9.79333540182261,
              11.4816767661899
            ],
            [
              9.81297244519702,
              11.4549858227332
            ],
            [
              9.84594200978057,
              11.4546499458862
            ],
            [
              9.86309858593324,
              11.4598175824242
            ],
            [
              9.90464643749244,
              11.3883491187338
            ],
            [
              10.0005578960963,
              11.2622844479429
            ],
            [
              10.0733183112316,
              11.2338106999041
            ],
            [
              10.2327917821116,
              11.2045101782467
            ],
            [
              10.3181612479449,
              11.2012804431409
            ],
            [
              10.3901981946261,
              11.1775867813782
            ],
            [
              10.3856506690276,
              11.1451856330978
            ],
            [
              10.3614660987656,
              11.1174095508521
            ],
            [
              10.3269462420155,
              11.0965839859172
            ],
            [
              10.2164620301074,
              11.0540800954674
            ],
            [
              10.1956881039598,
              10.9865907094557
            ],
            [
              10.2068502128574,
              10.950417180783
            ],
            [
              10.1797717630957,
              10.9333898329113
            ],
            [
              10.1408077330718,
              10.9479108727047
            ],
            [
              10.1059778168321,
              10.965351682527
            ],
            [
              9.94826134635138,
              10.9536986643378
            ],
            [
              9.89110721234742,
              10.976875517312
            ],
            [
              9.86764611171187,
              11.0322209882925
            ],
            [
              9.87663781141197,
              11.0966098225961
            ],
            [
              9.87643110475389,
              11.1613345338688
            ],
            [
              9.85431359223475,
              11.2215892746726
            ],
            [
              9.81049197830153,
              11.2613801641656
            ],
            [
              9.75282107929467,
              11.2469623958244
            ],
            [
              9.62383670443188,
              11.2378156856145
            ],
            [
              9.57319380087102,
              11.2553340056671
            ],
            [
              9.53391971190826,
              11.3046591558669
            ],
            [
              9.47180463935221,
              11.2954865337812
            ],
            [
              9.40813927626465,
              11.2990781326603
            ],
            [
              9.34561079371521,
              11.3247871309844
            ],
            [
              9.28576948321202,
              11.3412201605553
            ],
            [
              9.22468794152964,
              11.3424346347169
            ],
            [
              9.22737511656428,
              11.355327889001
            ],
            [
              9.22644494099802,
              11.3823288718614
            ],
            [
              9.22799523318515,
              11.3959455533145
            ],
            [
              9.23719363843607,
              11.4263312917947
            ],
            [
              9.25300662600438,
              11.4535906419844
            ],
            [
              9.34158003107457,
              11.5326555420489
            ],
            [
              9.35067508289581,
              11.5550056233244
            ],
            [
              9.32793745287582,
              11.5686998155949
            ],
            [
              9.31512169793625,
              11.5726531283074
            ],
            [
              9.29186730308977,
              11.5863473206752
            ],
            [
              9.26427208806339,
              11.6152086969514
            ],
            [
              9.25000939250104,
              11.6372744252713
            ],
            [
              9.22727176306277,
              11.6938343785807
            ],
            [
              9.21621300651284,
              11.7017925276131
            ],
            [
              9.1888244969144,
              11.7047380597071
            ],
            [
              9.14593305817946,
              11.7013533039997
            ],
            [
              9.12960330512281,
              11.7157709243103
            ],
            [
              9.14334923673934,
              11.7763873894936
            ],
            [
              9.17983279810791,
              11.8288648503203
            ],
            [
              9.18841108549365,
              11.8521708922419
            ],
            [
              9.19295861232472,
              11.8764588787715
            ],
            [
              9.20463748494407,
              11.9077489080642
            ],
            [
              9.20711795435321,
              11.9419846207325
            ],
            [
              9.19223514163594,
              12.001334946587
            ],
            [
              9.18117638472113,
              12.0302736897487
            ],
            [
              9.13497765452289,
              12.0353638178214
            ],
            [
              9.09952762178556,
              12.0118769161648
            ],
            [
              9.03720584496998,
              12.0120319362937
            ],
            [
              9.03596560971036,
              12.0374567398137
            ],
            [
              9.02924767470506,
              12.0616413827495
            ],
            [
              9.02159956161317,
              12.0651294860007
            ],
            [
              8.98015506463295,
              12.0591609103816
            ],
            [
              8.95638390461782,
              12.0506342021588
            ],
            [
              8.94656538332553,
              12.0544324958613
            ],
            [
              8.93664350862417,
              12.0618739129517
            ],
            [
              8.92320763495695,
              12.0831387099985
            ],
            [
              8.93137251034035,
              12.0987966452594
            ],
            [
              8.94191450456477,
              12.112413482193
            ],
            [
              8.94687543995811,
              12.1296732926426
            ],
            [
              8.9461519715717,
              12.2218124927245
            ],
            [
              8.90450076755605,
              12.2729463129252
            ],
            [
              8.84114546140393,
              12.2801293644838
            ],
            [
              8.78512820793871,
              12.2986553257686
            ],
            [
              8.77685997971127,
              12.3289635714259
            ],
            [
              8.77810021256901,
              12.3632249827119
            ],
            [
              8.76538781094742,
              12.3908977370362
            ],
            [
              8.740893182702,
              12.408080192118
            ],
            [
              8.71402143672239,
              12.4218519029769
            ],
            [
              8.69025027786651,
              12.4392927256039
            ],
            [
              8.68146528558115,
              12.4750011462203
            ],
            [
              8.68270551915463,
              12.5131900416875
            ],
            [
              8.67826134492054,
              12.5392606246285
            ],
            [
              8.65407677481081,
              12.5492341921645
            ],
            [
              8.58958458868892,
              12.5663909637727
            ],
            [
              8.5300533372982,
              12.5746848455558
            ],
            [
              8.47103885217608,
              12.5633160958233
            ],
            [
              8.42070600784417,
              12.5376070757596
            ],
            [
              8.39052697075981,
              12.4936046213475
            ],
            [
              8.37326704305511,
              12.4442536721017
            ],
            [
              8.36220828505005,
              12.4252108239018
            ],
            [
              8.34432824023874,
              12.4354169204527
            ],
            [
              8.33988406755407,
              12.4492921287215
            ],
            [
              8.33998742056586,
              12.4642008051553
            ],
            [
              8.33316613017435,
              12.4814864581756
            ],
            [
              8.28283328525486,
              12.5695688781146
            ],
            [
              8.27053429414635,
              12.5994120720307
            ],
            [
              8.24934695884542,
              12.6223565666868
            ],
            [
              8.1696618984192,
              12.6242684827592
            ],
            [
              8.11715864312758,
              12.6561786150288
            ],
            [
              8.11498823503639,
              12.7204125711361
            ],
            [
              8.12325646323927,
              12.7876952642628
            ],
            [
              8.13731245298854,
              12.8137401696657
            ],
            [
              8.24386925582939,
              12.8296048110898
            ],
            [
              8.3156994963053,
              12.8310775035963
            ],
            [
              8.38153527292363,
              12.8231194963279
            ],
            [
              8.53542768686249,
              12.829863178196
            ],
            [
              8.5543412627813,
              12.8118540898345
            ],
            [
              8.57180789725514,
              12.760513544613
            ],
            [
              8.59919640605453,
              12.7152449293591
            ],
            [
              8.62214074146086,
              12.7007237990689
            ],
            [
              8.64735884029554,
              12.6908019031042
            ],
            [
              8.67019982158427,
              12.6924812889866
            ],
            [
              8.70151574130903,
              12.7099739407906
            ],
            [
              8.71371138019701,
              12.6944193423591
            ],
            [
              8.72818077976438,
              12.6816292717256
            ],
            [
              8.76807498635808,
              12.6783480101271
            ],
            [
              8.82202518087331,
              12.6904660259282
            ],
            [
              8.86987755784756,
              12.7155032964258
            ],
            [
              8.91442264315306,
              12.7504366276299
            ],
            [
              8.9251713404563,
              12.7670763689504
            ],
            [
              8.93323286388949,
              12.786635959189
            ],
            [
              8.94201785516247,
              12.8003041792823
            ],
            [
              8.95442019913364,
              12.8113370552081
            ],
            [
              8.97168012986635,
              12.8186752817288
            ],
            [
              8.97695112546831,
              12.8344107397068
            ],
            [
              8.9778718138226,
              12.8431829039255
            ],
            [
              9.26938724856717,
              12.8097877538925
            ],
            [
              9.30649092653238,
              12.8098394273123
            ],
            [
              9.3598210049728,
              12.8245930901018
            ],
            [
              9.37790775624909,
              12.8257815787828
            ],
            [
              9.59029789138451,
              12.8013902223659
            ],
            [
              9.61148522742565,
              12.8029404249444
            ],
            [
              9.61840987086544,
              12.8057827634404
            ],
            [
              9.62926192070366,
              12.8127848122482
            ],
            [
              9.64073408906236,
              12.8225258528431
            ],
            [
              9.64765734273006,
              12.8305379369412
            ]
          ]
        ]
      },
      "type": "Feature",
      "properties": {
        "source": "https://simplemaps.com",
        "id": "NGJI",
        "name": "Jigawa"
      },
      "id": 16
    },
    {
      "geometry": {
        "type": "Polygon",
        "coordinates": [
          [
            [
              4.49300358578471,
              6.32054637457367
            ],
            [
              4.49402062287165,
              6.32188838044556
            ],
            [
              4.55437869573292,
              6.31684992499895
            ],
            [
              4.57019168464837,
              6.33576343532766
            ],
            [
              4.5686413921052,
              6.36266108441807
            ],
            [
              4.51303755002675,
              6.38648386664662
            ],
            [
              4.48306522010233,
              6.38625133641604
            ],
            [
              4.46601199671132,
              6.40637932139668
            ],
            [
              4.4818249847024,
              6.41273544811347
            ],
            [
              4.5145878427306,
              6.41710214952611
            ],
            [
              4.56523074746296,
              6.45407670923259
            ],
            [
              4.58125044123131,
              6.45908932793221
            ],
            [
              4.5923091984855,
              6.47182756820766
            ],
            [
              4.59499637175052,
              6.48528923584504
            ],
            [
              4.58579796726794,
              6.53177214858539
            ],
            [
              4.58600467283982,
              6.60305978731136
            ],
            [
              4.56709109918879,
              6.62884630773826
            ],
            [
              4.54207970509351,
              6.61693499203228
            ],
            [
              4.5261633641218,
              6.59406816794831
            ],
            [
              4.48306522005436,
              6.56737721298435
            ],
            [
              4.43128543496035,
              6.56916009493369
            ],
            [
              4.41464562264026,
              6.57197644455531
            ],
            [
              4.38301964718648,
              6.58213086528592
            ],
            [
              4.36958377411683,
              6.59166520540217
            ],
            [
              4.35490766835705,
              6.6174000524824
            ],
            [
              4.35521772586283,
              6.64768245762356
            ],
            [
              4.37950564893043,
              6.71375078321872
            ],
            [
              4.4292183771877,
              6.76666733112703
            ],
            [
              4.51923872174596,
              6.83219308502438
            ],
            [
              4.53846235465935,
              6.85730785060945
            ],
            [
              4.56109663291279,
              6.98828169525819
            ],
            [
              4.59975060426167,
              7.00833216844078
            ],
            [
              4.61546023900666,
              7.02967462624789
            ],
            [
              4.62290164594805,
              7.05543530811946
            ],
            [
              4.65008344876536,
              7.10168568635341
            ],
            [
              4.69256147578301,
              7.13545619213794
            ],
            [
              4.73214562335114,
              7.14651504619929
            ],
            [
              4.76955936036992,
              7.1309087846101
            ],
            [
              4.81989220469166,
              7.09822341974937
            ],
            [
              4.8322945487546,
              7.09251306072777
            ],
            [
              4.85885623528879,
              7.09042028887567
            ],
            [
              4.86929487489519,
              7.09819758305987
            ],
            [
              4.87198204894822,
              7.11979825713003
            ],
            [
              4.86970828581793,
              7.14271675245758
            ],
            [
              4.87260216586858,
              7.16953688813975
            ],
            [
              4.87229210814874,
              7.2446743354398
            ],
            [
              4.88056033665399,
              7.29232004295388
            ],
            [
              4.89823367706831,
              7.33913897585395
            ],
            [
              4.9418485863039,
              7.36146307587354
            ],
            [
              4.99073449110369,
              7.37484738139971
            ],
            [
              4.99145796116276,
              7.41484482690982
            ],
            [
              5.06153120327812,
              7.43753079028402
            ],
            [
              5.09925499790811,
              7.43895195829412
            ],
            [
              5.20870568174268,
              7.43117466479535
            ],
            [
              5.27991580598834,
              7.43525701159459
            ],
            [
              5.33055870876855,
              7.41985744468666
            ],
            [
              5.35505333836014,
              7.37125578138296
            ],
            [
              5.37613732334704,
              7.30193189183031
            ],
            [
              5.43246463370635,
              7.28007270162886
            ],
            [
              5.53778120340383,
              7.36849110558341
            ],
            [
              5.59255822119044,
              7.49569262761843
            ],
            [
              5.61043826667451,
              7.59069968135178
            ],
            [
              5.62366743276418,
              7.61974191883136
            ],
            [
              5.66707563572636,
              7.66614730991466
            ],
            [
              5.69343061728238,
              7.68108181528603
            ],
            [
              5.70572960762298,
              7.69795407196107
            ],
            [
              5.71544477733535,
              7.7159892797846
            ],
            [
              5.74138634610173,
              7.7302003577239
            ],
            [
              5.76887820758069,
              7.71808205126076
            ],
            [
              5.79368289560743,
              7.72756471544949
            ],
            [
              5.81135623528417,
              7.75609021787797
            ],
            [
              5.89207482367511,
              7.77043047903612
            ],
            [
              5.92235721160934,
              7.75691699178288
            ],
            [
              5.91584598025944,
              7.71787535778169
            ],
            [
              5.9657654146184,
              7.64082585603445
            ],
            [
              6.02839725095414,
              7.57336236372087
            ],
            [
              6.01020714690587,
              7.54274408793601
            ],
            [
              5.98726281079384,
              7.51571726150947
            ],
            [
              5.97496382020599,
              7.51011040008363
            ],
            [
              5.94798872175584,
              7.50352159434006
            ],
            [
              5.93455284975795,
              7.49215285131581
            ],
            [
              5.92514773875801,
              7.45727122096903
            ],
            [
              5.95481001105564,
              7.43784083053064
            ],
            [
              5.95997765540152,
              7.42047767539638
            ],
            [
              5.94881554506255,
              7.39895436284812
            ],
            [
              5.95294966031708,
              7.36776767832685
            ],
            [
              5.95884077253071,
              7.35376329226616
            ],
            [
              5.96204471202879,
              7.33169755907921
            ],
            [
              5.95274295389173,
              7.29898635916088
            ],
            [
              5.93910037581084,
              7.28482695270903
            ],
            [
              5.92277062293206,
              7.27402661612344
            ],
            [
              5.89837934679515,
              7.25255497609075
            ],
            [
              5.87657189278945,
              7.22808628005244
            ],
            [
              5.87553836410496,
              7.21496049110726
            ],
            [
              5.87832889207505,
              7.20475439817312
            ],
            [
              5.83233686701714,
              7.10010949808196
            ],
            [
              5.82665245944017,
              7.07610586156885
            ],
            [
              5.81290652785574,
              7.05858753447956
            ],
            [
              5.78613813603138,
              7.03099229743152
            ],
            [
              5.77352908708916,
              6.99476715510879
            ],
            [
              5.77125532383721,
              6.95978217365104
            ],
            [
              5.78562137202471,
              6.92960311679565
            ],
            [
              5.78913536900823,
              6.91740759806116
            ],
            [
              5.78489790180763,
              6.90828664546914
            ],
            [
              5.78055708195962,
              6.90611621325339
            ],
            [
              5.77621626111865,
              6.89932071300493
            ],
            [
              5.7766296732169,
              6.88381779737736
            ],
            [
              5.75389204294516,
              6.87839179191874
            ],
            [
              5.74448693204386,
              6.85317367966327
            ],
            [
              5.73291141087682,
              6.78943080788845
            ],
            [
              5.72764041524035,
              6.77609832423454
            ],
            [
              5.71358442555392,
              6.7521463596308
            ],
            [
              5.70273237477338,
              6.74449824839562
            ],
            [
              5.68578250462027,
              6.73896874583328
            ],
            [
              5.65394982276666,
              6.7462034700156
            ],
            [
              5.64113406744636,
              6.75777905873331
            ],
            [
              5.61260867749454,
              6.75989781762162
            ],
            [
              5.56320600795293,
              6.7204427866975
            ],
            [
              5.54098514171564,
              6.71705802992197
            ],
            [
              5.51473351401312,
              6.78266129440746
            ],
            [
              5.52465538871705,
              6.81113498023777
            ],
            [
              5.54150190576773,
              6.83606888907722
            ],
            [
              5.49561323382522,
              6.87229403249749
            ],
            [
              5.21563032381767,
              6.87242321595081
            ],
            [
              5.19909386613577,
              6.86472343148633
            ],
            [
              5.18710493300575,
              6.8513909480008
            ],
            [
              5.18720828574687,
              6.82619867231752
            ],
            [
              5.17077518062264,
              6.80452033671321
            ],
            [
              5.15785607348392,
              6.77744198238428
            ],
            [
              5.12230268731462,
              6.7434387938424
            ],
            [
              5.09119347489664,
              6.70524991091143
            ],
            [
              5.07992801305885,
              6.68434682585898
            ],
            [
              5.07600060436331,
              6.65168729502937
            ],
            [
              5.072486606208,
              6.63768305712562
            ],
            [
              5.07248660588923,
              6.60644454413912
            ],
            [
              5.0773441906276,
              6.59804716868975
            ],
            [
              5.08602583183397,
              6.59375797743401
            ],
            [
              5.10318240742411,
              6.56670545899676
            ],
            [
              5.12075239374183,
              6.51409879979354
            ],
            [
              5.09739464694823,
              6.46159563728115
            ],
            [
              5.08065148271727,
              6.43650670707352
            ],
            [
              5.073520134828,
              6.4068702185493
            ],
            [
              5.05967085124182,
              6.3824013688383
            ],
            [
              5.03434939866517,
              6.36878468092601
            ],
            [
              5.01223188588771,
              6.3615499564344
            ],
            [
              4.99858930816284,
              6.34044017707464
            ],
            [
              4.99362837055889,
              6.31113956533436
            ],
            [
              4.98742719919461,
              6.2986081686506
            ],
            [
              4.98112267362325,
              6.29181266789648
            ],
            [
              4.97926232341513,
              6.28437124982795
            ],
            [
              4.98474002378294,
              6.27460437921982
            ],
            [
              5.00499718656457,
              6.26292559336164
            ],
            [
              5.02949181501166,
              6.24235830930977
            ],
            [
              5.05016238767996,
              6.2176310924161
            ],
            [
              5.05264285558854,
              6.20422109790982
            ],
            [
              5.06225467287956,
              6.200655409015
            ],
            [
              5.0737268412876,
              6.20062957232243
            ],
            [
              5.08612918487378,
              6.1949710362216
            ],
            [
              5.09708458831004,
              6.18685778900384
            ],
            [
              5.11558475085825,
              6.15825491794831
            ],
            [
              5.11517133962375,
              6.12691313212689
            ],
            [
              5.00365359928025,
              5.85620618048208
            ],
            [
              5.00301989252315,
              5.85478035556123
            ],
            [
              4.88591556106584,
              6.00653720205627
            ],
            [
              4.86548912898485,
              6.02562082918608
            ],
            [
              4.82618248799917,
              6.04254791864899
            ],
            [
              4.80795332096719,
              6.06305571835074
            ],
            [
              4.78272545690874,
              6.10252509683037
            ],
            [
              4.74781334701501,
              6.13886140076293
            ],
            [
              4.71705162893313,
              6.16364164303772
            ],
            [
              4.64185631607363,
              6.2108829088319
            ],
            [
              4.60873457106488,
              6.23175692853232
            ],
            [
              4.54737389405665,
              6.28904859244361
            ],
            [
              4.50904381604538,
              6.3135440300762
            ],
            [
              4.49300358578471,
              6.32054637457367
            ]
          ]
        ]
      },
      "type": "Feature",
      "properties": {
        "source": "https://simplemaps.com",
        "id": "NGON",
        "name": "Ondo"
      },
      "id": 17
    },
    {
      "geometry": {
        "type": "Polygon",
        "coordinates": [
          [
            [
              5.00301989252315,
              5.85478035556123
            ],
            [
              5.00365359928025,
              5.85620618048208
            ],
            [
              5.11517133962375,
              6.12691313212689
            ],
            [
              5.18503787623976,
              6.09316845875631
            ],
            [
              5.23237348796422,
              6.03854646087093
            ],
            [
              5.22317508260447,
              5.97278817245772
            ],
            [
              5.2313399590896,
              5.92069832065897
            ],
            [
              5.25108035605773,
              5.90566053935781
            ],
            [
              5.26875369608927,
              5.91276600537199
            ],
            [
              5.32632124190623,
              5.9623753844557
            ],
            [
              5.32115359895264,
              5.99539663047154
            ],
            [
              5.33138553207586,
              6.01978789538734
            ],
            [
              5.39608442484087,
              6.01650648520384
            ],
            [
              5.42605675552137,
              6.0213640087474
            ],
            [
              5.46326378694653,
              6.0185476590321
            ],
            [
              5.50212446487179,
              5.99095249401072
            ],
            [
              5.52041792157395,
              5.98431201335221
            ],
            [
              5.53013309095338,
              5.98214165606054
            ],
            [
              5.53995161292484,
              5.98997062458223
            ],
            [
              5.54594607897713,
              6.00340645584218
            ],
            [
              5.60185997933677,
              6.03748708136456
            ],
            [
              5.66335493288059,
              6.03994171738207
            ],
            [
              5.77993696520742,
              5.97684475852813
            ],
            [
              5.83450727670828,
              5.91754609394084
            ],
            [
              5.86799360509711,
              5.89940768420213
            ],
            [
              5.89610558386756,
              5.87837533957437
            ],
            [
              5.89176476407987,
              5.84150420110184
            ],
            [
              5.87026736818308,
              5.80662263821539
            ],
            [
              5.87502159998158,
              5.79527965421508
            ],
            [
              5.88608035628613,
              5.78538360011001
            ],
            [
              5.89145470485227,
              5.77380808588713
            ],
            [
              5.88742394431483,
              5.76249093859577
            ],
            [
              5.8887675304963,
              5.74623868261404
            ],
            [
              5.90561404848842,
              5.74037345298865
            ],
            [
              5.92349409318647,
              5.74109688037871
            ],
            [
              6.02147260873136,
              5.76194836805262
            ],
            [
              6.07273563001814,
              5.79879366972469
            ],
            [
              6.11366336443929,
              5.84724032239581
            ],
            [
              6.16947391107592,
              5.88917575305943
            ],
            [
              6.21071170379341,
              5.93669220980586
            ],
            [
              6.22249393152689,
              5.97457105446582
            ],
            [
              6.22239057769345,
              6.01353504022576
            ],
            [
              6.20905805818166,
              6.02516222789107
            ],
            [
              6.1904545431264,
              6.02932223583879
            ],
            [
              6.13050988134128,
              6.08443513089104
            ],
            [
              6.09991743273519,
              6.13474210063506
            ],
            [
              6.08803185430621,
              6.1743521538287
            ],
            [
              6.08493126787848,
              6.20799348034463
            ],
            [
              6.05278852670744,
              6.2639073876765
            ],
            [
              6.05609581864884,
              6.29935743273145
            ],
            [
              6.07025516122694,
              6.32788279350917
            ],
            [
              6.09361290945665,
              6.34948362025572
            ],
            [
              6.1277193541432,
              6.34622789659173
            ],
            [
              6.152937453296,
              6.32018300853334
            ],
            [
              6.17319461393753,
              6.28754931321428
            ],
            [
              6.20130659292234,
              6.28705841605752
            ],
            [
              6.24275109194009,
              6.33919986562733
            ],
            [
              6.26910607282351,
              6.35563305346194
            ],
            [
              6.36377729707544,
              6.3945453652769
            ],
            [
              6.48542361810949,
              6.46738335674034
            ],
            [
              6.54598839734957,
              6.49332489771161
            ],
            [
              6.5818518405227,
              6.49409999847269
            ],
            [
              6.61719852108753,
              6.48782138187969
            ],
            [
              6.6456205584759,
              6.49738155878718
            ],
            [
              6.6767297704342,
              6.5351052320574
            ],
            [
              6.6766264179018,
              6.50340180845402
            ],
            [
              6.68096723741768,
              6.4739978503431
            ],
            [
              6.70876915908914,
              6.37609691549057
            ],
            [
              6.71497032970898,
              6.32108729276763
            ],
            [
              6.73274702275191,
              6.27222725329815
            ],
            [
              6.73667443243539,
              6.23328910448509
            ],
            [
              6.74080854658057,
              6.21951732118582
            ],
            [
              6.75393435951147,
              6.1943767171856
            ],
            [
              6.75899865071902,
              6.18107006943701
            ],
            [
              6.76085900178195,
              6.16711742926002
            ],
            [
              6.75765506439565,
              6.12288238275533
            ],
            [
              6.75383100778937,
              6.10954989828452
            ],
            [
              6.7468030126342,
              6.10159167120164
            ],
            [
              6.73657107856753,
              6.09655321570755
            ],
            [
              6.72344526485715,
              6.0918248756315
            ],
            [
              6.70370486791365,
              6.07593433325844
            ],
            [
              6.69936404832558,
              6.05340346043838
            ],
            [
              6.70329145673158,
              6.00092598313163
            ],
            [
              6.68995893724226,
              5.9500246942907
            ],
            [
              6.68902876126984,
              5.94103299949434
            ],
            [
              6.69047570227068,
              5.92364392894259
            ],
            [
              6.68902876127039,
              5.9142904453456
            ],
            [
              6.68530805840594,
              5.90576388612844
            ],
            [
              6.64541385266174,
              5.8526921649653
            ],
            [
              6.62598351418097,
              5.81850819276522
            ],
            [
              6.61606163944782,
              5.79274750813015
            ],
            [
              6.60944705569095,
              5.76579826055993
            ],
            [
              6.60572635250672,
              5.72316516429746
            ],
            [
              6.57988813588584,
              5.6077200255868
            ],
            [
              6.55983768075657,
              5.56170217289708
            ],
            [
              6.55632368328983,
              5.54128998439359
            ],
            [
              6.55187950984755,
              5.51382396590905
            ],
            [
              6.54691857337842,
              5.50095654220731
            ],
            [
              6.53947716638397,
              5.48948437499655
            ],
            [
              6.51984012231155,
              5.46876210878262
            ],
            [
              6.51436242005784,
              5.4650413998249
            ],
            [
              6.49617231597066,
              5.4580392432297
            ],
            [
              6.49038455627743,
              5.45354339596629
            ],
            [
              6.48066938616729,
              5.44269134697225
            ],
            [
              6.47467492006649,
              5.43850557757212
            ],
            [
              6.4760185079996,
              5.436490165395
            ],
            [
              6.4930717296638,
              5.39303029620429
            ],
            [
              6.49534549280245,
              5.37130036169578
            ],
            [
              6.47911909252803,
              5.36199858941272
            ],
            [
              6.34961795362286,
              5.34259410744293
            ],
            [
              6.33328820236294,
              5.33709055416748
            ],
            [
              6.31489139183594,
              5.32352550251285
            ],
            [
              6.30579634020311,
              5.31481801174595
            ],
            [
              6.29814822767374,
              5.30567129723573
            ],
            [
              6.29298058381278,
              5.2954393665932
            ],
            [
              6.29101687992683,
              5.28347626498688
            ],
            [
              6.29070682064197,
              5.2692910765154
            ],
            [
              6.28853641125396,
              5.26360668523534
            ],
            [
              6.2705530127169,
              5.25895579916256
            ],
            [
              6.22828169115762,
              5.25926585823399
            ],
            [
              6.20947147033698,
              5.25259959759007
            ],
            [
              6.20161665217155,
              5.22854421109759
            ],
            [
              6.20378706161276,
              5.21738210336589
            ],
            [
              6.21308881968975,
              5.20270599913378
            ],
            [
              6.21525923002683,
              5.19379181499864
            ],
            [
              6.21029829261151,
              5.18371490467845
            ],
            [
              6.198619418635,
              5.17764292555889
            ],
            [
              6.17433149561064,
              5.17020152672314
            ],
            [
              6.16626997188723,
              5.16384532524162
            ],
            [
              6.16079227143873,
              5.15741160430627
            ],
            [
              6.15355757003971,
              5.15203726280661
            ],
            [
              6.14022504964406,
              5.14909170168014
            ],
            [
              6.12844282376481,
              5.15074534377275
            ],
            [
              6.11583377380149,
              5.15454356263777
            ],
            [
              6.10425825441889,
              5.15671397610129
            ],
            [
              6.09547326026963,
              5.15281240108339
            ],
            [
              6.06674116378411,
              5.11340912885727
            ],
            [
              6.05020470518202,
              5.10457245493161
            ],
            [
              6.02343631434795,
              5.10813813416186
            ],
            [
              6.00276574065887,
              5.11689728863307
            ],
            [
              5.98178510858925,
              5.12924794966434
            ],
            [
              5.9474719579465,
              5.15953033500091
            ],
            [
              5.93465620331247,
              5.15343251921555
            ],
            [
              5.90168663891818,
              5.10669118560634
            ],
            [
              5.87398807119116,
              5.09201508165507
            ],
            [
              5.84370568196702,
              5.08614980554616
            ],
            [
              5.82510216583082,
              5.0904131129609
            ],
            [
              5.80587853386313,
              5.08423777779149
            ],
            [
              5.7876884288742,
              5.07596954865617
            ],
            [
              5.76898156084729,
              5.07000092110921
            ],
            [
              5.73518517415837,
              5.04612641098949
            ],
            [
              5.6985982603982,
              5.02667023317835
            ],
            [
              5.6831986833712,
              5.0274195417881
            ],
            [
              5.66583540158004,
              5.02504242546708
            ],
            [
              5.64134077295962,
              5.02840139469214
            ],
            [
              5.62242719935157,
              5.04305166177512
            ],
            [
              5.57168094201985,
              5.07095693498389
            ],
            [
              5.52579227110109,
              5.08625316169638
            ],
            [
              5.48682824142917,
              5.11108368587853
            ],
            [
              5.46019973563596,
              5.13379016569071
            ],
            [
              5.45427493600526,
              5.1491153039478
            ],
            [
              5.47559655000265,
              5.14704010695431
            ],
            [
              5.49586022200851,
              5.14232005712518
            ],
            [
              5.48853600399864,
              5.15420156446478
            ],
            [
              5.46119225397538,
              5.18414947181121
            ],
            [
              5.45085696700444,
              5.19013092863569
            ],
            [
              5.44711347699897,
              5.18593984558763
            ],
            [
              5.44800865998302,
              5.16762929262656
            ],
            [
              5.44434654997503,
              5.16347889862712
            ],
            [
              5.43490644599838,
              5.16315338636531
            ],
            [
              5.42790774802326,
              5.16205476370524
            ],
            [
              5.41334069100313,
              5.15664297214326
            ],
            [
              5.40015709700522,
              5.16233958693425
            ],
            [
              5.37614993599461,
              5.15818919293853
            ],
            [
              5.36557050897536,
              5.16347889862712
            ],
            [
              5.36361738400657,
              5.17157624146505
            ],
            [
              5.36557050901947,
              5.20774974932703
            ],
            [
              5.36109459698074,
              5.25397369272031
            ],
            [
              5.34017988402846,
              5.34393953062288
            ],
            [
              5.34571373795141,
              5.35716378583784
            ],
            [
              5.36898847700848,
              5.36204662012286
            ],
            [
              5.43531334701853,
              5.3633487067625
            ],
            [
              5.45427493598303,
              5.36884185778442
            ],
            [
              5.4567977220349,
              5.3595645327227
            ],
            [
              5.45948326899588,
              5.35297272146215
            ],
            [
              5.46802819099243,
              5.3408877592017
            ],
            [
              5.47608483204209,
              5.34731681431619
            ],
            [
              5.48365319099273,
              5.3622907543265
            ],
            [
              5.48910566498294,
              5.36884185778442
            ],
            [
              5.49488365995051,
              5.37287016603278
            ],
            [
              5.52963300900526,
              5.38637930086591
            ],
            [
              5.54607181098767,
              5.3894717425625
            ],
            [
              5.56128990998127,
              5.38886138827457
            ],
            [
              5.57154381601277,
              5.38198477252751
            ],
            [
              5.57789147201278,
              5.38198477252751
            ],
            [
              5.57032311302571,
              5.39468008914053
            ],
            [
              5.54639733196197,
              5.4155134003793
            ],
            [
              5.53687584703067,
              5.43032462193342
            ],
            [
              5.53321373795152,
              5.44424060965064
            ],
            [
              5.53191165495342,
              5.46063872237288
            ],
            [
              5.5339461600045,
              5.47638581057283
            ],
            [
              5.54029381596389,
              5.48834868714898
            ],
            [
              5.55355878996539,
              5.49689360972778
            ],
            [
              5.568695508953,
              5.49990467339412
            ],
            [
              5.60206139400249,
              5.49925364884058
            ],
            [
              5.61402428500551,
              5.5049502638987
            ],
            [
              5.62574303499692,
              5.51788971489537
            ],
            [
              5.63990319103979,
              5.5401879067719
            ],
            [
              5.62387128999828,
              5.53359609537661
            ],
            [
              5.61052493596344,
              5.52191802321182
            ],
            [
              5.59620201895192,
              5.51422758911576
            ],
            [
              5.57789147202224,
              5.51972077778568
            ],
            [
              5.57520592495863,
              5.51483794341227
            ],
            [
              5.56885826896607,
              5.5104434150102
            ],
            [
              5.56413821696694,
              5.50543853231411
            ],
            [
              5.54102623801652,
              5.51048412282152
            ],
            [
              5.51710045705143,
              5.49860262428711
            ],
            [
              5.50318444099629,
              5.47646718864182
            ],
            [
              5.50953209699707,
              5.45075104291599
            ],
            [
              5.49805748800282,
              5.42641836198279
            ],
            [
              5.48487389404688,
              5.41152579992048
            ],
            [
              5.4685978520059,
              5.40778229611529
            ],
            [
              5.44743899803221,
              5.41669343870164
            ],
            [
              5.44157962300667,
              5.42348867640934
            ],
            [
              5.43995201901048,
              5.42987702377962
            ],
            [
              5.43604576902819,
              5.43463777222888
            ],
            [
              5.4235945969956,
              5.43650950536054
            ],
            [
              5.4183048839928,
              5.43081289034488
            ],
            [
              5.42107181100662,
              5.41779206140234
            ],
            [
              5.42750084697341,
              5.40395741424347
            ],
            [
              5.43384850396149,
              5.39557524789106
            ],
            [
              5.37598717503334,
              5.39883048328107
            ],
            [
              5.26319420699572,
              5.43650950536054
            ],
            [
              5.25847415497157,
              5.44183990029422
            ],
            [
              5.25391686295536,
              5.45278553218864
            ],
            [
              5.250173373026,
              5.45819734275428
            ],
            [
              5.21859785195116,
              5.48712797855929
            ],
            [
              5.19800866004723,
              5.50145093181556
            ],
            [
              5.19060306095181,
              5.52285388978631
            ],
            [
              5.18848717501078,
              5.54413483702741
            ],
            [
              5.19117272198,
              5.55385976043904
            ],
            [
              5.19792727997207,
              5.5575625564906
            ],
            [
              5.21420332104218,
              5.57514070774101
            ],
            [
              5.22282962296621,
              5.58120350537726
            ],
            [
              5.23023522197605,
              5.5825055920477
            ],
            [
              5.32813561295879,
              5.57843657589724
            ],
            [
              5.36524498798757,
              5.5723330704509
            ],
            [
              5.38599694100833,
              5.56061432798603
            ],
            [
              5.39283287900833,
              5.56061432798603
            ],
            [
              5.40259850401851,
              5.57477448765037
            ],
            [
              5.4192000659622,
              5.61054106942467
            ],
            [
              5.42701256600459,
              5.62213776360996
            ],
            [
              5.43995201901578,
              5.62767162259031
            ],
            [
              5.45582115998479,
              5.62738678056821
            ],
            [
              5.47103925895541,
              5.62278878817066
            ],
            [
              5.48170006598019,
              5.61530181795792
            ],
            [
              5.48438561299413,
              5.60797760388956
            ],
            [
              5.490000847044,
              5.58584220557093
            ],
            [
              5.49252363396447,
              5.58120350537726
            ],
            [
              5.50294030002953,
              5.58177318941931
            ],
            [
              5.50806725403657,
              5.58454011890012
            ],
            [
              5.50961347700673,
              5.59064362435284
            ],
            [
              5.5095320970404,
              5.60162996421823
            ],
            [
              5.50212649804754,
              5.61725496674574
            ],
            [
              5.48511803494502,
              5.63434477455518
            ],
            [
              5.46485436289449,
              5.64862698263265
            ],
            [
              5.44743899791194,
              5.65623603874611
            ],
            [
              5.4284774100477,
              5.65582918594799
            ],
            [
              5.41895592493832,
              5.64590076094967
            ],
            [
              5.40650475398046,
              5.61530181795792
            ],
            [
              5.39600670698835,
              5.60590240677485
            ],
            [
              5.37964928499292,
              5.59796783841089
            ],
            [
              5.36150149799467,
              5.59365468804543
            ],
            [
              5.34498131601816,
              5.59479401857742
            ],
            [
              5.32601972702298,
              5.60541413835498
            ],
            [
              5.31788170703318,
              5.6195742980725
            ],
            [
              5.31820722703698,
              5.6366641434383
            ],
            [
              5.33692467497452,
              5.69114816977544
            ],
            [
              5.33920332104626,
              5.70587801362574
            ],
            [
              5.33757571709132,
              5.72455478779813
            ],
            [
              5.33139082109123,
              5.72455478779813
            ],
            [
              5.30404707094847,
              5.65005115519204
            ],
            [
              5.29322350408409,
              5.63031650375281
            ],
            [
              5.28028405002718,
              5.61749910095591
            ],
            [
              5.26303144596327,
              5.61054106942467
            ],
            [
              5.23910566496044,
              5.60846587230954
            ],
            [
              5.22828209695906,
              5.60561756475328
            ],
            [
              5.20492597696338,
              5.59198638128259
            ],
            [
              5.17969811297114,
              5.58258697011752
            ],
            [
              5.1735945970251,
              5.58539460741012
            ],
            [
              5.16016686301754,
              5.59479401857742
            ],
            [
              5.14486738404776,
              5.60862866600287
            ],
            [
              5.12916100403383,
              5.62811922075263
            ],
            [
              5.11670983193548,
              5.64883044658494
            ],
            [
              5.1072697269656,
              5.676988009985
            ],
            [
              5.09782962304588,
              5.69086336530544
            ],
            [
              5.08863365994619,
              5.7087262836487
            ],
            [
              5.08497154991705,
              5.73200101270013
            ],
            [
              5.08741295701197,
              5.75210195946794
            ],
            [
              5.09343509202943,
              5.7747256640058
            ],
            [
              5.10271243603834,
              5.79319897429009
            ],
            [
              5.11500084699685,
              5.80093007879519
            ],
            [
              5.12647545707088,
              5.79702385628352
            ],
            [
              5.14649498798591,
              5.78107330374647
            ],
            [
              5.15398196701509,
              5.77920157056311
            ],
            [
              5.15919030001936,
              5.78558991811716
            ],
            [
              5.15699303494435,
              5.79450102342479
            ],
            [
              5.15308678508804,
              5.8046329124601
            ],
            [
              5.15398196694478,
              5.81452055462653
            ],
            [
              5.18539472702389,
              5.84202709370062
            ],
            [
              5.26742597703471,
              5.8718936344154
            ],
            [
              5.29037519590565,
              5.91010159644156
            ],
            [
              5.26954186302214,
              5.90639883787178
            ],
            [
              5.23536217489819,
              5.8759219052669
            ],
            [
              5.19581139408739,
              5.86399977374926
            ],
            [
              5.1199650399195,
              5.82416410013695
            ],
            [
              5.10547936295468,
              5.81366606610451
            ],
            [
              5.05502363399901,
              5.76658763160221
            ],
            [
              5.04468834703427,
              5.76748282793457
            ],
            [
              5.00733483192116,
              5.84918851416859
            ],
            [
              5.00301989252315,
              5.85478035556123
            ]
          ]
        ]
      },
      "type": "Feature",
      "properties": {
        "source": "https://simplemaps.com",
        "id": "NGDE",
        "name": "Delta"
      },
      "id": 18
    },
    {
      "geometry": {
        "type": "Polygon",
        "coordinates": [
          [
            [
              5.46019973563596,
              5.13379016569071
            ],
            [
              5.48682824142917,
              5.11108368587853
            ],
            [
              5.52579227110109,
              5.08625316169638
            ],
            [
              5.57168094201985,
              5.07095693498389
            ],
            [
              5.62242719935157,
              5.04305166177512
            ],
            [
              5.64134077295962,
              5.02840139469214
            ],
            [
              5.66583540158004,
              5.02504242546708
            ],
            [
              5.6831986833712,
              5.0274195417881
            ],
            [
              5.6985982603982,
              5.02667023317835
            ],
            [
              5.73518517415837,
              5.04612641098949
            ],
            [
              5.76898156084729,
              5.07000092110921
            ],
            [
              5.7876884288742,
              5.07596954865617
            ],
            [
              5.80587853386313,
              5.08423777779149
            ],
            [
              5.82510216583082,
              5.0904131129609
            ],
            [
              5.84370568196702,
              5.08614980554616
            ],
            [
              5.87398807119116,
              5.09201508165507
            ],
            [
              5.90168663891818,
              5.10669118560634
            ],
            [
              5.93465620331247,
              5.15343251921555
            ],
            [
              5.9474719579465,
              5.15953033500091
            ],
            [
              5.98178510858925,
              5.12924794966434
            ],
            [
              6.00276574065887,
              5.11689728863307
            ],
            [
              6.02343631434795,
              5.10813813416186
            ],
            [
              6.05020470518202,
              5.10457245493161
            ],
            [
              6.06674116378411,
              5.11340912885727
            ],
            [
              6.09547326026963,
              5.15281240108339
            ],
            [
              6.10425825441889,
              5.15671397610129
            ],
            [
              6.11583377380149,
              5.15454356263777
            ],
            [
              6.12844282376481,
              5.15074534377275
            ],
            [
              6.14022504964406,
              5.14909170168014
            ],
            [
              6.15355757003971,
              5.15203726280661
            ],
            [
              6.16079227143873,
              5.15741160430627
            ],
            [
              6.16626997188723,
              5.16384532524162
            ],
            [
              6.17433149561064,
              5.17020152672314
            ],
            [
              6.198619418635,
              5.17764292555889
            ],
            [
              6.21029829261151,
              5.18371490467845
            ],
            [
              6.21525923002683,
              5.19379181499864
            ],
            [
              6.21308881968975,
              5.20270599913378
            ],
            [
              6.20378706161276,
              5.21738210336589
            ],
            [
              6.20161665217155,
              5.22854421109759
            ],
            [
              6.20947147033698,
              5.25259959759007
            ],
            [
              6.22828169115762,
              5.25926585823399
            ],
            [
              6.2705530127169,
              5.25895579916256
            ],
            [
              6.28853641125396,
              5.26360668523534
            ],
            [
              6.29070682064197,
              5.2692910765154
            ],
            [
              6.29101687992683,
              5.28347626498688
            ],
            [
              6.29298058381278,
              5.2954393665932
            ],
            [
              6.29814822767374,
              5.30567129723573
            ],
            [
              6.30579634020311,
              5.31481801174595
            ],
            [
              6.31489139183594,
              5.32352550251285
            ],
            [
              6.33328820236294,
              5.33709055416748
            ],
            [
              6.34961795362286,
              5.34259410744293
            ],
            [
              6.47911909252803,
              5.36199858941272
            ],
            [
              6.49534549280245,
              5.37130036169578
            ],
            [
              6.4930717296638,
              5.39303029620429
            ],
            [
              6.58557254377825,
              5.38447786306078
            ],
            [
              6.61440799308244,
              5.35006136194101
            ],
            [
              6.61761193213189,
              5.34592722841868
            ],
            [
              6.62009240079047,
              5.34104379329083
            ],
            [
              6.61998904799739,
              5.33406747349375
            ],
            [
              6.61688846173977,
              5.32864146785248
            ],
            [
              6.6075867037036,
              5.32019238154727
            ],
            [
              6.60572635263451,
              5.31698844404048
            ],
            [
              6.60138553194758,
              5.31388785330085
            ],
            [
              6.58267866389609,
              5.30954702626764
            ],
            [
              6.5783378431942,
              5.30365590386971
            ],
            [
              6.57575402171456,
              5.29280385508418
            ],
            [
              6.56965620276997,
              5.28223602869682
            ],
            [
              6.53616987531439,
              5.24066233275166
            ],
            [
              6.51177859863298,
              5.22257559747468
            ],
            [
              6.48997114426068,
              5.20231842999214
            ],
            [
              6.47601850805672,
              5.17020152672314
            ],
            [
              6.47064415860384,
              5.1249071321474
            ],
            [
              6.46247928208583,
              5.10348724820981
            ],
            [
              6.44459923727806,
              5.09446971746659
            ],
            [
              6.43860477108122,
              5.08555552411197
            ],
            [
              6.43209354007879,
              5.06436818932043
            ],
            [
              6.42764936662132,
              5.03922760629807
            ],
            [
              6.42754601383611,
              5.01876373892101
            ],
            [
              6.43023318901074,
              5.0077308215165
            ],
            [
              6.43426395080103,
              4.99687889209095
            ],
            [
              6.44005171136168,
              4.98680197698791
            ],
            [
              6.44800988116845,
              4.97778436673378
            ],
            [
              6.43033654079119,
              4.95850898452961
            ],
            [
              6.42051801893228,
              4.93716666616703
            ],
            [
              6.41783084457699,
              4.92223215062315
            ],
            [
              6.39726362443534,
              4.8922339361566
            ],
            [
              6.3863082214521,
              4.8581793595747
            ],
            [
              6.38579145746484,
              4.81743247646961
            ],
            [
              6.40873579330195,
              4.78709838549942
            ],
            [
              6.42248172334497,
              4.78014771177333
            ],
            [
              6.43757124225445,
              4.77877836656165
            ],
            [
              6.4458394709306,
              4.76694455615823
            ],
            [
              6.44067182765523,
              4.74813423539742
            ],
            [
              6.45142052560661,
              4.71764512462633
            ],
            [
              6.4825297384268,
              4.72051329895338
            ],
            [
              6.56521203047128,
              4.75133828686694
            ],
            [
              6.6271203956708,
              4.71242581043918
            ],
            [
              6.63487186016456,
              4.67635567190439
            ],
            [
              6.6504781431584,
              4.64343791161876
            ],
            [
              6.67900353333014,
              4.62201778404292
            ],
            [
              6.71176639206589,
              4.60729026345448
            ],
            [
              6.72264046046165,
              4.59138176532167
            ],
            [
              6.71713300923645,
              4.58462156242055
            ],
            [
              6.70183353023921,
              4.54254799690793
            ],
            [
              6.69507897158677,
              4.49721900743199
            ],
            [
              6.70191491027542,
              4.46393472761268
            ],
            [
              6.69752037924424,
              4.45563393649515
            ],
            [
              6.69703209725231,
              4.43598061937813
            ],
            [
              6.69507897186006,
              4.42291896561676
            ],
            [
              6.68572024756557,
              4.44546118631213
            ],
            [
              6.68262780041774,
              4.45921472293335
            ],
            [
              6.67986087337514,
              4.52057538493664
            ],
            [
              6.67457116009418,
              4.5327823248148
            ],
            [
              6.67074629028698,
              4.52602783009589
            ],
            [
              6.66618899794018,
              4.52024972233543
            ],
            [
              6.66081790468147,
              4.51557027521903
            ],
            [
              6.65406334658777,
              4.51170468418159
            ],
            [
              6.65943444101838,
              4.49754467003182
            ],
            [
              6.66032962287882,
              4.45087307378497
            ],
            [
              6.66431725384902,
              4.43463771180916
            ],
            [
              6.67644290530134,
              4.41290934721824
            ],
            [
              6.6844181654447,
              4.39370366610609
            ],
            [
              6.69450931082031,
              4.35907617893345
            ],
            [
              6.69507897212151,
              4.34723545964182
            ],
            [
              6.68767337271755,
              4.33657451619824
            ],
            [
              6.67750084665358,
              4.33307514548655
            ],
            [
              6.64665774828239,
              4.33356363937185
            ],
            [
              6.6185001957762,
              4.33075585102569
            ],
            [
              6.61264082092786,
              4.33673734749343
            ],
            [
              6.60173587277732,
              4.36904523962454
            ],
            [
              6.59880618562266,
              4.39996966677073
            ],
            [
              6.60010826907278,
              4.44550204435008
            ],
            [
              6.59587649764618,
              4.48208230594985
            ],
            [
              6.58082116000364,
              4.50787995118533
            ],
            [
              6.55046634167709,
              4.5048687738389
            ],
            [
              6.57837975420463,
              4.48285560440895
            ],
            [
              6.58838951873648,
              4.4476585075603
            ],
            [
              6.58472741014428,
              4.40692785066902
            ],
            [
              6.57154381621849,
              4.36835365725615
            ],
            [
              6.56959069079373,
              4.3349062464897
            ],
            [
              6.51986738419114,
              4.32314694289628
            ],
            [
              6.46176191520861,
              4.32868080350819
            ],
            [
              6.43433678511678,
              4.34723545964182
            ],
            [
              6.42090904975415,
              4.34487530713791
            ],
            [
              6.40772545666644,
              4.34100971621997
            ],
            [
              6.4152938159322,
              4.32225167120171
            ],
            [
              6.39893639386134,
              4.31598537019713
            ],
            [
              6.37387129003161,
              4.31439851614194
            ],
            [
              6.35547936269413,
              4.30963765355227
            ],
            [
              6.3362736339394,
              4.30121488940708
            ],
            [
              6.29029381566413,
              4.29995339751751
            ],
            [
              6.27051842498615,
              4.29262929398045
            ],
            [
              6.24683678490524,
              4.32050198585004
            ],
            [
              6.2671004573894,
              4.36298262790117
            ],
            [
              6.33253014371146,
              4.43659078610586
            ],
            [
              6.31950931079084,
              4.43768944672807
            ],
            [
              6.31137129002407,
              4.43960196341467
            ],
            [
              6.30518639442756,
              4.43992762601107
            ],
            [
              6.29721113371305,
              4.43659078610586
            ],
            [
              6.26303144627408,
              4.39565674038834
            ],
            [
              6.25847415535587,
              4.44953046663912
            ],
            [
              6.24252363376837,
              4.49803286350485
            ],
            [
              6.23633873776862,
              4.49803286350485
            ],
            [
              6.23519941495284,
              4.47817615732477
            ],
            [
              6.23698978011716,
              4.45278559047616
            ],
            [
              6.24170983166162,
              4.42792377482281
            ],
            [
              6.24935957097454,
              4.40989816992396
            ],
            [
              6.2395939456338,
              4.41962298375959
            ],
            [
              6.23121178484334,
              4.43048731627096
            ],
            [
              6.21989993619542,
              4.4393985745053
            ],
            [
              6.20167076863938,
              4.44342669636312
            ],
            [
              6.21241295723152,
              4.42011147765244
            ],
            [
              6.22331790525247,
              4.40460855617755
            ],
            [
              6.23015384219893,
              4.38800697413337
            ],
            [
              6.22885175928441,
              4.36151774709131
            ],
            [
              6.22234134239116,
              4.34194584595473
            ],
            [
              6.21517988382849,
              4.32733789596507
            ],
            [
              6.20899498769264,
              4.32273986465931
            ],
            [
              6.20069420678232,
              4.32005435000293
            ],
            [
              6.19467207120159,
              4.31419512723711
            ],
            [
              6.19483483176711,
              4.3000348131646
            ],
            [
              6.20281009185164,
              4.30390040405451
            ],
            [
              6.20915774785149,
              4.30390040405451
            ],
            [
              6.22266686276607,
              4.3000348131646
            ],
            [
              6.21705162902784,
              4.29059480408699
            ],
            [
              6.18873131609511,
              4.28099196373144
            ],
            [
              6.15162194077566,
              4.27899803145217
            ],
            [
              6.12647545706217,
              4.28579338390719
            ],
            [
              6.12305748763924,
              4.28095110569467
            ],
            [
              6.11654707131854,
              4.27635337485317
            ],
            [
              6.11280358185001,
              4.27216212139523
            ],
            [
              6.09669029998878,
              4.27814361780128
            ],
            [
              6.0877384766865,
              4.28823465160668
            ],
            [
              6.08432050901626,
              4.3023135500027
            ],
            [
              6.08497154990771,
              4.32050198585004
            ],
            [
              6.08912194059932,
              4.33714412530468
            ],
            [
              6.10254967496175,
              4.36090727994505
            ],
            [
              6.10531660181214,
              4.37457910028161
            ],
            [
              6.10075931095089,
              4.37262602600674
            ],
            [
              6.08969160213631,
              4.37002192697465
            ],
            [
              6.08497155020232,
              4.36835365725615
            ],
            [
              6.08513431065109,
              4.38410052514815
            ],
            [
              6.08871503978572,
              4.41111880380052
            ],
            [
              6.07781009195918,
              4.41229888006636
            ],
            [
              6.06739342487101,
              4.41498439476698
            ],
            [
              6.05543053493378,
              4.41986723070601
            ],
            [
              6.04330488394667,
              4.41608305538489
            ],
            [
              6.04029381615416,
              4.40591060570152
            ],
            [
              6.0421655608679,
              4.39118068228579
            ],
            [
              6.04656009225324,
              4.37702066844624
            ],
            [
              6.05079186320118,
              4.36835365725615
            ],
            [
              6.04656009175425,
              4.35521058800576
            ],
            [
              6.05193118581481,
              4.34422428238299
            ],
            [
              6.06006920672949,
              4.33242412073301
            ],
            [
              6.06446373801422,
              4.31679922624339
            ],
            [
              6.06177819080399,
              4.29523339297682
            ],
            [
              6.05396569123602,
              4.29629149596117
            ],
            [
              6.04216556121919,
              4.3066267767402
            ],
            [
              6.02702884167243,
              4.3130556086022
            ],
            [
              6.00489342510035,
              4.31411371158984
            ],
            [
              5.99691816483546,
              4.31940332525088
            ],
            [
              5.99545332134539,
              4.35468183693479
            ],
            [
              6.00147545718511,
              4.35626869100133
            ],
            [
              6.00326582138546,
              4.35919845261871
            ],
            [
              5.99024498763893,
              4.37856666448162
            ],
            [
              5.98861738405273,
              4.38202547761093
            ],
            [
              5.98747806103555,
              4.39891186419363
            ],
            [
              5.98861738394715,
              4.41608305538489
            ],
            [
              5.98259524794719,
              4.41608305538489
            ],
            [
              5.97510826905263,
              4.38202547761093
            ],
            [
              5.96998131635114,
              4.38642012005782
            ],
            [
              5.9546004572606,
              4.39565674038834
            ],
            [
              5.9697371752726,
              4.36151774709131
            ],
            [
              5.97282962267896,
              4.3447938914902
            ],
            [
              5.96143639425332,
              4.33356363937185
            ],
            [
              5.94629967474324,
              4.33519105104282
            ],
            [
              5.93091881605587,
              4.34511955408104
            ],
            [
              5.91814212308825,
              4.35618727535345
            ],
            [
              5.91016686326988,
              4.36151774709131
            ],
            [
              5.88990319096507,
              4.36884185071776
            ],
            [
              5.86752363413889,
              4.38727453372508
            ],
            [
              5.85564212335251,
              4.41160729769262
            ],
            [
              5.86589602973269,
              4.43659078610586
            ],
            [
              5.85466556096783,
              4.43748605781877
            ],
            [
              5.84750410237847,
              4.43439376528884
            ],
            [
              5.84449303463464,
              4.42719133440927
            ],
            [
              5.8453882169484,
              4.41608305538489
            ],
            [
              5.83912194094849,
              4.41608305538489
            ],
            [
              5.82276451918625,
              4.43284746881115
            ],
            [
              5.7823999357949,
              4.45595929866577
            ],
            [
              5.77027428467964,
              4.4713808046356
            ],
            [
              5.77719160217707,
              4.46698646254786
            ],
            [
              5.79037519622901,
              4.46116779723876
            ],
            [
              5.79753665530817,
              4.45709881732989
            ],
            [
              5.78980553474496,
              4.46971253488656
            ],
            [
              5.77767988369365,
              4.47553120020471
            ],
            [
              5.76368248765801,
              4.47894915535655
            ],
            [
              5.74976647202234,
              4.48444245851226
            ],
            [
              5.72836347672642,
              4.50763570423499
            ],
            [
              5.72071373764214,
              4.5182557899703
            ],
            [
              5.69402103014326,
              4.54559973188731
            ],
            [
              5.68767337290559,
              4.549872100776
            ],
            [
              5.59489993631519,
              4.63646080053021
            ],
            [
              5.56690514409542,
              4.67523838477406
            ],
            [
              5.55730228020871,
              4.71775958722383
            ],
            [
              5.56153405020302,
              4.71637612197078
            ],
            [
              5.56462649785511,
              4.71503321433136
            ],
            [
              5.57154381637078,
              4.71100509226872
            ],
            [
              5.57146243629438,
              4.72955974971648
            ],
            [
              5.52767988433392,
              4.75649661445965
            ],
            [
              5.516368035303,
              4.77578371253266
            ],
            [
              5.51148522171181,
              4.79181538620384
            ],
            [
              5.48633873822255,
              4.83502847247346
            ],
            [
              5.47543379026292,
              4.84747966005318
            ],
            [
              5.50953209678064,
              4.8270530429642
            ],
            [
              5.5009871752287,
              4.85089761544748
            ],
            [
              5.46900475425435,
              4.88678629744142
            ],
            [
              5.44125410163544,
              4.96417863871374
            ],
            [
              5.43238366000016,
              5.01089101802761
            ],
            [
              5.42701256599971,
              5.02627187685537
            ],
            [
              5.41423587300096,
              5.05243561434337
            ],
            [
              5.40886478000067,
              5.06757233323685
            ],
            [
              5.40650475400186,
              5.08429596667504
            ],
            [
              5.40333092499697,
              5.09186432381494
            ],
            [
              5.39625084700909,
              5.09951406841834
            ],
            [
              5.38933352999065,
              5.10976796743163
            ],
            [
              5.38599694100925,
              5.1255557344769
            ],
            [
              5.39087975400897,
              5.13768138536505
            ],
            [
              5.40284264400324,
              5.14240143519034
            ],
            [
              5.41846764400836,
              5.1412621141133
            ],
            [
              5.43384850399259,
              5.13613515518696
            ],
            [
              5.44467207100077,
              5.12710195526377
            ],
            [
              5.46273847699029,
              5.10228098833127
            ],
            [
              5.47543379000821,
              5.09454987504783
            ],
            [
              5.46019973563596,
              5.13379016569071
            ]
          ]
        ]
      },
      "type": "Feature",
      "properties": {
        "source": "https://simplemaps.com",
        "id": "NGBY",
        "name": "Bayelsa"
      },
      "id": 19
    },
    {
      "geometry": {
        "type": "MultiPolygon",
        "coordinates": [
          [
            [
              [
                6.4930717296638,
                5.39303029620429
              ],
              [
                6.4760185079996,
                5.436490165395
              ],
              [
                6.47467492006649,
                5.43850557757212
              ],
              [
                6.48066938616729,
                5.44269134697225
              ],
              [
                6.49038455627743,
                5.45354339596629
              ],
              [
                6.49617231597066,
                5.4580392432297
              ],
              [
                6.51436242005784,
                5.4650413998249
              ],
              [
                6.51984012231155,
                5.46876210878262
              ],
              [
                6.53947716638397,
                5.48948437499655
              ],
              [
                6.54691857337842,
                5.50095654220731
              ],
              [
                6.55187950984755,
                5.51382396590905
              ],
              [
                6.55632368328983,
                5.54128998439359
              ],
              [
                6.55983768075657,
                5.56170217289708
              ],
              [
                6.57988813588584,
                5.6077200255868
              ],
              [
                6.60572635250672,
                5.72316516429746
              ],
              [
                6.6358020361148,
                5.69660346721177
              ],
              [
                6.66877159982556,
                5.69427808978601
              ],
              [
                6.65709272564303,
                5.65960314559392
              ],
              [
                6.62619021975718,
                5.5020417208256
              ],
              [
                6.63270144997091,
                5.47987256228082
              ],
              [
                6.66846154142161,
                5.47734041625529
              ],
              [
                6.70463504402711,
                5.48625460073159
              ],
              [
                6.74587283678549,
                5.44313060828719
              ],
              [
                6.73770796115193,
                5.37197215323167
              ],
              [
                6.72313520728951,
                5.33967437353308
              ],
              [
                6.72437544079143,
                5.30505117908869
              ],
              [
                6.73378055164649,
                5.29422496699233
              ],
              [
                6.75775841628824,
                5.27662912870307
              ],
              [
                6.76478641128833,
                5.26332246285498
              ],
              [
                6.87020633278009,
                5.19492870450774
              ],
              [
                7.01117964013487,
                5.18516185325342
              ],
              [
                7.13706342881813,
                5.19766754396419
              ],
              [
                7.1898767427868,
                5.1824746684078
              ],
              [
                7.22181277840527,
                5.18629872398424
              ],
              [
                7.25147505004108,
                5.19469615551237
              ],
              [
                7.27142215330314,
                5.15787669290578
              ],
              [
                7.26615115664348,
                5.10937836102807
              ],
              [
                7.16331505692266,
                4.9514035907751
              ],
              [
                7.17654422467383,
                4.87365644568125
              ],
              [
                7.21716189926086,
                4.86115058036403
              ],
              [
                7.29943077988035,
                4.87794533831266
              ],
              [
                7.33829145766426,
                4.87864322970993
              ],
              [
                7.37642866406427,
                4.86357953082859
              ],
              [
                7.42944868287133,
                4.86208070165495
              ],
              [
                7.49631798751096,
                4.81738080306501
              ],
              [
                7.50851362536029,
                4.79208516944279
              ],
              [
                7.52608361211949,
                4.76423140201753
              ],
              [
                7.53476525201869,
                4.72663689771308
              ],
              [
                7.53352571753293,
                4.70269438668352
              ],
              [
                7.5278426444466,
                4.69855390502073
              ],
              [
                7.52051842466198,
                4.68976461962121
              ],
              [
                7.5174259774275,
                4.67991783203095
              ],
              [
                7.51970462293085,
                4.66510649221397
              ],
              [
                7.52279707100693,
                4.65412018596391
              ],
              [
                7.52271569151707,
                4.64411056713628
              ],
              [
                7.51441491015858,
                4.63214757353268
              ],
              [
                7.51417076860979,
                4.62592182978533
              ],
              [
                7.52784264390974,
                4.6095644940188
              ],
              [
                7.53109785221003,
                4.60114172941326
              ],
              [
                7.52784264352606,
                4.5986187454967
              ],
              [
                7.51124108150872,
                4.57998267286031
              ],
              [
                7.50196373848643,
                4.57269942699001
              ],
              [
                7.49048912869727,
                4.56631085201027
              ],
              [
                7.47917728005759,
                4.56517163374993
              ],
              [
                7.46957441454737,
                4.57379778721303
              ],
              [
                7.46273847654779,
                4.57379778721303
              ],
              [
                7.4541121751598,
                4.55316808271193
              ],
              [
                7.43238365989647,
                4.55540596161572
              ],
              [
                7.39771569055174,
                4.57379778721303
              ],
              [
                7.3727319670096,
                4.57514069481641
              ],
              [
                7.34669030000166,
                4.58030833546514
              ],
              [
                7.3245548836559,
                4.59076559004133
              ],
              [
                7.31202233199409,
                4.60789622422695
              ],
              [
                7.30591881556295,
                4.60415260638691
              ],
              [
                7.29908287950589,
                4.6020370011534
              ],
              [
                7.28101647220307,
                4.60114172941326
              ],
              [
                7.27784264371595,
                4.59804913636307
              ],
              [
                7.27662194056951,
                4.59105039460774
              ],
              [
                7.27320397174757,
                4.58392967959812
              ],
              [
                7.26368248752491,
                4.57998267286031
              ],
              [
                7.26368248755987,
                4.57379778721303
              ],
              [
                7.27027428466331,
                4.5697288072195
              ],
              [
                7.27735436326773,
                4.56635171004916
              ],
              [
                7.27116946662194,
                4.56004455072788
              ],
              [
                7.28402753989852,
                4.55540596161572
              ],
              [
                7.30103600419898,
                4.54181555647897
              ],
              [
                7.32837975406046,
                4.53620028000271
              ],
              [
                7.33326256614974,
                4.52936436962908
              ],
              [
                7.3317977222924,
                4.52049396928634
              ],
              [
                7.32569420654614,
                4.51170468418159
              ],
              [
                7.28101647164111,
                4.5048687738389
              ],
              [
                7.27613366030579,
                4.51015868810878
              ],
              [
                7.25367272249586,
                4.54271082820919
              ],
              [
                7.19044030041895,
                4.61163984206961
              ],
              [
                7.18165123815156,
                4.63214757353268
              ],
              [
                7.18165123767283,
                4.65940979995499
              ],
              [
                7.17888431136113,
                4.66885011009726
              ],
              [
                7.17237389391902,
                4.66889066771017
              ],
              [
                7.15821373844788,
                4.66201419955304
              ],
              [
                7.13640384165569,
                4.6618105102085
              ],
              [
                7.13314863410234,
                4.6631534178342
              ],
              [
                7.12484785243132,
                4.67234948102534
              ],
              [
                7.10678144578725,
                4.68707910478321
              ],
              [
                7.09913170653604,
                4.69725155499904
              ],
              [
                7.0826929054871,
                4.74274337749579
              ],
              [
                7.07178795678478,
                4.75812402625862
              ],
              [
                7.0704858726273,
                4.74835835376551
              ],
              [
                7.06544029958884,
                4.73867409694458
              ],
              [
                7.0602319667947,
                4.73191960196216
              ],
              [
                7.0576278002592,
                4.7308617993195
              ],
              [
                7.06039472651616,
                4.72068904861106
              ],
              [
                7.0656844414749,
                4.71893966355724
              ],
              [
                7.07227623773994,
                4.71808494941044
              ],
              [
                7.07862389447106,
                4.71100509226872
              ],
              [
                7.08863365989018,
                4.67645901871078
              ],
              [
                7.09791100365758,
                4.6618105102085
              ],
              [
                7.11622154980873,
                4.65570704011799
              ],
              [
                7.14722740959797,
                4.64004128666208
              ],
              [
                7.16968834716187,
                4.60594314986839
              ],
              [
                7.17335045726365,
                4.57290281590438
              ],
              [
                7.14747154962842,
                4.56004455072788
              ],
              [
                7.16032962340656,
                4.55093020380908
              ],
              [
                7.17554772240718,
                4.53644452695433
              ],
              [
                7.18458092516229,
                4.51902908843455
              ],
              [
                7.1782332686883,
                4.5014508186708
              ],
              [
                7.15064537897284,
                4.47060780660486
              ],
              [
                7.13355553500298,
                4.46303945589545
              ],
              [
                7.11280358160508,
                4.4713808046356
              ],
              [
                7.11231529963293,
                4.45587788301641
              ],
              [
                7.11280358187062,
                4.45087307378497
              ],
              [
                7.09424889370373,
                4.45937725380538
              ],
              [
                7.08057701874724,
                4.47044497530575
              ],
              [
                7.07455488420137,
                4.48525631458321
              ],
              [
                7.07862389365109,
                4.5048687738389
              ],
              [
                7.06527754040081,
                4.49298749662321
              ],
              [
                7.06267337268453,
                4.47626364062471
              ],
              [
                7.06812584737961,
                4.45848228251565
              ],
              [
                7.07862389358837,
                4.44342669636312
              ],
              [
                7.05144290467865,
                4.43659078610586
              ],
              [
                7.04395592467904,
                4.43659078610586
              ],
              [
                7.0319116549628,
                4.45990630531306
              ],
              [
                7.02588951874769,
                4.48493065198412
              ],
              [
                7.02328535159957,
                4.53587461740054
              ],
              [
                7.00700931110546,
                4.56313714375608
              ],
              [
                7.00220787939852,
                4.57990155763586
              ],
              [
                7.01343834725487,
                4.58738849285767
              ],
              [
                7.0178328791733,
                4.59560786852617
              ],
              [
                7.02295983219231,
                4.61424394121731
              ],
              [
                7.02572675915957,
                4.63491450399457
              ],
              [
                7.02328535189768,
                4.64887112959092
              ],
              [
                7.02849368634815,
                4.64642986173056
              ],
              [
                7.03777102988213,
                4.64472073388759
              ],
              [
                7.04395592536357,
                4.64264568625054
              ],
              [
                7.03736412897636,
                4.65375396574174
              ],
              [
                7.01726321654498,
                4.67621477175269
              ],
              [
                7.01303144645622,
                4.68720137847588
              ],
              [
                7.00806725428486,
                4.70880777091218
              ],
              [
                7.00359134226302,
                4.71775958722383
              ],
              [
                6.98487389355109,
                4.6920839142357
              ],
              [
                6.97852623844697,
                4.69236901923438
              ],
              [
                6.97445722705096,
                4.70864493960579
              ],
              [
                6.96265709725571,
                4.7308617993195
              ],
              [
                6.9577742845307,
                4.7155214078244
              ],
              [
                6.96021569052273,
                4.69171769401088
              ],
              [
                6.95582115983634,
                4.68366114949808
              ],
              [
                6.96697024834316,
                4.6674666448572
              ],
              [
                6.98926842499437,
                4.60789622422695
              ],
              [
                6.97885175899435,
                4.60789622422695
              ],
              [
                6.97185306119822,
                4.60907630053562
              ],
              [
                6.96664472687212,
                4.61298244925578
              ],
              [
                6.9626570968203,
                4.62156804518382
              ],
              [
                6.95866946680931,
                4.61880111472889
              ],
              [
                6.94898522190598,
                4.61473213470097
              ],
              [
                6.94019615998369,
                4.63410064790091
              ],
              [
                6.92953535207704,
                4.65106845092223
              ],
              [
                6.90056399783761,
                4.68366114949808
              ],
              [
                6.90259850408463,
                4.66693759332899
              ],
              [
                6.90748131628715,
                4.6536319924766
              ],
              [
                6.92156009168103,
                4.62905498046435
              ],
              [
                6.92986087258159,
                4.6186382834253
              ],
              [
                6.93360436315315,
                4.6124942557723
              ],
              [
                6.93531334715263,
                4.60455968464483
              ],
              [
                6.93148847666669,
                4.59593323070522
              ],
              [
                6.92457115959034,
                4.59105039460774
              ],
              [
                6.92123457107514,
                4.58519117155277
              ],
              [
                6.92847740958018,
                4.57379778721303
              ],
              [
                6.9384871749795,
                4.58926015155808
              ],
              [
                6.95704186293915,
                4.59406157200246
              ],
              [
                6.97494550858349,
                4.58966692938807
              ],
              [
                6.98308353046792,
                4.57684982263695
              ],
              [
                6.97348066469621,
                4.50800192444713
              ],
              [
                6.97559655002709,
                4.48444245851226
              ],
              [
                7.01099694109827,
                4.41412998109545
              ],
              [
                7.02369225440149,
                4.39813886617307
              ],
              [
                7.02214602994835,
                4.38849516759668
              ],
              [
                7.01628665502229,
                4.37889232707446
              ],
              [
                7.00660240978441,
                4.37457910028161
              ],
              [
                6.9935001962352,
                4.37628822803942
              ],
              [
                6.98275800867215,
                4.38104879025874
              ],
              [
                6.96412194144897,
                4.38955327059853
              ],
              [
                6.96469160188089,
                4.3849957968526
              ],
              [
                6.96607506624848,
                4.38043862353711
              ],
              [
                6.96949303478555,
                4.37457910028161
              ],
              [
                6.94743899781349,
                4.38149642611069
              ],
              [
                6.9254663418772,
                4.39154690249015
              ],
              [
                6.90308678464858,
                4.39655171166791
              ],
              [
                6.88005618643673,
                4.38816980543004
              ],
              [
                6.86866295690904,
                4.39984769351135
              ],
              [
                6.86085045691101,
                4.41571683517891
              ],
              [
                6.85922285175597,
                4.43353905118757
              ],
              [
                6.86638431087507,
                4.45087307378497
              ],
              [
                6.84929446715338,
                4.45970291640294
              ],
              [
                6.83383222714101,
                4.48590733935473
              ],
              [
                6.82292728045166,
                4.51752364997141
              ],
              [
                6.81861412946612,
                4.54271082820919
              ],
              [
                6.8204858728147,
                4.56085840681021
              ],
              [
                6.82545006565877,
                4.5707460522176
              ],
              [
                6.83228600432383,
                4.57778565198523
              ],
              [
                6.83969160224854,
                4.58738849285767
              ],
              [
                6.84424889389979,
                4.59747952722948
              ],
              [
                6.84839928523883,
                4.61359291643028
              ],
              [
                6.84546959654237,
                4.628607344592
              ],
              [
                6.82886803507149,
                4.63519930856337
              ],
              [
                6.80323326876622,
                4.64980695895189
              ],
              [
                6.78549238381116,
                4.68329492927384
              ],
              [
                6.77019290533425,
                4.74506267213401
              ],
              [
                6.76726321655992,
                4.76967994188119
              ],
              [
                6.77068118552391,
                4.78241593387776
              ],
              [
                6.78101647211745,
                4.79629144464332
              ],
              [
                6.78785240971277,
                4.80841696950882
              ],
              [
                6.7853296232018,
                4.81704342380128
              ],
              [
                6.77621503983606,
                4.81781642188289
              ],
              [
                6.76392662898642,
                4.80654531072959
              ],
              [
                6.75440514352405,
                4.81793839515189
              ],
              [
                6.75123131589299,
                4.82509996852306
              ],
              [
                6.74968509243971,
                4.83445886331382
              ],
              [
                6.74105879019552,
                4.83014563615095
              ],
              [
                6.73275800907735,
                4.82868075521242
              ],
              [
                6.72429446719502,
                4.83014563615095
              ],
              [
                6.71558678543752,
                4.83445886331382
              ],
              [
                6.71998131591833,
                4.81753161730404
              ],
              [
                6.72193444073659,
                4.79946515303921
              ],
              [
                6.7268172543783,
                4.7851017491921
              ],
              [
                6.73951256632693,
                4.7792016678787
              ],
              [
                6.7483830089344,
                4.77167387434156
              ],
              [
                6.75562584708646,
                4.75385165720063
              ],
              [
                6.76392662925405,
                4.71775958722383
              ],
              [
                6.76783287857588,
                4.68036516748094
              ],
              [
                6.77222741040179,
                4.66303144456885
              ],
              [
                6.78101647181775,
                4.65570704011799
              ],
              [
                6.79371178459597,
                4.64899310285592
              ],
              [
                6.80681399823088,
                4.63324623419473
              ],
              [
                6.82545006619037,
                4.60114172941326
              ],
              [
                6.80298912892256,
                4.58197660524836
              ],
              [
                6.79810631558808,
                4.57379778721303
              ],
              [
                6.7961531911422,
                4.55971918855105
              ],
              [
                6.81609134207774,
                4.46137118614894
              ],
              [
                6.82601972694183,
                4.431952197099
              ],
              [
                6.83969160193963,
                4.41608305538489
              ],
              [
                6.83757571728883,
                4.39288981004867
              ],
              [
                6.85792076884552,
                4.37531154068823
              ],
              [
                6.87077884225712,
                4.36078530668652
              ],
              [
                6.84595787912424,
                4.34723545964182
              ],
              [
                6.81462649799812,
                4.34162018336406
              ],
              [
                6.77458743609577,
                4.3389346686987
              ],
              [
                6.73755944134413,
                4.34223065050821
              ],
              [
                6.71558678538688,
                4.35468183693479
              ],
              [
                6.71257571727846,
                4.36908609766194
              ],
              [
                6.71631920735817,
                4.4281274641585
              ],
              [
                6.72120201890362,
                4.43537015222369
              ],
              [
                6.72242272165141,
                4.44000874123343
              ],
              [
                6.72022545674904,
                4.44525779740253
              ],
              [
                6.71094811304577,
                4.4530703950353
              ],
              [
                6.70875084735665,
                4.45709881732989
              ],
              [
                6.70875084729619,
                4.49188883598989
              ],
              [
                6.7124129567076,
                4.50800192444713
              ],
              [
                6.73487389436502,
                4.56781659091382
              ],
              [
                6.73707115996608,
                4.57855865003128
              ],
              [
                6.73609459699457,
                4.60789622422695
              ],
              [
                6.72264046046165,
                4.59138176532167
              ],
              [
                6.71176639206589,
                4.60729026345448
              ],
              [
                6.67900353333014,
                4.62201778404292
              ],
              [
                6.6504781431584,
                4.64343791161876
              ],
              [
                6.63487186016456,
                4.67635567190439
              ],
              [
                6.6271203956708,
                4.71242581043918
              ],
              [
                6.56521203047128,
                4.75133828686694
              ],
              [
                6.4825297384268,
                4.72051329895338
              ],
              [
                6.45142052560661,
                4.71764512462633
              ],
              [
                6.44067182765523,
                4.74813423539742
              ],
              [
                6.4458394709306,
                4.76694455615823
              ],
              [
                6.43757124225445,
                4.77877836656165
              ],
              [
                6.42248172334497,
                4.78014771177333
              ],
              [
                6.40873579330195,
                4.78709838549942
              ],
              [
                6.38579145746484,
                4.81743247646961
              ],
              [
                6.3863082214521,
                4.8581793595747
              ],
              [
                6.39726362443534,
                4.8922339361566
              ],
              [
                6.41783084457699,
                4.92223215062315
              ],
              [
                6.42051801893228,
                4.93716666616703
              ],
              [
                6.43033654079119,
                4.95850898452961
              ],
              [
                6.44800988116845,
                4.97778436673378
              ],
              [
                6.44005171136168,
                4.98680197698791
              ],
              [
                6.43426395080103,
                4.99687889209095
              ],
              [
                6.43023318901074,
                5.0077308215165
              ],
              [
                6.42754601383611,
                5.01876373892101
              ],
              [
                6.42764936662132,
                5.03922760629807
              ],
              [
                6.43209354007879,
                5.06436818932043
              ],
              [
                6.43860477108122,
                5.08555552411197
              ],
              [
                6.44459923727806,
                5.09446971746659
              ],
              [
                6.46247928208583,
                5.10348724820981
              ],
              [
                6.47064415860384,
                5.1249071321474
              ],
              [
                6.47601850805672,
                5.17020152672314
              ],
              [
                6.48997114426068,
                5.20231842999214
              ],
              [
                6.51177859863298,
                5.22257559747468
              ],
              [
                6.53616987531439,
                5.24066233275166
              ],
              [
                6.56965620276997,
                5.28223602869682
              ],
              [
                6.57575402171456,
                5.29280385508418
              ],
              [
                6.5783378431942,
                5.30365590386971
              ],
              [
                6.58267866389609,
                5.30954702626764
              ],
              [
                6.60138553194758,
                5.31388785330085
              ],
              [
                6.60572635263451,
                5.31698844404048
              ],
              [
                6.6075867037036,
                5.32019238154727
              ],
              [
                6.61688846173977,
                5.32864146785248
              ],
              [
                6.61998904799739,
                5.33406747349375
              ],
              [
                6.62009240079047,
                5.34104379329083
              ],
              [
                6.61761193213189,
                5.34592722841868
              ],
              [
                6.61440799308244,
                5.35006136194101
              ],
              [
                6.58557254377825,
                5.38447786306078
              ],
              [
                6.4930717296638,
                5.39303029620429
              ]
            ]
          ],
          [
            [
              [
                7.54102623802927,
                4.48444245851226
              ],
              [
                7.57422936298172,
                4.48786041366967
              ],
              [
                7.58448326927529,
                4.48460528981179
              ],
              [
                7.5788680345792,
                4.4713808046356
              ],
              [
                7.5699975922602,
                4.45941811184345
              ],
              [
                7.55258222715347,
                4.45555252084581
              ],
              [
                7.51441491039946,
                4.45709881732989
              ],
              [
                7.49903404960901,
                4.45449441783133
              ],
              [
                7.44922936266056,
                4.43659078610586
              ],
              [
                7.43181399806754,
                4.43480054310722
              ],
              [
                7.35816490955723,
                4.4392763008183
              ],
              [
                7.34278404988198,
                4.44708889844257
              ],
              [
                7.33692467531349,
                4.46015055226127
              ],
              [
                7.34620201894444,
                4.47817615732477
              ],
              [
                7.35621178537883,
                4.48330324026919
              ],
              [
                7.40455162872526,
                4.49803286350485
              ],
              [
                7.41635175915639,
                4.49384191030702
              ],
              [
                7.45191490960487,
                4.47553120020471
              ],
              [
                7.46957441458526,
                4.4713808046356
              ],
              [
                7.48780358198303,
                4.47337473698354
              ],
              [
                7.52377363350598,
                4.48236711051053
              ],
              [
                7.54102623802927,
                4.48444245851226
              ]
            ]
          ],
          [
            [
              [
                7.27418053532114,
                4.49188883598989
              ],
              [
                7.31967207104689,
                4.49652742504753
              ],
              [
                7.33253014432372,
                4.49188883598989
              ],
              [
                7.32048587307442,
                4.48102450335698
              ],
              [
                7.31430097684997,
                4.46914292576653
              ],
              [
                7.31226647226666,
                4.45563393649515
              ],
              [
                7.31202233162082,
                4.44000874123343
              ],
              [
                7.30779056064641,
                4.42450581970272
              ],
              [
                7.29835045748084,
                4.41474044824753
              ],
              [
                7.28484134209922,
                4.40619541025826
              ],
              [
                7.27068118616351,
                4.40037674501334
              ],
              [
                7.18165123806324,
                4.38202547761093
              ],
              [
                7.14771569098887,
                4.38507721250088
              ],
              [
                7.13803144631939,
                4.3970402055587
              ],
              [
                7.14771569070735,
                4.4159202240874
              ],
              [
                7.17969811277967,
                4.44977441316012
              ],
              [
                7.20215905002796,
                4.48444245851226
              ],
              [
                7.22144616023151,
                4.50665931728726
              ],
              [
                7.22559655003764,
                4.51618074238241
              ],
              [
                7.22950280010201,
                4.5327823248148
              ],
              [
                7.24317467495356,
                4.52440011794188
              ],
              [
                7.25855553502002,
                4.49754467003182
              ],
              [
                7.27418053532114,
                4.49188883598989
              ]
            ]
          ]
        ]
      },
      "type": "Feature",
      "properties": {
        "source": "https://simplemaps.com",
        "id": "NGRI",
        "name": "Rivers"
      },
      "id": 20
    },
    {
      "geometry": {
        "type": "Polygon",
        "coordinates": [
          [
            [
              7.89712039558439,
              5.36496999671442
            ],
            [
              7.86900841585447,
              5.33355073966362
            ],
            [
              7.88533816879567,
              5.29091766395528
            ],
            [
              7.89681033720428,
              5.27244334061758
            ],
            [
              7.91675743961162,
              5.25704377135194
            ],
            [
              7.97546186699959,
              5.26714651848043
            ],
            [
              8.00130008271331,
              5.26035105559572
            ],
            [
              8.04584516835255,
              5.23275585462276
            ],
            [
              8.06248497880956,
              5.2134547010058
            ],
            [
              8.05514692457396,
              5.0911107411576
            ],
            [
              8.06899620890505,
              5.03568777084594
            ],
            [
              8.09576460018223,
              4.98563902491829
            ],
            [
              8.13162804546304,
              4.93491887301376
            ],
            [
              8.24903689907003,
              4.81283324303556
            ],
            [
              8.28738081142656,
              4.78461776166725
            ],
            [
              8.2990596859222,
              4.78236996858213
            ],
            [
              8.29920816331073,
              4.78234142803909
            ],
            [
              8.30494225356437,
              4.77732970868344
            ],
            [
              8.31999759239135,
              4.73436117028931
            ],
            [
              8.33236738431293,
              4.71775958722383
            ],
            [
              8.32894941521339,
              4.71149328576139
            ],
            [
              8.32097415534495,
              4.68915445286462
            ],
            [
              8.31950931147308,
              4.67991783203095
            ],
            [
              8.32349694058082,
              4.66559468570232
            ],
            [
              8.33318118541942,
              4.65997940909524
            ],
            [
              8.34449303446827,
              4.65656145382781
            ],
            [
              8.3535262378783,
              4.64887112959092
            ],
            [
              8.3564559245304,
              4.6255556095651
            ],
            [
              8.34107506635242,
              4.61155842641793
            ],
            [
              8.32154381636423,
              4.59983967984246
            ],
            [
              8.3120223324558,
              4.58368573307107
            ],
            [
              8.29835045680967,
              4.55329005597476
            ],
            [
              8.28858483198951,
              4.5485700512177
            ],
            [
              8.27906334694619,
              4.54682036579419
            ],
            [
              8.23552493544674,
              4.54686092340615
            ],
            [
              8.1785587898124,
              4.55329005597476
            ],
            [
              8.09294681081435,
              4.55329005597476
            ],
            [
              8.05128014364509,
              4.55939352594745
            ],
            [
              8.03199303532896,
              4.55878335920594
            ],
            [
              7.9987085295686,
              4.54140847822587
            ],
            [
              7.97934003959099,
              4.53900776802673
            ],
            [
              7.93531334659327,
              4.53900776802673
            ],
            [
              7.76449629042818,
              4.51919191973513
            ],
            [
              7.75505618551367,
              4.52480689576696
            ],
            [
              7.7423608732395,
              4.52631263465888
            ],
            [
              7.73047936300349,
              4.52236562796341
            ],
            [
              7.72291100352153,
              4.51170468418159
            ],
            [
              7.73365319127208,
              4.51219317808262
            ],
            [
              7.74293053482949,
              4.51121649070732
            ],
            [
              7.75066165532139,
              4.50877522290992
            ],
            [
              7.75709069061764,
              4.5048687738389
            ],
            [
              7.73552493593588,
              4.49921293978938
            ],
            [
              7.70313561302124,
              4.49754467003182
            ],
            [
              7.67383873773466,
              4.50218325909426
            ],
            [
              7.66089928497546,
              4.51544830195705
            ],
            [
              7.64698326929722,
              4.51911050408484
            ],
            [
              7.55844160180068,
              4.52533594728101
            ],
            [
              7.56177819140096,
              4.52952720092995
            ],
            [
              7.56364993610668,
              4.5327823248148
            ],
            [
              7.5664168633655,
              4.53571208652624
            ],
            [
              7.5720320966119,
              4.53900776802673
            ],
            [
              7.55933678530177,
              4.54291421712243
            ],
            [
              7.54761803526521,
              4.54116453170076
            ],
            [
              7.53931725420547,
              4.54181555647897
            ],
            [
              7.53736412882713,
              4.55329005597476
            ],
            [
              7.54078209734077,
              4.55914957942155
            ],
            [
              7.54761803480677,
              4.56362533723504
            ],
            [
              7.55453535232193,
              4.56948486069311
            ],
            [
              7.55844160150562,
              4.57998267286031
            ],
            [
              7.55551191517399,
              4.58490636698664
            ],
            [
              7.53736412899391,
              4.60789622422695
            ],
            [
              7.54029381610229,
              4.61176181533378
            ],
            [
              7.54476972680525,
              4.62156804518382
            ],
            [
              7.52963300940421,
              4.63886151077324
            ],
            [
              7.53305097674124,
              4.66429263611562
            ],
            [
              7.55103600450248,
              4.71100509226872
            ],
            [
              7.54476972750206,
              4.71100509226872
            ],
            [
              7.53352571753293,
              4.70269438668352
            ],
            [
              7.53476525201869,
              4.72663689771308
            ],
            [
              7.52608361211949,
              4.76423140201753
            ],
            [
              7.50851362536029,
              4.79208516944279
            ],
            [
              7.49631798751096,
              4.81738080306501
            ],
            [
              7.48918663968632,
              4.85885111383997
            ],
            [
              7.46717247896978,
              4.89853839204218
            ],
            [
              7.47016971246213,
              4.91497173670388
            ],
            [
              7.47616417805604,
              4.93311000338394
            ],
            [
              7.46283165914733,
              4.98171184603786
            ],
            [
              7.48525922982953,
              5.01773021146508
            ],
            [
              7.51771203028303,
              5.05044139175231
            ],
            [
              7.52370649555026,
              5.09521901904486
            ],
            [
              7.5176086766082,
              5.14141775388762
            ],
            [
              7.52184614356681,
              5.18495514094937
            ],
            [
              7.53548872230442,
              5.24732859338335
            ],
            [
              7.53393842874915,
              5.26681062271738
            ],
            [
              7.52329308439204,
              5.28484568473382
            ],
            [
              7.52525678914048,
              5.30525787261992
            ],
            [
              7.57011193216783,
              5.31745350448655
            ],
            [
              7.6208581886803,
              5.31042553010598
            ],
            [
              7.65000369630026,
              5.32936493276752
            ],
            [
              7.65620486800176,
              5.34802011309446
            ],
            [
              7.64586958209035,
              5.3669853713206
            ],
            [
              7.62127159986376,
              5.37424593230941
            ],
            [
              7.6219950701745,
              5.3880435142799
            ],
            [
              7.64690311001514,
              5.44251049012925
            ],
            [
              7.64080529108506,
              5.51113679972236
            ],
            [
              7.66716027160837,
              5.52992116390534
            ],
            [
              7.70529747899187,
              5.52410757020546
            ],
            [
              7.75470014825047,
              5.4892776439073
            ],
            [
              7.7888065933312,
              5.43695526340148
            ],
            [
              7.84513390483725,
              5.40556184275806
            ],
            [
              7.89712039558439,
              5.36496999671442
            ]
          ]
        ]
      },
      "type": "Feature",
      "properties": {
        "source": "https://simplemaps.com",
        "id": "NGAK",
        "name": "Akwa Ibom"
      },
      "id": 21
    },
    {
      "geometry": {
        "type": "Polygon",
        "coordinates": [
          [
            [
              7.87779340978626,
              5.69027310203281
            ],
            [
              7.89432986773436,
              5.64464287454435
            ],
            [
              7.88554487534573,
              5.5888323145032
            ],
            [
              7.90838585835351,
              5.48364490707508
            ],
            [
              7.95706505735536,
              5.39148001959539
            ],
            [
              7.94455936010423,
              5.35613332244085
            ],
            [
              7.89712039558439,
              5.36496999671442
            ],
            [
              7.84513390483725,
              5.40556184275806
            ],
            [
              7.7888065933312,
              5.43695526340148
            ],
            [
              7.75470014825047,
              5.4892776439073
            ],
            [
              7.70529747899187,
              5.52410757020546
            ],
            [
              7.66716027160837,
              5.52992116390534
            ],
            [
              7.64080529108506,
              5.51113679972236
            ],
            [
              7.64690311001514,
              5.44251049012925
            ],
            [
              7.6219950701745,
              5.3880435142799
            ],
            [
              7.62127159986376,
              5.37424593230941
            ],
            [
              7.64586958209035,
              5.3669853713206
            ],
            [
              7.65620486800176,
              5.34802011309446
            ],
            [
              7.65000369630026,
              5.32936493276752
            ],
            [
              7.6208581886803,
              5.31042553010598
            ],
            [
              7.57011193216783,
              5.31745350448655
            ],
            [
              7.52525678914048,
              5.30525787261992
            ],
            [
              7.52329308439204,
              5.28484568473382
            ],
            [
              7.53393842874915,
              5.26681062271738
            ],
            [
              7.53548872230442,
              5.24732859338335
            ],
            [
              7.52184614356681,
              5.18495514094937
            ],
            [
              7.5176086766082,
              5.14141775388762
            ],
            [
              7.52370649555026,
              5.09521901904486
            ],
            [
              7.51771203028303,
              5.05044139175231
            ],
            [
              7.48525922982953,
              5.01773021146508
            ],
            [
              7.46283165914733,
              4.98171184603786
            ],
            [
              7.47616417805604,
              4.93311000338394
            ],
            [
              7.47016971246213,
              4.91497173670388
            ],
            [
              7.46717247896978,
              4.89853839204218
            ],
            [
              7.48918663968632,
              4.85885111383997
            ],
            [
              7.49631798751096,
              4.81738080306501
            ],
            [
              7.42944868287133,
              4.86208070165495
            ],
            [
              7.37642866406427,
              4.86357953082859
            ],
            [
              7.33829145766426,
              4.87864322970993
            ],
            [
              7.29943077988035,
              4.87794533831266
            ],
            [
              7.21716189926086,
              4.86115058036403
            ],
            [
              7.17654422467383,
              4.87365644568125
            ],
            [
              7.16331505692266,
              4.9514035907751
            ],
            [
              7.26615115664348,
              5.10937836102807
            ],
            [
              7.27142215330314,
              5.15787669290578
            ],
            [
              7.25147505004108,
              5.19469615551237
            ],
            [
              7.32444217291953,
              5.40545849599109
            ],
            [
              7.36226932095472,
              5.44778147569658
            ],
            [
              7.37425825420077,
              5.47258616450962
            ],
            [
              7.38366336423337,
              5.49899284095388
            ],
            [
              7.39740929482069,
              5.51956004952686
            ],
            [
              7.40495405369128,
              5.54317617557876
            ],
            [
              7.40433393694009,
              5.57066803083097
            ],
            [
              7.40040652835652,
              5.59787568253476
            ],
            [
              7.4004065283505,
              5.62529002783786
            ],
            [
              7.39337853434619,
              5.65120576993509
            ],
            [
              7.3820097178703,
              5.67011935535368
            ],
            [
              7.39089806475549,
              5.68427868896446
            ],
            [
              7.40081994046463,
              5.73006401183014
            ],
            [
              7.3879008321538,
              5.84207268344602
            ],
            [
              7.34945356619224,
              5.8762049071793
            ],
            [
              7.3216516456892,
              5.88248359902438
            ],
            [
              7.27142215319468,
              5.9079600801109
            ],
            [
              7.25013146296761,
              5.92625358511504
            ],
            [
              7.29664025231723,
              5.98526804608798
            ],
            [
              7.36371626094733,
              6.02061474465971
            ],
            [
              7.36981407980643,
              6.01593800285823
            ],
            [
              7.3725012548909,
              6.01250149741195
            ],
            [
              7.4200435733583,
              6.02038221442561
            ],
            [
              7.46830936006879,
              6.02219085801975
            ],
            [
              7.53352501743455,
              5.97296902930647
            ],
            [
              7.53517866410323,
              5.91449721399353
            ],
            [
              7.52618696512761,
              5.85026336564559
            ],
            [
              7.58561486209839,
              5.82057527838603
            ],
            [
              7.73092898904998,
              5.81884406976893
            ],
            [
              7.78467247921216,
              5.79383272432462
            ],
            [
              7.79211388537214,
              5.7591836917388
            ],
            [
              7.80834028444844,
              5.72838447660525
            ],
            [
              7.84079308412091,
              5.70370900827328
            ],
            [
              7.87779340978626,
              5.69027310203281
            ]
          ]
        ]
      },
      "type": "Feature",
      "properties": {
        "source": "https://simplemaps.com",
        "id": "NGAB",
        "name": "Abia"
      },
      "id": 22
    },
    {
      "geometry": {
        "type": "Polygon",
        "coordinates": [
          [
            [
              7.82766727129233,
              6.63021580260812
            ],
            [
              7.86032677642374,
              6.56146031012681
            ],
            [
              7.9290564310961,
              6.51924060192306
            ],
            [
              7.97329145694751,
              6.57877194513999
            ],
            [
              7.98310997897753,
              6.66269447669137
            ],
            [
              7.99861290901408,
              6.69574140762915
            ],
            [
              8.04129764235448,
              6.70109005338702
            ],
            [
              8.08057173023546,
              6.70163262390601
            ],
            [
              8.119122348353,
              6.71070175321404
            ],
            [
              8.15653608565282,
              6.76036287806235
            ],
            [
              8.17917036327292,
              6.76522047642375
            ],
            [
              8.20242475857123,
              6.76478125267448
            ],
            [
              8.213276808214,
              6.78090424920174
            ],
            [
              8.21782433431171,
              6.79160124014819
            ],
            [
              8.23766808373698,
              6.78963750141672
            ],
            [
              8.24841678196802,
              6.77351450491185
            ],
            [
              8.2565816595769,
              6.73465386818202
            ],
            [
              8.26898400218856,
              6.70147760375772
            ],
            [
              8.29192833822826,
              6.67558773681476
            ],
            [
              8.30639773902331,
              6.62044893231248
            ],
            [
              8.34453494644527,
              6.57696322650083
            ],
            [
              8.35745405399015,
              6.56636958200294
            ],
            [
              8.37161339710354,
              6.55784287284088
            ],
            [
              8.37915815653501,
              6.54825700951662
            ],
            [
              8.3822587415771,
              6.53688811401321
            ],
            [
              8.39962202368726,
              6.51792293063263
            ],
            [
              8.40416954846691,
              6.48683943736838
            ],
            [
              8.4141947775049,
              6.45937353154558
            ],
            [
              8.4353821138772,
              6.43263090281978
            ],
            [
              8.4388961124971,
              6.40118584582802
            ],
            [
              8.37678104024273,
              6.36625253486506
            ],
            [
              8.36902957483261,
              6.33333463603026
            ],
            [
              8.38825320748245,
              6.30354312711998
            ],
            [
              8.37988162587247,
              6.23558872033397
            ],
            [
              8.32345096239466,
              6.17877045358282
            ],
            [
              8.30040327279735,
              6.1494699167119
            ],
            [
              8.28159305182393,
              6.1194975506994
            ],
            [
              8.26329959499589,
              6.04415332360805
            ],
            [
              8.24645307824297,
              6.01790174171515
            ],
            [
              8.21792768728334,
              6.03074332904269
            ],
            [
              8.19084923714984,
              6.03082083912072
            ],
            [
              8.17824018712692,
              6.0094009440771
            ],
            [
              8.16232384623595,
              5.98999646127491
            ],
            [
              8.11612511606826,
              5.96826652591923
            ],
            [
              8.09793501099059,
              5.95077403348489
            ],
            [
              8.07220014797114,
              5.9496629805933
            ],
            [
              8.05235639855984,
              5.99482822323262
            ],
            [
              8.01514936706024,
              6.00549937816253
            ],
            [
              7.97463504382571,
              5.99258028075618
            ],
            [
              7.9629561697765,
              5.96738800326154
            ],
            [
              7.97907921707713,
              5.9360978907678
            ],
            [
              7.96678022576315,
              5.8916303890743
            ],
            [
              7.93112348786709,
              5.83737010496404
            ],
            [
              7.91758426294361,
              5.82408929389908
            ],
            [
              7.91624067477763,
              5.80042145646346
            ],
            [
              7.91985802605934,
              5.77698622439032
            ],
            [
              7.90673221195379,
              5.75742664643376
            ],
            [
              7.89040245912807,
              5.73882317633196
            ],
            [
              7.88151411293028,
              5.71533619583869
            ],
            [
              7.87779340978626,
              5.69027310203281
            ],
            [
              7.84079308412091,
              5.70370900827328
            ],
            [
              7.80834028444844,
              5.72838447660525
            ],
            [
              7.79211388537214,
              5.7591836917388
            ],
            [
              7.78467247921216,
              5.79383272432462
            ],
            [
              7.73092898904998,
              5.81884406976893
            ],
            [
              7.58561486209839,
              5.82057527838603
            ],
            [
              7.52618696512761,
              5.85026336564559
            ],
            [
              7.53517866410323,
              5.91449721399353
            ],
            [
              7.53352501743455,
              5.97296902930647
            ],
            [
              7.58344445177198,
              5.98867871484162
            ],
            [
              7.60928266847701,
              5.97575961743567
            ],
            [
              7.63057335785397,
              5.96103180132992
            ],
            [
              7.66633344926835,
              5.92808806540097
            ],
            [
              7.69320519385507,
              5.94188568545914
            ],
            [
              7.68193973100144,
              5.99420806750164
            ],
            [
              7.68845096217473,
              6.0444892757195
            ],
            [
              7.71284223774871,
              6.0710250612254
            ],
            [
              7.73247928192109,
              6.10097159057799
            ],
            [
              7.73061893096579,
              6.13104730337524
            ],
            [
              7.72338423023059,
              6.16249236085659
            ],
            [
              7.72162723113814,
              6.19267142036863
            ],
            [
              7.70994835805939,
              6.23471019768117
            ],
            [
              7.70850141824301,
              6.24827528743028
            ],
            [
              7.69051801853015,
              6.27494025622206
            ],
            [
              7.73413292808476,
              6.40756780923979
            ],
            [
              7.73506310409944,
              6.47875210211245
            ],
            [
              7.69568566136374,
              6.60652205421424
            ],
            [
              7.72751834525915,
              6.62626248836103
            ],
            [
              7.76110802556817,
              6.62336862868311
            ],
            [
              7.82766727129233,
              6.63021580260812
            ]
          ]
        ]
      },
      "type": "Feature",
      "properties": {
        "source": "https://simplemaps.com",
        "id": "NGEB",
        "name": "Ebonyi"
      },
      "id": 23
    },
    {
      "geometry": {
        "type": "Polygon",
        "coordinates": [
          [
            [
              6.60572635250672,
              5.72316516429746
            ],
            [
              6.60944705569095,
              5.76579826055993
            ],
            [
              6.61606163944782,
              5.79274750813015
            ],
            [
              6.62598351418097,
              5.81850819276522
            ],
            [
              6.64541385266174,
              5.8526921649653
            ],
            [
              6.68530805840594,
              5.90576388612844
            ],
            [
              6.68902876127039,
              5.9142904453456
            ],
            [
              6.69047570227068,
              5.92364392894259
            ],
            [
              6.68902876126984,
              5.94103299949434
            ],
            [
              6.68995893724226,
              5.9500246942907
            ],
            [
              6.70329145673158,
              6.00092598313163
            ],
            [
              6.69936404832558,
              6.05340346043838
            ],
            [
              6.70370486791365,
              6.07593433325844
            ],
            [
              6.72344526485715,
              6.0918248756315
            ],
            [
              6.73657107856753,
              6.09655321570755
            ],
            [
              6.7468030126342,
              6.10159167120164
            ],
            [
              6.75383100778937,
              6.10954989828452
            ],
            [
              6.75765506439565,
              6.12288238275533
            ],
            [
              6.76085900178195,
              6.16711742926002
            ],
            [
              6.75899865071902,
              6.18107006943701
            ],
            [
              6.75393435951147,
              6.1943767171856
            ],
            [
              6.74080854658057,
              6.21951732118582
            ],
            [
              6.73667443243539,
              6.23328910448509
            ],
            [
              6.73274702275191,
              6.27222725329815
            ],
            [
              6.71497032970898,
              6.32108729276763
            ],
            [
              6.70876915908914,
              6.37609691549057
            ],
            [
              6.68096723741768,
              6.4739978503431
            ],
            [
              6.6766264179018,
              6.50340180845402
            ],
            [
              6.6767297704342,
              6.5351052320574
            ],
            [
              6.68551476386193,
              6.53678476724556
            ],
            [
              6.7078389832693,
              6.5358029729526
            ],
            [
              6.73409061026294,
              6.53035113052899
            ],
            [
              6.75951541455583,
              6.53430429460774
            ],
            [
              6.79238162630019,
              6.56680880576407
            ],
            [
              6.8143957859721,
              6.66463222855504
            ],
            [
              6.83806359163079,
              6.71199373799449
            ],
            [
              6.9059664241648,
              6.77612416092561
            ],
            [
              6.91464806461243,
              6.74811553537806
            ],
            [
              6.91371788838899,
              6.71602441205571
            ],
            [
              6.92674034974502,
              6.70992665247365
            ],
            [
              6.98007042777547,
              6.71201957468583
            ],
            [
              7.03774132701873,
              6.68760239919328
            ],
            [
              7.0696773621288,
              6.68088455899157
            ],
            [
              7.10026981070877,
              6.66775876865405
            ],
            [
              7.09592898877553,
              6.60052764130922
            ],
            [
              7.04022179476295,
              6.54016952409953
            ],
            [
              7.01324669773637,
              6.46508374092966
            ],
            [
              7.02203169076125,
              6.44048570788126
            ],
            [
              7.03681115094986,
              6.43335433020095
            ],
            [
              7.07019412588351,
              6.4270240401876
            ],
            [
              7.08538699748865,
              6.41873001134916
            ],
            [
              7.10585086373869,
              6.39097975153003
            ],
            [
              7.13799360463574,
              6.31840012654372
            ],
            [
              7.14367801278666,
              6.30930516017218
            ],
            [
              7.14605512959847,
              6.29909906580703
            ],
            [
              7.13944054492698,
              6.29134760743229
            ],
            [
              7.13292931446312,
              6.28778184344643
            ],
            [
              7.13334272583913,
              6.26897167983157
            ],
            [
              7.13096560981775,
              6.25160837097798
            ],
            [
              7.12714155415737,
              6.23812086641535
            ],
            [
              7.13540978409445,
              6.22649360370712
            ],
            [
              7.15122277242868,
              6.22964590551724
            ],
            [
              7.16527876150616,
              6.24075635926655
            ],
            [
              7.18181522009144,
              6.23057610155533
            ],
            [
              7.18605268707637,
              6.20639153029887
            ],
            [
              7.21003055168314,
              6.18889903793147
            ],
            [
              7.20444949674664,
              6.15414665850252
            ],
            [
              7.21633507718962,
              6.12489779499449
            ],
            [
              7.23256147632526,
              6.09771594198366
            ],
            [
              7.2433101744141,
              6.06673594492269
            ],
            [
              7.26511762866138,
              6.04169868759063
            ],
            [
              7.29343631417231,
              6.03722871443781
            ],
            [
              7.31989464661074,
              6.04505768295832
            ],
            [
              7.33074669835176,
              6.04353324298386
            ],
            [
              7.34862674317782,
              6.03335298521637
            ],
            [
              7.35369103435862,
              6.02275934036534
            ],
            [
              7.36371626094733,
              6.02061474465971
            ],
            [
              7.29664025231723,
              5.98526804608798
            ],
            [
              7.25013146296761,
              5.92625358511504
            ],
            [
              7.20858361170811,
              5.91780446086747
            ],
            [
              7.16755252351983,
              5.90411018758515
            ],
            [
              7.0772221209102,
              5.92354058217193
            ],
            [
              7.03123009605363,
              5.91826952133537
            ],
            [
              6.98606489391615,
              5.90728832610182
            ],
            [
              6.9485478041521,
              5.88447317457128
            ],
            [
              6.9351119319603,
              5.84207268344602
            ],
            [
              6.89583784298909,
              5.76202587813022
            ],
            [
              6.85625369564613,
              5.75081207761538
            ],
            [
              6.81325890448487,
              5.76902799734032
            ],
            [
              6.73574425650615,
              5.74768568760795
            ],
            [
              6.66877159982556,
              5.69427808978601
            ],
            [
              6.6358020361148,
              5.69660346721177
            ],
            [
              6.60572635250672,
              5.72316516429746
            ]
          ]
        ]
      },
      "type": "Feature",
      "properties": {
        "source": "https://simplemaps.com",
        "id": "NGAN",
        "name": "Anambra"
      },
      "id": 24
    },
    {
      "geometry": {
        "type": "Polygon",
        "coordinates": [
          [
            [
              5.11517133962375,
              6.12691313212689
            ],
            [
              5.11558475085825,
              6.15825491794831
            ],
            [
              5.09708458831004,
              6.18685778900384
            ],
            [
              5.08612918487378,
              6.1949710362216
            ],
            [
              5.0737268412876,
              6.20062957232243
            ],
            [
              5.06225467287956,
              6.200655409015
            ],
            [
              5.05264285558854,
              6.20422109790982
            ],
            [
              5.05016238767996,
              6.2176310924161
            ],
            [
              5.02949181501166,
              6.24235830930977
            ],
            [
              5.00499718656457,
              6.26292559336164
            ],
            [
              4.98474002378294,
              6.27460437921982
            ],
            [
              4.97926232341513,
              6.28437124982795
            ],
            [
              4.98112267362325,
              6.29181266789648
            ],
            [
              4.98742719919461,
              6.2986081686506
            ],
            [
              4.99362837055889,
              6.31113956533436
            ],
            [
              4.99858930816284,
              6.34044017707464
            ],
            [
              5.01223188588771,
              6.3615499564344
            ],
            [
              5.03434939866517,
              6.36878468092601
            ],
            [
              5.05967085124182,
              6.3824013688383
            ],
            [
              5.073520134828,
              6.4068702185493
            ],
            [
              5.08065148271727,
              6.43650670707352
            ],
            [
              5.09739464694823,
              6.46159563728115
            ],
            [
              5.12075239374183,
              6.51409879979354
            ],
            [
              5.10318240742411,
              6.56670545899676
            ],
            [
              5.08602583183397,
              6.59375797743401
            ],
            [
              5.0773441906276,
              6.59804716868975
            ],
            [
              5.07248660588923,
              6.60644454413912
            ],
            [
              5.072486606208,
              6.63768305712562
            ],
            [
              5.07600060436331,
              6.65168729502937
            ],
            [
              5.07992801305885,
              6.68434682585898
            ],
            [
              5.09119347489664,
              6.70524991091143
            ],
            [
              5.12230268731462,
              6.7434387938424
            ],
            [
              5.15785607348392,
              6.77744198238428
            ],
            [
              5.17077518062264,
              6.80452033671321
            ],
            [
              5.18720828574687,
              6.82619867231752
            ],
            [
              5.18710493300575,
              6.8513909480008
            ],
            [
              5.19909386613577,
              6.86472343148633
            ],
            [
              5.21563032381767,
              6.87242321595081
            ],
            [
              5.49561323382522,
              6.87229403249749
            ],
            [
              5.54150190576773,
              6.83606888907722
            ],
            [
              5.52465538871705,
              6.81113498023777
            ],
            [
              5.51473351401312,
              6.78266129440746
            ],
            [
              5.54098514171564,
              6.71705802992197
            ],
            [
              5.56320600795293,
              6.7204427866975
            ],
            [
              5.61260867749454,
              6.75989781762162
            ],
            [
              5.64113406744636,
              6.75777905873331
            ],
            [
              5.65394982276666,
              6.7462034700156
            ],
            [
              5.68578250462027,
              6.73896874583328
            ],
            [
              5.70273237477338,
              6.74449824839562
            ],
            [
              5.71358442555392,
              6.7521463596308
            ],
            [
              5.72764041524035,
              6.77609832423454
            ],
            [
              5.73291141087682,
              6.78943080788845
            ],
            [
              5.74448693204386,
              6.85317367966327
            ],
            [
              5.75389204294516,
              6.87839179191874
            ],
            [
              5.7766296732169,
              6.88381779737736
            ],
            [
              5.77621626111865,
              6.89932071300493
            ],
            [
              5.78055708195962,
              6.90611621325339
            ],
            [
              5.78489790180763,
              6.90828664546914
            ],
            [
              5.78913536900823,
              6.91740759806116
            ],
            [
              5.78562137202471,
              6.92960311679565
            ],
            [
              5.77125532383721,
              6.95978217365104
            ],
            [
              5.77352908708916,
              6.99476715510879
            ],
            [
              5.78613813603138,
              7.03099229743152
            ],
            [
              5.81290652785574,
              7.05858753447956
            ],
            [
              5.82665245944017,
              7.07610586156885
            ],
            [
              5.83233686701714,
              7.10010949808196
            ],
            [
              5.87832889207505,
              7.20475439817312
            ],
            [
              5.87553836410496,
              7.21496049110726
            ],
            [
              5.87657189278945,
              7.22808628005244
            ],
            [
              5.89837934679515,
              7.25255497609075
            ],
            [
              5.92277062293206,
              7.27402661612344
            ],
            [
              5.93910037581084,
              7.28482695270903
            ],
            [
              5.95274295389173,
              7.29898635916088
            ],
            [
              5.96204471202879,
              7.33169755907921
            ],
            [
              5.95884077253071,
              7.35376329226616
            ],
            [
              5.95294966031708,
              7.36776767832685
            ],
            [
              5.94881554506255,
              7.39895436284812
            ],
            [
              5.95997765540152,
              7.42047767539638
            ],
            [
              5.95481001105564,
              7.43784083053064
            ],
            [
              5.92514773875801,
              7.45727122096903
            ],
            [
              5.93455284975795,
              7.49215285131581
            ],
            [
              5.94798872175584,
              7.50352159434006
            ],
            [
              5.97496382020599,
              7.51011040008363
            ],
            [
              5.98726281079384,
              7.51571726150947
            ],
            [
              6.01020714690587,
              7.54274408793601
            ],
            [
              6.02839725095414,
              7.57336236372087
            ],
            [
              6.04555382696068,
              7.56413806590218
            ],
            [
              6.06570763510224,
              7.56837558286532
            ],
            [
              6.08255415220389,
              7.55757524716981
            ],
            [
              6.07873009621915,
              7.53793816383693
            ],
            [
              6.11107954313715,
              7.52713782803734
            ],
            [
              6.11862430192764,
              7.50471023214165
            ],
            [
              6.10766889799183,
              7.46063014049965
            ],
            [
              6.13237023329505,
              7.42673045415572
            ],
            [
              6.17825890490204,
              7.42768641158575
            ],
            [
              6.22487104745557,
              7.4466259050265
            ],
            [
              6.24461144432277,
              7.45902826590258
            ],
            [
              6.26414513515114,
              7.4632656327903
            ],
            [
              6.2747904799456,
              7.44595415116052
            ],
            [
              6.28936323461258,
              7.43352595354925
            ],
            [
              6.32253950456336,
              7.41076248008633
            ],
            [
              6.35096154070945,
              7.37861968801313
            ],
            [
              6.37411258283103,
              7.37719851997834
            ],
            [
              6.41183637918469,
              7.38675869525608
            ],
            [
              6.43271365664142,
              7.38425238634478
            ],
            [
              6.45803510838884,
              7.36172144275135
            ],
            [
              6.48066938647787,
              7.30611773574322
            ],
            [
              6.49389855313221,
              7.28849606287507
            ],
            [
              6.49782596232775,
              7.26955656860252
            ],
            [
              6.5111584811567,
              7.25072057120434
            ],
            [
              6.56118126771251,
              7.25989304626761
            ],
            [
              6.60179894397356,
              7.27684296537038
            ],
            [
              6.62836063023198,
              7.27903923409471
            ],
            [
              6.64355350053244,
              7.26738613656121
            ],
            [
              6.65461225808573,
              7.25345941040265
            ],
            [
              6.65729943221654,
              7.2362511243116
            ],
            [
              6.67083865734394,
              7.22834464693939
            ],
            [
              6.69719363803553,
              7.22033482279646
            ],
            [
              6.6993640479502,
              7.21188562471469
            ],
            [
              6.71538374204063,
              7.17746920231537
            ],
            [
              6.71807091606334,
              7.16834825022924
            ],
            [
              6.71941450449583,
              7.14891800850815
            ],
            [
              6.71538374174134,
              7.13041773730005
            ],
            [
              6.70318810409013,
              7.09372753534864
            ],
            [
              6.69833051969423,
              7.04197364168066
            ],
            [
              6.68975223068819,
              7.01843491507091
            ],
            [
              6.68882205562718,
              7.00815131161083
            ],
            [
              6.68933881976047,
              6.96407136465669
            ],
            [
              6.68737511560493,
              6.95515710566832
            ],
            [
              6.66122684109322,
              6.89955339343313
            ],
            [
              6.65037478991194,
              6.86056342385479
            ],
            [
              6.64923790958798,
              6.84382034696186
            ],
            [
              6.65502566907766,
              6.79129119985589
            ],
            [
              6.65058149579627,
              6.66323704721323
            ],
            [
              6.65471560981216,
              6.62075897261243
            ],
            [
              6.67476606599331,
              6.56422498636729
            ],
            [
              6.67672977070056,
              6.54918713042445
            ],
            [
              6.6767297704342,
              6.5351052320574
            ],
            [
              6.6456205584759,
              6.49738155878718
            ],
            [
              6.61719852108753,
              6.48782138187969
            ],
            [
              6.5818518405227,
              6.49409999847269
            ],
            [
              6.54598839734957,
              6.49332489771161
            ],
            [
              6.48542361810949,
              6.46738335674034
            ],
            [
              6.36377729707544,
              6.3945453652769
            ],
            [
              6.26910607282351,
              6.35563305346194
            ],
            [
              6.24275109194009,
              6.33919986562733
            ],
            [
              6.20130659292234,
              6.28705841605752
            ],
            [
              6.17319461393753,
              6.28754931321428
            ],
            [
              6.152937453296,
              6.32018300853334
            ],
            [
              6.1277193541432,
              6.34622789659173
            ],
            [
              6.09361290945665,
              6.34948362025572
            ],
            [
              6.07025516122694,
              6.32788279350917
            ],
            [
              6.05609581864884,
              6.29935743273145
            ],
            [
              6.05278852670744,
              6.2639073876765
            ],
            [
              6.08493126787848,
              6.20799348034463
            ],
            [
              6.08803185430621,
              6.1743521538287
            ],
            [
              6.09991743273519,
              6.13474210063506
            ],
            [
              6.13050988134128,
              6.08443513089104
            ],
            [
              6.1904545431264,
              6.02932223583879
            ],
            [
              6.20905805818166,
              6.02516222789107
            ],
            [
              6.22239057769345,
              6.01353504022576
            ],
            [
              6.22249393152689,
              5.97457105446582
            ],
            [
              6.21071170379341,
              5.93669220980586
            ],
            [
              6.16947391107592,
              5.88917575305943
            ],
            [
              6.11366336443929,
              5.84724032239581
            ],
            [
              6.07273563001814,
              5.79879366972469
            ],
            [
              6.02147260873136,
              5.76194836805262
            ],
            [
              5.92349409318647,
              5.74109688037871
            ],
            [
              5.90561404848842,
              5.74037345298865
            ],
            [
              5.8887675304963,
              5.74623868261404
            ],
            [
              5.88742394431483,
              5.76249093859577
            ],
            [
              5.89145470485227,
              5.77380808588713
            ],
            [
              5.88608035628613,
              5.78538360011001
            ],
            [
              5.87502159998158,
              5.79527965421508
            ],
            [
              5.87026736818308,
              5.80662263821539
            ],
            [
              5.89176476407987,
              5.84150420110184
            ],
            [
              5.89610558386756,
              5.87837533957437
            ],
            [
              5.86799360509711,
              5.89940768420213
            ],
            [
              5.83450727670828,
              5.91754609394084
            ],
            [
              5.77993696520742,
              5.97684475852813
            ],
            [
              5.66335493288059,
              6.03994171738207
            ],
            [
              5.60185997933677,
              6.03748708136456
            ],
            [
              5.54594607897713,
              6.00340645584218
            ],
            [
              5.53995161292484,
              5.98997062458223
            ],
            [
              5.53013309095338,
              5.98214165606054
            ],
            [
              5.52041792157395,
              5.98431201335221
            ],
            [
              5.50212446487179,
              5.99095249401072
            ],
            [
              5.46326378694653,
              6.0185476590321
            ],
            [
              5.42605675552137,
              6.0213640087474
            ],
            [
              5.39608442484087,
              6.01650648520384
            ],
            [
              5.33138553207586,
              6.01978789538734
            ],
            [
              5.32115359895264,
              5.99539663047154
            ],
            [
              5.32632124190623,
              5.9623753844557
            ],
            [
              5.26875369608927,
              5.91276600537199
            ],
            [
              5.25108035605773,
              5.90566053935781
            ],
            [
              5.2313399590896,
              5.92069832065897
            ],
            [
              5.22317508260447,
              5.97278817245772
            ],
            [
              5.23237348796422,
              6.03854646087093
            ],
            [
              5.18503787623976,
              6.09316845875631
            ],
            [
              5.11517133962375,
              6.12691313212689
            ]
          ]
        ]
      },
      "type": "Feature",
      "properties": {
        "source": "https://simplemaps.com",
        "id": "NGED",
        "name": "Edo"
      },
      "id": 25
    },
    {
      "geometry": {
        "type": "Polygon",
        "coordinates": [
          [
            [
              11.0686063987035,
              9.58639198484443
            ],
            [
              10.9991532733687,
              9.58631447486834
            ],
            [
              10.9303202649066,
              9.60264414434816
            ],
            [
              10.8642777856467,
              9.59168880029377
            ],
            [
              10.7407711115137,
              9.53445699518521
            ],
            [
              10.6140605006651,
              9.53060733288806
            ],
            [
              10.5604203638886,
              9.49665585858
            ],
            [
              10.5293111502169,
              9.50913556633972
            ],
            [
              10.3623962743618,
              9.61189426887306
            ],
            [
              9.87229699025243,
              9.83712591858561
            ],
            [
              9.84077436766784,
              9.83014972161914
            ],
            [
              9.82640831908279,
              9.82087376197453
            ],
            [
              9.81338585711787,
              9.79777429086025
            ],
            [
              9.85203982822467,
              9.74348817376905
            ],
            [
              9.865475701655,
              9.70811568871302
            ],
            [
              9.85607059216663,
              9.67540467880725
            ],
            [
              9.79064822901047,
              9.65070333236307
            ],
            [
              9.76522342214352,
              9.62866316122904
            ],
            [
              9.73535444483601,
              9.56724581890885
            ],
            [
              9.69949100132623,
              9.55264720518277
            ],
            [
              9.66083702912045,
              9.54461140325332
            ],
            [
              9.50239708857172,
              9.53657590170333
            ],
            [
              9.36142378082856,
              9.56233655325216
            ],
            [
              9.29910200415172,
              9.58215447238486
            ],
            [
              9.26478885343666,
              9.64212496120313
            ],
            [
              9.22003706140062,
              9.69387878970666
            ],
            [
              9.1836568549069,
              9.70504112660334
            ],
            [
              9.15967898845233,
              9.72888956196245
            ],
            [
              9.16463992754836,
              9.75992148836854
            ],
            [
              9.17786909242044,
              9.78880837083882
            ],
            [
              9.19523237561679,
              9.8155511107904
            ],
            [
              9.20298383991664,
              9.8457042884648
            ],
            [
              9.19884972462165,
              9.9275337746089
            ],
            [
              9.17724897542276,
              9.99595343298889
            ],
            [
              9.1132735526294,
              10.0187944597115
            ],
            [
              8.99731163943232,
              9.99861490841319
            ],
            [
              8.96051801938704,
              10.0231094427066
            ],
            [
              8.96175825374344,
              10.1826862653559
            ],
            [
              8.95669396268243,
              10.2317788793111
            ],
            [
              8.93685021301147,
              10.286788430539
            ],
            [
              8.90109012171459,
              10.3301449782672
            ],
            [
              8.84248904800722,
              10.3453895231331
            ],
            [
              8.78502485481299,
              10.3356484924101
            ],
            [
              8.76383751822632,
              10.3600397865922
            ],
            [
              8.74027306468188,
              10.3815888575119
            ],
            [
              8.71019738093049,
              10.3976343766911
            ],
            [
              8.6966581560888,
              10.4237568404955
            ],
            [
              8.73035118991272,
              10.483417270445
            ],
            [
              8.74130659354266,
              10.5490463477773
            ],
            [
              8.78729861801049,
              10.5986815415542
            ],
            [
              8.81541059673343,
              10.6641038850753
            ],
            [
              8.80827925020207,
              10.7329369319309
            ],
            [
              8.76249393080689,
              10.7867578903847
            ],
            [
              8.73396854033158,
              10.8628256561601
            ],
            [
              8.73107466031751,
              10.9465156169306
            ],
            [
              8.73748253649721,
              11.0214980905807
            ],
            [
              8.76766157373856,
              11.0848017092595
            ],
            [
              8.82739952998339,
              11.088367396271
            ],
            [
              8.86315962071971,
              11.1044129502748
            ],
            [
              8.89023807082782,
              11.1334551048769
            ],
            [
              8.92961551368173,
              11.191048517356
            ],
            [
              9.0319348480966,
              11.2960807774099
            ],
            [
              9.09880415114334,
              11.3262339850454
            ],
            [
              9.11368696532309,
              11.3165706162206
            ],
            [
              9.13084353976841,
              11.3081472578208
            ],
            [
              9.14924035021964,
              11.3116871833496
            ],
            [
              9.22468794152964,
              11.3424346347169
            ],
            [
              9.28576948321202,
              11.3412201605553
            ],
            [
              9.34561079371521,
              11.3247871309844
            ],
            [
              9.40813927626465,
              11.2990781326603
            ],
            [
              9.47180463935221,
              11.2954865337812
            ],
            [
              9.53391971190826,
              11.3046591558669
            ],
            [
              9.57319380087102,
              11.2553340056671
            ],
            [
              9.62383670443188,
              11.2378156856145
            ],
            [
              9.75282107929467,
              11.2469623958244
            ],
            [
              9.81049197830153,
              11.2613801641656
            ],
            [
              9.85431359223475,
              11.2215892746726
            ],
            [
              9.87643110475389,
              11.1613345338688
            ],
            [
              9.87663781141197,
              11.0966098225961
            ],
            [
              9.86764611171187,
              11.0322209882925
            ],
            [
              9.89110721234742,
              10.976875517312
            ],
            [
              9.94826134635138,
              10.9536986643378
            ],
            [
              10.1059778168321,
              10.965351682527
            ],
            [
              10.1408077330718,
              10.9479108727047
            ],
            [
              10.1797717630957,
              10.9333898329113
            ],
            [
              10.2068502128574,
              10.950417180783
            ],
            [
              10.1956881039598,
              10.9865907094557
            ],
            [
              10.2164620301074,
              11.0540800954674
            ],
            [
              10.3269462420155,
              11.0965839859172
            ],
            [
              10.3614660987656,
              11.1174095508521
            ],
            [
              10.3856506690276,
              11.1451856330978
            ],
            [
              10.3901981946261,
              11.1775867813782
            ],
            [
              10.3181612479449,
              11.2012804431409
            ],
            [
              10.2327917821116,
              11.2045101782467
            ],
            [
              10.0733183112316,
              11.2338106999041
            ],
            [
              10.0005578960963,
              11.2622844479429
            ],
            [
              9.90464643749244,
              11.3883491187338
            ],
            [
              9.86309858593324,
              11.4598175824242
            ],
            [
              9.84594200978057,
              11.4546499458862
            ],
            [
              9.81297244519702,
              11.4549858227332
            ],
            [
              9.79333540182261,
              11.4816767661899
            ],
            [
              9.79757287060072,
              11.5145429770761
            ],
            [
              9.83064578588444,
              11.5754178034565
            ],
            [
              9.82961225858232,
              11.6098343666562
            ],
            [
              9.81452273958873,
              11.6812511629124
            ],
            [
              9.79870975121927,
              11.7145049268276
            ],
            [
              9.76439660040823,
              11.722411402577
            ],
            [
              9.72853315548218,
              11.7185355996417
            ],
            [
              9.66765831988174,
              11.7012499572672
            ],
            [
              9.62518029167222,
              11.7294135944358
            ],
            [
              9.64626427619868,
              11.8034142136923
            ],
            [
              9.69969770709217,
              11.8512407715702
            ],
            [
              9.7839302913772,
              11.8581654538898
            ],
            [
              9.81762332512353,
              11.8736425298165
            ],
            [
              9.85038618285577,
              11.8942614068329
            ],
            [
              10.154967075124,
              12.0085438331841
            ],
            [
              10.1716068857989,
              12.042701888047
            ],
            [
              10.1625118330859,
              12.0837071171693
            ],
            [
              10.1691264180112,
              12.1163924827019
            ],
            [
              10.2411633638011,
              12.3153208951364
            ],
            [
              10.250568475638,
              12.3597368785234
            ],
            [
              10.2647278177217,
              12.4026800219588
            ],
            [
              10.2874654481456,
              12.4244098862695
            ],
            [
              10.3184713074897,
              12.4362438450059
            ],
            [
              10.3940222518965,
              12.4489045782441
            ],
            [
              10.4247180517176,
              12.4292933225941
            ],
            [
              10.4774280130169,
              12.4163483859488
            ],
            [
              10.6095129749655,
              12.5024413735624
            ],
            [
              10.6779325704502,
              12.4566818751613
            ],
            [
              10.7351900566524,
              12.4022664845901
            ],
            [
              10.748419224825,
              12.3643102741644
            ],
            [
              10.7638188016299,
              12.2855295339789
            ],
            [
              10.7652657412164,
              12.2452477251175
            ],
            [
              10.7702266782977,
              12.2100560465705
            ],
            [
              10.7908972517674,
              12.1784818063878
            ],
            [
              10.8104309416831,
              12.1397243661659
            ],
            [
              10.8166321134265,
              12.096497029647
            ],
            [
              10.8176656429276,
              12.0267597499028
            ],
            [
              10.8479480320769,
              11.8669762142851
            ],
            [
              10.9681474141882,
              11.5752627833666
            ],
            [
              10.9740385267414,
              11.4905908717059
            ],
            [
              10.9393119643089,
              11.3360783608614
            ],
            [
              10.9656669455968,
              11.3021270110582
            ],
            [
              11.0142427916005,
              11.2947114333961
            ],
            [
              10.9939856295416,
              11.2802161549351
            ],
            [
              10.9775525236909,
              11.2575818718755
            ],
            [
              10.9537813655751,
              11.2321570773261
            ],
            [
              10.8599369655761,
              11.1786461603268
            ],
            [
              10.8119812353963,
              11.1141023057327
            ],
            [
              10.7792183770981,
              11.0894784485715
            ],
            [
              10.703254021725,
              11.0665857991284
            ],
            [
              10.6737984547872,
              11.0413676983753
            ],
            [
              10.6431026551926,
              10.9671086518048
            ],
            [
              10.6089962095742,
              10.8491055532776
            ],
            [
              10.5938033377569,
              10.8118468083688
            ],
            [
              10.5415067888708,
              10.7393964774438
            ],
            [
              10.5386129090188,
              10.71162039411
            ],
            [
              10.6456864758738,
              10.6663518264852
            ],
            [
              10.6770023939898,
              10.5972604489931
            ],
            [
              10.6876477393134,
              10.5186606076371
            ],
            [
              10.7589612157245,
              10.4852001141737
            ],
            [
              10.8233500507659,
              10.4455642775478
            ],
            [
              10.8440206225737,
              10.38559376876
            ],
            [
              10.841953566071,
              10.2466100193238
            ],
            [
              10.8458809746406,
              10.2165860067785
            ],
            [
              10.8431938013114,
              10.1876472095843
            ],
            [
              10.7292989440258,
              10.1302605293269
            ],
            [
              10.7236145361916,
              10.0971359334505
            ],
            [
              10.7650590354397,
              10.0393616802882
            ],
            [
              10.9713513521053,
              9.88784627320823
            ],
            [
              11.0013236827351,
              9.82203641140901
            ],
            [
              11.0080416192272,
              9.7575958889604
            ],
            [
              11.0242680198183,
              9.6955584728129
            ],
            [
              11.0528967622221,
              9.63824916212601
            ],
            [
              11.075014277396,
              9.61042157935404
            ],
            [
              11.0686063987035,
              9.58639198484443
            ]
          ]
        ]
      },
      "type": "Feature",
      "properties": {
        "source": "https://simplemaps.com",
        "id": "NGBA",
        "name": "Bauchi"
      },
      "id": 26
    },
    {
      "geometry": {
        "type": "Polygon",
        "coordinates": [
          [
            [
              10.5604203638886,
              9.49665585858
            ],
            [
              10.582021111854,
              9.44836413523949
            ],
            [
              10.5888424015778,
              9.3959127076441
            ],
            [
              10.5810909367817,
              9.33162718508999
            ],
            [
              10.5922530457131,
              9.25703222970602
            ],
            [
              10.6006246276279,
              9.22734409916784
            ],
            [
              10.6169543793063,
              9.20005877795307
            ],
            [
              10.6459965340891,
              9.10507748408877
            ],
            [
              10.6458931832774,
              9.07593222107738
            ],
            [
              10.6389685391146,
              9.04500362657521
            ],
            [
              10.6517842945156,
              8.98322454665014
            ],
            [
              10.6530245290352,
              8.94462215904945
            ],
            [
              10.6185046739312,
              8.88013022493733
            ],
            [
              10.4602714361402,
              8.80277042409792
            ],
            [
              10.2288643726017,
              8.74672737710488
            ],
            [
              10.1802885272171,
              8.68975420809944
            ],
            [
              10.1576542508668,
              8.65383912850405
            ],
            [
              10.1053576994798,
              8.59146549069991
            ],
            [
              10.0773490732686,
              8.5665574337639
            ],
            [
              10.006035597343,
              8.52798117420147
            ],
            [
              9.94030317544138,
              8.4808520727139
            ],
            [
              9.88211551328507,
              8.4223286950697
            ],
            [
              9.81751997200901,
              8.37313265686264
            ],
            [
              9.74506961405198,
              8.35284966298318
            ],
            [
              9.66982872909093,
              8.34755284354878
            ],
            [
              9.6154651229641,
              8.35117027890896
            ],
            [
              9.57877485473942,
              8.40359590232305
            ],
            [
              9.52492801357117,
              8.43715984899469
            ],
            [
              9.4077258628937,
              8.48638142188647
            ],
            [
              9.34540408731626,
              8.48850032977227
            ],
            [
              9.28173872211787,
              8.46943166085034
            ],
            [
              9.19006473148098,
              8.45372206015463
            ],
            [
              9.09580691883595,
              8.4544971604577
            ],
            [
              9.03482872877982,
              8.47085267806112
            ],
            [
              8.95162967347151,
              8.51441601808155
            ],
            [
              8.92982221787236,
              8.55565375591289
            ],
            [
              8.93540327371857,
              8.6038679959085
            ],
            [
              8.92847863110156,
              8.64533826186146
            ],
            [
              8.90419070855383,
              8.67926391774842
            ],
            [
              8.88465701621991,
              8.72742618075203
            ],
            [
              8.90191694560564,
              8.76938764109244
            ],
            [
              8.92713504464167,
              8.79956667677612
            ],
            [
              8.95080285082238,
              8.83512004003362
            ],
            [
              8.98780317590981,
              8.84700550970992
            ],
            [
              9.01105757113603,
              8.86971744573434
            ],
            [
              9.05322553942664,
              8.92619971212048
            ],
            [
              9.06810835172748,
              8.96108131931842
            ],
            [
              9.0730692876773,
              8.98973568769392
            ],
            [
              9.05518924304426,
              9.01213758175163
            ],
            [
              9.02759402892876,
              9.03014694144798
            ],
            [
              8.99607140549457,
              9.02198195335304
            ],
            [
              8.98077518013691,
              9.01472124862059
            ],
            [
              8.96392866419468,
              9.01221509175777
            ],
            [
              8.89571577360668,
              9.01115578834035
            ],
            [
              8.8300867038992,
              9.02389386682486
            ],
            [
              8.78223432797244,
              9.07239229717438
            ],
            [
              8.76662804610336,
              9.140708651175
            ],
            [
              8.71784549330612,
              9.1763136803534
            ],
            [
              8.65996788867989,
              9.2047613515161
            ],
            [
              8.68063846262852,
              9.26191565974401
            ],
            [
              8.68497928205989,
              9.32279044534316
            ],
            [
              8.64725548732383,
              9.37632731584841
            ],
            [
              8.59981652120253,
              9.4251871477646
            ],
            [
              8.55930219814808,
              9.48453756353113
            ],
            [
              8.55899213982223,
              9.62682875851732
            ],
            [
              8.58751753142618,
              9.64731842980398
            ],
            [
              8.5904114119542,
              9.66561198491887
            ],
            [
              8.58999800006162,
              9.68232920328928
            ],
            [
              8.63154585053496,
              9.73868225538169
            ],
            [
              8.62307091613842,
              9.77237535703116
            ],
            [
              8.62865197156693,
              9.81118441579388
            ],
            [
              8.62834191144371,
              9.88769125329172
            ],
            [
              8.6678227066487,
              10.0191561956637
            ],
            [
              8.6418811381042,
              10.0947846540083
            ],
            [
              8.66007124213904,
              10.1691728708518
            ],
            [
              8.71009402828442,
              10.2250092733388
            ],
            [
              8.74637088365051,
              10.2418816242321
            ],
            [
              8.77117557054794,
              10.2731458535114
            ],
            [
              8.7755163921016,
              10.3067613707029
            ],
            [
              8.78502485481299,
              10.3356484924101
            ],
            [
              8.84248904800722,
              10.3453895231331
            ],
            [
              8.90109012171459,
              10.3301449782672
            ],
            [
              8.93685021301147,
              10.286788430539
            ],
            [
              8.95669396268243,
              10.2317788793111
            ],
            [
              8.96175825374344,
              10.1826862653559
            ],
            [
              8.96051801938704,
              10.0231094427066
            ],
            [
              8.99731163943232,
              9.99861490841319
            ],
            [
              9.1132735526294,
              10.0187944597115
            ],
            [
              9.17724897542276,
              9.99595343298889
            ],
            [
              9.19884972462165,
              9.9275337746089
            ],
            [
              9.20298383991664,
              9.8457042884648
            ],
            [
              9.19523237561679,
              9.8155511107904
            ],
            [
              9.17786909242044,
              9.78880837083882
            ],
            [
              9.16463992754836,
              9.75992148836854
            ],
            [
              9.15967898845233,
              9.72888956196245
            ],
            [
              9.1836568549069,
              9.70504112660334
            ],
            [
              9.22003706140062,
              9.69387878970666
            ],
            [
              9.26478885343666,
              9.64212496120313
            ],
            [
              9.29910200415172,
              9.58215447238486
            ],
            [
              9.36142378082856,
              9.56233655325216
            ],
            [
              9.50239708857172,
              9.53657590170333
            ],
            [
              9.66083702912045,
              9.54461140325332
            ],
            [
              9.69949100132623,
              9.55264720518277
            ],
            [
              9.73535444483601,
              9.56724581890885
            ],
            [
              9.76522342214352,
              9.62866316122904
            ],
            [
              9.79064822901047,
              9.65070333236307
            ],
            [
              9.85607059216663,
              9.67540467880725
            ],
            [
              9.865475701655,
              9.70811568871302
            ],
            [
              9.85203982822467,
              9.74348817376905
            ],
            [
              9.81338585711787,
              9.79777429086025
            ],
            [
              9.82640831908279,
              9.82087376197453
            ],
            [
              9.84077436766784,
              9.83014972161914
            ],
            [
              9.87229699025243,
              9.83712591858561
            ],
            [
              10.3623962743618,
              9.61189426887306
            ],
            [
              10.5293111502169,
              9.50913556633972
            ],
            [
              10.5604203638886,
              9.49665585858
            ]
          ]
        ]
      },
      "type": "Feature",
      "properties": {
        "source": "https://simplemaps.com",
        "id": "NGPL",
        "name": "Plateau"
      },
      "id": 27
    },
    {
      "geometry": {
        "type": "Polygon",
        "coordinates": [
          [
            [
              9.6154651229641,
              8.35117027890896
            ],
            [
              9.58828331911048,
              8.30814950563288
            ],
            [
              9.54745893692224,
              8.2820012845915
            ],
            [
              9.51924360574579,
              8.28073528732396
            ],
            [
              9.49082156598061,
              8.28486915594993
            ],
            [
              9.46105594130336,
              8.29342169749752
            ],
            [
              9.43253055221497,
              8.29835680356605
            ],
            [
              9.4092761581245,
              8.31070763723972
            ],
            [
              9.35997684108258,
              8.3272181760632
            ],
            [
              9.33517215326192,
              8.3169604138718
            ],
            [
              9.31863569441788,
              8.29471353143634
            ],
            [
              9.30809370229737,
              8.26869449362595
            ],
            [
              9.3038562345382,
              8.23805038945888
            ],
            [
              9.35728966562239,
              8.17138784993469
            ],
            [
              9.36039025205769,
              8.12053825842035
            ],
            [
              9.35863325277839,
              8.10294227702257
            ],
            [
              9.36628136663328,
              8.0843648020327
            ],
            [
              9.36958865808633,
              8.05785486483789
            ],
            [
              9.34902143725233,
              8.03984549606389
            ],
            [
              9.20391401479293,
              7.94367565682266
            ],
            [
              9.16939415906665,
              7.91445256596207
            ],
            [
              8.97891482896687,
              8.05545175303141
            ],
            [
              8.9789148291563,
              8.04984489270888
            ],
            [
              8.94232791458865,
              8.04708006735182
            ],
            [
              8.83256717292094,
              8.05074917656396
            ],
            [
              8.75980675552627,
              8.06630376009722
            ],
            [
              8.55795861090033,
              8.13335385291447
            ],
            [
              8.4261837095391,
              8.11849716063626
            ],
            [
              8.37057986727143,
              8.0715489068421
            ],
            [
              8.35435346779795,
              8.00116557985638
            ],
            [
              8.37740115683794,
              7.92928372323867
            ],
            [
              8.4248401218735,
              7.82647355161476
            ],
            [
              8.43104129438751,
              7.79141106839421
            ],
            [
              8.41822553921411,
              7.77508138265058
            ],
            [
              8.41078413269481,
              7.77637321686803
            ],
            [
              8.39858849513444,
              7.78035236668056
            ],
            [
              8.38732303195899,
              7.78647596128074
            ],
            [
              8.36241499253773,
              7.80564798263164
            ],
            [
              8.3161129095553,
              7.83099527171409
            ],
            [
              8.29337527857593,
              7.85554162336501
            ],
            [
              8.26433312263308,
              7.8639130092593
            ],
            [
              8.23219038292293,
              7.867168731805
            ],
            [
              8.20035770033578,
              7.87652221205719
            ],
            [
              8.14692426888709,
              7.9041431285725
            ],
            [
              8.11953575956809,
              7.91411668908308
            ],
            [
              8.03530317507329,
              7.92845694938747
            ],
            [
              8.01835330574315,
              7.93507144061614
            ],
            [
              7.96822716545834,
              7.96439787796773
            ],
            [
              7.93391401507949,
              7.97372552118036
            ],
            [
              7.86322065685345,
              7.98196802370145
            ],
            [
              7.82880415163474,
              7.98992602226409
            ],
            [
              7.78115848033892,
              8.00602317651283
            ],
            [
              7.71676964791342,
              8.0130513548729
            ],
            [
              7.66602338979987,
              8.02571192986004
            ],
            [
              7.65331098852708,
              8.02886430546881
            ],
            [
              7.63667117678374,
              8.03005279283155
            ],
            [
              7.49518110413783,
              8.01635845016328
            ],
            [
              7.3192745293924,
              8.03162883042037
            ],
            [
              7.28578820208928,
              8.02808920501455
            ],
            [
              7.08404340988416,
              7.96008285156244
            ],
            [
              7.03267703588383,
              7.92951625338429
            ],
            [
              7.03143680167987,
              7.92393522945733
            ],
            [
              7.02430545345768,
              7.92062783361737
            ],
            [
              7.00497846834137,
              7.903523048178
            ],
            [
              6.97045861243545,
              7.88215490945376
            ],
            [
              6.94679080604104,
              7.87228469555345
            ],
            [
              6.93841922337526,
              7.87442914027629
            ],
            [
              6.9401762227179,
              7.91613225078285
            ],
            [
              6.95154503617557,
              7.9561553753883
            ],
            [
              6.96983849452984,
              7.98444834520119
            ],
            [
              6.98182742659508,
              8.01579004316056
            ],
            [
              6.99733035543328,
              8.1627061245099
            ],
            [
              6.9930928885267,
              8.22810266699623
            ],
            [
              6.94482710107794,
              8.31295542827443
            ],
            [
              6.96963178921445,
              8.37770604925487
            ],
            [
              6.97810672445218,
              8.41176089322332
            ],
            [
              7.12228397040209,
              8.43377494387999
            ],
            [
              7.26346398262979,
              8.47144692162171
            ],
            [
              7.39213829906757,
              8.5347765203504
            ],
            [
              7.43585656207492,
              8.58319745427531
            ],
            [
              7.47109988851637,
              8.63916299629277
            ],
            [
              7.51430138551163,
              8.75889735120683
            ],
            [
              7.56112023394373,
              8.96074544261468
            ],
            [
              7.55739953009846,
              9.05841375858583
            ],
            [
              7.55987999891958,
              9.1206065227096
            ],
            [
              7.58292768694257,
              9.22773164914523
            ],
            [
              7.60122114460198,
              9.26054631652117
            ],
            [
              7.61279666458484,
              9.26398259290818
            ],
            [
              7.6247855977612,
              9.27163084644346
            ],
            [
              7.62819624274053,
              9.29080285301208
            ],
            [
              7.62581912686901,
              9.31069828591775
            ],
            [
              7.65393110468438,
              9.32372056522924
            ],
            [
              7.6686072117119,
              9.29757235940928
            ],
            [
              7.69258507642054,
              9.28501483939651
            ],
            [
              7.72452111202562,
              9.28754713290939
            ],
            [
              7.74911909331843,
              9.26785839300965
            ],
            [
              7.76575890379024,
              9.26537777279238
            ],
            [
              7.78219200880793,
              9.26506773281824
            ],
            [
              7.81660851471408,
              9.25065027309658
            ],
            [
              7.85071495977056,
              9.26568811319282
            ],
            [
              7.88947228449709,
              9.33643310489259
            ],
            [
              7.9508638854248,
              9.34594159779807
            ],
            [
              7.98342003776252,
              9.31596926573412
            ],
            [
              7.99241173661278,
              9.29328317276073
            ],
            [
              7.99179162001954,
              9.26791006633859
            ],
            [
              8.02403771336628,
              9.24217524617753
            ],
            [
              8.0634151544789,
              9.2187915621222
            ],
            [
              8.07406050040148,
              9.10164120734635
            ],
            [
              8.09979536386708,
              9.00500636074563
            ],
            [
              8.17917036292854,
              9.04813016384883
            ],
            [
              8.2366345559723,
              9.12825447653527
            ],
            [
              8.26350629965275,
              9.15318836195517
            ],
            [
              8.2959591010856,
              9.14057946784189
            ],
            [
              8.38597944524761,
              9.11634317223025
            ],
            [
              8.42628706163962,
              9.06464069598033
            ],
            [
              8.44571740152053,
              9.04583070038327
            ],
            [
              8.45884321445389,
              9.02329962344873
            ],
            [
              8.48364790107146,
              8.99919250939722
            ],
            [
              8.52261193170007,
              9.00402426690366
            ],
            [
              8.56540001811791,
              9.0467866571053
            ],
            [
              8.59712934713897,
              9.10226128736057
            ],
            [
              8.62307091674822,
              9.16197342936326
            ],
            [
              8.65996788867989,
              9.2047613515161
            ],
            [
              8.71784549330612,
              9.1763136803534
            ],
            [
              8.76662804610336,
              9.140708651175
            ],
            [
              8.78223432797244,
              9.07239229717438
            ],
            [
              8.8300867038992,
              9.02389386682486
            ],
            [
              8.89571577360668,
              9.01115578834035
            ],
            [
              8.96392866419468,
              9.01221509175777
            ],
            [
              8.98077518013691,
              9.01472124862059
            ],
            [
              8.99607140549457,
              9.02198195335304
            ],
            [
              9.02759402892876,
              9.03014694144798
            ],
            [
              9.05518924304426,
              9.01213758175163
            ],
            [
              9.0730692876773,
              8.98973568769392
            ],
            [
              9.06810835172748,
              8.96108131931842
            ],
            [
              9.05322553942664,
              8.92619971212048
            ],
            [
              9.01105757113603,
              8.86971744573434
            ],
            [
              8.98780317590981,
              8.84700550970992
            ],
            [
              8.95080285082238,
              8.83512004003362
            ],
            [
              8.92713504464167,
              8.79956667677612
            ],
            [
              8.90191694560564,
              8.76938764109244
            ],
            [
              8.88465701621991,
              8.72742618075203
            ],
            [
              8.90419070855383,
              8.67926391774842
            ],
            [
              8.92847863110156,
              8.64533826186146
            ],
            [
              8.93540327371857,
              8.6038679959085
            ],
            [
              8.92982221787236,
              8.55565375591289
            ],
            [
              8.95162967347151,
              8.51441601808155
            ],
            [
              9.03482872877982,
              8.47085267806112
            ],
            [
              9.09580691883595,
              8.4544971604577
            ],
            [
              9.19006473148098,
              8.45372206015463
            ],
            [
              9.28173872211787,
              8.46943166085034
            ],
            [
              9.34540408731626,
              8.48850032977227
            ],
            [
              9.4077258628937,
              8.48638142188647
            ],
            [
              9.52492801357117,
              8.43715984899469
            ],
            [
              9.57877485473942,
              8.40359590232305
            ],
            [
              9.6154651229641,
              8.35117027890896
            ]
          ]
        ]
      },
      "type": "Feature",
      "properties": {
        "source": "https://simplemaps.com",
        "id": "NGNA",
        "name": "Nassarawa"
      },
      "id": 28
    },
    {
      "geometry": {
        "type": "Polygon",
        "coordinates": [
          [
            [
              11.701022576928,
              10.5941856961864
            ],
            [
              11.7134249203523,
              10.5070592239783
            ],
            [
              11.6395276214817,
              10.3888235419465
            ],
            [
              11.6371505057969,
              10.3447694051652
            ],
            [
              11.6580277849196,
              10.3009736153855
            ],
            [
              11.6891369973671,
              10.2632239843597
            ],
            [
              11.7271708509989,
              10.236998190236
            ],
            [
              11.7703723486334,
              10.2206942839326
            ],
            [
              11.807062616059,
              10.1963030064816
            ],
            [
              11.8743453301321,
              10.0889710517994
            ],
            [
              11.9455554538044,
              10.0447101894549
            ],
            [
              11.9351168138287,
              9.95763527629686
            ],
            [
              11.9403878112812,
              9.8257313533644
            ],
            [
              11.9250915880648,
              9.78420944628414
            ],
            [
              11.8877812022039,
              9.75382343684353
            ],
            [
              11.7026762215316,
              9.64395936389396
            ],
            [
              11.6178235214175,
              9.60664912681909
            ],
            [
              11.5259428239315,
              9.59197300353835
            ],
            [
              11.1748531427312,
              9.57765859332351
            ],
            [
              11.0686063987035,
              9.58639198484443
            ],
            [
              11.075014277396,
              9.61042157935404
            ],
            [
              11.0528967622221,
              9.63824916212601
            ],
            [
              11.0242680198183,
              9.6955584728129
            ],
            [
              11.0080416192272,
              9.7575958889604
            ],
            [
              11.0013236827351,
              9.82203641140901
            ],
            [
              10.9713513521053,
              9.88784627320823
            ],
            [
              10.7650590354397,
              10.0393616802882
            ],
            [
              10.7236145361916,
              10.0971359334505
            ],
            [
              10.7292989440258,
              10.1302605293269
            ],
            [
              10.8431938013114,
              10.1876472095843
            ],
            [
              10.8458809746406,
              10.2165860067785
            ],
            [
              10.841953566071,
              10.2466100193238
            ],
            [
              10.8440206225737,
              10.38559376876
            ],
            [
              10.8233500507659,
              10.4455642775478
            ],
            [
              10.7589612157245,
              10.4852001141737
            ],
            [
              10.6876477393134,
              10.5186606076371
            ],
            [
              10.6770023939898,
              10.5972604489931
            ],
            [
              10.6456864758738,
              10.6663518264852
            ],
            [
              10.5386129090188,
              10.71162039411
            ],
            [
              10.5415067888708,
              10.7393964774438
            ],
            [
              10.5938033377569,
              10.8118468083688
            ],
            [
              10.6089962095742,
              10.8491055532776
            ],
            [
              10.6431026551926,
              10.9671086518048
            ],
            [
              10.6737984547872,
              11.0413676983753
            ],
            [
              10.703254021725,
              11.0665857991284
            ],
            [
              10.7792183770981,
              11.0894784485715
            ],
            [
              10.8119812353963,
              11.1141023057327
            ],
            [
              10.8599369655761,
              11.1786461603268
            ],
            [
              10.9537813655751,
              11.2321570773261
            ],
            [
              10.9775525236909,
              11.2575818718755
            ],
            [
              10.9939856295416,
              11.2802161549351
            ],
            [
              11.0142427916005,
              11.2947114333961
            ],
            [
              11.1528389825765,
              11.3308332144547
            ],
            [
              11.2901949399269,
              11.2647907560541
            ],
            [
              11.3539636563627,
              11.2158789930382
            ],
            [
              11.4091540870471,
              11.1579755402752
            ],
            [
              11.4579366390369,
              11.0930958089415
            ],
            [
              11.5625297378976,
              10.9888385756315
            ],
            [
              11.5837170746371,
              10.9623027290859
            ],
            [
              11.5903316584619,
              10.9281704482074
            ],
            [
              11.5774125516022,
              10.6986754663004
            ],
            [
              11.5842338399624,
              10.6268193769068
            ],
            [
              11.5930188331369,
              10.5972087756312
            ],
            [
              11.6634021344974,
              10.5902324586671
            ],
            [
              11.701022576928,
              10.5941856961864
            ]
          ]
        ]
      },
      "type": "Feature",
      "properties": {
        "source": "https://simplemaps.com",
        "id": "NGGO",
        "name": "Gombe"
      },
      "id": 29
    },
    {
      "geometry": {
        "type": "Polygon",
        "coordinates": [
          [
            [
              7.49373416446047,
              7.07445216321952
            ],
            [
              7.50365604073124,
              7.03414467402139
            ],
            [
              7.54241336342366,
              6.95464037186291
            ],
            [
              7.56980187307429,
              6.92053398781875
            ],
            [
              7.60318484973856,
              6.88916644297221
            ],
            [
              7.64039187996778,
              6.86211377551129
            ],
            [
              7.67842573378745,
              6.84379451027107
            ],
            [
              7.71894005714797,
              6.84857459849345
            ],
            [
              7.74849897548784,
              6.87066617077176
            ],
            [
              7.78467247921212,
              6.88001965364221
            ],
            [
              7.82611697840321,
              6.8599433432774
            ],
            [
              7.85112837068619,
              6.82025578277308
            ],
            [
              7.86218712765519,
              6.77219683366568
            ],
            [
              7.8618770686582,
              6.72364668663231
            ],
            [
              7.82766727129233,
              6.63021580260812
            ],
            [
              7.76110802556817,
              6.62336862868311
            ],
            [
              7.72751834525915,
              6.62626248836103
            ],
            [
              7.69568566136374,
              6.60652205421424
            ],
            [
              7.73506310409944,
              6.47875210211245
            ],
            [
              7.73413292808476,
              6.40756780923979
            ],
            [
              7.69051801853015,
              6.27494025622206
            ],
            [
              7.70850141824301,
              6.24827528743028
            ],
            [
              7.70994835805939,
              6.23471019768117
            ],
            [
              7.72162723113814,
              6.19267142036863
            ],
            [
              7.72338423023059,
              6.16249236085659
            ],
            [
              7.73061893096579,
              6.13104730337524
            ],
            [
              7.73247928192109,
              6.10097159057799
            ],
            [
              7.71284223774871,
              6.0710250612254
            ],
            [
              7.68845096217473,
              6.0444892757195
            ],
            [
              7.68193973100144,
              5.99420806750164
            ],
            [
              7.69320519385507,
              5.94188568545914
            ],
            [
              7.66633344926835,
              5.92808806540097
            ],
            [
              7.63057335785397,
              5.96103180132992
            ],
            [
              7.60928266847701,
              5.97575961743567
            ],
            [
              7.58344445177198,
              5.98867871484162
            ],
            [
              7.53352501743455,
              5.97296902930647
            ],
            [
              7.46830936006879,
              6.02219085801975
            ],
            [
              7.4200435733583,
              6.02038221442561
            ],
            [
              7.3725012548909,
              6.01250149741195
            ],
            [
              7.36981407980643,
              6.01593800285823
            ],
            [
              7.36371626094733,
              6.02061474465971
            ],
            [
              7.35369103435862,
              6.02275934036534
            ],
            [
              7.34862674317782,
              6.03335298521637
            ],
            [
              7.33074669835176,
              6.04353324298386
            ],
            [
              7.31989464661074,
              6.04505768295832
            ],
            [
              7.29343631417231,
              6.03722871443781
            ],
            [
              7.26511762866138,
              6.04169868759063
            ],
            [
              7.2433101744141,
              6.06673594492269
            ],
            [
              7.23256147632526,
              6.09771594198366
            ],
            [
              7.21633507718962,
              6.12489779499449
            ],
            [
              7.20444949674664,
              6.15414665850252
            ],
            [
              7.21003055168314,
              6.18889903793147
            ],
            [
              7.18605268707637,
              6.20639153029887
            ],
            [
              7.18181522009144,
              6.23057610155533
            ],
            [
              7.16527876150616,
              6.24075635926655
            ],
            [
              7.15122277242868,
              6.22964590551724
            ],
            [
              7.13540978409445,
              6.22649360370712
            ],
            [
              7.12714155415737,
              6.23812086641535
            ],
            [
              7.13096560981775,
              6.25160837097798
            ],
            [
              7.13334272583913,
              6.26897167983157
            ],
            [
              7.13292931446312,
              6.28778184344643
            ],
            [
              7.13944054492698,
              6.29134760743229
            ],
            [
              7.14605512959847,
              6.29909906580703
            ],
            [
              7.14367801278666,
              6.30930516017218
            ],
            [
              7.13799360463574,
              6.31840012654372
            ],
            [
              7.10585086373869,
              6.39097975153003
            ],
            [
              7.08538699748865,
              6.41873001134916
            ],
            [
              7.07019412588351,
              6.4270240401876
            ],
            [
              7.03681115094986,
              6.43335433020095
            ],
            [
              7.02203169076125,
              6.44048570788126
            ],
            [
              7.01324669773637,
              6.46508374092966
            ],
            [
              7.04022179476295,
              6.54016952409953
            ],
            [
              7.09592898877553,
              6.60052764130922
            ],
            [
              7.10026981070877,
              6.66775876865405
            ],
            [
              7.0696773621288,
              6.68088455899157
            ],
            [
              7.03774132701873,
              6.68760239919328
            ],
            [
              6.98007042777547,
              6.71201957468583
            ],
            [
              6.92674034974502,
              6.70992665247365
            ],
            [
              6.91371788838899,
              6.71602441205571
            ],
            [
              6.91464806461243,
              6.74811553537806
            ],
            [
              6.9059664241648,
              6.77612416092561
            ],
            [
              6.9327348160379,
              6.82904085852653
            ],
            [
              6.96591108578671,
              6.85030565677526
            ],
            [
              6.96849490739543,
              6.84216664853723
            ],
            [
              6.9685982599154,
              6.83309736920406
            ],
            [
              6.97324913930581,
              6.81891227484602
            ],
            [
              6.97996707519119,
              6.81296953550764
            ],
            [
              6.99588341566483,
              6.78955999134363
            ],
            [
              7.02099816217132,
              6.77832042988104
            ],
            [
              7.06523318917191,
              6.81232346802095
            ],
            [
              7.10285363080055,
              6.85813462471301
            ],
            [
              7.1864660989841,
              6.91606393994396
            ],
            [
              7.2361788265958,
              6.96203011591526
            ],
            [
              7.29343631392948,
              7.03621160920927
            ],
            [
              7.31183312296133,
              7.05298067238052
            ],
            [
              7.34304568888667,
              7.06385851960585
            ],
            [
              7.37518842928514,
              7.08886993728979
            ],
            [
              7.41167199084638,
              7.10783511887035
            ],
            [
              7.46055789540923,
              7.10488958606022
            ],
            [
              7.49373416446047,
              7.07445216321952
            ]
          ]
        ]
      },
      "type": "Feature",
      "properties": {
        "source": "https://simplemaps.com",
        "id": "NGEN",
        "name": "Enugu"
      },
      "id": 30
    },
    {
      "geometry": {
        "type": "Polygon",
        "coordinates": [
          [
            [
              6.21587934708878,
              8.72995847513334
            ],
            [
              6.25990766782107,
              8.73838153093489
            ],
            [
              6.27737430196276,
              8.73667631052472
            ],
            [
              6.28450564908768,
              8.73057855528499
            ],
            [
              6.32171268130086,
              8.70564466355244
            ],
            [
              6.34165978315049,
              8.70254396232259
            ],
            [
              6.35767947878428,
              8.69394004963882
            ],
            [
              6.37049523285096,
              8.68094330153914
            ],
            [
              6.39529992012711,
              8.63962805642971
            ],
            [
              6.39602339002838,
              8.62136032592374
            ],
            [
              6.39788374283921,
              8.61324730967851
            ],
            [
              6.41338667155884,
              8.58200866679615
            ],
            [
              6.41576378739021,
              8.57397316040686
            ],
            [
              6.42124148995151,
              8.57278467334839
            ],
            [
              6.4249621925899,
              8.56420629631222
            ],
            [
              6.42713260253643,
              8.55555040921118
            ],
            [
              6.42971642378601,
              8.52619814314424
            ],
            [
              6.44263553196104,
              8.47808754833504
            ],
            [
              6.46537316256071,
              8.4317338463935
            ],
            [
              6.47333133322248,
              8.42770302434202
            ],
            [
              6.57224002418474,
              8.35357308996858
            ],
            [
              6.58391889767622,
              8.34021462609675
            ],
            [
              6.62288292781372,
              8.27791878889144
            ],
            [
              6.66060672389829,
              8.23799871609998
            ],
            [
              6.67290571490468,
              8.23182344927683
            ],
            [
              6.67393924286182,
              8.22647495618309
            ],
            [
              6.6885119969857,
              8.21352987839424
            ],
            [
              6.69140587725452,
              8.20694122462546
            ],
            [
              6.70856245327922,
              8.22456304189308
            ],
            [
              6.71538374235843,
              8.25089212038566
            ],
            [
              6.72644249884659,
              8.27567099781978
            ],
            [
              6.73894819516714,
              8.2856445567429
            ],
            [
              6.75310753726697,
              8.27763458542273
            ],
            [
              6.75755171037603,
              8.29404177778824
            ],
            [
              6.75558800643815,
              8.31631449690926
            ],
            [
              6.77160770002771,
              8.33207577201791
            ],
            [
              6.79217491946431,
              8.33912948561159
            ],
            [
              6.82163048701945,
              8.36716408385542
            ],
            [
              6.83496300671503,
              8.40677411406933
            ],
            [
              6.89625125500717,
              8.40873770154897
            ],
            [
              6.9334582860963,
              8.40470687945168
            ],
            [
              6.9692183763443,
              8.41080463573605
            ],
            [
              6.97810672445218,
              8.41176089322332
            ],
            [
              6.96963178921445,
              8.37770604925487
            ],
            [
              6.94482710107794,
              8.31295542827443
            ],
            [
              6.9930928885267,
              8.22810266699623
            ],
            [
              6.99733035543328,
              8.1627061245099
            ],
            [
              6.98182742659508,
              8.01579004316056
            ],
            [
              6.96983849452984,
              7.98444834520119
            ],
            [
              6.95154503617557,
              7.9561553753883
            ],
            [
              6.9401762227179,
              7.91613225078285
            ],
            [
              6.93841922337526,
              7.87442914027629
            ],
            [
              6.94679080604104,
              7.87228469555345
            ],
            [
              6.97045861243545,
              7.88215490945376
            ],
            [
              7.00497846834137,
              7.903523048178
            ],
            [
              7.02430545345768,
              7.92062783361737
            ],
            [
              7.03143680167987,
              7.92393522945733
            ],
            [
              7.03267703588383,
              7.92951625338429
            ],
            [
              7.08404340988416,
              7.96008285156244
            ],
            [
              7.28578820208928,
              8.02808920501455
            ],
            [
              7.3192745293924,
              8.03162883042037
            ],
            [
              7.49518110413783,
              8.01635845016328
            ],
            [
              7.63667117678374,
              8.03005279283155
            ],
            [
              7.65331098852708,
              8.02886430546881
            ],
            [
              7.66602338979987,
              8.02571192986004
            ],
            [
              7.66044233624539,
              7.96819617071666
            ],
            [
              7.66323286244403,
              7.91535684986679
            ],
            [
              7.67573855956175,
              7.86492063991565
            ],
            [
              7.70519412649757,
              7.82135758777781
            ],
            [
              7.73454634030214,
              7.79205698549917
            ],
            [
              7.7542867372134,
              7.75621940130063
            ],
            [
              7.75852420440535,
              7.72004593973763
            ],
            [
              7.75614708815937,
              7.60454904629343
            ],
            [
              7.77175337087293,
              7.48491812836469
            ],
            [
              7.78374230343106,
              7.44610917128345
            ],
            [
              7.8159883973531,
              7.42853917247967
            ],
            [
              7.85402225104273,
              7.43360346361099
            ],
            [
              7.87924034997486,
              7.41616264817983
            ],
            [
              7.85887983632439,
              7.38104848686549
            ],
            [
              7.84730431542188,
              7.35210974424417
            ],
            [
              7.84492719923825,
              7.32004446170878
            ],
            [
              7.82725385872275,
              7.24002343106485
            ],
            [
              7.78549930208998,
              7.17108708948343
            ],
            [
              7.65279422418492,
              7.09930856070793
            ],
            [
              7.63667117715519,
              7.05967282566095
            ],
            [
              7.63377729717418,
              7.01437840453542
            ],
            [
              7.60700890489716,
              7.00616173626754
            ],
            [
              7.57496951665614,
              7.02081204075806
            ],
            [
              7.53207807760359,
              7.0559003685347
            ],
            [
              7.49373416446047,
              7.07445216321952
            ],
            [
              7.46055789540923,
              7.10488958606022
            ],
            [
              7.41167199084638,
              7.10783511887035
            ],
            [
              7.37518842928514,
              7.08886993728979
            ],
            [
              7.34304568888667,
              7.06385851960585
            ],
            [
              7.31183312296133,
              7.05298067238052
            ],
            [
              7.29343631392948,
              7.03621160920927
            ],
            [
              7.2361788265958,
              6.96203011591526
            ],
            [
              7.1864660989841,
              6.91606393994396
            ],
            [
              7.10285363080055,
              6.85813462471301
            ],
            [
              7.06523318917191,
              6.81232346802095
            ],
            [
              7.02099816217132,
              6.77832042988104
            ],
            [
              6.99588341566483,
              6.78955999134363
            ],
            [
              6.97996707519119,
              6.81296953550764
            ],
            [
              6.97324913930581,
              6.81891227484602
            ],
            [
              6.9685982599154,
              6.83309736920406
            ],
            [
              6.96849490739543,
              6.84216664853723
            ],
            [
              6.96591108578671,
              6.85030565677526
            ],
            [
              6.9327348160379,
              6.82904085852653
            ],
            [
              6.9059664241648,
              6.77612416092561
            ],
            [
              6.83806359163079,
              6.71199373799449
            ],
            [
              6.8143957859721,
              6.66463222855504
            ],
            [
              6.79238162630019,
              6.56680880576407
            ],
            [
              6.75951541455583,
              6.53430429460774
            ],
            [
              6.73409061026294,
              6.53035113052899
            ],
            [
              6.7078389832693,
              6.5358029729526
            ],
            [
              6.68551476386193,
              6.53678476724556
            ],
            [
              6.6767297704342,
              6.5351052320574
            ],
            [
              6.67672977070056,
              6.54918713042445
            ],
            [
              6.67476606599331,
              6.56422498636729
            ],
            [
              6.65471560981216,
              6.62075897261243
            ],
            [
              6.65058149579627,
              6.66323704721323
            ],
            [
              6.65502566907766,
              6.79129119985589
            ],
            [
              6.64923790958798,
              6.84382034696186
            ],
            [
              6.65037478991194,
              6.86056342385479
            ],
            [
              6.66122684109322,
              6.89955339343313
            ],
            [
              6.68737511560493,
              6.95515710566832
            ],
            [
              6.68933881976047,
              6.96407136465669
            ],
            [
              6.68882205562718,
              7.00815131161083
            ],
            [
              6.68975223068819,
              7.01843491507091
            ],
            [
              6.69833051969423,
              7.04197364168066
            ],
            [
              6.70318810409013,
              7.09372753534864
            ],
            [
              6.71538374174134,
              7.13041773730005
            ],
            [
              6.71941450449583,
              7.14891800850815
            ],
            [
              6.71807091606334,
              7.16834825022924
            ],
            [
              6.71538374204063,
              7.17746920231537
            ],
            [
              6.6993640479502,
              7.21188562471469
            ],
            [
              6.69719363803553,
              7.22033482279646
            ],
            [
              6.67083865734394,
              7.22834464693939
            ],
            [
              6.65729943221654,
              7.2362511243116
            ],
            [
              6.65461225808573,
              7.25345941040265
            ],
            [
              6.64355350053244,
              7.26738613656121
            ],
            [
              6.62836063023198,
              7.27903923409471
            ],
            [
              6.60179894397356,
              7.27684296537038
            ],
            [
              6.56118126771251,
              7.25989304626761
            ],
            [
              6.5111584811567,
              7.25072057120434
            ],
            [
              6.49782596232775,
              7.26955656860252
            ],
            [
              6.49389855313221,
              7.28849606287507
            ],
            [
              6.48066938647787,
              7.30611773574322
            ],
            [
              6.45803510838884,
              7.36172144275135
            ],
            [
              6.43271365664142,
              7.38425238634478
            ],
            [
              6.41183637918469,
              7.38675869525608
            ],
            [
              6.37411258283103,
              7.37719851997834
            ],
            [
              6.35096154070945,
              7.37861968801313
            ],
            [
              6.32253950456336,
              7.41076248008633
            ],
            [
              6.28936323461258,
              7.43352595354925
            ],
            [
              6.2747904799456,
              7.44595415116052
            ],
            [
              6.26414513515114,
              7.4632656327903
            ],
            [
              6.24461144432277,
              7.45902826590258
            ],
            [
              6.22487104745557,
              7.4466259050265
            ],
            [
              6.17825890490204,
              7.42768641158575
            ],
            [
              6.13237023329505,
              7.42673045415572
            ],
            [
              6.10766889799183,
              7.46063014049965
            ],
            [
              6.11862430192764,
              7.50471023214165
            ],
            [
              6.11107954313715,
              7.52713782803734
            ],
            [
              6.07873009621915,
              7.53793816383693
            ],
            [
              6.08255415220389,
              7.55757524716981
            ],
            [
              6.06570763510224,
              7.56837558286532
            ],
            [
              6.04555382696068,
              7.56413806590218
            ],
            [
              6.02839725095414,
              7.57336236372087
            ],
            [
              5.9657654146184,
              7.64082585603445
            ],
            [
              5.91584598025944,
              7.71787535778169
            ],
            [
              5.92235721160934,
              7.75691699178288
            ],
            [
              5.89207482367511,
              7.77043047903612
            ],
            [
              5.81135623528417,
              7.75609021787797
            ],
            [
              5.76619103427218,
              7.76950035839762
            ],
            [
              5.68764285577567,
              7.80784410077637
            ],
            [
              5.67141645668861,
              7.82195183150779
            ],
            [
              5.65777387903843,
              7.82107338425471
            ],
            [
              5.62480431578586,
              7.85034814953305
            ],
            [
              5.61002485493941,
              7.89334279416061
            ],
            [
              5.61756961337009,
              7.9358982144652
            ],
            [
              5.64640506457388,
              7.97186528004775
            ],
            [
              5.66862592852475,
              7.98488756879983
            ],
            [
              5.67017622168703,
              8.00710831715862
            ],
            [
              5.65539676329788,
              8.01780560477794
            ],
            [
              5.63679324658041,
              8.02036343628699
            ],
            [
              5.59979292135115,
              8.01674600039235
            ],
            [
              5.56372277228031,
              8.00834877832261
            ],
            [
              5.53664432143292,
              7.99240664418233
            ],
            [
              5.51762739370711,
              7.99946035883719
            ],
            [
              5.51607710061277,
              8.04167990046296
            ],
            [
              5.53602420442592,
              8.06958531905927
            ],
            [
              5.52878950408188,
              8.12947835081282
            ],
            [
              5.46181684728519,
              8.17050940280692
            ],
            [
              5.42140587642448,
              8.20756130494086
            ],
            [
              5.41127729735201,
              8.22595822259136
            ],
            [
              5.39391401560022,
              8.24094439798151
            ],
            [
              5.37923790843567,
              8.25856591454907
            ],
            [
              5.34916222452589,
              8.31533240269935
            ],
            [
              5.35691369043264,
              8.34817292382358
            ],
            [
              5.47122195780732,
              8.48999885699824
            ],
            [
              5.51566368961896,
              8.53069402515816
            ],
            [
              5.55524783710178,
              8.51475189486925
            ],
            [
              5.60578738765515,
              8.46563336896455
            ],
            [
              5.70614301954617,
              8.42788388108179
            ],
            [
              5.80505171032501,
              8.40517193964486
            ],
            [
              5.94354454950791,
              8.39804071624437
            ],
            [
              6.05340864423657,
              8.37370106377419
            ],
            [
              6.08679161937381,
              8.38036722706077
            ],
            [
              6.10715213405524,
              8.40457769606467
            ],
            [
              6.11707400908746,
              8.43390412726514
            ],
            [
              6.13257693830341,
              8.53705014781113
            ],
            [
              6.17350467333143,
              8.67574982969335
            ],
            [
              6.21587934708878,
              8.72995847513334
            ]
          ]
        ]
      },
      "type": "Feature",
      "properties": {
        "source": "https://simplemaps.com",
        "id": "NGKO",
        "name": "Kogi"
      },
      "id": 31
    },
    {
      "geometry": {
        "type": "Polygon",
        "coordinates": [
          [
            [
              4.55561893102196,
              8.03410945229604
            ],
            [
              4.62000776467995,
              8.03749405760271
            ],
            [
              4.68532677617027,
              8.0306470365127
            ],
            [
              4.74134402805615,
              8.04268783147428
            ],
            [
              4.76759565660922,
              8.05364318532446
            ],
            [
              4.79508751771689,
              8.05950841245279
            ],
            [
              4.79684451723381,
              8.05271306478891
            ],
            [
              4.8037691588795,
              8.06046436966714
            ],
            [
              4.85968305836756,
              8.06508943607111
            ],
            [
              4.89926720452177,
              8.08147079330979
            ],
            [
              4.94091840956776,
              8.08043732606022
            ],
            [
              4.96220909977994,
              8.04602076340562
            ],
            [
              4.99197472496888,
              8.02628033686042
            ],
            [
              5.0493355647807,
              8.03398026888728
            ],
            [
              5.06411502385314,
              8.03056952646735
            ],
            [
              5.04137739358138,
              7.94928251738862
            ],
            [
              5.01057824174507,
              7.9218166214586
            ],
            [
              4.9723376811648,
              7.90375557832594
            ],
            [
              4.92613895006097,
              7.84306160388502
            ],
            [
              4.91797407325127,
              7.7230429951802
            ],
            [
              4.9072253759162,
              7.67901488046822
            ],
            [
              4.91239301908963,
              7.62720932185655
            ],
            [
              4.99145796116276,
              7.41484482690982
            ],
            [
              4.99073449110369,
              7.37484738139971
            ],
            [
              4.9418485863039,
              7.36146307587354
            ],
            [
              4.89823367706831,
              7.33913897585395
            ],
            [
              4.88056033665399,
              7.29232004295388
            ],
            [
              4.87229210814874,
              7.2446743354398
            ],
            [
              4.87260216586858,
              7.16953688813975
            ],
            [
              4.86970828581793,
              7.14271675245758
            ],
            [
              4.87198204894822,
              7.11979825713003
            ],
            [
              4.86929487489519,
              7.09819758305987
            ],
            [
              4.85885623528879,
              7.09042028887567
            ],
            [
              4.8322945487546,
              7.09251306072777
            ],
            [
              4.81989220469166,
              7.09822341974937
            ],
            [
              4.76955936036992,
              7.1309087846101
            ],
            [
              4.73214562335114,
              7.14651504619929
            ],
            [
              4.69256147578301,
              7.13545619213794
            ],
            [
              4.65008344876536,
              7.10168568635341
            ],
            [
              4.62290164594805,
              7.05543530811946
            ],
            [
              4.61546023900666,
              7.02967462624789
            ],
            [
              4.59975060426167,
              7.00833216844078
            ],
            [
              4.56109663291279,
              6.98828169525819
            ],
            [
              4.54549034960913,
              7.00737621091095
            ],
            [
              4.50507937981217,
              7.00360375374306
            ],
            [
              4.48699262890799,
              6.99853961228348
            ],
            [
              4.47035281749183,
              6.99114986828502
            ],
            [
              4.44875206854113,
              6.99226084595852
            ],
            [
              4.42777143720869,
              6.99848778869009
            ],
            [
              4.39263146272828,
              6.97910921962457
            ],
            [
              4.36410607247736,
              6.98050440089231
            ],
            [
              4.35883507678314,
              6.99533556229019
            ],
            [
              4.35614790150902,
              7.01125186462247
            ],
            [
              4.34674279098926,
              7.03703853349748
            ],
            [
              4.33454715276658,
              7.06189478097573
            ],
            [
              4.30157759018875,
              7.08974838473431
            ],
            [
              4.25517215292673,
              7.08778479632868
            ],
            [
              4.21734500462733,
              7.06365182608835
            ],
            [
              4.17693403498799,
              7.05889757475619
            ],
            [
              4.16876915855954,
              7.10414032206598
            ],
            [
              4.14789188036943,
              7.14617916923959
            ],
            [
              4.07709516759939,
              7.11243435001438
            ],
            [
              4.14551476438799,
              7.4743503225712
            ],
            [
              4.13993370938661,
              7.50212641325756
            ],
            [
              4.12029666561539,
              7.52592350377077
            ],
            [
              4.10427697078222,
              7.55754941048354
            ],
            [
              4.08246951693631,
              7.58545453366379
            ],
            [
              4.05477094973264,
              7.60230125462123
            ],
            [
              4.03410037565657,
              7.62511624988881
            ],
            [
              4.03544396298234,
              7.65431350714944
            ],
            [
              4.05229047997762,
              7.67940243074668
            ],
            [
              4.06128217834494,
              7.70759175632654
            ],
            [
              4.06644982327283,
              7.73699570623703
            ],
            [
              4.06996381995306,
              7.80218556653801
            ],
            [
              4.08639692487517,
              7.84768667069084
            ],
            [
              4.15388634598002,
              7.8298581571991
            ],
            [
              4.20514936697473,
              7.86654865140165
            ],
            [
              4.20411583784668,
              7.88895025758478
            ],
            [
              4.21269412575598,
              7.8975544739468
            ],
            [
              4.22406294085188,
              7.90577083960731
            ],
            [
              4.2423563984382,
              7.93189352863134
            ],
            [
              4.26354373484764,
              7.95403676741663
            ],
            [
              4.29475630037411,
              7.94202210912938
            ],
            [
              4.32235151517258,
              7.91760494171228
            ],
            [
              4.35904178140434,
              7.85866786207676
            ],
            [
              4.39986616445801,
              7.85058067968576
            ],
            [
              4.42053673712302,
              7.87158710510103
            ],
            [
              4.44947553909901,
              7.89246434693135
            ],
            [
              4.45547000510797,
              7.8984587578575
            ],
            [
              4.4615678242572,
              7.90750219779993
            ],
            [
              4.46921593555181,
              7.91471093279202
            ],
            [
              4.47138634644223,
              7.91155885746479
            ],
            [
              4.4885429220792,
              7.92496869677315
            ],
            [
              4.5073531435291,
              7.9365702686439
            ],
            [
              4.52523318892243,
              7.94352063672647
            ],
            [
              4.54735070188232,
              7.94721558277646
            ],
            [
              4.55251834556038,
              7.95336501366915
            ],
            [
              4.56099327999128,
              7.96592224223386
            ],
            [
              4.5630603368633,
              8.00010627589004
            ],
            [
              4.55561893102196,
              8.03410945229604
            ]
          ]
        ]
      },
      "type": "Feature",
      "properties": {
        "source": "https://simplemaps.com",
        "id": "NGOS",
        "name": "Osun"
      },
      "id": 32
    },
    {
      "geometry": {
        "type": "Polygon",
        "coordinates": [
          [
            [
              7.25147505004108,
              5.19469615551237
            ],
            [
              7.22181277840527,
              5.18629872398424
            ],
            [
              7.1898767427868,
              5.1824746684078
            ],
            [
              7.13706342881813,
              5.19766754396419
            ],
            [
              7.01117964013487,
              5.18516185325342
            ],
            [
              6.87020633278009,
              5.19492870450774
            ],
            [
              6.76478641128833,
              5.26332246285498
            ],
            [
              6.75775841628824,
              5.27662912870307
            ],
            [
              6.73378055164649,
              5.29422496699233
            ],
            [
              6.72437544079143,
              5.30505117908869
            ],
            [
              6.72313520728951,
              5.33967437353308
            ],
            [
              6.73770796115193,
              5.37197215323167
            ],
            [
              6.74587283678549,
              5.44313060828719
            ],
            [
              6.70463504402711,
              5.48625460073159
            ],
            [
              6.66846154142161,
              5.47734041625529
            ],
            [
              6.63270144997091,
              5.47987256228082
            ],
            [
              6.62619021975718,
              5.5020417208256
            ],
            [
              6.65709272564303,
              5.65960314559392
            ],
            [
              6.66877159982556,
              5.69427808978601
            ],
            [
              6.73574425650615,
              5.74768568760795
            ],
            [
              6.81325890448487,
              5.76902799734032
            ],
            [
              6.85625369564613,
              5.75081207761538
            ],
            [
              6.89583784298909,
              5.76202587813022
            ],
            [
              6.9351119319603,
              5.84207268344602
            ],
            [
              6.9485478041521,
              5.88447317457128
            ],
            [
              6.98606489391615,
              5.90728832610182
            ],
            [
              7.03123009605363,
              5.91826952133537
            ],
            [
              7.0772221209102,
              5.92354058217193
            ],
            [
              7.16755252351983,
              5.90411018758515
            ],
            [
              7.20858361170811,
              5.91780446086747
            ],
            [
              7.25013146296761,
              5.92625358511504
            ],
            [
              7.27142215319468,
              5.9079600801109
            ],
            [
              7.3216516456892,
              5.88248359902438
            ],
            [
              7.34945356619224,
              5.8762049071793
            ],
            [
              7.3879008321538,
              5.84207268344602
            ],
            [
              7.40081994046463,
              5.73006401183014
            ],
            [
              7.39089806475549,
              5.68427868896446
            ],
            [
              7.3820097178703,
              5.67011935535368
            ],
            [
              7.39337853434619,
              5.65120576993509
            ],
            [
              7.4004065283505,
              5.62529002783786
            ],
            [
              7.40040652835652,
              5.59787568253476
            ],
            [
              7.40433393694009,
              5.57066803083097
            ],
            [
              7.40495405369128,
              5.54317617557876
            ],
            [
              7.39740929482069,
              5.51956004952686
            ],
            [
              7.38366336423337,
              5.49899284095388
            ],
            [
              7.37425825420077,
              5.47258616450962
            ],
            [
              7.36226932095472,
              5.44778147569658
            ],
            [
              7.32444217291953,
              5.40545849599109
            ],
            [
              7.25147505004108,
              5.19469615551237
            ]
          ]
        ]
      },
      "type": "Feature",
      "properties": {
        "source": "https://simplemaps.com",
        "id": "NGIM",
        "name": "Imo"
      },
      "id": 33
    },
    {
      "geometry": {
        "type": "Polygon",
        "coordinates": [
          [
            [
              5.06411502385314,
              8.03056952646735
            ],
            [
              5.07558719265181,
              8.02356748526648
            ],
            [
              5.08065148220982,
              8.00643656342556
            ],
            [
              5.10152876125282,
              7.99801350463815
            ],
            [
              5.16395389191108,
              8.01641012352716
            ],
            [
              5.23020307733119,
              7.9755857623116
            ],
            [
              5.26978722529286,
              7.97235617701343
            ],
            [
              5.29438520761166,
              7.96726605014843
            ],
            [
              5.33644982321885,
              7.97416474478093
            ],
            [
              5.34471805108034,
              7.9716066127971
            ],
            [
              5.35370975129725,
              7.97426809151044
            ],
            [
              5.36611209521289,
              7.99760011772401
            ],
            [
              5.37189985545616,
              8.02961356924104
            ],
            [
              5.39308719210107,
              8.05527089626077
            ],
            [
              5.42884728341805,
              8.06601955660181
            ],
            [
              5.53602420442592,
              8.06958531905927
            ],
            [
              5.51607710061277,
              8.04167990046296
            ],
            [
              5.51762739370711,
              7.99946035883719
            ],
            [
              5.53664432143292,
              7.99240664418233
            ],
            [
              5.56372277228031,
              8.00834877832261
            ],
            [
              5.59979292135115,
              8.01674600039235
            ],
            [
              5.63679324658041,
              8.02036343628699
            ],
            [
              5.65539676329788,
              8.01780560477794
            ],
            [
              5.67017622168703,
              8.00710831715862
            ],
            [
              5.66862592852475,
              7.98488756879983
            ],
            [
              5.64640506457388,
              7.97186528004775
            ],
            [
              5.61756961337009,
              7.9358982144652
            ],
            [
              5.61002485493941,
              7.89334279416061
            ],
            [
              5.62480431578586,
              7.85034814953305
            ],
            [
              5.65777387903843,
              7.82107338425471
            ],
            [
              5.67141645668861,
              7.82195183150779
            ],
            [
              5.68764285577567,
              7.80784410077637
            ],
            [
              5.76619103427218,
              7.76950035839762
            ],
            [
              5.81135623528417,
              7.75609021787797
            ],
            [
              5.79368289560743,
              7.72756471544949
            ],
            [
              5.76887820758069,
              7.71808205126076
            ],
            [
              5.74138634610173,
              7.7302003577239
            ],
            [
              5.71544477733535,
              7.7159892797846
            ],
            [
              5.70572960762298,
              7.69795407196107
            ],
            [
              5.69343061728238,
              7.68108181528603
            ],
            [
              5.66707563572636,
              7.66614730991466
            ],
            [
              5.62366743276418,
              7.61974191883136
            ],
            [
              5.61043826667451,
              7.59069968135178
            ],
            [
              5.59255822119044,
              7.49569262761843
            ],
            [
              5.53778120340383,
              7.36849110558341
            ],
            [
              5.43246463370635,
              7.28007270162886
            ],
            [
              5.37613732334704,
              7.30193189183031
            ],
            [
              5.35505333836014,
              7.37125578138296
            ],
            [
              5.33055870876855,
              7.41985744468666
            ],
            [
              5.27991580598834,
              7.43525701159459
            ],
            [
              5.20870568174268,
              7.43117466479535
            ],
            [
              5.09925499790811,
              7.43895195829412
            ],
            [
              5.06153120327812,
              7.43753079028402
            ],
            [
              4.99145796116276,
              7.41484482690982
            ],
            [
              4.91239301908963,
              7.62720932185655
            ],
            [
              4.9072253759162,
              7.67901488046822
            ],
            [
              4.91797407325127,
              7.7230429951802
            ],
            [
              4.92613895006097,
              7.84306160388502
            ],
            [
              4.9723376811648,
              7.90375557832594
            ],
            [
              5.01057824174507,
              7.9218166214586
            ],
            [
              5.04137739358138,
              7.94928251738862
            ],
            [
              5.06411502385314,
              8.03056952646735
            ]
          ]
        ]
      },
      "type": "Feature",
      "properties": {
        "source": "https://simplemaps.com",
        "id": "NGEK",
        "name": "Ekiti"
      },
      "id": 34
    },
    {
      "geometry": {
        "type": "Polygon",
        "coordinates": [
          [
            [
              7.31079959521577,
              9.29744317608953
            ],
            [
              7.28702843593489,
              9.30294668592789
            ],
            [
              7.26170698332582,
              9.29527259588945
            ],
            [
              7.25519575446811,
              9.31157673248405
            ],
            [
              7.26666792284397,
              9.34165241129035
            ],
            [
              7.26863162697432,
              9.35586347724859
            ],
            [
              7.25168175560208,
              9.37800669891406
            ],
            [
              7.23855594237129,
              9.3860166651299
            ],
            [
              7.21829878142748,
              9.41658323897112
            ],
            [
              7.22687706837072,
              9.45363511455398
            ],
            [
              7.28155073391677,
              9.49213414258016
            ],
            [
              7.28692508358812,
              9.51146116617735
            ],
            [
              7.2901290224655,
              9.53208002249295
            ],
            [
              7.30046430801166,
              9.54817716268415
            ],
            [
              7.31524376812928,
              9.56109639361222
            ],
            [
              7.33808475105043,
              9.5866245147727
            ],
            [
              7.33188357882338,
              9.61786283733371
            ],
            [
              7.30118777742788,
              9.63315904012129
            ],
            [
              7.28723514208716,
              9.65817042677729
            ],
            [
              7.29519331283452,
              9.68602414564096
            ],
            [
              7.27410932701643,
              9.70372315669935
            ],
            [
              7.23752241310045,
              9.71413593005593
            ],
            [
              7.21726525253808,
              9.74095618151216
            ],
            [
              7.23917605981491,
              9.75800927544637
            ],
            [
              7.27028527221422,
              9.76051573144103
            ],
            [
              7.29622684145352,
              9.78100540065284
            ],
            [
              7.29829389739072,
              9.81777306305125
            ],
            [
              7.27917361696141,
              9.97758237264431
            ],
            [
              7.23080447814468,
              10.0110688341498
            ],
            [
              7.08249311656489,
              10.0083299830787
            ],
            [
              7.00849246585664,
              10.0170633005795
            ],
            [
              6.93666222459363,
              10.0471906618206
            ],
            [
              6.89211713987115,
              10.1051716128359
            ],
            [
              6.91609500458904,
              10.1326893187705
            ],
            [
              6.94865115693708,
              10.1537733041874
            ],
            [
              6.97541954867125,
              10.1861744245741
            ],
            [
              7.00756228988652,
              10.2118059382239
            ],
            [
              7.04104861821394,
              10.2330449520155
            ],
            [
              7.06512983562616,
              10.2645934037798
            ],
            [
              7.06750695163031,
              10.2988807312728
            ],
            [
              7.03753462079331,
              10.3187761612431
            ],
            [
              6.96591108595962,
              10.344846915217
            ],
            [
              6.94451704281859,
              10.3668352474873
            ],
            [
              6.95784956223886,
              10.4024661368741
            ],
            [
              6.95598921110605,
              10.4823578913693
            ],
            [
              6.90090213398959,
              10.5285307833553
            ],
            [
              6.86627892405649,
              10.5185313866749
            ],
            [
              6.84994917211045,
              10.5224846618568
            ],
            [
              6.84323123543725,
              10.603668321406
            ],
            [
              6.83516971178678,
              10.6230728328782
            ],
            [
              6.80385379390983,
              10.6353718439642
            ],
            [
              6.76799035016003,
              10.6377747303715
            ],
            [
              6.73553754991956,
              10.6238996442159
            ],
            [
              6.73987837058373,
              10.5847289076159
            ],
            [
              6.71765750512214,
              10.5688125731715
            ],
            [
              6.67931359215202,
              10.5752204456504
            ],
            [
              6.64117638477,
              10.567675684089
            ],
            [
              6.56851932123787,
              10.5346802891186
            ],
            [
              6.53668663934078,
              10.5402613503194
            ],
            [
              6.52376753092972,
              10.5714739015536
            ],
            [
              6.49761925598452,
              10.5889663861882
            ],
            [
              6.42671919054733,
              10.5735926220743
            ],
            [
              6.30734663300101,
              10.4833397603985
            ],
            [
              6.25536014221624,
              10.4276842416101
            ],
            [
              6.23448286293986,
              10.3941720733699
            ],
            [
              6.20812788321242,
              10.3657758683512
            ],
            [
              6.17381473084314,
              10.3611508390989
            ],
            [
              6.15665815634528,
              10.3949730481043
            ],
            [
              6.13195682127346,
              10.4252554432089
            ],
            [
              6.09960737547497,
              10.4490782917003
            ],
            [
              6.09309614427805,
              10.4825645848267
            ],
            [
              6.09723025860895,
              10.5023825216762
            ],
            [
              6.10301801906974,
              10.5148365158579
            ],
            [
              6.10467166472517,
              10.5276264619433
            ],
            [
              6.1050850768073,
              10.5547049189907
            ],
            [
              6.10777225094743,
              10.5671330762289
            ],
            [
              6.12162153525869,
              10.6006452419681
            ],
            [
              6.12637576721294,
              10.6229953228358
            ],
            [
              6.12709923645449,
              10.6352167487737
            ],
            [
              6.12596235514649,
              10.6470765362417
            ],
            [
              6.10911583830421,
              10.6972802104642
            ],
            [
              6.10766889827663,
              10.7228600258885
            ],
            [
              6.11366336447478,
              10.8061366017706
            ],
            [
              6.12213829928055,
              10.8315872331743
            ],
            [
              6.14187869596464,
              10.8534205040441
            ],
            [
              6.16192915229024,
              10.8627481461223
            ],
            [
              6.20771447129348,
              10.8779926881579
            ],
            [
              6.22239057772601,
              10.891170145615
            ],
            [
              6.22642134017075,
              10.9046577183065
            ],
            [
              6.22642134010933,
              10.9174734622139
            ],
            [
              6.22786828001168,
              10.9301600227088
            ],
            [
              6.23592980269567,
              10.9431824600158
            ],
            [
              6.24605838418146,
              10.9501329773138
            ],
            [
              6.2701396007761,
              10.9588921372448
            ],
            [
              6.28026818211983,
              10.9649899690211
            ],
            [
              6.29236046706733,
              10.9806737344403
            ],
            [
              6.31065392373084,
              11.0179065668903
            ],
            [
              6.32284956194802,
              11.0321951516135
            ],
            [
              6.34269331248481,
              11.0396365657814
            ],
            [
              6.36377729719926,
              11.0374661345392
            ],
            [
              6.42930301321035,
              11.0142634449483
            ],
            [
              6.45152387949516,
              11.0095350322775
            ],
            [
              6.47405480338455,
              11.0094575222407
            ],
            [
              6.53978722490159,
              11.0281127310245
            ],
            [
              6.55063927615905,
              11.0292753815759
            ],
            [
              6.56717573398507,
              11.0276475956973
            ],
            [
              6.57596072841016,
              11.0293788033982
            ],
            [
              6.58474572139106,
              11.0338487741709
            ],
            [
              6.66856489401344,
              11.0656556035808
            ],
            [
              6.68644494000626,
              11.0763009912544
            ],
            [
              6.70184451682588,
              11.0895042852505
            ],
            [
              6.71466027177924,
              11.1063508514087
            ],
            [
              6.72458214702798,
              11.1277189866113
            ],
            [
              6.74328901521499,
              11.2182044443781
            ],
            [
              6.75445112544588,
              11.2480217747821
            ],
            [
              6.77470828574166,
              11.2731622908143
            ],
            [
              6.84540164610856,
              11.3169323297352
            ],
            [
              6.86565880714345,
              11.3361558709006
            ],
            [
              6.8817818538296,
              11.3661023853585
            ],
            [
              6.92746381970974,
              11.3442948756598
            ],
            [
              6.95206180177327,
              11.3376028751785
            ],
            [
              7.0049784679072,
              11.336672604495
            ],
            [
              7.0262691584594,
              11.3211696954072
            ],
            [
              7.03846479677241,
              11.2974502716373
            ],
            [
              7.03495079964263,
              11.2788984842842
            ],
            [
              7.01903445853112,
              11.266651147182
            ],
            [
              6.99185265560742,
              11.2376606655389
            ],
            [
              6.99309288859589,
              11.2097811612206
            ],
            [
              7.06626671723341,
              11.1902733418762
            ],
            [
              7.10130333830602,
              11.1699903470944
            ],
            [
              7.15328982886358,
              11.1162726618714
            ],
            [
              7.18646609892733,
              11.112241914635
            ],
            [
              7.21922895709824,
              11.1292951742419
            ],
            [
              7.24382693946129,
              11.1556760007355
            ],
            [
              7.24258670392328,
              11.1841755100765
            ],
            [
              7.22543012890384,
              11.2099620930813
            ],
            [
              7.2421732923951,
              11.2633695884759
            ],
            [
              7.31865441222864,
              11.2623361213016
            ],
            [
              7.35431115071518,
              11.2501404575915
            ],
            [
              7.38180301315442,
              11.2646357359779
            ],
            [
              7.38697065590097,
              11.3005249867138
            ],
            [
              7.40402387875099,
              11.3325902588872
            ],
            [
              7.46675906715455,
              11.3688412236422
            ],
            [
              7.53951948410491,
              11.3548369920842
            ],
            [
              7.57807010321587,
              11.3378612419758
            ],
            [
              7.61227990076335,
              11.3132890574843
            ],
            [
              7.63202029812496,
              11.2867532854755
            ],
            [
              7.66064904073951,
              11.2745834583948
            ],
            [
              7.74167768741277,
              11.3071654639973
            ],
            [
              7.77619754386897,
              11.3591518678314
            ],
            [
              7.84513390514846,
              11.3650430814828
            ],
            [
              7.96254275890623,
              11.4511360071219
            ],
            [
              8.10320600726306,
              11.495500141496
            ],
            [
              8.13875939290471,
              11.4789379278171
            ],
            [
              8.1372091001965,
              11.4410074275254
            ],
            [
              8.11839887937126,
              11.4081928907672
            ],
            [
              8.1139547050709,
              11.3726911893783
            ],
            [
              8.13431522025585,
              11.3401350200059
            ],
            [
              8.16666466554406,
              11.3186633872697
            ],
            [
              8.2372546732412,
              11.2942722098446
            ],
            [
              8.26981082565077,
              11.2688732518218
            ],
            [
              8.29430545380599,
              11.2357744377401
            ],
            [
              8.36375857906476,
              11.2094711210706
            ],
            [
              8.43982628683623,
              11.1896790982569
            ],
            [
              8.54235232894446,
              11.0820111977225
            ],
            [
              8.56188602120541,
              10.9428465831884
            ],
            [
              8.54276574090991,
              10.8663137580747
            ],
            [
              8.5583720230338,
              10.7466828718087
            ],
            [
              8.54390262184221,
              10.709114085928
            ],
            [
              8.50152794849623,
              10.6987788130211
            ],
            [
              8.48065066914811,
              10.6711577494649
            ],
            [
              8.53532433402013,
              10.6260700380588
            ],
            [
              8.61562951018039,
              10.6159156216575
            ],
            [
              8.65945112470197,
              10.564187544348
            ],
            [
              8.67888146294487,
              10.5544981879861
            ],
            [
              8.72053266796324,
              10.5446280123707
            ],
            [
              8.74130659354266,
              10.5490463477773
            ],
            [
              8.73035118991272,
              10.483417270445
            ],
            [
              8.6966581560888,
              10.4237568404955
            ],
            [
              8.71019738093049,
              10.3976343766911
            ],
            [
              8.74027306468188,
              10.3815888575119
            ],
            [
              8.76383751822632,
              10.3600397865922
            ],
            [
              8.78502485481299,
              10.3356484924101
            ],
            [
              8.7755163921016,
              10.3067613707029
            ],
            [
              8.77117557054794,
              10.2731458535114
            ],
            [
              8.74637088365051,
              10.2418816242321
            ],
            [
              8.71009402828442,
              10.2250092733388
            ],
            [
              8.66007124213904,
              10.1691728708518
            ],
            [
              8.6418811381042,
              10.0947846540083
            ],
            [
              8.6678227066487,
              10.0191561956637
            ],
            [
              8.62834191144371,
              9.88769125329172
            ],
            [
              8.62865197156693,
              9.81118441579388
            ],
            [
              8.62307091613842,
              9.77237535703116
            ],
            [
              8.63154585053496,
              9.73868225538169
            ],
            [
              8.58999800006162,
              9.68232920328928
            ],
            [
              8.5904114119542,
              9.66561198491887
            ],
            [
              8.58751753142618,
              9.64731842980398
            ],
            [
              8.55899213982223,
              9.62682875851732
            ],
            [
              8.55930219814808,
              9.48453756353113
            ],
            [
              8.59981652120253,
              9.4251871477646
            ],
            [
              8.64725548732383,
              9.37632731584841
            ],
            [
              8.68497928205989,
              9.32279044534316
            ],
            [
              8.68063846262852,
              9.26191565974401
            ],
            [
              8.65996788867989,
              9.2047613515161
            ],
            [
              8.62307091674822,
              9.16197342936326
            ],
            [
              8.59712934713897,
              9.10226128736057
            ],
            [
              8.56540001811791,
              9.0467866571053
            ],
            [
              8.52261193170007,
              9.00402426690366
            ],
            [
              8.48364790107146,
              8.99919250939722
            ],
            [
              8.45884321445389,
              9.02329962344873
            ],
            [
              8.44571740152053,
              9.04583070038327
            ],
            [
              8.42628706163962,
              9.06464069598033
            ],
            [
              8.38597944524761,
              9.11634317223025
            ],
            [
              8.2959591010856,
              9.14057946784189
            ],
            [
              8.26350629965275,
              9.15318836195517
            ],
            [
              8.2366345559723,
              9.12825447653527
            ],
            [
              8.17917036292854,
              9.04813016384883
            ],
            [
              8.09979536386708,
              9.00500636074563
            ],
            [
              8.07406050040148,
              9.10164120734635
            ],
            [
              8.0634151544789,
              9.2187915621222
            ],
            [
              8.02403771336628,
              9.24217524617753
            ],
            [
              7.99179162001954,
              9.26791006633859
            ],
            [
              7.99241173661278,
              9.29328317276073
            ],
            [
              7.98342003776252,
              9.31596926573412
            ],
            [
              7.9508638854248,
              9.34594159779807
            ],
            [
              7.88947228449709,
              9.33643310489259
            ],
            [
              7.85071495977056,
              9.26568811319282
            ],
            [
              7.81660851471408,
              9.25065027309658
            ],
            [
              7.78219200880793,
              9.26506773281824
            ],
            [
              7.76575890379024,
              9.26537777279238
            ],
            [
              7.74911909331843,
              9.26785839300965
            ],
            [
              7.72452111202562,
              9.28754713290939
            ],
            [
              7.69258507642054,
              9.28501483939651
            ],
            [
              7.6686072117119,
              9.29757235940928
            ],
            [
              7.65393110468438,
              9.32372056522924
            ],
            [
              7.62581912686901,
              9.31069828591775
            ],
            [
              7.5941931483741,
              9.30418684579259
            ],
            [
              7.57579634000685,
              9.33806081467775
            ],
            [
              7.54003624822843,
              9.35141927079197
            ],
            [
              7.50820356572229,
              9.30806264578933
            ],
            [
              7.48649946542577,
              9.29199133955881
            ],
            [
              7.4613847181292,
              9.30242995265063
            ],
            [
              7.43378950431673,
              9.30674497593653
            ],
            [
              7.40578087700717,
              9.30764925916896
            ],
            [
              7.31079959521577,
              9.29744317608953
            ]
          ]
        ]
      },
      "type": "Feature",
      "properties": {
        "source": "https://simplemaps.com",
        "id": "NGKD",
        "name": "Kaduna"
      },
      "id": 35
    },
    {
      "geometry": {
        "type": "Polygon",
        "coordinates": [
          [
            [
              7.77619754386897,
              11.3591518678314
            ],
            [
              7.70736453548775,
              11.4166936091972
            ],
            [
              7.69217166492223,
              11.4672589970794
            ],
            [
              7.69940636514796,
              11.5159381578535
            ],
            [
              7.71532270613761,
              11.5639455657607
            ],
            [
              7.74653527184084,
              11.6007909271099
            ],
            [
              7.79273400143919,
              11.6121855047222
            ],
            [
              7.84906131483242,
              11.6402976175344
            ],
            [
              7.89370975123512,
              11.6507879114594
            ],
            [
              7.88998904748668,
              11.6902686158976
            ],
            [
              7.86580447776412,
              11.7524095948218
            ],
            [
              7.85577925007482,
              11.7653028511648
            ],
            [
              7.85247195815061,
              11.7805732327611
            ],
            [
              7.85794966010372,
              11.7988924934714
            ],
            [
              7.85929324691749,
              11.8179611684485
            ],
            [
              7.8543323095014,
              11.8503105006858
            ],
            [
              7.83314497187108,
              11.9143635503999
            ],
            [
              7.83944949710327,
              12.1231104728318
            ],
            [
              7.82963097450905,
              12.2210630784249
            ],
            [
              7.84130984889914,
              12.2660733017398
            ],
            [
              7.9181010262356,
              12.3179563882351
            ],
            [
              8.09380089713266,
              12.3826553801224
            ],
            [
              8.13038781147753,
              12.4164775694367
            ],
            [
              8.16356408015208,
              12.5127249810817
            ],
            [
              8.18733523958345,
              12.5556681316907
            ],
            [
              8.23301720426668,
              12.5688971238625
            ],
            [
              8.28283328525486,
              12.5695688781146
            ],
            [
              8.33316613017435,
              12.4814864581756
            ],
            [
              8.33998742056586,
              12.4642008051553
            ],
            [
              8.33988406755407,
              12.4492921287215
            ],
            [
              8.34432824023874,
              12.4354169204527
            ],
            [
              8.36220828505005,
              12.4252108239018
            ],
            [
              8.37326704305511,
              12.4442536721017
            ],
            [
              8.39052697075981,
              12.4936046213475
            ],
            [
              8.42070600784417,
              12.5376070757596
            ],
            [
              8.47103885217608,
              12.5633160958233
            ],
            [
              8.5300533372982,
              12.5746848455558
            ],
            [
              8.58958458868892,
              12.5663909637727
            ],
            [
              8.65407677481081,
              12.5492341921645
            ],
            [
              8.67826134492054,
              12.5392606246285
            ],
            [
              8.68270551915463,
              12.5131900416875
            ],
            [
              8.68146528558115,
              12.4750011462203
            ],
            [
              8.69025027786651,
              12.4392927256039
            ],
            [
              8.71402143672239,
              12.4218519029769
            ],
            [
              8.740893182702,
              12.408080192118
            ],
            [
              8.76538781094742,
              12.3908977370362
            ],
            [
              8.77810021256901,
              12.3632249827119
            ],
            [
              8.77685997971127,
              12.3289635714259
            ],
            [
              8.78512820793871,
              12.2986553257686
            ],
            [
              8.84114546140393,
              12.2801293644838
            ],
            [
              8.90450076755605,
              12.2729463129252
            ],
            [
              8.9461519715717,
              12.2218124927245
            ],
            [
              8.94687543995811,
              12.1296732926426
            ],
            [
              8.94191450456477,
              12.112413482193
            ],
            [
              8.93137251034035,
              12.0987966452594
            ],
            [
              8.92320763495695,
              12.0831387099985
            ],
            [
              8.93664350862417,
              12.0618739129517
            ],
            [
              8.94656538332553,
              12.0544324958613
            ],
            [
              8.95638390461782,
              12.0506342021588
            ],
            [
              8.98015506463295,
              12.0591609103816
            ],
            [
              9.02159956161317,
              12.0651294860007
            ],
            [
              9.02924767470506,
              12.0616413827495
            ],
            [
              9.03596560971036,
              12.0374567398137
            ],
            [
              9.03720584496998,
              12.0120319362937
            ],
            [
              9.09952762178556,
              12.0118769161648
            ],
            [
              9.13497765452289,
              12.0353638178214
            ],
            [
              9.18117638472113,
              12.0302736897487
            ],
            [
              9.19223514163594,
              12.001334946587
            ],
            [
              9.20711795435321,
              11.9419846207325
            ],
            [
              9.20463748494407,
              11.9077489080642
            ],
            [
              9.19295861232472,
              11.8764588787715
            ],
            [
              9.18841108549365,
              11.8521708922419
            ],
            [
              9.17983279810791,
              11.8288648503203
            ],
            [
              9.14334923673934,
              11.7763873894936
            ],
            [
              9.12960330512281,
              11.7157709243103
            ],
            [
              9.14593305817946,
              11.7013533039997
            ],
            [
              9.1888244969144,
              11.7047380597071
            ],
            [
              9.21621300651284,
              11.7017925276131
            ],
            [
              9.22727176306277,
              11.6938343785807
            ],
            [
              9.25000939250104,
              11.6372744252713
            ],
            [
              9.26427208806339,
              11.6152086969514
            ],
            [
              9.29186730308977,
              11.5863473206752
            ],
            [
              9.31512169793625,
              11.5726531283074
            ],
            [
              9.32793745287582,
              11.5686998155949
            ],
            [
              9.35067508289581,
              11.5550056233244
            ],
            [
              9.34158003107457,
              11.5326555420489
            ],
            [
              9.25300662600438,
              11.4535906419844
            ],
            [
              9.23719363843607,
              11.4263312917947
            ],
            [
              9.22799523318515,
              11.3959455533145
            ],
            [
              9.22644494099802,
              11.3823288718614
            ],
            [
              9.22737511656428,
              11.355327889001
            ],
            [
              9.22468794152964,
              11.3424346347169
            ],
            [
              9.14924035021964,
              11.3116871833496
            ],
            [
              9.13084353976841,
              11.3081472578208
            ],
            [
              9.11368696532309,
              11.3165706162206
            ],
            [
              9.09880415114334,
              11.3262339850454
            ],
            [
              9.0319348480966,
              11.2960807774099
            ],
            [
              8.92961551368173,
              11.191048517356
            ],
            [
              8.89023807082782,
              11.1334551048769
            ],
            [
              8.86315962071971,
              11.1044129502748
            ],
            [
              8.82739952998339,
              11.088367396271
            ],
            [
              8.76766157373856,
              11.0848017092595
            ],
            [
              8.73748253649721,
              11.0214980905807
            ],
            [
              8.73107466031751,
              10.9465156169306
            ],
            [
              8.73396854033158,
              10.8628256561601
            ],
            [
              8.76249393080689,
              10.7867578903847
            ],
            [
              8.80827925020207,
              10.7329369319309
            ],
            [
              8.81541059673343,
              10.6641038850753
            ],
            [
              8.78729861801049,
              10.5986815415542
            ],
            [
              8.74130659354266,
              10.5490463477773
            ],
            [
              8.72053266796324,
              10.5446280123707
            ],
            [
              8.67888146294487,
              10.5544981879861
            ],
            [
              8.65945112470197,
              10.564187544348
            ],
            [
              8.61562951018039,
              10.6159156216575
            ],
            [
              8.53532433402013,
              10.6260700380588
            ],
            [
              8.48065066914811,
              10.6711577494649
            ],
            [
              8.50152794849623,
              10.6987788130211
            ],
            [
              8.54390262184221,
              10.709114085928
            ],
            [
              8.5583720230338,
              10.7466828718087
            ],
            [
              8.54276574090991,
              10.8663137580747
            ],
            [
              8.56188602120541,
              10.9428465831884
            ],
            [
              8.54235232894446,
              11.0820111977225
            ],
            [
              8.43982628683623,
              11.1896790982569
            ],
            [
              8.36375857906476,
              11.2094711210706
            ],
            [
              8.29430545380599,
              11.2357744377401
            ],
            [
              8.26981082565077,
              11.2688732518218
            ],
            [
              8.2372546732412,
              11.2942722098446
            ],
            [
              8.16666466554406,
              11.3186633872697
            ],
            [
              8.13431522025585,
              11.3401350200059
            ],
            [
              8.1139547050709,
              11.3726911893783
            ],
            [
              8.11839887937126,
              11.4081928907672
            ],
            [
              8.1372091001965,
              11.4410074275254
            ],
            [
              8.13875939290471,
              11.4789379278171
            ],
            [
              8.10320600726306,
              11.495500141496
            ],
            [
              7.96254275890623,
              11.4511360071219
            ],
            [
              7.84513390514846,
              11.3650430814828
            ],
            [
              7.77619754386897,
              11.3591518678314
            ]
          ]
        ]
      },
      "type": "Feature",
      "properties": {
        "source": "https://simplemaps.com",
        "id": "NGKN",
        "name": "Kano"
      },
      "id": 36
    },
    {
      "geometry": {
        "type": "Polygon",
        "coordinates": [
          [
            [
              6.83496300671503,
              8.40677411406933
            ],
            [
              6.78938439317007,
              8.41209677002836
            ],
            [
              6.76509646958006,
              8.45436797707388
            ],
            [
              6.75899865126629,
              8.47224815902085
            ],
            [
              6.74959354051365,
              9.18564131761318
            ],
            [
              6.75403771297614,
              9.21390813194476
            ],
            [
              6.77832563562461,
              9.2251735188663
            ],
            [
              6.96312055816251,
              9.23235671262745
            ],
            [
              7.02337527778823,
              9.21375311195241
            ],
            [
              7.116806267806,
              9.12368108607395
            ],
            [
              7.16393517432122,
              9.09758455015427
            ],
            [
              7.17023969833382,
              9.09918642352796
            ],
            [
              7.31079959521577,
              9.29744317608953
            ],
            [
              7.40578087700717,
              9.30764925916896
            ],
            [
              7.43378950431673,
              9.30674497593653
            ],
            [
              7.4613847181292,
              9.30242995265063
            ],
            [
              7.48649946542577,
              9.29199133955881
            ],
            [
              7.50820356572229,
              9.30806264578933
            ],
            [
              7.54003624822843,
              9.35141927079197
            ],
            [
              7.57579634000685,
              9.33806081467775
            ],
            [
              7.5941931483741,
              9.30418684579259
            ],
            [
              7.62581912686901,
              9.31069828591775
            ],
            [
              7.62819624274053,
              9.29080285301208
            ],
            [
              7.6247855977612,
              9.27163084644346
            ],
            [
              7.61279666458484,
              9.26398259290818
            ],
            [
              7.60122114460198,
              9.26054631652117
            ],
            [
              7.58292768694257,
              9.22773164914523
            ],
            [
              7.55987999891958,
              9.1206065227096
            ],
            [
              7.55739953009846,
              9.05841375858583
            ],
            [
              7.56112023394373,
              8.96074544261468
            ],
            [
              7.51430138551163,
              8.75889735120683
            ],
            [
              7.47109988851637,
              8.63916299629277
            ],
            [
              7.43585656207492,
              8.58319745427531
            ],
            [
              7.39213829906757,
              8.5347765203504
            ],
            [
              7.26346398262979,
              8.47144692162171
            ],
            [
              7.12228397040209,
              8.43377494387999
            ],
            [
              6.97810672445218,
              8.41176089322332
            ],
            [
              6.9692183763443,
              8.41080463573605
            ],
            [
              6.9334582860963,
              8.40470687945168
            ],
            [
              6.89625125500717,
              8.40873770154897
            ],
            [
              6.83496300671503,
              8.40677411406933
            ]
          ]
        ]
      },
      "type": "Feature",
      "properties": {
        "source": "https://simplemaps.com",
        "id": "NGFC",
        "name": "Federal Capital Territory"
      },
      "id": 37
    }
  ]
}