level,group,target,week,mean,p05,p25,p50,p75,p95
national,Nigeria,cases,1,58657.16031785951,16934.807910316038,22370.98383821792,37682.14117378966,81362.83894965993,154873.88204086665
national,Nigeria,hospitalizations,1,906.4757302798977,244.31122619068202,334.0324584271603,574.600408593012,1215.7025861127681,2512.109278839403
national,Nigeria,deaths,1,81.45806306673892,20.287261008715706,24.651937141000122,50.2351408104893,101.63587166237382,251.34116465668583
national,Nigeria,cases,2,53805.93640009097,15260.48768869286,20157.292740542856,34606.92401742132,73782.16178340976,145070.14480138052
national,Nigeria,hospitalizations,2,815.7877848531022,209.18919384492972,286.6032454716886,516.2058697897678,1112.9612325734813,2273.265244984637
national,Nigeria,deaths,2,78.86329748033025,19.13446136245264,24.792496255617984,46.57796096699808,96.43680139190697,246.04463083563405
national,Nigeria,cases,3,45886.0850622395,12882.734772948957,17050.016422590972,29247.812347133047,63580.61231597756,117832.12835273822
national,Nigeria,hospitalizations,3,653.816027874924,157.08631344864133,215.7872673954393,419.88639337979134,908.4459145350716,1817.9770044043726
national,Nigeria,deaths,3,73.39658646929011,17.976528330155034,22.986237603154205,40.08277287293308,88.91443248345065,239.31632733393874
national,Nigeria,cases,4,39675.84157032962,11525.415814881888,15168.183647803628,25204.104657754702,55570.16443913782,104608.49861472582
national,Nigeria,hospitalizations,4,561.6999563273466,136.9675750593096,186.6122993517135,354.801703647547,758.4078704383317,1540.0184705921333
national,Nigeria,deaths,4,64.79468559946352,15.961300108027869,17.545834399863672,35.82457172586652,82.73328883124972,193.8589010871596
national,Nigeria,cases,5,36443.07362653654,8587.625873271814,12320.6141853392,23826.544109030358,51469.71639688361,98221.06916722978
national,Nigeria,hospitalizations,5,544.0425481796752,142.24954462899342,181.8723925107795,340.93284583841813,757.2868626730767,1503.135032583594
national,Nigeria,deaths,5,59.92025769194966,15.639672671029722,17.046305926172675,32.607247611700814,71.8578144090959,189.05494850044886
national,Nigeria,cases,6,38151.902774221235,9718.857494827058,13387.413708495156,24766.423012359985,53386.33181660496,101374.80361362813
national,Nigeria,hospitalizations,6,575.2267152965713,151.77634638852126,205.5247764713603,364.84733582119435,762.8561631575967,1568.3136275599265
national,Nigeria,deaths,6,60.90005427737212,16.6183070521535,17.27835664888059,32.33663591781371,74.45107316716809,197.51097594627055
national,Nigeria,cases,7,42634.34177029529,11152.112821153296,15309.713637000355,27835.10630025476,60519.29224479647,112220.91466465934
national,Nigeria,hospitalizations,7,644.8769368228176,153.91938522907355,220.21993377250348,417.9969958544774,878.8195816931334,1782.786714796403
national,Nigeria,deaths,7,66.32580601996995,19.28767697530822,19.86351874649049,35.66467412018151,79.37909487471421,216.30395982430804
national,Nigeria,cases,8,55612.42653760025,15902.728573438242,20946.364660353305,35176.74672891999,76796.6286712258,152502.95534764076
national,Nigeria,hospitalizations,8,810.8810583697853,190.61509410466462,275.98688923298863,531.6980774229281,1125.8461063503437,2165.3980468961963
national,Nigeria,deaths,8,77.22665193948157,22.24557062538404,24.60364590823597,45.15987539788422,91.57372097680454,223.54699860118177
national,Nigeria,cases,9,81436.02369527743,22976.204439021014,30754.056549006662,52349.71314082372,111631.29745217615,217760.33440000447
national,Nigeria,hospitalizations,9,1208.3994581863549,303.9792946633463,438.6670511674491,782.6461303481351,1614.1533954376353,3350.517990336912
national,Nigeria,deaths,9,105.33133455233781,28.17909129404636,33.345587706984496,67.79268552542865,130.50905175398572,295.8530395474068
national,Nigeria,cases,10,138912.24458170458,34324.2178222028,48196.02176308202,90035.7802886713,193009.75303250877,374758.8507973817
national,Nigeria,hospitalizations,10,2069.149166419562,540.6000021265678,762.2034203642514,1329.0387848398227,2803.314003219959,5573.4179849231705
national,Nigeria,deaths,10,166.44259774681495,42.18614489453898,63.29373372813064,116.26527390436681,206.54296331431152,441.56295528841866
national,Nigeria,cases,11,285905.07965443184,72390.61179505938,101926.71698675436,190338.17358326016,402614.62414275843,765624.3587972923
national,Nigeria,hospitalizations,11,4364.540693692966,1314.162597902815,1757.45361947818,2876.68385566282,5976.748966275598,11396.95456133385
national,Nigeria,deaths,11,291.35267970674386,63.925531470855844,117.86162491069788,215.56918310434173,368.0651417088296,768.1737882678825
national,Nigeria,cases,12,863243.3952153964,238441.20233256638,320875.7171531493,553658.6690345209,1195545.871466135,2238641.3590511475
national,Nigeria,hospitalizations,12,11893.52601746255,3473.9337211753623,4708.583991821263,7763.23953365739,15892.34094109799,32029.925106488896
national,Nigeria,deaths,12,760.3406554169293,198.0493215697968,349.053278747999,563.0995149288531,928.911400443651,1851.488692225048
national,Nigeria,cases,13,2095803.7574220146,480927.4134594663,703291.9040160282,1350980.825539404,2949967.384950132,5776168.033151255
national,Nigeria,hospitalizations,13,27771.550869075865,7811.778912775235,10609.24097867684,18087.161543035116,38453.106979680786,74028.46943963315
national,Nigeria,deaths,13,1907.1757114228913,533.8789226364779,876.8944750829899,1418.6029847102552,2234.901739127584,5021.847055096475
national,Nigeria,cases,14,3626403.3786903988,1050404.4141443684,1400231.1259096758,2257263.5436869916,5099098.970333755,9587350.45908376
national,Nigeria,hospitalizations,14,46223.1715894537,11513.695806377002,16880.79537632701,30436.817408907336,63809.94059598526,127060.81345871113
national,Nigeria,deaths,14,3313.561050969423,921.2347171264557,1567.0829393233003,2473.985379827841,4040.3357158233875,8735.066202474329
national,Nigeria,cases,15,4635608.1177042825,1227167.569139365,1698508.7916749485,3019035.3911117213,6376131.324884795,12325155.29758431
national,Nigeria,hospitalizations,15,63198.520051760126,17365.54956493823,24111.837409187374,41743.69633609893,85427.85649772483,170539.2763406461
national,Nigeria,deaths,15,4749.3726912497195,1296.9306401329,2215.630979071062,3545.0710966041024,5706.435153193813,12364.495002375224
national,Nigeria,cases,16,5332314.349587263,1327752.0941033666,1858030.7979138866,3404299.961903398,7400338.773388303,14397336.494961409
national,Nigeria,hospitalizations,16,73346.19882762662,20117.02498511329,28111.777060631848,48558.68144390169,102136.983783033,191625.1895057571
national,Nigeria,deaths,16,5793.675285673521,1647.3237409217736,2677.9321285676942,4312.003063071527,6899.637833609859,14419.382706692353
national,Nigeria,cases,17,5193006.821620954,1290595.2872704458,1784035.6446641642,3288887.625975139,7286202.904114216,13715441.636964884
national,Nigeria,hospitalizations,17,72644.7580754961,21299.014651941234,28636.612079291895,47897.547869005124,100263.96263085592,191303.9459598991
national,Nigeria,deaths,17,6009.115442019594,1713.3352119348278,2780.371657283868,4541.376161086242,7221.397972998348,15455.5029893525
national,Nigeria,cases,18,4384025.302347948,1198065.8313462331,1641303.7009817716,2810280.316148324,6152986.949777194,11406364.384080306
national,Nigeria,hospitalizations,18,61976.595625189584,17644.435673020413,24523.065325089858,40725.44411601723,85358.97704030537,156576.0943151759
national,Nigeria,deaths,18,5552.173772752673,1559.177776370802,2551.006607697916,4180.45064185549,6581.389041281762,14584.635981701327
national,Nigeria,cases,19,3281559.390774475,977595.2439214204,1266594.9463011823,2104771.055646989,4388878.401808353,8892363.6347985
national,Nigeria,hospitalizations,19,44255.0219611417,11734.78673561915,16566.90204847177,29276.267860607208,60963.49804772482,119612.49352242477
national,Nigeria,deaths,19,4597.0837625387485,1178.0466113807322,2068.408080969407,3388.7403035834277,5525.654728503679,12176.300962004341
national,Nigeria,cases,20,2083796.3865428772,543765.3119111438,745567.1247371051,1351203.402544111,2882955.598048494,5562166.248687302
national,Nigeria,hospitalizations,20,25881.223894812258,7620.024467968227,10391.330989456992,17014.351019432186,34320.775844275195,69199.36325796037
national,Nigeria,deaths,20,3182.07674834855,849.5255527754802,1466.9140883839732,2379.493437643283,3832.6432519422815,8238.56764359395
national,Nigeria,cases,21,1055531.8049440861,290239.1283535642,392840.73422208056,682353.0844862768,1454279.5173434052,2925587.920988138
national,Nigeria,hospitalizations,21,8742.81975391089,2369.2889644944344,3319.917024041976,5785.028335469623,11915.911970376656,23508.90738700736
national,Nigeria,deaths,21,1864.1392531962715,519.5707474901708,875.2390115126545,1405.6063205325647,2241.2733086786625,4885.057579166852
national,Nigeria,cases,22,415986.81529821985,118688.79048050706,157061.06096774313,266778.11161952605,580655.3120277437,1083022.2058596155
national,Nigeria,hospitalizations,22,3633.6288204362713,923.4567224420074,1331.0691877839965,2360.097161548248,5039.588110279248,9768.179477624206
national,Nigeria,deaths,22,817.4842897426324,232.266545731114,378.5282394886731,612.2863303248492,990.2685524196056,2046.9285195465468
national,Nigeria,cases,23,279521.479132625,75854.73053634621,102589.35444085368,182293.33582442446,378776.36467615276,761853.1241293071
national,Nigeria,hospitalizations,23,3570.417651048608,945.9389576397531,1332.3241074284092,2321.1470626468035,4838.304060469371,9664.511858108859
national,Nigeria,deaths,23,412.4493671825307,105.16583260571923,178.05400987399616,298.2320050674393,487.71386422219206,1113.9651999710281
national,Nigeria,cases,24,406940.2271478709,116417.26198539419,155854.46496309392,261023.98607834848,563700.1516377439,1061479.2924714815
national,Nigeria,hospitalizations,24,5737.00966611078,1578.1184638387622,2219.242108527432,3713.1557615066267,7723.212699605932,15379.922062244237
national,Nigeria,deaths,24,475.0158140117099,112.81849693226724,208.27973249613927,351.13399398565724,581.9775087617634,1245.2878200436492
national,Nigeria,cases,25,661913.9068063942,188805.2477329001,251192.31039297447,421251.1831830574,923138.3954764436,1752740.471690935
national,Nigeria,hospitalizations,25,9430.485260456837,2358.0163583345316,3407.058638199658,6235.95966568312,13251.27753706105,25120.189275681354
national,Nigeria,deaths,25,793.2985531340331,222.1637908764514,370.24121795516794,591.5025019287277,931.4978394750656,2029.2343247084832
national,Nigeria,cases,26,1006815.4894057509,266756.8064932606,365135.07144274097,649927.8582231863,1380208.5297836948,2708013.221747967
national,Nigeria,hospitalizations,26,14473.3377386669,3970.9630593135785,5482.72579530856,9647.818327957822,19800.08641357754,39538.72213263888
national,Nigeria,deaths,26,1221.5421050912953,331.26242825868485,570.3045043226529,928.7747846350321,1503.7271527701373,3015.4495408400076
national,Nigeria,cases,27,1374597.8238948986,383240.0627035126,512299.800528076,884955.4052315202,1887850.3705385928,3577450.1772969696
national,Nigeria,hospitalizations,27,19930.93690920644,5319.514488859843,7583.498852893779,12997.536569491454,27499.48525985921,53389.619971245156
national,Nigeria,deaths,27,1734.1848524898276,508.80178847772254,818.6260664500294,1288.411156493938,2110.759852575582,4414.215026382806
national,Nigeria,cases,28,1615682.0959517318,477345.0587938327,634804.4009931398,1053553.929944267,2256970.232318673,4186042.288527733
national,Nigeria,hospitalizations,28,23617.365678002796,6615.485309161984,9178.562197284324,15138.184991358321,31270.310439796864,61493.60966900668
national,Nigeria,deaths,28,2068.4592498177662,605.9346273133972,961.3492750117441,1572.4897753684972,2523.94634943759,5412.083558917805
national,Nigeria,cases,29,1704291.668432978,476076.88803419657,637404.9415878614,1082756.0232831484,2375129.579145613,4678407.322606878
national,Nigeria,hospitalizations,29,22867.689474486735,6137.092999779221,8561.771373169855,15214.29165455437,31424.28912962444,60982.04226844755
national,Nigeria,deaths,29,2262.5107804779527,666.2864439908582,1059.121591916239,1675.8305707433683,2727.9649708545835,5801.000170523614
national,Nigeria,cases,30,1530803.1494439598,469167.14934505156,611405.0412726675,967800.8768565156,2069186.7183783941,3979600.756687839
national,Nigeria,hospitalizations,30,19912.76096442349,5554.446483289794,7824.193871594802,13302.997509013581,27296.00453182507,52288.481846932584
national,Nigeria,deaths,30,2094.010621952633,602.2355463502286,971.3484288113173,1552.575879516389,2528.3055369218196,5304.56704410601
national,Nigeria,cases,31,1159548.1107737233,287161.2150957398,398028.5877122901,756427.7900749887,1594901.9757777648,3167040.7456978066
national,Nigeria,hospitalizations,31,15764.082303817624,3871.854670057345,5637.178813441582,10276.07054665139,21467.952108895868,42538.79369129884
national,Nigeria,deaths,31,1646.0800921899595,440.88854815753785,760.9196731417519,1253.5547685978586,2033.2104434387334,4187.601211464376
national,Nigeria,cases,32,853460.4850242878,262311.9603086994,338767.54627892957,536810.4744833234,1171767.5606288428,2222422.8181763315
national,Nigeria,hospitalizations,32,11054.247296540783,2949.0409318299276,4150.772851120143,7280.005085583565,14925.854578836215,29632.439359195243
national,Nigeria,deaths,32,1216.531065596438,315.12279367429255,547.067924234294,897.3248843689823,1421.2741324296903,3187.6277876330137
national,Nigeria,cases,33,583586.926339466,160631.1469919399,214621.5472274203,368326.93185731664,813529.2251439025,1556910.4876516953
national,Nigeria,hospitalizations,33,7652.977051876893,2269.282703324228,3063.7138614079204,5056.837121517119,10288.317733947864,20478.41852278796
national,Nigeria,deaths,33,820.9605977557019,205.67000005761952,364.37578288351654,607.6621787284666,1022.1829933387974,2130.161967194028
national,Nigeria,cases,34,418573.2590840589,107662.11091656967,147060.62054344534,266982.6257195067,579601.069519403,1150303.8548986935
national,Nigeria,hospitalizations,34,5697.579236821006,1544.8762935016955,2150.384158518377,3725.9860967183927,7754.298166642311,15140.19715264462
national,Nigeria,deaths,34,564.5911934495149,143.11540086579458,259.8885940252863,423.608758138585,691.3145288864445,1446.3819756064734
national,Nigeria,cases,35,322423.8452487562,79357.49978891293,110370.30055881033,211839.6156319158,461451.0106240814,848931.7404589142
national,Nigeria,hospitalizations,35,4575.17279580963,1134.6568011070747,1633.3188442632031,2994.5344350278447,6096.762248130019,12455.786527635204
national,Nigeria,deaths,35,445.0873303055966,108.65823360916038,194.24701126786618,325.5634073624767,524.1757283570138,1229.6708894906012
national,Nigeria,cases,36,280938.0359715482,71340.9366698788,99196.46987158227,177770.2545643168,394369.53823727125,764465.2975914243
national,Nigeria,hospitalizations,36,3885.6422875918524,1003.7201033816752,1434.1447763935996,2528.1044766849404,5294.3866190668505,10387.061064148733
national,Nigeria,deaths,36,366.68030098287824,87.74420797544803,156.66623528716835,267.35132185831196,449.95738566277674,999.2800762901833
national,Nigeria,cases,37,236743.5762225186,66100.88920368363,88803.16870925485,151636.23752756795,329901.17313592485,643554.4777366876
national,Nigeria,hospitalizations,37,3271.356361844641,879.6357351503616,1242.5466458036558,2158.5589265049125,4456.07421875133,8846.777352244006
national,Nigeria,deaths,37,310.94769045664816,69.28278788380577,128.02541847755055,225.86970360621513,383.67683495394965,835.2436044472752
national,Nigeria,cases,38,208625.61528876508,54771.41262468193,74922.76464243181,135824.4052369115,291367.9844118991,555590.7150000307
national,Nigeria,hospitalizations,38,2981.0170707755706,853.8521184200662,1167.0686680089711,1924.1983178714133,4054.2880189380885,7906.685940141854
national,Nigeria,deaths,38,282.4675984442127,67.18861082309807,119.1688118965532,200.95075915382006,336.0287981795608,760.1844331751824
national,Nigeria,cases,39,204226.6413847762,54223.972173710106,72876.99503450378,132382.55437437596,287225.98624095065,533216.0553048826
national,Nigeria,hospitalizations,39,2743.826548964736,769.8761267802188,1085.4529368962624,1827.3422476257656,3766.894710246082,7278.012865313551
national,Nigeria,deaths,39,269.0708751576812,59.94640491647734,108.90527305018583,195.0779360814207,337.71030677763275,716.1955059547006
national,Nigeria,cases,40,205617.56407259076,54582.15618732859,75320.49484372968,134946.3250213316,285600.2170561076,545934.8899279942
national,Nigeria,hospitalizations,40,2682.1627008459545,699.823690610624,1011.8773640172564,1802.4480485322415,3686.0156282276503,7209.389527656202
national,Nigeria,deaths,40,277.39993593314784,61.13798431575128,109.58287732402317,198.25355876792537,350.7905101654443,742.8398656440554
national,Nigeria,cases,41,201925.534928148,50634.06710638618,70234.28006288529,127109.76108626538,284950.86555492145,542465.1452318209
national,Nigeria,hospitalizations,41,2534.4086921892444,673.1927378803495,942.7443630434567,1654.8097518709988,3426.605837182437,6745.352108971753
national,Nigeria,deaths,41,257.4371856594703,51.24555679711831,98.09304335122009,186.33096064853328,318.8361119512635,723.0122968738029
national,Nigeria,cases,42,167244.47257185154,50035.72585268971,65793.69976921033,105477.14029979223,227681.97694463097,443525.98942442494
national,Nigeria,hospitalizations,42,2073.364061153744,586.086627510682,801.6779638424383,1366.0290962982708,2865.8692953115915,5455.26965659206
national,Nigeria,deaths,42,214.38740205025044,43.772920737746,81.28256714597178,153.8528237230119,263.3685138490641,606.2638835546005
national,Nigeria,cases,43,120977.9646465894,30643.27626965368,42479.55468398091,77502.27116697167,170173.8541190363,325590.76671229716
national,Nigeria,hospitalizations,43,1545.6846305277084,349.6804214545903,537.1200494028249,1013.7630313813611,2087.1539213028354,4157.7037736646325
national,Nigeria,deaths,43,166.18115449708804,38.10635479184686,58.37979637147521,112.3438608656692,201.0993351277462,481.6889652116264
national,Nigeria,cases,44,83922.93946816037,22332.119000372728,30583.144702373203,54585.763590542534,117757.05471457524,221293.02101678788
national,Nigeria,hospitalizations,44,1117.2597496347398,292.0659225200421,413.3735502934177,723.7959098665835,1546.6007622240234,2961.9922003655115
national,Nigeria,deaths,44,121.54032313852262,29.052492484827052,37.55195176585974,78.61765790694204,150.18537141287973,357.3777787611534
national,Nigeria,cases,45,59769.3364966141,15421.704711595516,21215.456066002094,38745.90733301054,83099.71256594149,159504.98174161304
national,Nigeria,hospitalizations,45,812.2228952161478,207.6322852427253,291.8378815865627,521.8291075952073,1134.2344159835943,2262.477955011754
national,Nigeria,deaths,45,89.69349332069403,23.91186055372797,26.874134542986226,55.17196299535831,109.87576839961244,284.17588482720436
national,Nigeria,cases,46,43412.518805274056,11446.700972625149,15770.862879387618,28246.009750092562,61765.868695736186,112142.95988450639
national,Nigeria,hospitalizations,46,606.225343487241,158.91926139989224,213.00496814768633,385.27541253860977,829.94375532712,1676.8704957530238
national,Nigeria,deaths,46,68.89295859937221,17.763494582592436,19.318340049722863,38.66903969015766,83.30751478141055,207.16029520658407
national,Nigeria,cases,47,33150.90029643339,8618.305370339462,11836.380872753425,21546.459084558708,46509.975166499826,87002.6363424547
national,Nigeria,hospitalizations,47,480.68219668678864,122.1552493201263,160.70456014515025,297.1963908591519,673.2811207487903,1332.8936390000795
national,Nigeria,deaths,47,54.767540812461284,14.353494762501871,14.42140031885338,27.491961266961447,65.01495387385289,178.0451607456012
national,Nigeria,cases,48,27381.100868088986,7317.6590286462015,9967.90436636135,17400.35655446567,38150.24853642699,72682.94911030894
national,Nigeria,hospitalizations,48,389.78679331211305,96.19285017262092,122.62637431216588,242.64644794705214,547.7339424472013,1094.7849476032152
national,Nigeria,deaths,48,43.555175307206,10.703464074697171,11.338514635626982,19.144020429355436,52.28646187716341,144.69072042371388
national,Nigeria,cases,49,22718.15035541992,5836.515976426296,8336.322115043038,14957.5322787254,32477.440664759277,59198.922039480116
national,Nigeria,hospitalizations,49,348.7169344433735,92.23421898209048,110.8586184457557,212.46455287834314,489.99690438872756,972.552798130336
national,Nigeria,deaths,49,38.057852451582654,8.13040922634915,8.199867269420526,13.714721714157672,44.48659923439478,145.06656398359686
national,Nigeria,cases,50,21836.215490308703,6729.580128085228,8774.840463697794,13571.072386988366,29513.26633567446,57610.33821659549
national,Nigeria,hospitalizations,50,312.9618053846936,73.84087237942133,93.58149946144877,197.24496573913015,437.71391565473454,892.2905058118209
national,Nigeria,deaths,50,35.991511756959056,7.161919397422731,7.161919397422731,11.755385384130317,41.00272703190393,132.6940932372442
national,Nigeria,cases,51,19691.034364334977,5248.72749128804,7160.120272835966,12870.784362063676,27533.150863572675,52603.80267805631
national,Nigeria,hospitalizations,51,310.4854957047339,87.77920002275313,103.66238776173124,191.13378576878358,416.2939425357446,874.0767974942131
national,Nigeria,deaths,51,35.840440958789415,7.350041439776791,7.350041439776791,11.94311990310691,42.25121044252283,132.94248880284266
national,Nigeria,cases,52,19756.402025688494,5269.519366763643,7203.911961514799,12617.467170248845,27906.290759712778,52711.88662450813
national,Nigeria,hospitalizations,52,307.08458330106106,68.68379439459835,85.53746425400749,189.15690173933265,431.3595303385596,860.3093818014179
national,Nigeria,deaths,52,33.584312719599644,7.009275865198031,7.018169908493573,11.033698015489758,39.290689295433026,125.78204617003335
region,North,cases,1,37169.624783334315,10733.628038314811,14178.082170037844,23879.493574934415,51556.33147092773,98134.18683487338
region,North,hospitalizations,1,578.560358122982,157.18341054699934,215.45983263630222,368.1259619658739,774.9739559701653,1597.6828483187887
region,North,deaths,1,54.917869485158796,13.179577785016166,17.001968495823466,36.02248354893203,68.98677563497726,164.87923016000576
region,North,cases,2,40630.16606329039,11529.24780245556,15226.22185041861,26135.35775997929,55711.752125306375,109532.52308891677
region,North,hospitalizations,2,604.7891830665889,155.43237490332348,217.04163029916114,385.76437042938545,823.4713386730758,1674.5288794790367
region,North,deaths,2,57.658583306846,13.978770824559104,19.636805717724453,36.94438987816311,71.04420365598074,171.91346082148843
region,North,cases,3,31800.07666513297,8932.07607266035,11819.582898412442,20271.427998508323,44060.60343514724,81651.44466782533
region,North,hospitalizations,3,438.51149917583274,105.2861812058847,147.8861021785161,283.5571207995562,608.1579925480526,1212.4540340125682
region,North,deaths,3,57.66180984462789,14.602541513068795,19.612250786067968,35.67936600614465,70.71468363263841,176.7702021801828
region,North,cases,4,27191.84734598232,7902.744423819035,10398.824741082983,17275.591542458424,38082.88083719705,71684.6985596626
region,North,hospitalizations,4,345.73656175903307,83.80016515573307,116.71803714762373,219.55015009945666,466.317626952423,944.1995116994083
region,North,deaths,4,45.939115684552426,11.889760914949564,13.474295206785367,28.288537317657045,58.965994166444986,130.79546934180743
region,North,cases,5,24790.360433758935,5845.670083695826,8384.502281940882,16209.767972323005,35010.08825169986,66806.01950098189
region,North,hospitalizations,5,345.6375695886841,90.06122858504898,117.80885079277135,218.09213350699287,480.3890395683218,950.2624152267165
region,North,deaths,5,40.8180174441259,10.954260854874784,12.219574730998993,24.450223479699297,49.57039902773043,123.2646743831056
region,North,cases,6,24424.379499132247,6224.638248784283,8572.848691775504,15856.45208285253,34175.803025654954,64892.800136702754
region,North,hospitalizations,6,368.2634269193447,96.51631029517297,133.89618129731699,235.1197887493791,487.80263344946735,999.1613506722856
region,North,deaths,6,40.67667433530944,11.387942606584305,12.047992203311393,23.717108902354347,50.18683690884202,126.48732367919399
region,North,cases,7,27873.270907235175,7294.064713786656,10011.79237524241,18199.35236940365,39564.250099621924,73360.40697380588
region,North,hospitalizations,7,385.49589233788726,91.86388518191339,133.03430274938435,250.7027678315104,524.8714999382511,1062.69132553999
region,North,deaths,7,46.16248806518228,13.389705017742624,13.965546788924895,27.667727574744095,56.03050696306648,144.37079009276837
region,North,cases,8,34411.304535153904,9842.197741587244,12962.786413884336,21767.380623374658,47518.352718378024,94359.22334751667
region,North,hospitalizations,8,479.343806388788,112.95103471836093,164.3697841013162,315.0004276864376,664.9925442444767,1277.356746816136
region,North,deaths,8,53.8968798272937,15.052614717791585,17.410690000643516,34.24071787188424,64.67574359872982,151.09117061889057
region,North,cases,9,43548.67266614151,12286.585980566968,16445.885307581695,27994.420643380414,59695.95600865368,116449.72629275313
region,North,hospitalizations,9,597.0255344371923,149.31791699012373,215.63881947055899,386.0412552536777,797.9583511424736,1658.1291414217985
region,North,deaths,9,67.63988705996357,17.493025035157103,22.31405222750936,45.05323582896982,83.98632111202949,186.6286131469795
region,North,cases,10,62487.98639911929,15437.80650159961,21678.204099140043,40500.32195039701,86824.40026483641,168586.41462727185
region,North,hospitalizations,10,881.9514633633369,227.34347260407873,322.23986942893873,564.9736418112043,1196.296963739403,2382.5281545050843
region,North,deaths,10,83.897030941125,21.461013144541823,31.085835043125833,58.18812374597995,104.24319526524859,224.13840536167697
region,North,cases,11,93235.40826524762,23601.100174510262,33233.82562557216,62067.79959049706,131298.34825947063,249688.13212891546
region,North,hospitalizations,11,1246.7916236739807,368.86707581360406,496.44704550932863,818.5635618951642,1710.76799107851,3270.713110437448
region,North,deaths,11,129.1389794426934,28.23810676537206,50.21463863042034,94.51548394302522,163.65752369747167,345.0677603991127
region,North,cases,12,172126.4806835004,47534.86569463435,63973.10718820433,110392.28472494918,238390.8162644144,446394.16975166305
region,North,hospitalizations,12,2399.2032200694566,691.9254807324209,942.2802459518964,1561.6844522966444,3210.0534865822947,6482.333249516615
region,North,deaths,12,215.77004194326108,50.90253931501904,94.05644603339236,157.2947458473112,265.3710292916679,537.9393323843242
region,North,cases,13,366404.6030449171,84069.01948132573,122945.93314708417,236184.09550523944,515741.6015950288,1009858.0782285923
region,North,hospitalizations,13,4468.580417463178,1246.8720244415074,1698.4105975256045,2905.4223466476856,6192.691208685948,11934.913274149158
region,North,deaths,13,544.8537962578666,145.8760407305643,245.48964928813933,402.85792993594964,639.9956695036625,1449.613360271093
region,North,cases,14,835816.8205882693,242090.0363243093,322719.5286046583,520251.8678719476,1175249.7279226133,2209720.30033338
region,North,hospitalizations,14,10159.477923096041,2521.7124259914845,3702.734236032064,6685.715540777472,14029.418753176993,27947.67374013987
region,North,deaths,14,991.2174688683734,269.19884851339776,464.1182757011979,737.824849696358,1210.5552835267013,2627.4426353977383
region,North,cases,15,1347790.0102391562,356788.7204476082,493830.7937386782,877772.8178402509,1853845.7030556977,3583519.5365712275
region,North,hospitalizations,15,16019.510689257415,4394.107443707017,6105.284261768619,10577.555376139017,21657.918964358265,43246.18972153713
region,North,deaths,15,1735.374121542609,469.2111597675465,806.1390664883925,1293.7033536952931,2086.3708170491573,4528.174822912055
region,North,cases,16,2473708.274255409,615953.9313850184,861955.2424113688,1579284.1466416186,3433084.3831465375,6679057.869138941
region,North,hospitalizations,16,30055.35560565575,8239.921589631756,11516.489189458904,19896.444413353725,41854.96518296171,78530.79360991463
region,North,deaths,16,3047.488388434719,866.1140887638456,1408.311880140614,2267.988224969027,3629.329617387072,7585.428860102409
region,North,cases,17,3351847.971843431,833023.0429101429,1151515.816469431,2122827.696704428,4702908.57304346,8852682.796448879
region,North,hospitalizations,17,43867.99117270415,12863.491642186613,17294.210155983714,28924.690792389076,60545.51023413983,115518.89132046283
region,North,deaths,17,3719.0938010551254,1062.458250007859,1722.3446508821023,2811.4011015803308,4468.804609619503,9561.014859181414
region,North,cases,18,3510350.92427105,959315.21318622,1314221.0568534366,2250234.561687923,4926779.593626536,9133221.502475047
region,North,hospitalizations,18,46337.5675070722,13197.558820296075,18339.601226275063,30451.507672004147,63816.804342148505,117054.36117860224
region,North,deaths,18,4636.552970014509,1309.837933977671,2136.1692007307124,3493.7225509867085,5494.03793437729,12161.854974506428
region,North,cases,19,3093055.529299151,921449.3125663481,1193846.5854054415,1983871.227177073,4136761.3749617566,8381530.783497834
region,North,hospitalizations,19,39850.726544142795,10576.710160071374,14926.476816598279,26367.175569830993,54891.341154002104,107685.91008245846
region,North,deaths,19,4259.823812782567,1101.2552721714749,1924.5270680658195,3143.968452811683,5117.594363606367,11260.043296935
region,North,cases,20,2025804.5621604538,528644.1856990748,724828.3296673079,1313605.1748988444,2802717.135977472,5407345.115506345
region,North,hospitalizations,20,24732.303550305835,7292.516118418342,9939.255117141623,16264.365644525886,32792.33164124185,66102.04827083484
region,North,deaths,20,3108.182197432443,834.3298503148858,1441.2001058672504,2329.164462573467,3741.8262349454553,8024.991603583048
region,North,cases,21,1003675.5034137325,275991.230544325,373550.735875399,648835.7223034581,1382827.7519996585,2781832.3663424244
region,North,hospitalizations,21,7983.779952680051,2173.5841931486766,3040.2367912983964,5287.484571284749,10876.528187299113,21444.948806945424
region,North,deaths,21,1809.3432111066159,506.95645042055577,857.8300081111548,1369.157472841403,2173.862834843049,4719.694378526711
region,North,cases,22,354341.49198781286,101108.46117222022,133793.26074570048,227248.24177268354,494603.11172858556,922510.0619495357
region,North,hospitalizations,22,2701.053893662603,691.9971568542638,994.1647711159019,1756.9945525357402,3743.3307327465027,7248.687643482801
region,North,deaths,22,758.9211992323895,217.54920542395843,359.1409261912777,572.779883091263,917.866860837744,1882.5672442068862
region,North,cases,23,188461.6027414654,51147.09409313933,69171.8908292144,122909.24911883519,255380.4097302876,513655.25018141046
region,North,hospitalizations,23,2155.6699356287977,572.8203322566047,805.8530868304432,1402.2221169715463,2920.344718780266,5831.07898961038
region,North,deaths,23,333.29463319896763,86.78526860075847,149.1877809788702,243.98393797911837,393.1945342204101,886.3464149377747
region,North,cases,24,250898.1551692535,71778.82958992958,96093.48298109927,160934.8069126847,347547.0790737324,654448.3388200322
region,North,hospitalizations,24,3393.151726735904,934.7341799418757,1313.71731390863,2196.8045043002885,4567.2426535967315,9093.302071564933
region,North,deaths,24,337.9017214736752,83.00850592049073,151.56267550280833,251.48311759846843,412.94827664125324,876.9054513088021
region,North,cases,25,419424.7413949445,119639.76169881305,159171.28147585082,266928.97043119604,584949.4607806407,1110626.2515222693
region,North,hospitalizations,25,5617.962000735485,1406.2510949796197,2030.964030710043,3715.596861712066,7893.273878766203,14961.304251299964
region,North,deaths,25,567.9390826199751,163.2374405513832,268.4200509372221,425.1237144674558,665.9182810536112,1443.367122250044
region,North,cases,26,659044.5105419776,174617.62700322684,239013.9747494251,425433.35653604567,903459.7590375282,1772612.846121087
region,North,hospitalizations,26,9147.672589353064,2512.242442579043,3467.3784322434644,6098.8957222880035,12513.12752891793,24984.05362946292
region,North,deaths,26,897.6991268560093,248.48572852805557,422.847389518695,684.2444757027149,1103.500637173483,2205.85095479608
region,North,cases,27,893396.4711789207,249083.27811582878,332963.0791613128,575163.1526148958,1226974.7212531841,2325096.397511598
region,North,hospitalizations,27,12112.136377492987,3234.5157059717185,4610.069283983454,7899.535002415756,16710.641530393044,32440.99197062198
region,North,deaths,27,1241.249951596338,368.6639124735235,589.2889060116606,923.8215421678073,1509.413726700632,3149.6976520359867
region,North,cases,28,1066134.9754612087,314987.2673240009,418889.0294182057,695206.7970808458,1489297.9739087343,2762223.3084570593
region,North,hospitalizations,28,15128.77091253043,4240.396466314287,5881.8467228085465,9698.518945664964,20029.883399790182,39385.542413294286
region,North,deaths,28,1505.6710223216141,445.887731327748,703.4307487084567,1146.2796001126371,1835.7306359079907,3928.5525732028777
region,North,cases,29,1109595.2801370814,309957.3271630531,414991.10184133175,704940.0855247574,1546349.0647849557,3045914.3926944663
region,North,hospitalizations,29,13633.496024429953,3660.379702193513,5105.731605719033,9071.302032486781,18734.089049460665,36353.47941148811
region,North,deaths,29,1557.9981220430552,462.6179997152406,732.1942370073284,1155.3999682013268,1877.4087655440353,3986.2253278295307
region,North,cases,30,1062605.4561165185,325675.8431555694,424409.60372589075,671800.0889329016,1436321.86648921,2762426.7439758256
region,North,hospitalizations,30,12589.807583298658,3514.2310312555555,4948.888713633851,8411.920665632184,17256.59436292923,33053.79266197009
region,North,deaths,30,1517.272421872517,441.13377960260317,707.4056093860441,1126.693323723458,1830.5682996360174,3833.316690714453
region,North,cases,31,808703.9228484674,200279.28376048943,277600.98758827813,527557.6368997945,1112330.696133257,2208779.953250358
region,North,hospitalizations,31,10412.651771570167,2560.818124625014,3726.371958074985,6789.196461362384,14178.627182784756,28090.633242649394
region,North,deaths,31,1241.9387396005063,338.29300674006845,578.2757085301728,947.650748025498,1532.2322127716727,3147.5823621374298
region,North,cases,32,569431.8506868081,175018.7125854243,226029.72982919868,358163.58371889987,781805.7082202741,1482800.838659606
region,North,hospitalizations,32,6747.837038513094,1802.0708525052607,2535.36311227413,4444.80875461553,9110.277119699298,18084.17938023129
region,North,deaths,32,918.411444898813,243.42796580135823,417.26378940165137,679.4844649396566,1071.7402697101784,2394.1249798622057
region,North,cases,33,355033.0956218561,97723.97584264723,130569.54277768127,224077.6567593722,494920.6521807246,947163.6233284741
region,North,hospitalizations,33,4254.276853766816,1261.8881761763973,1703.452389820176,2811.278909575742,5719.06342849222,11382.96998098545
region,North,deaths,33,574.2264675103934,147.86828330207612,258.0221607016341,426.54007415471256,713.6674431898574,1481.1345437463638
region,North,cases,34,242899.86401346486,62477.879138147626,85340.86539614083,154931.69972813252,336344.42960755597,667523.7067704793
region,North,hospitalizations,34,3012.8752197165477,816.6146775467162,1136.8525933204933,1970.1489217908043,4100.622092974548,8006.838732006768
region,North,deaths,34,372.6338392839537,97.02987002527244,173.8183709379249,280.7001310887599,455.46702150224786,948.399203528311
region,North,cases,35,184726.90845240443,45467.34706941389,63235.4548850123,121370.08592239564,264379.4906881746,486378.123938184
region,North,hospitalizations,35,2401.5622253692336,595.1633385014865,856.979432567638,1571.6681762712865,3200.453001739727,6539.176936680576
region,North,deaths,35,288.96694740955184,72.47869643125402,128.27250308547949,212.47082693995853,339.8184013627242,792.1725004814377
region,North,cases,36,160735.63966273144,40817.81261027835,56754.936855151616,101709.74565276064,225633.76714789832,437378.4879047478
region,North,hospitalizations,36,2057.6855693619104,531.2327180781444,759.2134803035524,1338.6453343631576,2803.847379909674,5501.257343960361
region,North,deaths,36,236.86627063784812,57.564285781576885,103.33442622564019,173.82312872840316,290.1139941508204,639.9447158602384
region,North,cases,37,136889.8248447118,38221.848089624385,51348.62208548835,87679.57702955717,190754.84401073813,372113.5503705866
region,North,hospitalizations,37,1736.7179632691536,466.72782829454724,659.4312464933798,1145.8280243843515,2365.7942397372535,4697.230075042533
region,North,deaths,37,199.82337085891103,45.25259553405246,84.36567236561962,146.24453138499922,246.04520160379,531.6258712419816
region,North,cases,38,121631.0120701042,31933.49035820996,43681.79689672291,79187.65981709003,169870.0937617509,323912.84139764396
region,North,hospitalizations,38,1603.0481700114674,459.08784858590843,627.5313419349275,1034.7051113552748,2180.2376538258472,4252.003543813953
region,North,deaths,38,185.14685472560626,44.32194262486448,80.43727050385434,133.0339155013908,219.90702018854984,492.69538126033933
region,North,cases,39,119134.95542008459,31632.54313776642,42513.579490393306,77225.49504384879,167551.7131415632,311047.32261169225
region,North,hospitalizations,39,1478.741763270575,414.8705239796648,584.9524587601888,984.797964884241,2030.1309072176443,3922.4682080392913
region,North,deaths,39,175.44258325699508,39.34316696730724,73.31221432618473,128.4230532542809,219.64211659600718,461.6984267387629
region,North,cases,40,117456.11895074765,31180.117139083944,43026.48461372131,77086.56565334558,163144.63405013256,311855.68811896764
region,North,hospitalizations,40,1405.983781782059,366.4045666690287,530.0515367470966,944.6420645273466,1932.4212628602263,3780.146549344147
region,North,deaths,40,178.14877208529515,39.62023746469923,72.51500821877622,128.47904011871944,224.75193071707963,472.1918091422612
region,North,cases,41,115228.67732396116,28895.132525358185,40079.87339478793,72535.516528999,162606.5711621644,309555.5096638218
region,North,hospitalizations,41,1341.847668819631,356.1256397946709,498.88305206385684,876.0004677498546,1814.362549798817,3572.0059305499717
region,North,deaths,41,164.69193616561444,32.922281508855576,64.86988574229638,120.31418075783506,203.56440140456067,457.49986160473964
region,North,cases,42,96185.70049677636,28777.460904535714,37840.07193814934,60662.522838842895,130944.07723190937,255078.7115066899
region,North,hospitalizations,42,1103.2717921050157,311.6458266117591,426.39707273259376,726.780180889394,1525.089309388209,2903.3307694505606
region,North,deaths,42,136.1838864718452,27.475721902090797,53.59422897303556,98.83513419432397,167.02543643161914,380.5303585946157
region,North,cases,43,70236.91060566489,17791.858504682117,24663.573559821674,44996.49575914552,98798.2643103555,189027.70136023776
region,North,hospitalizations,43,836.8181603258599,189.26069078530278,290.8128099943101,548.8542157019006,1129.9585318911847,2250.8972946382282
region,North,deaths,43,108.37586244632087,24.24602576487604,40.29038530741225,74.76099513828697,131.0777196175751,309.11619015201757
region,North,cases,44,49948.27582823882,13292.852716731632,18203.40328114452,32488.424075602932,70084.45522220331,131703.29100392896
region,North,hospitalizations,44,614.9582266355745,160.80016670363526,227.75729731459828,398.5253292821985,851.1627150802867,1629.7909385354476
region,North,deaths,44,79.16739584848337,18.325998773923725,25.961658137092023,52.85439689041324,97.95151007097617,228.51009559240936
region,North,cases,45,35381.27405432576,9130.499329633283,12560.005156521376,22936.83721067175,49191.26619566853,94417.97680409398
region,North,hospitalizations,45,448.4191304773562,114.67411260524584,161.3964033962597,288.2661576027325,626.0864836140106,1248.4579669338286
region,North,deaths,45,57.60520052607113,14.792157677890014,17.754431667148268,37.01865846216721,70.85907474019636,178.68317314853044
region,North,cases,46,27783.040872483194,7328.339320860704,10095.340050414436,18078.09861422939,39527.22012193357,71763.1657404654
region,North,hospitalizations,46,362.769239521455,95.078112408851,128.85195386641098,231.4210845161499,496.17482975975736,1000.4316092475742
region,North,deaths,46,45.60923720463616,11.505303589437448,13.060149056567873,27.714973134181708,55.69307954809537,133.2191459766819
region,North,cases,47,21175.511811116932,5507.7262365877705,7562.955904968191,13764.314701002237,29707.308841509916,55568.01923754369
region,North,hospitalizations,47,281.50095102739755,71.40180934758978,95.20317161610764,174.73746149994957,393.8834116381983,778.2420429436496
region,North,deaths,47,35.940213186527956,9.444383484737896,9.512289041089407,20.144814956996733,43.28232044917479,112.70066249283904
region,North,cases,48,18219.57409108577,4872.601749225937,6635.6467693524255,11579.999517035278,25383.62486686751,48356.10402262387
region,North,hospitalizations,48,235.5597866711743,57.71609058655113,75.75395829182733,147.69278034987838,330.64153789102534,658.6861267683955
region,North,deaths,48,29.66422730430121,7.76321726571977,8.39826782664958,15.292336945524323,36.174419567110064,93.10023531737959
region,North,cases,49,15060.983275965884,3872.67461774892,5529.421946630292,9917.63112940835,21528.956092739067,39238.626537751705
region,North,hospitalizations,49,206.33932002723895,54.28112351929012,66.69831609681259,126.58697558945006,289.66677016040546,573.2197166623581
region,North,deaths,49,26.737789019302824,7.032016847824802,7.101474890896179,12.430163871121067,31.817423168934653,93.22348295150884
region,North,cases,50,14984.109896428243,4621.590620718808,6024.553566698709,9314.567826270817,20250.245303697047,39523.66006322188
region,North,hospitalizations,50,183.80888754888062,43.0837871147568,55.487806644904744,116.67444480816788,256.9803852992004,522.2112852951498
region,North,deaths,50,24.339224609916016,5.989700655351861,5.989700655351861,10.212555294142769,28.28287397782973,83.02418724893508
region,North,cases,51,13584.29170261958,3624.9945962197276,4943.075479405373,8881.10289008233,18992.151322654856,36280.66847343798
region,North,hospitalizations,51,202.63871148018103,56.558236801626556,68.92492814039969,126.72226403400389,271.53206438765335,565.9511338346094
region,North,deaths,51,23.06358355872632,5.222420542232146,5.222420542232146,9.275467051687082,27.71601211204546,81.31455849229268
region,North,cases,52,13840.655501235193,3695.9775140163215,5050.567762079229,8841.498885884863,19547.749206961053,36918.27592786382
region,North,hospitalizations,52,189.36042644401616,41.96280977411682,54.157901858606856,117.95291848230573,265.6935322879391,527.3476469169833
region,North,deaths,52,22.262042762665356,5.4177853003760585,5.426679343671602,8.89556389845243,26.618414943841838,78.05354285934847
region,South,cases,1,21487.53553452519,6201.179872001224,8192.901668180071,13802.647598855241,29806.507478732197,56739.69520599326
region,South,hospitalizations,1,327.91537215691574,87.12781564368265,118.57262579085798,206.47444662713818,440.72863014260327,914.426430520615
region,South,deaths,1,26.540193581580116,7.107683223699541,7.649968645176652,14.212657261557286,32.64909602739657,86.46193449668017
region,South,cases,2,13175.770336800575,3731.2398862373,4931.0708901242415,8471.566257442024,18070.409658103374,35537.62171246375
region,South,hospitalizations,2,210.99860178651335,53.756818941606255,69.56161517252754,130.44149936038247,289.4898939004056,598.7363655056007
region,South,deaths,2,21.20471417348423,5.155690537893536,5.155690537893536,9.633571088834966,25.392597735926223,74.13117001414561
region,South,cases,3,14086.008397106532,3950.6587002886095,5230.433524178527,8976.384348624719,19520.00888083032,36180.68368491291
region,South,hospitalizations,3,215.30452869909118,51.80013224275666,67.90116521692322,136.3292725802351,300.287921987019,605.5229703918042
region,South,deaths,3,15.73477662466223,3.3739868170862377,3.3739868170862377,4.403406866788428,18.199748850812263,62.54612515375595
region,South,cases,4,12483.994224347294,3622.6713910628523,4769.358906720646,7928.513115296275,17487.28360194076,32923.80005506319
region,South,hospitalizations,4,215.96339456831345,53.16740990357652,69.89426220408973,135.2515535480903,292.0902434859087,595.818958892725
region,South,deaths,4,18.8555699149111,4.071539193078305,4.071539193078305,7.536034408209467,23.767294664804705,63.06343174535217
region,South,cases,5,11652.713192777608,2741.955789575985,3936.111903398316,7616.776136707358,16459.628145183757,31415.049666247876
region,South,hospitalizations,5,198.40497859099128,52.18831604394443,64.06354171800814,122.8407123314253,276.8978231047549,552.8726173568778
region,South,deaths,5,19.102240247823747,4.6854118161549385,4.826731195173682,8.157024132001506,22.287415381365456,65.79027411734327
region,South,cases,6,13727.523275088994,3494.219246042772,4814.565016719652,8909.97092950746,19210.528790950004,36482.003476925376
region,South,hospitalizations,6,206.96328837722663,55.26003609334831,71.62859517404331,129.72754707181525,275.05352970812925,569.152276887641
region,South,deaths,6,20.223379942062678,5.230364445569196,5.230364445569196,8.61952701545937,24.26423625832608,71.02365226707653
region,South,cases,7,14761.070863060117,3858.0481073666433,5297.921261757944,9635.753930851111,20955.042145174546,38860.50769085343
region,South,hospitalizations,7,259.38104448493027,62.05550004716018,87.18563102311907,167.294228022967,353.94808175488254,720.0953892564122
region,South,deaths,7,20.163317954787665,5.8979719575656,5.8979719575656,7.996946545437423,23.34858791164772,71.93316973153976
region,South,cases,8,21201.122002446355,6060.530831851,7983.578246468973,13409.366105545318,29278.27595284777,58143.73200012404
region,South,hospitalizations,8,331.5372519809972,77.66405938630373,111.6171051316724,216.6976497364904,460.8535621058669,888.041300080061
region,South,deaths,8,23.32977211218787,7.192955907592456,7.192955907592456,10.919157525999957,26.89797737807474,72.45582798229123
region,South,cases,9,37887.35102913592,10689.618458454055,14308.171241424969,24355.29249744329,51935.34144352246,101310.60810725129
region,South,hospitalizations,9,611.3739237491626,154.66137767322252,223.02823169689017,396.60487509445727,816.1950442951614,1692.3888489151132
region,South,deaths,9,37.69144749237424,10.686066258889259,11.031535479475131,22.739449696458813,46.52273064195626,109.2244264004273
region,South,cases,10,76424.2581825853,18886.411320603183,26517.81766394197,49535.45833827433,106185.35276767248,206172.43617011
region,South,hospitalizations,10,1187.1977030562248,313.256529522489,439.9635509353127,764.0651430286184,1607.0170394805557,3190.8898304180884
region,South,deaths,10,82.54556680568997,20.725131749997146,32.2078986850048,58.07715015838686,102.29976804906305,217.42454992674172
region,South,cases,11,192669.67138918422,48789.511620549136,68692.8913611822,128270.37399276314,271316.2758832878,515936.22666837677
region,South,hospitalizations,11,3117.7490700189855,945.2955220892105,1261.0065739688514,2058.1202937676553,4265.980975197088,8126.241450896403
region,South,deaths,11,162.21370026405046,35.68742470548378,67.64698628027755,121.0536991613165,204.40761801135784,423.1060278687695
region,South,cases,12,691116.914531896,190906.33663793205,256902.609964945,443266.3843095717,957155.0552017204,1792247.1892994842
region,South,hospitalizations,12,9494.322797393092,2782.008240442941,3766.303745869366,6201.555081360742,12682.2874545157,25547.591856972278
region,South,deaths,12,544.5706134736682,147.14678225477778,254.99683271460665,405.8047690815419,663.5403711519829,1313.5493598407243
region,South,cases,13,1729399.1543770975,396858.3939781405,580345.9708689441,1114796.7300341644,2434225.783355103,4766309.954922665
region,South,hospitalizations,13,23302.97045161269,6564.906888333729,8910.830381151238,15181.739196387429,32260.415770994834,62093.556165484006
region,South,deaths,13,1362.3219151650248,388.0028819059135,631.4048257948506,1015.7450547743056,1594.906069623922,3572.233694825382
region,South,cases,14,2790586.5581021295,808314.3778200591,1077511.5973050175,1737011.675815044,3923849.2424111404,7377630.158750381
region,South,hospitalizations,14,36063.69366635765,8991.983380385514,13178.061140294947,23751.101868129874,49780.52184280826,99113.13971857124
region,South,deaths,14,2322.3435821010494,652.035868613058,1102.964663622102,1736.1605301314826,2829.7804322966863,6107.62356707659
region,South,cases,15,3287818.1074651247,870378.8486917565,1204677.9979362702,2141262.57327147,4522285.621829096,8741635.761013081
region,South,hospitalizations,15,47179.009362502715,12971.442121231212,18006.553147418752,31166.140959959925,63769.93753336654,127293.08661910892
region,South,deaths,15,3013.9985697071106,827.7194803653535,1409.4919125826693,2251.367742908809,3620.0643361446564,7836.320179463172
region,South,cases,16,2858606.0753318537,711798.1627183479,996075.5555025185,1825015.815261779,3967254.3902417654,7718278.625822469
region,South,hospitalizations,16,43290.843221970885,11877.103395481536,16595.28787117294,28662.237030547978,60282.018600071315,113094.39589584252
region,South,deaths,16,2746.186897238802,781.2096521579275,1269.6202484270807,2044.0148381025,3270.3082162227865,6833.95384658994
region,South,cases,17,1841158.8497775237,457572.244360303,632519.8281947337,1166059.929270711,2583294.3310707565,4862758.840516007
region,South,hospitalizations,17,28776.766902791944,8435.523009754615,11342.401923308182,18972.857076616056,39718.45239671609,75785.05463943632
region,South,deaths,17,2290.021640964469,650.8769619269689,1058.0270064017664,1729.9750595059108,2752.5933633788454,5894.488130171086
region,South,cases,18,873674.3780768967,238750.61816001288,327082.64412833523,560045.7544604,1226207.3561506593,2273142.8816052605
region,South,hospitalizations,18,15639.028118117378,4446.876852724342,6183.464098814802,10273.936444013087,21542.172698156857,39521.73313657365
region,South,deaths,18,915.6208027381647,249.33984239313116,414.8374069672043,686.7280908687812,1087.35110690447,2422.781007194897
region,South,cases,19,188503.86147532382,56145.93135507241,72748.3608957408,120899.82846991575,252117.0268465972,510832.851300662
region,South,hospitalizations,19,4404.295416998904,1158.0765755477707,1640.4252318734889,2909.0922907762124,6072.156893722718,11926.583439966324
region,South,deaths,19,337.25994975618147,76.79133920925726,143.8810129035878,244.7718507717434,408.0603648973113,916.2576650693366
region,South,cases,20,57991.8243824235,15121.12621206909,20738.795069797125,37598.227645266306,80238.46207102235,154821.13318095525
region,South,hospitalizations,20,1148.9203445064268,327.5083495498873,452.0758723153683,749.9853749063038,1528.4442030333423,3097.3149871255246
region,South,deaths,20,73.89455091610714,15.195702460594633,25.71398251672248,50.328975069816494,90.81701699682647,213.57604001090084
region,South,cases,21,51856.301530353456,14247.897809239084,19289.998346681514,33517.36218281863,71451.76534374664,143755.55464571362
region,South,hospitalizations,21,759.0398012308384,195.70477134575827,279.6802327435798,497.54376418487414,1039.383783077542,2063.9585800619316
region,South,deaths,21,54.796042089655664,12.614297069615066,17.409003401499508,36.44884769116174,67.41047383561367,165.36320064014222
region,South,cases,22,61645.323310407,17580.32930828682,23267.800222042613,39529.86984684251,86052.20029915823,160512.1439100795
region,South,hospitalizations,22,932.5749267736684,231.45956558774358,336.90441666809505,603.1026090125081,1296.2573775327448,2519.491834141404
region,South,deaths,22,58.56309051024275,14.717340307155583,19.387313297395462,39.50644723358627,72.40169158186181,164.36127533966015
region,South,cases,23,91059.87639115957,24707.636443206895,33417.46361163925,59384.08670558926,123395.95494586515,248197.87394789647
region,South,hospitalizations,23,1414.7477154198102,373.11862538314796,526.4710205979658,918.9249456752573,1917.9593416891053,3833.432868498479
region,South,deaths,23,79.15473398356312,18.38056400496077,28.866228895125985,54.24806708832084,94.51933000178201,227.61878503325343
region,South,cases,24,156042.07197861734,44638.43239546461,59760.98198199467,100089.17916566378,216153.07256401138,407030.9536514494
region,South,hospitalizations,24,2343.857939374875,643.3842838968861,905.5247946188018,1516.3512572063382,3155.970046009201,6286.619990679303
region,South,deaths,24,137.1140925380347,29.80999101177648,56.71705699333095,99.65087638718873,169.02923212051007,368.382368734847
region,South,cases,25,242489.16541144974,69165.48603408711,92021.02891712362,154322.2127518615,338188.9346958031,642114.2201686655
region,South,hospitalizations,25,3812.5232597213517,951.7652633549118,1376.0946074896146,2520.362803971054,5358.003658294849,10158.885024381392
region,South,deaths,25,225.35947051405813,58.92635032506822,101.82116701794602,166.378787461272,265.57955842145435,585.8672024584389
region,South,cases,26,347770.9788637733,92139.17949003384,126121.09669331576,224494.50168714064,476748.7707461664,935400.3756268804
region,South,hospitalizations,26,5325.665149313834,1458.7206167345341,2015.3473630650974,3548.9226056698153,7286.958884659607,14554.66850317596
region,South,deaths,26,323.842978235286,82.77669973062925,147.45711480395786,244.53030893231715,400.22651559665405,809.5985860439282
region,South,cases,27,481201.35271597805,134156.78458768388,179336.7213667633,309792.25261662423,660875.6492854087,1252353.779785372
region,South,hospitalizations,27,7818.800531713455,2084.9987828881226,2973.429568910329,5098.001567075697,10788.84372946617,20948.628000623172
region,South,deaths,27,492.93490089348967,140.1378760041991,229.33716043836873,364.5896143261307,601.3461258749501,1264.5173743468195
region,South,cases,28,549547.1204905228,162357.7914698318,215915.37157493428,358347.1328634211,767672.2584099381,1423818.9800706743
region,South,hospitalizations,28,8488.594765472368,2375.0888428476974,3296.7154744757763,5439.666045693357,11240.42704000668,22108.067255712387
region,South,deaths,28,562.7882274961522,160.04689598564892,257.9185263032871,426.21017525586,688.2157135295993,1483.530985714926
region,South,cases,29,594696.3882958966,166119.5608711434,222413.8397465297,377815.937758391,828780.5143606575,1632492.9299124137
region,South,hospitalizations,29,9234.193450056782,2476.713297585708,3456.039767450824,6142.989622067589,12690.200080163777,24628.562856959434
region,South,deaths,29,704.512658434897,203.6684442756173,326.9273549089106,520.4306025420417,850.556205310549,1814.774842694082
region,South,cases,30,468197.6933274415,143491.30618948216,186995.43754677667,296000.7879236139,632864.8518891836,1217174.0127120137
region,South,hospitalizations,30,7322.953381124832,2040.2154520342385,2875.30515796095,4891.076843381397,10039.41016889585,19234.689184962506
region,South,deaths,30,576.7382000801158,161.10176674762565,263.94281942527306,425.88255579293104,697.7372372858018,1471.2503533915574
region,South,cases,31,350844.1879252559,86881.93133525034,120427.60012401204,228870.15317519434,482571.2796445083,958260.7924474486
region,South,hospitalizations,31,5351.4305322474565,1311.0365454323319,1910.806855366597,3486.874085289008,7289.324926111113,14448.160448649443
region,South,deaths,31,404.14135258945356,102.59554141746936,182.643964611579,305.90402057236054,500.9782306670604,1040.0188493269463
region,South,cases,32,284028.6343374798,87293.24772327502,112737.81644973098,178646.89076442347,389961.85240856896,739621.9795167254
region,South,hospitalizations,32,4306.4102580276885,1146.970079324666,1615.4097388460127,2835.1963309680345,5815.577459136924,11548.259978963944
region,South,deaths,32,298.11962069762507,71.69482787293441,129.8041348326425,217.84041942932564,349.533862719512,793.5028077708076
region,South,cases,33,228553.83071760988,62907.1711492927,84052.00444973905,144249.27509794454,318608.57296317763,609746.8643232208
region,South,hospitalizations,33,3398.700198110076,1007.3945271478294,1360.2614715877448,2245.5582119413784,4569.254305455645,9095.448541802505
region,South,deaths,33,246.73413024530848,57.80171675554345,106.35362218188259,181.12210457375414,308.51555014894024,649.0274234476638
region,South,cases,34,175673.39507059407,45184.23177842206,61719.75514730448,112050.92599137418,243256.63991184716,482780.14812821365
region,South,hospitalizations,34,2684.7040171044573,728.2616159549794,1013.5315651978831,1755.837174927588,3653.6760736677634,7133.358420637852
region,South,deaths,34,191.9573541655611,46.085530840522196,86.0702230873614,142.90862704982516,235.84750738419675,497.9827720781623
region,South,cases,35,137696.93679635174,33890.15271949902,47134.845673798,90469.52970952017,197071.51993590684,362553.61652072985
region,South,hospitalizations,35,2173.6105704403963,539.4934626055882,776.3394116955644,1422.8662587565586,2896.3092463902904,5916.609590954627
region,South,deaths,35,156.12038289604476,36.17953717790632,65.97450818238678,113.09258042251817,184.35732699428942,437.49838900916325
region,South,cases,36,120202.3963088167,30523.124059600454,42441.53301643068,76060.50891155613,168735.7710893729,327086.8096866764
region,South,hospitalizations,36,1827.956718229942,472.4873853035307,674.9312960900471,1189.4591423217828,2490.539239157176,4885.803720188371
region,South,deaths,36,129.81403034503012,30.17992219387116,53.33180906152816,93.52819312990879,159.84339151195618,359.3353604299449
region,South,cases,37,99853.75137780678,27879.04111405925,37454.546623766466,63956.660498010795,139146.32912518675,271440.927366101
region,South,hospitalizations,37,1534.638398575487,412.90790685581413,583.115399310276,1012.7309021205608,2090.2799790140775,4149.54727720147
region,South,deaths,37,111.12431959773714,24.030192349753317,43.659746111930936,79.6251722212159,137.6316333501597,303.61773320529346
region,South,cases,38,86994.60321866091,22837.922266471975,31240.967745708916,56636.745419821425,121497.89065014823,231677.87360238656
region,South,hospitalizations,38,1377.9689007641027,394.76426983415763,539.5373260740437,889.493206516139,1874.0503651122413,3654.6823963279
region,South,deaths,38,97.32074371860634,22.866668198233594,38.73154139269889,67.91684365242929,116.12177799101099,267.489051914843
region,South,cases,39,85091.6859646916,22591.42903594368,30363.415544110496,55157.059330527176,119674.2730993875,222168.73269319037
region,South,hospitalizations,39,1265.0847856941612,355.0056028005539,500.50047813607347,842.5442827415246,1736.7638030284381,3355.544657274259
region,South,deaths,39,93.62829190068618,20.603237949170104,35.59305872400111,66.6548828271398,118.0681901816256,254.4970792159375
region,South,cases,40,88161.44512184313,23402.039048244642,32294.01023000839,57859.75936798606,122455.58300597496,234079.20180902668
region,South,hospitalizations,40,1276.1789190638954,333.4191239415951,481.8258272701596,857.8059840048948,1753.5943653674246,3429.242978312054
region,South,deaths,40,99.2511638478527,21.517746851052056,37.06786910524695,69.77451864920593,126.03857944836469,270.648056501794
region,South,cases,41,86696.85760418684,21738.934581027985,30154.40666809734,54574.24455726639,122344.29439275713,232909.63556799912
region,South,hospitalizations,41,1192.5610233696132,317.06709808567854,443.86131097959975,778.8092841211446,1612.2432873836196,3173.346178421783
region,South,deaths,41,92.74524949385587,18.32327528826274,33.223157608923735,66.01677989069819,115.27171054670289,265.51243526906325
region,South,cases,42,71058.77207507518,21258.264948154003,27953.627831061,44814.61746094932,96737.89971272161,188447.27791773505
region,South,hospitalizations,42,970.0922690487278,274.44080089892276,375.28089110984445,639.2489154088771,1340.7799859233833,2551.9388871415
region,South,deaths,42,78.20351557840522,16.29719883565522,27.688338172936202,55.017689528687946,96.34307741744486,225.7335249599849
region,South,cases,43,50741.05404092453,12851.417764971553,17815.981124159232,32505.775407826142,71375.58980868082,136563.06535205946
region,South,hospitalizations,43,708.8664702018482,160.41973066928756,246.30723940851468,464.90881567946053,957.1953894116504,1906.8064790264034
region,South,deaths,43,57.805292050767186,13.860329026970822,18.089411064062954,37.58286572738221,70.02161551017106,172.57277505960892
region,South,cases,44,33974.66363992156,9039.266283641095,12379.741421228673,22097.339514939602,47672.59949237191,89589.73001285888
region,South,hospitalizations,44,502.3015229991653,131.26575581640688,185.61625297881935,325.2705805843849,695.4380471437363,1332.2012618300632
region,South,deaths,44,42.37292729003925,10.726493710903323,11.590293628767714,25.763261016528816,52.23386134190356,128.86768316874407
region,South,cases,45,24388.062442288337,6291.205381962236,8655.450909480718,15809.070122338795,33908.44637027295,65087.00493751912
region,South,hospitalizations,45,363.80376473879164,92.95817263747948,130.44147819030297,233.56294999247478,508.14793236958377,1014.0199880779255
region,South,deaths,45,32.088292794622895,9.11970287583796,9.11970287583796,18.153304533191108,39.016693659416106,105.49271167867391
region,South,cases,46,15629.477932790865,4118.361651764442,5675.522828973186,10167.911135863174,22238.648573802613,40379.79414404098
region,South,hospitalizations,46,243.45610396578604,63.84114899104126,84.15301428127535,153.85432802245987,333.76892556736254,676.4388865054498
region,South,deaths,46,23.283721394736048,6.258190993154992,6.258190993154992,10.954066555975942,27.614435233315206,73.94114922990225
region,South,cases,47,11975.38848531645,3110.5791337516907,4273.424967785234,7782.144383556471,16802.666324989907,31434.617104910994
region,South,hospitalizations,47,199.1812456593911,50.753439972536604,65.50138852904261,122.45892935920233,279.39770911059196,554.65159605643
region,South,deaths,47,18.827327625933325,4.90911127776397,4.90911127776397,7.347146309964711,21.732633424678088,65.34449825276222
region,South,cases,48,9161.526777003211,2445.0572794202667,3332.2575970089238,5820.357037430394,12766.623669559489,24326.845087685047
region,South,hospitalizations,48,154.22700664093878,38.47675958606977,46.872416020338534,94.95366759717376,217.0924045561759,436.09882083481943
region,South,deaths,48,13.89094800290479,2.940246808977402,2.940246808977402,3.8516834838311174,16.112042310053344,51.590485106334285
region,South,cases,49,7657.167079454033,1963.8413586773781,2806.900168412749,5039.901149317055,10948.484572020201,19960.29550172841
region,South,hospitalizations,49,142.37761441613455,37.95309546280037,44.160302348943134,85.87757728889301,200.3301342283222,399.3330814679777
region,South,deaths,49,11.320063432279834,1.0983923785243483,1.0983923785243483,1.2845578430366065,12.669176065460121,51.843081032088016
region,South,cases,50,6852.105593880461,2107.9895073664184,2750.2868969990873,4256.5045607175525,9263.021031977416,18086.678153373607
region,South,hospitalizations,50,129.15291783581304,30.757085264664518,38.09369281654402,80.57052093096232,180.73353035553419,370.07922051667106
region,South,deaths,50,11.652287147043042,1.172218742070871,1.172218742070871,1.5428300899875484,12.719853054074205,49.669905988309125
region,South,cases,51,6106.742661715396,1623.7328950683116,2217.044793430592,3989.6814719813415,8540.999540917812,16323.134204618309
region,South,hospitalizations,51,107.84678422455283,31.220963221126578,34.737459621331524,64.4115217347797,144.76187814809143,308.1256636596036
region,South,deaths,51,12.776857400063095,2.1276208975446433,2.1276208975446433,2.667652851419829,14.535198330477375,51.627930310549964
region,South,cases,52,5915.746524453305,1573.5418527473205,2153.3441994355703,3775.9682843639825,8358.541552751718,15793.610696644331
region,South,hospitalizations,52,117.72415685704495,26.720984620481516,31.379562395400644,71.20398325702689,165.6659980506204,332.96173488443446
region,South,deaths,52,11.32226995693429,1.5914905648219702,1.5914905648219702,2.1381341170373287,12.672274351591188,47.728503310684886
zone,nw,cases,1,12468.521930755227,3600.380370433322,4755.846802540154,8010.253682044434,17294.644158071846,32919.51425197093
zone,nw,hospitalizations,1,206.30364741704145,56.69295827207503,76.88841348771155,131.2795138268912,276.22921656619394,569.3396930692587
zone,nw,deaths,1,19.164638794394456,4.597102319059644,6.103279999846816,12.540921055534426,24.03903018063886,57.48679552396463
zone,nw,cases,2,18407.204482452336,5224.7181268537115,6899.418200145389,11841.17069022744,25239.043969486065,49619.42855104254
zone,nw,hospitalizations,2,264.87896350236775,68.50440373616274,96.19843826062652,169.6535661996209,360.2136609877571,730.7300507470601
zone,nw,deaths,2,23.019389934010107,5.559286131058491,7.711356388997425,15.248799602164636,28.53776416211526,67.77593747595229
zone,nw,cases,3,15763.240350055929,4429.708081616071,5860.775553066719,10049.565857774098,21839.638468646437,40469.90788750388
zone,nw,hospitalizations,3,232.35905794467504,56.41571804420584,80.72997622156726,151.62575069683396,321.2480505207663,637.0268830777195
zone,nw,deaths,3,33.40229809153568,8.082065346669088,12.203296927576961,22.709906555729056,41.29139612601334,97.31953181497911
zone,nw,cases,4,13299.499361958404,3867.1946579408814,5087.769311575103,8450.484524967233,18625.17712133013,35056.34992631227
zone,nw,hospitalizations,4,165.33020020771852,40.01248197051432,57.500172321979306,106.01380771351654,222.4325708302675,447.88536812614035
zone,nw,deaths,4,20.884804775472603,5.099586942995396,6.558449143356552,13.711231803815824,26.868969752413356,57.677045402271276
zone,nw,cases,5,11972.510112952834,2825.1980357555426,4051.0555187682953,7829.4306747745595,16907.034666657604,32259.4791008483
zone,nw,hospitalizations,5,169.09404924110774,44.299084759994294,59.44641664442309,107.80595839896485,234.28324784947785,460.8521076603564
zone,nw,deaths,5,18.39523347944826,4.888167458279515,5.667052836238133,11.942747827464533,22.555933772148077,53.569119215642715
zone,nw,cases,6,12209.228576178262,3113.796264245628,4287.328835099714,7927.354301353938,17082.56229067703,32433.56998942791
zone,nw,hospitalizations,6,168.38269014059102,44.39341607882937,62.570024771851514,108.32898265223727,222.556324857989,453.7202064085309
zone,nw,deaths,6,16.97122280629275,4.675487371961045,5.213744484865371,10.53813749677365,21.070203058052922,51.42839628404797
zone,nw,cases,7,13354.248785394719,3496.53454775473,4798.362344732114,8720.312781851957,18954.383744605766,35143.19363671028
zone,nw,hospitalizations,7,172.8719389748428,41.52226045097857,60.92491532732632,113.1525556916499,234.84349412294017,473.5570730986348
zone,nw,deaths,7,17.666759737936122,5.025517311831183,5.23136967477372,10.89098339545913,21.536299228689728,54.6927893539092
zone,nw,cases,8,17114.572774214535,4897.151574445287,6448.919268770477,10827.158854531866,23632.283396973107,46924.73153716906
zone,nw,hospitalizations,8,242.9393946247481,58.33161947823669,85.33681279182413,160.77625426661643,336.06070612384036,642.7473956423441
zone,nw,deaths,8,26.259041649844125,6.881785114061814,9.020586374510126,17.797882083938944,31.7122292535065,71.21981052373823
zone,nw,cases,9,18781.709319535807,5300.1358973127235,7093.806928492695,12074.03837032253,25745.12120374532,50219.81890286366
zone,nw,hospitalizations,9,276.4137393751607,70.51322476044275,101.25703952561864,179.54322033098296,368.7859157030963,763.9650438759313
zone,nw,deaths,9,32.25105319436542,7.91281702134572,11.783573023354112,22.426262794830947,40.037303726982245,86.46664764501644
zone,nw,cases,10,28608.268814563395,7069.364378504613,9926.129810415745,18542.628165267553,39749.1336042789,77178.62309162939
zone,nw,hospitalizations,10,364.3790593947946,94.84767422023013,133.92280002297446,233.87235564115986,493.8299415132535,982.279814861504
zone,nw,deaths,10,35.95905420554449,8.916141151163043,14.127363946565572,25.48385073754371,44.617780511830446,94.42915751291966
zone,nw,cases,11,39451.63368583904,9987.662576474371,14063.503238590216,26263.859631357005,55556.9902992186,105650.59023889044
zone,nw,hospitalizations,11,540.0280249378458,160.92322190580037,216.0156709570012,355.11421291355776,740.3919894741715,1414.0180862346547
zone,nw,deaths,11,61.48687869756952,13.754887148259971,25.327511580840863,45.72405734136842,77.55773382939972,161.0807945792216
zone,nw,cases,12,53689.52388827108,14826.477696649783,19953.95066929505,34433.180599405474,74358.92394997097,139240.04725276667
zone,nw,hospitalizations,12,914.5279473414047,264.18833098313485,359.5540578337825,595.4989670534308,1223.3995821463468,2469.884096940079
zone,nw,deaths,12,74.05561260748594,17.551913379615065,32.20205528565323,53.93753286444926,91.08416145055467,184.76792995783111
zone,nw,cases,13,110296.26179306583,25305.964939294492,37008.91924461691,71096.52843833195,155250.55227897095,303992.3633513519
zone,nw,hospitalizations,13,1524.3103182456416,425.2021742158983,579.2476888884041,991.028115174693,2112.5026777150524,4071.5015455113403
zone,nw,deaths,13,159.978661355121,42.01543378652316,71.47313000847447,117.98786826511736,188.08077289213114,427.3866534607557
zone,nw,cases,14,234316.68985890166,67867.63254305585,90471.8056031561,145849.24945756153,329475.42102144996,619485.331576882
zone,nw,hospitalizations,14,3233.4332165763417,802.1033188922743,1178.0579927634699,2127.63043423337,4465.351484558131,8895.94960729727
zone,nw,deaths,14,338.7325795283486,91.87587096278082,158.51800397897512,252.09713138949292,413.7216800896689,898.1495112949049
zone,nw,cases,15,358932.4998634423,95015.84646309604,131511.9496776861,233760.75111159353,493701.77439226577,954336.6235271106
zone,nw,hospitalizations,15,4950.749234804729,1357.3831302186375,1886.3011081244376,3268.6623986069003,6693.558903563526,13366.407901310347
zone,nw,deaths,15,472.40608813469316,126.60726658015463,218.6248253638408,351.782318595942,568.2657960702845,1235.1409321625013
zone,nw,cases,16,862178.3586883548,214682.58838404514,300423.1003038118,550438.6274851232,1196556.24617493,2327897.486617208
zone,nw,hospitalizations,16,9941.492268973852,2725.2624927277247,3809.1036237539747,6581.071505110866,13844.632308144759,25976.46543915978
zone,nw,deaths,16,880.311727887105,249.32026063100065,406.1581678051458,654.8309601225808,1048.6170255254488,2192.9712366062117
zone,nw,cases,17,1208935.9484262648,300452.7797173672,415325.9179058811,765656.1392024399,1696232.9423526176,3192962.624753545
zone,nw,hospitalizations,17,19034.456967172704,5582.694245203941,7505.027294855907,12551.084100558699,26270.24637202104,50121.26443698638
zone,nw,deaths,17,1326.2373176604142,378.96884980864047,614.2625391014569,1002.5840892856082,1593.5594231260038,3409.2733622020933
zone,nw,cases,18,1517568.6373585272,414725.1690495928,568155.2405504799,972805.1541405527,2129907.8137708907,3948403.322805448
zone,nw,hospitalizations,18,20980.841379961385,5977.093706132506,8305.092697219732,13788.615344371425,28894.359492864827,52997.03481485426
zone,nw,deaths,18,2021.7249459892494,572.3717816926062,932.3803256322597,1523.8269095990772,2395.3062515634574,5300.280564474589
zone,nw,cases,19,1802731.9364304375,537053.4735492968,695814.9280540198,1156265.430788408,2411035.596762445,4885016.919381707
zone,nw,hospitalizations,19,20667.981944187963,5487.928490573337,7743.501811655342,13676.080940608497,28467.29894795631,55843.944772018236
zone,nw,deaths,19,2437.691767379872,633.4759758860672,1103.7398131956024,1800.3010069890543,2927.662467508402,6436.311276164656
zone,nw,cases,20,1202016.4663900614,313676.0152619847,430081.9218682175,779432.7973856216,1662997.7194091422,3208454.325617406
zone,nw,hospitalizations,20,12220.715140866354,3605.4058404061298,4912.903186352039,8037.527575594313,16202.394487297568,32657.498714957204
zone,nw,deaths,20,2029.868749670637,549.2304901909738,944.4568901425991,1522.652718350352,2442.503990853951,5231.476688875806
zone,nw,cases,21,731305.0032863648,201100.13383927595,272183.88089267374,472761.8591885256,1007562.6825534669,2026904.5682569658
zone,nw,hospitalizations,21,4516.927119852054,1232.8676815755523,1722.7210234055424,2992.920682757591,6151.985455405089,12125.516452082911
zone,nw,deaths,21,1284.8997772583045,363.6928740405415,613.0201275926678,974.1758376894904,1542.5472952753735,3340.6936151313125
zone,nw,cases,22,243487.31149292056,69481.94160970289,91940.82314275159,156157.04520768125,339866.03011744836,633896.0265558568
zone,nw,hospitalizations,22,1365.4410727154125,352.1178441486503,504.52545021917825,889.2823048198653,1891.1525509643493,3659.18800537117
zone,nw,deaths,22,516.967155474516,150.74869127170658,248.17180603330686,391.9586853797318,624.2125976843178,1273.4849628786371
zone,nw,cases,23,101657.32842952601,27591.81167715145,37314.13379558836,66299.30986916405,137752.39273750252,277062.21302125085
zone,nw,hospitalizations,23,1171.1698825618992,314.02584788032095,440.21844545231454,763.1659948756742,1585.2643085026245,3161.4938782453114
zone,nw,deaths,23,207.63124813053454,56.10389129284262,95.88581861234556,153.53289074631385,244.270261087726,544.1638742923377
zone,nw,cases,24,121269.09863753224,34695.478716751895,46447.463347022414,77787.17565923347,167982.3562762414,316316.73018341843
zone,nw,hospitalizations,24,1699.3129479287409,470.2935658962236,659.7559473902332,1101.2315360456769,2286.268063263152,4548.949220432726
zone,nw,deaths,24,161.43989517245603,41.320455900381965,73.75956758968579,120.7950412051789,196.80141256117753,415.1996200761344
zone,nw,cases,25,190268.05257562432,54274.923699193525,72207.82703934457,121090.547235615,265355.95230452623,503821.6406893715
zone,nw,hospitalizations,25,2611.5081519960445,655.4113675314279,945.5544927696076,1727.9692732387766,3668.2592794743136,6950.951703903729
zone,nw,deaths,25,263.11913906179507,77.13550370975581,125.51704984508855,197.51588322530978,308.15099849914174,665.3564927290096
zone,nw,cases,26,288625.6782516129,76474.32345041062,104676.2521270475,186317.3124214861,395665.6214595867,776305.1177803441
zone,nw,hospitalizations,26,4335.505550850123,1192.4622141903683,1644.8871122775245,2891.3734290388525,5929.640443185726,11836.81756889936
zone,nw,deaths,26,373.74607079475317,104.3930036655218,176.73453648493643,285.18650798855606,459.13319553707396,916.4912593895875
zone,nw,cases,27,428990.2744801097,119606.45108707981,159883.5303589261,276182.22726269206,589166.591711947,1116458.4218488524
zone,nw,hospitalizations,27,5822.9158276299695,1556.9086171759295,2217.9102187636613,3798.6135392366805,8032.658377512998,15591.641902936179
zone,nw,deaths,27,587.8573090408222,176.30996204788354,280.365825981599,438.14524122828493,714.3347141306909,1487.960395474235
zone,nw,cases,28,514846.16708791454,152112.05676969013,202286.89299092084,335722.5389130637,719194.3293716197,1333898.2467595595
zone,nw,hospitalizations,28,7465.472972019131,2094.536661187884,2904.219027327671,4786.878696090649,9883.057263532879,19430.672688517105
zone,nw,deaths,28,703.240955996246,209.88328797228039,329.7764996794063,535.9345684775703,856.8925965266013,1831.1575800827347
zone,nw,cases,29,510091.9002112026,142492.02331621424,190776.87835336028,324068.71412908926,710871.0614214176,1400233.0756746768
zone,nw,hospitalizations,29,5785.049744529553,1554.2808818869303,2167.424219577968,3849.687951605022,7948.8097423145755,15423.260627461288
zone,nw,deaths,29,663.8032065116521,198.15979328701084,312.7560270589946,492.65980267629084,799.5840692839038,1696.037103058008
zone,nw,cases,30,522988.31087034685,160291.6242799448,208885.6924021106,330644.5520007268,706921.3505836213,1359594.0572797682
zone,nw,hospitalizations,30,5335.858262765864,1490.4768919453727,2098.350771217545,3565.660145823904,7313.206461095243,14006.583096942533
zone,nw,deaths,30,722.1519097889349,211.7229818852847,338.0198856872036,536.894622703383,870.7535599920424,1820.688523420948
zone,nw,cases,31,409782.4371488371,101486.8824418897,140666.65268953654,267322.47643739916,563633.5116780185,1119216.5867448682
zone,nw,hospitalizations,31,4770.803934069373,1174.9279756421033,1708.7124642610288,3111.3831640584003,6495.494121116759,12866.725399510546
zone,nw,deaths,31,589.217412659926,162.27988864155648,275.6626348038348,450.17836460176886,726.3709873786393,1489.5628115498948
zone,nw,cases,32,318766.2741343181,97977.86640058289,126533.3078555681,200500.47677003278,437650.9696969494,830060.8154334222
zone,nw,hospitalizations,32,3366.3559209908376,901.1917108503312,1266.6933877127415,2218.4361271947882,4543.888889131932,9016.834403731604
zone,nw,deaths,32,500.82112694995755,135.55581898822507,229.62824644461415,371.5307321706503,583.8026044141353,1299.4200021333297
zone,nw,cases,33,192224.0037714661,52913.03596233222,70696.11229435506,121322.78991842872,267961.1984165413,512812.24003345775
zone,nw,hospitalizations,33,2054.9750797349852,611.4020447592154,824.4192311914209,1358.8513273659746,2761.6101058896465,5493.963409774831
zone,nw,deaths,33,302.6660687443562,80.46421605542416,137.89350393391499,225.71798128574943,375.35673838999173,775.3284423469739
zone,nw,cases,34,129447.1485116125,33298.6737062973,45482.561715954485,82568.13410933159,179244.58570822678,355732.95772312785
zone,nw,hospitalizations,34,1445.5674741277105,393.68891262312485,547.0639198945283,946.1635397179764,1966.5340893210657,3837.380656529156
zone,nw,deaths,34,180.4253175332588,48.70040658964419,85.54113712759639,136.57324298367706,220.01799949903358,455.3749702068774
zone,nw,cases,35,97397.20534571602,23975.31684468213,33343.20525360367,63993.5559777217,139392.47628909032,256436.92721219207
zone,nw,hospitalizations,35,1156.5973828373405,288.59554860834555,414.4022524806883,757.8213056932989,1540.4777384093854,3144.786499078922
zone,nw,deaths,35,131.46300592871256,34.19443020313521,59.47325338234383,97.22088965662175,154.31311785857756,357.1116679843889
zone,nw,cases,36,84103.11873150506,21360.04674617885,29698.624573291974,53219.75461545997,118058.93651607531,228847.42045973951
zone,nw,hospitalizations,36,998.5340229219754,259.7797358840142,370.11543537801356,650.542688549318,1359.655558500923,2665.11928403823
zone,nw,deaths,36,109.06853021826588,27.356963601900414,48.77305643641522,80.64875005357159,133.23663811313173,291.4335761634669
zone,nw,cases,37,71328.86366198938,19918.635465520256,26758.24512211582,45688.223679458744,99394.83823858685,193890.4667698115
zone,nw,hospitalizations,37,835.1838513746267,226.34304979626032,318.7273366496272,551.9116769858649,1136.7778399424992,2254.4956209878947
zone,nw,deaths,37,90.64515030806288,21.21624145476342,39.406785544062565,66.92156962137571,111.2985011834324,238.28355854023363
zone,nw,cases,38,64401.70106236611,16910.925904267246,23131.12211103666,41929.86839258345,89942.10996919742,171500.76792420185
zone,nw,hospitalizations,38,791.1388225253622,228.59494857079406,311.42826665594475,511.65894157101,1074.9829357531148,2093.788943342659
zone,nw,deaths,38,83.86543844411764,20.621527367677693,37.53870472917221,60.86258071204722,99.38628350840466,220.35373121363676
zone,nw,cases,39,61836.20170081326,16421.142687908963,22068.563086808794,40084.56575682532,86965.22216758692,161441.58690085335
zone,nw,hospitalizations,39,704.1987647713336,199.36143866377975,280.0713300374921,469.8121594041313,965.8595987395468,1863.8405523830024
zone,nw,deaths,39,80.62104958424361,18.673742575685026,34.88844244427109,59.62804616244426,100.57685990780607,209.23746654869046
zone,nw,cases,40,61271.14885709037,16267.673010001363,22447.000996066075,40213.49460065731,85103.29154554027,162674.2752426221
zone,nw,hospitalizations,40,674.3232039961944,177.6230364685884,255.8131075258381,453.90331849238333,925.8614957178838,1808.699542615626
zone,nw,deaths,40,81.82912357207648,18.667067855842635,34.53554888018162,59.661167169219084,102.88385536083086,213.97449203819397
zone,nw,cases,41,60365.096730775695,15139.96062755754,20998.99756712928,38000.62632552501,85183.62702644398,162161.65172662324
zone,nw,hospitalizations,41,647.4109084801845,173.74354570501933,242.34424222571286,423.56437626233605,874.4852173867563,1719.1037786083361
zone,nw,deaths,41,75.90259526499962,15.571780143681856,31.15924211082706,56.08813483475894,93.51914228402406,207.69373579916237
zone,nw,cases,42,50598.998958643715,15141.003382557868,19908.106393725193,31913.14269147446,68882.5556271098,134179.69644520155
zone,nw,hospitalizations,42,525.0708507006684,150.10022367981085,204.45774904744943,346.74886111476144,724.9069218812404,1377.7782209796485
zone,nw,deaths,42,61.467749102459784,12.39974502786674,25.336000042506267,45.2140520796382,75.17566247780665,168.98594174124585
zone,nw,cases,43,35971.75484292642,9114.501143621017,12633.525097107773,23046.069809695564,50598.10169001246,96804.8415999683
zone,nw,hospitalizations,43,403.7392493715112,93.31421530976952,142.0116919700347,265.7234092043344,544.3198331034666,1081.7268390592126
zone,nw,deaths,43,49.87832982690448,10.8930511688704,19.757655135114696,35.17612373901035,60.24151205355888,139.4826866803847
zone,nw,cases,44,25829.437528817198,6876.501218423052,9415.534850995431,16801.702198905055,36240.98630367426,68101.42524988457
zone,nw,hospitalizations,44,295.8228235995114,78.85488280942833,111.191255507547,192.6552055811353,408.58338003647464,780.0236899738319
zone,nw,deaths,44,35.30266158228736,7.899351915031662,12.526204162304273,24.28653388027194,43.653002064044685,99.71997651750014
zone,nw,cases,45,17906.69709287808,4623.321298269911,6358.714450133801,11609.582707486916,24894.807625154597,47780.35669051633
zone,nw,hospitalizations,45,211.06470464191986,54.65472995977073,77.48763307739762,136.57880049487198,293.92282284452483,583.8000890750674
zone,nw,deaths,45,26.81148960096395,6.528452981124358,8.9044993544797,18.16493123741126,33.10024840638711,80.68793453165725
zone,nw,cases,46,14305.444898758391,3775.776931112179,5200.173120658371,9309.536287396357,20351.111599743515,36945.5264891319
zone,nw,hospitalizations,46,170.6559043381932,45.062704862470085,62.15682777357805,109.81059058273567,232.8155541497845,467.0939653286871
zone,nw,deaths,46,20.046239594993356,4.812490712827195,5.856856502423723,12.95843597572346,24.661245574164827,57.08920123733557
zone,nw,cases,47,11017.874641996232,2868.2544103082123,3937.2849511287113,7162.930264418894,15455.700610496948,28907.18471760409
zone,nw,hospitalizations,47,138.39710626373176,34.927636793073134,48.65977453338593,87.08632634186614,192.96547882948823,378.6662235078667
zone,nw,deaths,47,15.391352543269367,3.9449715780311223,4.012877134382631,9.351007207849026,18.743126408369086,46.84954825979894
zone,nw,cases,48,9395.986984173474,2515.266711764936,3424.163448825445,5973.109180751611,13089.24625997839,24932.17205512313
zone,nw,hospitalizations,48,110.38903319840179,26.69115087755868,36.99176834158331,70.22410291588153,154.4737268484866,305.5413460960701
zone,nw,deaths,48,13.682967118134568,3.7519187351665133,4.163863127591023,8.123408405879596,16.887127244135286,40.56373751584296
zone,nw,cases,49,7220.515725001189,1858.5525636004263,2652.543721386982,4755.579729898949,10320.27217898575,18807.57829714202
zone,nw,hospitalizations,49,94.20088847299968,24.44905306658389,31.697051796979423,58.72265882524546,131.83991673154333,258.97163144837356
zone,nw,deaths,49,10.950097506659949,2.9729675960686395,3.0424256391400157,5.596813561236134,13.166464847817915,36.740771900934696
zone,nw,cases,50,7353.261502033984,2269.930853593076,2958.153895903251,4572.069380595611,9936.562608875756,19391.130300427627
zone,nw,hospitalizations,50,80.69483227215655,18.595131271953598,25.49680772853799,51.98922571406835,112.54581918892652,227.02051449986396
zone,nw,deaths,50,12.197384066202572,3.2586434888648235,3.2586434888648235,6.628584719269163,14.585528642002176,38.30656167496834
zone,nw,cases,51,6763.266555158091,1806.9558859772606,2462.907633814798,4422.693255485068,9454.523984860574,18058.269921276056
zone,nw,hospitalizations,51,90.66728709994455,25.040435028339477,31.92218205941824,57.53670858124516,121.23220801114672,250.73428331483754
zone,nw,deaths,51,9.396304552253731,2.2596767524802663,2.2596767524802663,4.205631355438266,11.479098972705035,31.93718269818358
zone,nw,cases,52,6597.86483226287,1763.733656688806,2409.221562420223,4215.672033606328,9317.403061029781,17594.78799758989
zone,nw,hospitalizations,52,80.03064838110646,17.57711327786747,23.829791887723278,50.457547671102546,111.99168159219049,220.97091834945232
zone,nw,deaths,52,9.907181094305455,2.82492720430535,2.833821247600893,4.895309362285313,11.955562176360642,32.09314940077317
zone,sw,cases,1,7391.165959179888,2132.9398717018416,2818.0556533097288,4747.705404238631,10252.739787745693,19517.26257218052
zone,sw,hospitalizations,1,105.52807040331918,27.99634507294998,37.823485509140056,66.23751193353283,141.95954473226368,295.081080657971
zone,sw,deaths,1,10.500600693371219,2.81774848138232,3.0691481440225723,5.977414642427836,13.025067115096427,33.52654466782296
zone,sw,cases,2,5272.581599219803,1493.7145851742441,1973.7809925780257,3390.3745677663346,7230.98399664321,14219.81968361214
zone,sw,hospitalizations,2,84.25243519563584,21.31414827562478,28.16012363189536,52.41730408428068,115.43333734674303,237.9588491403766
zone,sw,deaths,2,5.919594428632144,1.2897632415027247,1.2897632415027247,2.161756962663967,6.91927711477682,22.1408931168456
zone,sw,cases,3,5439.925924276905,1526.1252576874097,2020.314773456891,3466.8267609349246,7538.284180442743,13971.861916248086
zone,sw,hospitalizations,3,88.9835385404923,21.350973223286346,28.7126702473871,56.76444624556703,123.87996609389103,248.82615846456258
zone,sw,deaths,3,5.759931809111695,1.5459630714016641,1.5459630714016641,1.6835385736762214,6.579076156313413,21.95274055240661
zone,sw,cases,4,4666.126868674458,1354.2923250865163,1782.855802177321,2963.5594322474194,6536.058356786034,12305.308544815323
zone,sw,hospitalizations,4,90.76595169299142,22.396270275291137,30.126477316416352,57.2989124497723,122.50493676777816,248.7808066487723
zone,sw,deaths,4,6.454425904198522,1.357522066600128,1.357522066600128,2.513447980258765,8.114164347527142,21.77478414713995
zone,sw,cases,5,4767.716530533332,1122.6029606846496,1611.0950672532317,3116.7402706644452,6734.075856602363,12851.873419989168
zone,sw,hospitalizations,5,94.61615404996365,24.58575332416132,31.89658212478531,59.47762318265241,131.6117912632406,260.8314819004268
zone,sw,deaths,5,8.384088572770622,2.127337277744399,2.2686566567631425,4.243910205658247,9.921004378867542,27.262888938251265
zone,sw,cases,6,6294.840763601715,1603.6326451355906,2208.912892942231,4086.351637257052,8808.390631424718,16726.07606662248
zone,sw,hospitalizations,6,93.89699708602487,25.025743514489502,33.54619749873859,59.55729626733309,124.48837900646659,255.890553209393
zone,sw,deaths,6,6.677074920362189,1.7775361351641012,1.7775361351641012,2.6676841714826436,7.918495788458566,23.673233056876924
zone,sw,cases,7,5662.1949399035075,1480.291971231626,2032.5617365786343,3696.356788919492,8037.920229389543,14905.641337448811
zone,sw,hospitalizations,7,91.73107760427357,22.278774816856995,30.830417249816588,59.149418860960964,125.13298345354094,254.56885649812423
zone,sw,deaths,7,7.025191819317224,1.88035660464843,1.88035660464843,2.694122555723283,8.191406243889267,25.55327864941227
zone,sw,cases,8,9027.614158799934,2581.5083839569957,3400.2457043821314,5710.274557112157,12466.46196449831,24755.92813020457
zone,sw,hospitalizations,8,144.15011547331451,34.447818758710504,49.4300028284288,94.71647447382097,199.9401373712023,384.0448682305865
zone,sw,deaths,8,7.419453687396816,2.266830214709921,2.266830214709921,3.1683149701703552,8.476144451907865,23.630204896893865
zone,sw,cases,9,15717.59855359021,4435.352138644652,5936.411245570835,10104.188742340084,21545.028802711477,42027.02758169533
zone,sw,hospitalizations,9,241.9036332533469,61.68937249130363,88.70104039316632,157.18418756920823,322.7298206022003,668.424426178179
zone,sw,deaths,9,14.256565171564658,3.979077521705256,4.02409784566042,8.797433141552705,17.65340654747341,41.001091478566764
zone,sw,cases,10,29872.6445277645,7382.7887331908805,10365.68151649534,19362.6017651585,41505.38301227542,80587.39962709321
zone,sw,hospitalizations,10,498.69564404883005,132.41620416070526,185.52130088606157,321.3578646774272,674.6535344576662,1338.4819223838062
zone,sw,deaths,10,35.66442810946164,8.771402763388352,14.535080308835987,25.573199823830222,44.17072981064517,92.58569675105947
zone,sw,cases,11,78383.69947422485,19849.695003379784,27946.881721802594,52184.47389800243,110379.08164837066,209896.5225237293
zone,sw,hospitalizations,11,1155.373144476851,350.51471663024387,467.4804860994192,762.7980527022127,1580.7742431036256,3010.937470533968
zone,sw,deaths,11,59.70638888888066,13.195617843424566,25.045333142861494,44.63290815666116,75.20399276555895,155.41434980480722
zone,sw,cases,12,288059.2877273855,79571.03238992213,107078.34329617025,184754.94568791828,398944.24348942103,747011.4571359697
zone,sw,hospitalizations,12,3402.4128407705202,997.0335245022949,1349.7589562085618,2222.4390343852133,4544.830136946974,9155.15297634984
zone,sw,deaths,12,204.0579915891628,55.401645062900805,95.74462606676752,152.15666932630916,248.566661292153,491.712586316824
zone,sw,cases,13,750372.8922723939,172194.84231880624,251808.53410987108,483702.1518614557,1056191.1441477477,2068062.5395419623
zone,sw,hospitalizations,13,9027.772199845465,2543.7222474262917,3452.4943437011225,5881.741063391068,12497.738882512267,24054.605770016646
zone,sw,deaths,13,512.6120701286764,146.27729400911784,237.7941474140696,382.3024772620346,600.0615996708532,1343.5182850114352
zone,sw,cases,14,1085129.2285483696,314316.27335441764,418994.4837158571,675443.2244708326,1525802.0924428517,2868815.9838737953
zone,sw,hospitalizations,14,13698.594982163051,3415.8984138972455,5005.903883134959,9021.881021623267,18908.682580158915,37646.779847605365
zone,sw,deaths,14,868.2126720590697,244.0186970732536,412.530783031649,649.156071695216,1057.8418176471432,2282.771762684451
zone,sw,cases,15,1454525.4578595886,385055.3249545344,532948.577814996,947291.658670234,2000651.3354229839,3867283.1185171837
zone,sw,hospitalizations,15,18873.07677905393,5189.562068894785,7203.678282075713,12467.701068100789,25509.6846407,50919.8501406211
zone,sw,deaths,15,1075.0277798999334,295.275372949392,502.76876047271287,803.0299248640981,1291.1855625242392,2794.944006802612
zone,sw,cases,16,1112892.5044679886,277112.74184564356,387785.56472098373,710502.604032748,1544503.4651053806,3004825.1486544902
zone,sw,hospitalizations,16,19577.757811061336,5372.500127170091,7506.057820317317,12962.718606779737,27261.14813425288,51142.845523008444
zone,sw,deaths,16,883.5650979793996,250.9711980537827,408.2074025097702,657.5117111425703,1052.2978148799414,2199.5581675941316
zone,sw,cases,17,736376.6485140932,183007.90371501938,252978.60485728463,466369.23387638654,1033195.494653655,1944872.732252659
zone,sw,hospitalizations,17,14580.73696618148,4275.993747470817,5748.5998933667115,9614.139356449385,20123.72440528169,38394.832939102576
zone,sw,deaths,17,599.4545505837178,169.27756942048546,276.129990230276,452.4759764507146,720.851831534255,1545.4104096732399
zone,sw,cases,18,338403.677560796,92476.62567423166,126690.55198311745,216924.89906407884,474951.404175753,880464.2917767239
zone,sw,hospitalizations,18,8674.240050382607,2468.9267403368112,3431.7503920811637,5699.648840390941,11947.146283066315,21915.632506287722
zone,sw,deaths,18,254.66244572668774,68.4402663912598,114.69576719543251,190.68745795066133,302.6590044087655,675.9030396655671
zone,sw,cases,19,83269.57495676265,24802.927581009568,32136.741222951114,53406.75407920041,111369.5044799778,225652.3953134953
zone,sw,hospitalizations,19,2621.4042454594223,692.3027395067661,978.9439636777463,1732.863921907522,3612.5513596770893,7091.6115167373355
zone,sw,deaths,19,86.73487576928181,19.122097392075784,36.07978459904986,62.46863340654621,105.17812023716758,238.10140645412434
zone,sw,cases,20,27226.478746375928,7100.65497394631,9737.8924873928,17652.62174066372,37670.25337002887,72683.39193079933
zone,sw,hospitalizations,20,663.2566793218887,191.8004986534011,263.26764063358866,434.2791840093595,881.1445726414757,1781.7369062575
zone,sw,deaths,20,19.814607259824335,4.2525440159894625,6.210093156788313,12.950371379859469,24.34611043818539,58.89778858170604
zone,sw,cases,21,21947.593689841317,6031.128181399728,8165.024102359576,14186.267318454677,30240.700895896014,60840.79700974101
zone,sw,hospitalizations,21,352.99962383872077,92.38430687939253,131.25448812910116,232.04565717142185,482.7195013747647,956.723070839449
zone,sw,deaths,21,21.68635931234109,4.878763220012501,7.215976260202782,14.67212075540943,26.64698087101467,64.53162542921116
zone,sw,cases,22,25743.471290054415,7342.440692452618,9717.46260444823,16508.314334324234,35935.500142714765,67029.10929228918
zone,sw,hospitalizations,22,393.75856334735937,98.59939450936176,142.9907929690822,255.05800065676144,546.8703481386655,1061.8418011458486
zone,sw,deaths,22,24.784184091470642,6.0239138791892515,8.991774905373582,17.12849772105749,30.59275925563341,68.23248228722858
zone,sw,cases,23,37498.90400114212,10175.454975278692,13762.108852335703,24455.006379802562,50814.70456460259,102207.37608340569
zone,sw,hospitalizations,23,581.1851454168268,153.9947485147926,216.88735683985954,377.83985426219067,787.5620427141752,1573.132598100037
zone,sw,deaths,23,27.416494455089573,6.379000261085169,10.050627029319347,18.72674061772797,32.70293833232833,78.89528902226907
zone,sw,cases,24,65089.63828469449,18620.753560729114,24928.698400757374,41750.467896488146,90163.24599891962,169782.56800487943
zone,sw,hospitalizations,24,1017.4600937622133,280.2844815760316,393.9255267100158,658.7261003137612,1369.520445940619,2726.6946220387536
zone,sw,deaths,24,56.24223473240088,12.42003990604117,23.799569420058237,41.15524507611778,69.20092693386806,149.78794269309356
zone,sw,cases,25,96852.37821836535,27625.888809949454,36754.52606828573,61637.98260671498,135075.42476659364,256464.95810282658
zone,sw,hospitalizations,25,1562.7034141352149,390.8393121161064,564.6590922080806,1033.3903949753576,2195.78492671433,4162.389769946458
zone,sw,deaths,25,86.54738029526065,22.944719203457083,39.376397445027116,64.03018865799447,101.91378905439926,224.22784973315467
zone,sw,cases,26,136476.27064397745,36158.805557009735,49494.31311506771,88098.94151079436,187090.96398750573,367079.3945052363
zone,sw,hospitalizations,26,1949.4066068665811,534.1113046028236,737.8357729935143,1299.1217749622922,2667.2368696510102,5327.206567856756
zone,sw,deaths,26,126.24795410631974,32.68806858416712,57.81311316600699,95.47972752734367,155.89340842666488,314.7391129107484
zone,sw,cases,27,194083.40407056018,54110.202645923324,72332.58954348342,124949.11211600906,266551.29094797606,505111.6808865189
zone,sw,hospitalizations,27,3203.9638659553443,855.0913603587544,1219.0402267179109,2089.378785889999,4420.6527424175865,8582.644904459521
zone,sw,deaths,27,179.10170959060184,51.039459677686786,83.41789775473814,132.51317055601388,218.4533896637089,459.17784546328676
zone,sw,cases,28,239718.37045321797,70823.21393746491,94185.46903198192,156315.3698649355,334866.34212407767,621082.9161512668
zone,sw,hospitalizations,28,3551.893373800549,994.6116301306523,1380.1283842439145,2276.525385035393,4702.985811818007,9248.923653727448
zone,sw,deaths,28,197.58690395238725,56.16816819079966,90.53476886358355,149.62862351121674,241.62913151019984,520.8957819118923
zone,sw,cases,29,229281.38356642064,64046.73213374316,85750.57833448425,145664.71706939992,319530.80094310956,629396.2260847103
zone,sw,hospitalizations,29,3782.955731099829,1015.3351760090179,1416.4320356353205,2516.909947570625,5198.411606988203,10087.935137902055
zone,sw,deaths,29,242.11226690570842,69.88291350771544,112.26887986255645,178.8102933927437,292.33306119853023,623.9061581281237
zone,sw,cases,30,195973.48902503843,60061.923793657494,78271.34258248266,123897.44781217899,264897.8223576674,509470.6911775356
zone,sw,hospitalizations,30,3084.0856736028704,860.0779797584032,1211.6467980418115,2060.2771479824632,4227.701139123188,8098.870133928744
zone,sw,deaths,30,201.00941641819315,56.09579931852198,91.95168938291339,148.41254069737403,243.19561923753713,512.8836526864695
zone,sw,cases,31,147642.39385311105,36562.55782502445,50679.14947962559,96313.63210227681,203075.40892752944,403253.6986763666
zone,sw,hospitalizations,31,2322.452496191718,570.0100630288279,830.1487882892752,1513.7373443178599,3162.97655841866,6267.982452068913
zone,sw,deaths,31,141.47063000406476,35.89789613497634,63.90486028060104,107.06407627233635,175.3688478568399,364.1126408700678
zone,sw,cases,32,127287.1049472347,39121.4893287153,50524.298475169795,80060.9985666319,174760.35084581518,331458.1411838271
zone,sw,hospitalizations,32,1993.6551715480357,532.3571416399777,749.0189275486291,1313.1922124208538,2691.6722040110753,5343.141198037252
zone,sw,deaths,32,98.1139742534922,23.46909214525771,42.49540153014676,71.57738192263034,115.08110488333489,261.74218007527753
zone,sw,cases,33,100280.518385089,27602.273667370682,36879.667930135125,63291.50128017389,139792.45669987937,267530.74035320536
zone,sw,hospitalizations,33,1511.3235562847026,449.05690102151067,605.8075805246872,999.0744132472646,2031.3075179813338,4041.935130711829
zone,sw,deaths,33,85.8412070630271,20.198412324056914,36.9495126047447,62.98255338722261,107.33865983722785,225.89876967125235
zone,sw,cases,34,77235.84709262646,19866.609609787458,27136.41150842036,49264.386124041135,106948.65331606322,212254.57051947134
zone,sw,hospitalizations,34,1163.9830400202407,316.73833393171645,440.2755538400094,761.7337782050814,1583.600021061749,3090.4894934702843
zone,sw,deaths,34,67.2818055345373,16.32981154891753,30.13950513651924,50.068750755906024,82.65590388915878,174.56837347643037
zone,sw,cases,35,60857.33140488976,14979.427916528415,20832.983158548508,39984.9535193451,87098.21170151386,160233.81380772628
zone,sw,hospitalizations,35,939.9967766265248,234.3170450781102,336.59698626111043,615.7941950151762,1252.0882194252397,2556.3796492933525
zone,sw,deaths,35,53.936493806401614,12.562600026250001,22.716505990828836,39.023519233810106,63.68741380447513,151.29657212447555
zone,sw,cases,36,53175.17814248657,13503.964514670748,18776.283702499764,33648.232830025925,74644.77563930524,144694.16077395144
zone,sw,hospitalizations,36,794.0068994953496,206.2507198311609,294.0341174834386,517.1428410476676,1081.3150657109552,2119.945734343257
zone,sw,deaths,36,45.40031163752861,10.557004750451444,18.61336280118595,32.68051388932784,55.88822116701247,125.70255229854668
zone,sw,cases,37,44277.91694604466,12363.447018028197,16609.34368805663,28360.706259285405,61700.728185128275,120361.77679132578
zone,sw,hospitalizations,37,664.4274907478127,179.7538037333919,253.2967384948656,438.92420083555936,904.5095891254904,1794.2739489849719
zone,sw,deaths,37,39.71548702587502,8.590231796241016,15.640819660570045,28.471755335942223,49.165995666638835,108.38278247115552
zone,sw,cases,38,38498.646034080746,10107.831482859066,13826.373376325864,25064.592118768218,53767.14839948299,102524.33809239899
zone,sw,hospitalizations,38,597.8091029476288,172.23164036928907,234.89647358879756,386.3744312396518,812.538744827583,1583.2830542973873
zone,sw,deaths,38,35.20669188852148,8.242428809655697,14.088771061854363,24.608789723020493,41.98454976446719,96.54579885475731
zone,sw,cases,39,37581.535989943186,9978.822705606774,13411.25523911183,24361.1596769549,52854.64500128423,98120.46182226192
zone,sw,hospitalizations,39,542.9546715814382,153.28368482201452,215.58102575369438,362.03580266550136,744.9186924897124,1438.040993450979
zone,sw,deaths,39,33.27234434765459,7.312054968355258,12.665189291730835,23.688979135825754,41.93547662366778,90.35386301281835
zone,sw,cases,40,38911.41142433615,10329.9542861497,14254.411112031263,25537.81235821154,54047.07265804803,103311.97284571902
zone,sw,hospitalizations,40,550.6066803387456,144.82685430326103,208.70383672587388,370.5326310076573,756.0964728510586,1477.3265426179823
zone,sw,deaths,40,35.058482302582156,7.596796521095743,13.088550616614299,24.63556635167938,44.49947795452783,95.55355809597418
zone,sw,cases,41,38432.75607087211,9638.030211079058,13368.46370479637,24193.356263453425,54234.64939134093,103246.35636356853
zone,sw,hospitalizations,41,519.5313388688802,139.14674459496638,194.23677692827246,339.7662474710694,701.8798261548149,1380.1537534898146
zone,sw,deaths,41,32.772030867987766,6.4699494131372965,11.740238240473378,23.31322909711605,40.705147554842284,93.75515490638924
zone,sw,cases,42,31307.906354446925,9367.259477911017,12317.040538367652,19745.499419629345,42621.378929318,83025.848653586
zone,sw,hospitalizations,42,421.0003241936663,120.07480516929013,163.69736826746401,277.8876845573408,581.3640432638708,1105.3010556147385
zone,sw,deaths,42,27.362594801670657,5.707765316527868,9.70837382158708,19.22274377416288,33.696127701188175,79.01252324994728
zone,sw,cases,43,22244.65737713958,5635.090071014531,7811.39096393927,14250.912449199554,31290.157528396252,59866.19754811262
zone,sw,hospitalizations,43,304.5132941509025,69.90291424608291,106.64306978230493,200.1610173545954,410.7616487780765,817.0061123705432
zone,sw,deaths,43,20.41721466782117,4.890987783415897,6.554345872585272,13.261023958159363,24.70790437406966,60.89582369080571
zone,sw,cases,44,14858.936099819508,3954.406911392509,5415.234189200606,9664.848925241053,20849.19722098925,39180.0289588933
zone,sw,hospitalizations,44,217.5749082781668,57.674949184205566,81.24698540437642,141.38243309491529,300.77732406377953,574.9689058397456
zone,sw,deaths,44,14.646332138469194,3.7219716412095107,4.060062155750157,8.838366485720577,18.023364528155362,44.61443140279228
zone,sw,cases,45,10637.817170441836,2745.2072512815744,3776.3292654312727,6896.248142454314,14789.956758755037,28387.909143119618
zone,sw,hospitalizations,45,161.50638521572856,41.834149502367026,58.88107439897802,104.25929473595272,225.08939552656574,447.6965131818436
zone,sw,deaths,45,11.363383494875631,3.223659907360579,3.223659907360579,6.426095452640776,13.800948775556115,37.299090875933516
zone,sw,cases,46,6604.661237228601,1741.1967231646906,2399.0997399655444,4297.140779648875,9397.046102016668,17061.708292142226
zone,sw,hospitalizations,46,102.42889295035992,26.85124857304571,36.1575913004951,65.20704196379957,140.1901368936271,283.0048643323395
zone,sw,deaths,46,8.44158069905033,2.1816592480930863,2.1816592480930863,4.047811003115871,10.042378974636735,26.783371511286553
zone,sw,cases,47,5009.31495124518,1301.9791744499505,1788.290813250043,3255.6659710168224,7028.122026480618,13147.323518516449
zone,sw,hospitalizations,47,85.40536934421823,21.61167124652219,28.92800206352713,53.041694440339974,119.48370372936324,236.01590400686155
zone,sw,deaths,47,6.2205567560293735,1.4938676533222468,1.4938676533222468,2.1917406206600214,7.168371256011367,22.221412475194718
zone,sw,cases,48,4063.6139742894184,1085.6373567633816,1479.0079812844183,2582.1920213997214,5662.057063149107,10787.676868165792
zone,sw,hospitalizations,48,68.88575899682581,16.923831000765553,21.973541344801,43.10536032466366,96.67811784745984,192.73918681995653
zone,sw,deaths,48,4.696371777554664,0.7836833713244225,0.7836833713244225,1.1589073543486088,5.4926072908780394,18.0850280725998
zone,sw,cases,49,3182.2023651186537,816.9327090842226,1167.1781576526487,2094.8695846078554,4549.567201655728,8293.488414554566
zone,sw,hospitalizations,49,58.844873135624276,15.477379617305177,18.73613451651035,35.953766837530154,82.6278430972397,163.78180753235665
zone,sw,deaths,49,3.4831129620952415,0.0,0.0,0.0,3.8905133060873287,17.451570383461036
zone,sw,cases,50,2973.9322526802966,915.8557908397476,1194.4950810675605,1847.9173548014305,4019.82746775318,7847.676680912076
zone,sw,hospitalizations,50,42.64612429723177,10.20835749895933,12.599456107684674,26.383912534366793,59.62827881872235,122.47261141459114
zone,sw,deaths,50,3.958150526169594,0.4213212748361832,0.4213212748361832,0.6327933483612644,4.224788093247778,16.913707039046898
zone,sw,cases,51,2357.9939695587345,627.3843343625463,856.4249435580642,1540.7290774516891,3297.7082751202606,6301.903655552623
zone,sw,hospitalizations,51,41.51884993532103,11.908214964599068,13.69702927307874,25.05176142537679,55.6987760570202,118.00854726822197
zone,sw,deaths,51,4.469274090827288,0.7286297061361797,0.7286297061361797,0.9683433535122689,5.075066328355779,18.12536268316592
zone,sw,cases,52,2485.338215284282,661.9162314495833,905.3926276957638,1586.781150728164,3511.1411180413807,6633.3496626188935
zone,sw,hospitalizations,52,46.47563232609597,10.439383609027406,12.683200840528738,28.459629019753592,65.36415267102966,130.72343481456352
zone,sw,deaths,52,3.631874934902702,0.3782723272758215,0.3782723272758215,0.45893813567318514,4.018973385353172,16.054485861944933
zone,ne,cases,1,8408.20530581761,2427.0235818169776,3206.33620999324,5401.294287483192,11663.218080193252,22201.52385822156
zone,ne,hospitalizations,1,136.97879764698814,36.86670318216485,50.22393929473216,86.67810258739814,183.82671881194784,380.2760847303103
zone,ne,deaths,1,17.218312835468982,4.0931564015685,5.428320532193386,11.398796145865754,21.636453632023567,51.41759082046008
zone,ne,cases,2,12975.768252615926,3682.2914138672522,4862.932601208739,8346.802113419628,17792.123857022194,34979.969405768185
zone,ne,hospitalizations,2,139.15648430451296,35.32431594557312,49.04364513879622,88.22290079465924,189.86322027937254,387.4880392181313
zone,ne,deaths,2,22.60358083408954,5.297533067500522,8.442504984118928,15.201238581007933,27.864506405248704,65.25519214043149
zone,ne,cases,3,7598.1140642505015,2133.2974091400583,2823.3312986052033,4843.087406387579,10528.039250418988,19511.205680612773
zone,ne,hospitalizations,3,109.01351221440605,25.735365767165543,36.099532598210104,70.120731476218,151.51844578524668,303.05320992881644
zone,ne,deaths,3,13.810424226502432,3.815961546237621,4.6811153236821825,8.02758528866631,16.800868679803862,43.254652722096004
zone,ne,cases,4,6858.951876612819,1992.7345404629607,2622.4408239177455,4357.298165938708,9606.520604790567,18083.521768972812
zone,ne,hospitalizations,4,92.15160518367857,22.24285133645486,30.672109876298546,58.254941108067015,124.44579795366081,252.6288625365089
zone,ne,deaths,4,12.536178992642174,3.3296725730886494,3.431684082141609,7.522981618495601,16.114061574786977,36.229574001116596
zone,ne,cases,5,6896.39131773132,1625.8646545452204,2332.1830238059442,4509.218948150677,9739.58099038717,18585.40007391812
zone,ne,hospitalizations,5,84.70287849333302,21.906901577216722,28.158289189671773,53.018609666717225,118.03713206643567,234.50999886088226
zone,ne,deaths,5,13.243753071996258,3.6526079065625616,4.1390364047281505,8.154676793943276,16.08521665908409,39.259342203152535
zone,ne,cases,6,5926.057139967076,1509.422018035979,2079.275653510171,3846.8292746712523,8292.49076359027,15746.759833394546
zone,ne,hospitalizations,6,98.04314116717316,25.507543735630254,35.22261418164977,62.33635853122366,130.01995749765922,266.9924472034001
zone,ne,deaths,6,12.1663387768712,3.4967281730192186,3.5341423036623127,7.116514837581759,14.993291617916421,37.69773739867225
zone,ne,cases,7,7223.650199985203,1889.7306798686152,2594.1378609587478,4716.269573156926,10253.832294346097,19013.450093089017
zone,ne,hospitalizations,7,98.65463149944628,23.329937848075737,33.4779319817508,63.83261441211117,134.55933622008376,273.299567083964
zone,ne,deaths,7,13.915854264242666,4.026894944587983,4.392472108566921,8.335859597831197,16.865840861940853,43.43379281212066
zone,ne,cases,8,9044.32197295775,2586.2940221800804,3406.5456104002815,5720.84689851355,12489.529982783133,24801.7257131117
zone,ne,hospitalizations,8,111.24935017665699,25.71526789259194,37.27037470189954,72.62239521484189,154.76324112403404,298.4810885384707
zone,ne,deaths,8,12.191949195443323,3.6479241733866505,3.6479241733866505,7.144960501302288,14.520733292150243,35.46306996192343
zone,ne,cases,9,11267.75268882437,3178.4304243972333,4254.683362623603,7242.961942776967,15445.99517040735,30131.500401291196
zone,ne,hospitalizations,9,154.40606772415944,38.014243242501706,55.25162864316241,99.54580198832294,206.61896186002562,430.2105667333795
zone,ne,deaths,9,17.945695986118732,4.760495082030592,5.643502637473622,11.703376552173669,22.298500074022478,50.231240435320395
zone,ne,cases,10,16265.842278712564,4017.917644104922,5642.394312018599,10542.096744783397,22601.005365296995,43884.98328134335
zone,ne,hospitalizations,10,238.50563694407404,61.049533687742894,86.77392046361183,152.57386285606475,323.71213424776533,645.2740794623378
zone,ne,deaths,10,24.67881957986719,6.338926424677027,9.020489619232164,17.09437864704737,30.697637164137976,66.11101258838939
zone,ne,cases,11,23457.250903508982,5937.116976498097,8360.730344851218,15615.416998090568,33033.9642311635,62821.075295435774
zone,ne,hospitalizations,11,319.6149534091525,93.95281318680462,126.7454502355821,209.54097083689544,438.8695722568536,839.8315276261201
zone,ne,deaths,11,29.477406395273423,6.3683327127409335,10.659129458793561,21.169950729002736,37.57459531283656,80.61599917550188
zone,ne,cases,12,44130.53931695601,12186.565256694,16401.156743559684,28302.543552495295,61120.015030119976,114449.87778884538
zone,ne,hospitalizations,12,603.0795967169084,173.2399291554835,236.2712036303218,392.2172528567421,807.2235378172036,1631.0782933484445
zone,ne,deaths,12,58.77979679836954,13.626899371999443,25.327610975466065,42.6971233898747,72.3821774238024,147.24786069285426
zone,ne,cases,13,84829.37679918882,19462.46252433037,28463.325436419967,54680.457397191254,119404.18546864284,233803.04714321616
zone,ne,hospitalizations,13,1234.1493520898614,344.0239156575903,468.7794524222546,802.2645799817467,1710.5036891507646,3297.0215166439616
zone,ne,deaths,13,135.65181972378582,35.629292609380656,60.57207445021944,100.03249380547257,159.49526870380754,362.5085663238892
zone,ne,cases,14,169852.83588655453,49195.62394563429,65581.15681462768,105723.69704667333,238832.4226686036,449057.62794841104
zone,ne,hospitalizations,14,2707.0501501564627,671.4211144311241,986.1888680699197,1781.2176443877534,3738.472746626363,7447.987524061118
zone,ne,deaths,14,248.69957818890686,66.8413469597663,115.93626451552441,184.87552766970242,303.943503652607,660.8190020547431
zone,ne,cases,15,335053.31523021613,88694.99244932286,122763.01604746148,218209.22189716395,460856.4125624405,890845.3025592598
zone,ne,hospitalizations,15,4250.378281804386,1165.3643527498066,1619.4564996880958,2806.2556490098113,5746.633310466766,11475.476825257489
zone,ne,deaths,15,428.5777097467107,115.1139121986481,198.52708889570567,319.23328517305873,515.4738157549485,1119.9907611838064
zone,ne,cases,16,583927.8043001731,145397.19761338914,203466.8259171223,372795.28464112047,810392.5081440571,1576617.9929958906
zone,ne,hospitalizations,16,8217.05543847614,2252.387034208002,3148.249991726169,5439.45603036986,11443.246509291417,21470.970681907977
zone,ne,deaths,16,923.7794695449462,262.58803785971867,426.93238444483427,687.5069375184557,1100.140048856137,2299.2643452111747
zone,ne,cases,17,810231.5196994281,201363.12747167927,278351.4805507972,513143.9411450515,1136819.5594657697,2139932.689913881
zone,ne,hospitalizations,17,10252.821166486608,3005.5171195012285,4041.197898172994,6759.823602859498,14151.192474452728,27001.22434905941
zone,ne,deaths,17,1176.8165479397862,336.42241534618347,545.169399573813,889.6790749296262,1413.9783838608396,3024.8367546967775
zone,ne,cases,18,1000239.0917128909,273346.975795889,374473.8469461429,641181.5351606274,1403836.2769814106,2602419.8351490796
zone,ne,hospitalizations,18,12159.229637253582,3462.5736750160136,4811.9569588496015,7990.383506678016,16746.159914607008,30716.84774552041
zone,ne,deaths,18,1528.8781857780875,432.3369519527161,704.7096370124257,1152.1820563654464,1811.5196535995162,4009.3443079213866
zone,ne,cases,19,897390.4694757726,267340.6263575779,346371.4643132292,575581.9435301288,1200201.6786417742,2431740.0115651092
zone,ne,hospitalizations,19,11595.768825691559,3077.4798421315854,4343.195106659165,7672.262661834748,15972.356583798046,31334.76497336802
zone,ne,deaths,19,1326.8911752452527,343.1993500391572,599.5958934196099,979.3739417666445,1594.0322647863688,3507.012500779451
zone,ne,cases,20,691840.8344950716,180540.06021597347,247539.63239896542,448614.9891727125,957167.1193642298,1846683.2484176692
zone,ne,hospitalizations,20,9850.383664908597,2905.8488209954076,3959.7820647804374,6478.445317424748,13059.892458412272,26323.84395265534
zone,ne,deaths,20,929.5445195267807,249.4749465017618,431.00121153814746,696.5647699619257,1119.0496189168095,2400.0161667545167
zone,ne,cases,21,233726.75078807314,64269.33444566338,86988.22824263605,151094.44064435168,322020.7580124351,647809.9996334095
zone,ne,hospitalizations,21,2849.6137504080302,776.6348222017714,1085.8422390778082,1887.6233479252398,3881.7023399053173,7652.34128708787
zone,ne,deaths,21,467.87056476634444,130.51286698353195,221.39646093365192,353.85269367058515,562.306665080431,1221.7886579694414
zone,ne,cases,22,79984.22772474789,22821.786939381735,30199.745944900154,51295.39370398983,111645.56553312432,208237.2527426176
zone,ne,hospitalizations,22,959.9766395574144,246.7598185441219,354.0296729465251,624.8351323160724,1329.9867858646874,2574.392564961704
zone,ne,deaths,22,206.0796657193716,58.36347709696024,97.24824188117843,155.42764159182565,249.40278911397735,512.1129656434244
zone,ne,cases,23,48263.792426557244,13097.798858999224,17713.9162111774,31475.955012118065,65401.57603939079,131545.28850918726
zone,ne,hospitalizations,23,520.516067867268,137.46318062358694,193.85736675647354,338.17933622025515,705.5666965744219,1409.9676317680762
zone,ne,deaths,23,82.12382780699674,20.80593512078383,36.191804696954534,59.831933546896835,97.0418567393699,220.02336117651035
zone,ne,cases,24,66217.70676707194,18943.54406059295,25360.801812363312,42474.08251354476,91725.82510823353,172724.90234987254
zone,ne,hospitalizations,24,805.2245050991343,220.9174479448855,310.99266194751607,520.881336477524,1084.2777107251634,2160.0136317275774
zone,ne,deaths,24,86.85333768440225,20.63161276726331,38.51029054308112,64.4336908155264,106.32427756766359,226.6935162932604
zone,ne,cases,25,115568.96471910935,32965.381857462584,43858.00620728589,73549.85800594784,161178.10393377717,306024.5414920727
zone,ne,hospitalizations,25,1588.6922927792718,397.4137917983999,574.1132629333347,1050.6100877454558,2232.262135054083,4231.44793281913
zone,ne,deaths,25,155.9281418601257,44.435352544834466,73.43785717614315,116.59783583242105,182.91848284397634,397.0466955255653
zone,ne,cases,26,189687.6859649087,50258.6624791929,68793.38915808657,122449.10737802755,260035.92752782183,510197.86178381386
zone,ne,hospitalizations,26,2524.7385616932465,693.0262287980886,956.691783729885,1683.1228617128065,3453.7733314437714,6896.37594132855
zone,ne,deaths,26,295.44022962703764,82.19087158147246,139.46433239989688,225.32676160911666,363.0419634513849,725.1365739628372
zone,ne,cases,27,217356.76631047297,60599.304888564206,81006.74775645736,139932.54514745655,298514.31551198964,565680.6069304304
zone,ne,hospitalizations,27,3156.9727081372334,842.4857106691783,1201.106673247799,2058.704211555757,4355.850287838239,8456.914402496674
zone,ne,deaths,27,350.09965993503505,103.73491315625049,166.02591504507407,260.4774671402973,425.8128776386055,888.9287171122033
zone,ne,cases,28,273031.3683810616,80665.90724673789,107274.66896084484,178038.37391555836,381401.45917613624,707391.7621715403
zone,ne,hospitalizations,28,3949.7613015210295,1106.5068540473344,1535.1347236285465,2531.772956983661,5229.576754764629,10283.872402454683
zone,ne,deaths,28,417.69126779279793,123.38081712726749,194.90261045540524,317.88534300183784,509.3515104542946,1090.545206148759
zone,ne,cases,29,286600.7941644099,80059.23485408354,107188.81208540055,182080.84914753353,399411.6073334895,786740.0976361387
zone,ne,hospitalizations,29,3846.389836558528,1032.434210112758,1440.2461707585444,2559.1481121296342,5285.543053792501,10256.926224489674
zone,ne,deaths,29,498.7844826471231,148.3842949900622,234.61882699046157,369.99777780599186,600.9606080778541,1275.5482911396296
zone,ne,cases,30,286404.4887293216,87779.12229154292,114390.93029619585,181070.3321186143,387132.6419322255,744558.9993388485
zone,ne,hospitalizations,30,3782.6195790666925,1055.8605235257007,1486.903753076313,2527.3724969175473,5184.756736818057,9931.028587105
zone,ne,deaths,30,443.99735790937024,128.98526526650366,206.92961713612812,329.6655038707687,535.7071224654661,1121.961122475532
zone,ne,cases,31,234907.8215504215,58175.870070394005,80635.86713712987,153241.94450515282,323103.7109289998,641594.4564708015
zone,ne,hospitalizations,31,2843.4537407066437,698.8947880476841,1017.2406701339155,1853.7851009375077,3872.048671109424,7671.812966515262
zone,ne,deaths,31,390.5226403580247,106.58190170306989,181.98864544387425,298.0527148109858,481.7383903989445,989.3095355535262
zone,ne,cases,32,139093.96541999193,42750.69459749195,55211.152362427994,87487.48000048911,190970.5133728807,362202.54692600755
zone,ne,hospitalizations,32,1703.42515848009,454.2199695532358,639.4354571949153,1121.7246141580804,2300.1319773943787,4566.766680121355
zone,ne,deaths,32,257.5625919987486,67.98719580079886,116.81126456958906,190.45937708121863,300.62955944310545,672.0386320386025
zone,ne,cases,33,82844.0000820097,22802.105340965747,30466.466690907208,52286.15322957255,115486.11534670184,221014.92401982608
zone,ne,hospitalizations,33,1068.4349130986973,316.2312208090896,427.228247127289,705.7051833685659,1436.6417602040265,2860.3911611871517
zone,ne,deaths,33,163.73943012688866,41.94139211076961,73.41986562821734,121.558726244994,203.5795874936303,422.81439182164746
zone,ne,cases,34,56454.081642517405,14519.923489025221,19833.79963480842,36008.286657151584,78172.71640266007,155146.28586708274
zone,ne,hospitalizations,34,778.1918074580511,210.31831264289525,293.1202613101094,508.58056883758775,1059.443915955582,2069.4503321122816
zone,ne,deaths,34,112.4186858056056,29.189848237031516,52.46471813381498,84.70527381811553,137.42317118616415,286.1146545671188
zone,ne,cases,35,43456.236919919065,10695.028080796139,14875.026100623101,28551.3637918152,62194.73397740162,114420.54535922428
zone,ne,hospitalizations,35,606.812551731115,149.67626355086733,215.93273351701833,396.79538617878563,808.983694368523,1653.8976134677266
zone,ne,deaths,35,91.10827661390778,22.887288518090372,40.61387570414189,67.08412555476394,107.1196269581802,249.33060547267036
zone,ne,cases,36,38064.548960685395,9665.311984380307,13439.581242553248,24085.89046653003,53433.88433868173,103579.79384240383
zone,ne,hospitalizations,36,530.045466871647,136.21876204818815,195.03809680673106,344.5322728109235,722.5563164391868,1418.4916142589964
zone,ne,deaths,36,71.85785259107838,17.147845316854195,31.397251511788873,52.77071403078399,88.03222921203044,194.10729589603096
zone,ne,cases,37,32498.307290098284,9073.14960125246,12189.629343836206,20815.106185868273,45286.61621639651,88343.70965685247
zone,ne,hospitalizations,37,434.4848594876961,116.04300742316404,164.36180764487037,286.3218068969122,592.2183207617873,1176.8067178373783
zone,ne,deaths,37,62.812533456602395,13.974062750910846,26.69070756627091,46.073169623818295,77.33397071951543,166.78708251489704
zone,ne,cases,38,28047.399646189984,7362.6525073294815,10071.877304414793,18259.72667235835,39171.6000472612,74694.71398187094
zone,ne,hospitalizations,38,401.2917655342926,114.22312796635705,156.4926276328009,258.6695129995532,546.1314176367997,1066.0239100962708
zone,ne,deaths,38,55.68527520993453,12.970205801164457,24.214799981737244,40.03758270311774,66.17184012316879,148.23545779997275
zone,ne,cases,39,28567.207599293157,7584.2398094350265,10193.498564162885,18517.37200930233,40177.48486206573,74587.55051583528
zone,ne,hospitalizations,39,370.26627058771754,103.17574541690361,145.8754019530206,246.2579957954439,508.6924375315574,983.7702457646017
zone,ne,deaths,39,52.64918199660115,11.428141507860241,22.01584103671366,38.562190450438926,65.94958873000785,138.62400928536644
zone,ne,cases,40,27990.89176811488,7429.607428107666,10252.832020433438,18370.025633880727,38879.37211380663,74320.16912577633
zone,ne,hospitalizations,40,357.6340184317939,92.53500624651437,134.2657636179128,239.98832429241895,491.876727985316,963.0554829752446
zone,ne,deaths,40,55.245377126062756,11.958044358857425,22.618450852103088,39.93027870847249,69.71118713647277,146.25385989736913
zone,ne,cases,41,27145.472635973852,6806.1252907827875,9441.141958289842,17087.37727224821,38307.24575100987,72926.99302496517
zone,ne,hospitalizations,41,343.67077368313767,90.5744174071933,127.22896169186743,224.05802852672446,464.9928699811661,916.2872449094913
zone,ne,deaths,41,49.89172759060395,9.674411672182716,19.70025407667352,36.48986627584781,61.69965422179406,138.59625646346728
zone,ne,cases,42,22308.82399768136,6673.5446459678005,8775.60896367743,14069.255519078435,30370.99760365791,59163.91217685505
zone,ne,hospitalizations,42,288.25214566686043,80.87670266103774,110.93651071311902,189.6237483556004,398.74582746251895,759.7848151809488
zone,ne,deaths,42,42.17141653720704,8.30268701665773,16.72185507643456,30.68976134176772,51.743180701888825,117.66177197173563
zone,ne,cases,43,17412.625453052948,4410.050880136724,6113.738527853044,11154.83061549076,24493.772607480463,46864.13810267193
zone,ne,hospitalizations,43,215.74240003815308,48.147732305132024,74.43371701819441,141.2109821059538,291.5921074118121,581.6743316263522
zone,ne,deaths,43,32.97988818642767,7.318184036166105,12.28384409937313,22.819478660069436,39.946975442551974,94.09347205490825
zone,ne,cases,44,12110.057688995876,3222.033964499333,4412.719713346691,7876.480132639592,16992.57779058736,31933.605006063834
zone,ne,hospitalizations,44,157.7884249285178,40.645334876291926,57.90324699991064,101.94889911508332,218.69621182620222,419.5252982905105
zone,ne,deaths,44,23.705365431553343,5.481329370719267,7.638270718931846,15.852389505376763,29.379091047797992,68.53962474045731
zone,ne,cases,45,8441.65564444314,2177.544784089607,2995.913191161719,5472.092543892404,11737.075404859206,22529.3332361611
zone,ne,hospitalizations,45,115.38333640334001,29.226716116704964,40.99363817459378,73.86127619195022,161.37903217478282,322.6143144059619
zone,ne,deaths,45,17.507218444745845,4.495180474530927,5.013895188981431,11.327368040849745,21.611113104652613,54.37771770713827
zone,ne,cases,46,7269.418775775718,1916.8920358374469,2640.9527295115754,4729.857745478506,10342.601403870582,18778.009785407263
zone,ne,hospitalizations,46,100.0442339489193,25.899323147795016,35.23223260954557,63.644048132668715,136.98126490800132,276.6612105635463
zone,ne,deaths,46,13.906855908459635,3.496214289603948,4.006693967137845,8.49955401897842,17.00149876819712,40.56000282307901
zone,ne,cases,47,5232.011881951704,1360.0578694889807,1867.9633883106558,3400.4949613786384,7340.460812925814,13731.375528138757
zone,ne,hospitalizations,47,66.98883615287895,17.05391841986596,21.840199384171562,41.060594597102174,94.01978713056118,186.90456435031342
zone,ne,deaths,47,11.339282905861742,3.0218789779445627,3.0218789779445627,6.524998969518354,13.719435484208285,35.249173698562416
zone,ne,cases,48,4794.326542079482,1281.6444328879431,1745.6460462332052,3046.910407428205,6679.7753423668455,12725.717033661045
zone,ne,hospitalizations,48,59.625235525178354,14.745966509361692,18.49509263168008,36.99921611777684,83.91031835829882,168.026403403671
zone,ne,deaths,48,8.87747916592209,2.1119581058312265,2.3350642743365273,4.51297888496937,10.88970288968456,28.26657305153102
zone,ne,cases,49,4391.027485241697,1128.9523417761689,1611.9953508352442,2891.4262761658965,6276.83650238129,11440.286807733202
zone,ne,hospitalizations,49,51.98497489331387,13.820507165283873,16.343816091948973,31.462564692826817,73.14012390052913,145.60645700724467
zone,ne,deaths,49,9.710571251165844,2.857824910404641,2.857824910404641,5.147670334666442,11.686700437812163,32.01883297704804
zone,ne,cases,50,3817.5312043564277,1176.8270186418229,1534.34723407206,2372.748996728179,5159.512381183969,10071.0001839419
zone,ne,hospitalizations,50,45.449477466464295,10.839737521308145,13.070987322791085,28.386835670804256,63.687343575369354,130.41855573270732
zone,ne,deaths,50,6.970677078040237,1.9950731890202758,1.9950731890202758,2.7317297442261586,8.003572322283787,23.546530235550655
zone,ne,cases,51,3711.197413046758,989.9478067519251,1350.0964242812472,2426.111671782659,5188.825372600462,9912.689917193475
zone,ne,hospitalizations,51,56.20178496983191,15.702984789853996,19.131696528287172,34.946971381557006,75.36021602366299,157.52613194788287
zone,ne,deaths,51,8.523183726347401,2.2403791516999663,2.2403791516999663,4.12701542126411,10.339937673477692,28.12416850576537
zone,ne,cases,52,3997.0191138889168,1067.1908757174695,1458.4025795218195,2553.240391967126,5645.253224226616,10661.938796990138
zone,ne,hospitalizations,52,50.902047351485805,11.341695879601104,14.225020565315706,31.438094728883527,71.53240484431714,142.5409172951846
zone,ne,deaths,52,5.281237444548926,0.906748636668533,0.906748636668533,1.4971899082133808,6.257441384265697,20.42771835465334
zone,se,cases,1,6800.321130751608,1962.8039923162003,2593.10388437168,4368.362990009206,9432.941373451109,17956.21272077047
zone,se,hospitalizations,1,97.75532982370184,25.80738482041751,35.39704296255117,61.58945173309175,131.3909788513318,272.54034644311093
zone,se,deaths,1,7.618633592254269,2.124685115409757,2.1674994422134626,4.031407444632176,9.345594429807598,24.80445617278907
zone,se,cases,2,4236.134787727613,1199.9622761889439,1585.6769426365604,2723.85472370763,5809.634861556007,11424.892218209765
zone,se,hospitalizations,2,53.34518362795901,13.621605666054833,17.03603384891963,32.72095808733198,73.41138683587272,152.5280076290635
zone,se,deaths,2,5.287047137011206,1.0202606416074893,1.0202606416074893,2.083181549207099,6.282382418364323,19.714248853576127
zone,se,cases,3,4245.891851737957,1190.921293147242,1576.6676685127404,2705.762354432122,5883.794044531148,10905.611005489707
zone,se,hospitalizations,3,60.4387316471669,14.52348526482963,18.890730324149615,38.19715102615295,84.38889524617919,170.38215838852489
zone,se,deaths,3,4.5233706142331505,0.8647392114934302,0.8647392114934302,1.1788064147653745,5.265510482835647,18.364651357924906
zone,se,cases,4,3903.2438905699973,1132.8873729978466,1491.3816172983597,2479.042671567733,5467.445488603645,10293.435328843649
zone,se,hospitalizations,4,60.03782310925133,14.69860900939857,19.250509709794088,37.49046696521033,81.26111506940057,166.02593124122853
zone,se,deaths,4,5.889824892039834,1.3461809229604524,1.3461809229604524,2.4673183253802677,7.440776446808968,19.321571403988482
zone,se,cases,5,3359.3733115177292,790.4057715704181,1134.68046733724,2195.8143881663073,4745.204831920455,9056.846446138225
zone,se,hospitalizations,5,47.42722076226052,12.6086522588732,14.660013929058705,28.96852464356365,66.39033605008399,133.42701258915935
zone,se,deaths,5,4.585861603690827,0.9130258857083007,0.9130258857083007,1.538180567776044,5.309521109605389,17.12312616770886
zone,se,cases,6,3571.325270800314,908.6193281946975,1252.1733279484984,2317.7980402027133,4998.0034315373405,9492.04154018478
zone,se,hospitalizations,6,54.872785637914646,14.606950437514342,18.655946486733676,34.215398455551735,73.05620530307769,151.65902928594062
zone,se,deaths,6,5.708164266582096,1.4225929502883377,1.4225929502883377,2.336263105686263,6.837077877418372,20.351452234828756
zone,se,cases,7,4203.581806194348,1098.5579077886543,1508.6130507739463,2743.965338540731,5967.535646147662,11066.754429524086
zone,se,hospitalizations,7,76.55298496976059,18.135983111048816,25.75404185088586,49.40090294445045,104.49833214777941,212.57954745464338
zone,se,deaths,7,6.401746217808349,2.179911981434814,2.179911981434814,2.7605481472715647,7.378152682507248,21.760399444672807
zone,se,cases,8,5816.80989149103,1662.5476325676916,2190.1917124225606,3678.914674024001,8033.012379068449,15953.091145655677
zone,se,hospitalizations,8,86.23864461981287,19.88545071166487,28.664791214733754,56.169022407234706,120.07543520779637,231.88938090088925
zone,se,deaths,8,6.833069583865823,2.2754543499049555,2.2754543499049555,3.1993912511203986,7.8001541735756685,20.86329057867512
zone,se,cases,9,11335.577771634844,3198.3061113746044,4280.938530658181,7286.930109232868,15538.586753560769,30311.14020434572
zone,se,hospitalizations,9,171.17460965498924,43.10017728123891,62.29471206450151,110.95894691714393,228.59594079007212,474.24708514820344
zone,se,deaths,9,10.843656562790155,3.087576823548845,3.2456663359788798,6.48211146092267,13.353929888417765,31.470634195769595
zone,se,cases,10,22575.216145543367,5578.93626237531,7833.20063248111,14632.451638337552,31366.436547150053,60901.92574065293
zone,se,hospitalizations,10,319.13237394736075,83.89484626509707,118.00045866733217,205.23858608623522,432.1351726648946,858.464754876151
zone,se,deaths,10,23.869445861523346,5.981659236725607,9.384167665388118,16.746127184336533,29.55522650478445,62.90116656110578
zone,se,cases,11,50804.041253701806,12864.660597172742,18112.930418012482,33822.76001336462,71542.15740566711,136045.34842200094
zone,se,hospitalizations,11,919.7428376562729,278.87468083858835,372.00862153798136,607.1550995229095,1258.46826880392,2397.235087664135
zone,se,deaths,11,57.981776978014715,13.258940548738364,24.76531027290387,43.545274562434685,72.85588993176188,149.75911249945392
zone,se,cases,12,192641.3359366561,53212.87930637127,71608.64888821021,123555.59798726393,266796.6797011924,499569.8607314113
zone,se,hospitalizations,12,3088.3434253052596,905.3143613549233,1225.4342957874792,2017.4449201848347,4125.157096997553,8309.307465524378
zone,se,deaths,12,199.770587477658,54.854347509331916,94.18070109634343,149.17118282544251,243.15168052357524,480.17042288782255
zone,se,cases,13,530382.0356094897,121710.96939559725,177983.9675007492,341892.3206842438,746542.2151106001,1461758.854795015
zone,se,hospitalizations,13,7218.495979248114,2033.7837987323107,2760.447194518007,4702.897537972778,9993.116572492356,19234.10468330852
zone,se,deaths,13,547.5814078780518,157.25152933779663,254.7627802551348,408.7364745767527,640.7589232812308,1432.9123758221965
zone,se,cases,14,885323.3910476908,256440.85598016548,341844.58181903587,551073.2061099745,1244854.7999505117,2340578.4446854093
zone,se,hospitalizations,14,10830.791468329602,2700.5872637650214,3957.754492755549,7133.061086702766,14950.243580346912,29765.866717520395
zone,se,deaths,14,798.7713862598724,224.87298303984954,379.8068993068176,597.3656723285917,973.1208164341151,2099.3497896139274
zone,se,cases,15,952445.9422235828,252139.44128042433,348982.3574472158,620300.9704836966,1310058.081752949,2532359.044022122
zone,se,hospitalizations,15,14114.095881681133,3880.605205617849,5386.902375948819,9323.707300737457,19077.416060116007,38080.91751633239
zone,se,deaths,15,993.6850310383827,273.3269873165657,465.0154378928945,742.4054697268489,1193.377902825013,2582.593866116345
zone,se,cases,16,910056.348735277,226606.01165234204,317107.57855167065,581006.130734843,1263001.7893029815,2457164.882866829
zone,se,hospitalizations,16,11737.198191758349,3219.887433603632,4499.144332518874,7770.896007452669,16344.071542111727,30663.265365882184
zone,se,deaths,16,865.8673398717656,246.56992352901506,400.50118209250013,644.565366457166,1031.0534658228462,2154.1995669659545
zone,se,cases,17,535347.7472414644,133046.74468046313,183915.6878291234,339051.4174820119,751136.0809759671,1413928.6043073956
zone,se,hospitalizations,17,6096.455720547785,1786.1062156278158,2402.0795627733514,4018.987986138388,8415.020352077981,16057.60415563128
zone,se,deaths,17,675.5768581768654,192.02528850442056,312.13551770859306,510.3617877701505,812.0366138775644,1738.903025157462
zone,se,cases,18,301958.5874291404,82517.4196445749,113046.57000083606,193562.8464569024,423800.37895573897,785640.28605101
zone,se,hospitalizations,18,2794.5997692551373,793.2272714756201,1103.7625628513538,1835.2179069120605,3850.195868053249,7065.288027759541
zone,se,deaths,18,282.4411396578683,77.08768731275673,128.09512281212395,211.89361590584753,335.36825858469024,746.9565177732582
zone,se,cases,19,53404.800486456224,15906.506742194619,20610.13711189571,34251.91795323447,71427.03125817573,144723.75003319207
zone,se,hospitalizations,19,641.3476464067026,166.78411184013007,237.29852532468774,422.7646034250373,885.1721220642594,1741.0290810976946
zone,se,deaths,19,105.10818512080542,24.00252691700255,45.00957778657131,76.37131596349052,127.12926123892166,285.10149149277316
zone,se,cases,20,14156.824473734176,3690.7047235302075,5062.158828344174,9178.08993714448,19587.94605619735,37795.98092478794
zone,se,hospitalizations,20,192.60671332726807,53.369900782702665,74.49667715507434,124.98491785694951,256.9143002672355,522.7988225416045
zone,se,deaths,20,19.441792219899448,4.052206477273017,6.508722710241858,13.057618536919104,23.916503818725403,56.840450860164744
zone,se,cases,21,14569.45726838024,4002.902667172865,5419.544304737263,9416.901329528624,20075.049578429687,40389.709652781545
zone,se,hospitalizations,21,192.53729364097643,49.13082599821552,70.51711294260008,125.97218912944447,263.8923785709287,524.6880842588267
zone,se,deaths,21,16.8450487320668,3.849317505056005,5.442976388004406,11.310190247401513,20.75828940386726,50.6490668190329
zone,se,cases,22,16349.20813857509,4662.199851391243,6170.642578036862,10483.702111476321,22822.450223166943,42570.8695240344
zone,se,hospitalizations,22,240.5898045957132,59.25920892334091,86.53045806778167,155.37741598792036,334.6483447653517,651.0140211018746
zone,se,deaths,22,14.074553946710191,3.6910841237455028,4.071905403507988,9.171721650803054,17.421793445474727,40.485101934007986
zone,se,cases,23,25699.863705685282,6973.098449662489,9431.295624794857,16759.923197179112,34826.15925907253,70049.32945627283
zone,se,hospitalizations,23,398.5087539402627,104.9467008273498,148.16583680498158,258.77069256292975,540.3274517330124,1080.1632378044458
zone,se,deaths,23,23.832180247875744,5.515926503791194,8.70327001279423,16.38123190835138,28.46646097888218,68.40902266796373
zone,se,cases,24,45081.19629004068,12896.163417621887,17265.13877047794,28916.143682870985,62447.54569365091,117593.0588959493
zone,se,hospitalizations,24,663.8081443550981,182.0804675702502,256.34233374545676,429.3835508241498,893.8716634669117,1780.754452366096
zone,se,deaths,24,40.2129868816755,8.898645395001417,16.62194603032172,29.21486229247738,49.56422408908364,108.03648189015809
zone,se,cases,25,71517.43781301881,20399.017550348923,27139.811714329313,45514.324126982,99742.2080399833,189379.01085345307
zone,se,hospitalizations,25,1145.8861375741694,286.1429012288291,413.6665449854943,757.5533203574521,1610.349164948564,3053.1574305312574
zone,se,deaths,25,66.03756076819364,17.244033430200705,29.829026095877346,48.75224578424101,77.83011403966314,171.71327469458564
zone,se,cases,26,101702.38745761526,26945.224917571813,36882.923255617534,65651.31844259113,139420.75338638265,273549.1859965614
zone,se,hospitalizations,26,1700.805617744262,466.1679373299478,643.8876716463178,1133.52742838919,2327.0072939299994,4647.44092563372
zone,se,deaths,26,100.35577190709739,25.820774798978956,45.83659283307182,75.84362810662492,123.97206981791177,250.5161922012313
zone,se,cases,27,140282.13168144794,39109.99900287504,52281.075510065275,90312.11108410565,192661.66284509873,365092.2651108421
zone,se,hospitalizations,27,2287.993003670576,610.1086265378134,870.0904329084003,1491.8046671938314,3157.1177657779576,6130.17893014519
zone,se,deaths,27,157.37779552992833,45.03754032464006,73.44134025690164,116.5098880030514,191.9004545233001,403.0746089115541
zone,se,cases,28,157624.73956669707,46568.44818788572,61930.19959963095,102783.45147839385,220188.8834058148,408389.37356992386
zone,se,hospitalizations,28,2267.1790123960827,634.0210460730216,880.2237805544966,1452.6901919909658,3002.3016830896217,5905.475969341523
zone,se,deaths,28,177.03737243697904,50.587932476095,81.31697489807115,134.15599682040184,216.41864304665424,466.12610841237637
zone,se,cases,29,179023.65801370717,50007.671860305876,66954.13615596991,113735.37499657884,249490.82383919653,491435.19236515835
zone,se,hospitalizations,29,2434.754404471363,652.6500679743319,910.9211852272247,1619.5322177156556,3346.1835560943928,6494.606872946058
zone,se,deaths,29,216.97652307273447,62.88965488425768,100.81082178137922,160.34297982926134,261.90762951890395,558.5538978144125
zone,se,cases,30,139220.93952194607,42667.89993921844,55604.06714546551,88017.34365176392,188185.52817302188,361932.7280071508
zone,se,hospitalizations,30,2045.7816804429733,569.7856345525577,803.1095511383276,1366.315804606711,2804.759227957321,5373.918563656169
zone,se,deaths,30,189.5902916813461,53.370968426304195,87.07603462747858,140.15006870977442,229.24756234917922,482.75829670096607
zone,se,cases,31,106942.85540473614,26483.123118503132,36708.355941461974,69763.3044013325,147095.28731486856,292092.7250013532
zone,se,hospitalizations,31,1438.764577585483,352.1569214720752,513.456787972917,937.3181055007872,1959.9342684579728,3885.2033172267843
zone,se,deaths,31,126.9846914519191,32.47232899910094,57.57109058920886,96.20244186776239,157.34131022875414,326.28385475822057
zone,se,cases,32,80326.96254904322,24687.523673574884,31883.593230418308,50523.57444977183,110286.31512503,209174.94723254972
zone,se,hospitalizations,32,1096.9676738115013,291.67723490223005,411.0749628798843,721.9789283250608,1481.6300978576598,2942.798583856376
zone,se,deaths,32,94.16328415959066,22.834123447639165,41.20183075993409,68.90839043079245,110.35462207830365,250.0794199207516
zone,se,cases,33,66769.09889924135,18377.506701682756,24554.70431512783,42140.58126674004,93077.46137126848,178129.85847547124
zone,se,hospitalizations,33,912.6321983705169,270.20489136180777,365.00304435481576,602.8391385502166,1227.1030466696384,2443.070879458072
zone,se,deaths,33,76.06577048518349,17.890333554214262,32.92020079142394,55.90481863255481,95.06690362264524,199.7438347006204
zone,se,cases,34,50514.29702021676,12992.491712487861,17747.23664957819,32219.828439386343,69947.67593858857,138822.01167017387
zone,se,hospitalizations,34,739.30112305303,200.31452959827757,278.90446926970355,483.4046391657788,1006.2464069507048,1964.8753352688814
zone,se,deaths,34,59.192590045257035,14.192070903393219,26.671574103406417,44.13696487383987,72.69536464661195,153.24468541245605
zone,se,cases,35,39624.60094457968,9752.377958250803,13563.770680169273,26034.086142392065,56710.678728783096,104331.05473202479
zone,se,hospitalizations,35,596.739218500328,147.8633009771094,212.92256228708516,390.51715171735077,795.2575018315815,1624.9044099025
zone,se,deaths,35,49.7772711113507,11.681717011084263,21.266359865227066,36.18202816776929,58.74155301657941,138.87573370895566
zone,se,cases,36,34355.4557022866,8723.812588582921,12130.267583174063,21739.060901627796,48227.00160446373,93486.03645402311
zone,se,hospitalizations,36,495.46615844369074,127.77923822732075,182.69454159376983,322.26630078635765,675.1996537539852,1324.943452456915
zone,se,deaths,36,39.91559133553821,9.35206887374262,16.527100659929474,28.83037591406402,49.128075772809964,110.18840897123708
zone,se,cases,37,28589.155994610395,7981.960548939372,10723.538984011248,18311.401975452296,39839.07733833438,77716.55725269533
zone,se,hospitalizations,37,419.9581340344401,112.74190744355639,159.357832629353,277.01965731677535,572.1356150701124,1136.1216589603011
zone,se,deaths,37,33.88555460515545,7.299833574759975,13.421327638049334,24.343412553780315,41.95898291255364,92.36612314606658
zone,se,cases,38,24843.202150978785,6521.75858867989,8921.445125051716,16173.804512590574,34696.42435648634,66160.90022079794
zone,se,hospitalizations,38,379.60021117177826,108.5256286844301,148.44034064527844,244.92506321482875,516.3727787983014,1007.3026277645765
zone,se,deaths,38,29.58677386294315,6.922602234367574,11.872037921101652,20.707528814764498,35.300979127109784,81.12555748681123
zone,se,cases,39,24276.34269032531,6445.140862701063,8662.473508016179,15736.05189189106,34142.68758588569,63384.15770198285
zone,se,hospitalizations,39,347.74806708580303,97.35231364973336,137.38326211572718,231.49199195035507,477.5244068470479,922.9100797418241
zone,se,deaths,39,28.211146286903094,6.188323387688316,10.796684780069274,20.126316027154708,35.56865441712547,76.54600403810448
zone,se,cases,40,25343.534740947864,6727.2385203523,9283.401084854257,16632.751363223502,35202.02276900942,67290.30891682865
zone,se,hospitalizations,40,354.55541173607753,92.43071027072504,133.693785047,238.23149779029563,487.29695194330867,953.1951389114411
zone,se,deaths,40,30.72288274792021,6.618517610482203,11.630418896150712,21.690465493268213,38.996398117820256,83.47597942091326
zone,se,cases,41,24873.062307383767,6236.7416433339,8651.126664512476,15657.137760409394,35100.252955188094,66821.26644475522
zone,se,hospitalizations,41,327.30360890071546,86.77852582619776,121.61280315964717,213.63333250707691,442.60333473470916,871.4864029072955
zone,se,deaths,41,28.205983030335542,5.548695898128175,10.20567673223118,20.13933010384848,35.05482023287732,80.5510582080152
zone,se,cases,42,20385.53592560895,6098.543325480283,8019.339025802746,12856.495271202482,27752.4791095768,54062.47640414518
zone,se,hospitalizations,42,265.3016260692182,74.8068973166543,102.42051455913604,174.7043847143627,366.80864031723945,698.4671924675586
zone,se,deaths,42,24.536787594116035,5.062500752055357,8.854479662036953,17.371305098310394,30.20846867320029,70.40183224435489
zone,se,cases,43,14548.886823394561,3684.769028508342,5108.261213589613,9320.27460738643,20465.43945512232,39156.68283092636
zone,se,hospitalizations,43,195.17327984078705,43.88263003412549,67.61267395490344,127.89679306779725,263.6554776793229,525.531302244771
zone,se,deaths,43,17.77366474956517,4.228018287834586,5.563334680028737,11.650207513019488,21.545472412520652,52.82814811018599
zone,se,cases,44,9786.78209196463,2603.786288178998,3566.057654987527,6365.349975565687,13732.667306578775,25807.492838065922
zone,se,hospitalizations,44,139.0018611502346,36.10360545082901,51.18310829250308,89.90761383451604,192.55070664819866,369.1176706574684
zone,se,deaths,44,13.260233673443038,3.3131245493822616,3.6750899752109447,8.208417746191135,16.384472115732137,40.05459240391245
zone,se,cases,45,6880.549968749051,1774.7726792687504,2441.811772351011,4460.106241542257,9566.59428487524,18363.192264331698
zone,se,hospitalizations,45,98.29532638252667,24.8818609583275,34.99205022179313,62.962734793571315,137.44120950882106,274.65402713655624
zone,se,deaths,45,9.326791677753581,2.662109816235181,2.662109816235181,5.261513817391119,11.351693919640837,30.75654323574672
zone,se,cases,46,4659.955564381747,1227.9470204728973,1692.2104623453681,3031.6040255235753,6630.462121203816,12039.196172129468
zone,se,hospitalizations,46,67.02785090954549,17.533358026645683,22.964062118755834,42.233204823662675,91.97114904178117,186.7033143854504
zone,se,deaths,46,6.95588569181894,2.0065274857579967,2.0065274857579967,3.321501847533712,8.200889782200521,21.721452880984877
zone,se,cases,47,3592.050751267676,933.1001029515734,1281.8892941990307,2334.310321581581,5039.9661019949945,9428.738998225763
zone,se,hospitalizations,47,53.245730934088876,13.606522581783505,17.2123908579752,32.5474437799417,74.80110252150816,148.90951488920504
zone,se,deaths,47,5.756714972927457,1.5341770108485784,1.5341770108485784,2.3588137116620502,6.66447831052224,19.72643350933764
zone,se,cases,48,2534.0218088101196,676.0697706575509,921.4927028850632,1609.7664199206174,3531.2863868258264,6729.147547816849
zone,se,hospitalizations,48,40.75575467002767,10.241674353959256,12.10931483207959,24.864706981004083,57.446378208027085,115.86842537717769
zone,se,deaths,48,4.9105289336417055,1.4439961884657775,1.4439961884657775,1.8205269453236812,5.704964974891926,16.594762743660667
zone,se,cases,49,2325.3758801915396,596.5121741493288,852.5196203580797,1530.6038440226048,3324.8337782693034,6061.405266745755
zone,se,hospitalizations,49,37.70210863862964,10.15638333678976,11.274354107926314,22.530405595778987,53.1583169157383,106.41221340747279
zone,se,deaths,49,2.8957180704831673,0.0,0.0,0.0,3.2348537576411944,14.525806853317821
zone,se,cases,50,1812.7615594924412,557.3329250108882,727.3031618459056,1125.8913815080277,2450.7586533883,4785.750379779113
zone,se,hospitalizations,50,40.711407938638544,9.634865786154839,12.216137663482668,25.56462814228529,56.94137090704344,116.2551939234687
zone,se,deaths,50,2.9419332877696447,0.0,0.0,0.0,3.189141112417052,13.788590239537928
zone,se,cases,51,1832.273939069091,487.26036357281674,665.2685766572106,1197.1033308019869,2562.6110829074373,4897.4435534701315
zone,se,hospitalizations,51,30.662103213167914,8.914692293222778,9.729393630215874,18.245876824757076,41.18875331457495,87.83490799521283
zone,se,deaths,51,3.729724331801052,0.6661769655405676,0.6661769655405676,0.7139189512481047,4.220458538912968,15.01025155762789
zone,se,cases,52,1678.8242014345105,446.4254660993148,610.9841944013235,1071.515196825156,2372.1350265033093,4482.34642896652
zone,se,hospitalizations,52,33.449557607441626,7.610174382289017,9.002610366817052,20.120619742581162,47.023535757532166,94.66959928406082
zone,se,deaths,52,4.072817553412,0.8449440026597564,0.8449440026597564,1.2588189489468307,4.644449162298227,15.629807332690804
zone,ss,cases,1,7296.048444593692,2105.4360079831813,2781.742130498663,4686.579204607404,10120.826317535397,19266.219913042267
zone,ss,hospitalizations,1,124.63197192989469,33.324085750315184,45.35209731916677,78.6474829605136,167.37810655900768,346.80500341953314
zone,ss,deaths,1,8.420959295954631,2.165249626907465,2.4133210589406193,4.203835174497275,10.278434482492534,28.13093365606812
zone,ss,cases,2,3667.0539498531593,1037.5630248741124,1371.6129549096545,2357.3369659680584,5029.7907999041545,9892.909810641842
zone,ss,hospitalizations,2,73.40098296291849,18.821064999926623,24.36545769171255,45.303237188769785,100.64516971778986,208.24950873616055
zone,ss,deaths,2,9.998072607840879,2.8456666547833214,2.8456666547833214,5.388632576963901,12.190938202785079,32.276028043723876
zone,ss,cases,3,4400.19062109167,1233.6121494539577,1633.4510822088953,2803.7952332576715,6097.93065585643,11303.210763175113
zone,ss,hospitalizations,3,65.88225851143198,15.925673754640679,20.29776464538651,41.367675308515146,92.0190606469487,186.3146535387166
zone,ss,deaths,3,5.451474201317384,0.9632845341911438,0.9632845341911438,1.5410618783468317,6.3551622116632,22.22873324342444
zone,ss,cases,4,3914.6234651028367,1135.491692978489,1495.1214872449648,2485.911011481121,5483.779756551081,10325.056181404223
zone,ss,hospitalizations,4,65.15961976607073,16.072530618886812,20.51727517787928,40.46217413310767,88.32419164872996,181.01222100272403
zone,ss,deaths,4,6.511319118672747,1.367836203517724,1.367836203517724,2.5552681025704334,8.212353870468597,21.967076194223747
zone,ss,cases,5,3525.623350726549,828.9470573209175,1190.336368807845,2304.221477876605,4980.347456660935,9506.329800120486
zone,ss,hospitalizations,5,56.36160377876709,14.993910460909916,17.50694566416413,34.39456450520922,78.89569579143023,158.61412286729146
zone,ss,deaths,5,6.132290071362302,1.6450486527022392,1.6450486527022392,2.3749333585672163,7.056889892892524,21.404259011383154
zone,ss,cases,6,3861.357240686963,981.9672727124848,1353.4787958289226,2505.8212520476945,5404.134727987943,10263.885870118114
zone,ss,hospitalizations,6,58.19350565328714,15.627342141344474,19.426451188571047,35.95485234893041,77.50894539858494,161.60269439230743
zone,ss,deaths,6,7.838140755118392,2.0302353601167575,2.0302353601167575,3.6155797382904638,9.508662592449136,26.998966975370852
zone,ss,cases,7,4895.29411696226,1279.1982283463628,1756.7464744053632,3195.4318033908885,6949.5862696373415,12888.11192388054
zone,ss,hospitalizations,7,91.09698191089612,21.640742119254362,30.601171922416636,58.74390621755556,124.31676615356214,252.94698530364468
zone,ss,deaths,7,6.736379917662089,1.8377033714823565,1.8377033714823565,2.5422758424425753,7.779028985251205,24.61949163745468
zone,ss,cases,8,6356.697952155388,1816.4748153263126,2393.1408296642812,4020.1768744091614,8778.801609281007,17434.712724263794
zone,ss,hospitalizations,8,101.14849188786982,23.330789915928364,33.52231108850983,65.81215285543476,140.83798952686823,272.107050948585
zone,ss,deaths,8,9.077248840925236,2.6506713429775792,2.6506713429775792,4.551451304709204,10.621678752591201,27.962332506722237
zone,ss,cases,9,10834.17470391087,3055.960208434798,4090.8214651959534,6964.173645870338,14851.725887250228,28972.440321210237
zone,ss,hospitalizations,9,198.29568084082635,49.871827900679975,72.03247923922234,128.46174060810506,264.869282902889,549.7173375887305
zone,ss,deaths,9,12.591225758019426,3.6194119136351577,3.761771297835832,7.459905093983439,15.515394206065091,36.752700726090936
zone,ss,cases,10,23976.397509277438,5924.686325036991,8318.935514965515,15540.404934778271,33313.533208246976,64683.11080236389
zone,ss,hospitalizations,10,369.36968506003404,96.94547909668664,136.44179138191902,237.46869226495596,500.2283323579949,993.9431531581313
zone,ss,deaths,10,23.01169283470499,5.972069749883186,8.288650710780693,15.757823150220101,28.573811733633395,61.93768661457651
zone,ss,cases,11,63481.930661257575,16075.15601999659,22633.07922136713,42263.14008139608,89395.03682924996,169994.35572264652
zone,ss,hospitalizations,11,1042.633087885862,315.9061246203785,421.5174663314508,688.1671415425333,1426.7384632895419,2718.068892698299
zone,ss,deaths,11,44.525534397155084,9.232866313320846,17.836342864512176,32.87551644222067,56.347735314036996,117.93256556450837
zone,ss,cases,12,210416.2908678543,58122.424941638616,78215.61778056457,134955.84063438955,291414.13201110705,545665.8714321034
zone,ss,hospitalizations,12,3003.566531317311,879.6603545857228,1191.1104938733251,1961.6711267906956,4012.3002205711696,8083.1314150980625
zone,ss,deaths,12,140.74203440684747,36.89078968254508,65.07150555149566,104.47691692979024,171.8220293362544,341.66635063607794
zone,ss,cases,13,448644.22649521416,102952.58226373696,150553.46925832372,289202.2574884649,631492.4240967549,1236488.5605856872
zone,ss,hospitalizations,13,7056.702272519106,1987.4008421751262,2697.888842932107,4597.100595023582,9769.560315990208,18804.845712158847
zone,ss,deaths,13,302.1284371582967,84.47405855899908,138.84789812564628,224.70610293551823,354.0855466718381,795.8030339917507
zone,ss,cases,14,820133.9385060694,237557.24848547592,316672.5317701248,510495.24523423694,1153192.3500177774,2168235.7301911763
zone,ss,hospitalizations,14,11534.307215864996,2875.4977027232467,4214.40276440444,7596.15975980384,15921.595682302432,31700.493153445477
zone,ss,deaths,14,655.3595237821075,183.14418849995502,310.6269812836355,489.6387861076751,798.8177982154277,1725.5020147782113
zone,ss,cases,15,880846.7073819536,233184.0824567977,322747.0626740582,573669.94411754,1211576.204653163,2341993.598473774
zone,ss,hospitalizations,15,14191.836701767648,3901.2748467185793,5415.972489394223,9374.732591121681,19182.83683255053,38292.31896215544
zone,ss,deaths,15,945.2857587687947,259.11712009939606,441.7077142170616,705.9323483178622,1135.5008707954041,2458.7823065442153
zone,ss,cases,16,835657.2221285878,208079.40922036246,291182.41222986404,533507.080494188,1159749.1358334036,2256288.59430115
zone,ss,hospitalizations,16,11975.887219151195,3284.715834707813,4590.085718336752,7928.6224163155675,16676.798923706698,31288.285006951897
zone,ss,deaths,16,996.7544593876369,283.6685305751301,460.9116638248104,741.9377605027639,1186.95693552,2480.1961120298542
zone,ss,cases,17,569434.4540219657,141517.59596482042,195625.53550832564,360639.27791231265,798962.755441134,1503957.503955952
zone,ss,hospitalizations,17,8099.574216062675,2373.423046655987,3191.722467168119,5339.729734028287,11179.707639356417,21332.617544702458
zone,ss,deaths,17,1014.990232203886,289.57410400206277,469.76149846289707,767.1372952850455,1219.7049179670264,2610.174695340384
zone,ss,cases,18,233312.11308696025,63756.572841206325,87345.52214438168,149558.00893941877,327455.57301916723,607038.3037775265
zone,ss,hospitalizations,18,4170.188298479633,1184.7228409119116,1647.9511438822838,2739.0696967100866,5744.830547037297,10540.812602526388
zone,ss,deaths,18,378.5172173536086,103.81188868911465,172.04651695964776,284.1470170122724,449.32384391101436,999.921449756072
zone,ss,cases,19,51829.48603210501,15436.497031868219,20001.482560893986,33241.15643748088,69320.49110844366,140456.70595397448
zone,ss,hospitalizations,19,1141.543525132779,298.9897242008747,424.18274287105476,753.4637654436526,1574.4334119813705,3093.9428421312955
zone,ss,deaths,19,145.4168888660943,33.66671490017891,62.79165051796664,105.93190140170665,175.75298342122213,393.0547671224391
zone,ss,cases,20,16608.521162313395,4329.766514592572,5938.743754060152,10767.515967458108,22980.262644796134,44341.76032536799
zone,ss,hospitalizations,20,293.05695185727006,82.33795011378352,114.31155452670534,190.72127303999477,390.3853301246313,792.7792583264195
zone,ss,deaths,20,34.63815143638335,6.890951967332155,12.995166649692308,24.320985153037917,42.55440273991569,97.83780056903007
zone,ss,cases,21,15339.250572131907,4213.8669606664935,5705.429939584674,9914.193534835333,21136.014869420946,42525.04798319109
zone,ss,hospitalizations,21,213.50288375114107,54.18963846815021,77.90863167187851,139.52591788400787,292.7719031318485,582.5474249636555
zone,ss,deaths,21,16.26463404524777,3.886216344546561,4.7500507532923235,10.466536688350796,20.005203560731733,50.18250839189811
zone,ss,cases,22,19552.643881777498,5575.688764442959,7379.69503955752,12537.85340104195,27294.2499332765,50912.16509375589
zone,ss,hospitalizations,22,298.2265588305958,73.60096215504092,107.38316563123115,192.6671923678262,414.7386846287276,806.6360118936803
zone,ss,deaths,22,19.704352472061938,5.002342304220832,6.323632988513892,13.20622786172574,24.387138880753675,55.64369111842358
zone,ss,cases,23,27861.108684332194,7559.08301826572,10224.05913450869,18169.157128607585,37755.091122190046,75941.16840821791
zone,ss,hospitalizations,23,435.05381606272067,114.17717604100564,161.4178269531246,282.31439885013674,590.0698472419178,1180.1370325939963
zone,ss,deaths,23,27.90605928059781,6.485637240084409,10.112331853012403,19.14009456224149,33.34993069057151,80.31447334302062
zone,ss,cases,24,45871.23740388216,13121.515417113604,17567.144810759357,29422.567586304627,63542.280871440875,119655.32675062069
zone,ss,hospitalizations,24,662.589701257564,181.01933475060434,255.25693416332942,428.2416060684275,892.5779366016693,1779.1709162744542
zone,ss,deaths,24,40.65887092395832,8.491305710733892,16.29554154295099,29.280769018593567,50.26408109755836,110.55794415159528
zone,ss,cases,25,74119.34938006559,21140.579673788736,28126.69113450859,47169.906018164475,103371.30188922615,196270.25121238607
zone,ss,hospitalizations,25,1103.9337080119674,274.78305000997636,397.7689702960401,729.4190886382441,1551.869566631954,2943.3378239036774
zone,ss,deaths,25,72.77452945060386,18.73759769141042,32.61574347704156,53.59635301903647,85.83565532739193,189.92607803069856
zone,ss,cases,26,109592.3207621806,29035.1490154523,39743.86032263054,70744.24173375515,150237.05337227805,294771.79512508283
zone,ss,hospitalizations,26,1675.4529247029911,458.4413748017631,633.6239184252652,1116.2734023183332,2292.714721078597,4580.0210096854835
zone,ss,deaths,26,97.23925222186888,24.26785634748318,43.80740880487906,73.20695329834854,120.36103735207735,244.34328093194853
zone,ss,cases,27,146835.81696396988,40936.582938885535,54723.05631321457,94531.02941650944,201662.69549233394,382149.83378801116
zone,ss,hospitalizations,27,2326.8436620875345,619.7987959915553,884.2989092840185,1516.8181139918665,3211.0732212706243,6235.804166018461
zone,ss,deaths,27,156.45539577295943,44.060876001872245,72.47792242672892,115.56655576706541,190.99228168794122,402.2649199719784
zone,ss,cases,28,152204.01047060773,44966.12934448121,59799.70294332143,99248.31152009174,212617.03288004556,394346.69034948334
zone,ss,hospitalizations,28,2669.522379275736,746.4561666440237,1036.3633096773656,1710.4504686669984,3535.139545099049,6953.667632643413
zone,ss,deaths,28,188.16395110678596,53.29079531875424,86.0667825416324,142.42555492424142,230.16793897274522,496.5090953906573
zone,ss,cases,29,186391.34671576883,52065.156877094334,69709.12525607552,118415.84569241223,259758.88957835155,511661.51146254485
zone,ss,hospitalizations,29,3016.4833144855897,808.7280536023576,1128.6865465882784,2006.5474567813094,4145.604917081183,8046.020846111315
zone,ss,deaths,29,245.42386845645416,70.8958758836442,113.84765326497498,181.27732932003673,296.3155145931147,632.3147867515454
zone,ss,cases,30,133003.26478045702,40761.48245660622,53120.02781882849,84085.99645967095,179781.50135849434,345770.593527327
zone,ss,hospitalizations,30,2193.086027078988,610.3518377232781,860.548808780811,1464.483890792223,3006.9498018153417,5761.900487377592
zone,ss,deaths,30,186.13849198057665,51.63499900279948,84.91509541488111,137.31994638578254,225.29405569908533,475.6084040041218
zone,ss,cases,31,96258.93866740874,23836.250391722737,33040.094702924485,62793.216671585076,132400.58340211026,262914.36876972904
zone,ss,hospitalizations,31,1590.2134584702549,388.8695609314293,567.2012791044044,1035.818635470361,2166.414099234482,4294.974679353749
zone,ss,deaths,31,135.6860311334697,34.225316283392075,61.16801374176909,102.6375024322618,168.26807258146638,349.62235369865795
zone,ss,cases,32,76414.56684120184,23484.234720984838,30329.92474414288,48062.31774801977,104915.18643772378,198988.8911003486
zone,ss,hospitalizations,32,1215.7874126681518,322.9357027824583,455.31584841749947,800.0251902221194,1642.2751572681873,3262.3201970703158
zone,ss,deaths,32,105.84236228454218,25.391612280037545,46.10690254256163,77.35464707590282,124.0981357578734,281.6812077747786
zone,ss,cases,33,61504.21343327952,16927.390780239264,22617.632204476104,38817.1925510306,85738.65489202987,164086.26549454432
zone,ss,hospitalizations,33,974.7444434548563,288.1327347645111,389.450846708242,643.644660143897,1310.8437408046732,2610.4425316326033
zone,ss,deaths,33,84.82715269709787,19.712970877272266,36.48390878571392,62.23473255397671,106.10998668906706,223.384819075791
zone,ss,cases,34,47923.25095775084,12325.130456146735,16836.10698930594,30566.711427946706,66360.31065719538,131703.5659385685
zone,ss,hospitalizations,34,781.419854031187,211.2087524249854,294.3515420881701,510.6987575567277,1063.8296456553092,2077.993591898687
zone,ss,deaths,34,65.4829585857668,15.563648388211448,29.259143847435737,48.70291142007926,80.49623884842599,170.16971318927594
zone,ss,cases,35,37215.004446882274,9158.346844719803,12738.091835080237,24450.490047783016,53262.629505609875,97988.74798097886
zone,ss,hospitalizations,35,636.8745753135435,157.31311655036853,226.81986314736906,416.5549120240315,848.9635251334687,1735.3255317587748
zone,ss,deaths,35,52.406617978292424,11.935220140572065,21.99164232633087,37.88703302093876,61.928360173234935,147.32608317573192
zone,ss,cases,36,32671.762464043517,8295.34695634679,11534.981730756845,20673.2151799024,45863.99384560391,88906.61245870184
zone,ss,hospitalizations,36,538.4836602909015,138.45742724504905,198.20263701283895,350.0500004877575,734.0245196922353,1440.9145333881986
zone,ss,deaths,36,44.49812737196333,10.270848569677097,18.191345600412735,32.01730332651693,54.827094572133774,123.4443991601611
zone,ss,cases,37,26986.67843715172,7533.633547091683,10121.663951698596,17284.552263273086,37606.52360172408,73362.59332207988
zone,ss,hospitalizations,37,450.25277379323416,120.41219567886597,170.46082818605737,296.78704396822627,613.6347748184745,1219.151669256197
zone,ss,deaths,37,37.52327796670669,8.140126978752324,14.59759881331156,26.810004331493367,46.506654770967195,102.86882758807143
zone,ss,cases,38,23652.75503360137,6208.332194933013,8493.149244331336,15398.348788462641,33034.317894178865,62992.63528918967
zone,ss,hospitalizations,38,400.55958664469546,114.00700078043852,156.20051183996762,258.1937120616585,545.1388414863567,1064.0967142659367
zone,ss,deaths,38,32.527277967141714,7.701637154210315,12.770732409742873,22.600525114644295,38.83624909943402,89.81769557327445
zone,ss,cases,39,23233.807284423114,6167.465467635847,8289.686796982482,15059.847761681216,32676.94051221756,60664.11316894557
zone,ss,hospitalizations,39,374.38204702691985,104.36960432880612,147.536190266652,249.01648812566825,514.3207036916776,994.5935840814568
zone,ss,deaths,39,32.144801266128496,7.1028595931265315,12.131184652201004,22.839587664159346,40.56405914083235,87.59721216501462
zone,ss,cases,40,23906.498956559117,6344.846241742644,8756.19803312287,15689.195646551012,33206.48757891753,63476.92004647898
zone,ss,hospitalizations,40,371.01682698907223,96.16155936760907,139.42820549728566,249.04185520694188,510.2009405730575,998.7212967826301
zone,ss,deaths,40,33.469798797350336,7.302432719474112,12.34889959248195,23.44848680425833,42.542703376016604,91.61851898490652
zone,ss,cases,41,23391.039225930974,5864.16272661502,8134.816298788497,14723.75053340357,33009.392046228095,62842.012759675315
zone,ss,hospitalizations,41,345.7260756000174,91.1418276645144,128.01173089168012,225.40970414299812,467.7601264940955,921.7060220246728
zone,ss,deaths,41,31.767235595532558,6.304629976997273,11.277242636219185,22.564220689733656,39.51174275898329,91.20622215465876
zone,ss,cases,42,19365.329795019305,5792.462144762702,7617.248266890596,12212.622770117505,26364.04167382681,51358.952860003934
zone,ss,hospitalizations,42,283.79031878584345,79.55909841297836,109.16300828324435,186.6568461371736,392.607302342273,748.1706390592035
zone,ss,deaths,42,26.304133182618525,5.526932767071996,9.125484689312161,18.42364065621467,32.4384810430564,76.31916946568269
zone,ss,cases,43,13947.50984039038,3531.558665448681,4896.328946630347,8934.58835124016,19619.992825162222,37540.18497302049
zone,ss,hospitalizations,43,209.17989621015863,46.6341863890791,72.05149567130628,136.85100525706787,282.77826295425103,564.2690644110891
zone,ss,deaths,43,19.614412633380837,4.74132295572034,5.97173051144895,12.671634256203362,23.76823872358075,58.848803258617174
zone,ss,cases,44,9328.94544813742,2481.0730840695896,3398.449577040539,6067.1406141328625,13090.734964803893,24602.20821589967
zone,ss,hospitalizations,44,145.72475357076385,37.48720118137232,53.18615928193986,93.98053365495358,202.11001643175814,388.11468533284915
zone,ss,deaths,44,14.466361478127023,3.6913975203115523,3.8551414978066125,8.7164767846171,17.82602469801607,44.19865936203929
zone,ss,cases,45,6869.695303097449,1771.2254514119122,2437.3098716984323,4452.7157383422245,9551.895326642665,18335.903530067793
zone,ss,hospitalizations,45,104.00205314053642,26.242162176784937,36.56835356953184,66.3409204629507,145.617327334197,291.6694477595256
zone,ss,deaths,45,11.39811762199369,3.233933152242199,3.233933152242199,6.465695263159214,13.864050964219146,37.43707756699368
zone,ss,cases,46,4364.861131180519,1149.2179081268553,1584.2126266622736,2839.166330690724,6211.140350582131,11278.889679769289
zone,ss,hospitalizations,46,73.99936010588061,19.45654239134987,25.031360862024393,46.41408123499761,101.60763963195427,206.73070778766007
zone,ss,deaths,46,7.886255003866778,2.0700042593039103,2.0700042593039103,3.5847537053263596,9.371166476477953,25.43632483763082
zone,ss,cases,47,3374.0227828035945,875.4998563501667,1203.2448603361604,2192.168090958067,4734.578196514299,8858.554588168781
zone,ss,hospitalizations,47,60.53014538108396,15.535246144230907,19.360995607540282,36.86979113892065,85.11290285972056,169.72617716036333
zone,ss,deaths,47,6.850055896976497,1.8810666135931453,1.8810666135931453,2.79659197764264,7.899783858144479,23.396652268229857
zone,ss,cases,48,2563.890993903673,683.3501519993338,931.7569128394424,1628.3985961100545,3573.2802195845525,6810.020671702412
zone,ss,hospitalizations,48,44.58549297408527,11.311254231344972,12.789559843457953,26.98360029150601,62.96790850068895,127.49120863768522
zone,ss,deaths,48,4.284047291708419,0.7125672491872024,0.7125672491872024,0.8722491841588272,4.9144700442833775,16.910694290073824
zone,ss,cases,49,2149.588834143839,550.3964754438266,787.20239040202,1414.427720686594,3074.0835920951704,5605.401820428092
zone,ss,hospitalizations,49,45.83063264188062,12.319332508705441,14.149813724506453,27.393404855583874,64.5439742153442,129.13906052814824
zone,ss,deaths,49,4.941232399701424,1.0983923785243483,1.0983923785243483,1.2845578430366065,5.5438090017315975,19.86570379530915
zone,ss,cases,50,2065.4117817077235,634.8007915157826,828.488654085621,1282.6958244080934,2792.434910835934,5453.251092682418
zone,ss,hospitalizations,50,45.795385599942726,10.913861979550347,13.27809904537668,28.621980254310238,64.16388062976839,131.3514151786112
zone,ss,deaths,50,4.752203333103805,0.7508974672346878,0.7508974672346878,0.9100367416262841,5.305923848409375,18.967608709724317
zone,ss,cases,51,1916.4747530875707,509.0881971329486,695.3512732153174,1251.8490637276657,2680.680182890114,5123.786995595556
zone,ss,hospitalizations,51,35.6658310760639,10.398055963304733,11.31103671803691,21.113883484645832,47.87434877649626,102.2822083961688
zone,ss,deaths,51,4.5778589774347545,0.7328142258678962,0.7328142258678962,0.985390546659456,5.2396734632086295,18.49231606975615
zone,ss,cases,52,1751.5841077345121,465.2001551984223,636.9673773384828,1117.671936810663,2475.2654082070294,4677.914605058917
zone,ss,hospitalizations,52,37.79896692350735,8.671426629165097,9.693751188054858,22.62373449469215,53.2783096220586,107.56870078581017
zone,ss,deaths,52,3.6175774686195856,0.36827423488639227,0.36827423488639227,0.42037703241731306,4.008851803939789,16.044210116049154
zone,nc,cases,1,16292.897546761473,4706.224086064514,6215.89915750445,10467.945605406785,22598.46923266264,43013.14872468088
zone,nc,hospitalizations,1,235.27791305895246,63.623749092759454,88.34747985385854,150.16834555158462,314.9180205920235,648.0670705192193
zone,nc,deaths,1,18.53491785529535,4.48931906438802,5.4703679637832625,12.082766347531845,23.311291822314843,55.97484381558104
zone,nc,cases,2,9247.193328222122,2622.2382617345947,3463.871049064486,5947.384956332226,12680.58429879812,24933.125132106063
zone,nc,hospitalizations,2,200.75373525970812,51.60365522158762,71.7995468997384,127.88790343510531,273.3944574059461,556.3107895138455
zone,nc,deaths,2,12.035612538746356,3.12195162600009,3.4829443446080997,6.49435169499054,14.641933088616774,38.88233120510467
zone,nc,cases,3,8438.722250826542,2369.0705819042196,3135.4760467405213,5378.774734346645,11692.925716081807,21670.331099708666
zone,nc,hospitalizations,3,97.13892901675163,23.135097394513345,31.056593358738713,61.81063862650426,135.39149624203972,272.37394100603217
zone,nc,deaths,3,10.449087526589784,2.7045146201620875,2.727838534808825,4.941874161749284,12.622418826821201,36.19601764310768
zone,nc,cases,4,7033.396107411101,2042.815225415192,2688.6146055901354,4467.808851552483,9851.183111076367,18544.826864377515
zone,nc,hospitalizations,4,88.25475636763599,21.544831848763888,28.54575494934591,55.2814012778731,119.43925816849466,243.68528103675922
zone,nc,deaths,4,12.518131916437648,3.4605013988655196,3.4841619812872064,7.05432389534562,15.982962839244657,36.88884993841953
zone,nc,cases,5,5921.459003074775,1394.6073933950647,2001.2637393666432,3871.1183493977724,8363.472594655083,15961.140326215462
zone,nc,hospitalizations,5,91.8406418542433,23.85524224783797,30.204144958676483,57.26756544131081,128.06865965240831,254.90030870547784
zone,nc,deaths,5,9.17903089268139,2.4134854900327083,2.4134854900327083,4.35279885829149,10.929248596498265,30.436212964310332
zone,nc,cases,6,6289.093782986904,1601.419966502675,2206.2442031656174,4082.2685068273377,8800.749971387653,16712.470313880298
zone,nc,hospitalizations,6,101.83759561158053,26.615350480713353,36.10354234381568,64.4544475659182,135.22635109381903,278.4486970603546
zone,nc,deaths,6,11.53911275214549,3.2157270616040408,3.3001054147837086,6.062456567998936,14.123342232872684,37.36118999647378
zone,nc,cases,7,7295.371921855253,1907.7994861633117,2619.29216955155,4762.770014394763,10356.034060670048,19203.76324400657
zone,nc,hospitalizations,7,113.96932186359821,27.011686882859074,38.63145544030727,73.71759772774934,155.46866959522717,315.83468535739144
zone,nc,deaths,7,14.579874063003492,4.33729276132346,4.341705005584254,8.440884581453766,17.628366872435898,46.24420792673849
zone,nc,cases,8,8252.409787981618,2358.752144961876,3107.3215347135774,5219.374870329245,11396.53933862178,22632.76609723591
zone,nc,hospitalizations,8,125.1550615873829,28.90414734753231,41.76259660759259,81.60177820497934,174.16859699660222,336.1282626353208
zone,nc,deaths,8,15.445888982006254,4.522905430343121,4.74217945274674,9.297875286643016,18.44278105307309,44.408290133228924
zone,nc,cases,9,13499.210657781332,3808.0196588570097,5097.395016465399,8677.420330280922,18504.839634501022,36098.40698859829
zone,nc,hospitalizations,9,166.20572733787213,40.79044898717931,59.13015130177789,106.95223293437184,222.55347357935156,463.95353081248794
zone,nc,deaths,9,17.443137879479423,4.819712931780787,4.886976566681628,10.923596481965209,21.650517311024757,49.93072506664272
zone,nc,cases,10,17613.875305843325,4350.524478990075,6109.6799767057,11415.597040346063,24474.2612952605,47522.808254299074
zone,nc,hospitalizations,10,279.0667670244682,71.44626469610576,101.54314894235247,178.52742331397982,378.75488797838415,754.9742601812422
zone,nc,deaths,10,23.259157155713318,6.205945568701752,7.937981477328098,15.609894361388868,28.92777758928012,63.59823526036789
zone,nc,cases,11,30326.52367589959,7676.320621537794,10809.592042130733,20188.52296104948,42707.39372908851,81216.46659458919
zone,nc,hospitalizations,11,387.14864532698226,113.99104072099902,153.68592431674526,253.90837814471104,531.5064293474853,1016.8634965766728
zone,nc,deaths,11,38.17469434985045,8.11488690437115,14.227997590785904,27.621475872654063,48.52519455523536,103.37096664438933
zone,nc,cases,12,74306.41747827333,20521.822741290565,27617.99977534959,47656.56057304841,102911.87728432353,192704.244710051
zone,nc,hospitalizations,12,881.5956760111436,254.49722059380275,346.45498448779216,573.9682323864718,1179.430366618744,2381.370859228092
zone,nc,deaths,12,82.9346325374056,19.723726563404533,36.52677977227308,60.660089592987234,101.90469041731089,205.92354173363887
zone,nc,cases,13,171278.96445266242,39300.59201770088,57473.68846604729,110407.1096697163,241086.86384741508,472062.66773402406
zone,nc,hospitalizations,13,1710.1207471276746,477.64593456801833,650.3834562149461,1112.129651491246,2369.684841820132,4566.390211993851
zone,nc,deaths,13,249.22331517895978,68.23131433466051,113.44444482944539,184.83756786535974,292.41962790772374,659.7181404864483
zone,nc,cases,14,431647.294842813,125026.77983561916,166666.56618687455,268678.92136771267,606941.8842325599,1141177.3408080866
zone,nc,hospitalizations,14,4218.994556363236,1048.187992668086,1538.4873751986747,2776.8674621563487,5825.594521992497,11603.736608781484
zone,nc,deaths,14,403.78531115111804,110.48163059085064,189.6640072066983,300.8521906371625,492.89009978442556,1068.4741220480903
zone,nc,cases,15,653804.1951454979,173077.88153518923,239555.8280135307,425802.84483149345,899287.5161009914,1738337.6104848576
zone,nc,hospitalizations,15,6818.3831726483,1871.3599607385727,2599.5266539560853,4502.637328522306,9217.726750327975,18404.304994969283
zone,nc,deaths,15,834.3903236612053,227.4899809887438,388.9871522288459,622.6877499262923,1002.631205223924,2173.043129565747
zone,nc,cases,16,1027602.1112668813,255874.14538758408,358065.3161904346,656050.2345153748,1426135.62882755,2774542.389525844
zone,nc,hospitalizations,16,11896.80789820576,3262.2720626960295,4559.13557397876,7875.916877872999,16567.086365525527,31083.357488846883
zone,nc,deaths,16,1243.3971910026676,354.2057902731261,575.2213278906338,925.6503273279907,1480.5725430054858,3093.1932782850236
zone,nc,cases,17,1332680.5037177377,331207.13572109654,457838.4180127527,844027.6163569367,1869856.0712250725,3519787.481781452
zone,nc,hospitalizations,17,14580.713039044836,4275.280277481445,5747.984962954816,9613.783088970875,20124.071387666056,38396.40253441705
zone,nc,deaths,17,1216.039935454925,347.06698485303525,562.9127122068323,919.137937365096,1461.2668026326594,3126.904742282541
zone,nc,cases,18,992543.1951996323,271243.0683407383,371591.9693568141,636247.8723867433,1393035.502874236,2582398.344520518
zone,nc,hospitalizations,18,13197.49648985723,3757.891439147554,5222.551570205731,8672.508820954703,18176.284934676674,33340.47861822756
zone,nc,deaths,18,1085.949838247173,305.1292003323483,499.07923808602686,817.7135850221845,1287.2120292143177,2852.230102110452
zone,nc,cases,19,392933.1233929414,117055.21265947317,151660.19303819252,252023.85285853618,525524.0995575375,1064773.8525510188
zone,nc,hospitalizations,19,7586.97577426327,2011.3018273664513,2839.779898283772,5018.8319673877495,10451.685622247744,20507.200337072198
zone,nc,deaths,19,495.2408701574429,124.57994624625051,221.19136145060688,364.2935040559848,595.8996313115961,1316.7195199908963
zone,nc,cases,20,131947.2612753211,34428.11022111662,47206.77540012487,85557.38834051037,182552.29720410024,352207.54147127026
zone,nc,hospitalizations,20,2661.2047445308785,781.2614570168051,1066.56986600915,1748.3927515068244,3530.044695532009,7120.705603222297
zone,nc,deaths,20,148.7689282350251,35.624413622149966,65.74200418650355,109.94697426118938,180.27262517469433,393.4987479527258
zone,nc,cases,21,38643.74933929474,10621.762259385681,14378.626740089243,24979.422470581,53244.31143375684,107117.79845205005
zone,nc,hospitalizations,21,617.2390824199679,164.08168937135318,231.6735288150454,406.94054060191877,842.840391988706,1667.091067774637
zone,nc,deaths,21,56.5728690819669,12.750709396482218,23.413419584835104,41.12894148132722,69.00887448724433,157.21210542595634
zone,nc,cases,22,30869.952770144377,8804.732623135627,11652.691658048745,19795.80286101246,43091.516078012886,80376.78265106142
zone,nc,hospitalizations,22,375.6361813897759,93.11949416149146,135.60964795019856,242.87711539980256,522.1913959174661,1015.1070731499277
zone,nc,deaths,22,35.874378038502066,8.437037055291594,13.72087827679242,25.393556119705387,44.25147403944885,96.96931568482469
zone,nc,cases,23,38540.48188538213,10457.483556988642,14143.84082244866,25133.9842375531,52226.44095339422,105047.74865097234
zone,nc,hospitalizations,23,463.98398519963075,121.33130375269671,171.77727462165507,300.8767858756172,629.5137137032195,1259.617479596991
zone,nc,deaths,23,43.539557261436336,9.875442187132055,17.110157669570143,30.619113685907692,51.88241639331421,122.15917946892688
zone,nc,cases,24,63411.34976464931,18139.806812584757,24285.217821713537,40673.54873990647,87838.89768925754,165406.70628674107
zone,nc,hospitalizations,24,888.614273708029,243.5231661007668,342.9687045708806,574.6916317770874,1196.6968796084168,2384.3392194046296
zone,nc,deaths,24,89.60848861681697,21.056437252845477,39.29281737004145,66.25438557776317,109.82258651241213,235.01231493940722
zone,nc,cases,25,113587.72410021082,32399.45614215696,43105.44822922036,72288.5651896332,158415.40454233738,300780.0693408249
zone,nc,hospitalizations,25,1417.7615559601693,353.4259356497915,511.2962750071005,937.0175007278337,1992.7524642378069,3778.9046145771044
zone,nc,deaths,25,148.8918016980543,41.66658429679295,69.46514391599035,111.00999540972492,174.84879971049307,380.9639339954693
zone,nc,cases,26,180731.1463254559,47884.641073623294,65544.33346429106,116666.93673653212,247758.21005011973,486109.8665569292
zone,nc,hospitalizations,26,2287.428476809694,626.7539995905863,865.7995362360552,1524.3994315363452,3129.713754288434,6250.860119235012
zone,nc,deaths,26,228.51282643421848,61.90185328106133,106.6485206338618,173.7312061050422,281.3254781850244,564.2231214436555
zone,nc,cases,27,247049.43038833817,68877.52214018471,92072.80104592943,159048.38020474731,339293.8140292477,642957.3687323155
zone,nc,hospitalizations,27,3132.247841725784,835.1213781266113,1191.0523919719933,2042.217251623319,4322.132865041805,8392.435665189136
zone,nc,deaths,27,303.29298262048064,88.61903726938951,142.89716498498763,225.19883379922504,369.2661349313357,772.8085394495479
zone,nc,cases,28,278257.43999223266,82209.30330757282,109327.46746644005,181445.88425222365,388702.18536097865,720933.2995259591
zone,nc,hospitalizations,28,3713.5366389902683,1039.3529510790686,1442.4929718523279,2379.867292590655,4917.249381492672,9670.997322322493
zone,nc,deaths,28,384.7387985325701,112.62362622820014,178.75163857364535,292.4596886332289,469.4865289270951,1006.8497869713849
zone,nc,cases,29,312902.5857614688,87406.06899275535,117025.41140257087,198790.52224813448,436066.39603004814,858941.2193836501
zone,nc,hospitalizations,29,4002.0564433418704,1073.6646101938256,1498.061215382521,2662.4659687521234,5499.736253353587,10673.29255953715
zone,nc,deaths,29,395.4104328842801,116.0739114381676,184.81938295787222,292.74238771904396,476.8640881822774,1014.6399336318939
zone,nc,cases,30,253212.65651685,77605.09658408177,101132.98102758433,160085.20481356067,342267.8739733632,658273.6873572085
zone,nc,hospitalizations,30,3471.329741466102,967.8936157844822,1363.6341893399942,2318.8880228907315,4758.631165015934,9116.180977922553
zone,nc,deaths,30,351.12315417421206,100.42553245081466,162.4561065627126,260.1331971493062,424.107617178509,890.6670448179732
zone,nc,cases,31,164013.66414920866,40616.531248205785,56298.467761611784,106993.21595724252,225593.47352623843,447968.9100346876
zone,nc,hospitalizations,31,2798.3940967941494,686.9953609352262,1000.4188236800404,1824.028196366477,3811.084390558574,7552.094876623584
zone,nc,deaths,31,262.1986865825555,69.43121639544218,120.6244282824636,199.41966861274327,324.12283499408915,668.7100150340082
zone,nc,cases,32,111571.61113249799,34290.15158734945,44285.26961120261,70175.62694837792,153184.22515044402,290537.476300176
zone,nc,hospitalizations,32,1678.0559590421663,446.6591721016938,629.2342673664727,1104.6480132626612,2266.256253172988,4500.578296378337
zone,nc,deaths,32,160.02772595010708,39.8849510123343,70.82427838744819,117.49435568778769,187.30810585293756,422.66634569027406
zone,nc,cases,33,79965.09176838037,22008.83453934925,29406.963792418996,50468.71361137096,111473.3384174815,213336.4592751904
zone,nc,hospitalizations,33,1130.8668609331335,334.2549106080925,451.80491150146565,746.7223988412014,1520.811562398546,3028.615410023468
zone,nc,deaths,33,107.82096863914848,25.462675135882325,46.70879113950179,79.26336662396902,134.73111730623546,282.99170957774265
zone,nc,cases,34,56998.63385933494,14659.281942825104,20024.50404537793,36355.27896164934,78927.1274966692,156644.46318026882
zone,nc,hospitalizations,34,789.1159381307858,212.6074522806961,296.6684121158555,515.4048132352402,1074.6440876979,2100.007743365331
zone,nc,deaths,34,79.78983594508927,19.139615198596744,35.81251567651354,59.42161428696735,98.02585081705013,206.90957875431477
zone,nc,cases,35,43873.46618676933,10797.00214393563,15017.223530785528,28825.16615285873,62792.28042168265,115520.65136676768
zone,nc,hospitalizations,35,638.1522908007781,156.89152634227355,226.64444656993138,417.05148439920197,850.9915689618183,1740.492824133928
zone,nc,deaths,35,66.39566486693153,15.396977710028434,28.18537399899376,48.16581172857285,78.38565654596643,185.73022702437856
zone,nc,cases,36,38567.97197054098,9792.453879719184,13616.731039306389,24404.100570770657,54140.946293141315,104951.27360260441
zone,nc,hospitalizations,36,529.1060795682878,135.234220145942,194.05994811880782,343.5703730029161,721.6355049695642,1417.6464456631347
zone,nc,deaths,36,55.93988782850386,13.059476862822281,23.16411827743609,40.40366464404758,68.84512682565827,154.40384380074053
zone,nc,cases,37,33062.65389262414,9230.063022851684,12400.747619536327,21176.24716423013,46073.389555754744,89879.3739439226
zone,nc,hospitalizations,37,467.0492524068309,124.34177107512286,176.3421021988822,307.59454050157433,636.7980790329664,1265.9277362172593
zone,nc,deaths,37,46.36568709424573,10.062291328378196,18.26817925528615,33.24979213980524,57.41272970084215,126.5552301868508
zone,nc,cases,38,29181.9113615481,7659.911946613234,10478.797481271464,18998.064752148224,40756.3837452923,77717.35949157125
zone,nc,hospitalizations,38,410.61758195181255,116.26977204875723,159.61044764618185,264.3766567847114,559.1233004359322,1092.190690375023
zone,nc,deaths,38,45.59614107155411,10.730209456022331,18.683765792944875,32.133752086225826,54.34889655697635,124.10619224672983
zone,nc,cases,39,28731.54611997818,7627.16064042243,10251.51783942162,18623.557277721135,40409.00611191053,75018.18519500365
zone,nc,hospitalizations,39,404.2767279115238,112.33333989898141,159.0057267696762,268.7278096846658,555.5788709465404,1074.857409891687
zone,nc,deaths,39,42.17235167615032,9.241282883761984,16.40793084519997,30.232816641397704,53.11566795819326,113.83695090470601
zone,nc,cases,40,28194.0783255424,7482.8367009749145,10326.65159722179,18503.045418807542,39161.97039078569,74861.2437505692
zone,nc,hospitalizations,40,374.02655935407074,96.24652395392594,139.97266560334583,250.75042174254455,514.6830391570265,1008.3915237532769
zone,nc,deaths,40,41.07427138715592,8.995125249999163,15.36100848649151,28.88759424102787,52.156888219775965,111.96345720669818
zone,nc,cases,41,27718.10795721161,6949.046607017866,9639.733869368809,17447.512931225792,39115.69838471057,74466.86491223346
zone,nc,hospitalizations,41,350.7659866563091,91.80767668245825,129.3098481462766,228.37806296079404,474.88446243089425,936.6149070321443
zone,nc,deaths,41,38.897613310010854,7.676089692990999,14.010389554795797,27.736179647228305,48.34560489874251,111.20986934210998
zone,nc,cases,42,23277.877540451278,6962.912876010044,9156.356580746713,14680.124628289985,31690.524001141628,61735.102884633285
zone,nc,hospitalizations,42,289.94879573748676,80.6689002709105,111.00281297202531,190.40757141903214,401.4365600444495,765.7677332899631
zone,nc,deaths,42,32.54472083217837,6.773289857566328,11.536373854094734,22.931320772918035,40.10659325192365,93.8826448816342
zone,nc,cases,43,16852.53030968552,4267.306480924379,5916.309934860855,10795.595333959194,23706.3900128626,45358.72165759754
zone,nc,hospitalizations,43,217.33651091619566,47.798743170401295,74.36740100608094,141.91982439161228,294.0465913759059,587.4961239526637
zone,nc,deaths,43,25.517644432988735,6.034790559839539,8.24888607292442,16.765392739207208,30.889232121464254,75.54003141672462
zone,nc,cases,44,12008.780610425743,3194.317533809246,4375.148716802403,7810.241744058287,16850.89112794169,31668.26074798053
zone,nc,hospitalizations,44,161.34697810754525,41.299949017915004,58.6627948071406,103.92122458597996,223.8831232176097,430.24195027110534
zone,nc,deaths,44,20.15936883464267,4.945317488172795,5.797183255855907,12.715473504764532,24.91941695913348,60.25049433445193
zone,nc,cases,45,9032.921317004535,2329.6332472737645,3205.3775152258577,5855.161959292429,12559.383165654725,24108.28687741655
zone,nc,hospitalizations,45,121.97108943209636,30.792666528770138,42.915132144268284,77.82608091591028,170.7846285947031,342.0435634527993
zone,nc,deaths,45,13.286492480361334,3.7685242222347273,3.8360371236871367,7.526359183906202,16.147713229156626,43.61752090973489
zone,nc,cases,46,6208.177197949084,1635.6703539110763,2254.214200244489,4038.704581354526,8833.507118319463,16039.629465926244
zone,nc,hospitalizations,46,92.06910123434248,24.116084398585897,31.462893483287367,57.96644580074554,126.37801070197155,256.67643335534063
zone,nc,deaths,46,11.656141701183175,3.1965985870063034,3.1965985870063034,6.2569831394798285,14.030335205733413,35.56994191626732
zone,nc,cases,47,4925.625287169,1279.4139567905786,1757.7075655288236,3200.889475204706,6911.147418087155,12929.458991800857
zone,nc,hospitalizations,47,76.11500861078684,19.420254134650662,24.703197698550156,46.59054056098125,106.8981456781489,212.67125508546937
zone,nc,deaths,47,9.20957773739685,2.4775329287622134,2.4775329287622134,4.268808779629355,10.819758556597424,30.60194053447766
zone,nc,cases,48,4029.260564832819,1075.6906045730566,1465.837274293776,2559.9799288554586,5614.603264522275,10698.214933839696
zone,nc,hospitalizations,48,65.54551794759413,16.278973199630766,20.267097318563952,40.469461316220006,92.25749268424002,185.1183772686544
zone,nc,deaths,48,7.103781020244551,1.8993404247220305,1.8993404247220305,2.655949654675359,8.39758943329022,24.269924750005618
zone,nc,cases,49,3449.440065722996,885.1697123723246,1264.8828744080652,2270.6251233435023,4931.847411372032,8990.761432876487
zone,nc,hospitalizations,49,60.1534566609254,16.011563287422362,18.65744820788419,36.4017520713778,84.68672952833292,168.64162820674
zone,nc,deaths,49,6.077120261477033,1.2012243413515225,1.2012243413515225,1.6856799752184908,6.964257883304579,24.463878073526104
zone,nc,cases,50,3813.3171900378293,1174.83274848391,1532.052436723399,2369.7494489470264,5154.1703136373235,10061.529578852342
zone,nc,hospitalizations,50,57.66457781025976,13.648918321495064,16.92001159357567,36.29838342329528,80.74722253490457,164.7722150625786
zone,nc,deaths,50,5.171163465673204,0.7359839774667619,0.7359839774667619,0.852240830647445,5.6937730135437725,21.171095338416073
zone,nc,cases,51,3109.8277344147314,828.0909034905422,1130.071421309329,2032.2979628146036,4348.801965193824,8309.708634968458
zone,nc,hospitalizations,51,55.76963941040459,15.814816983433083,17.871049552694288,34.23858407120173,74.93964035284358,157.6907185718889
zone,nc,deaths,51,5.144095280125191,0.7223646380519149,0.7223646380519149,0.9428202749847053,5.896975465862726,21.25320728834373
zone,nc,cases,52,3245.771555083404,865.0529816100457,1182.9436201371882,2072.5864603114096,4585.0929217046505,8661.549133283786
zone,nc,hospitalizations,52,58.42773071142387,13.044000616648248,16.10308940556788,36.057276082319675,82.1694458514315,163.83581127234652
zone,nc,deaths,52,7.073624223810972,1.6861094594021764,1.6861094594021764,2.5030646279537354,8.405411383215501,25.532675103921964
state,Kano,cases,1,1959.9506668852114,566.0219636800089,747.6426351981746,1259.1828638235759,2718.5391774625127,5174.516538625422
state,Kano,hospitalizations,1,54.23945992608122,15.106206110863107,20.74461399182582,34.84326519160537,72.41550196728048,148.39231334723237
state,Kano,deaths,1,3.4134789553788893,0.7853009880897894,1.1161146519631133,2.338082023859486,4.302248977392891,10.015970654765098
state,Kano,cases,2,4651.578101508411,1320.858742986139,1743.9925739923274,2992.5878874819946,6377.7274347953025,12537.735243907924
state,Kano,hospitalizations,2,38.83242648357283,9.999476232843962,14.121807735743364,24.885287693576206,52.808317964768335,107.10058927542451
state,Kano,deaths,2,6.665454604029409,1.4494104842412714,2.660240059722814,4.800680635054933,8.265363708353732,18.495493700371785
state,Kano,cases,3,3145.488364925238,884.2148126788206,1169.742302963804,2005.4924034260755,4357.855174587134,8074.978354745237
state,Kano,hospitalizations,3,70.33928536547833,17.68841076318205,25.16161512929323,46.303168404434025,96.88557497128292,191.0527529318489
state,Kano,deaths,3,6.265049611637749,1.4628037064016999,2.4414808798217216,4.37730883906797,7.740443217222768,17.881188315550194
state,Kano,cases,4,3853.061759005698,1121.1122153885979,1474.6364570859973,2448.6050237108616,5395.577971185549,10154.662463711004
state,Kano,hospitalizations,4,45.59712053742116,11.434045481651172,16.45491768459997,29.583588226948578,61.08861920580958,122.1002394371135
state,Kano,deaths,4,6.577081339457418,1.417295672852315,2.579988687426913,4.7561405547382405,8.41298674003306,16.97527870515503
state,Kano,cases,5,3076.415926927906,726.5632526929484,1041.4737379128921,2012.1003973812137,4344.0457640585955,8287.934668828548
state,Kano,hospitalizations,5,64.81417695508674,17.629212151627122,23.861475113679514,41.95559673160419,89.2781182897849,174.05072686950842
state,Kano,deaths,5,4.0534627352807995,0.9915265611349096,1.426222991904928,2.8423883330753292,4.9951901452540985,11.285972401607214
state,Kano,cases,6,2805.6553990175985,715.9970363323964,985.6139238498226,1821.9028868237,3925.29459827785,7452.159568869175
state,Kano,hospitalizations,6,43.32532463598948,11.763731480019773,16.596987819189373,28.17122294531721,57.063797815094624,115.53420976652563
state,Kano,deaths,6,4.276473921284899,1.055967708695803,1.533699536503971,2.961021684781556,5.339708707929977,12.196164343602591
state,Kano,cases,7,3231.2671705167113,846.5524916396645,1161.4822798220184,2110.2552460250895,4586.015717591689,8502.30824267244
state,Kano,hospitalizations,7,48.42671662289934,12.190951961546638,17.677726819750468,32.039078533833,65.50117551997852,131.14169924808456
state,Kano,deaths,7,3.284861702909463,0.8852939908564119,1.040569583368737,2.1516715807990185,4.026948005723659,9.867787792832287
state,Kano,cases,8,3526.8960994609756,1009.4992945920902,1329.2406681371695,2231.375919425254,4869.868861757352,9669.272399290387
state,Kano,hospitalizations,8,64.24553809338728,16.037561062364794,23.109402533741342,42.806853706730415,88.57411900382982,168.6508795696532
state,Kano,deaths,8,6.103346403626349,1.487340002594042,2.4438939382388316,4.359493415115259,7.366760397775235,15.905417890709995
state,Kano,cases,9,4474.506061424636,1263.1697986423576,1690.4256274342242,2876.726167090327,6133.203929700879,11963.123166891246
state,Kano,hospitalizations,9,95.79449786012208,25.433076218929582,35.98128268283321,62.724332328463376,127.37082223696726,262.3664873073831
state,Kano,deaths,9,8.471239477304067,1.9286818082269885,3.556322153163209,6.172401128876991,10.464942480225528,21.7816999309618
state,Kano,cases,10,5968.181359860452,1475.1385824288566,2071.0634740020896,3868.475956839687,8292.179881993856,16100.018850931889
state,Kano,hospitalizations,10,108.05831092148465,28.910193539291217,40.38561096320805,69.73837307186174,146.08161571310416,289.5275054493522
state,Kano,deaths,10,6.910359550727483,1.6493324849242486,2.908198298693664,5.008952679026697,8.548400003374395,17.76264648218754
state,Kano,cases,11,11324.264736661024,2867.6294749428503,4037.4615297074747,7539.160730186533,15946.762027800563,30324.43372941276
state,Kano,hospitalizations,11,163.02316625669184,49.3513215514736,65.87064261828411,107.57896225334103,223.10345609090336,425.0884098007484
state,Kano,deaths,11,14.893504451298758,3.5886587069274896,6.51595089152115,11.258024400935437,18.65916162061597,38.07776800902857
state,Kano,cases,12,12711.183611026565,3510.6964454205126,4724.580942384765,8152.412319343599,17604.483766932673,32964.52372093333
state,Kano,hospitalizations,12,295.89240269158057,86.3700009305124,117.09441895201734,193.10988342033298,395.4035334680893,796.9892242040613
state,Kano,deaths,12,14.669372374540854,3.5793870090090256,6.588200908450129,10.795459163334995,17.985798514907273,36.11982878739942
state,Kano,cases,13,19759.73841286358,4533.796800096361,6630.371415623369,12737.13849981554,27813.262491729012,54460.23531807265
state,Kano,hospitalizations,13,526.6145110824189,147.91569404360257,200.99223113733095,342.8715913817376,729.276780425324,1404.2518116309511
state,Kano,deaths,13,28.531712487513772,7.67119819705816,12.882485798464696,21.11129218349627,33.51125320139599,75.84625994987478
state,Kano,cases,14,36738.770469667834,10641.10973225329,14185.23337756121,22867.900408081616,51658.7725539728,97129.62338493798
state,Kano,hospitalizations,14,951.0135161131764,236.70812235140147,347.16061652421797,626.1374502955539,1312.9413089360492,2614.6158121278836
state,Kano,deaths,14,43.762652393236465,11.801804854349834,20.430194911941175,32.54621185201683,53.4723074907684,116.19287319319096
state,Kano,cases,15,56903.65916859152,15063.496087137402,20849.424677326264,37059.49127129853,78269.37577648414,151296.359714352
state,Kano,hospitalizations,15,1595.3294235862697,438.3132513686995,608.617817171943,1053.71979742786,2156.490995538968,4305.059769342824
state,Kano,deaths,15,75.94237009522317,20.443335386065925,35.21171905943345,56.582867946988515,91.32744383604938,198.35775416183355
state,Kano,cases,16,139722.1283750742,34790.939594300726,48685.78532925411,89202.53877222586,193910.38850761543,377252.0977832305
state,Kano,hospitalizations,16,3081.551896639066,845.594710169319,1181.4241447983122,2040.321615799776,4290.944375951427,8050.006977261196
state,Kano,deaths,16,168.78414296439638,48.0460279154365,78.05643893220582,125.63914926413877,200.98880094174433,419.9571667027858
state,Kano,cases,17,194759.0089213094,48402.89652334223,66908.89256520447,123346.88834816558,273262.2724607238,514384.5575748856
state,Kano,hospitalizations,17,6259.840595272509,1836.894269638457,2468.958339926985,4128.104346961029,8638.971778501691,16481.19847350471
state,Kano,deaths,17,437.5896390267862,125.97059726036932,203.3742019189229,331.11875741970823,525.5295010355817,1122.8375050695067
state,Kano,cases,18,347632.6350435175,95002.4040788513,130148.89178451755,222842.7364394112,487902.2127406805,904468.0751291562
state,Kano,hospitalizations,18,6220.69236622899,1772.9408954077048,2463.059201965196,4088.609461097669,8566.597042260844,15711.659192372885
state,Kano,deaths,18,655.2322464362551,186.40955819248305,302.8616262723992,494.1770242571839,776.0746996570432,1715.7475828490617
state,Kano,cases,19,609700.1405579324,181637.27088572155,235331.7010286859,391059.84946681274,815433.4433756811,1652154.2816722759
state,Kano,hospitalizations,19,4615.064702449833,1225.8424473740354,1729.440100776635,3053.9959908653127,6356.403680229812,12468.736392348475
state,Kano,deaths,19,674.3214279692481,175.92502440867736,305.8306633819468,498.2486632039522,809.670888907027,1778.8997116652622
state,Kano,cases,20,313853.41323460947,81903.22354430609,112297.39515283803,203514.67760556808,434217.9524669151,837744.4974001447
state,Kano,hospitalizations,20,2727.3970411813766,805.0440804325195,1096.7888462317142,1793.993175920389,3615.837933251931,7287.50162265456
state,Kano,deaths,20,363.4622810951177,98.52784051258288,169.24677950357963,272.70493792841575,437.29643796215544,936.3349386875724
state,Kano,cases,21,158318.40146198412,43536.04153096173,58924.73505246304,102347.22138873533,218124.5447145215,438798.616115637
state,Kano,hospitalizations,21,841.3450364504475,229.8605686522744,321.07015716851265,557.5784717390703,1145.7892144338166,2258.047226516692
state,Kano,deaths,21,194.63590314866462,55.13530362278071,92.89179170151283,147.58284961262032,233.65330463468422,505.9528191170142
state,Kano,cases,22,57304.8987666571,16353.083300231649,21638.73610934318,36751.895419995184,79987.43725757333,149186.80831043623
state,Kano,hospitalizations,22,380.53770842251106,98.83454007611361,141.20376094349683,248.16593017586663,526.685243179916,1018.1980134445542
state,Kano,deaths,22,44.161691615807754,12.596779974423363,20.99393779017292,33.387311997727764,53.405895469620354,109.3684104157204
state,Kano,cases,23,26393.828101112445,7164.4030599175485,9688.582632280282,17213.92364186407,35765.089707075516,71933.71262514601
state,Kano,hospitalizations,23,438.0849229295075,118.64117505343799,165.67112842400715,286.0284907633887,592.4113222431941,1179.8467550071427
state,Kano,deaths,23,38.30828668741923,10.557411492071132,17.843429747989855,28.40143053550938,45.01988472682952,99.94508538625122
state,Kano,cases,24,32345.26677030472,9254.703694078855,12389.145139687895,20747.94548323438,44804.43646876038,84367.57614352871
state,Kano,hospitalizations,24,783.3164454804463,218.39070057976662,305.47816116899946,508.4049249147349,1053.1137005938594,2093.167955940773
state,Kano,deaths,24,48.643858877144616,13.242019258773643,22.8031553202594,36.66643762161899,59.068631153759824,123.43953617837631
state,Kano,cases,25,49381.02428706113,14086.77050999157,18740.891248856668,31427.408179343023,68868.5631834349,130757.48795864101
state,Kano,hospitalizations,25,917.0071098305576,231.23083898474448,332.9503817075999,607.2524994075936,1287.4871664257664,2438.346667365623
state,Kano,deaths,25,70.67653015667192,21.325718881667502,34.16397087340803,53.269171923847,82.626677057058,177.41269598521728
state,Kano,cases,26,58432.19639066498,15482.514273113451,21191.94692273493,37720.041172577185,80102.25142741553,157162.0721562568
state,Kano,hospitalizations,26,1101.5790789395646,303.5481296128508,418.4205740072183,734.9083064814857,1506.3361392852255,3006.1914274672145
state,Kano,deaths,26,89.53362610038896,25.486977325867073,42.688313823263044,68.47597387045386,109.83693746240098,218.58732813719269
state,Kano,cases,27,99383.75115772501,27709.556170345368,37040.44878648949,63983.0839483461,136491.40749129708,258647.8183663211
state,Kano,hospitalizations,27,1799.7410214059284,482.05918712102283,686.2289786560636,1174.475703996091,2482.285019290399,4817.099468900505
state,Kano,deaths,27,148.81996933786937,45.16820282098141,71.37557407966577,111.11368739716261,180.67440008034683,375.5187334966555
state,Kano,cases,28,127546.39132507243,37684.286023483786,50114.372656490654,83171.11511261543,178170.67935029994,330454.64322994073
state,Kano,hospitalizations,28,1956.4099422777197,549.4963042454156,761.5921284128087,1254.7537319891644,2589.6947391881004,5090.6870382419975
state,Kano,deaths,28,161.58732179237742,48.64860535742517,76.0943841849857,123.28778804152046,196.7610308159494,419.7883471867667
state,Kano,cases,29,158243.73607222375,44205.56528741274,59184.66863085286,100534.94671257223,220530.17770414634,434386.5690011213
state,Kano,hospitalizations,29,1423.0230218485196,382.8537335558628,533.6000612077838,947.1984225633474,1955.0011965026533,3792.6563627376736
state,Kano,deaths,29,162.7135741438029,49.07048669949509,77.03838970310773,120.94499274609824,195.8517138082984,414.63649120137507
state,Kano,cases,30,166200.21950464358,50939.85221511313,66382.42543657335,105075.83344649989,224651.78660697397,432062.82363859983
state,Kano,hospitalizations,30,1032.5266163425442,288.6730830329482,406.2606743013629,690.0981295513079,1415.0263743826247,2709.798304711229
state,Kano,deaths,30,117.66215265336193,34.594969329207444,55.14852240558683,87.51338915817091,141.84557926750452,296.43795724508624
state,Kano,cases,31,101086.4107660275,25035.647737984116,34700.566278341605,65944.19561683908,139038.60122738726,276090.58312983165
state,Kano,hospitalizations,31,1042.724708129582,257.1954907380532,373.80221367516833,680.2195733973788,1419.4881305994527,2811.3015239974966
state,Kano,deaths,31,89.64795287107566,24.737046657430046,41.97558013913116,68.50867580872664,110.50056554760764,226.53504397792233
state,Kano,cases,32,83801.09034894162,25758.175229573026,33265.09591250414,52710.27490079522,115054.60752569254,218214.9663591807
state,Kano,hospitalizations,32,768.486743957666,206.16506020695752,289.538621084374,506.63798410512493,1037.0904818317158,2057.4015194284793
state,Kano,deaths,32,84.01776828285037,22.866233599600672,38.61553478485158,62.37238944527981,97.91025893067804,217.71660638896972
state,Kano,cases,33,55874.93552454351,15381.30805319613,20550.32869534728,35266.02449490533,77889.52485597675,149060.56774752357
state,Kano,hospitalizations,33,560.880141003251,167.51213747484522,225.55848727070526,371.18914231907536,753.4354206648495,1497.9910046513564
state,Kano,deaths,33,57.622773703207045,15.557846936690229,26.429782926748167,43.05583091379017,71.38393751179078,147.1025633888036
state,Kano,cases,34,38957.41219547481,10022.133129499685,13688.797633350243,24849.467510814262,53943.637873749925,107056.70395712882
state,Kano,hospitalizations,34,431.0610407915777,118.1834952283751,163.80434689510616,282.5151126197703,586.0207118480124,1142.497384626801
state,Kano,deaths,34,35.26797532935099,9.778545607187066,16.907568869635455,26.782754960338597,42.93008976181578,88.47384784302747
state,Kano,cases,35,29809.279436843128,7338.719718932301,10205.735267305616,19586.18775064793,42661.81241942432,78482.93303906904
state,Kano,hospitalizations,35,345.87699199955523,87.1192208422616,124.62313040435231,226.998891926994,460.314567223257,938.5708828077826
state,Kano,deaths,35,29.72679195454708,8.142023284211566,13.751995044039518,22.129092822591485,34.79921538518192,79.80503432993362
state,Kano,cases,36,25551.86749076655,6490.36301801001,9023.644120107117,16169.423109187046,35867.7310928558,69525.55362848108
state,Kano,hospitalizations,36,296.7171414402909,77.98778375484824,110.65582858663768,193.6843508207671,403.6375312747305,790.1574673217851
state,Kano,deaths,36,25.079545499633078,6.721102765212032,11.533980163826593,18.697462623518224,30.515634119059555,66.06751902896337
state,Kano,cases,37,21742.510717278987,6072.42851200369,8157.174083668131,13927.121631927312,30297.15332858438,59099.87059069424
state,Kano,hospitalizations,37,257.70585145179837,70.6795579212522,99.05865404732685,170.68945875333543,350.3517544181729,693.6982414723633
state,Kano,deaths,37,21.540641646467517,5.516078316194049,9.716886212245129,16.070974448567412,26.31909916618209,55.64421605142984
state,Kano,cases,38,20258.571641394276,5320.484927159479,7277.029751011023,13190.121317484549,28292.23379361535,53946.275042102025
state,Kano,hospitalizations,38,235.55970712292466,68.82786346648003,93.37878724822384,152.72505216004964,319.68835588012155,621.6517350966972
state,Kano,deaths,38,19.15589313626562,5.126538379985736,8.884792262489428,14.061226338170528,22.611066340016354,49.458234401160745
state,Kano,cases,39,19700.416514414108,5232.520787272964,7031.62203770614,12770.988091940118,27705.779839719326,51431.74876978864
state,Kano,hospitalizations,39,219.96081973975853,63.11423066632142,88.18990675238945,147.14029680395402,301.2567836482136,580.2495953317124
state,Kano,deaths,39,18.987123551558508,4.850239493650421,8.560965576696976,14.207737949416888,23.554234877462143,48.355833099183386
state,Kano,cases,40,19072.46754685986,5064.662936652166,6988.043684959001,12518.051452963799,26490.472310684996,50635.25585456796
state,Kano,hospitalizations,40,204.1097397224288,54.580177740007805,78.11904986556279,137.7534776415865,279.8349853331059,545.6105705514017
state,Kano,deaths,40,18.165997874028232,4.540625113353414,7.966076940107789,13.389821968665224,22.720093466995916,46.700688947944386
state,Kano,cases,41,18335.463884890294,4599.497772201449,6379.028798294321,11542.834075802859,25873.450953187534,49253.53622899827
state,Kano,hospitalizations,41,189.99545172669866,51.75180849397739,71.77360673466882,124.66451229184239,256.2702621079924,502.78062250965945
state,Kano,deaths,41,16.55393416255043,3.782295906442889,7.084820345490226,12.366519035931526,20.297047889180178,44.48728400310335
state,Kano,cases,42,15301.455950393396,4579.51731549525,6021.014081501007,9651.147719991393,20830.11512703308,40574.94067374455
state,Kano,hospitalizations,42,158.36499998475327,46.055166779261526,62.33650847292634,104.95600227568671,218.22312692699012,413.7732486574453
state,Kano,deaths,42,13.019201831821052,2.884476937655671,5.628885040794436,9.703888801799632,15.846023596005796,35.07714544362819
state,Kano,cases,43,10718.593366082894,2716.6811308438346,3765.147260135129,6867.484895564503,15076.400947711203,28843.34382190193
state,Kano,hospitalizations,43,127.05357888761708,30.275872674999754,45.45872661964799,84.02945066586113,170.88998438655844,338.44224047531065
state,Kano,deaths,43,11.201805007433807,2.4870948820372782,4.756107005816766,8.072928106234508,13.464994658865635,30.511356835050655
state,Kano,cases,44,7783.640604305918,2073.031414933176,2838.0542355049156,5063.541328398569,10920.689404321907,20520.39007571058
state,Kano,hospitalizations,44,93.40409832444692,25.745038384980422,35.8529345786139,61.25401530734612,128.5820663777066,244.39998694381322
state,Kano,deaths,44,9.664233876621283,2.044968462893853,3.9597256654623614,6.946891458243908,11.866043614086312,26.10725557060464
state,Kano,cases,45,5321.283719671775,1374.7005901606442,1890.2979384638659,3450.367336497982,7397.499853302215,14196.955296519995
state,Kano,hospitalizations,45,70.78614419257042,19.118235285437233,26.8273911931742,46.29003882446773,98.11387980981398,193.58972392555117
state,Kano,deaths,45,6.53084524929523,1.469986807986651,2.581155337461106,4.666291393970459,8.029219682642898,18.744357101723903
state,Kano,cases,46,3998.116825523513,1055.9659467283086,1453.9641090352889,2602.1832636616314,5687.3689132303625,10324.10318632636
state,Kano,hospitalizations,46,63.5740083515124,17.394287635346995,24.162998190581337,41.5020171413516,86.25788254633929,171.5010526912731
state,Kano,deaths,46,4.224269961988645,0.9430341778245277,1.4790542212844744,2.910965939292752,5.204196219922164,11.55863352321687
state,Kano,cases,47,3109.2236031895777,810.1370353410491,1111.720874482861,2021.7065672631668,4361.177164774874,8155.970731722751
state,Kano,hospitalizations,47,41.7119983988134,10.8127557548815,15.374901858223371,26.679852693702824,57.82911165767386,112.46159076129452
state,Kano,deaths,47,2.4955195866554405,0.6212478143488124,0.6212478143488124,1.5749304625782903,3.053986372111277,7.480140730638002
state,Kano,cases,48,2662.688820686716,713.5105756528991,970.983874482475,1693.0521132343401,3708.9194983870343,7063.796953587748
state,Kano,hospitalizations,48,30.307114253626448,7.288948209885999,10.762022580154394,19.64730917784411,42.17302288342668,82.56377814753505
state,Kano,deaths,48,4.088896600946064,0.9641295843252105,1.3760739767497197,2.8862583358415876,5.138268892860085,11.222441293912489
state,Kano,cases,49,2046.8467231061177,527.5862873927849,752.5560076279023,1348.4309337394873,2925.132753638175,5329.928908137301
state,Kano,hospitalizations,49,28.92385280829005,7.4000287590151395,10.486596438808824,18.50871251825027,40.21239265099632,77.94939414628824
state,Kano,deaths,49,2.966961128264412,0.7539730825468871,0.8234311256182637,1.94106309131964,3.666239698810823,9.030417395473485
state,Kano,cases,50,1853.545336461938,572.7121561252162,746.1218689743139,1152.7758220645396,2504.4527830311167,4886.694829157578
state,Kano,hospitalizations,50,18.155910708518807,4.074869779331736,6.121232853972824,11.92668546690943,25.196838233303545,50.2824087301522
state,Kano,deaths,50,2.69181163743308,0.6954324796083217,0.6954324796083217,1.6950870861680278,3.2877100294292463,7.937301801891333
state,Kano,cases,51,1598.8928638180416,427.65890930759474,582.6679494722979,1045.7881243101192,2234.8683488892857,4268.033751407647
state,Kano,hospitalizations,51,31.014059262212598,8.441663587748897,11.81825259597667,20.25389144535799,41.23074725660101,83.87970024725747
state,Kano,deaths,51,1.678968524638084,0.46548310819982336,0.46548310819982336,0.8963180868979531,2.066063785435097,5.346260607945809
state,Kano,cases,52,1397.2148219137744,373.8549148727418,510.50127783101846,892.9172527239026,1972.9266278009914,3725.205076929976
state,Kano,hospitalizations,52,26.08241333218408,5.613759107181464,8.640706643195537,16.96740514992264,36.209589328030795,70.28821222637369
state,Kano,deaths,52,2.658236151882132,0.705691015159281,0.7145850584548241,1.7217416125369498,3.3153047212387703,7.821569414385504
state,Lagos,cases,1,2150.539158953554,621.1318972710764,820.4046242425643,1381.6624120357694,2982.8563169531512,5677.534747817895
state,Lagos,hospitalizations,1,18.38192228150231,4.867548502040279,6.6193139028816,11.55948203549322,24.72479580629072,51.347074567435726
state,Lagos,deaths,1,1.126346177958206,0.3470067249071027,0.3470067249071027,0.47502286147424577,1.3429437632093888,3.867707995479718
state,Lagos,cases,2,1495.3836739388198,424.14231875365175,560.2325772715192,961.8115731956742,2050.555801038299,4031.765985108774
state,Lagos,hospitalizations,2,28.394847055938637,7.115426404778558,10.156887399801818,18.09819547738804,38.69983980729021,78.7567409581171
state,Lagos,deaths,2,2.046325595283072,0.552392025577622,0.552392025577622,1.2107261956258186,2.531168762898873,6.430024393966981
state,Lagos,cases,3,1746.1149168666552,490.52319172781597,649.06480370808,1113.122285555827,2419.2920884354016,4483.256928820035
state,Lagos,hospitalizations,3,31.00248452915694,7.380916271527877,10.732314144041789,20.213355100080356,42.8973018316194,85.12706893243583
state,Lagos,deaths,3,1.1297578218708328,0.38341529245956146,0.38341529245956146,0.4094457322973564,1.2909564541651368,3.9489458553523384
state,Lagos,cases,4,1629.658278950299,473.7670609219145,623.3436031728139,1035.430903770179,2282.298788908047,4295.873301518533
state,Lagos,hospitalizations,4,36.68219836988179,9.05434543163526,13.11429386684389,23.73032296901331,49.205737608865014,98.54059858026103
state,Lagos,deaths,4,1.8564361761462222,0.509577014563415,0.509577014563415,1.0695730435610795,2.384362044553339,5.462863772161322
state,Lagos,cases,5,1786.28902374381,421.55120740717337,604.4436298355272,1168.1602075789335,2522.497891141056,4813.013543796754
state,Lagos,hospitalizations,5,30.42236526860494,7.891415464688668,10.865971706239609,19.501997291439746,42.08825572178998,82.54882253335634
state,Lagos,deaths,5,3.0589427541750163,0.7887720738440231,0.9300914528627668,2.0566691128524717,3.7692505166464296,8.773648342122017
state,Lagos,cases,6,2767.057912692886,706.1368007956838,972.0458821704294,1796.8340916769625,3871.2996895630677,7349.662759094811
state,Lagos,hospitalizations,6,36.53050452072626,9.806361079423278,13.898417800628865,23.697696654690745,48.15947705533908,97.66321230696875
state,Lagos,deaths,6,1.5542051559798935,0.4819053440970183,0.4819053440970183,0.8076665623970256,1.893213003779421,5.022250554061743
state,Lagos,cases,7,2156.4386882074427,564.7151588300526,774.9210834179542,1408.197788475914,3060.6915776074065,5674.696102052743
state,Lagos,hospitalizations,7,34.41909348993335,8.45148220147422,12.382825069447893,22.672913344384437,46.6489247050896,93.68118162787944
state,Lagos,deaths,7,1.9262408041855272,0.585517667111585,0.585517667111585,1.0844594118459632,2.3247338165655105,6.187761151487356
state,Lagos,cases,8,3614.4891187405824,1034.5886627871348,1362.268794024568,2286.8028768629806,4990.806128073544,9909.372541933317
state,Lagos,hospitalizations,8,52.93538935838343,13.08392682004412,18.929792751279464,35.21249071763176,73.04553576665269,139.24017663496917
state,Lagos,deaths,8,1.4226279938327913,0.46977500533223626,0.46977500533223626,0.6927911864621972,1.6426337647231304,4.3395610727210485
state,Lagos,cases,9,6676.363824494889,1885.115573438961,2522.5725617267276,4292.50878787875,9151.107236610607,17849.227913884402
state,Lagos,hospitalizations,9,63.875929762516805,16.71638263970594,23.78616370980736,41.71030150408121,85.03866563571248,175.51753526407398
state,Lagos,deaths,9,2.5832686840587873,0.7081411430450957,0.7081411430450957,1.6334423397968434,3.2095059113751288,7.364603720948766
state,Lagos,cases,10,14429.812734033683,3567.643364692595,5008.323417014493,9353.66348660325,20048.20250061002,38924.067585880184
state,Lagos,hospitalizations,10,149.85667256588167,40.37375900115931,56.2473157640451,96.84999872249769,202.45302393383642,400.8768711034671
state,Lagos,deaths,10,5.746154872112199,1.403761484904126,2.326302184199064,4.114272842213835,7.126727806377385,14.96905458863647
state,Lagos,cases,11,40376.32220597383,10226.36150479339,14397.097191810422,26881.50618124913,56856.64887916818,108116.54402214599
state,Lagos,hospitalizations,11,306.57051015908115,93.41703882568993,124.39349248132277,202.60347611227286,419.23097036440896,797.9860979161606
state,Lagos,deaths,11,13.189187656060612,3.096088377081474,5.709149896678383,9.94218473883248,16.548845656313873,33.88295852171722
state,Lagos,cases,12,140496.40644657626,38810.919171878646,52226.995336893364,90112.02224770439,194578.06557814364,364340.0704772066
state,Lagos,hospitalizations,12,733.109760171218,215.03506808453736,291.0056720497659,478.9649929492951,979.1655422876696,1972.1447241114352
state,Lagos,deaths,12,28.35325957106205,7.58018240668454,13.217655726625468,21.100597960580327,34.57279917027949,68.54968018082161
state,Lagos,cases,13,370790.06609219796,85090.0580813437,124430.2446973987,239017.79857394588,521906.62442170864,1021911.1918612503
state,Lagos,hospitalizations,13,1642.060902016861,462.74303481112383,628.0303441655285,1069.861311138942,2273.1778331797377,4375.138754111147
state,Lagos,deaths,13,80.1461113927992,22.82649956294307,37.14594411207229,59.75685061897414,93.82915055483932,210.1562136511525
state,Lagos,cases,14,486609.4815042062,140951.4903076834,187892.65764506665,302892.7442120317,684221.7503201317,1286473.5427076072
state,Lagos,hospitalizations,14,3508.9210368784456,875.3916952402514,1282.6123137622,2311.1551244289194,4843.290720038454,9642.355696105635
state,Lagos,deaths,14,179.64925528535642,50.66442088664503,85.48613396392835,134.38291108118747,218.8346446371242,471.9568990040462
state,Lagos,cases,15,662182.1195137623,175300.19956134376,242629.3831310757,431261.2565409603,910808.8063399674,1760602.7729357556
state,Lagos,hospitalizations,15,4585.124714014038,1261.1112719764208,1750.382450343243,3029.1242700124785,6197.296309464275,12369.95980091571
state,Lagos,deaths,15,161.92493972639505,44.4061152650217,75.67806616622045,120.93132701690088,194.50272760592225,421.1386739271078
state,Lagos,cases,16,407845.747033834,101555.41053528384,142113.96157434452,260380.8962204759,566019.3141411585,1101187.1177345256
state,Lagos,hospitalizations,16,6606.842972681684,1813.783690227956,2533.676896909201,4374.833123410724,9199.329932707058,17257.359846499516
state,Lagos,deaths,16,194.71905631846127,55.5379200446952,90.13248948668917,144.98356686435403,231.84304892657605,484.25932975283456
state,Lagos,cases,17,205849.13164931588,51159.13562977236,70718.90943866674,130370.62606310016,288822.56764365605,543674.9596169412
state,Lagos,hospitalizations,17,6885.0513109766725,2020.4273231036523,2715.609631868715,4540.438800249933,9501.76374023598,18127.119168527533
state,Lagos,deaths,17,241.01066411800804,69.0614785032928,111.77224068661974,182.26078387885113,289.5352586670707,619.1255952286316
state,Lagos,cases,18,88601.70387030786,24212.878145640087,33170.79685185716,56796.02882208855,124352.74347600967,230524.46573489063
state,Lagos,hospitalizations,18,4484.804960928326,1278.001339282971,1775.5727299847254,2947.5852608894716,6176.188946856078,11327.73829267183
state,Lagos,deaths,18,98.3738619809848,27.379604432538724,45.01404986495764,73.98511926519306,116.67314753578682,258.96868986657364
state,Lagos,cases,19,19504.496573211996,5809.952997534952,7527.739718740285,12509.778727118864,26086.295369643605,52854.582909985744
state,Lagos,hospitalizations,19,1383.069557057593,366.8534405757468,517.8509299979078,915.0025303903607,1905.1883796954041,3737.895279354087
state,Lagos,deaths,19,47.943400487812724,11.822504909979333,21.23731606592486,35.18266243923901,57.752748448838666,127.9968610623477
state,Lagos,cases,20,8846.937314651826,2307.9795942539195,3164.8282278337065,5736.354270232675,12240.159946312924,23616.06362589048
state,Lagos,hospitalizations,20,406.7695063890706,119.46641007332445,163.06879541018202,267.26868313853646,539.5504391299341,1088.2947998869406
state,Lagos,deaths,20,8.40022042606415,1.581901824869826,3.384748696969659,6.04933963176994,10.288435181239922,23.141297491903803
state,Lagos,cases,21,7950.74728138212,2185.6906294259516,2958.6028609252826,5139.539843296427,10954.56950801241,22038.14126947272
state,Lagos,hospitalizations,21,137.9621247511244,37.08519520261942,52.13209127183824,91.14899823020836,188.18644852580033,371.67626557488626
state,Lagos,deaths,21,7.431070487150991,1.5080409405528905,3.037823836592717,5.389817054317033,9.091283696037012,20.80154558735056
state,Lagos,cases,22,10998.71438555685,3138.1226594777804,4152.689614935283,7053.620225194148,15352.567135610016,28635.201796678175
state,Lagos,hospitalizations,22,138.2502070472401,35.43671403684669,50.900251841817294,89.9383439701461,191.58982204507356,370.97773971301746
state,Lagos,deaths,22,6.710286892846564,1.524425767801886,2.7435161821913097,4.852951852172315,8.260249439649407,17.78544598678403
state,Lagos,cases,23,17066.29254341823,4632.257308842348,6264.429756740177,11130.428353417372,23125.891140430314,46513.066304843494
state,Lagos,hospitalizations,23,247.41636510819365,66.688103763061,93.29573581195343,161.3890291705119,334.7279560003648,667.0749971362018
state,Lagos,deaths,23,6.82583824850325,1.5054056175167934,2.739893858526068,4.835361765994975,8.13366019677534,19.03477657376589
state,Lagos,cases,24,30158.414535415133,8628.948133086127,11551.47763444714,19345.159865845308,41775.25014649631,78663.62240431982
state,Lagos,hospitalizations,24,417.9952016350514,116.20224834755957,162.7258528438521,271.13278576326724,562.1254898092091,1117.7401845432087
state,Lagos,deaths,24,15.178814435814886,3.640685262314061,6.756129947882973,11.273405812650948,18.573039908010635,39.54795258308863
state,Lagos,cases,25,39029.773415207215,11133.751696377714,14812.295349219756,24839.51830920975,54432.41690877688,103348.44727986862
state,Lagos,hospitalizations,25,505.52150112427256,127.13616791226552,183.2611531350546,334.6106567839019,709.938343209349,1344.9389611313425
state,Lagos,deaths,25,25.81068260012645,7.350710452386565,12.152729400400528,19.298837570644192,30.27971689960523,65.73347331384763
state,Lagos,cases,26,56606.07062914359,14998.631034825785,20529.63527920583,36541.201586665775,77598.90367222411,152250.48845808615
state,Lagos,hospitalizations,26,476.175116327905,130.80259987812028,180.51719456231496,317.48702597341986,651.3462229126039,1300.4548766897121
state,Lagos,deaths,26,29.896454787600387,8.03917873922105,13.909458055751513,22.709981632489853,36.82518768768986,73.93830207502131
state,Lagos,cases,27,65962.03948942856,18390.8809439655,24583.923950467914,42466.125057057674,90590.90630831273,171667.8125798616
state,Lagos,hospitalizations,27,1093.6712389777979,292.6518869618042,416.76679077346137,713.572184442748,1508.5900279315288,2927.924732897863
state,Lagos,deaths,27,41.0930135061299,11.971293436288938,19.33444560637234,30.499158481258206,50.042748240418526,104.78568534241187
state,Lagos,cases,28,98886.06635166083,29216.27634544737,38853.28098243222,64482.06296431817,138134.9077191612,256200.15612616463
state,Lagos,hospitalizations,28,1145.1312505205467,321.3346341326692,445.52407801599367,734.2872610403759,1515.9414117144477,2980.3589408914827
state,Lagos,deaths,28,48.24234558763875,14.036927578379261,22.349350164898524,36.642678061203405,58.89530374110147,126.44293332958705
state,Lagos,cases,29,62540.70092655531,17470.37916760635,23390.440868905716,39732.9543022528,87157.63354000488,171678.24887107912
state,Lagos,hospitalizations,29,1347.1106501280683,362.39110980547497,505.1013937385587,896.6514931851004,1850.7299258585808,3590.422657545208
state,Lagos,deaths,29,40.93374786437459,11.825101251890464,18.988826062018994,30.23510439425245,49.421781924181886,105.46151925045828
state,Lagos,cases,30,64282.11820185248,19701.844744503964,25674.705609752615,40640.49784730666,86889.94868782342,167112.15313139712
state,Lagos,hospitalizations,30,1102.945663544512,308.4098776008748,434.0092665423855,737.1859074919349,1511.5069357151956,2894.4977897133704
state,Lagos,deaths,30,44.13198383993368,12.53819684395562,20.355538806444386,32.665197872939075,53.329912536980494,112.1276045444958
state,Lagos,cases,31,57567.1484363646,14257.090521927028,19761.15340117589,37554.05043770623,79180.49590869887,157230.06486955917
state,Lagos,hospitalizations,31,980.7684775668292,241.86882535413469,351.553691449894,639.7819018307993,1335.1669590821193,2644.361333470612
state,Lagos,deaths,31,44.25238626340176,11.84819722600535,20.453849654119207,33.69944269814532,54.66222403195694,112.5878237999846
state,Lagos,cases,32,43487.46038321927,13366.528981809444,17262.188640897435,27353.11707186805,59706.23652493595,113240.52379114238
state,Lagos,hospitalizations,32,886.8641558954259,238.03521763825813,334.2349206658854,584.7327287274863,1196.7897431398765,2374.064862250278
state,Lagos,deaths,32,27.263831349825633,6.9341582160560815,12.169900457269677,20.067696429351372,31.882006298648015,71.71076738300195
state,Lagos,cases,33,35330.50185549016,9725.549370873558,12994.027306764412,22299.064055876835,49250.77892127166,94253.69136244834
state,Lagos,hospitalizations,33,614.4923521586394,183.59084828390897,247.17573367652216,406.70184588628996,825.4204369061587,1641.0183451761595
state,Lagos,deaths,33,23.38554025256692,5.887506367056935,10.409865381490942,17.325741087287025,29.10927884472673,60.60567567861207
state,Lagos,cases,34,27471.47782515815,7067.057631742308,9652.695844329151,17522.915353895172,38039.3816340575,75493.36006830365
state,Lagos,hospitalizations,34,456.52290107725685,125.20711739598374,173.51645897868556,299.222988370793,620.6145260055919,1209.8850171498925
state,Lagos,deaths,34,17.350703537275507,4.453146764991568,8.05990518657751,13.05601885967828,21.225375816074827,44.26714843524114
state,Lagos,cases,35,21785.278681827345,5363.095280688069,7458.399347002708,14313.925555561353,31178.309227519676,57357.49745580605
state,Lagos,hospitalizations,35,366.4045622389651,92.33396133241185,132.05728629403785,240.49146530743025,487.6143518718467,994.1730349729106
state,Lagos,deaths,35,13.415908896449558,3.2881334850823527,5.919532137854361,9.848871669734114,15.791886156972664,36.90219765375504
state,Lagos,cases,36,19325.56441429772,4908.65429024722,6824.667059338368,12229.279984783689,27127.827798903338,52584.46492641224
state,Lagos,hospitalizations,36,302.49862086600973,79.52167677979305,112.82411447240253,197.46499832844668,411.49533734737065,805.5212471756978
state,Lagos,deaths,36,11.092024607349595,2.577672705109731,4.807781619038943,8.1270737524169,13.603176178407985,30.076601299809347
state,Lagos,cases,37,16097.996712826296,4495.794787266467,6039.350128522097,10311.446195271217,22431.893987720665,43757.56013944681
state,Lagos,hospitalizations,37,260.4866068287179,71.45002103596799,100.13415596847798,172.53489975480304,354.1283341700633,701.1653546415089
state,Lagos,deaths,37,9.029691629830829,1.8959119085595721,3.762858409419142,6.586777782191767,11.141306590783245,24.174138777105497
state,Lagos,cases,38,13964.104977335026,3667.147429694319,5015.811376868863,9091.758584838264,19501.78056564722,37185.34196908771
state,Lagos,hospitalizations,38,225.92606895609697,65.98419926525087,89.53531323470156,146.46476570764423,306.6286695014155,596.2949167575873
state,Lagos,deaths,38,8.455683700961167,1.8998003057559991,3.630267884250904,6.0550306733003465,10.059975696399938,22.63581712589871
state,Lagos,cases,39,13658.952965590124,3627.6552160492133,4875.059860444773,8854.44227164254,19209.461804186765,35659.83324883299
state,Lagos,hospitalizations,39,211.5484399614414,60.673285442661566,84.79428499067858,141.50032661079837,289.74931885144053,558.1203674093937
state,Lagos,deaths,39,8.19885599185268,1.7210245201798289,3.3931902295439667,5.987838752989662,10.282482286152181,21.67862612860105
state,Lagos,cases,40,13927.395414836263,3698.199227755949,5102.747589499,9141.034526609588,19344.391736341826,36976.114525006924
state,Lagos,hospitalizations,40,216.30123364319928,57.88380144870943,82.82179785187724,146.00082943210793,296.52750330451784,578.1004925654639
state,Lagos,deaths,40,8.534616182962125,1.7727714059801114,3.454461379973477,6.149047086288171,10.784444967837207,22.698310658729582
state,Lagos,cases,41,14060.319534299508,3526.8922696247346,4891.525850896145,8851.390548679128,19840.82582374208,37769.847027947544
state,Lagos,hospitalizations,41,199.2971779404538,54.32088998495218,75.31777576756292,130.78453702309304,268.7996575435121,527.3153922123711
state,Lagos,deaths,41,8.110879915710667,1.5288006945476562,3.1895338249018526,5.92649696952964,10.0360773263249,22.571397605664803
state,Lagos,cases,42,11308.30043477198,3384.2374178067334,4449.5775210789925,7132.432617616897,15394.263356852462,29986.70295372517
state,Lagos,hospitalizations,42,158.41068188857494,46.06865512113917,62.354663853899204,104.98637451492213,218.28596713532147,413.89214321807526
state,Lagos,deaths,42,6.5147513698987245,1.294568612239035,2.5428290064145345,4.720727919563784,8.003411685582707,18.281546830234955
state,Lagos,cases,43,7989.669505469838,2024.8316706802498,2806.386160737121,5118.951002751783,11238.094978715848,21500.33971613348
state,Lagos,hospitalizations,43,122.23107948676905,29.09802291440417,43.709090387426414,80.82724047812064,164.41660540006828,325.65884140490016
state,Lagos,deaths,43,4.98558295715176,1.122247793961809,1.8038381658973355,3.419483875993939,6.045995505824279,14.349392369537442
state,Lagos,cases,44,5361.962208057408,1427.8330909532322,1954.8694287333408,3488.0427350394125,7523.124812020362,14136.510647821737
state,Lagos,hospitalizations,44,81.34661950566684,22.329069939789694,31.145950807600897,53.30271799323424,112.03139842063841,213.05665515330665
state,Lagos,deaths,44,3.516807116451375,0.8310244826692068,1.067698564010157,2.313041318188249,4.363824876563671,10.300954366872308
state,Lagos,cases,45,3994.0313705909102,1031.6332273340638,1418.6527267740312,2589.67751870856,5552.488044992346,10656.31926281877
state,Lagos,hospitalizations,45,60.56844036140696,16.25452942849292,22.866334867271828,39.55859547293378,84.00563452443878,165.89108514334416
state,Lagos,deaths,45,2.6385889956631887,0.692863702109937,0.692863702109937,1.6707502483217518,3.255833142508501,8.30630688857534
state,Lagos,cases,46,2430.063073713876,641.5295872490163,883.4726656845459,1581.4750769988616,3456.959399024553,6275.63011201919
state,Lagos,hospitalizations,46,34.008032978750435,8.970324780397362,12.639194372852067,22.037527906597695,46.29671764863415,92.50139317096678
state,Lagos,deaths,46,2.4587809648221626,0.611428836802381,0.611428836802381,1.5357271361594775,3.0225736958884486,7.142558209970486
state,Lagos,cases,47,1649.4614193434188,429.4354134725533,589.4729396139473,1072.3630689757629,2313.8191362892653,4327.552287242498
state,Lagos,hospitalizations,47,28.153876143963522,7.060564176639794,10.173594887868884,17.887652776984524,39.14269318786447,76.42176786624246
state,Lagos,deaths,47,1.40269046395104,0.4069618496276136,0.4069618496276136,0.6867640247744728,1.6556516646885444,4.555100037591784
state,Lagos,cases,48,1778.8517866813895,476.4292382811829,648.4704719964741,1130.9496695917342,2477.9332734241684,4719.6307969347035
state,Lagos,hospitalizations,48,27.088141062444492,6.43553340756617,9.551026453631138,17.52150034971917,37.72800816543563,73.96020584823881
state,Lagos,deaths,48,1.4931157954028027,0.4440103356169568,0.4440103356169568,0.789737495918575,1.8268553061085286,4.628797569537177
state,Lagos,cases,49,1316.7366584255165,339.1316710764511,483.8938957315748,867.3240739349769,1881.8911135693509,3429.3155438595895
state,Lagos,hospitalizations,49,22.147427404122023,5.564673969035857,7.8812890336489225,14.083886290594986,30.86489338696432,60.042658909445294
state,Lagos,deaths,49,0.6546877784295237,0.0,0.0,0.0,0.7668105505653772,3.189315629889881
state,Lagos,cases,50,1184.884442049089,365.8588234468839,476.74523669589513,736.7791041814294,1601.1056036050013,3124.4244053368316
state,Lagos,hospitalizations,50,17.832361528014246,4.005780289045394,6.000492223048414,11.707513282676565,24.75267037060697,49.41291456918714
state,Lagos,deaths,50,0.6293679773917614,0.0,0.0,0.0,0.7052869732912805,2.9124906680885156
state,Lagos,cases,51,807.8135667844584,215.70522396332328,294.06885536314917,528.1957078115777,1129.3260955924193,2157.1772712950574
state,Lagos,hospitalizations,51,13.654468347272244,3.720921631967455,4.851678611728415,8.702644026989747,18.278818125048147,37.74855194090135
state,Lagos,deaths,51,1.318953904984754,0.39209635265062953,0.39209635265062953,0.5973499193421195,1.5826768062810237,4.345727038235977
state,Lagos,cases,52,825.7974193914632,220.66055702283398,301.4627760327105,527.5943662720003,1166.2293959093774,2202.392993297178
state,Lagos,hospitalizations,52,8.82156483574519,1.960061226036574,2.4715936526186617,5.470016356791054,12.399077361088711,24.670701768141292
state,Lagos,deaths,52,0.4476487427452313,0.0,0.0,0.0,0.45193759819825263,2.264545724212768
state,Katsina,cases,1,2064.750003810093,596.3253908997751,787.6524391608036,1326.5309775538326,2863.879857038105,5451.112329968424
state,Katsina,hospitalizations,1,21.62461424549494,5.684706214576988,7.898434412388207,13.667951546678923,29.043441072533334,60.13503337125343
state,Katsina,deaths,1,3.4651104021763057,0.7948728417676849,1.141907488240464,2.3787691402413427,4.366876874396853,10.150241795164257
state,Katsina,cases,2,5311.448450945359,1508.336603993514,1991.4830694644788,3417.165367383411,7282.415762326392,14316.091120236444
state,Katsina,hospitalizations,2,59.28856277663152,15.649906764588943,21.889879807219586,38.18255901910082,80.4496489021559,162.63185796598398
state,Katsina,deaths,2,1.9410696959120135,0.5311306116976995,0.5311306116976995,1.1256359654197667,2.3952550692329657,6.144044842374316
state,Katsina,cases,3,2573.4631995454747,723.2845657203995,956.90374079551,1640.716178064025,3565.424196642336,6606.781966202001
state,Katsina,hospitalizations,3,50.70548001418916,12.544506223537788,17.960743287738957,33.28317511669579,69.94299222088438,138.19106018676138
state,Katsina,deaths,3,4.233018686707899,1.0463246838567455,1.4616470260635595,2.846319876286128,5.251926657011797,12.505471245834114
state,Katsina,cases,4,1953.1921978841638,567.964140582074,747.2177068420516,1241.0659876681914,2735.321114191248,5148.402783843605
state,Katsina,hospitalizations,4,21.40981372117825,5.083842353244977,7.387580639201882,13.69627741160874,28.835334074642567,58.15313974209167
state,Katsina,deaths,4,2.4763885429660344,0.6327391916501555,0.6327391916501555,1.5697783401115843,3.202345166916187,7.024905131260644
state,Katsina,cases,5,2205.963793080615,520.7707953673424,746.6083342130121,1442.6916537608531,3115.042455180375,5943.395925570261
state,Katsina,hospitalizations,5,22.518706866295737,5.693265094819932,7.8772113599385145,14.338024374463512,31.235333324810952,61.50483102977498
state,Katsina,deaths,5,2.4607928558644003,0.6652864494066634,0.6652864494066634,1.5781345569072032,3.0226040547906505,7.243542106645982
state,Katsina,cases,6,2345.0133093064255,598.3199559011908,823.6859936239034,1522.7190983825126,3280.8918158039296,6228.910359166965
state,Katsina,hospitalizations,6,26.4407327480578,6.898753542307197,9.889783296392519,17.05242463251824,34.93240968675388,71.11644992956941
state,Katsina,deaths,6,2.841796025024301,0.7578374061131288,0.8183626912092873,1.8427104109652763,3.549825116020198,8.470504518693803
state,Katsina,cases,7,2520.269471677414,660.117447934728,905.7725311248564,1645.8451145611525,3577.015703763618,6631.846342675836
state,Katsina,hospitalizations,7,23.616842592377086,5.566404108130431,8.297699095355298,15.446723606138258,32.10402413736707,64.77961919104888
state,Katsina,deaths,7,2.714779467088348,0.7607469625256972,0.7607469625256972,1.7082806465816072,3.319734987051488,8.33885990209094
state,Katsina,cases,8,3720.737886367843,1065.021618212049,1402.3313207125934,2354.034786089544,5137.500871695604,10200.609725817947
state,Katsina,hospitalizations,8,40.17711295654786,9.751838089476578,14.214642021117056,26.645048287138888,55.52724712248277,106.06102723232281
state,Katsina,deaths,8,2.980465822274644,0.8180753133520386,0.8942303762167393,1.9478594318257643,3.6019337355371297,8.298415301255437
state,Katsina,cases,9,2570.82887511278,725.4493325608412,970.9699200577974,1652.6720428068527,3523.9919396183714,6874.12808690557
state,Katsina,hospitalizations,9,35.82868759476058,9.05580929255227,13.068613239431578,23.24234424638606,47.835500508966,99.19125842477071
state,Katsina,deaths,9,2.394047122673258,0.6677054248486624,0.6677054248486624,1.4830695880023612,2.969138017982236,6.886974702769289
state,Katsina,cases,10,4850.944527910284,1198.8533945734152,1683.2405060385418,3144.2357639721017,6739.966025591894,13086.431189958956
state,Katsina,hospitalizations,10,43.99341586895984,11.339147190516941,16.073214339909516,28.182398843551123,59.67702981991633,118.85417773790246
state,Katsina,deaths,10,3.789057332270201,0.9880132718358334,1.3411603320557355,2.599592593354237,4.7198569811498645,10.23954321436688
state,Katsina,cases,11,5028.814748809617,1273.0253916741092,1792.575146978119,3347.7615990395616,7081.7738267588065,13467.233845562096
state,Katsina,hospitalizations,11,62.37218909284812,18.45351853543338,24.835851881688306,40.950097627411225,85.58364075831257,163.62167272647523
state,Katsina,deaths,11,6.634673519704293,1.3762379204773256,2.6001457080694608,4.871602219517277,8.416752098865853,17.718278074082118
state,Katsina,cases,12,5698.267352221339,1573.4027552384168,2117.6249356760154,3654.4283719224627,7892.08602858037,14778.46974653722
state,Katsina,hospitalizations,12,70.17210690023553,19.944511262313725,27.309830163835123,45.53240924945159,94.02664739292518,190.2955718844461
state,Katsina,deaths,12,6.222075050766658,1.3694547312324752,2.4842316549066146,4.416054832613053,7.717602627739345,16.044103608504358
state,Katsina,cases,13,12591.07246329089,2888.6941359206103,4224.6877072047,8116.083465499349,17722.993987028916,34703.15969471506
state,Katsina,hospitalizations,13,157.2164062287282,43.655530596191575,59.57165643740009,102.1171930448922,217.9889878391384,420.39457276588803
state,Katsina,deaths,13,9.809270475356183,2.170605922487801,4.076102597493162,7.084948856853039,11.618969294225703,27.098678104344547
state,Katsina,cases,14,21767.052145037043,6304.374166018582,8404.24216555372,13548.660496484868,30607.04703948935,57548.202068882805
state,Katsina,hospitalizations,14,337.2577428061521,83.45952872765194,122.70415155479785,221.82677165369228,465.85347825212204,928.3484658397202
state,Katsina,deaths,14,22.964672625975204,5.85361192663313,10.472932223978356,16.95939871433238,28.16245486769047,61.74072152883557
state,Katsina,cases,15,38796.2146422677,10269.872310098384,14214.6795841975,25266.59417608592,53363.21680577075,103152.52425282594
state,Katsina,hospitalizations,15,439.93536631231296,120.34635029336869,167.38758438802688,290.3328874129899,594.9384500326352,1188.4124193315552
state,Katsina,deaths,15,41.786488432114886,10.92431452665674,19.136789349300706,31.020962055791696,50.34189527524207,109.85983225810797
state,Katsina,cases,16,108222.21593651794,26947.26286351609,37709.58194315905,69092.02669586056,150193.99144533474,292202.18739584024
state,Katsina,hospitalizations,16,906.2181611217133,248.1591778268477,346.99630120726647,599.7762738927596,1262.1514456034631,2368.4717850663355
state,Katsina,deaths,16,81.29162809134233,22.771816484776558,37.31737733128138,60.379947450297784,96.90070495099074,203.03113035093676
state,Katsina,cases,17,175644.20046830113,43652.27438306104,60341.99114083654,111240.85450725075,246442.72598781623,463899.95625198033
state,Katsina,hospitalizations,17,1627.377916600116,477.0167129610326,641.4098416906457,1072.9360364814115,2246.16458278523,4285.844170979408
state,Katsina,deaths,17,116.29172777038174,32.955660151370935,53.65565330716651,87.81829258244463,139.80942503698458,299.54709681526947
state,Katsina,cases,18,356954.1088997587,97549.83234270201,133638.7405545028,228818.08477699952,500984.88536920556,928720.5754274644
state,Katsina,hospitalizations,18,3471.7323670548385,989.1521325874304,1374.352177721109,2281.677816289327,4781.134796320059,8769.260073615276
state,Katsina,deaths,18,256.5474224477412,72.5514734557205,118.25469839714312,193.33907270688874,303.9737147677102,672.7613358034123
state,Katsina,cases,19,373031.6747666997,111130.51267274214,143982.30769804685,239261.26304850072,498905.22023598186,1010835.0684517674
state,Katsina,hospitalizations,19,4183.958958605247,1111.264585071844,1567.8300032344798,2768.6823299919606,5762.669965658779,11304.156749407977
state,Katsina,deaths,19,427.1312142336642,111.16455215435134,193.52038545978945,315.5069662083562,512.9382487171039,1127.3969280537883
state,Katsina,cases,20,244273.5105741896,63745.48014042368,87401.42085976657,158396.30284153493,337953.8530248181,652020.6467696473
state,Katsina,hospitalizations,20,2023.6775067061146,597.1458323084458,813.642572371288,1331.0210559982734,2682.968021635824,5407.620911929326
state,Katsina,deaths,20,363.221584131126,98.46211066813362,169.13434569332983,272.5241786262708,437.0069796905645,935.7159070739095
state,Katsina,cases,21,101849.72086905118,28007.43752241597,37907.35827706938,65842.09965706269,140324.46715042403,282289.4634917539
state,Katsina,hospitalizations,21,1433.5294812561801,392.1599017746876,547.4915509657919,950.2696705394029,1952.0036572948952,3846.200025827948
state,Katsina,deaths,21,260.13059244657586,73.92819495941896,124.32474253590962,197.3251894068753,312.21018009786604,675.6697107631152
state,Katsina,cases,22,34369.483087882516,9807.723981055266,12977.911420636785,22042.363731320613,47973.83835271765,89477.69508741716
state,Katsina,hospitalizations,22,264.32771231598923,68.42661116782901,97.890876945996,172.27416080047837,365.9611556213167,707.767367771634
state,Katsina,deaths,22,99.73414536848095,29.32791645934266,48.05796145610076,75.70165491316395,120.35354516306,245.1791642679258
state,Katsina,cases,23,17293.217555876476,4693.860634024511,6347.734283336156,11278.430710050758,23433.3839689977,47131.512672295066
state,Katsina,hospitalizations,23,150.0677338297958,40.162700526062984,56.34341661718113,97.75252230232671,203.16393048097004,405.27184848211306
state,Katsina,deaths,23,31.57446487269245,8.577508878140856,14.615357801338858,23.36466523469091,37.13620851387054,82.65216139918307
state,Katsina,cases,24,13585.094554343334,3886.5851252850957,5203.114731545306,8713.982079382684,18818.201014320544,35435.53000332001
state,Katsina,hospitalizations,24,195.09513883797158,53.852158383081786,75.62580315834968,126.36164089318694,262.54996590991954,522.5847832040328
state,Katsina,deaths,24,17.42217846174492,4.284575522441361,7.832284922295781,12.97632812145993,21.288778865831382,45.17393888911431
state,Katsina,cases,25,25205.510361082266,7189.947281958508,9565.591948608373,16041.284775525115,35152.709938158834,66743.22989161526
state,Katsina,hospitalizations,25,370.7785395236641,93.04986216941101,134.24468803682538,245.33276090107037,520.8171752691258,986.8972958635368
state,Katsina,deaths,25,33.097394681222056,9.620550629799506,15.727825651898181,24.816346210817382,38.78198249265248,83.8725669598014
state,Katsina,cases,26,47188.76591706089,12503.252022030782,17114.103505382198,30461.942522961246,64689.17472162615,126921.52082661605
state,Katsina,hospitalizations,26,630.1223949974128,173.32504264284165,239.07866849170853,420.238006195239,861.8075867418028,1720.3330927194452
state,Katsina,deaths,26,49.81181550317708,13.865762734681967,23.51997823627442,37.99325055526398,61.20700815663561,122.24294612667352
state,Katsina,cases,27,76022.80322817604,21196.03319772218,28333.64672423996,48943.263090264474,104408.09504105375,197850.95056206596
state,Katsina,hospitalizations,27,918.939401949992,245.77906174404188,350.08269768518176,599.511902203812,1267.6286969426517,2460.4086596946318
state,Katsina,deaths,27,81.63912305796134,24.465896243002522,38.92160724096672,60.8407335833973,99.20969281380178,206.683782666434
state,Katsina,cases,28,85455.77206369635,25248.147508287802,33576.30748940111,55724.33008628553,119374.0529294561,221404.33245944965
state,Katsina,hospitalizations,28,1059.6474075642534,297.29340566860174,412.22021849380815,679.4460892967459,1402.8008081806024,2757.9952112717224
state,Katsina,deaths,28,88.2349010580626,26.249285724739373,41.31270722119736,67.21447297577973,107.53974235787592,229.94670675212035
state,Katsina,cases,29,88185.34846380263,24634.357027259142,32981.885418453356,56025.4957305546,122896.22721187088,242073.74118313438
state,Katsina,hospitalizations,29,936.2944886444777,251.65321092947013,350.8747122139981,623.1058901255268,1286.4434704602436,2495.9913730673684
state,Katsina,deaths,29,110.46628193937143,33.09107043491134,52.133340923217624,82.02765982368435,133.02876790369578,281.9909160241572
state,Katsina,cases,30,103945.6300187789,31858.753699928297,41516.946642033494,65716.82543089587,140502.7830752523,270223.1208224447
state,Katsina,hospitalizations,30,1197.4250076467001,334.8902047218754,471.23880739617886,800.3623143282886,1640.9523132870968,3142.304127520887
state,Katsina,deaths,30,148.2725886018432,43.777151721623305,69.6327594623582,110.34656189964339,178.69444267439778,373.1659226098699
state,Katsina,cases,31,70944.45642392621,17570.291891208268,24353.352728850856,46280.84624127354,97580.17153587987,193766.3863789678
state,Katsina,hospitalizations,31,839.0595565070389,206.81302555366673,300.6659267960224,547.2911425347493,1142.30399550792,2262.5286418074274
state,Katsina,deaths,31,99.53697346775023,27.544767917885693,46.66389778657263,76.09155777074614,122.66445181660451,251.35743284712416
state,Katsina,cases,32,56198.32375813039,17273.607619468177,22307.895715743325,35348.21374298411,77157.54474036326,146338.90263904873
state,Katsina,hospitalizations,32,613.9674332135853,164.5646004657092,231.1960598550632,404.70007285794435,828.6333160622008,1644.0574475335186
state,Katsina,deaths,32,111.08657887732348,30.465004656042954,51.228726466409995,82.5495270185263,129.40230017007264,287.3537953176657
state,Katsina,cases,33,30023.29481406195,8264.507280983516,11042.021396908214,18949.3322084813,41852.58257618136,80095.52837995123
state,Katsina,hospitalizations,33,363.5928525189641,108.34417574595525,146.00929808432204,240.5061348002211,488.53814521796846,971.6654608405954
state,Katsina,deaths,33,58.17362902266754,15.713434560538689,26.687529888932918,43.46980635846937,72.06410111550784,148.4942253610175
state,Katsina,cases,34,20815.41272931535,5354.60009524144,7313.786759962574,13277.199984793995,28822.912044440774,57202.49536430304
state,Katsina,hospitalizations,34,235.00899860682392,64.10278572623922,89.02271717326249,153.86727916199857,319.65416060400105,623.623947025761
state,Katsina,deaths,34,30.763552336670845,8.439849218194714,14.68344711378112,23.332134153310143,37.47396843752138,77.3611874357787
state,Katsina,cases,35,16127.89088932902,3970.16500553852,5521.367538063989,10596.67368931641,23081.770760423147,42462.83517586382
state,Katsina,hospitalizations,35,191.16247645488184,47.81617429485015,68.5925425879669,125.3065372226138,254.5584593585463,519.5022870051715
state,Katsina,deaths,35,19.48237253734547,5.09394854870565,8.833479525740522,14.417539122059381,22.86327072893086,52.86353834095236
state,Katsina,cases,36,13918.221539252514,3534.9914096545695,4914.926592820722,8807.393098017461,19537.504420051577,37871.67723143965
state,Katsina,hospitalizations,36,168.39965526030798,43.94367799285947,62.5316420776997,109.7744812880687,229.23685492784665,449.1648832598636
state,Katsina,deaths,36,15.500634122847197,3.884478473360966,6.929172575138385,11.460892581030809,18.93723450003059,41.42785815967608
state,Katsina,cases,37,12259.542742237958,3423.6323342887576,4599.160634222919,7852.668747780936,17083.260620378533,33324.287687091586
state,Katsina,hospitalizations,37,141.50743905729436,38.48449629103142,54.11704688465878,93.57468759507145,192.54119147069315,381.67270243123113
state,Katsina,deaths,37,13.709837659150338,3.251343260497223,5.9921139312757035,10.13776855500214,16.824044231383787,35.95689254653572
state,Katsina,cases,38,10735.420124225055,2819.084198916626,3855.941620809402,6989.5436739228335,14992.803919354297,28587.98596975796
state,Katsina,hospitalizations,38,125.91512574725901,36.462897550450705,49.63455563570638,81.474038215048,171.05044556069782,333.0548744232369
state,Katsina,deaths,38,12.64994969296126,3.14764723522432,5.691973306201092,9.19640291239735,14.984617732223334,33.16006616264146
state,Katsina,cases,39,9917.289970229225,2633.7129251045776,3539.4350022223853,6428.805760387674,13947.432407922724,25891.803996681774
state,Katsina,hospitalizations,39,113.85908921783995,32.327637673092504,45.36238890256172,76.00577680424402,156.1180760491211,301.1431546401245
state,Katsina,deaths,39,12.303345095577194,2.892542868829184,5.361529030578346,9.11869205872257,15.337521220380548,31.839629279086363
state,Katsina,cases,40,10277.849570172364,2728.9276951671845,3765.4535040920723,6745.620473184385,14275.473751032629,27287.297497407733
state,Katsina,hospitalizations,40,109.32034231402636,28.894359197422315,41.55497899096085,73.62995746275408,150.04992945547065,293.0000086651264
state,Katsina,deaths,40,13.117451514804179,3.0802760723207707,5.60287755494193,9.597079763110717,16.46816069062967,34.128162574730496
state,Katsina,cases,41,10080.911255722356,2528.484995725002,3506.9219503363415,6346.129492013526,14225.511716663965,27080.54998258506
state,Katsina,hospitalizations,41,111.09840081910573,29.960911995706795,41.712037711076675,72.75458808194875,149.9961870813844,294.67720925519933
state,Katsina,deaths,41,11.286338200472768,2.345840069955097,4.656386890214371,8.35162437899039,13.900064235542633,30.824291191594867
state,Katsina,cases,42,8482.468022441817,2538.3748753935147,3337.5205653733483,5350.015993503094,11547.479513672186,22493.73524394357
state,Katsina,hospitalizations,42,84.74587514349446,24.317888057819818,33.078013983310996,56.00930181066156,116.95233057528779,222.16747336480822
state,Katsina,deaths,42,9.761328506126485,1.9799456572535072,4.08529655518298,7.211403353033546,11.923293319178267,26.676295835012812
state,Katsina,cases,43,6188.30587093661,1568.1415899866242,2173.5076097493748,3964.7431431180353,8704.427810293353,16653.220030871198
state,Katsina,hospitalizations,43,60.6364366000719,14.05388864426736,21.361790008362927,39.92687980630772,81.73510737522929,162.38235362367843
state,Katsina,deaths,43,8.657188149360461,1.821653665543943,3.551242693440932,6.1737891095294835,10.437192044084114,23.915421553318428
state,Katsina,cases,44,4578.245374708817,1219.0304736714736,1669.0483217288515,2978.171246552182,6423.586340066051,12070.52460382233
state,Katsina,hospitalizations,44,48.51788846309706,13.02793557664463,18.329588712402725,31.652610310304464,66.96658329179246,127.71378824756053
state,Katsina,deaths,44,4.552109805982984,1.029075149060375,1.560474754168781,3.1026089597349067,5.642137505569351,12.99421020937936
state,Katsina,cases,45,2736.980686506548,706.7115472731315,971.9539988264787,1774.511717731912,3805.0634822211655,7302.956240828218
state,Katsina,hospitalizations,45,31.47190389601278,8.098075848027873,11.58438984017178,20.3859890779103,43.822300927892144,86.99937183372056
state,Katsina,deaths,45,4.1436257004096335,0.9968159668707097,1.4284250721370497,2.8423812402696984,5.122823891439613,12.38888914353726
state,Katsina,cases,46,2421.7157484171144,639.3233904886141,880.4357304703215,1576.041472916534,3445.0861110466485,6254.0786048292
state,Katsina,hospitalizations,46,25.77022181228214,6.621859393198311,9.426543170466,16.61114129563709,35.15618744802045,70.47755840596177
state,Katsina,deaths,46,3.0957318622484573,0.7320287901332692,0.92436192129117,2.0358811293535215,3.815997510393622,8.748619424309105
state,Katsina,cases,47,1901.9638751878583,495.28730053300563,679.8088090955375,1236.575820484322,2667.9610204305286,4989.773209204189
state,Katsina,hospitalizations,47,24.18816800384028,5.962495653346091,8.651446739236569,15.314639705093887,33.674164327617135,65.8748130317345
state,Katsina,deaths,47,2.215153141596951,0.5672427384159354,0.5672427384159354,1.3510917432434306,2.7015733143909766,6.742962050082593
state,Katsina,cases,48,1355.8075954400508,362.95143777273717,494.1010393185032,861.9021364871942,1888.7278521388855,3597.6073494870043
state,Katsina,hospitalizations,48,20.863645896402794,4.941287864464668,7.208163492234734,13.408787965805681,29.12842628606025,57.31523859009603
state,Katsina,deaths,48,2.356808221658134,0.6209164040310823,0.6209164040310823,1.5028186980855405,2.9531530925877387,6.871467093304402
state,Katsina,cases,49,768.6921727057255,197.6714744884368,282.2273305527648,506.1895350306646,1098.7998294311042,2002.6530115009668
state,Katsina,hospitalizations,49,19.6400040498341,4.960243368811386,6.916610259789774,12.445486180350679,27.40375321179092,53.412252317929166
state,Katsina,deaths,49,1.3305063215500526,0.41513185280706416,0.41513185280706416,0.6193270006374112,1.5691961379652457,4.522671636692245
state,Katsina,cases,50,1181.6635248261312,364.8624178436593,475.44765844417145,734.7752618683531,1596.7542103758835,3115.9356074917337
state,Katsina,hospitalizations,50,13.974800122458443,3.1814535435094307,4.5599007389981185,9.092506389560091,19.453174785809978,39.03872756910484
state,Katsina,deaths,50,1.6902719441361287,0.48971569155584516,0.48971569155584516,0.8978498630799514,2.0193569380531304,5.293546909142873
state,Katsina,cases,51,1061.5649030841062,283.6927583248254,386.6416303803611,694.2217532883978,1483.9464543374345,2834.2682463387414
state,Katsina,hospitalizations,51,18.3133120701379,4.911908350178987,6.724674658174575,11.808251000380663,24.449551776755683,50.1511272370496
state,Katsina,deaths,51,0.6728051513372234,0.0,0.0,0.0,0.8087861209689731,3.0902667681725697
state,Katsina,cases,52,1023.2143768683993,273.58712855507025,373.68274140022936,653.8084654955724,1444.9323412906929,2728.5039010729743
state,Katsina,hospitalizations,52,13.751822597094996,2.9584089570046084,4.239833134067493,8.765487979475912,19.22383278342697,37.74594988903992
state,Katsina,deaths,52,1.6745106272898722,0.4991911127667032,0.4991911127667032,0.9253032772694388,2.052556599769625,5.240194302774096
state,Kaduna,cases,1,2574.918981153654,743.8441532159422,982.4223811305876,1654.3853258347874,3571.406336128778,6797.595963811808
state,Kaduna,hospitalizations,1,44.168558569303656,12.169255298407952,16.779505058646137,28.307281105661644,59.02825753085294,121.15077222701906
state,Kaduna,deaths,1,3.985864434135953,0.8911158422511529,1.401249099368901,2.787869644008227,5.016696954384253,11.500310221324451
state,Kaduna,cases,2,1261.8752061201244,357.7994862394878,472.65306040626893,811.5662456298902,1730.4135406753355,3402.458794276243
state,Kaduna,hospitalizations,2,47.46776286379209,12.384894988449574,17.40122241221635,30.49894142139001,64.47754367730595,130.5439940058827
state,Kaduna,deaths,2,1.253259067510374,0.3886872778821905,0.3886872778821905,0.555563996822949,1.4846853514197207,4.228091323855439
state,Kaduna,cases,3,1826.7010379341825,513.194824288262,679.0492085503839,1164.5114600864024,2530.9286782066283,4690.094423180102
state,Kaduna,hospitalizations,3,23.19190415678116,5.389022658654643,7.864792761585123,15.028551096684424,32.16826320472168,64.0765576062025
state,Kaduna,deaths,3,2.100751853897762,0.5996042010180277,0.5996042010180277,1.2041624286062047,2.5827134214049643,6.739411504545008
state,Kaduna,cases,4,2054.564266482084,597.4786744909137,786.0308679969742,1305.4971109944274,2877.2654592736117,5415.523701022222
state,Kaduna,hospitalizations,4,21.97672963516415,5.2127946198178154,7.6003326207414235,14.069050237894446,29.59211087564371,59.65356617442852
state,Kaduna,deaths,4,3.591105232000775,0.8494293762081377,1.1455985619946962,2.4498340568116284,4.641495707632009,9.773143579108558
state,Kaduna,cases,5,1672.7223246277372,394.7017470259836,565.9729439935428,1093.870227755483,2362.1515107201917,4507.12478131565
state,Kaduna,hospitalizations,5,21.727148015768957,5.501172110204822,7.577690786631418,13.82051345039452,30.147700606977416,59.39589365457754
state,Kaduna,deaths,5,3.116098024462048,0.8005073772338009,0.9588072372071307,2.102146051743921,3.8402071384775516,8.919060093276991
state,Kaduna,cases,6,1348.6881594408942,343.79559215954174,473.4512388039254,875.6129404478222,1887.109716507143,3583.138339194541
state,Kaduna,hospitalizations,6,30.687979100583224,8.122868261905309,11.577434892932141,19.85011145724809,40.501059394912396,82.29274596300155
state,Kaduna,deaths,6,2.178762187100922,0.617378103444274,0.617378103444274,1.3158360197135057,2.7065502157495214,6.715219744034109
state,Kaduna,cases,7,1550.105899652558,405.72493970767516,556.8539852524746,1012.1527794648301,2200.2249501696006,4079.5821072225813
state,Kaduna,hospitalizations,7,24.371556408046132,5.768058425976501,8.583231502093774,15.951802607519264,33.12064895902783,66.7997117740992
state,Kaduna,deaths,7,2.4064010069823087,0.6927679260749388,0.6927679260749388,1.466273359189203,2.933730919197625,7.504355488711409
state,Kaduna,cases,8,2161.2676659958447,618.3407882794306,814.3121020613916,1367.235949368941,2984.3833412761514,5925.965177220614
state,Kaduna,hospitalizations,8,33.363283330768674,7.9718639101787865,11.695847586205147,22.068391558582878,46.16912254252988,88.3370006522398
state,Kaduna,deaths,8,2.4187355752633577,0.6948027532416463,0.6948027532416463,1.5036580568719733,2.9084863917790322,6.897273572068276
state,Kaduna,cases,9,2848.7966806822856,803.9652590221273,1076.0221450998633,1831.4038368693573,3904.9792920770155,7617.204069067339
state,Kaduna,hospitalizations,9,40.73119203656729,10.395077496105513,14.942320847790235,26.47102528877845,54.33958497730481,112.53508414565651
state,Kaduna,deaths,9,6.276862660418214,1.4778558358051712,2.491289882622333,4.495865009890195,7.785032388078504,16.456517736061787
state,Kaduna,cases,10,5244.247207298206,1296.1145137481785,1819.7664493893274,3399.1912042416834,7286.3943666987,14147.309302580923
state,Kaduna,hospitalizations,10,48.81933551381899,12.662934061319348,17.904888493447245,31.313188666473543,66.18667381675772,131.71255315481864
state,Kaduna,deaths,10,4.74136446143627,1.1910131304405667,1.8221814174256208,3.339174548693567,5.89507414827882,12.548849929507211
state,Kaduna,cases,11,7385.939049795476,1870.0724720857284,2633.0990580400457,4917.093222072502,10400.977244616484,19778.85820434149
state,Kaduna,hospitalizations,11,75.41096175606268,22.456290569133902,30.151858093648716,49.58178434712511,103.39916215985657,197.49436401007551
state,Kaduna,deaths,11,14.578100774197738,3.497522595145197,6.366675344057622,11.014565744847738,18.268707750447394,37.30163797606347
state,Kaduna,cases,12,13257.112837996483,3661.507492874125,4927.522689436172,8502.563498784191,18360.557501973446,34380.23981128438
state,Kaduna,hospitalizations,12,208.79053244719432,60.73751449667474,82.44804651913825,136.16220228888096,279.10722940798905,562.8762821654415
state,Kaduna,deaths,12,20.188575602975252,5.193365663324213,9.262618743588266,14.952701010336895,24.67723417603529,49.20249928387309
state,Kaduna,cases,13,45124.933554352174,10354.733414821434,15142.504236706582,29088.013757432378,63516.0880177239,124367.53496585232
state,Kaduna,hospitalizations,13,341.6518914840718,95.71122223500203,130.18103958570325,222.32261289186607,473.2680780448565,911.6212057339468
state,Kaduna,deaths,13,75.52557405339748,21.469795846545566,34.973877501715876,56.29729732564979,88.42948785404268,198.1327765094878
state,Kaduna,cases,14,103618.67474522891,30013.666258449553,40009.399347932886,64497.71601736963,145698.5719087182,273943.1067346333
state,Kaduna,hospitalizations,14,796.6085541374448,198.15476888343733,290.69321785182524,524.4234173249016,1099.8360804799281,2190.3948812490867
state,Kaduna,deaths,14,194.96781229613768,55.04542082783446,92.81991882606772,145.86300735065055,237.47601424310005,512.0623354177827
state,Kaduna,cases,15,132160.43580816,34986.38876027546,48424.245012033956,86072.22862016228,181782.44963313517,351388.08809894125
state,Kaduna,hospitalizations,15,1057.1686359914124,290.21025842486256,403.1010862430148,698.1485547450739,1429.1492349770283,2853.3841423322265
state,Kaduna,deaths,15,203.19849765751283,55.90878595475816,95.10281851704094,151.82002765230652,244.02917314019868,528.0785018169016
state,Kaduna,cases,16,332306.7701923436,82745.72920443527,115792.26385511993,212154.4921322017,461184.35906874476,897231.5282180246
state,Kaduna,hospitalizations,16,2047.1616136495813,561.5088711655261,784.6463818399434,1355.3296628202027,2850.72675546108,5348.387129550124
state,Kaduna,deaths,16,315.04034970946543,90.29547402730773,146.15758592460935,234.72920486891655,374.9868864809771,782.5799495442426
state,Kaduna,cases,17,351018.0927435267,87238.12027412152,120591.77422447856,222310.88065562648,492505.7857131086,927084.3536121084
state,Kaduna,hospitalizations,17,3881.828936341589,1138.8196365959343,1530.811194980487,2559.775281782475,5357.311223587523,10220.879345686108
state,Kaduna,deaths,17,296.09047402571406,85.00694492262582,137.43835586597507,223.96956219393536,355.65890192547414,760.2615242116658
state,Kaduna,cases,18,194522.39854983386,53159.52065246189,72826.24316261343,124694.4166339839,273012.25745944836,506107.67488505214
state,Kaduna,hospitalizations,18,3140.797759409781,894.7954206751242,1243.287763536519,2064.149654695221,4325.420466721975,7933.496683398014
state,Kaduna,deaths,18,168.7033530383024,47.464595559585426,77.5794009942892,127.0540568073649,199.95352340452504,442.9553568298874
state,Kaduna,cases,19,63221.48846747539,18833.84009200993,24401.642519564462,40549.752493052794,84554.84427007112,171317.96480695368
state,Kaduna,hospitalizations,19,2018.2241549150554,535.6627341029292,755.9535254277116,1335.3594523816,2779.9452209049546,5453.688040982245
state,Kaduna,deaths,19,74.62537365652385,18.812818794053015,33.36020627587056,54.90799453210627,89.78238353907523,198.32076073847608
state,Kaduna,cases,20,19496.92931404718,5087.227833823866,6975.439006241517,12642.232431743943,26974.47042517074,52043.20203344171
state,Kaduna,hospitalizations,20,756.1103886885758,222.67138573502854,303.62844209382183,497.0975864590388,1002.6462919935839,2021.5063336441544
state,Kaduna,deaths,20,19.379534144072327,4.564955103974373,8.519102189440826,14.303815329090357,23.506710754795485,51.40972600549336
state,Kaduna,cases,21,9621.062836850873,2645.019031609916,3580.286438343261,6219.343232404199,13255.857202491501,26667.604353361763
state,Kaduna,hospitalizations,21,141.04005970931627,37.92876141833215,53.308937994787556,93.19004807399197,192.37682474936923,379.93084075467493
state,Kaduna,deaths,21,10.847705299636779,2.39775818562814,4.683083251154671,7.993424118763624,13.203097429825497,29.684845003369183
state,Kaduna,cases,22,7502.610560653469,2140.3968684289284,2832.4980498429723,4811.408846967219,10472.652720814087,19533.58959813531
state,Kaduna,hospitalizations,22,77.21302843344387,19.46547704808184,28.150911132772983,50.07750905939432,107.17228410805185,207.92942999184191
state,Kaduna,deaths,22,11.887344842105362,2.878464406544167,5.27374312443046,8.808937547772043,14.519213334481723,30.482450419102577
state,Kaduna,cases,23,10018.418016993244,2718.971058062334,3677.1440072694395,6533.746710140013,13575.728070957422,27305.256853146286
state,Kaduna,hospitalizations,23,136.27525813512062,36.40454825793822,51.10796587007984,88.73642250978409,184.52377498581473,368.1792513168334
state,Kaduna,deaths,23,14.930050795877625,3.6827412819596375,6.63483297580552,10.912640872201544,17.645975714301585,39.90013744629848
state,Kaduna,cases,24,23469.318415923088,6714.900614005221,8989.238462849267,15054.349686697473,32509.64081532993,61216.49259189767
state,Kaduna,hospitalizations,24,167.78492411602141,46.21288577142282,64.95411007152853,108.62395611046088,225.84530203291354,449.66501099966956
state,Kaduna,deaths,24,18.741079540117422,4.663052218737355,8.46484547591829,13.977300568782493,22.88508179570509,48.48087617698413
state,Kaduna,cases,25,38501.326351560725,10982.995605131737,14611.734567424592,24503.19653509793,53695.42973653498,101949.17416366504
state,Kaduna,hospitalizations,25,236.8787871115456,59.176865425131666,85.53496351537423,156.61355796400187,332.8795103827974,631.0962227456268
state,Kaduna,deaths,25,43.38476589496779,12.82491317358274,20.774834966790053,32.60548405299018,50.784740076540814,109.47975853023095
state,Kaduna,cases,26,41678.068026708126,11043.038056160469,15115.446318863305,26904.559479564366,57134.824695996256,112099.83959626629
state,Kaduna,hospitalizations,26,546.9553945842661,150.3531262468811,207.44197982418083,364.7288027301708,748.1099593215051,1493.5021148170551
state,Kaduna,deaths,26,49.20552078859834,13.68838207459404,23.22740193174719,37.52797684910359,60.46474417961305,120.77239156951458
state,Kaduna,cases,27,80359.08029826745,22405.078327092688,29949.81000024301,51734.966171914275,110363.42410261951,209136.11178874315
state,Kaduna,hospitalizations,27,754.4053792584356,201.64185916447212,287.2904654739055,492.1084811368202,1040.7305095539261,2020.1780668871643
state,Kaduna,deaths,27,86.03693293425096,25.821115972615264,41.046117183776,64.13171464474411,104.54255647992977,217.73609973803477
state,Kaduna,cases,28,110772.23609494412,32728.17652502607,43523.54369776111,72232.8908555517,154738.76611408553,286995.3909581044
state,Kaduna,hospitalizations,28,1137.6473278343599,319.2298773870223,442.6083982665101,729.486036912454,1506.036200387569,2960.8914847835813
state,Kaduna,deaths,28,120.78972019402826,36.19041366722377,56.74929665432573,92.10058596353073,147.13738453182555,314.2010531929836
state,Kaduna,cases,29,62741.608619805185,17526.50387215474,23465.583059750188,39860.5948522266,87437.62016895658,172229.74781272223
state,Kaduna,hospitalizations,29,920.3975155565957,247.36808886444942,344.90674494422166,612.5207488924203,1264.6077993344325,2453.6411777560393
state,Kaduna,deaths,29,71.93250199420443,21.30582216630412,33.765199174303476,53.32508252996755,86.69515957959271,184.16124507050145
state,Kaduna,cases,30,54563.47432861999,16723.069963228583,21792.92379836639,34496.11258565121,73753.33973471358,141847.14939095607
state,Kaduna,hospitalizations,30,880.6731819685915,246.11215445240643,346.42290031449875,588.5568409165132,1206.9732244066295,2311.507611509519
state,Kaduna,deaths,30,102.0235189399442,29.903863741346346,47.748638316043284,75.84809874479484,123.01978147272479,257.2382363415626
state,Kaduna,cases,31,46487.00276636316,11512.834813691943,15957.530314704934,30325.8271789018,63940.4276962078,126967.79050563874
state,Kaduna,hospitalizations,31,609.0306945345266,149.90873418420824,218.06241458159906,397.1556115834743,829.2393860547093,1642.7191134424154
state,Kaduna,deaths,31,50.32328656296281,13.571865983143551,23.33202234392642,38.354597364345594,62.129671396674965,127.82636502342318
state,Kaduna,cases,32,32842.02121247373,10094.322622120948,13036.372804917832,20657.166311781213,45090.64082716818,85520.39430165825
state,Kaduna,hospitalizations,32,615.6326293111345,165.0129128668183,231.82479554390528,405.79861912496904,830.8797799978352,1648.5119000686097
state,Kaduna,deaths,32,36.56008052933389,9.543885325986032,16.50178360384753,26.997346307543822,42.69765440266642,95.62701100406171
state,Kaduna,cases,33,24754.079710435624,6813.924142434868,9103.989030299388,15623.579603464259,34507.34663252155,66038.71739733299
state,Kaduna,hospitalizations,33,340.74196007180893,101.49101890969047,136.79547604681554,225.3697143423874,457.8562944140672,910.7035586004108
state,Kaduna,deaths,33,24.491988489944525,6.20003970720449,10.927609126217973,18.15730548337723,30.475543060725947,63.40114715490358
state,Kaduna,cases,34,18745.311075792975,4822.008973181731,6586.363050418346,11956.740782636978,25956.499432427638,51513.856698230724
state,Kaduna,hospitalizations,34,221.83557437710192,60.468913204551214,83.99787722802246,145.22298008973092,301.75605793165755,588.7590211679051
state,Kaduna,deaths,34,19.050951538424584,4.958632392771218,8.899723379306513,14.3589574790789,23.285582249386287,48.46323812999884
state,Kaduna,cases,35,14627.714906938803,3600.800093574311,5007.722600952038,9610.96576637177,20934.802407830703,38513.20056750062
state,Kaduna,hospitalizations,35,179.07523008904272,44.74557936796731,64.21508959607952,117.36170709140856,238.48353091190813,486.76207937940563
state,Kaduna,deaths,35,16.145348486753388,4.100828763522734,7.23093513335666,11.904970625858192,18.97431661147098,44.08549481156942
state,Kaduna,cases,36,12779.94756341153,3245.8281838910707,4512.916229527595,8087.06799907597,17939.70162299997,34774.55841869546
state,Kaduna,hospitalizations,36,152.2163777209293,39.65006822440243,56.46226611175703,99.19184950991792,207.24160991176052,406.15922759260934
state,Kaduna,deaths,36,12.742367494752504,3.0671404824618502,5.602354570432023,9.375764974770448,15.601062730779907,34.32824649478513
state,Kaduna,cases,37,10877.126155325917,3037.4937560440685,4080.4773673475147,6967.141722322088,15156.953950823343,29566.751709215132
state,Kaduna,hospitalizations,37,129.6388322244535,35.1960647146096,49.526672069220055,85.69811784664333,176.42228341423933,349.80214268458536
state,Kaduna,deaths,37,11.297996843113653,2.5533170743562654,4.8440818102607075,8.309063218783406,13.897522223140818,29.88895656131904
state,Kaduna,cases,38,9915.636561955427,2603.75556574664,3561.4433332248054,6455.777974657833,13847.946150492724,26405.062752448048
state,Kaduna,hospitalizations,38,125.12924222864488,36.23091989159337,49.32101646917946,80.96334268553457,169.98507522961825,330.98634068010585
state,Kaduna,deaths,38,10.189868264007728,2.398595705167951,4.483424806334466,7.354965883293454,12.09784803107721,26.990869899119428
state,Kaduna,cases,39,9043.81169657038,2401.680538038381,3227.6380026362667,5862.549313721664,12719.029861063344,23611.491381997683
state,Kaduna,hospitalizations,39,105.420881371047,29.879198149122438,41.95634174950019,70.34849051978136,144.57528051400917,278.9459845624162
state,Kaduna,deaths,39,10.73321064849516,2.432172317111266,4.609151798453526,7.921955631478291,13.405284656421498,27.955690486660856
state,Kaduna,cases,40,9223.010652031504,2448.776306929224,3378.9314801670025,6053.266937659157,12810.38954840886,24486.910351593244
state,Kaduna,hospitalizations,40,107.99930904050171,28.536388560619187,41.04540349452901,72.73629945787414,148.24117887884324,289.47949934004083
state,Kaduna,deaths,40,9.719971009981283,2.0964938291109947,4.0108789799666855,7.042051937531173,12.256468637351002,25.658524254902314
state,Kaduna,cases,41,9077.508653470888,2276.737905050515,3157.79588443642,5714.431187240353,12809.617595461565,24385.25768767365
state,Kaduna,hospitalizations,41,97.25476159318382,26.137381127806766,36.43729662328645,63.64623416073068,131.34884935693555,258.16242775656116
state,Kaduna,deaths,41,9.18245283766279,1.7712291437444225,3.6849651718906906,6.745586602636629,11.341143446749939,25.358822114991344
state,Kaduna,cases,42,7737.526290093432,2315.3898516092027,3044.3617667698827,4880.137977404112,10533.39608550967,20518.45025471363
state,Kaduna,hospitalizations,42,84.93377601677729,24.373369761673025,33.15269265616908,56.13423218371299,117.21081170368325,222.65652330604425
state,Kaduna,deaths,42,8.195697599557533,1.586651327483266,3.3421679569007745,6.011448031362035,10.034776347698484,22.631881373371513
state,Kaduna,cases,43,5526.570734372524,1400.3754226666297,1941.0181965416564,3540.7421912968953,7773.679260937606,14872.619298526184
state,Kaduna,hospitalizations,43,56.59639134800721,13.067058028668923,19.895903052420874,37.24399175338182,76.31155610073577,151.672117058605
state,Kaduna,deaths,43,5.900321322268501,1.297216486881041,2.240982174273803,4.1085218240485695,7.144530633807618,16.742502994884585
state,Kaduna,cases,44,3583.132616545378,953.9064651603841,1306.1312348043498,2330.769529978681,5027.463767505982,9447.269643497928
state,Kaduna,hospitalizations,44,41.889927083692264,11.149752661669307,15.74157402736392,27.28079276957764,57.8666216594889,110.48045860418735
state,Kaduna,deaths,44,4.235087481835109,0.9686413787071815,1.4101075594795742,2.8616779374009607,5.2520693817472655,12.172382098147484
state,Kaduna,cases,45,2557.9251520100856,660.4293839288772,908.325793134996,1658.3987001383314,3556.1586106509776,6825.299917288209
state,Kaduna,hospitalizations,45,29.122400388417,7.43914450846285,10.672960984938584,18.83710130576835,40.57603003653608,80.62598641334695
state,Kaduna,deaths,45,3.3793894579578048,0.8434184458084035,1.0547207992000858,2.251086781891375,4.180597805518861,10.328506412265233
state,Kaduna,cases,46,2348.1480518860517,619.8794598896632,853.67023130962,1528.1533504357085,3340.4429570146385,6064.138152723467
state,Kaduna,hospitalizations,46,19.683247010082116,5.047799481115234,7.050766888944589,12.598293403805378,26.917693522961493,54.19079057259603
state,Kaduna,deaths,46,3.1012756082535247,0.7330731134754747,0.9271072451094999,2.0402121632831687,3.822868085272505,8.762526952204608
state,Kaduna,cases,47,1487.2826703078597,387.1396796374946,531.451490845981,966.8915458324298,2086.3588228477593,3902.2171737690437
state,Kaduna,hospitalizations,47,18.7716430810562,4.637855498003255,6.571211413148168,11.798245659321504,26.20062968708832,51.46087569645216
state,Kaduna,deaths,47,2.0601758772950114,0.5371608432405578,0.5371608432405578,1.226409150451763,2.5052722727268075,6.332338948255032
state,Kaduna,cases,48,1032.5823662459109,276.2491763135678,376.1556891849948,656.3374405232629,1438.547797004363,2740.329803852095
state,Kaduna,hospitalizations,48,16.84321613838183,4.029288819584108,5.693206770329086,10.749400125400038,23.5677107903606,46.55216561096058
state,Kaduna,deaths,48,1.2084212667508938,0.3830301914995789,0.3830301914995789,0.5439358969946657,1.4386164969241753,3.855741495243363
state,Kaduna,cases,49,929.9930236319359,239.30614225061183,341.58198042938034,612.4789147104984,1329.2798247156124,2422.5493638048324
state,Kaduna,hospitalizations,49,12.225576708699538,3.169720833506485,4.058913969622408,7.592005370231188,17.15071592480443,33.7708039598631
state,Kaduna,deaths,49,1.2567539201205402,0.39897263329651456,0.39897263329651456,0.5562938696316311,1.4691888653883283,4.307698821046916
state,Kaduna,cases,50,1049.1950320367812,323.8826784311821,422.0814203872458,652.3621004531324,1417.7919885322299,2766.811995087614
state,Kaduna,hospitalizations,50,10.213547584740425,2.375796734495175,3.151936792155108,6.536726026412113,14.27370593398149,28.899502510758357
state,Kaduna,deaths,50,1.9757074236697554,0.5490484063757671,0.5490484063757671,1.1277885533012133,2.3851745894661436,6.05605713784236
state,Kaduna,cases,51,1042.4610803645226,278.57427570903366,379.67223306258586,681.7223821092163,1457.2486462982288,2783.2930430515753
state,Kaduna,hospitalizations,51,11.246396705924871,3.103884041692969,3.881299220068808,7.093661983866391,15.081826450453308,31.32290918862512
state,Kaduna,deaths,51,1.4958676326924278,0.42858095009144903,0.42858095009144903,0.745983458994682,1.8229950927427812,4.843147373059461
state,Kaduna,cases,52,1126.0143788372782,301.1473327404455,411.289503640199,719.5313386190693,1590.060012692876,3002.463154859564
state,Kaduna,hospitalizations,52,8.069805885111862,1.8072096468903358,2.200868144196754,4.965464660088571,11.354176259766273,22.668821800857394
state,Kaduna,deaths,52,0.5858740488646343,0.0,0.0,0.0,0.6811156551119227,2.779831124018742
state,Bauchi,cases,1,1328.026096232853,383.29675952273254,506.38940848079375,853.0836545915117,1842.1562800691713,3506.684643716001
state,Bauchi,hospitalizations,1,15.99549499416818,4.265555559286852,5.676997006350379,10.006190980080786,21.543287594781624,44.87306214615736
state,Bauchi,deaths,1,1.9505320295635769,0.5101511910736132,0.5101511910736132,1.1685016906901253,2.444473739636445,6.156250451219133
state,Bauchi,cases,2,3071.083148780746,871.8193016425984,1151.213281400125,1975.6569637049136,4210.854295739147,8278.288688854942
state,Bauchi,hospitalizations,2,34.252501841392494,8.73411827980132,12.38222493400324,21.907495482701567,46.61831567418084,94.6649116601743
state,Bauchi,deaths,2,1.69261718188336,0.480599499730059,0.480599499730059,0.9234055787588603,2.072234685388551,5.464369218561228
state,Bauchi,cases,3,1852.1894418989498,520.3655842353407,688.5329088841347,1180.7652271433087,2566.237965459127,4755.5145915846815
state,Bauchi,hospitalizations,3,22.28297169647168,5.18605462238059,7.530915973016457,14.424863981881206,30.919039054871106,61.62556380984242
state,Bauchi,deaths,3,5.85408345792022,1.3788777145183535,2.2440314919629145,4.068794459451041,7.238974453303703,16.797910736758187
state,Bauchi,cases,4,1891.3137205537616,549.9481876410387,723.5257831606659,1201.7366155910722,2648.676932407845,4985.349628800733
state,Bauchi,hospitalizations,4,24.526996320886653,5.8080541113845054,8.55714890072434,15.745533372596148,32.995587347503125,66.40148187884594
state,Bauchi,deaths,4,2.9337536853364883,0.7221904045967567,0.8242019136497157,1.9330714513339098,3.7964365040129096,8.159397047117126
state,Bauchi,cases,5,1898.7552115604922,448.14048469981543,642.5415177993127,1241.730284800093,2681.2904445611975,5115.938109536328
state,Bauchi,hospitalizations,5,23.29665648100873,5.882018072671382,8.171524034879592,14.846537104297969,32.30405488541916,63.57709936621799
state,Bauchi,deaths,5,4.180397582650239,1.0172358369270873,1.4891324877038197,2.942017556565427,5.150639331299564,11.60453517665427
state,Bauchi,cases,6,1472.694135391219,375.474549709874,517.0426332287633,956.1539472356027,2060.5845198970983,3912.4400149808303
state,Bauchi,hospitalizations,6,23.619038065310033,6.085279189924148,8.768269709827683,15.19324718658009,31.23181394808033,63.68934360343819
state,Bauchi,deaths,6,2.7632569368509152,0.7413224794167765,0.7787366100598703,1.7807615632608136,3.4506745229428795,8.264121610378572
state,Bauchi,cases,7,1814.3189120184127,475.0058453818502,651.8779819614474,1184.7316781133377,2575.1782496892934,4774.662237468352
state,Bauchi,hospitalizations,7,22.844192366246368,5.359929626522902,8.005341578327176,14.929571649785917,31.06309882873083,62.71124012860351
state,Bauchi,deaths,7,4.029470838786225,1.0464492326824595,1.4120263966613977,2.725388787744709,4.942032745794774,11.846114753093003
state,Bauchi,cases,8,2526.971608173585,723.0897846165434,952.2056915175102,1598.6454498588243,3489.300689847622,6928.391733630084
state,Bauchi,hospitalizations,8,21.876874598021246,4.983937524848921,7.44761310982181,14.349337303365974,30.385576682727855,58.44340563146282
state,Bauchi,deaths,8,2.505059851164242,0.7138488212558717,0.7138488212558717,1.572288817779396,3.0156265798441875,7.113755169008989
state,Bauchi,cases,9,1916.219539813611,540.5456947963246,723.5737618387088,1231.7617842667532,2626.773367707236,5124.197105642859
state,Bauchi,hospitalizations,9,26.662280374379062,6.55102065130129,9.564280409016751,17.203849806100973,35.67112831315856,74.23474634762968
state,Bauchi,deaths,9,2.292978357941407,0.6459924581049457,0.6459924581049457,1.402323190893412,2.8400664864678653,6.630499896579749
state,Bauchi,cases,10,4299.299460174794,1062.4352629738814,1491.7496588757356,2786.6360869601817,5973.547399327866,11598.446975848838
state,Bauchi,hospitalizations,10,51.55589247550792,13.413548225455054,18.94348510899861,33.088410371605775,69.87777477513816,139.00351435755468
state,Bauchi,deaths,10,6.126441773215712,1.4840756258231078,2.516611652889983,4.4068784124369955,7.5916865399447016,15.882700471050917
state,Bauchi,cases,11,4078.2350998098527,1032.2486096025675,1453.6091772925238,2714.8825002313433,5743.207498887885,10921.885827607548
state,Bauchi,hospitalizations,11,70.32183879967184,20.89398854766202,28.076994179046824,46.212793683309066,96.44567471044112,184.2736825374565
state,Bauchi,deaths,11,5.764718420070919,1.2176403235582471,2.185265076339505,4.194959040148122,7.331566004629446,15.561184538988364
state,Bauchi,cases,12,7677.759828885997,2120.2306572528532,2853.474275926786,4924.046467375873,10633.544438169112,19911.734667152075
state,Bauchi,hospitalizations,12,105.3142471686114,30.286337372861677,41.28844905385097,68.50883867936997,140.9482036373189,284.7520867856311
state,Bauchi,deaths,12,9.603772152920278,2.09625688474459,4.13060356318261,6.975253362808249,11.836851143724639,24.097796979687274
state,Bauchi,cases,13,10189.958709865083,2337.6740911122347,3418.914320732317,6568.281004583233,14343.302053714768,28085.612393665913
state,Bauchi,hospitalizations,13,114.48225523499259,31.594100099254106,43.21129044353182,74.26530459243871,158.84020108971566,306.57616587776334
state,Bauchi,deaths,13,13.519294277200645,3.2619861788996163,5.8233894851924894,9.867935381253758,15.962648162137054,36.770754440558015
state,Bauchi,cases,14,20203.077383672695,5851.35034969792,7800.348600686524,12575.1546035201,28407.942923720853,53413.44995726998
state,Bauchi,hospitalizations,14,226.00361096597865,55.680500031152874,82.0174318005621,148.5382821562415,312.3037679376698,622.6825677400932
state,Bauchi,deaths,14,17.677070272159053,4.34122612383225,7.94120151062797,12.996300141907088,21.727179105238125,47.89573329293049
state,Bauchi,cases,15,30684.05429438057,8122.322186708325,11242.30454891441,19983.359865279544,42205.22292503988,81584.01896438352
state,Bauchi,hospitalizations,15,383.5523860194747,104.82963423944973,145.85564438622603,253.07977118636438,518.7350232924555,1036.3207022164258
state,Bauchi,deaths,15,46.891186238983785,12.3469604236019,21.539235266119675,34.84126469734579,56.4673070539592,123.08610913511052
state,Bauchi,cases,16,79546.78797687411,19806.900569776928,27717.57545481351,50784.75230574191,110397.48734203423,214778.3982648396
state,Bauchi,hospitalizations,16,1097.303754396031,300.63908988671767,420.2940839492254,726.3166096593961,1528.206572939111,2867.549009486465
state,Bauchi,deaths,16,76.70844886805568,21.44786047685947,35.18331568067662,56.96143081129806,91.44818824566501,191.66774796056598
state,Bauchi,cases,17,142561.35236795602,35430.16161455348,48976.36313329506,90288.40396916596,200024.9455395005,376524.01413474133
state,Bauchi,hospitalizations,17,1287.5378964669014,377.2553444846855,507.3398746956704,848.8072021739312,1777.1847168270524,3391.1862451243774
state,Bauchi,deaths,17,118.07165869149429,33.47094567575622,54.485066337260875,89.1661320962201,141.94624281920758,304.10797319624805
state,Bauchi,cases,18,302806.9989931135,82752.18549958488,113366.70763135911,194108.13995971566,424989.50914282916,787841.2660589986
state,Bauchi,hospitalizations,18,3523.479576378497,1003.9063964499016,1394.8463101539646,2315.692014417176,4852.39342041293,8899.945780397004
state,Bauchi,deaths,18,231.72313521806703,65.46204935713125,106.76006623051936,174.60726434719433,274.5781377475964,607.8193349661622
state,Bauchi,cases,19,284562.8386977888,84774.44189989677,109835.06938074756,182517.56374561045,380584.07681490923,771104.083791158
state,Bauchi,hospitalizations,19,3596.7252054121222,955.1915355399034,1347.6916601745024,2380.040298879685,4953.911366212846,9717.816311172483
state,Bauchi,deaths,19,408.71756746234917,106.34042727167979,185.15418942316563,301.8942061883863,490.8340968600988,1078.8653055973161
state,Bauchi,cases,20,265749.60828061507,69349.93568807142,95085.65662284422,172322.2582933049,367666.12806678296,709345.0092658175
state,Bauchi,hospitalizations,20,3510.569283195165,1036.4148597238427,1411.9034497825041,2309.2366719242996,4654.032532656325,9379.628270858188
state,Bauchi,deaths,20,403.51114031853575,109.46443582094346,187.95431018437387,302.7809460544493,485.4585476030454,1039.333786447329
state,Bauchi,cases,21,67427.93253819206,18541.618334800885,25095.730892896827,43589.5596641743,92899.63317314617,186885.69512151057
state,Bauchi,hospitalizations,21,1008.7757760909766,275.74812552108864,385.0872075426648,668.6056667999515,1373.7335342502374,2707.0721885588664
state,Bauchi,deaths,21,197.7751579341446,56.036073970635954,94.39841830569137,149.9670715993802,237.4186488156207,514.0875941650087
state,Bauchi,cases,22,23987.40162139344,6844.862761059102,9057.451083467335,15383.859762410579,33482.37255498614,62449.413304545895
state,Bauchi,hospitalizations,22,283.51606087571577,73.447504020598,105.04260866543632,184.80524910939198,392.4995767326252,759.0250188547035
state,Bauchi,deaths,22,133.43357914995948,39.473767289895505,64.4697304495912,101.36129922960596,160.9509587253713,327.53553324569356
state,Bauchi,cases,23,12373.814449504622,3358.390445079469,4541.813717455403,8069.95560593856,16767.38818627285,33724.497957575324
state,Bauchi,hospitalizations,23,158.07272041480235,42.34388678708828,59.382009102298824,102.98535790676057,213.98245196937555,426.7999446183091
state,Bauchi,deaths,23,29.95708650408661,8.101938067512886,13.839977850005415,22.154838781510918,35.24255664385117,78.49841675497936
state,Bauchi,cases,24,17081.39068695271,4887.030748886237,6542.36098342279,10956.728000075895,23661.20423809338,44554.898509709245
state,Bauchi,hospitalizations,24,181.1097659367634,49.94013948261638,70.16090261377491,117.27829465749701,243.75376028650285,485.24306998309953
state,Bauchi,deaths,24,15.572254492398866,3.7536238010952756,6.944887843193097,11.572098880592046,19.049381310576422,40.53475221642993
state,Bauchi,cases,25,20843.39183549163,5945.516224035981,7910.043149191024,13265.08344461173,29069.17647129551,55192.79163118812
state,Bauchi,hospitalizations,25,310.57749850303867,77.82063560431905,112.34490053763766,205.44479786068266,436.32080489257794,826.9298977758367
state,Bauchi,deaths,25,24.22596852611398,6.85705474325418,11.375200351081677,18.09886337531861,28.430603472001962,61.78849638290878
state,Bauchi,cases,26,37732.08168017322,9997.438299652104,13684.289299130061,24357.26234988263,51725.462279256535,101486.63725214236
state,Bauchi,hospitalizations,26,563.574660980656,154.94360559955126,213.7639411099479,375.82120999813264,770.8301626395115,1538.829761960592
state,Bauchi,deaths,26,46.33914545944075,12.849780754608956,21.844190960205665,35.32830556618552,56.955547908723325,113.82006095955816
state,Bauchi,cases,27,46870.161496272325,13067.66434017151,17468.23655694534,30174.739205449194,64370.622407008676,121981.19943448067
state,Bauchi,hospitalizations,27,749.1276123946163,200.22606769821198,285.2762755996859,488.66329571258206,1033.452283960999,2006.0567660330892
state,Bauchi,deaths,27,73.04369408150491,21.81714714718973,34.769296241429075,54.408578767387944,88.78672043146634,185.0822562051828
state,Bauchi,cases,28,69229.88829259072,20454.030870186696,27200.902995259807,45143.627033137054,96708.02322546503,179365.56708094565
state,Bauchi,hospitalizations,28,832.0441313189973,233.28291931061167,323.5477012470491,533.4298372155097,1101.5605837111075,2165.945162639161
state,Bauchi,deaths,28,73.14533554185158,21.64144868633815,34.15765510356155,55.67944859723438,89.18574034742764,190.8937642266191
state,Bauchi,cases,29,59141.87031093881,16520.896541899667,22119.232312202294,37573.61136208242,82420.9949820138,162348.3349339078
state,Bauchi,hospitalizations,29,905.3727979877358,243.31808837573385,339.2662357609395,602.5164067717716,1243.970235832365,2413.6147073065285
state,Bauchi,deaths,29,73.56913002134634,21.80637175294408,34.54534105593477,54.54415427732661,88.66306623421497,188.31632099600535
state,Bauchi,cases,30,75236.81565377941,23059.471274700954,30050.186990982154,47566.34907176634,101697.32083795936,195590.45480686313
state,Bauchi,hospitalizations,30,953.0905865901477,266.4090413736212,374.9589443514667,636.9808796297363,1306.1917189156036,2501.448513442364
state,Bauchi,deaths,30,93.0815336719252,27.221545207254383,43.517472363420836,69.17802404804718,112.2554135858299,234.8243008755109
state,Bauchi,cases,31,71705.8960967113,17758.880130997815,24614.741848147507,46777.57761258599,98627.48561446271,195846.04281812295
state,Bauchi,hospitalizations,31,687.113310580265,169.22472738721407,246.1019322010836,448.1186729904917,935.5082407011544,1853.1116224946004
state,Bauchi,deaths,31,100.0892403883054,27.701569247110395,46.925723790920074,76.5150349825851,123.34376196123316,252.74367571390798
state,Bauchi,cases,32,37643.34697396971,11570.1592165264,14942.30811779659,23677.186469377226,51682.59396482228,98022.77862748435
state,Bauchi,hospitalizations,32,407.57314555343856,108.99810063288211,153.2668268860159,268.5397283928364,550.1932425887289,1091.9461621123653
state,Bauchi,deaths,32,71.56483556500042,19.370439635031623,32.81287024517423,53.089952163394045,83.42243098074924,185.68020695565593
state,Bauchi,cases,33,24004.8922444731,6607.67735152492,8828.435740266927,15150.71749448409,33462.986401385766,64040.0921006859
state,Bauchi,hospitalizations,33,270.94789267698314,80.55924606083042,108.65346287438359,179.13815677877946,364.143929885737,724.5060556666508
state,Bauchi,deaths,33,45.3720534932278,12.097663508181496,20.697631838890743,33.849244052591004,56.25747197396073,116.15276432875524
state,Bauchi,cases,34,15354.943584787097,3949.742810234084,5395.004310701769,9794.121403740714,21261.951162760488,42197.12794304442
state,Bauchi,hospitalizations,34,199.5073213921316,54.309692673543225,75.48104094082794,130.57135320840254,271.419726431955,529.664827336354
state,Bauchi,deaths,34,23.789256144114507,6.367044194772877,11.23967092513632,17.989276578176046,29.025842497696384,60.154613559035724
state,Bauchi,cases,35,12167.72111207673,2995.1142259576154,4165.445846164568,7994.59848516339,17414.196234195235,32036.57599638503
state,Bauchi,hospitalizations,35,151.88669098858443,37.83871342808157,54.368632576165425,99.4909433019607,202.32526894053865,413.11764554822116
state,Bauchi,deaths,35,19.174491843843615,5.0023327713082,8.685644035487824,14.185753470944382,22.504512842873368,52.053759607337724
state,Bauchi,cases,36,10928.416525229522,2775.471574704433,3859.0010200911975,6915.377960843894,15340.695114527907,29736.745262599576
state,Bauchi,hospitalizations,36,124.3685632428284,32.26172257053785,46.01822253120653,80.98149837857883,169.3926945039946,332.1560772655734
state,Bauchi,deaths,36,14.834888147095594,3.6872654679591905,6.609028682106468,10.957778463669817,18.13225973013556,39.71481438927895
state,Bauchi,cases,37,9298.19307330771,2596.4639093204323,3488.0610314091386,5955.733201362899,12956.814459248719,25275.06574529358
state,Bauchi,hospitalizations,37,104.56171233249285,28.247954118321474,39.8276921285188,69.0557531023522,142.364723369306,282.4629967303141
state,Bauchi,deaths,37,13.035425813713044,3.0562009944748447,5.671166674554729,9.626530280160576,16.005897079326125,34.260522407787356
state,Bauchi,cases,38,7500.934606341529,1969.4973352257457,2693.9880393095636,4883.551917469683,10475.726432258725,19975.183935166242
state,Bauchi,hospitalizations,38,100.0484554338655,28.82755531510744,39.314687539745506,64.66494045493378,135.9847106737973,264.970891112252
state,Bauchi,deaths,38,10.605656670695183,2.5252724417486667,4.6878099171306555,7.666382687219106,12.586047507785798,28.034180831185907
state,Bauchi,cases,39,8058.027896205286,2139.815102769142,2875.752397162715,5223.487703594346,11332.68818830623,21037.99264354857
state,Bauchi,hospitalizations,39,91.23372456377648,25.76263737100842,36.229755496732494,60.83689646112154,125.16838117896447,241.625887891677
state,Bauchi,deaths,39,10.503262668144274,2.364717645570753,4.498911560718605,7.746606747152189,13.122168409576311,27.38660583398515
state,Bauchi,cases,40,8003.75226632866,2124.95726356529,2932.1616361418323,5252.995124074614,11116.94027469591,21250.022280790352
state,Bauchi,hospitalizations,40,86.91946415418496,22.824219420826925,32.91406218925579,58.47611956549126,119.37878581313959,233.30242039665288
state,Bauchi,deaths,40,11.157576222455294,2.5130095296358603,4.684902531689815,8.123804746119792,14.039623271493252,29.244416724830984
state,Bauchi,cases,41,7934.0767962271075,1989.8583984598868,2759.9477374927847,4994.576600234289,11196.12921000761,21313.825475249476
state,Bauchi,hospitalizations,41,81.9122927787856,21.89986903776935,30.591448922937097,53.551700810539806,110.68252762856915,217.69411890502718
state,Bauchi,deaths,41,9.935888907353267,1.9771249804993536,4.033047114667455,7.321065551502192,12.258061508981301,27.31722088092936
state,Bauchi,cases,42,6325.393601489572,1892.69311241287,2488.6416285588866,3989.4238753790282,8611.070760325681,16774.04397234999
state,Bauchi,hospitalizations,42,76.4734670596837,21.875280399912,29.790250891388506,50.50918438946577,105.57257941779407,200.63682364426603
state,Bauchi,deaths,42,7.968504508182562,1.547216125284975,3.2342461543009993,5.837182982683605,9.760514051410208,22.044526102467007
state,Bauchi,cases,43,4867.947544474029,1233.3982105284622,1709.6221129974842,3118.7351918523473,6847.3077495909165,13100.392210265658
state,Bauchi,hospitalizations,43,55.63303953331948,12.831744757045104,19.546357091866923,36.60424755092658,75.01829100128748,149.1182230405682
state,Bauchi,deaths,43,6.5390136048779555,1.4190533706851687,2.545380994803486,4.588323296032587,7.909479462708355,18.408910489426702
state,Bauchi,cases,44,3251.0656663014224,865.4351635711928,1185.0265969049672,2114.7329935744765,4561.580719546277,8571.89520252008
state,Bauchi,hospitalizations,44,38.20190134745212,10.104522102373997,14.301313861466744,24.84782564119174,52.80238754753953,100.88991093279598
state,Bauchi,deaths,44,4.672833615932631,1.052051056244419,1.6176418428430979,3.194206898677815,5.790434872356377,13.306655491124124
state,Bauchi,cases,45,2267.590809472649,585.3839433980804,805.1541524581285,1470.1241700163025,3152.565209056766,6050.791410506603
state,Bauchi,hospitalizations,45,29.446567759153005,7.530065865904487,10.79872272027201,19.05082156812658,41.02396040248317,81.50540558667329
state,Bauchi,deaths,45,2.7515035012483775,0.7159316435927858,0.7441397519894535,1.7596691947984913,3.3975252380724505,8.616147542766548
state,Bauchi,cases,46,2003.7793645794786,528.8628701067606,728.3815482911963,1303.990155801292,2850.610771302428,5175.031285955536
state,Bauchi,hospitalizations,46,24.84399493686694,6.357712181413217,9.065195346404424,16.000800218793405,33.903139391046764,68.00039413617881
state,Bauchi,deaths,46,3.799182774916803,0.8638899220620384,1.2709993003154008,2.582737656738007,4.683508312763876,10.504648708072887
state,Bauchi,cases,47,1330.8947003196854,346.3541636993083,475.50176474095616,865.1860049151668,1867.0202419083325,3492.0691404640174
state,Bauchi,hospitalizations,47,16.11063275749217,4.011254990377832,5.5482979315055125,10.06913028901764,22.52567078054226,44.373114692250205
state,Bauchi,deaths,47,1.912282693711301,0.5083059531684659,0.5083059531684659,1.1068122138913385,2.3169781195415053,5.938464679522327
state,Bauchi,cases,48,1100.7678631969882,294.5393227823784,401.0366749049915,699.7020348800944,1533.5148602294116,2921.1755120285657
state,Bauchi,hospitalizations,48,13.680251503941061,3.31082265734865,4.499734970056629,8.654353879115739,19.18701988513953,38.073095615670894
state,Bauchi,deaths,48,3.4324326937387633,0.8351836291524957,1.0582897976577965,2.3664969870455654,4.317316026808601,9.587770609795847
state,Bauchi,cases,49,1309.2676783548548,337.20379219683747,481.1454992136148,862.402380999117,1871.2188171643324,3409.872388605956
state,Bauchi,hospitalizations,49,12.707164101244768,3.286291889827047,4.244962828890985,7.907988762627228,17.818234687328456,35.049550436167905
state,Bauchi,deaths,49,1.6958513914195703,0.49330473630081856,0.49330473630081856,0.9242601444160742,2.052997775945321,5.562638007641988
state,Bauchi,cases,50,946.5841574486044,292.13953096292624,380.7436181280335,588.5243803105787,1279.1667976287447,2496.3787890184776
state,Bauchi,hospitalizations,50,11.091233983858688,2.564062173095352,3.480949030393317,7.133959371491745,15.484041357446113,31.268831027960392
state,Bauchi,deaths,50,1.5047476189623454,0.4504797598564003,0.4504797598564003,0.7457944789303619,1.7774466120406585,4.789309081088258
state,Bauchi,cases,51,1007.0590542792271,269.0890193945659,366.7569757727581,658.5593183062019,1407.7739149579263,2688.8289400830354
state,Bauchi,hospitalizations,51,12.982206020596555,3.5487914993736602,4.580979490661333,8.253798937502323,17.386978455110917,35.956040825885424
state,Bauchi,deaths,51,2.322633300001301,0.5919211188136725,0.5919211188136725,1.411410218437793,2.898891010776994,7.0700794790728025
state,Bauchi,cases,52,1006.5826860257357,269.12824930611265,367.5984609411875,643.1753673813085,1421.4525891773856,2684.1808901274603
state,Bauchi,hospitalizations,52,10.435259634905623,2.2874488660917134,3.051451484641311,6.550698612034262,14.637115774324084,28.958460925249504
state,Bauchi,deaths,52,0.6441597529563281,0.0,0.0,0.0,0.772948603748512,2.98630890941768
state,Oyo,cases,1,1552.4847741066615,448.20048323302177,592.0821997040737,997.3294962996893,2153.446195979632,4099.096079246467
state,Oyo,hospitalizations,1,21.41038362704604,5.63073825582875,7.813956811758603,13.528700831846471,28.758222606133085,59.55464577785564
state,Oyo,deaths,1,1.5784864654376125,0.4381038802018392,0.4381038802018392,0.8622499006936684,1.9580197733387574,5.1455920229790655
state,Oyo,cases,2,484.01908285144486,136.8003122557881,180.91090602991582,311.0736976238993,663.9656303847378,1306.1303125777981
state,Oyo,hospitalizations,2,12.747295963746994,3.2157608339754162,4.202221847025168,7.9050867137899195,17.51119999405508,36.18889017981968
state,Oyo,deaths,2,1.2118169370482776,0.3797697798867315,0.3797697798867315,0.5198753092511336,1.4276802012605545,4.108145298982744
state,Oyo,cases,3,953.6653384912706,267.5800170767809,354.21094226946093,607.7830391651333,1321.5054308378249,2449.3051387778514
state,Oyo,hospitalizations,3,13.058787959017584,3.123227975675408,4.137623369811447,8.289405958297658,18.22278938263242,36.71535919410747
state,Oyo,deaths,3,1.1205612783505592,0.3812618041039846,0.3812618041039846,0.40152944666135737,1.278089079951838,3.921149631567118
state,Oyo,cases,4,836.8454242105338,242.93915923045063,319.79279748924205,531.5265884604751,1172.1774014746645,2206.768286318829
state,Oyo,hospitalizations,4,13.272741792573933,3.2305923078377354,4.329994836893123,8.33893646987067,17.959242648778638,36.58961528641315
state,Oyo,deaths,4,1.914092573674451,0.5211428500014338,0.5211428500014338,1.1165460045948397,2.4611766836585134,5.6095509592025055
state,Oyo,cases,5,643.1065743842883,151.2797975533204,217.1909121666763,420.3441509491608,908.422908402433,1733.883240226824
state,Oyo,hospitalizations,5,15.342942594100615,3.9504694017144564,5.1597609220580765,9.642820062814073,21.367603797265247,42.37114438376037
state,Oyo,deaths,5,1.1619635103631978,0.38642409148579016,0.38642409148579016,0.49748022790708557,1.3364839591515114,3.7881679718962045
state,Oyo,cases,6,861.0382022638538,219.21899676206553,302.0293257739031,558.887732569209,1204.9250089064808,2288.1689083677716
state,Oyo,hospitalizations,6,15.304187691823056,3.9887043130935673,5.459703973501114,9.708506859694642,20.314724390143404,41.77871335779078
state,Oyo,deaths,6,1.0772105578860216,0.37296177022599997,0.37296177022599997,0.3990102607250048,1.23914894646451,3.660809959673725
state,Oyo,cases,7,902.9700789782562,236.03550863440734,324.11210950843036,589.4560083711962,1281.8534096217668,2377.1252657020486
state,Oyo,hospitalizations,7,14.639374993835517,3.4778787966081666,4.897603091504568,9.432285126665047,19.99814084016851,40.72452576927568
state,Oyo,deaths,7,1.212467131420159,0.4198658351473826,0.4198658351473826,0.49473421716365984,1.384116174361296,4.154234463319817
state,Oyo,cases,8,1352.058752168971,386.5581581944274,509.18899870353385,855.1861491247146,1867.130908128238,3707.8526240092615
state,Oyo,hospitalizations,8,31.923263603948648,7.595623126970679,11.163439194019736,21.10100397956424,44.19105557826101,84.59059706973244
state,Oyo,deaths,8,1.3117661867880672,0.4435699794299385,0.4435699794299385,0.5983637767768925,1.4952221624266637,4.041709261472388
state,Oyo,cases,9,1895.2007820877434,534.6086502794938,715.6301539010965,1218.2468368446494,2597.9647046264836,5068.008821503365
state,Oyo,hospitalizations,9,43.76798222941392,11.224577210803046,16.10283516630875,28.470766637380795,58.36800601839404,120.79982126035969
state,Oyo,deaths,9,2.515923086064676,0.6937748092419327,0.6937748092419327,1.5800166744807198,3.1241060335920743,7.194907763629311
state,Oyo,cases,10,3248.386406248203,802.5515013393644,1126.9494589628646,2105.3897736478016,4513.479347927182,8763.758285412061
state,Oyo,hospitalizations,10,105.46345446492406,28.198531510358052,39.40091095356,68.05527416320304,142.58205958620542,282.61489909268096
state,Oyo,deaths,10,7.053273350703902,1.6794195122355817,2.979491424867859,5.1185676444863075,8.722581361170334,18.104913588609325
state,Oyo,cases,11,10210.694687526671,2585.5680892147384,3640.3750236847136,6797.765508968053,14378.67946568672,27342.649593385682
state,Oyo,hospitalizations,11,314.7080612898911,95.91507896831057,127.71109258547386,207.99031796657582,430.3492372175008,819.1252839234156
state,Oyo,deaths,11,10.670105564145917,2.3676581755798107,4.516024416650421,7.996275104955061,13.428036728197322,27.679527793239266
state,Oyo,cases,12,42670.850216741535,11786.949994339857,15861.678539792336,27368.1129621962,59096.523233080334,110656.61269495302
state,Oyo,hospitalizations,12,909.3037474120152,266.88573414947865,361.0900742015332,594.1615894691583,1214.415479587814,2445.7200056377997
state,Oyo,deaths,12,34.09072540101355,9.257322034495411,15.996733455220008,25.420528106719,41.52609553774991,82.14432411775628
state,Oyo,cases,13,102474.55513992847,23515.62219434767,34388.072561817426,66056.64354272085,144238.649860057,282424.9501959079
state,Oyo,hospitalizations,13,2969.2865883795116,837.3436761614088,1136.1461597468192,1934.8777185837137,4110.204830686446,7910.080005779828
state,Oyo,deaths,13,77.7639294723218,22.127032200762827,36.02610513465724,57.973230078131934,91.04527978015156,203.9573643665412
state,Oyo,cases,14,135885.20340043906,39360.04850956182,52468.39133223193,84582.21902044963,191068.5214246133,359247.61470198707
state,Oyo,hospitalizations,14,2830.2378822328164,705.9313928056803,1034.4112729715848,1864.0736324552245,3906.5920099101495,7777.703187847659
state,Oyo,deaths,14,149.44810452497143,42.02710344140659,71.0272823821628,111.74943993023183,182.08243530997265,392.887419379442
state,Oyo,cases,15,211606.04214191245,56018.19956875937,77533.8935892934,137813.03935680143,291057.11276942876,562617.021807008
state,Oyo,hospitalizations,15,4603.84825414934,1266.2640300302655,1757.532731167719,3041.4952055893436,6222.60178128586,12420.46609474522
state,Oyo,deaths,15,208.7258929564986,57.44923487855439,97.70420037530178,155.95667269194328,250.66180322938317,542.3999882983646
state,Oyo,cases,16,126587.65744820861,31520.37355126237,44109.05437664459,80817.08891719425,175682.0284332229,341788.96506834787
state,Oyo,hospitalizations,16,3507.286652131944,962.5188704173505,1344.7300909929068,2322.250870561842,4883.7097050532575,9161.940726267292
state,Oyo,deaths,16,160.4863869084936,45.64903154081845,74.19276218681398,119.44999196491302,191.11712643212678,399.38398584916405
state,Oyo,cases,17,89561.52768112214,22258.063070784643,30768.248462261476,56721.88025543322,125662.11502833264,236544.84426356273
state,Oyo,hospitalizations,17,1687.0238374068356,494.52600654387095,664.9406978588133,1112.2732831552025,2328.476065505605,4442.867160130994
state,Oyo,deaths,17,72.90434583026128,20.39512221726713,33.437981095301865,54.96351879065644,87.72261191740554,188.3717229982313
state,Oyo,cases,18,36302.49006985359,9920.23542978551,13590.594217861815,23270.641629109086,50950.88627695262,94452.99057352598
state,Oyo,hospitalizations,18,718.0734501763067,204.02360531252228,283.7841788856742,471.65750409443064,989.2018939957466,1814.994008034211
state,Oyo,deaths,18,30.96559368786952,8.128797286589963,13.80122580815917,23.120278170539855,36.851630824619534,82.62348658853492
state,Oyo,cases,19,7526.037066688684,2241.4068231772662,2904.288912574335,4826.823524446527,10065.907985651396,20395.60616952884
state,Oyo,hospitalizations,19,230.3846249470939,60.49664223817292,85.7399526482188,152.13457395562324,317.6708941507168,624.0573733945703
state,Oyo,deaths,19,11.62647443808639,2.3059627202180435,4.733336694177318,8.328796048989046,14.147929164062393,32.2586196450094
state,Oyo,cases,20,2358.5027081572307,614.7416595504312,843.2397376351861,1528.995348842969,3263.3823093640144,6297.024455002938
state,Oyo,hospitalizations,20,46.84783739338014,13.134847845640204,18.25090535966693,30.47713138961669,62.42513407135655,126.81169660552922
state,Oyo,deaths,20,2.950055666130261,0.6517036817883077,0.8064059504873249,1.9041502576044809,3.6505507823458645,8.945606112386406
state,Oyo,cases,21,2901.8173753122564,797.2602224283522,1079.414945886522,1875.5747762813905,3998.3747787683674,8044.477295760724
state,Oyo,hospitalizations,21,56.22036760263768,14.68209057112454,20.877852092534788,36.943587491055666,76.90006076710198,152.45445702354888
state,Oyo,deaths,21,3.9781903684664925,0.8826052865212679,1.3632015341120178,2.7397435045604945,4.906086564627834,11.759706233622092
state,Oyo,cases,22,3103.0247056666344,884.8333905406868,1171.1354512040225,1989.7530959941025,4331.644470443872,8079.8896247395105
state,Oyo,hospitalizations,22,73.80147765707817,18.572788090762554,26.879369970899035,47.84954592921306,102.4538891600917,198.81608293550178
state,Oyo,deaths,22,3.146543206164223,0.8064596400990922,0.980414380785696,2.0963589988552536,3.8989052717836374,8.937974238947417
state,Oyo,cases,23,4893.028599353513,1327.5817724137269,1795.6055447120011,3190.9256422593953,6630.61227051498,13336.860717452571
state,Oyo,hospitalizations,23,81.27257733105151,21.41749705309597,30.22962916915947,52.78132020994352,110.18911663746935,220.25851437606653
state,Oyo,deaths,23,3.957518143900458,0.9451289207593776,1.3479929961294541,2.663576848632187,4.734325887929577,11.578302180148055
state,Oyo,cases,24,6965.508940283934,1992.427649357507,2667.501360605025,4467.760343716615,9648.876319560279,18169.70403075089
state,Oyo,hospitalizations,24,118.64912493388569,32.468513243938624,45.75388869699708,76.71079371633462,159.80726418992276,318.46973040889065
state,Oyo,deaths,24,7.877766754115846,1.6181321997466842,3.248714498152345,5.7232237685948775,9.721875341036252,21.211679686618098
state,Oyo,cases,25,13404.582834728182,3823.3627565874376,5086.802277110086,8530.771131185138,18694.803733768465,35495.59551183394
state,Oyo,hospitalizations,25,260.1506556157918,65.06401541515876,94.00074693558823,172.03301608367298,365.54320501584203,692.9346924821868
state,Oyo,deaths,25,10.193131123234403,2.483135656107469,4.48608899935875,7.466777206918744,12.04697341228312,26.834965860770403
state,Oyo,cases,26,20441.731331425628,5415.875028286474,7413.308078683959,13195.627223285543,28022.954684188655,54982.1715149009
state,Oyo,hospitalizations,26,359.13131118833445,98.4734249292267,135.9937849735516,239.3669980591848,491.3356071334497,981.2277716439863
state,Oyo,deaths,26,23.121348338834554,6.0569128242312615,10.639856760376196,17.510450813258732,28.53023275377953,57.50454783516165
state,Oyo,cases,27,29507.62505783247,8226.624486144996,10997.087846542434,18996.70659891484,40525.37078609318,76795.19774577393
state,Oyo,hospitalizations,27,709.3016693444149,189.54252828445547,270.07723151669194,462.6659824466838,978.5309118258419,1899.497659100089
state,Oyo,deaths,27,31.038963556609126,8.873036366477294,14.477463519729481,22.975429954336782,37.85093742561845,79.51825545141348
state,Oyo,cases,28,33018.27097251215,9754.908434964846,12972.789996344723,21530.46824666241,46123.80819071555,85546.84472538499
state,Oyo,hospitalizations,28,631.2450572238187,176.81076915045216,245.31789869512303,404.6095113201726,835.7965791169114,1643.6191946450963
state,Oyo,deaths,28,33.40449801635787,9.505954513575416,15.313652471578155,25.300071036372703,40.84746740321934,88.04143839612607
state,Oyo,cases,29,26319.550730656396,7351.795253450806,9843.24147300037,16720.955822246775,36679.53797255017,72249.87121660898
state,Oyo,hospitalizations,29,585.1917304134209,157.01140911800437,219.065357196063,389.3209888953681,804.1778015359786,1560.6390702591034
state,Oyo,deaths,29,26.64457241341872,7.454730184844971,12.177294100602644,19.5912120896467,32.239703393781205,69.18294847369141
state,Oyo,cases,30,22630.86744924017,6935.691671215819,9038.529852938718,14307.468816503646,30590.304346292258,58833.77398869186
state,Oyo,hospitalizations,30,471.7627325010009,131.50422011507973,185.29193112052306,315.12677892053404,646.7283578972088,1238.9916881962627
state,Oyo,deaths,30,26.54644134811021,7.262956807819406,12.034224335727915,19.547350519207832,32.15993450531835,68.04675126958192
state,Oyo,cases,31,21192.018821108093,5247.943886362447,7274.1981842825,13824.43841294043,29148.711753045223,57881.718266105556
state,Oyo,hospitalizations,31,391.780711824889,96.16566816149208,140.04780612571227,255.3606158443554,533.5665717500564,1057.342095246072
state,Oyo,deaths,31,20.95368173983523,5.232811593963757,9.407514805944793,15.83310778537321,26.002399573224352,54.10278933768924
state,Oyo,cases,32,18056.800697599294,5549.625891231611,7167.22847107905,11357.304938594525,24791.355670235396,47020.50522905046
state,Oyo,hospitalizations,32,308.0258544174298,82.19748226801863,115.68030193746924,202.8673999320492,415.89710788350646,825.6539914695621
state,Oyo,deaths,32,16.42210783210118,3.8902143687229427,7.117261427993663,11.985063946193792,19.266807806867433,43.81524438190182
state,Oyo,cases,33,13621.7085480849,3749.249502552063,5009.471117206362,8597.198697563397,18988.926679692988,36340.62496041212
state,Oyo,hospitalizations,33,248.27779888155297,73.76031211843811,99.51254156079696,164.1214972631954,333.70483709536194,664.0264903748856
state,Oyo,deaths,33,14.409923543522202,3.3516142397357176,6.208898260340897,10.578436609594633,18.023425836029162,37.923250483489916
state,Oyo,cases,34,10542.374133363006,2711.575708747591,3703.8906802008855,6724.319682970298,14598.119100079575,28972.188666296195
state,Oyo,hospitalizations,34,196.185930644085,53.39349120893971,74.21413746808622,128.39188229322474,266.9071113679547,520.8743989590197
state,Oyo,deaths,34,11.66092868797236,2.7608218905152313,5.24826200725332,8.69388606232657,14.327971810813938,30.218980543378123
state,Oyo,cases,35,8348.274495051206,2054.711513202633,2857.706327312416,5484.987055664538,11948.016860956159,21980.810059268562
state,Oyo,hospitalizations,35,157.31034436036762,39.21651628114787,56.33283409574156,103.05585820690851,209.538230208308,427.8084636310079
state,Oyo,deaths,35,9.47031009971474,2.11213295815002,4.021882853252934,6.8736194196322105,11.18679001491346,26.50769744340223
state,Oyo,cases,36,7188.962258167294,1825.5134087366075,2538.317774821481,4548.968096365817,10091.598135969449,19562.099785566465
state,Oyo,hospitalizations,36,136.8930670290311,35.58461755708589,50.71541208878332,89.1715705967018,186.41517519816202,365.4388591941427
state,Oyo,deaths,36,7.9831340266959465,1.8085631400760214,3.3081636550054947,5.77038669770504,9.832513511393008,22.052361989996758
state,Oyo,cases,37,6006.890371800794,1677.1325313805444,2253.1629162854024,3847.441447094802,8370.600429800588,16329.00098299263
state,Oyo,hospitalizations,37,111.65250473784533,30.212597987313096,42.570170275909156,73.76153885623202,151.99482001325384,301.5037760053115
state,Oyo,deaths,37,7.17997786471375,1.5211936105079364,2.879129462434219,5.179082116243425,8.88853668536787,19.50318002915126
state,Oyo,cases,38,5175.893353853972,1358.789853392484,1858.7423733371443,3369.704449586652,7228.721169717865,13784.054026185222
state,Oyo,hospitalizations,38,101.72004127173318,29.32097521775586,39.98158997244629,65.75119738026336,138.25076908491855,269.37069290001176
state,Oyo,deaths,38,6.0585736916829624,1.4144228706001347,2.4472869451842882,4.252550337457996,7.234277321607559,16.59713387080968
state,Oyo,cases,39,5155.389043026821,1368.7527395658897,1839.6257840620692,3341.7717954577506,7250.607308467381,13460.329646792468
state,Oyo,hospitalizations,39,90.60777499130862,25.581011165412562,35.977093581077696,60.41723674244877,124.31213207234484,239.97929309662
state,Oyo,deaths,39,5.833483534306872,1.2749299847863376,2.254462610405301,4.176570728990887,7.358030231860441,15.800260615747177
state,Oyo,cases,40,5271.803840210851,1399.3875760907838,1931.1005103511075,3459.854845339978,7322.489375460533,13997.243563626247
state,Oyo,hospitalizations,40,92.62004286474264,24.368949468178513,35.113003945378836,62.332470422987754,127.18398287855537,248.49427128422127
state,Oyo,deaths,40,5.920687399008186,1.2827290679166223,2.2231268367310717,4.172855605946836,7.526903163327616,16.147451634162813
state,Oyo,cases,41,5154.271411323153,1292.4235734747758,1792.7362554602441,3244.532953443851,7273.56602974401,13846.844605882392
state,Oyo,hospitalizations,41,88.20708446907913,23.63846572130801,32.989925011818244,57.69335795076932,119.16165350583923,234.29774529304646
state,Oyo,deaths,41,5.487598137779082,1.0846222921971092,1.9723048901066043,3.914069601603904,6.8296507381459275,15.722953745720362
state,Oyo,cases,42,4196.390839318924,1255.414099914934,1650.8098024188102,2646.5381828237414,5712.875739322657,11128.787416662684
state,Oyo,hospitalizations,42,73.32055277891799,20.944310655320898,28.5371605901058,48.41288255635942,101.2353277947984,192.43068238931588
state,Oyo,deaths,42,4.745863963612138,0.9856954385700094,1.6975398277395586,3.355810392978177,5.855273444871801,13.681132061641025
state,Oyo,cases,43,3072.447277593733,778.1946380529573,1078.8035567564739,1968.2842333235164,4321.887567969882,8269.04970859233
state,Oyo,hospitalizations,43,50.03306083542633,11.46384818402201,17.514415934207953,32.8853587007094,67.50042817383971,134.27221435168457
state,Oyo,deaths,43,3.6422948727077666,0.8635530430919207,1.1575119091571244,2.4007273353928467,4.421789103444311,10.811129914127543
state,Oyo,cases,44,2002.4761071322491,532.7783202171092,729.6666571788205,1302.4240192691643,2809.8354493558954,5280.440311976074
state,Oyo,hospitalizations,44,37.98152023282708,10.042060818038506,14.215246248020925,24.70243546843649,52.49975712404598,100.31679534627924
state,Oyo,deaths,44,2.7221794517365248,0.6770770322168134,0.6846569943911471,1.6992997560379806,3.370175252947475,8.207450326087807
state,Oyo,cases,45,1406.6962752335587,362.8604588943596,499.2313299255464,911.8556837534777,1955.8368081008352,3754.2317462843434
state,Oyo,hospitalizations,45,30.129708879068456,7.721662248130464,11.063737389986034,19.50118911903461,41.96787325221936,83.35858438657895
state,Oyo,deaths,45,1.801691962976738,0.5195516582418961,0.5195516582418961,1.0026921832388784,2.191284461370543,5.978439137947665
state,Oyo,cases,46,904.4774889349105,238.31755762298195,328.4320484791617,588.41109941422,1286.9568725809781,2336.8032985882483
state,Oyo,hospitalizations,46,16.248606726041256,4.206318839158622,5.7086841625413225,10.331424304555732,22.263745053823936,44.9903494586276
state,Oyo,deaths,46,1.5801116805338231,0.44098097561195865,0.44098097561195865,0.8288431279055599,1.9012018506697022,4.872659330542009
state,Oyo,cases,47,790.3432916689603,205.37996923537025,282.1128278426737,513.6431502149759,1108.881499476779,2074.4019300313958
state,Oyo,hospitalizations,47,18.21834929184364,4.507608785289104,6.358586117200294,11.438827513078602,25.436743748420433,49.98759637403463
state,Oyo,deaths,47,1.1840714268975256,0.3618994242420878,0.3618994242420878,0.49999055183360486,1.361594359072607,3.9399900925633524
state,Oyo,cases,48,505.9288741553542,134.97911245294762,183.97907389254735,321.3964916070743,705.0379200148037,1343.5074882640085
state,Oyo,hospitalizations,48,8.810340622668113,2.201261822434233,2.6566007533568907,5.418876156715081,12.421714413862322,24.978471988583276
state,Oyo,deaths,48,0.5939888438559561,0.0,0.0,0.0,0.7021367657299484,2.703647145589282
state,Oyo,cases,49,393.46047333747333,100.8173844614693,144.151517494601,258.93017878395364,562.6377459430527,1025.8545573775798
state,Oyo,hospitalizations,49,8.721559997726095,2.3196564261758295,2.702200577116307,5.287777857315596,12.283007257168418,24.44587460075177
state,Oyo,deaths,49,0.48757049691753174,0.0,0.0,0.0,0.49803715572311175,2.5520222972510442
state,Oyo,cases,50,516.0232676027005,158.94353321614668,207.28791963181231,320.65778526765246,697.4878499537365,1361.6261391036833
state,Oyo,hospitalizations,50,7.660951028870472,1.8266084478850382,2.1921766325883576,4.794539250498896,10.743041769712084,21.987944667461623
state,Oyo,deaths,50,0.44797287633523714,0.0,0.0,0.0,0.40975317177417175,2.234438669421832
state,Oyo,cases,51,393.24989040746493,104.63127809283299,142.82902150376364,256.9523370735135,549.968675122095,1050.9867465510815
state,Oyo,hospitalizations,51,8.535780499872095,2.4072563700405176,2.785753102804475,5.277141512345333,11.47246309614851,24.068439412484928
state,Oyo,deaths,51,0.4902113406142585,0.0,0.0,0.0,0.5128182133995887,2.4209849317285195
state,Oyo,cases,52,346.54591371277024,92.17544904927634,126.14081998194817,221.19567659589376,489.64716144410124,925.2005579158806
state,Oyo,hospitalizations,52,11.497290804224788,2.502542737970759,3.4324184209866626,7.260707488704412,16.10750832682165,31.775521210823836
state,Oyo,deaths,52,0.5288941019670234,0.0,0.0,0.0,0.5887789240745394,2.5722206310678493
state,Anambra,cases,1,1566.625240372973,452.2892933622493,597.4806812198572,1006.416707710054,2173.0568637277934,4136.416863629802
state,Anambra,hospitalizations,1,18.532126205056397,4.905417395695105,6.678591173111167,11.657193170649336,24.924931368632272,51.754327992667065
state,Anambra,deaths,1,2.5040280253950464,0.6153552097215984,0.6581695365253039,1.615692829900134,3.154797435587434,7.632021397348463
state,Anambra,cases,2,789.512980337765,223.59515384915795,295.489226024323,507.6362939440379,1082.8005779220523,2129.438812862539
state,Anambra,hospitalizations,2,9.209988247849827,2.3794151135685415,2.8492431265934033,5.589077673489738,12.696860963908765,26.51691183492416
state,Anambra,deaths,2,0.5914167227655208,0.0,0.0,0.0,0.6805319317793155,2.8801433707016417
state,Anambra,cases,3,869.1385213805376,243.7997319153603,322.7602871106675,553.8809118574098,1204.4097637247341,2232.353201821298
state,Anambra,hospitalizations,3,11.672296822254733,2.8122532994517604,3.626078655039013,7.364475075028742,16.30880783823787,32.96010286783502
state,Anambra,deaths,3,1.5686743978783955,0.4837769759200717,0.4837769759200717,0.7783781907086577,1.8906306220883788,5.244367679067051
state,Anambra,cases,4,956.1610031064055,277.6779560990719,365.47613863074264,607.3624363908675,1339.246811606491,2521.171329575033
state,Anambra,hospitalizations,4,11.442992932895475,2.8125761658829003,3.640330631059458,7.130543140998567,15.506048710564725,31.725780898684455
state,Anambra,deaths,4,2.179916479204333,0.5741528618188825,0.5741528618188825,1.331838469444808,2.813243332759639,6.28186637992523
state,Anambra,cases,5,690.0647817573534,162.38166577920012,233.09799106931777,451.0619961048511,974.7238455779305,1860.3638727844127
state,Anambra,hospitalizations,5,12.201192354107077,3.1854812067117857,3.9669547235419764,7.581892390255219,17.036231720828244,33.97254409516327
state,Anambra,deaths,5,1.4735166100964536,0.4561701692493798,0.4561701692493798,0.7677619591093605,1.7581983281541846,4.652389284881507
state,Anambra,cases,6,789.7131112654079,200.99806416024873,276.9566617327265,512.5625890088204,1105.146703523178,2098.7629397327896
state,Anambra,hospitalizations,6,11.67885550702999,3.0954716811061225,4.013114322027293,7.3104379590891595,15.541493317437382,32.19882482100931
state,Anambra,deaths,6,1.1245695325467313,0.3840424800681523,0.3840424800681523,0.44057491427084683,1.3056741556142297,3.7992828191339947
state,Anambra,cases,7,1025.2906155315236,268.10992268039985,368.10459178172044,669.3534490439005,1455.4424708454374,2698.920826480287
state,Anambra,hospitalizations,7,20.246056875882786,4.730654964436971,7.021994719975341,13.190126887978531,27.561938186680674,55.754230527441926
state,Anambra,deaths,7,1.146009002724976,0.40378321003956164,0.40378321003956164,0.4374796181033737,1.2927945105438863,3.9568056333168067
state,Anambra,cases,8,1259.4932286868022,360.04450996182476,474.285923235353,796.6126991803811,1739.3282423778346,3454.122411548572
state,Anambra,hospitalizations,8,19.026849698809677,4.361451638849546,6.392519641047489,12.432229437717387,26.46556797243781,51.01901862082448
state,Anambra,deaths,8,1.8419278811146584,0.5660218257598686,0.5660218257598686,1.039607784824387,2.1840527302328563,5.43352258598867
state,Anambra,cases,9,2807.2116757163703,792.2189879562878,1060.305946272074,1804.664903817639,3847.982184403042,7506.037172077457
state,Anambra,hospitalizations,9,36.20756904117477,9.159318589397875,13.213428263428188,23.491882392330307,48.33818787819942,100.22257538871766
state,Anambra,deaths,9,3.2531840703230386,0.8500349673906709,1.0081244798207059,2.1611185078281325,4.052985912836199,9.040661697183404
state,Anambra,cases,10,5952.35831190897,1471.2256486168824,2065.5708682776067,3858.218787569559,8270.19640134013,16057.33842660114
state,Anambra,hospitalizations,10,62.68978363292289,16.46735986870663,23.168929536715254,40.31075304978838,84.8947137321829,168.66618697318265
state,Anambra,deaths,10,8.838542088666205,2.0674042398238885,3.86851602319792,6.48546521046746,10.894621219161182,22.372981116813094
state,Anambra,cases,11,13209.912643038411,3345.254085879162,4709.862281967828,8794.591717914345,18602.052193493655,35373.59522377907
state,Anambra,hospitalizations,11,163.6098852832344,49.5314307338532,66.10984223402542,107.96735460358127,223.90508530343004,426.61254924229627
state,Anambra,deaths,11,20.80544380179585,5.296359105055745,9.313062890804549,15.819931155547811,25.975451689369663,52.620823888568076
state,Anambra,cases,12,49384.2461773012,13641.502245374748,18357.291959219827,31673.988884408333,68394.10634084034,128065.94381835511
state,Anambra,hospitalizations,12,889.9915797613589,261.2025166258531,353.4083039819785,581.5351881962466,1188.6303418535854,2393.812642763124
state,Anambra,deaths,12,101.67994848677984,29.014235558774686,48.734614935464066,76.30984281428017,123.43679203718926,242.2909214562079
state,Anambra,cases,13,133624.64330114302,30664.106080164383,44841.51817253189,86136.56813808491,188084.0118427101,368275.60243784386
state,Anambra,hospitalizations,13,2111.4285129022337,595.2189278512691,807.7232998271008,1375.7706140636765,2922.8344679263737,5625.255404929585
state,Anambra,deaths,13,275.60521863463157,80.218113940216,129.02924021915004,206.1037251269234,322.2470105090624,718.7746095350286
state,Anambra,cases,14,205272.92756686814,59459.024774536265,79260.89536748393,127773.04283943828,288634.56505123107,542691.1370046545
state,Anambra,hospitalizations,14,1976.1712089781047,492.67960401684377,722.0707709930416,1301.4585153567282,2727.8340788709165,5431.192074962453
state,Anambra,deaths,14,307.7135352196546,87.28990737768758,146.79712277977626,230.35737272861843,374.67788587050086,807.2413407540887
state,Anambra,cases,15,195115.4364893882,51652.60511732826,71491.57410148543,127073.14642407787,268374.8593289703,518772.01628776593
state,Anambra,hospitalizations,15,3037.7882695545636,835.2809926286707,1159.474426119256,2006.7748995506975,4106.020914382774,8196.057400397307
state,Anambra,deaths,15,315.368264079419,87.16976632987314,147.8937588481669,235.76671189823628,378.62793578039805,818.7104733958085
state,Anambra,cases,16,189422.97109826596,47166.76268043494,66004.136904173,120933.08404723031,262886.5096017664,511444.60476338526
state,Anambra,hospitalizations,16,2825.2592712722544,775.2062826046387,1083.11384913131,1870.6000040722438,3934.099226567165,7380.6220701332595
state,Anambra,deaths,16,251.27747571199728,71.87611139752397,116.46773582253105,187.16954484006965,299.1294698902598,624.4883968812263
state,Anambra,cases,17,109023.53907771273,27094.975900036396,37454.431621016614,69047.80908483326,152968.81393616152,287946.45201255835
state,Anambra,hospitalizations,17,1714.7816236025233,502.67441336090843,675.891396006873,1130.5798977221305,2366.781862581084,4515.94190693223
state,Anambra,deaths,17,162.79013009106677,46.416830660120155,75.32300022827019,123.02886352756548,195.6310368452078,418.6941167260734
state,Anambra,cases,18,50182.98700406742,13713.580854750782,18787.28691900713,32168.462463013107,70432.14000486748,130567.10313012564
state,Anambra,hospitalizations,18,646.9053767864939,183.73202732984453,255.59854452770426,424.87768774689243,891.1997204412332,1635.2616110064096
state,Anambra,deaths,18,54.31596572811365,14.797365573536066,24.61349186397479,40.74009346829683,64.50217196403598,143.71027745498807
state,Anambra,cases,19,6540.627145288073,1947.8397911834397,2523.9399793060406,4194.783963911485,8747.988209383842,17725.363163644903
state,Anambra,hospitalizations,19,160.78188927169444,41.99785678254097,59.64773499092598,106.07021131166948,221.81160350818988,436.0340630631714
state,Anambra,deaths,19,18.438403373537387,4.092082181464523,7.830898619096198,13.36888439336083,22.331932846877812,50.22732432484552
state,Anambra,cases,20,2245.290306960646,585.1974714664443,802.7318765707248,1455.5839275874291,3106.752457493497,5994.836002800412
state,Anambra,hospitalizations,20,47.90552985078583,13.447373836125953,18.67654901221838,31.17310079605244,63.82748399855833,129.63765394964216
state,Anambra,deaths,20,1.6555338036158567,0.42203814962270536,0.42203814962270536,0.8807047362114315,2.0116599027366218,5.44069585279905
state,Anambra,cases,21,2999.841594767543,824.2163912494531,1115.899098371988,1938.9441701877756,4133.428259683873,8316.16219015657
state,Anambra,hospitalizations,21,40.76028208650617,10.444241846994423,14.965692157189668,26.689904596635355,55.84874291925149,110.98570182411422
state,Anambra,deaths,21,3.7615513966407805,0.8429498512022027,1.2570229432820645,2.571716914509676,4.640726230479464,11.186412924636805
state,Anambra,cases,22,4162.2564598116605,1187.1192758397642,1571.1203765198031,2669.0868944944614,5810.136118444267,10837.44979384484
state,Anambra,hospitalizations,22,44.67739591150407,10.951457016114833,16.02358858116985,28.828312947671204,62.17059704081099,121.01089161432022
state,Anambra,deaths,22,2.749585468834071,0.7248229214095889,0.7799399569534211,1.782919148945096,3.402996323990558,7.9319677794192085
state,Anambra,cases,23,4589.145012256154,1245.0865056703765,1684.0494051344328,2992.7302712625938,6218.837372985947,12508.676558586021
state,Anambra,hospitalizations,23,84.12890655851328,22.195788113700488,31.313859988986607,54.648501039621685,114.04938236251833,227.94017140555815
state,Anambra,deaths,23,5.072777171305051,1.1639826003501597,1.8916933269197156,3.5119132566880835,6.062164125635537,14.490928864895332
state,Anambra,cases,24,8738.952017234731,2499.8884872691374,3346.8136681559954,5605.359126988035,12105.416101400866,22795.36511048012
state,Anambra,hospitalizations,24,180.99282711662914,49.90742910172091,70.1152077991748,117.20234417700742,243.59659564569347,484.9308369152583
state,Anambra,deaths,24,14.47277725502944,3.4380023768022814,6.41737937347807,10.737362283613017,17.718183355033663,37.77701239503605
state,Anambra,cases,25,15811.17600625626,4509.918903300186,6000.173248677122,10062.409285116013,22051.106414272454,41868.00508361115
state,Anambra,hospitalizations,25,288.2181181832784,72.16432031521927,104.2110598379643,190.62993551478053,404.9378512283504,767.5161097089504
state,Anambra,deaths,25,18.782642394501387,5.161254069504847,8.704241094858455,13.976725190202997,22.078549320983054,48.236754928992816
state,Anambra,cases,26,23101.067893130472,6120.540837339282,8377.814251255808,14912.33878678019,31668.510949982683,62134.775338602725
state,Anambra,hospitalizations,26,372.46114687638766,102.15531641835929,141.06444833230344,248.26389896565428,509.55882889334475,1017.5837740172705
state,Anambra,deaths,26,31.360381989488015,8.467489329881632,14.615924757043718,23.83345053719242,38.6174886198604,77.48916320420614
state,Anambra,cases,27,34510.46804416054,9621.522193984047,12861.685283334607,22217.546032417096,47396.143973633545,89815.0967927859
state,Anambra,hospitalizations,27,518.7396454496834,138.4231639425159,197.35175711751265,338.2721764913495,715.739197993511,1389.6260144796045
state,Anambra,deaths,27,51.07857050883361,15.048421425426552,24.158304693848677,37.97157768702489,62.15141496857113,129.88079978231536
state,Anambra,cases,28,34655.392891562784,10238.614194320604,13616.040902576362,22598.01569933932,48410.713148850096,89788.37543162187
state,Anambra,hospitalizations,28,458.0669961642165,128.106672716384,177.84903418932095,293.5091271966571,606.589869761058,1193.1420259335707
state,Anambra,deaths,28,47.98147047992654,13.957265245993236,22.225650447377213,36.443255438730745,58.57799160601835,125.76776872150916
state,Anambra,cases,29,36193.69610452543,10110.193813565458,13536.305208428224,22994.191683226123,50440.228926133845,99354.760209321
state,Anambra,hospitalizations,29,423.3985069919557,113.39909954048848,158.32570213638456,281.58952888671683,581.9428139389374,1129.6152159650042
state,Anambra,deaths,29,42.21873006847982,12.21810277724489,19.601346694654143,31.19224644174595,50.966864245022876,108.72383575270128
state,Anambra,cases,30,28549.17563266632,8749.659483449486,11402.396803952004,18049.180731304325,38590.03160081092,74219.2619581786
state,Anambra,hospitalizations,30,527.2556916123816,147.05758497113032,207.15890540963852,352.2337867505401,722.7588078650383,1384.5420950303733
state,Anambra,deaths,30,43.82393911550394,12.44579297066561,20.20977829456414,32.43541877352208,52.95908809028426,111.35546118179987
state,Anambra,cases,31,18135.052872118133,4490.815189209245,6224.794448588456,11830.201781766298,24944.040535409193,49532.48306426503
state,Anambra,hospitalizations,31,273.38910706857496,66.87808087796193,97.5333047465679,178.0886322861063,372.43800210994164,738.3375839115047
state,Anambra,deaths,31,30.94074763530611,8.068669670940615,14.142815156155638,23.491979540778672,38.28818292686283,79.17392903948546
state,Anambra,cases,32,16820.263699352112,5169.537839930379,6676.372476774252,10579.526706951228,23093.659169242077,43800.6318954875
state,Anambra,hospitalizations,32,250.92959881393824,66.82574347905272,94.12220817902497,165.20043773665896,338.8703365250178,672.9196913522755
state,Anambra,deaths,32,24.032113512308026,6.026898104076148,10.663940399724154,17.658634232561223,28.121993969140227,63.39639084025122
state,Anambra,cases,33,13397.535921781267,3687.536130551656,4927.019784903532,8455.708422211053,18676.432162022444,35742.594291051355
state,Anambra,hospitalizations,33,204.22418828301474,60.5482984811716,81.74946604402089,134.94040622934517,274.5541360501699,546.4997062964991
state,Anambra,deaths,33,21.72590871013435,5.418700393421091,9.63323988538858,16.078378626162355,27.059856451189727,56.41241512408911
state,Anambra,cases,34,10465.326842578672,2691.753154149529,3676.81663483828,6675.173398803855,14491.433843512645,28760.462736448208
state,Anambra,hospitalizations,34,162.75406724136099,44.17135369560541,61.46196614646459,106.45415215132938,221.48483442042595,432.39327070414225
state,Anambra,deaths,34,17.106249199897768,4.380465397663318,7.939151734451086,12.868675530415313,20.929148559902842,43.66381271274672
state,Anambra,cases,35,8117.941655136317,1998.0002538995195,2778.8427150018097,5333.644207969631,11618.37732288537,21374.394167633676
state,Anambra,hospitalizations,35,134.41541860698325,33.40038242055374,48.04132929763997,88.00724494365373,179.0900799731242,365.79395676526116
state,Anambra,deaths,35,14.807475076032187,3.702533727672887,6.588227691879254,10.897294035178517,17.414634544169488,40.5650220404191
state,Anambra,cases,36,7152.644542262368,1816.287380463696,2525.491251089243,4525.985437658175,10040.61871512084,19463.283258480402
state,Anambra,hospitalizations,36,109.95368318085774,28.437289003566512,40.61206630684575,71.55526395536943,149.8009388742068,293.8497844320341
state,Anambra,deaths,36,10.773216565669658,2.4830682267561217,4.654206321422668,7.885726339611617,13.217024068213277,29.254842045316188
state,Anambra,cases,37,5843.417732326881,1631.4711199174703,2191.827915324166,3742.7266733082697,8142.812049156379,15884.667248836755
state,Anambra,hospitalizations,37,95.41040854145466,25.71240493586739,36.28827802183754,62.98251437986651,129.93621962982246,257.88916272100454
state,Anambra,deaths,37,9.04400026189612,1.9000625658354535,3.7696849267771526,6.597651771248228,11.158708502212523,24.21022040720288
state,Anambra,cases,38,5152.904552010102,1352.7514946023289,1850.483897456148,3354.7363110971633,7196.616465989846,13722.839345148916
state,Anambra,hospitalizations,38,86.12043446005254,24.716257500313937,33.75788997335932,55.61397656101461,117.10334625409735,228.31064417358863
state,Anambra,deaths,38,7.847762078452208,1.7769104575629542,3.330755922038489,5.5986713149970795,9.34455380167164,21.10691855181178
state,Anambra,cases,39,5013.9723499523125,1331.1865471892477,1789.1456497281915,3250.0945133380756,7051.728147783179,13091.145571046747
state,Anambra,hospitalizations,39,78.85483823143275,22.170740966807603,31.23303476834673,52.53757517351736,108.23493219192669,209.06231643932762
state,Anambra,deaths,39,7.5551307626037545,1.5998087250985429,3.083767533717492,5.495668873704645,9.487830586091825,20.081317278380624
state,Anambra,cases,40,5165.920922084503,1371.266461109493,1892.3020937308547,3390.3575870801965,7175.426740581614,13716.145513693687
state,Anambra,hospitalizations,40,80.01323325282996,20.95277985751226,30.250045517288612,53.80415272111312,109.92279406058077,214.89750178986054
state,Anambra,deaths,40,8.331569353731059,1.7348005150010932,3.3590515223580732,5.9959220490715195,10.53203460426041,22.190717876392238
state,Anambra,cases,41,5026.696531072656,1260.4158779853044,1748.3475764299428,3164.217399741826,7093.546043195767,13504.159036807858
state,Anambra,hospitalizations,41,73.4765834102292,19.56994008294783,27.37720208820995,48.001381415978855,99.31947771591321,195.4432597824007
state,Anambra,deaths,41,7.691938818394164,1.458035040753984,2.995607238351207,5.605880889031534,9.525235572981783,21.48031662411867
state,Anambra,cases,42,4199.705309969126,1256.4062276004615,1652.1141544125653,2648.628811964126,5717.387702626025,11137.576055878739
state,Anambra,hospitalizations,42,60.250748880833235,17.085062965402432,23.34259236854826,39.72286007841006,83.25565831156202,158.4128940935003
state,Anambra,deaths,42,7.396037601925351,1.4478024852265419,2.9621821444814564,5.397871863218013,9.069116221935294,20.563840769740214
state,Anambra,cases,43,3106.456975475672,786.8169347243858,1090.7522870974353,1990.0756472538164,4369.723137246137,8360.56320033442
state,Anambra,hospitalizations,43,42.20863582929666,9.552452432032702,14.675134241690689,27.688863226847687,56.99553229515169,113.52751880850106
state,Anambra,deaths,43,4.504074159575433,1.0298178220027618,1.5729099480420767,3.0554887111743234,5.465676996372996,13.085193933204378
state,Anambra,cases,44,2042.8777187432827,543.5423639224617,744.4011031726511,1328.7085508408345,2866.5180729834638,5386.944552017516
state,Anambra,hospitalizations,44,28.19792870016444,7.268552471741752,10.393530976274882,18.246582664636644,39.061864926785915,74.8683775062059
state,Anambra,deaths,44,3.129961688501285,0.7563050705857319,0.8817868077494424,2.0151577965040577,3.8815504675014187,9.284858350588037
state,Anambra,cases,45,1438.232977500265,371.0120461086357,510.4380417666519,932.3064432088347,1999.6759379524563,3838.360423477446
state,Anambra,hospitalizations,45,21.708852030765723,5.4223463470423585,7.7957827149453855,13.947606952942785,30.32827453319364,60.506625552099564
state,Anambra,deaths,45,2.2011478764395735,0.6028573164807629,0.6028573164807629,1.3238067209907187,2.7029795901697744,7.097372080696424
state,Anambra,cases,46,1022.4722556683458,269.50355587474957,371.36106459478,665.2185585011215,1454.7933705613736,2641.4475975978794
state,Anambra,hospitalizations,46,15.2984839794574,3.9732714241954996,5.336995386281787,9.703616655396347,20.974837613740476,42.44229438614822
state,Anambra,deaths,46,2.1151729936994705,0.545478591233936,0.545478591233936,1.2622172569086612,2.588688823123194,6.264281489638972
state,Anambra,cases,47,885.7996225904492,230.27469551446717,316.2635081696311,575.7223355326281,1242.7617216421208,2324.7487207527197
state,Anambra,hospitalizations,47,11.342095990770035,2.8861694048044724,3.711616984906617,6.96443638078166,15.927139111619528,31.64676410240423
state,Anambra,deaths,47,1.6926582540390216,0.4651304437395536,0.4651304437395536,0.9278595771204959,2.0352339865384117,5.349111465526807
state,Anambra,cases,48,575.0210607038314,153.51247025378203,209.19091194821823,365.33772217478514,801.2677979463808,1526.757973551009
state,Anambra,hospitalizations,48,9.580760373769323,2.3772254831230817,2.9489007640511,5.931985926090414,13.494614500945927,27.05512955999328
state,Anambra,deaths,48,1.2771108075081041,0.3979137498197529,0.3979137498197529,0.6039292355760594,1.5333747996846236,4.04442299695267
state,Anambra,cases,49,538.3090512088406,138.20542290558646,197.45214532956368,354.3783143706459,769.6093728939406,1402.9225587882675
state,Anambra,hospitalizations,49,8.066342970948783,2.1601778092833204,2.447670716213362,4.855487064292775,11.369787695149622,22.696446176285384
state,Anambra,deaths,49,0.6452038718865261,0.0,0.0,0.0,0.7521841202248434,3.1546346431731753
state,Anambra,cases,50,368.7243740501865,113.37594090476512,147.94710844476725,229.01812639472575,498.4900602892265,973.4166808594516
state,Anambra,hospitalizations,50,8.532401576753312,2.014363682435413,2.520297239427669,5.390154078268072,11.95009715389144,24.35085224509148
state,Anambra,deaths,50,0.6856336861671344,0.0,0.0,0.0,0.7910330009337925,3.1092203319113128
state,Anambra,cases,51,459.8561461901604,122.47707614754583,167.12810903262374,300.53190364005167,643.0516699341088,1228.713868423885
state,Anambra,hospitalizations,51,3.2712733636358236,1.0368967383808847,1.0368967383808847,1.7038032348821153,4.372363519285096,9.797928873137403
state,Anambra,deaths,51,0.5346871337072222,0.0,0.0,0.0,0.5878304544722537,2.5906125473480537
state,Anambra,cases,52,379.28556876209376,100.95279886286166,138.11778885040468,242.12703995875788,535.8672957711167,1012.4508623395943
state,Anambra,hospitalizations,52,5.283020680723876,1.2379141222395698,1.2379141222395698,3.086262466090539,7.4624433512275985,15.212822244762586
state,Anambra,deaths,52,1.0758186328587347,0.3662822473589481,0.3662822473589481,0.4126942431672958,1.239818103645907,3.578752174710306
state,Rivers,cases,1,1383.7236950161998,399.40209168009875,527.6533789781283,888.8770892394032,1919.4003456848038,3653.686732311536
state,Rivers,hospitalizations,1,22.70392870137903,5.956572648663471,8.323994774055631,14.369434355434,30.480244116309414,63.058766435555256
state,Rivers,deaths,1,3.150851288740277,0.7364755528055413,0.9845469848386956,2.1305395524996675,3.972586060583898,9.331061848517793
state,Rivers,cases,2,553.76378552212,156.61570127038883,207.06930371402436,355.9492252508887,759.5862602056193,1494.092844828282
state,Rivers,hospitalizations,2,9.265745532147564,2.3926308593968053,2.8706225901860156,5.625674724285524,12.772936059890066,26.669746248186215
state,Rivers,deaths,2,1.3982328216756301,0.41954888400111423,0.41954888400111423,0.6790751228477098,1.6819683215822188,4.643199572496118
state,Rivers,cases,3,918.7183194045325,257.74822513392894,341.2078897034937,585.4975830669691,1273.0930493776941,2359.6078836239867
state,Rivers,hospitalizations,3,10.208138386357998,2.483437919308095,3.0851864772868582,6.386480648981146,14.285020638744374,28.98940643861152
state,Rivers,deaths,3,1.8101516031139615,0.5368537633266168,0.5368537633266168,0.9734900001889735,2.2077713597343633,5.929458107688241
state,Rivers,cases,4,723.0768180635797,209.81536654941002,276.2332716176029,459.2163436889798,1012.8750362983649,1906.9818181088797
state,Rivers,hospitalizations,4,11.6796967726315,2.8666874296797156,3.7296061351071437,7.286966981195571,15.823609232784431,32.35539348825486
state,Rivers,deaths,4,1.1953083744864228,0.37288029181608023,0.37288029181608023,0.5143991553051361,1.4764890697935291,3.729166466418762
state,Rivers,cases,5,745.6179338764259,175.51555245972045,251.91660497056782,487.4022488565568,1053.1601031481064,2009.9947512539886
state,Rivers,hospitalizations,5,11.231989060033358,2.949180516716818,3.5985033806573385,6.945283048782071,15.698294459870336,31.378262175322
state,Rivers,deaths,5,1.0544617278418282,0.3618061564253771,0.3618061564253771,0.40208019510083726,1.1876334820631707,3.4831279632951238
state,Rivers,cases,6,858.3782448887092,218.53947566538352,301.094280102075,557.160109014256,1201.2039335377926,2281.1053099045316
state,Rivers,hospitalizations,6,11.328664135504741,3.0090710600031487,3.873188573803811,7.0784775099964845,15.079788141673479,31.27218120093295
state,Rivers,deaths,6,1.824636004385025,0.5411143269345329,0.5411143269345329,1.0297643244989683,2.248685714726496,5.762170403605616
state,Rivers,cases,7,1172.6330227389096,306.74547406424256,421.0961696460978,765.594698225301,1664.5408844583294,3086.5428390200104
state,Rivers,hospitalizations,7,23.008839080909922,5.403930053342735,8.067643977311644,15.039778522001086,31.284923615556643,63.15201886728463
state,Rivers,deaths,7,1.9149431588473163,0.5829718446553828,0.5829718446553828,1.0753962120865128,2.3102779214037774,6.156508868632179
state,Rivers,cases,8,1281.1024095185667,366.23405221919074,482.43395547245166,810.2865188075257,1769.16344247276,3513.3550700728983
state,Rivers,hospitalizations,8,21.467322166620836,4.894507500682437,7.296032107693703,14.07391418677681,29.82240491999581,57.37677404235169
state,Rivers,deaths,8,1.8320118618872991,0.5637847021755934,0.5637847021755934,1.0315465149749845,2.171468198802788,5.408094970917891
state,Rivers,cases,9,2347.277272962087,662.3040301082596,886.4831818561063,1508.9295729331247,3217.5883513798617,6276.519935876642
state,Rivers,hospitalizations,9,43.74580969149621,11.218520858928539,16.094362007193908,28.45616610521601,58.338593669129565,120.73947867647443
state,Rivers,deaths,9,1.9843059340861127,0.5792578414230058,0.5792578414230058,1.15414983332712,2.4433662436208126,5.842226783943647
state,Rivers,cases,10,5065.3632816578765,1251.8777166909358,1757.6710252331916,3283.2310737646726,7037.865048539877,13664.795321981916
state,Rivers,hospitalizations,10,84.51644331996067,22.45362640515709,31.4519016169247,54.468426586964355,114.33182697298503,226.81275434678517
state,Rivers,deaths,10,7.1784412495627885,1.7057636354273056,3.041915501504657,5.214546224352082,8.875094106945973,18.40460178055821
state,Rivers,cases,11,16436.275761329496,4162.474747223894,5860.346940565486,10942.647154279613,23145.281197158296,44012.76289056545
state,Rivers,hospitalizations,11,248.81947957844093,75.68880703345576,100.84896145604128,164.37383384519433,340.3262287885835,647.9643336371438
state,Rivers,deaths,11,9.203800140714494,1.9432064848020711,3.820797713715978,6.862405816590471,11.609561020569325,24.064827776824515
state,Rivers,cases,12,50083.24812633914,13834.599099140258,18617.13640374141,32122.31871324967,69362.17507264874,129878.61157372026
state,Rivers,hospitalizations,12,598.5826869546696,175.44621230529776,237.49505203795158,391.0104536542302,799.5482577539274,1610.5620301209945
state,Rivers,deaths,12,44.65258232582235,12.344644012652628,21.112531572575527,33.372767182774005,54.325903222189844,107.1696960759065
state,Rivers,cases,13,92394.10741795105,21202.308738236858,31005.243869712842,59558.59997066935,130049.89774385502,254642.90966544056
state,Rivers,hospitalizations,13,1737.9071709546963,489.79500809951185,664.7241827584508,1132.3289050647409,2405.8396596183343,4630.416310421418
state,Rivers,deaths,13,73.0192900722924,20.733889058710126,33.795699434631075,54.42075735552571,85.50058865113542,191.61099220336212
state,Rivers,cases,14,191208.9062137566,55385.21438859127,73830.39085992408,119018.80459706881,268859.1517863114,505509.43597974913
state,Rivers,hospitalizations,14,3371.5014413411027,841.079415554522,1232.3566290528863,2220.6301756679095,4653.628199309775,9264.801322244242
state,Rivers,deaths,14,170.07998707458668,47.92767724694696,80.90483075785602,127.21147057209568,207.1896662328184,446.9036464370508
state,Rivers,cases,15,207929.70713480466,55044.95528369118,76186.8484215643,135418.7401301313,286000.44207337766,552842.4306201432
state,Rivers,hospitalizations,15,2956.5425241016624,812.9219907413271,1128.447713671499,1953.094565830201,3996.214654064217,7976.8989793622295
state,Rivers,deaths,15,277.67544047403175,76.66502288074571,130.1542229167178,207.5577955166379,333.3982131952789,721.0483315526546
state,Rivers,cases,16,169538.7347836473,42215.46251429546,59075.437581844344,108238.37655194906,235290.64971784828,457757.07404472807
state,Rivers,hospitalizations,16,2447.273111786967,671.3958379252279,938.123601972035,1620.2907331491058,3407.8159308474187,6393.3980721716325
state,Rivers,deaths,16,199.59157458778324,56.94545824516049,92.40127581902348,148.61789665291565,237.63978651115409,496.3400897669864
state,Rivers,cases,17,121903.7695685445,30296.112248961766,41879.44085740889,77205.28063805998,171040.7679962744,321964.7526863709
state,Rivers,hospitalizations,17,1616.3926136580171,473.79193427192615,637.0760401498512,1065.6910888676434,2231.0048440961973,4256.92442120652
state,Rivers,deaths,17,84.814820296094,23.843174615260043,38.98802947043369,63.98263741062442,102.02120818955535,218.89099823140208
state,Rivers,cases,18,37674.611790185285,10295.217080297307,14104.300244593074,24150.213397157666,52876.65676673073,98022.96061741338
state,Rivers,hospitalizations,18,701.714924884405,199.35943111429603,277.3054955301802,460.9048059754275,966.6753458064803,1773.6811436764942
state,Rivers,deaths,18,40.435646448976165,10.833365758226087,18.18635206363194,30.266339345867298,48.06584931522606,107.39843099965368
state,Rivers,cases,19,9265.032157827312,2759.477137338282,3575.5069645838576,5942.21080572499,12391.697458306866,25107.898362385342
state,Rivers,hospitalizations,19,185.463351146926,48.5576142910758,68.90015975698773,122.40485389965365,255.80376494296655,502.7080252367512
state,Rivers,deaths,19,13.131101620977827,2.7007751625973215,5.418036690752472,9.442881434778457,15.956960728053327,36.23050861154424
state,Rivers,cases,20,2666.3987674654795,695.0909763247123,953.4062093373167,1728.6473929114468,3689.3578531317576,7118.865813530919
state,Rivers,hospitalizations,20,60.740506478152284,17.23960723075229,23.841367691482596,39.61808938923096,80.84379107951773,163.92820941825565
state,Rivers,deaths,20,2.0219081159341497,0.4880525787340716,0.4880525787340716,1.174881102966502,2.4827381911199966,6.448137621232961
state,Rivers,cases,21,3251.4965152005952,893.420232479206,1209.5638736879014,2101.6306967423325,4480.147398921708,9013.65145211636
state,Rivers,hospitalizations,21,51.24862688331993,13.319357726729802,18.97672370177014,33.64638851916379,70.13074828888278,139.11966420646112
state,Rivers,deaths,21,3.925095929621937,0.8728915754682518,1.337192787945442,2.6985849160380115,4.84108580016491,11.619276415936197
state,Rivers,cases,22,3393.4931842635397,967.7279231682642,1280.82156310873,2176.0438242862588,4737.084751036242,8836.083256421158
state,Rivers,hospitalizations,22,62.42564345199221,15.596056871290028,22.6393306578097,40.42025339560751,86.72008464483028,168.42701575362508
state,Rivers,deaths,22,4.61973782943223,1.1054087041881506,1.7145404252975442,3.2441580687228706,5.714895897031443,12.62191321115618
state,Rivers,cases,23,4645.194606008342,1260.3022869226934,1704.6252985665503,3029.286276587013,6294.7869033449515,12661.430401265921
state,Rivers,hospitalizations,23,95.34171055455015,25.251039048441836,35.570104719819454,61.978285825758725,129.20319956767239,258.09520081253675
state,Rivers,deaths,23,4.823455116057549,1.1152089317433522,1.7705244262872915,3.3228532467719862,5.7662424747388545,13.841821712743112
state,Rivers,cases,24,9595.495599369879,2744.98365245791,3674.910241911632,6154.800464869178,13291.88405841757,25029.482665460575
state,Rivers,hospitalizations,24,112.50161505978369,30.748918422394265,43.35169818723553,72.71805351067539,151.54507050500337,302.05554164444646
state,Rivers,deaths,24,8.181007426223506,1.6737519168480723,3.3947546662355164,5.954319722360034,10.090416102636656,21.975157071661005
state,Rivers,cases,25,15499.389481755254,4420.972022958773,5881.841341076732,9863.977683773097,21616.280137730122,41042.42664493394
state,Rivers,hospitalizations,25,208.84729092786338,52.08565904227953,75.33773437615378,138.04046911395343,293.53534550475626,556.6103761059875
state,Rivers,deaths,25,20.269779892259383,5.624583791272066,9.434005405130463,15.102983227459783,23.814069024448482,51.93938619604015
state,Rivers,cases,26,20731.42481243242,5492.637441179449,7518.376069929773,13382.636327689588,28420.081508996023,55761.33678859687
state,Rivers,hospitalizations,26,411.0390136585111,112.81107562635113,155.7394510951838,274.0124127489971,562.2986403843744,1122.801651349707
state,Rivers,deaths,26,25.994029830213204,6.897409565464575,12.026194089346173,19.71509383136181,32.04736057094465,64.47259222334476
state,Rivers,cases,27,32620.977266904374,9094.69247708498,12157.457773148402,21001.08842596076,44801.16695637461,84897.69697884697
state,Rivers,hospitalizations,27,506.96833365116794,135.26544151539022,192.8593917587118,330.58817814909247,699.5061462114024,1358.1304521247196
state,Rivers,deaths,27,34.803236397623216,10.033049111933032,16.29595727218574,25.79237534909329,42.41565094573087,88.97858752135669
state,Rivers,cases,28,30695.450775598507,9068.605543212903,12060.117470681984,20015.785219463312,42879.047392291075,79528.77540774373
state,Rivers,hospitalizations,28,694.9290776225245,194.7210786424854,270.1287120116333,445.4652587834203,920.0844194173909,1809.2764206577065
state,Rivers,deaths,28,37.81178769971835,10.851792067650793,17.40346983296253,28.669172171339866,46.208226685150635,99.44785668087582
state,Rivers,cases,29,31664.260173712628,8844.870175253443,11842.234993268488,20116.553281589993,44127.96941627105,86921.2934680696
state,Rivers,hospitalizations,29,632.4265098759212,169.74382016205644,236.7980171350924,420.7726878421529,869.0582730786766,1686.474480853671
state,Rivers,deaths,29,46.146592084176596,13.419407946000444,21.47366564122929,34.11798493054766,55.6897858074906,118.69590309449275
state,Rivers,cases,30,19867.982232520142,6088.864386002531,7934.989305398876,12560.699264424788,26855.73570196275,51651.258995309
state,Rivers,hospitalizations,30,360.01983688762056,100.18532753164114,141.25969595957667,240.4065879472817,493.6303294222574,945.9054268436277
state,Rivers,deaths,30,22.908255915844077,6.17153758053766,10.3125884390892,16.83333737016909,27.77997816084619,58.92665616686415
state,Rivers,cases,31,16503.50227846254,4086.723748242371,5664.711243042202,10765.846465490384,22699.94166884273,45076.36550278749
state,Rivers,hospitalizations,31,304.20915771660293,74.50231171168404,108.60080474775353,198.20430224294765,414.3834651127801,821.3817762469114
state,Rivers,deaths,31,26.899027956556605,6.9210474120923395,12.226521767444442,20.392567840480318,33.31634087366188,69.02807646312935
state,Rivers,cases,32,16087.472383504679,4944.291669661529,6385.483477522235,10118.603067293629,22087.577463125715,41892.484205359106
state,Rivers,hospitalizations,32,276.2822524015671,73.65131136326849,103.69472527827298,181.92583302124297,373.07280795829064,740.7388462319473
state,Rivers,deaths,32,22.802305365004994,5.681637276019683,10.090842332673208,16.7418576676926,26.691108875387656,60.23232742335667
state,Rivers,cases,33,12292.649603185355,3383.3675907884426,4520.639440819941,7758.341076211239,17136.231099548575,32795.06266967289
state,Rivers,hospitalizations,33,213.27296829481952,63.26209658516989,85.39806965449813,140.93431387237777,286.70391614832454,570.6401569921675
state,Rivers,deaths,33,19.678614291735613,4.840348796499912,8.675140754532789,14.539545693347886,24.531546701048057,51.239317778066834
state,Rivers,cases,34,9467.498534956056,2435.034119567148,3326.1845932745173,6038.686988230202,13109.76853218532,26018.430873817175
state,Rivers,hospitalizations,34,169.54520862961903,46.04468151465565,64.05236314017105,110.91044659523767,230.7116340520057,450.36677834064767
state,Rivers,deaths,34,16.645003882576876,4.243320516345007,7.711298042790864,12.515171192205646,20.370187530627266,42.52535853806267
state,Rivers,cases,35,7380.109380492828,1816.3353316723062,2526.216478642127,4848.843006338888,10562.432845853466,19431.843479376334
state,Rivers,hospitalizations,35,142.49604906801306,35.453152931608834,50.96776753819246,93.31856519169331,189.83657694466677,387.6816151312647
state,Rivers,deaths,35,12.796984307254212,3.10378324826489,5.622055999875648,9.382470129652546,15.069989742036238,35.27275231636535
state,Rivers,cases,36,6397.2009384581115,1624.3770724053452,2258.6871564173553,4047.923916263049,8980.197473142263,17407.803956512875
state,Rivers,hospitalizations,36,120.4148479438546,31.21275640233955,44.535421253567904,78.39606949602582,164.01906505760024,321.64942196411886
state,Rivers,deaths,36,10.83569960742335,2.501611066956826,4.684307668124568,7.933031357158191,13.292711361215858,29.415910007475052
state,Rivers,cases,37,5389.1066745026355,1504.5723054718535,2021.3702212536214,3451.7111259855847,7509.759444735324,14649.807828685474
state,Rivers,hospitalizations,37,98.2041039918632,26.48645335312635,37.3687847247874,64.8365430271144,133.7303734624581,265.3910236403341
state,Rivers,deaths,37,9.36617685663636,1.9935070920611482,3.9233715932233073,6.842459927650047,11.550481000120092,25.02253291719792
state,Rivers,cases,38,4685.774762611913,1230.052743744703,1682.6726245920604,3050.5854715812666,6544.252606706595,12478.964120386832
state,Rivers,hospitalizations,38,85.94122067069627,24.663356671128742,33.686389631589286,55.497516135017065,116.86039624683781,227.83892999754147
state,Rivers,deaths,38,7.9472658773769025,1.797036656603348,3.3798082844191217,5.673411250103276,9.46172152270698,21.35731284773696
state,Rivers,cases,39,4576.647186556199,1215.014680473138,1633.037961761046,2966.586382076833,6436.702725031447,11949.459375883927
state,Rivers,hospitalizations,39,84.99031448163437,23.951039012996954,33.709624054077594,56.65107506614769,116.62787640702511,225.20222029784748
state,Rivers,deaths,39,7.172069036741275,1.5276246513135479,2.8995061452465203,5.202581435246329,9.01461505413856,19.130118964461072
state,Rivers,cases,40,4755.437290304426,1262.247389747554,1741.889588641085,3120.9327594116544,6605.298852793232,12626.39326220284
state,Rivers,hospitalizations,40,81.55604507250122,21.370849180699885,30.84517221485464,54.84784446241878,112.03521069938373,219.0090595532524
state,Rivers,deaths,40,8.293134958502158,1.7276117276298306,3.3409881806287856,5.966931859339725,10.484247354942001,22.094618562172123
state,Rivers,cases,41,4636.620681147517,1162.5484216515374,1612.6237437616237,2918.6427395029914,6543.112845700815,12456.355861516962
state,Rivers,hospitalizations,41,75.13384306404848,20.027674488993966,28.00866828065967,49.091788978054204,101.55184574236252,199.8146307477836
state,Rivers,deaths,41,7.502265946732736,1.425975322108986,2.9077506091914493,5.460628767659197,9.293803486845075,20.986012573890218
state,Rivers,cases,42,3784.253131385682,1132.048026280969,1488.6202108436278,2386.5789938644007,5151.835859843169,10035.964458000135
state,Rivers,hospitalizations,42,63.25065505220237,17.970890385184163,24.534920856974388,41.71751313205994,87.38259845807542,166.22112306814802
state,Rivers,deaths,42,6.06534369071454,1.2163136921159055,2.3286697889842847,4.374917661104528,7.459167637310637,17.116003426211954
state,Rivers,cases,43,2783.299382696911,704.888519887073,977.2163495789097,1783.0152701399986,3915.193153763841,7491.008880833682
state,Rivers,hospitalizations,43,45.09868003697073,10.25848245874989,15.723906128485591,29.60834109239589,60.875823391421164,121.1901799467559
state,Rivers,deaths,43,4.466474677001325,1.0225881126623344,1.55484715024813,3.027017651547335,5.420285506369495,12.98631056183042
state,Rivers,cases,44,1852.0656269616368,492.70504299523185,674.81203607319,1204.5697788785435,2598.8126634523687,4883.937468498775
state,Rivers,hospitalizations,44,31.648891595749745,8.24701924576583,11.741794960472678,20.524144754883356,43.80262261929207,83.8463318510128
state,Rivers,deaths,44,3.2628303006405144,0.7820166618262046,0.9457606393212652,2.1176620739501892,4.047505232478637,9.634505714014653
state,Rivers,cases,45,1421.570437230502,366.705123048904,504.51693163392895,921.5012042814951,1976.5133618414093,3793.9107070893124
state,Rivers,hospitalizations,45,22.4713068592856,5.604839366478197,8.091811194724713,14.450679562399124,31.38265045228184,62.576675876058395
state,Rivers,deaths,45,2.2884332417067794,0.6209115699434284,0.6209115699434284,1.3933996319367539,2.8138757015054905,7.339870602203655
state,Rivers,cases,46,890.7717683247841,234.6951378257358,323.4456146123319,579.4895039556944,1267.461769423581,2301.4172406868297
state,Rivers,hospitalizations,46,16.666590353909093,4.308795277694457,5.8721244737794756,10.607486117906417,22.830508019562025,46.110789301576204
state,Rivers,deaths,46,1.5585634633840146,0.43669148037983574,0.43669148037983574,0.8110536668827447,1.8729813781456783,4.815534997313608
state,Rivers,cases,47,654.3996157616103,169.92626419121518,233.4773002295097,425.23337615445416,918.2166231217614,1717.8717485994634
state,Rivers,hospitalizations,47,10.858413727181171,2.7717989892584316,3.5249094439145594,6.648829162111931,15.256366311180692,30.35306873912789
state,Rivers,deaths,47,1.4765096893114222,0.42198084085856624,0.42198084085856624,0.7490143170806325,1.7536589081216054,4.760111880416855
state,Rivers,cases,48,505.64188698060394,134.90213072375929,183.87435186050118,321.21397357941237,704.6382114200444,1342.746323482992
state,Rivers,hospitalizations,48,8.604281059338707,2.154171181003623,2.578376676067979,5.281559917273334,12.134589486511203,24.422725781175437
state,Rivers,deaths,48,1.1429707232417552,0.3687494433898981,0.3687494433898981,0.4863723938249708,1.3476960715855255,3.674701925208918
state,Rivers,cases,49,390.32242866406256,100.00739836003156,142.9967961039949,256.8623606675011,558.1538481993193,1017.6856388370662
state,Rivers,hospitalizations,49,11.003919644676182,2.873824860807327,3.586660308032018,6.789934803136958,15.456332089173468,30.52492162521794
state,Rivers,deaths,49,1.0511344781251186,0.3532132656105206,0.3532132656105206,0.3777978589666454,1.1859901902213175,3.6989429274107306
state,Rivers,cases,50,470.62673702079917,144.89990703527687,188.99947981507245,292.41505732715586,636.1580665021384,1241.9825890515938
state,Rivers,hospitalizations,50,10.366661392385078,2.4086626764584507,3.2093732351238495,6.640986461061542,14.484997045507079,29.313121782130143
state,Rivers,deaths,50,0.6874751484684943,0.0,0.0,0.0,0.7938163018168009,3.115606141984227
state,Rivers,cases,51,373.0697219518949,99.2244104234788,135.4669550749157,243.74872752964907,521.7666617589086,997.1395032798482
state,Rivers,hospitalizations,51,7.365996999338492,2.105494067489687,2.3111889527584184,4.490268664161384,9.908973960045113,20.92597810565696
state,Rivers,deaths,51,1.0977785481600522,0.3454895829559117,0.3454895829559117,0.40747995674394843,1.2756853683538187,3.7103039662343646
state,Rivers,cases,52,327.1061561203903,86.963740116407,119.02927982847041,208.76730405381628,462.20312741714565,873.3941242407833
state,Rivers,hospitalizations,52,9.469723612253556,2.091650525364012,2.7046601355577744,5.904382848877005,13.298628445594936,26.394112044331465
state,Rivers,deaths,52,0.5033321131892272,0.0,0.0,0.0,0.5465480953978687,2.477268567454739
state,Jigawa,cases,1,1147.0389834190257,330.96312877847765,437.292989401025,736.7743246361754,1591.1547876681166,3029.007254139501
state,Jigawa,hospitalizations,1,50.76963806922241,14.094347260710247,19.37852690965774,32.59144220779046,67.80323481431613,139.00686693206137
state,Jigawa,deaths,1,1.5119246403683786,0.4250270938279221,0.4250270938279221,0.8066643530034713,1.8697270317909007,4.962154720418033
state,Jigawa,cases,2,1062.315333944806,301.10189706874036,397.8062792421037,683.1643138110983,1456.8151176598794,2864.6433405811904
state,Jigawa,hospitalizations,2,12.57909870419627,3.176058380253357,4.137994131471438,7.7951426565672035,17.282656859460342,35.72974838801121
state,Jigawa,deaths,2,4.503980829228397,1.0343733174811818,1.6121341707659216,3.139661840014563,5.6122365616090395,12.912979596903646
state,Jigawa,cases,3,3127.2903481600893,879.0950880418385,1162.9712027447479,1993.8876624698642,4332.645318282497,8028.270160577748
state,Jigawa,hospitalizations,3,24.35449031747779,5.648582419299524,8.291761366674999,15.800558777791164,33.76579711833362,67.21093962419825
state,Jigawa,deaths,3,2.999195107733722,0.7899462196627305,0.8584754736123068,1.903865208155446,3.7200318452883687,9.196257547978318
state,Jigawa,cases,4,1528.8809481210476,444.42568524376907,584.7581541794316,971.3777901171186,2141.1872142745556,4030.3195507245514
state,Jigawa,hospitalizations,4,18.184122798801454,4.349854090724652,6.1766096231184795,11.574477722840223,24.527807700386983,49.6128060249758
state,Jigawa,deaths,4,2.3879091973866107,0.6153128720572426,0.6153128720572426,1.4990038737458444,3.086608049815175,6.803890591043141
state,Jigawa,cases,5,1132.5694626410125,266.99870572445184,382.9963212522131,740.527693976639,1599.5022749171917,3052.2379897670403
state,Jigawa,hospitalizations,5,16.978902443748723,4.348184659428053,5.779897582655241,10.714290689126118,23.619472222016068,46.7375535650174
state,Jigawa,deaths,5,3.2090610582924493,0.8195744432868528,1.0054635305021224,2.1760352192356787,3.9554947071427073,9.155319469969115
state,Jigawa,cases,6,2014.5138413377783,513.8895199004262,707.5066518219273,1308.062024890475,2818.548531240669,5351.258876530773
state,Jigawa,hospitalizations,6,10.726358150024632,2.8603930531406068,3.6324046408987156,6.6793204576306655,14.285286847419087,29.677614810714008
state,Jigawa,deaths,6,2.0496841007344173,0.5896943861653273,0.5896943861653273,1.2119921203648192,2.5403456035668497,6.369263253275498
state,Jigawa,cases,7,1815.1719372219968,475.22952232394397,652.1847717876274,1185.2888579011,2576.388805565377,4776.906339166077
state,Jigawa,hospitalizations,7,23.7549765189809,5.603315270016093,8.349963450521606,15.539174157081847,32.290108937187455,65.14938049917974
state,Jigawa,deaths,7,2.9169358863911246,0.8050627121556555,0.8556394825858686,1.8660459653718457,3.5713722640750936,8.882875977917653
state,Jigawa,cases,8,2187.5288447866546,625.8628076062814,824.2142326899248,1383.8534521228576,3020.6414266729253,5997.949369859504
state,Jigawa,hospitalizations,8,33.93822898313403,8.122078614013082,11.908412444988116,22.45462251801313,46.958868780745874,89.83275796964575
state,Jigawa,deaths,8,2.7798328706901816,0.7742071698852593,0.7926549239976486,1.789784596459618,3.3551614811490027,7.799800797441846
state,Jigawa,cases,9,2542.8739564963203,717.5530715898113,960.4049325207973,1634.6971814844974,3485.67645768671,6799.397746949047
state,Jigawa,hospitalizations,9,26.588726411880057,6.530915364258027,9.536152040702436,17.15538038156285,35.57348806093528,74.03442691522486
state,Jigawa,deaths,9,2.9302154672827396,0.781830124879821,0.8469972095993554,1.9074776597976302,3.647545993755621,8.235022192889488
state,Jigawa,cases,10,3203.6230403042778,791.4818206636286,1111.4108901116138,2076.372265580115,4451.288132161346,8643.015464002601
state,Jigawa,hospitalizations,10,53.39455758004117,13.917868493831827,19.641294115165145,34.281140711022445,72.35774000211936,143.9021422894193
state,Jigawa,deaths,10,6.518570766610935,1.5667904085238966,2.7126095950774167,4.7082301530036315,8.070543191734714,16.82365582168609
state,Jigawa,cases,11,4574.241361668595,1157.8843643163889,1630.479409784867,3045.114686812137,6441.662679614568,12250.031824467093
state,Jigawa,hospitalizations,11,68.1764046196858,20.23536408233469,27.20228742094241,44.79251793370841,93.51427163306633,178.7001992118939
state,Jigawa,deaths,11,8.1104178571128,1.644492221646174,3.30188089255649,6.016086415674126,10.252251772269279,21.366817711840053
state,Jigawa,cases,12,5302.232461944732,1463.9994962074122,1970.4043646651305,3400.417271070341,7343.605449220588,13751.463059943546
state,Jigawa,hospitalizations,12,109.29782138313264,31.458630364107535,42.87298903517487,71.1133213787142,146.26697528709053,295.45916203641605
state,Jigawa,deaths,12,12.614244711626815,2.978038934577041,5.591746580453297,9.246523325206837,15.492654049057965,31.24539089415441
state,Jigawa,cases,13,8277.37688749013,1898.764889096663,2777.084032716263,5335.395287631359,11651.244108662631,22814.474923133697
state,Jigawa,hospitalizations,13,163.47098257143193,45.42084325810382,61.96616190255426,106.19359935140513,226.64601257695986,437.0530507871559
state,Jigawa,deaths,13,16.39307938708235,4.106406311810742,7.175296134847148,12.02118108733844,19.3234290315144,44.25421030973784
state,Jigawa,cases,14,15259.669421928604,4419.433674453356,5891.563158390594,9498.099333210857,21457.019505295153,40344.33464075795
state,Jigawa,hospitalizations,14,392.7145532895626,97.30653201961123,142.98524736024382,258.35886089343705,542.3933518176653,1080.7136454674262
state,Jigawa,deaths,14,24.69804405839366,6.349364599099255,11.302821174789448,18.25848305173354,30.271906802100247,66.27904098773332
state,Jigawa,cases,15,23957.62729744788,6341.620313501478,8777.67579098505,15602.616835639492,32953.25698103503,63699.88329225622
state,Jigawa,hospitalizations,15,609.0880937880886,166.89754053474218,231.98485044655732,402.0947379568532,823.5538479621966,1644.6977849308971
state,Jigawa,deaths,15,43.07094167931464,11.282283247055382,19.741297113683473,31.982233480444318,51.88318240863944,113.18785184433483
state,Jigawa,cases,16,47676.3411527961,11870.958441640993,16612.258669277646,30437.679691334466,66166.85303054556,128728.04330968941
state,Jigawa,hospitalizations,16,1365.3659714980809,374.25992827139805,523.1190317320084,903.8322578943033,1901.438934850235,3567.673728418785
state,Jigawa,deaths,16,93.09756506371201,26.182231051207246,42.81456522526118,69.18579815191754,110.94599216926073,232.30237848629744
state,Jigawa,cases,17,76425.2566559463,18993.292716095963,26255.276380004838,48402.249851332606,107230.91640520623,201850.30849533933
state,Jigawa,hospitalizations,17,2837.350173580718,832.2088063686368,1118.754859780733,1870.9281958367144,3915.9285695853714,7471.199648971846
state,Jigawa,deaths,17,169.8765308494081,48.46832585437383,78.62512451619756,128.3949880435499,204.13830360077242,436.8522359325571
state,Jigawa,cases,18,137913.1672195996,37689.010504655984,51632.42130842956,88406.17707680407,193561.29802238438,358822.44715206826
state,Jigawa,hospitalizations,18,2247.2715985891855,640.031522929242,889.4127679296421,1476.8218303777035,3094.988030977938,5676.928660097797
state,Jigawa,deaths,18,418.14645184562323,118.70160226797925,193.08147526393867,315.2778023786642,495.33053686259467,1095.5152382764409
state,Jigawa,cases,19,201395.9607413881,59997.896635210396,77734.28307142093,129174.52766178254,269353.9472934003,545740.2333149672
state,Jigawa,hospitalizations,19,1860.7583788388383,493.8119996458342,696.9237866812884,1231.1457236710748,2563.0779175056114,5028.313431860128
state,Jigawa,deaths,19,324.61746705989697,84.30734539358846,146.9435114730092,239.72105283902397,389.8784625106276,857.2082719867066
state,Jigawa,cases,20,224934.84250863895,58698.813515710644,80481.96618085018,145856.34173412906,311198.72123302217,600401.5475488863
state,Jigawa,hospitalizations,20,1000.3650706317133,294.8309862354548,401.90595135286577,657.7910195103725,1326.436996092796,2673.995915920164
state,Jigawa,deaths,20,197.69913274046786,53.261021288566916,91.81588025398575,148.21964936878166,237.9523597466262,510.0203416521809
state,Jigawa,cases,21,307046.3389178762,84435.47855533857,114280.57240717657,198494.88067028436,423035.38995684386,851014.4358993333
state,Jigawa,hospitalizations,21,262.41363585018934,71.19348263674986,99.71605746749188,173.67567300978135,357.61779135154256,705.4371697393551
state,Jigawa,deaths,21,78.93246802668097,21.9356334383379,37.36209262900929,59.70763947121119,94.87410832158879,206.1296186074479
state,Jigawa,cases,22,104711.25661567533,29882.01386251665,39540.22785515861,67155.76220799136,146157.9460887267,272602.5609587537
state,Jigawa,hospitalizations,22,74.6282116783088,18.78911678693954,27.18750735674683,48.389456673185784,103.59731567922944,201.02455484538925
state,Jigawa,deaths,22,39.59042399299691,11.220513544894652,18.767710823884045,29.906627365540817,47.89892928761723,98.1969169870313
state,Jigawa,cases,23,18366.388818669388,4985.194399138447,6741.697130511603,11978.36182052631,24887.575657955465,50056.26240322129
state,Jigawa,hospitalizations,23,125.06022797157911,33.34869432864885,46.85088111254461,81.40519109279464,169.36696697258915,338.0182704123459
state,Jigawa,deaths,23,15.666406964458945,3.899374719463926,6.988036369444153,11.463744635256152,18.508577675715152,41.792263625364626
state,Jigawa,cases,24,13635.332830552265,3900.9605276149227,5222.35835981983,8746.208093643709,18887.790123597475,35566.56620177078
state,Jigawa,hospitalizations,24,183.6933954396403,50.66283794181734,71.17047728704168,118.95633366905219,247.2261332960639,492.14150255597974
state,Jigawa,deaths,24,21.830466113963183,5.549494593717551,9.946385779349264,16.321710151137356,26.623833941328392,56.22615976262737
state,Jigawa,cases,25,16605.84621910255,4736.623493712007,6301.7733333819,10568.164571130941,23159.375895399236,43972.20953771609
state,Jigawa,hospitalizations,25,248.64782671918894,62.15411245607484,89.81627596624386,164.41147987584557,349.3981803726234,662.3691477998759
state,Jigawa,deaths,25,40.303016668242144,11.865013653484823,19.262951790932373,30.272168276601565,47.18919148077449,101.80886281738513
state,Jigawa,cases,26,28863.014249634485,7647.330131140379,10467.595930981679,18631.913089968424,39567.28538327821,77632.21937595119
state,Jigawa,hospitalizations,26,770.8450382991215,212.19465175326528,292.6094972157414,514.1623006915205,1054.189548195686,2104.142231374996
state,Jigawa,deaths,26,39.74748887944184,10.921292237196282,18.663291512271904,30.269834144669787,48.88562892281159,97.83214222983786
state,Jigawa,cases,27,36181.04195745672,10087.313290926451,13484.3208218107,23293.064562826487,49690.46631847778,94162.76546060728
state,Jigawa,hospitalizations,27,813.4732397659686,217.4871541527926,309.83293269459296,530.6664048405992,1122.1871606637944,2178.221241312235
state,Jigawa,deaths,27,80.54141661142539,24.12762936118733,38.391323230162904,60.01929490639929,97.87859415572493,203.92509139965927
state,Jigawa,cases,28,46013.111545825464,13594.377660852671,18078.66688788776,30004.247010816907,64276.3751995989,119214.47489572973
state,Jigawa,hospitalizations,28,1221.580872877438,342.8351045550548,475.30827343172587,783.3326329424498,1617.1249349893155,3179.2225222116654
state,Jigawa,deaths,28,104.44207288534518,31.198401493066477,48.99769715540745,79.60383713170151,127.25313065802621,271.8920993607949
state,Jigawa,cases,29,47544.82969848121,13281.197416985988,17781.782487178178,30205.786776085206,66259.26292300345,130514.03570670605
state,Jigawa,hospitalizations,29,559.535576012707,150.09564265615614,209.43364373178645,372.2376097936597,768.937171338645,1492.2900113658675
state,Jigawa,deaths,29,96.92826819196553,28.950577254537368,45.68008988309255,71.94362741001363,116.75045242695779,247.62056792543922
state,Jigawa,cases,30,61342.90368552043,18800.97233964895,24500.736319584037,38782.24822003769,82917.03721642937,159471.24492262784
state,Jigawa,hospitalizations,30,469.2187007564896,130.79118814559433,184.28945661495084,313.42563687702017,643.2428007857307,1232.3190424887355
state,Jigawa,deaths,30,74.80363248610303,21.73874114914686,34.868740469459496,55.54403086252547,90.2524638305694,189.00900535057798
state,Jigawa,cases,31,70318.01405263339,17415.138872060263,24138.305857017396,45872.1814589378,96718.53805613733,192055.43676893017
state,Jigawa,hospitalizations,31,475.07779884394586,116.77161156056835,169.9598436239751,309.72706481541996,646.9322154896984,1281.7849228840682
state,Jigawa,deaths,31,74.998038414387,20.577597712836567,35.030154977017744,57.2751495972321,92.48059162201804,189.76235552111464
state,Jigawa,cases,32,67402.63179394044,20717.599682420234,26755.56025729025,42395.69141913295,92540.43629590077,175514.2954632577
state,Jigawa,hospitalizations,32,297.656181756218,79.4057072594753,111.76497731395557,196.02642474059465,401.9077070603695,797.9147872150072
state,Jigawa,deaths,32,50.49080091499259,13.454525303219866,22.993050581630335,37.38133080108744,58.90475348759837,131.46517126760392
state,Jigawa,cases,33,31430.38887151729,8651.871788591507,11559.554610599705,19837.442986852366,43814.05836406826,83849.26680425709
state,Jigawa,hospitalizations,33,225.93141073289993,67.05845996710839,90.50214321163455,149.3192602164723,303.70038327507393,604.410511135134
state,Jigawa,deaths,33,30.479970740089723,7.891400839854504,13.729523463070906,22.657547595717972,37.86946202879694,78.52961888914761
state,Jigawa,cases,34,16988.163360044233,4369.933940072666,5968.909841088169,10835.906031907902,23523.425498583834,46685.215350690785
state,Jigawa,hospitalizations,34,172.0451968688232,46.73430012926693,65.00595277244304,112.55091953833741,234.1082487365898,456.9832740281327
state,Jigawa,deaths,34,21.130659921674763,5.576837521137422,9.926814724951312,15.952441630147515,25.805199252466316,53.595024328902575
state,Jigawa,cases,35,11161.825643200547,2747.4482883156393,3821.0375094647015,7333.663271585587,15974.614636406694,29388.273661922187
state,Jigawa,hospitalizations,35,140.67358446287076,34.990181432426986,50.307753429359934,92.1206768331909,187.41286626338297,382.7451831469212
state,Jigawa,deaths,35,16.46721787496159,4.1966332424297725,7.3855297076752615,12.147353588203929,19.34947701837799,44.932296877848806
state,Jigawa,cases,36,9242.560709387377,2347.202532077061,3263.5982230749432,5848.530889645258,12974.248024328757,25149.716240029415
state,Jigawa,hospitalizations,36,120.31007995817185,31.18496025006727,44.49612907108164,78.32755920743185,163.8766713113812,321.3710101339899
state,Jigawa,deaths,36,14.502156078379919,3.5886919875260634,6.449010341980898,10.706305648769607,17.72990713392744,38.85857934413919
state,Jigawa,cases,37,7496.6629075893525,2093.2579268102727,2812.1261789370237,4801.736885037976,10446.500559312164,20378.340346448847
state,Jigawa,hospitalizations,37,95.86388938716345,25.838050746983534,36.46366904141916,63.283465751927956,130.55209781673122,259.1068868052779
state,Jigawa,deaths,37,11.563562634037327,2.6302012352935495,4.97053191787238,8.510486142691196,14.219864269235384,30.557309949927216
state,Jigawa,cases,38,6898.6031929183555,1811.2858194828875,2477.60706026135,4491.370538295656,9634.548553334549,18371.29324085132
state,Jigawa,hospitalizations,38,91.47174424291867,26.295869678267845,35.89288128308742,59.09147039218673,124.35780324488618,242.39597078328808
state,Jigawa,deaths,38,10.47312572595667,2.484898640824838,4.622669276490436,7.5671294195284124,12.430450915895456,27.701661783017446
state,Jigawa,cases,39,6618.590627502357,1757.4403196046617,2361.930548344409,4290.332686973182,9308.358035808817,17280.180845757124
state,Jigawa,hospitalizations,39,86.4209990496155,24.366171224938487,34.28711836209911,57.61026631668245,118.58495404589219,228.96574405368872
state,Jigawa,deaths,39,10.654540307311708,2.4090951240214835,4.571437060624813,7.861966308733738,13.308426601284763,27.760998612631905
state,Jigawa,cases,40,6660.745670428961,1768.2723178513409,2440.0470405723254,4371.499998218168,9251.614949820652,17684.607369355144
state,Jigawa,hospitalizations,40,77.73020956368892,20.33412768978006,29.369386733914304,52.25971469997376,106.7968743619414,208.81328565153123
state,Jigawa,deaths,40,10.719276014282187,2.386078746082165,4.4794976995405085,7.794146748996185,13.496217069460862,28.151636451785397
state,Jigawa,cases,41,6875.346037696652,1724.229838528326,2391.570673546974,4328.046112995931,9702.16192950045,18469.913321294644
state,Jigawa,hospitalizations,41,76.08520338974134,20.290438720803078,28.37116392612738,49.717741717509604,102.83334536711664,202.3240334024656
state,Jigawa,deaths,41,10.39428034595286,2.102336371717773,4.244726112164452,7.67103144173113,12.815666694276716,28.508181504069128
state,Jigawa,cases,42,5518.41123089708,1651.1373298782826,2171.067821126615,3480.413225478263,7512.531890369576,14634.252235646654
state,Jigawa,hospitalizations,42,63.0096150475604,17.899715205280216,24.439118680643876,41.55724513090181,87.05100372435936,165.59374115425476
state,Jigawa,deaths,42,8.07316967943197,1.565384725412911,3.283967924882064,5.917470436765704,9.886872272331086,22.315132627988042
state,Jigawa,cases,43,3747.2597313577594,949.2762276079798,1315.8874634921208,2400.6643607901165,5271.029721262862,10084.838961686295
state,Jigawa,hospitalizations,43,47.71041852081594,10.896483077960966,16.671623772021924,31.342867982811335,64.38222967508872,128.11450662694324
state,Jigawa,deaths,43,5.72474723380933,1.2636690858945285,2.1571669208522866,3.976410004770231,6.933904390784591,16.283662956623193
state,Jigawa,cases,44,2805.429547372747,746.7060715979896,1022.5033443557593,1824.8104837937383,3936.362482034543,7397.136714208784
state,Jigawa,hospitalizations,44,36.51074934541823,9.625201549089246,13.640841113657643,23.73211854697154,50.480037253706215,96.49188929510656
state,Jigawa,deaths,44,4.017879243768424,0.9271410632145793,1.3068492986947609,2.6962288287258223,4.984206726354157,11.608026677370567
state,Jigawa,cases,45,1983.5332306767361,511.9609168606601,704.2129885746521,1285.9199635555885,2757.6971287845345,5293.027071398657
state,Jigawa,hospitalizations,45,23.816322179375664,5.950539180517222,8.613933331406187,15.33797711549628,33.24231276636122,66.22774045940267
state,Jigawa,deaths,45,2.691376674260669,0.7036542086028252,0.7142296863985607,1.7123439236833544,3.3221125492908765,8.451241259650317
state,Jigawa,cases,46,1330.060837285402,350.7991695204272,483.2683596619358,865.4401280858311,1892.309302721229,3435.593901067303
state,Jigawa,hospitalizations,46,16.78791871149587,4.338535416159303,5.919557206185182,10.6876032323496,22.99499079549204,46.4359570820623
state,Jigawa,deaths,46,2.317616790139733,0.5844176256448467,0.5844176256448467,1.4237058231463484,2.844867671971387,6.782842825393177
state,Jigawa,cases,47,1090.4242498593865,283.64018774161116,389.4704936615817,708.7981622919009,1529.7535879207205,2861.4037361383325
state,Jigawa,hospitalizations,47,19.361882004456593,4.776780513196837,6.798003873814152,12.181611737337066,27.015413134778875,53.03231921303775
state,Jigawa,deaths,47,2.3550816895583617,0.5942772722432237,0.5942772722432237,1.4631437184547307,2.8779886339798066,7.111988139426506
state,Jigawa,cases,48,978.7904413867321,261.81997613893924,356.5269385837835,622.1268663469816,1363.6277427769369,2597.659600065012
state,Jigawa,hospitalizations,48,10.188675160931615,2.515926677932972,3.179302658212192,6.336438401120653,14.340314820020733,28.69202939054917
state,Jigawa,deaths,48,1.7127714715160307,0.4897254143022449,0.4897254143022449,0.9740079596640676,2.1179068929395193,5.208335708975758
state,Jigawa,cases,49,1008.188569494547,259.48982729490916,370.35597151458165,664.0059588379042,1441.0120873676474,2626.107028166691
state,Jigawa,hospitalizations,49,8.99265160528168,2.3855864152095516,2.807425661613978,5.466491015221797,12.660540978506502,25.1691050819773
state,Jigawa,deaths,49,1.2783546345652697,0.40371782706907267,0.40371782706907267,0.5748037005376472,1.4985562421191596,4.370826106705951
state,Jigawa,cases,50,1051.2575096172013,324.5207153863099,422.91230981027866,653.6452380066089,1420.5783535200285,2772.2476998972393
state,Jigawa,hospitalizations,50,12.844744143960595,2.939675483597682,4.137369969463758,8.3255152702043,17.89881328056729,35.995940446614064
state,Jigawa,deaths,50,0.4975293797269804,0.0,0.0,0.0,0.4942634520166126,2.428333121197262
state,Jigawa,cases,51,962.3241119719918,257.1031970866924,350.43691295060444,629.2898544515032,1345.2563277768436,2569.461585620867
state,Jigawa,hospitalizations,51,8.25641752396825,2.335279921270322,2.672559897605466,5.0894563284531875,11.099539126665778,23.318898454746755
state,Jigawa,deaths,51,1.9262607901213413,0.5144159466812688,0.5144159466812688,1.095664153427583,2.388376671431594,6.01339662173315
state,Jigawa,cases,52,967.451024419724,258.6372321532026,353.28313928858927,618.1574181440885,1366.2085539807913,2579.8960593133734
state,Jigawa,hospitalizations,52,8.241843180660368,1.8422135338965755,2.262865836071698,5.0810098882035035,11.593464596122892,23.12726377814189
state,Jigawa,deaths,52,1.2076794583935544,0.3963138782298574,0.3963138782298574,0.5285216204157563,1.423461703606555,3.9541659332305743
state,Niger,cases,1,4474.250613416052,1293.0485620732222,1707.5403875671095,2874.9694109494817,6205.48932054981,11810.48203030451
state,Niger,hospitalizations,1,28.600859916714562,7.627644102318257,10.6479814906398,18.200234580979888,38.3266308779901,79.02528356523439
state,Niger,deaths,1,2.2916136891507297,0.5752180655640075,0.5752180655640075,1.4450817120822195,2.883796717655413,7.068989376617648
state,Niger,cases,2,967.165219910768,274.0684959333045,362.11934636716944,621.9422939652673,1326.3634348356736,2608.213021246272
state,Niger,hospitalizations,2,26.303997463080236,6.537514719934501,9.362388716277522,16.738184336221195,35.872754677473665,73.07714382473223
state,Niger,deaths,2,3.3362705957369108,0.8077284722753046,1.0397810997954928,2.23260729686424,4.163408264665092,9.864462147931341
state,Niger,cases,3,1431.1324517146554,401.90784930519555,531.8664371874937,912.2602926798663,1982.944392560597,3674.802780682011
state,Niger,hospitalizations,3,12.65854799084339,3.0334955393307075,3.9900160015421005,8.022515089195233,17.670505739530252,35.63177160637436
state,Niger,deaths,3,1.4069389572707913,0.44730167957115485,0.44730167957115485,0.6442939437202981,1.672685961999084,4.773561557770367
state,Niger,cases,4,1387.0142455897806,403.1211162406235,530.4404780777077,881.2086623376142,1942.541014603255,3656.493069511403
state,Niger,hospitalizations,4,14.63751749662007,3.541961463698688,4.843707442807617,9.23903666456498,19.786561857392826,40.212556736645865
state,Niger,deaths,4,2.6706164493964972,0.6708440375765099,0.6945046199981966,1.7245356382322532,3.4554189724079727,7.508181301972967
state,Niger,cases,5,1070.7922380973673,252.39332266978437,362.0693046522219,700.1159465135431,1512.278164107243,2885.842744397979
state,Niger,hospitalizations,5,14.507913643101766,3.7473123334702088,4.842988700137383,9.095501781884213,20.217326108965935,40.14073740083858
state,Niger,deaths,5,1.696689995875923,0.5043375552404679,0.5043375552404679,0.9544214085093357,2.049438774084236,5.24922975102768
state,Niger,cases,6,1242.798953650835,316.74480182823226,436.2283703126818,806.8386481047967,1738.978878337639,3301.9463027049983
state,Niger,hospitalizations,6,14.769467471492986,3.8571059339309723,5.246580486259311,9.35520362251024,19.61149272345092,40.36732537346052
state,Niger,deaths,6,1.42873198623733,0.45379205688036317,0.45379205688036317,0.7022113108977186,1.7244293844430956,4.6709258352329055
state,Niger,cases,7,1456.9662259990396,381.3022177261491,523.3563767756011,951.3157216845417,2068.047402819221,3834.554294570826
state,Niger,hospitalizations,7,13.948870943936544,3.323355697629511,4.635570985286789,8.968775866718042,19.065187742844486,38.870693763522276
state,Niger,deaths,7,2.1502343048389516,0.6357715695294606,0.6357715695294606,1.263364722071156,2.6100895934583237,6.8046734460244975
state,Niger,cases,8,1484.7307910493814,424.5595612746466,559.2147751628698,939.1381296898257,2050.3075337400837,4071.5183101780904
state,Niger,hospitalizations,8,18.76033880205077,4.303225987137873,6.293829042243813,12.252908336003161,26.098900925030556,50.324561474121325
state,Niger,deaths,8,3.4812574703833015,0.9268719837498425,1.1461460061534612,2.3398982646188897,4.21394959721405,9.535021036988283
state,Niger,cases,9,3026.823933306102,854.2515669867431,1143.303890077275,1945.8743964662935,4148.986440687877,8093.114490865892
state,Niger,hospitalizations,9,28.511254486858846,7.056387710918075,10.271315864727228,18.422178622170293,38.12541643449448,79.2699812249392
state,Niger,deaths,9,2.32826903000691,0.6535815892211161,0.6535815892211161,1.4305457273183577,2.8851796572099957,6.720143147782632
state,Niger,cases,10,3268.556260378763,807.5393712145018,1133.9509580797985,2118.464726628119,4541.501989293572,8818.163601987042
state,Niger,hospitalizations,10,39.33362368306979,10.060761853902132,14.30436058332283,25.158984810731102,53.390645194345566,106.43680229157388
state,Niger,deaths,10,2.396353287754,0.6867443554757714,0.6867443554757714,1.5019905764071146,2.975735557311459,6.812337223213928
state,Niger,cases,11,4955.428330881892,1254.437001343025,1766.4063789629436,3298.902221404314,6978.434155996369,13270.728509461464
state,Niger,hospitalizations,11,46.83116342468345,13.68236751948456,18.499376003111497,30.661457526155825,64.34822132423294,123.24672155013681
state,Niger,deaths,11,5.841521870680667,1.2316634194758853,2.2219485507813523,4.2547873880590314,7.427517450197238,15.751913340266281
state,Niger,cases,12,20588.9316210022,5686.896894614313,7653.026361672117,13205.086953267728,28514.61289607072,53393.27906593385
state,Niger,hospitalizations,12,101.65530498924024,29.209577648738854,39.83303744097536,66.1166021874942,136.06287280531072,274.91755951361773
state,Niger,deaths,12,13.370123463655789,3.1992521290738094,5.9583044101670115,9.816318190096878,16.40978752812233,33.038512088995425
state,Niger,cases,13,44620.428416248404,10238.956957580547,14973.200798648888,28762.800387933446,62805.97091347085,122977.10245916218
state,Niger,hospitalizations,13,231.77066938607743,64.6979765653316,88.11405176511359,150.7077692661852,321.18032568508795,618.9628667874865
state,Niger,deaths,13,34.16704721518904,9.325907892836586,15.531656458641653,25.330751678106132,40.09697572647772,90.51069830471569
state,Niger,cases,14,101991.56801824152,29542.355520431083,39381.1287990382,63484.913236701344,143410.69796822616,269641.4497377121
state,Niger,hospitalizations,14,473.74064778794207,117.53792627892072,172.6172794035282,311.73467694128357,654.2232059754506,1303.3293230580107
state,Niger,deaths,14,82.60283855468079,22.909825875475885,39.024999181886514,61.65398459741507,100.7374817033797,217.8801675838566
state,Niger,cases,15,176053.76647263186,46606.367118942675,64507.191439058515,114658.78764232299,242156.19644727898,468091.09863676835
state,Niger,hospitalizations,15,802.8852513712816,220.23093033884464,305.99350958320224,530.1395486131881,1085.4769925644293,2167.460900959423
state,Niger,deaths,15,129.0976707886223,35.25737008378965,60.228427185878026,96.36374104359847,155.11145560075605,336.0831888594961
state,Niger,cases,16,238905.36549576648,59488.190756664095,83246.36975156164,152524.1651983122,331559.4624327631,645047.3002461095
state,Niger,hospitalizations,16,1483.520486557231,406.7099861409054,568.4414646082237,982.0763146634877,2065.9495816796684,3876.2696116456937
state,Niger,deaths,16,181.7553978069593,51.79307116693727,84.09623274587304,135.3141910523167,216.4204435357674,452.1176652733154
state,Niger,cases,17,265343.811962534,65945.4070287116,91158.33481149565,168050.55442842317,372298.18014972936,700807.8560218657
state,Niger,hospitalizations,17,2172.6758050833287,637.0910431150368,856.5347992595517,1432.5669594320543,2998.6766928889456,5721.387511908718
state,Niger,deaths,17,296.95456309091566,85.2570965334533,137.8410044864015,224.6238872419951,356.69624604824094,762.4756569972664
state,Niger,cases,18,175791.42337399337,48040.60745179139,65813.58918898692,112687.29167665447,246723.3658079991,457373.6454766527
state,Niger,hospitalizations,18,2163.475082456325,616.139299059795,856.2257241936711,1421.7411537688597,2979.5958287423264,5465.303587368295
state,Niger,deaths,18,324.7927800433105,92.04126900467496,149.85501285463374,244.83537340997228,384.78617262018463,851.2957698077064
state,Niger,cases,19,52382.17195551214,15604.660125224238,20217.878602490448,33597.440875382075,70057.98435208356,141945.81370917175
state,Niger,hospitalizations,19,1376.8823145315594,365.2090156700238,515.531497045723,910.9077001984199,1896.667095670809,3721.1811974968273
state,Niger,deaths,19,132.16344325603893,33.88701005573759,59.50248954092898,97.44448625468483,158.85236428660943,349.97001877833225
state,Niger,cases,20,14800.964392127464,3861.757219097713,5295.2035142798095,9597.182106509003,20477.58243114045,39508.65319997817
state,Niger,hospitalizations,20,566.6549073955915,166.70098740341996,227.39975870145003,372.4561611354095,751.498910926836,1515.4045596051317
state,Niger,deaths,20,65.18328861636599,17.073419762987257,29.91538501607422,48.70251749566723,78.59095126665241,169.21215087322886
state,Niger,cases,21,6380.104526592119,1753.771747632952,2374.017030154248,4124.171600962207,8790.60663753156,17684.932303974274
state,Niger,hospitalizations,21,113.59285483815,30.406336461482926,42.81451444604393,74.98917184511293,155.00952613591033,306.32141782612786
state,Niger,deaths,21,16.99900303222852,4.164334814551995,7.637855634364289,12.669322753754571,20.587631174453847,45.638637793682676
state,Niger,cases,22,7853.685904701787,2240.5875214819894,2965.0704021349684,5036.569531679388,10962.688977717347,20447.564638360578
state,Niger,hospitalizations,22,51.535928183934885,12.74635265977787,18.580227904948845,33.30799344983956,71.65769382601982,139.33475100173223
state,Niger,deaths,22,6.512653848920624,1.4849418518609787,2.6465559487821104,4.701355451863116,8.020401151730365,17.29888705690963
state,Niger,cases,23,7758.080191668003,2105.3572278078323,2847.370460290572,5059.535818569515,10512.87632139551,21145.082167497723
state,Niger,hospitalizations,23,72.16182887906223,18.935005186463137,26.77129034450058,46.82562900669554,97.87614177427032,195.7565612338002
state,Niger,deaths,23,5.82221281955414,1.3101930091742786,2.2549252716203654,4.0786645823873435,6.94925805958401,16.436778434914967
state,Niger,cases,24,17703.792558281828,5065.12757040107,6780.770243314892,11355.976005682725,24523.343529217876,46178.305626394285
state,Niger,hospitalizations,24,125.0648046664726,34.26312112107607,48.2608688048641,80.87770730241077,168.42987556536002,335.59994741375294
state,Niger,deaths,24,19.373442666448877,4.844508134683352,8.768118717764361,14.4572042829165,23.650409259990944,50.06634587807526
state,Niger,cases,25,22508.499128367956,6420.540278947009,8541.99901271245,14324.814640698587,31391.382042442798,59601.82335981376
state,Niger,hospitalizations,25,195.78113787679374,48.780277577518234,70.58456116853009,129.38310669720462,275.19608610189016,521.890735529022
state,Niger,deaths,25,37.54507364897223,11.005962681901512,17.909909431864907,28.18399431385925,43.971396857590385,94.94388343458229
state,Niger,cases,26,40261.74479849808,10667.743492900263,14601.764630115445,25990.264351024667,55193.25547405442,108290.468836817
state,Niger,hospitalizations,26,345.6858643950413,94.75959999737258,130.8791432035933,230.3929333698242,472.95433340217267,944.5564497337742
state,Niger,deaths,26,51.287609064464945,14.29752839214218,24.23214381519866,39.12578218266754,63.013767100306985,125.8224511013879
state,Niger,cases,27,60542.14229310181,16879.69976227743,22563.887253820547,38976.78536297501,83147.36182020574,157562.5299367315
state,Niger,hospitalizations,27,480.3624293343639,128.1282539025591,182.70560049583327,313.2205535237422,662.8156711074319,1286.9431509333858
state,Niger,deaths,27,62.78472747685628,18.655765837139153,29.81335745198036,46.731560943831475,76.34651228310737,159.30002483750874
state,Niger,cases,28,57472.00155615311,16980.033322364827,22581.04468747527,37476.45094302248,80283.36409541272,148902.6937587337
state,Niger,hospitalizations,28,613.4567331215184,171.80803238819726,238.38770198717896,393.19761752376974,812.2531625461459,1597.3475489834132
state,Niger,deaths,28,71.00127401186667,20.986725651412975,33.141000782137965,54.040448323110695,86.57783824517091,185.3447700152429
state,Niger,cases,29,64182.3396753793,17928.98027074261,24004.435933835484,40775.91920503308,89445.43492682435,176184.60707912862
state,Niger,hospitalizations,29,672.938307767573,180.66401220613218,252.00676678325502,447.74782958263205,924.7042309970268,1794.3995898439073
state,Niger,deaths,29,76.81953214820953,22.80048123538782,36.09473089238871,56.965274614202706,92.57139963042516,196.5684512305834
state,Niger,cases,30,49228.49013053099,15087.891578768968,19662.04577728637,31123.19361614484,66542.08659122272,127978.09549022083
state,Niger,hospitalizations,30,667.6043355676097,186.3939927144314,262.46322217388524,446.08205711803834,915.0493384686265,1752.6573037597998
state,Niger,deaths,30,70.84978125568057,20.552708280770894,32.9978583100211,52.59474362302771,85.4928150569869,179.0983016684759
state,Niger,cases,31,27089.99136430947,6708.71392501955,9298.870530371776,17672.028831537573,37261.01519659522,73990.356961756
state,Niger,hospitalizations,31,323.1407510025136,79.18558880653076,115.39915206739585,210.56059868923208,440.1489790902775,872.3926876826283
state,Niger,deaths,31,68.51903969669394,18.73806039280623,31.958505592838534,52.30706584939735,84.51116706995504,173.49944818045049
state,Niger,cases,32,21078.414301513705,6478.412678950167,8366.688860907074,13257.891244457795,28939.8630339382,54888.61842046031
state,Niger,hospitalizations,32,259.83060618921616,69.22211709208983,97.48300214900834,171.07251997325628,350.8784069791829,696.7301692449581
state,Niger,deaths,32,38.773040567378146,10.165109321493658,17.5329526276699,28.646892257547456,45.27223015183857,101.32007537208581
state,Niger,cases,33,14916.869784975519,4105.799579743326,5485.835119758409,9414.661217653284,20794.369175957137,39795.75752587828
state,Niger,hospitalizations,33,179.00602481661969,52.9851790206323,71.58112488056493,118.23590655676199,240.69375485001896,479.2223682463276
state,Niger,deaths,33,28.202840872719996,7.248210802038834,12.664012760780441,20.94619758386035,35.05770590594669,72.77657057852684
state,Niger,cases,34,11292.080966773465,2904.4586055572718,3967.3340357009142,7202.5364340232645,15636.21745575385,31032.38279903388
state,Niger,hospitalizations,34,117.47477202382164,31.681117002158587,44.190738306699735,76.74222890218566,159.96601739892515,312.5566023386237
state,Niger,deaths,34,18.685068578396326,4.84985898916397,8.719006306032483,14.078583398126154,22.842254776616805,47.560298594516986
state,Niger,cases,35,8571.918368953815,2109.7758528301424,2934.279705965732,5631.934841132081,12268.083523238707,22569.615369234136
state,Niger,hospitalizations,35,92.47710999328527,22.746544997730048,32.8531740338763,60.44160030952443,123.315978102948,252.19745265440912
state,Niger,deaths,35,16.212466819798962,4.120807302318561,7.2631734351133606,11.955515834933133,19.05255049812802,44.26208225431274
state,Niger,cases,36,7577.600435381606,1924.2417213953513,2675.5752173419223,4794.906982254437,10637.132146035245,20619.541698100536
state,Niger,hospitalizations,36,75.47838458278189,19.29056868141167,27.682413291258378,49.01097642877415,102.94424592148216,202.23440113635414
state,Niger,deaths,36,13.813497001807063,3.384635989838712,6.1177579412426635,10.185734234325944,16.8970009599688,37.08609555211772
state,Niger,cases,37,6682.255928531174,1865.7766046217603,2506.5603484462285,4280.056664686131,9311.677952042704,18164.70695010746
state,Niger,hospitalizations,37,69.66202877125887,18.578102839108155,26.329390354687163,45.8941770477495,94.96600453726528,188.74550078329935
state,Niger,deaths,37,10.246404052695027,2.2487024985357,4.34308725659686,7.511026825087732,12.620405006236776,27.24094451973373
state,Niger,cases,38,5746.12984333172,1508.5711487418907,2063.5936016351516,3740.988642831311,8025.077311892168,15302.4822181241
state,Niger,hospitalizations,38,59.00730222094051,16.712748240786983,22.94041024327012,37.99436431303526,80.34678378328496,156.94373303074428
state,Niger,deaths,38,10.6113896326591,2.5270188717637847,4.690627674374582,7.670676037902644,12.592778074443114,28.048564447120768
state,Niger,cases,39,5695.831162742404,1512.316785622175,2032.5421237798628,3692.128345320053,8010.649654463952,14871.21417621739
state,Niger,hospitalizations,39,55.63201017030773,15.43205967564592,21.85879211197352,36.967393075639905,76.46644472933225,147.97048498708503
state,Niger,deaths,39,9.184330928171283,1.9776343088593196,3.86630661153186,6.740380941237321,11.497528054753216,24.120958233927063
state,Niger,cases,40,5616.423858555313,1490.9141351638564,2057.3787739653917,3686.0494652105517,7801.138139837047,14912.141045094884
state,Niger,hospitalizations,40,55.59529733546037,14.335891482878884,20.83082552637019,37.28538091290989,76.48904438217068,149.82284249941742
state,Niger,deaths,40,9.658791260142875,2.0787562523761367,3.982175273348364,6.995984830273727,12.180531902881302,25.50581682330211
state,Niger,cases,41,5507.604367223667,1381.0724801925635,1915.6756863223397,3466.9758978432656,7772.151596458762,14795.950768692852
state,Niger,hospitalizations,41,48.906771053158174,12.783427416245102,18.014887922945668,31.834659766597383,66.22169505389968,130.63195428390725
state,Niger,deaths,41,8.68173414923255,1.6343386547569685,3.453541807021355,6.362977629314075,10.731527614402257,24.056774589762508
state,Niger,cases,42,4575.312262111652,1368.8374709045813,1799.9277055343268,2885.5459315747335,6228.698546320618,12133.53418548795
state,Niger,hospitalizations,42,41.60718936262525,11.579514139175084,15.932093931336455,27.325795443676977,57.60611307040661,109.88359266718113
state,Niger,deaths,42,7.4006749935440865,1.4486080359568625,2.964386684639882,5.40143161007886,9.074718632491315,20.575838792853055
state,Niger,cases,43,3300.509415641752,836.0140112387054,1158.929319648539,2114.413036622085,4642.663196196792,8882.72062855735
state,Niger,hospitalizations,43,30.534271564339743,6.699817278889816,10.43768903584036,19.933428149387748,41.31765123234035,82.56739572245655
state,Niger,deaths,43,5.895531684494884,1.2963015016616177,2.2386961635609697,4.1049185535001484,7.138785929493082,16.729988408337107
state,Niger,cases,44,2250.1262215752886,598.7587736991306,819.9845205293632,1463.5405438888947,3157.2834265169176,5933.280289966697
state,Niger,hospitalizations,44,24.66679417825833,6.2670709867817065,9.013554207662263,15.91544958502442,34.20959893291782,65.67925091771374
state,Niger,deaths,44,4.385966751089623,0.9974243467067787,1.4817233816868327,2.976426857837656,5.437848264316035,12.563796568707753
state,Niger,cases,45,2090.0524959053787,539.4939503772501,742.065098184856,1354.9950320941325,2905.769424377331,5577.182491438466
state,Niger,hospitalizations,45,16.788448923826426,4.243855458924265,5.884110328122691,10.69889920434567,23.519398132672087,47.1387967317258
state,Niger,deaths,45,2.885728358606946,0.7432992016422453,0.8108121030946542,1.8651616780011362,3.5656272186232165,8.983739167531388
state,Niger,cases,46,1092.290084236089,287.956396961971,396.76228170564707,710.6657436577974,1554.1026888286651,2821.706468658197
state,Niger,hospitalizations,46,12.20058708016858,3.212259828487883,4.123253243839917,7.653523540397266,16.765936571639017,34.12167234893196
state,Niger,deaths,46,2.394891734362974,0.5992300094234613,0.5992300094234613,1.4851359704306524,2.942317942182501,6.980103225763813
state,Niger,cases,47,920.3649079061315,239.2892187879474,328.6296655300771,598.2015648509498,1291.24051851813,2415.40073058395
state,Niger,hospitalizations,47,12.678783729747927,3.201937872039662,4.2271030374739444,7.835805145264143,17.779094427567124,35.218563679949625
state,Niger,deaths,47,1.6803109993232908,0.4626860547946475,0.4626860547946475,0.9177281425926733,2.0192829936465087,5.315745131232424
state,Niger,cases,48,832.2617125737381,222.51496214452382,303.0583950930586,528.9375640653438,1159.5461759379673,2209.0272234557033
state,Niger,hospitalizations,48,12.21061054292702,2.9765560362204537,3.944471817721671,7.679632915676324,17.14890198333168,34.12820547802499
state,Niger,deaths,48,1.1272983693230048,0.3653176118113452,0.3653176118113452,0.47253920760582774,1.32584682500431,3.631195989200517
state,Niger,cases,49,713.8026479833688,183.50349513608654,262.0293681546634,470.0200201139134,1020.3691371778749,1859.7652890973577
state,Niger,hospitalizations,49,7.0325992614560136,1.9080026423060055,2.0451960056559253,4.171928321199571,9.925761530223323,19.930166823912888
state,Niger,deaths,49,1.035902179792112,0.3497682036328911,0.3497682036328911,0.36435952162509333,1.1646691572335393,3.6531118355736405
state,Niger,cases,50,696.4456577003288,214.75803200518686,279.97285789906243,432.90469957112083,941.2348053415302,1837.133297546519
state,Niger,hospitalizations,50,8.25509733756309,1.954650632153827,2.4159428530291196,5.200726719589046,11.566209274436225,23.599360978647496
state,Niger,deaths,50,1.0744398014445822,0.356219884850048,0.356219884850048,0.38049866758644657,1.19628449596418,3.5779348996367486
state,Niger,cases,51,657.849584979758,175.52541047105055,239.35946091921883,430.0763157087868,919.7497370915337,1757.0246646436663
state,Niger,hospitalizations,51,7.613500816496669,2.169423320803053,2.411726798292078,4.65697004870059,10.240203845918,21.59171800495342
state,Niger,deaths,51,1.256339010402878,0.37901607730555603,0.37901607730555603,0.5440625663071298,1.4965190965111708,4.167394388347659
state,Niger,cases,52,512.6964264319347,136.71963162070503,186.92275294115444,327.4202763789897,724.2097738116672,1367.987227264211
state,Niger,hospitalizations,52,8.080673717736445,1.8094212918051102,2.204785334305913,4.972765135494096,11.36929517590761,22.697787465944817
state,Niger,deaths,52,1.4922480793338733,0.45976591634134456,0.45976591634134456,0.7732463637077409,1.8114712910219772,4.747355228064345
state,Benue,cases,1,2324.4055026668675,671.4065101387124,886.7825091776098,1493.3956599155867,3223.98238980922,6136.41836615385
state,Benue,hospitalizations,1,25.409135518697322,6.696093365384258,9.390316522924742,16.127131835769116,34.0804251303887,70.38473105814666
state,Benue,deaths,1,2.621499729229063,0.6374594437016827,0.7177328047563236,1.7096513849244732,3.3040423159511305,7.942093072494283
state,Benue,cases,2,720.8118963225779,204.0762706457448,269.7222471974964,463.43225728357436,988.6107588912282,1944.288841246452
state,Benue,hospitalizations,2,6.8549506166014496,1.8197295162621367,1.9438248470339454,4.039196002000066,9.475087778518253,20.044388756233733
state,Benue,deaths,2,1.0256474009386776,0.33915666042215387,0.33915666042215387,0.35733768573541186,1.1680606336767636,3.561872988079328
state,Benue,cases,3,1388.0619047123926,389.79063106863987,515.8407903268744,884.794522796589,1923.2784237409185,3564.2551590239245
state,Benue,hospitalizations,3,18.96679241973089,4.44528518437535,6.312370799248027,12.221596053723458,26.359764164031176,52.680208026666534
state,Benue,deaths,3,1.9176543300274473,0.5601826093740535,0.5601826093740535,1.0592475146846931,2.347164262082504,6.23057597707732
state,Benue,cases,4,745.9039358978928,216.4614945477861,284.97327875625376,473.72504282778124,1044.8382815583711,1967.1325157989052
state,Benue,hospitalizations,4,13.100522392440244,3.1912702168657177,4.265119259325435,8.225264896840784,17.72847472972331,36.132082384997645
state,Benue,deaths,4,1.4405673484586,0.42467993480226107,0.42467993480226107,0.7247758829174183,1.8205170393322276,4.386131020350024
state,Benue,cases,5,864.909186510133,203.7184128610562,292.3264816288439,565.4369616750961,1221.589059211502,2331.3024402769047
state,Benue,hospitalizations,5,18.06741951854923,4.612638083056572,6.192246014936339,11.426745315771742,25.11681058894174,49.64091679926858
state,Benue,deaths,5,1.8457198727862967,0.5361119807705466,0.5361119807705466,1.0775544507620816,2.2415604279822383,5.642945593286749
state,Benue,cases,6,884.4627167375755,225.20309707629093,310.26366481933235,574.1017895109829,1237.6940993611363,2350.3734256223815
state,Benue,hospitalizations,6,14.239780382284701,3.726691128297987,5.035373795558945,9.005077934792007,18.914585803242215,38.9686311735742
state,Benue,deaths,6,1.8973410687288992,0.5568598495830429,0.5568598495830429,1.0888270743684667,2.343217040091506,5.958938261973444
state,Benue,cases,7,1039.5718084602747,271.85468139365173,373.2408112953256,678.6816517881998,1475.709377315198,2736.4911692582423
state,Benue,hospitalizations,7,16.70291866367516,3.9393158632953416,5.6800836867694535,10.816417044196884,22.784126517593826,46.26044116651866
state,Benue,deaths,7,2.4051639951008177,0.6924938795095597,0.6924938795095597,1.465297745685846,2.9321748058053108,7.500991318222675
state,Benue,cases,8,1349.5534678053743,385.8405667430938,508.24434754268674,853.6008596697728,1863.6719310913704,3700.9854200013638
state,Benue,hospitalizations,8,23.659375619692042,5.435841290880095,8.107188978348116,15.54778855244127,32.83611137585204,63.08464989630112
state,Benue,deaths,8,2.5266889819290177,0.7186131468481024,0.7186131468481024,1.5894566284981915,3.042427426064731,7.167907491251109
state,Benue,cases,9,2010.747084465511,567.2463327685837,759.2985065554576,1292.5424837054625,2756.3344112876534,5376.892369900667
state,Benue,hospitalizations,9,31.196106636508873,7.790068519500626,11.297774425828434,20.190921665238765,41.68849807800662,86.5800247386355
state,Benue,deaths,9,2.566079382398893,0.7044758980830765,0.7044758980830765,1.6198119903057766,3.187718065144487,7.321309637631336
state,Benue,cases,10,2964.4542968518804,732.3369918106877,1028.3889834958838,1921.33296510923,4119.003134935604,7997.891750259246
state,Benue,hospitalizations,10,57.5755951573326,15.064649312177925,21.228051644694187,36.993306690599184,77.99696715755616,155.0411999492634
state,Benue,deaths,10,4.208382754156833,1.0776279977789687,1.5535081289191108,2.9260826446072916,5.238659137367098,11.258991650530065
state,Benue,cases,11,5524.468251087073,1398.5717942574538,1969.3195893868408,3677.758924537294,7779.73226626256,14794.435265181872
state,Benue,hospitalizations,11,70.42262790852051,20.924929683913163,28.118086519837497,46.27951599290434,96.58338739315931,184.53551597372902
state,Benue,deaths,11,5.972239030496387,1.2555195466968825,2.284354572841873,4.356567529018464,7.590750298774196,16.076381672702905
state,Benue,cases,12,11979.304191771835,3308.517305021388,4452.514746554037,7682.995352454491,16590.882042059475,31066.597361894805
state,Benue,hospitalizations,12,237.7122871408301,69.24865762996671,93.95220689728643,155.07140434658763,317.72285463355047,640.6123521401587
state,Benue,deaths,12,13.624544411072893,3.2737024499631406,6.081671138398412,10.008085279888515,16.718453030512556,33.64199529736854
state,Benue,cases,13,28763.607723343288,6600.051455391513,9651.918501973927,18541.199659618564,40486.674750447055,79275.19086507786
state,Benue,hospitalizations,13,289.69733905597104,81.04739462782916,110.29073000880426,188.46134818494042,401.3572369313426,773.2451235972312
state,Benue,deaths,13,50.22199899579748,14.040042162694931,23.07892969194949,37.351650966100074,58.859167261628514,132.2884987087073
state,Benue,cases,14,67389.23544717085,19519.379995386018,26020.21883727183,41946.47444573393,94756.37575534725,178161.6693733843
state,Benue,hospitalizations,14,1183.9912141016746,294.8802913398239,432.3628301432376,779.6111531572105,1634.4903376701363,3254.7119246492784
state,Benue,deaths,14,69.5589385270336,19.179361888966937,32.78021016561744,51.878571159892836,84.86417448863119,183.72999908053342
state,Benue,cases,15,104507.16882765735,27665.678324419332,38291.817040701775,68062.39120917812,143746.34451213217,277863.9453880504
state,Benue,hospitalizations,15,1420.666185877126,390.2455569950628,541.9161576402764,938.3170666551492,1920.4279642865747,3833.9099365014044
state,Benue,deaths,15,161.94886020142926,44.41278174498743,75.68932396242087,120.94922885113628,194.5314311188569,421.20065190069187
state,Benue,cases,16,187542.33823437372,46698.473244315515,65348.826866441224,119732.43023607168,260276.51844173844,506366.8872663094
state,Benue,hospitalizations,16,1761.372405949629,483.0194768017008,675.0216063817766,1166.0748808078451,2452.812487080785,4601.963068457446
state,Benue,deaths,16,208.94113945904328,59.64629362157817,96.75470536422227,155.59158053536473,248.76277694300424,519.5210904740715
state,Benue,cases,17,203268.1687273542,50517.68637693478,69832.21841426345,128736.01776701248,285201.27814967174,536858.3135352
state,Benue,hospitalizations,17,2119.7922563278853,621.5668703243787,835.6717601347298,1397.6895835068933,2925.6972962981654,5582.167045693904
state,Benue,deaths,17,166.1536099955379,47.39054963189426,76.89031614269064,125.57583378650239,199.66891471157538,427.31266246413503
state,Benue,cases,18,117097.69549470814,32000.43358912182,43839.35665834417,75062.82641298504,164346.8190263689,304664.999306054
state,Benue,hospitalizations,18,1726.8417966136187,491.6455766994773,683.3000630496238,1134.735703852217,2378.3288698287033,4362.602005764591
state,Benue,deaths,18,114.10236292781195,31.871415722646116,52.29697127347471,85.85346669428077,135.29798686010434,300.1155035578264
state,Benue,cases,19,51575.49219940582,15364.339242892303,19906.51601311437,33080.038414264905,68979.10420221028,139759.88993273015
state,Benue,hospitalizations,19,529.6269606803501,140.02828297407316,197.9179594530354,350.17862118856056,729.797770418618,1432.424084988535
state,Benue,deaths,19,58.738943634873685,14.650790309633,26.14224507927164,43.163544226061575,70.71195897704449,156.4499551578584
state,Benue,cases,20,12309.150696644127,3211.48735721411,4403.622363201757,7981.391053973936,17030.147292521928,32857.46202430796
state,Benue,hospitalizations,20,191.56779999068536,55.889863506521365,76.48094569169439,125.68899785040631,254.27315607541038,513.4158645236649
state,Benue,deaths,20,16.812717487449525,3.863864481753616,7.319855627287652,12.375792333224526,20.419277923685474,44.806983174851474
state,Benue,cases,21,5325.08758156482,1463.6473779892804,1981.3446955922386,3442.1382755365216,7337.050448637132,14760.836923379782
state,Benue,hospitalizations,21,77.71610957637097,20.573617435571094,29.097033888161548,51.19842577445695,106.16594841581033,210.1050012493284
state,Benue,deaths,21,7.661248705271947,1.549514975591885,3.148871781497141,5.565549349957725,9.368813464853783,21.401130148537938
state,Benue,cases,22,5291.652425418116,1509.4287779676702,1997.6005676463149,3393.4202127924,7386.564030372094,13777.672571076826
state,Benue,hospitalizations,22,50.36368166721628,12.4395793573922,18.143261727481203,32.542352067771056,70.0362134791672,136.2029417087668
state,Benue,deaths,22,4.330092739517626,1.0470260715118183,1.5711708137369074,3.0200010482400965,5.360245803241815,11.902466048905099
state,Benue,cases,23,5220.9355207794315,1416.5986528856376,1915.980687852983,3404.789229184895,7074.939785070621,14230.516477217736
state,Benue,hospitalizations,23,103.5081111048272,27.476207135001385,38.66996792121577,67.31663725280521,140.23986763674534,280.057393286705
state,Benue,deaths,23,10.590839146912973,2.4053669289422106,4.552176846491359,7.663069518456069,12.559662008226557,28.7432565803699
state,Benue,cases,24,9907.258656781396,2834.192911215718,3794.330190988038,6354.7850481861215,13723.732344383669,25842.652402628246
state,Benue,hospitalizations,24,191.38515315875162,52.81439312647491,74.17609546003133,123.9520459047762,257.5637811167686,512.6789178212632
state,Benue,deaths,24,17.2704103803913,4.24101988146284,7.759488946637594,12.86113477673978,21.105074035423137,44.7933718035882
state,Benue,cases,25,22932.094729682147,6541.384203563526,8702.765664301602,14594.405360262614,31982.140409482327,60723.460658677825
state,Benue,hospitalizations,25,271.18446128460977,67.85526824994038,98.01459778198239,179.34378721405665,381.0299227643918,722.2539393576919
state,Benue,deaths,25,26.052176584676413,7.425937820855551,12.271215752743636,19.481699632755625,30.56150020441848,66.33464175512209
state,Benue,cases,26,32512.307597956617,8614.312756354946,11791.14632722247,20987.682637856153,44569.92567457234,87447.4304074895
state,Benue,hospitalizations,26,345.7402767299904,94.77462946342455,130.89984163075673,230.42925048306253,473.02872051912254,944.7048547872831
state,Benue,deaths,26,35.99387444575138,9.823114633936793,16.85192862345996,27.389288073651628,44.29021432198395,88.72782342618358
state,Benue,cases,27,42079.802714865065,11732.01169183287,15682.833591164366,27090.697490379367,57791.669446874104,109514.29053821172
state,Benue,hospitalizations,27,591.223830081026,157.86746542225313,225.0143868798,385.58791870262405,815.6974305715407,1583.5661798473552
state,Benue,deaths,27,59.72856036388382,17.713983885439998,28.336973160471448,44.444561648266436,72.64054885748135,151.6194454340014
state,Benue,cases,28,47484.566777416985,14029.135366966366,18656.824751505734,30963.765215254934,66331.85941591869,123026.78873443749
state,Benue,hospitalizations,28,696.6457386717259,195.2038674251599,270.79751018977583,446.5665628447384,922.3564752872817,1813.7418627832851
state,Benue,deaths,28,59.895179245157166,17.59530429053553,27.87479965833237,45.550536950460575,73.06908045771677,156.60135257614468
state,Benue,cases,29,41844.64371451129,11688.818105640323,15649.83593934798,26584.34818317935,58315.436421224455,114866.81739227916
state,Benue,hospitalizations,29,486.82425737736395,130.49588148536006,182.13670063707863,323.82213014570004,669.0627844306324,1298.584044291019
state,Benue,deaths,29,55.217602582185016,16.193703925224252,25.797601856944475,40.874689835223336,66.5969080289965,141.7254105422463
state,Benue,cases,30,49397.343785514546,15139.645405306099,19729.488627878593,31229.94738988021,66770.32465249498,128417.05469897379
state,Benue,hospitalizations,30,566.8032420163693,158.14182863818175,222.74259893994326,378.6784256019826,776.9425836176622,1488.269885776579
state,Benue,deaths,30,73.10214376626747,21.228347249809328,34.06363053868301,54.27484325856391,88.204210563902,184.74406225130824
state,Benue,cases,31,31157.637898087392,7716.161169113512,10695.223495781756,20325.59117265839,42855.81624753395,85099.97944207324
state,Benue,hospitalizations,31,378.1389323718642,92.79097949792086,135.14903435415488,246.45688183577334,515.0003869674773,1020.5845126699812
state,Benue,deaths,31,45.23042378728024,12.125884659505129,20.917530616074263,34.44939998921319,55.865248850336805,115.04279166146794
state,Benue,cases,32,18126.215514019474,5570.962690973136,7194.783391620626,11400.966659385464,24886.658351126196,47201.25753703825
state,Benue,hospitalizations,32,212.12496466606754,56.378566275965134,79.47056539825437,139.6006383802119,286.52021915628643,569.1160605320445
state,Benue,deaths,32,26.099725128418193,6.607353703928756,11.6274380086392,19.19992721354373,30.527610818551473,68.71584262678542
state,Benue,cases,33,13329.861545092657,3668.905782804277,4902.128955845834,8412.994615668946,18582.094721940368,35562.05774001484
state,Benue,hospitalizations,33,140.7421527894039,41.509552115831674,56.15255865979204,92.88993564170536,189.31692502012902,377.1415225529481
state,Benue,deaths,33,15.550181051055914,3.673880159306266,6.742765027699479,11.435896695810111,19.432236792765615,40.805775546303934
state,Benue,cases,34,9552.604770841761,2456.9300615309185,3356.090512970767,6092.973845179956,13227.612787557355,26252.302782165032
state,Benue,hospitalizations,34,105.13177731484363,28.276317420353728,39.48265544411149,68.64285125737455,143.1961796761675,279.8895001571351
state,Benue,deaths,34,11.135710769418981,2.604474817889038,4.988505628920369,8.290886198908689,13.690748461321775,28.921126946364893
state,Benue,cases,35,7437.450106110666,1830.4534433594795,2545.8493575507764,4886.519391117991,10644.495700252743,19582.809044101632
state,Benue,hospitalizations,35,85.70448862695989,21.026051948766526,30.400431935343473,55.990011825396046,114.30899303536586,233.85270156119444
state,Benue,deaths,35,8.986538658514748,1.9677336641717804,3.7888734194650513,6.508292776928589,10.621337350236622,25.231372767301167
state,Benue,cases,36,6743.492688875846,1712.3478437059052,2380.988882843102,4267.065041050677,9466.289520537579,18350.02587995137
state,Benue,hospitalizations,36,69.49616031822978,17.703395757242603,25.43881181854968,45.09900782181614,94.81349831454665,186.33695913716338
state,Benue,deaths,36,7.367382545797651,1.6836199243266137,3.0105374294657654,5.302659656755439,9.084157513876962,20.459807008737698
state,Benue,cases,37,5560.708194129612,1552.5042873655304,2085.755181361573,3561.6329720326776,7748.874885690522,15116.236609966925
state,Benue,hospitalizations,37,64.15899385197686,17.053256261421456,24.200832358282913,42.24180960580016,87.49166267710261,173.96711393557533
state,Benue,deaths,37,6.295451016959683,1.3550638182228414,2.4554891267204733,4.504263591242325,7.808608046307149,17.26402452922154
state,Benue,cases,38,5161.131087598275,1354.9123194168942,1853.4391904810084,3360.0926547991435,7208.1051242313615,13744.744999714312
state,Benue,hospitalizations,38,56.961811563596704,16.108913704785685,22.124272266576142,36.66503113663931,77.57364001286375,151.55936921252433
state,Benue,deaths,38,6.004691850434898,1.4034775726505906,2.4206106353501546,4.2119042692746795,7.170557609096173,16.46096110573533
state,Benue,cases,39,4799.22758501427,1274.1413499345717,1712.4903104900013,3110.8802807681222,6749.725196903089,12530.530371799272
state,Benue,hospitalizations,39,52.19051652129976,14.43338009677725,20.46951959650994,34.65987588814339,71.7583218326387,138.91661200053164
state,Benue,deaths,39,5.933787699209769,1.2938980738575276,2.3028816902054916,4.253586452083534,7.482378912799341,16.05021068640311
state,Benue,cases,40,4907.063949863796,1302.5174427754685,1797.4497716472047,3220.4543565203708,6815.8957693429,13028.931830974294
state,Benue,hospitalizations,40,49.484412222976076,12.679842679269607,18.473420185108505,33.1511276595315,68.12137698016905,133.53621265745764
state,Benue,deaths,40,5.897344336857462,1.2783352252184574,2.2120863819140366,4.1551365767291015,7.497695225237465,16.088714986620182
state,Benue,cases,41,4601.64337592933,1153.7728466146043,1600.4536647333202,2896.622561000081,6493.756624456413,12362.40148962296
state,Benue,hospitalizations,41,48.75656167050464,12.741935132765825,17.95764736178483,31.735817514243262,66.0193374295655,130.23570230701196
state,Benue,deaths,41,5.605048155595687,1.1045844237841362,2.0270092252101,4.0045115044863495,6.9737529933178415,16.030734440988585
state,Benue,cases,42,3943.948179919775,1179.849891379,1551.4654060290168,2487.3079359112903,5369.227496323931,10459.411310990006
state,Benue,hospitalizations,42,39.43564584308294,10.938122763557132,15.068777677738737,25.88154881347415,54.617964635898495,104.22997367622331
state,Benue,deaths,42,4.892751144011339,1.011432398284268,1.7679738291131066,3.469542598911545,6.034267776768932,14.064463149160629
state,Benue,cases,43,3046.9771410426206,771.737330658818,1069.855056406568,1951.964467991484,4286.063125021409,8200.514517864322
state,Benue,hospitalizations,43,28.78248035351248,6.2716743399102475,9.801704359637089,18.76943956028596,38.964607918052906,77.92068929923084
state,Benue,deaths,43,3.200305978033705,0.7775446406103359,0.9426274221808606,2.062020723526432,3.881788204704298,9.634761625528462
state,Benue,cases,44,2022.0320246024114,537.9885269874156,736.7986897471753,1315.1467327862924,2837.2719962027113,5331.992417088235
state,Benue,hospitalizations,44,22.3831518558822,5.687165568315548,8.120808595297728,14.407374321732915,31.07053219311579,59.73454762275451
state,Benue,deaths,44,2.853364688705084,0.7026189554778663,0.7482086696430055,1.801127618964549,3.53503490057527,8.554790404791857
state,Benue,cases,45,1435.6074331928342,370.3333970467914,509.50504255098906,930.6038436593778,1996.0261721382876,3831.3564074066435
state,Benue,hospitalizations,45,15.808125509900739,4.008843185332448,5.502888480317556,10.051048464105877,22.161585747675627,44.473011297373404
state,Benue,deaths,45,1.8513225944323557,0.5299810507111676,0.5299810507111676,1.0428938887724908,2.2553457680774605,6.118523149687449
state,Benue,cases,46,990.7958201967481,261.131478971787,359.83650086630905,644.5991141913579,1409.7366096114115,2559.6639240798036
state,Benue,hospitalizations,46,12.466159491479777,3.277570283222178,4.227417295610175,7.829463715742082,17.12714689030137,34.835752938489186
state,Benue,deaths,46,2.0340606107285626,0.5298203676404171,0.5298203676404171,1.1972792296514145,2.4856737957636175,6.055756818572184
state,Benue,cases,47,758.0683895713522,196.9627710710554,270.5660833420308,492.6534514795991,1063.6150302810754,1989.7567516238284
state,Benue,hospitalizations,47,9.03583305241004,2.340098642533322,2.8201667899891922,5.457544291123409,12.724480341013482,25.46991137525322
state,Benue,deaths,47,1.4282083924675304,0.4121671071952202,0.4121671071952202,0.7083386298947271,1.6896188558078016,4.62615270883344
state,Benue,cases,48,714.0649145666029,190.80973384288015,259.92821382482015,453.766795660835,994.924617230319,1895.5385111107835
state,Benue,hospitalizations,48,9.578091803955074,2.3766164650652297,2.9478891007103494,5.9302100303515655,13.490901146013739,27.047942155753038
state,Benue,deaths,48,1.5084029840247821,0.4472232540404829,0.4472232540404829,0.8026882768185789,1.847310810778299,4.669528304753814
state,Benue,cases,49,487.4485028457547,125.07739524088524,178.73674473936677,320.8636980208434,696.9356152567032,1270.5230171168857
state,Benue,hospitalizations,49,9.834054462547526,2.590018056199751,3.133701109440742,6.020633745605366,13.831174241357571,27.411653522497172
state,Benue,deaths,49,1.3770279905353664,0.4252630718565104,0.4252630718565104,0.6588463881409402,1.631896912860528,4.657451455950047
state,Benue,cases,50,585.3970631891574,180.40463694975884,235.23583699859785,363.8175864646422,791.2104275603408,1544.4622959235783
state,Benue,hospitalizations,50,8.204755219871357,1.943807561163037,2.3969935276373664,5.166329309172581,11.496500500394232,23.462900471060173
state,Benue,deaths,50,1.1799228636218764,0.3797640926167139,0.3797640926167139,0.4717421630609984,1.3414470225015611,3.8805116366560486
state,Benue,cases,51,575.8815886001184,153.5637449615397,209.4561508593909,376.44577136162485,805.1985362756577,1538.307429887791
state,Benue,hospitalizations,51,13.540654856996603,3.6917868333628174,4.805859996150202,8.626672370604885,18.127865071217848,37.445150964293695
state,Benue,deaths,51,1.087742669123065,0.3433485607463589,0.3433485607463589,0.39875770867757554,1.2615827928899979,3.6811138953813773
state,Benue,cases,52,578.1870551561627,154.27736571894692,210.88083130893267,369.2902394138495,816.6660215098871,1542.5179999458671
state,Benue,hospitalizations,52,8.845778565656193,1.9649799303199238,2.4803054940358367,5.48625263387503,12.432701871554737,24.735121485783917
state,Benue,deaths,52,1.1822085591226454,0.390541372717431,0.390541372717431,0.5062579552644809,1.3881627983405902,3.882006082844356
state,Borno,cases,1,1194.7920005350088,344.7712321611898,455.5239144192246,767.4622633394075,1657.3809314880602,3155.0412916227615
state,Borno,hospitalizations,1,19.30638874160786,5.100590345073834,6.984101013648847,12.160787772841566,25.956412465857035,53.85327635042706
state,Borno,deaths,1,3.166625492777952,0.739414849539362,0.9924673733002393,2.143033632780684,3.9924318055116643,9.372293436223007
state,Borno,cases,2,3608.598871015247,1024.5346008651593,1352.8135389861795,2321.508343371309,4947.793302295408,9726.897864991342
state,Borno,hospitalizations,2,37.855285642243814,9.729528254338735,13.750689934932115,24.250013709798484,51.48775993510657,104.44759608444052
state,Borno,deaths,2,3.343625341086898,0.8091667750589349,1.0434132892434738,2.238363523409487,4.172602622342204,9.883808235987386
state,Borno,cases,3,1492.2733728922183,419.1088819517896,554.6156911376032,951.2494067820469,2067.6433933974167,3831.730980869686
state,Borno,hospitalizations,3,28.28466451402415,6.668280911624045,9.734707004002935,18.409568204144982,39.164682571854364,77.80362209469055
state,Borno,deaths,3,1.788698574803541,0.5321790077225186,0.5321790077225186,0.9563054630426766,2.179839084383131,5.869118541618044
state,Borno,cases,4,1383.6909236862737,402.15352922806926,529.1680503725755,879.096390521726,1937.8875951987227,3647.7359354485156
state,Borno,hospitalizations,4,19.21015945098932,4.583365171760772,6.561868033243549,12.249507235390112,25.89820446503027,52.3298284359952
state,Borno,deaths,4,2.458141963978379,0.6291501763431133,0.6291501763431133,1.5552020756410485,3.1785086773663584,6.979386365023734
state,Borno,cases,5,1245.4977676936812,293.69723686100895,421.25075129344066,814.4000665044753,1758.9472980022729,3356.407255498225
state,Borno,hospitalizations,5,13.064201545298609,3.3957755375269985,4.294855706783039,8.148438918150077,18.226920672992843,36.281309170248925
state,Borno,deaths,5,2.343091329945252,0.6407773664755076,0.6407773664755076,1.4831563505732681,2.8744117438454992,6.939850881131842
state,Borno,cases,6,1103.5894380921234,281.18190011974235,387.2925278752069,716.4230495692127,1544.235494750768,2932.2711607808324
state,Borno,hospitalizations,6,19.893049707985067,5.116753343502602,7.286578625532105,12.736989251972611,26.342760638107094,53.8769995022393
state,Borno,deaths,6,2.280938865253438,0.6391998775169737,0.6391998775169737,1.397691288194322,2.837561505178096,6.987920996696435
state,Borno,cases,7,1659.9103558508305,434.51743597558317,596.3450693250759,1083.874955249103,2356.052033721783,4368.450906803797
state,Borno,hospitalizations,7,21.03592675484146,4.9069811151794145,7.320999289296709,13.719036832058954,28.626530015097913,57.869636339635676
state,Borno,deaths,7,2.110353396139327,0.6268519357138149,0.6268519357138149,1.2316105740725796,2.5594414066588516,6.6951768398130005
state,Borno,cases,8,1667.2310153928172,476.83330822261286,628.0289390502041,1054.6203022448055,2302.2805609939164,4571.767419725924
state,Borno,hospitalizations,8,26.526684737894403,6.18536503155898,9.167820221662621,17.474958570347802,36.776694684578686,70.54800462172561
state,Borno,deaths,8,2.4298565519482795,0.697260845839246,0.697260845839246,1.5125155683136087,2.9223139441636876,6.9252127672112875
state,Borno,cases,9,2225.6416944014513,627.946345693059,840.5135122898992,1430.7185544540907,3050.8725803010975,5951.358261777096
state,Borno,hospitalizations,9,22.661144359842176,5.4571521795157345,8.033900106781221,14.56677353687083,30.35881452950421,63.33596579691398
state,Borno,deaths,9,3.578639354056343,0.9184324893321432,1.1697069363534833,2.4154758940453966,4.459571204149659,9.848577141942245
state,Borno,cases,10,2486.7756795792566,614.2102681532461,862.573881643196,1611.681471344588,3455.348529722441,6709.421530018975
state,Borno,hospitalizations,10,42.20417935931557,10.848304898604114,15.394054303358473,27.021544263350354,57.2633417486564,114.08646580547547
state,Borno,deaths,10,3.4996844445166158,0.9259667743092714,1.1941372070705096,2.3735408597320844,4.360654223302523,9.533708272540531
state,Borno,cases,11,4207.1575162303725,1064.903973722012,1499.5814553043408,2800.716762311592,5924.750629660615,11267.098790509875
state,Borno,hospitalizations,11,48.94207469460514,14.330447167186195,19.36007838736443,32.05899414360127,67.23269157043366,128.73097137724665
state,Borno,deaths,11,4.130269133511183,0.9178592315719827,1.4010579304555997,2.915968468179747,5.280347835765992,11.48384750470241
state,Borno,cases,12,3908.959177831618,1079.1126043066822,1452.4740168665198,2506.791761362743,5414.019554545679,10138.395084955071
state,Borno,hospitalizations,12,55.006649819319136,15.481273865254813,21.27705665534232,35.616437158419885,73.77664102851882,149.53083215701687
state,Borno,deaths,12,8.043951783172451,1.7184855404068635,3.3722523876318284,5.7964363506341,9.93944452570575,20.388107932600935
state,Borno,cases,13,8349.842936455543,1915.394774078593,2801.40241979635,5382.108246882665,11753.243824743611,23014.19370199812
state,Borno,hospitalizations,13,131.28227038696173,36.335792876365204,49.643017532927786,85.21467733370983,182.09327832428065,351.32143203676094
state,Borno,deaths,13,12.341461312908903,2.9157045614162254,5.268996709507406,8.984927768240528,14.58445194191772,33.701922822567795
state,Borno,cases,14,18749.34509547101,5430.259571650335,7239.022679340567,11670.269828958319,26363.850693344277,49570.15094960687
state,Borno,hospitalizations,14,269.59043173044034,66.56368724207424,97.9575567387478,177.25103379060397,372.46102763860176,742.4354658474314
state,Borno,deaths,14,25.621572739262504,6.613497587404682,11.744979252221434,18.95062461174095,31.395805621143722,68.6970206520694
state,Borno,cases,15,34728.47399791645,9193.010346321898,12724.219555948019,22617.38286638892,47768.18129468234,92337.26890317634
state,Borno,hospitalizations,15,419.62121191285075,114.75585181218135,159.62986829276574,276.9110081338468,567.483211438858,1133.6154822361868
state,Borno,deaths,15,63.379031084788714,16.942014960971335,29.2989807056338,47.18059595672122,76.25199222930006,165.80613082615665
state,Borno,cases,16,83760.82380614369,20856.222050946373,29185.96411870511,53475.12227423208,116245.83577495036,226156.31464310677
state,Borno,hospitalizations,16,855.0927833057219,234.11805999145392,327.3853155147061,565.9201240691342,1190.967801290782,2234.942557558295
state,Borno,deaths,16,138.85419487088623,39.400078746851975,64.12018391812683,103.31490214715812,165.38173998715035,345.7498471673711
state,Borno,cases,17,123657.20548012912,30731.89540020887,42481.83458861623,78315.78899265337,173500.97344555298,326595.79636955704
state,Borno,hospitalizations,17,1382.067698444259,405.0049379650608,544.6327380440715,911.1508140775468,1907.636021070197,3640.0440357265525
state,Borno,deaths,17,314.9008074108298,90.45248912169646,146.20360367698672,238.2135479031682,378.24082035281094,808.4609257934325
state,Borno,cases,18,205199.5800983317,56077.44484281883,76823.65274274997,131538.8148482457,287997.6635173964,533887.4394033705
state,Borno,hospitalizations,18,1596.0624571109427,454.35751985541714,631.5057897297723,1048.7725297407312,2198.238853100494,4032.323510774548
state,Borno,deaths,18,461.4999935679462,131.08268860499348,213.15588910744236,347.99133923646457,546.6674539310486,1208.931011981448
state,Borno,cases,19,240289.3345404366,71584.76222530357,92746.36374404808,154120.64434866945,321371.230032624,651132.6767100216
state,Borno,hospitalizations,19,2542.2118633941354,674.9264585310586,952.3826055021395,1682.1440951134769,3501.5991839683747,6869.176995046767
state,Borno,deaths,19,392.43795514861046,102.07539037712539,177.75758679966233,289.85908580200527,471.2916875141874,1035.9582156351632
state,Borno,cases,20,210946.66739591892,55048.424758702204,75476.93980544891,136785.85294542267,291846.01982675353,563064.0744295701
state,Borno,hospitalizations,20,2661.054046221105,785.4445215857841,1070.095297311334,1750.3465873094267,3527.891839939224,7110.276307159302
state,Borno,deaths,20,214.29251067788223,57.79236282535812,99.56694065574315,160.6809923223957,257.90728737830204,552.695684749007
state,Borno,cases,21,74152.78974058051,20390.92034457681,27598.69104884928,47936.955923899004,102164.8472078935,205524.37573545356
state,Borno,hospitalizations,21,945.5535668672924,258.4208848521858,360.91423093557796,626.6815579372162,1287.661266339789,2537.519392233433
state,Borno,deaths,21,131.22377887966462,36.93997857295687,62.458328991495776,99.42219008011196,157.59433859551677,341.6324942329903
state,Borno,cases,22,16569.967259674682,4728.059045625014,6256.4947133464875,10626.71965557841,23129.005871559813,43139.171260925774
state,Borno,hospitalizations,22,313.5567239784901,81.3080528424874,116.23913047743082,204.42351907293033,434.0472776930742,839.2723534720183
state,Borno,deaths,22,31.17469711055429,8.68679954238179,14.66921483776206,23.49866797505899,37.7605745131829,77.63013665878985
state,Borno,cases,23,9257.488845790826,2512.4016426136923,3397.8057197294074,6037.462455931728,12544.637400705646,25231.470994460204
state,Borno,hospitalizations,23,80.18995797381781,21.122505509519215,29.81867889705192,52.07361253737193,108.7259805403334,217.34697654779305
state,Borno,deaths,23,24.078994893473205,6.373517483396743,11.02192712349835,17.757830180155963,28.36024427701424,63.40199455294423
state,Borno,cases,24,12678.570818750737,3627.188418151111,4855.873402698181,8132.480303532108,17562.501494776432,33071.0495099336
state,Borno,hospitalizations,24,131.4721247829798,36.05539062823688,50.76458232336029,85.0391914095745,177.04125169781327,352.70784378487207
state,Borno,deaths,24,20.844248779664074,5.266527850432502,9.473454152274492,15.573336694306564,25.430363786406396,53.75373997098821
state,Borno,cases,25,18989.840172015694,5416.732504849647,7206.567254823818,12085.419809873174,26484.161068535584,50284.77871822129
state,Borno,hospitalizations,25,176.29009104175012,43.84957267259803,63.49415581029166,116.46874271621759,247.8390390395937,470.09873998630053
state,Borno,deaths,25,31.933299774496398,9.257940693461661,15.156699350999423,23.934916990969395,37.42373444677633,80.97482303155617
state,Borno,cases,26,40680.315966079084,10778.655663513431,14753.574852486723,26260.469323903748,55767.05450522233,109416.26606641339
state,Borno,hospitalizations,26,448.3418116935394,123.11464258847788,169.92941829370397,298.9098912639901,613.2953050669064,1224.5418862355048
state,Borno,deaths,26,63.60477449330159,17.901100848974867,30.175970566061025,48.57803876789489,78.0932127510998,155.6974662006716
state,Borno,cases,27,41701.20057930821,11626.449464012741,15541.725710414878,26846.952745412927,57271.70721563111,108528.97846717438
state,Borno,hospitalizations,27,486.78024382117513,129.84986973306434,185.154874457245,317.40993162549216,671.666062353165,1304.1147865005403
state,Borno,deaths,27,82.20802367361986,24.641207445673178,39.19643381338247,61.266454841156694,99.89955197284364,208.11351022705142
state,Borno,cases,28,50666.852765315634,14969.376922803764,19907.194880806215,33038.89551589904,70777.21288607917,131271.60152243488
state,Borno,hospitalizations,28,852.1614031265875,238.9406425817484,331.38523838950255,546.3358405029078,1128.1864371478662,2218.274953090877
state,Borno,deaths,28,102.4411268620491,30.587381037369454,48.04890422522807,78.07423966687874,124.81930529076034,266.7134989590497
state,Borno,cases,29,53024.16240918022,14811.880112784605,19831.126927840116,33686.91300559762,73895.3064699547,145555.00373525743
state,Borno,hospitalizations,29,851.5390453383388,228.80688551682923,319.05622017842865,566.6707227065222,1170.0255853745657,2270.1993585832165
state,Borno,deaths,29,121.37283443558901,36.42675224721803,57.3322366071492,90.15160111561376,146.14297399105874,309.6805027572013
state,Borno,cases,30,46122.09119692975,14135.776970528446,18421.30035676794,29159.24555164052,62343.19335309611,119902.56749470494
state,Borno,hospitalizations,30,687.0219119161779,191.83628042814533,270.11470894933086,459.06619364894266,941.6532012055759,1803.5869384832602
state,Borno,deaths,30,72.69589860682869,21.106486288525335,33.87140357391905,53.97181373240933,87.7151723674168,183.72577017028433
state,Borno,cases,31,55993.40926055385,13867.317422807519,19220.915859226938,36527.408870647705,77015.913140355,152931.84279432285
state,Borno,hospitalizations,31,740.8489529900368,182.51779255473232,265.39843593580144,483.19092059898094,1008.6413586954643,1997.9015540396754
state,Borno,deaths,31,91.06339704563202,25.138923937696447,42.64663262988766,69.5940356777412,112.24161783798387,230.08794442746733
state,Borno,cases,32,34224.60671997932,10519.303218779261,13585.204247050257,21526.80863760541,46988.85380562625,89120.56980251119
state,Borno,hospitalizations,32,419.8918913311981,112.31461482986226,157.91807193976567,276.66652631681643,566.8120769486618,1124.8991989586873
state,Borno,deaths,32,52.31557349401047,13.966776442206434,23.84333568130529,38.741519392981054,61.0277065117213,136.15957896584672
state,Borno,cases,33,16143.723117329235,4443.544902791484,5937.075279900483,10189.010069580234,22504.59110031955,43068.66346293575
state,Borno,hospitalizations,33,202.39431717239736,59.999506186069254,81.01163460904331,133.7283004624478,272.0971715120815,541.617952815073
state,Borno,deaths,33,29.57916398966261,7.636963235670268,13.308021302925283,21.980559813978555,36.75716791759148,76.25378788610267
state,Borno,cases,34,10787.602382243489,2774.6674839798657,3790.0627008754004,6880.7438360123015,14937.679886486783,29646.07581392541
state,Borno,hospitalizations,34,156.0495487821182,42.3219207026844,58.90461039900502,102.0546990033412,212.3757252275854,414.64902024064236
state,Borno,deaths,34,23.147473102517647,6.176293111356107,10.922755425797925,17.497597013777913,28.248398812615665,58.57116862726829
state,Borno,cases,35,7839.468761294785,1929.4362206623516,2683.4964398156653,5150.670382893739,11219.842419546887,20641.236063572353
state,Borno,hospitalizations,35,120.39208599881661,29.837952015699685,42.962713587833576,78.78984405074648,160.4403344945527,327.80955508266356
state,Borno,deaths,35,19.004057777777412,4.951616221247865,8.603805445508193,14.057441853535478,22.305912090856165,51.60548328585882
state,Borno,cases,36,6911.741224801799,1755.0891260429532,2440.41012631057,4373.5364581786,9702.461116311533,18807.811717888977
state,Borno,hospitalizations,36,100.47345862416633,25.922076330192336,37.05660314827893,65.35591864886236,136.91604201542435,268.6569103716804
state,Borno,deaths,36,15.112687799904203,3.7695591262895563,6.742619324853623,11.167719492614328,18.468162114176344,40.4296386396311
state,Borno,cases,37,6000.783896172525,1675.4268618743254,2250.8717641407065,3843.5298554296455,8362.091457294344,16312.403018176177
state,Borno,hospitalizations,37,87.28561406743229,23.461260396435478,33.14586895551765,57.59049190150249,118.90178238835371,236.07169902289527
state,Borno,deaths,37,12.377417844220933,2.865770809726261,5.35796929995359,9.12763682610249,15.207505646790434,32.60511435340521
state,Borno,cases,38,4937.4439091677095,1296.1574765462296,1773.0820156920286,3214.4486717933733,6895.717787125039,13149.109812959921
state,Borno,hospitalizations,38,74.69002773452692,21.342189788101834,29.19752677500898,48.18601429348323,101.60775218115371,198.2242429714222
state,Borno,deaths,38,11.590320520532732,2.8251185422363245,5.171593128824977,8.403511830295324,13.74162439824278,30.503716461960074
state,Borno,cases,39,5237.808732618684,1390.646858622965,1869.0463348605654,3395.202638526244,7366.516953457071,13675.49545405109
state,Borno,hospitalizations,39,70.17998835023104,19.65356105642242,27.731362219943613,46.72145954430354,96.36807056589168,186.24195676125285
state,Borno,deaths,39,10.197623848464481,2.275040711992363,4.352353787161249,7.51349093925277,12.745782367164844,26.630041975130244
state,Borno,cases,40,5105.153691918231,1355.1274814058768,1870.0353074109228,3350.472438811448,7091.026072932076,13554.820625772132
state,Borno,hospitalizations,40,72.00708019998973,18.783272193149788,27.16172532724974,48.38807192683232,98.96072668556536,193.56119322711925
state,Borno,deaths,40,10.926505134486964,2.44609883213759,4.576624774286614,7.950027779604078,13.753170395485496,28.66836505135414
state,Borno,cases,41,4846.916289596696,1215.3102019079474,1685.7944514009607,3051.035638485425,6839.859450752223,13021.241912076277
state,Borno,hospitalizations,41,66.32947628239462,17.595893784586842,24.653912155707395,43.298839978875854,89.69206544149564,176.59108577276973
state,Borno,deaths,41,10.027164494719669,2.0020614610471026,4.075204055438465,7.390763024944091,12.369111396065351,27.554406700231144
state,Borno,cases,42,3880.4677560975783,1160.8481584901645,1526.4837947506592,2447.2671457240294,5282.812085540216,10291.086832925592
state,Borno,hospitalizations,42,55.417270890687554,15.6577842151609,21.421467466750194,36.5089993940339,76.60617575649651,145.83197929716107
state,Borno,deaths,42,7.9224409123801305,1.5392196500562303,3.2123623050236123,5.801846378144687,9.704900499654581,21.92542510608706
state,Borno,cases,43,3169.9328466894353,802.9096326066897,1113.0534575142906,2030.7472518357583,4459.003684381751,8531.364441683529
state,Borno,hospitalizations,43,41.3973044464739,9.354238613309734,14.380697641568322,27.149980993391456,55.90616316516655,111.37627131431778
state,Borno,deaths,43,6.58917526663597,1.4286096773251868,2.5692565928901696,4.625956645224135,7.969478416593694,18.539615580593246
state,Borno,cases,44,2188.3216226097475,582.292415602781,797.4444165752062,1423.3316297390304,3070.57285528169,5770.354812951969
state,Borno,hospitalizations,44,27.594164892575815,7.097336494069732,10.157606423349062,17.848045861606963,38.232308436185434,73.29737962314132
state,Borno,deaths,44,5.553699023698859,1.219227490972146,2.033598870862998,3.860688388972039,6.869470614465483,15.580058139871923
state,Borno,cases,45,1436.3767209413334,370.53224206621456,509.7784124819164,931.1027074455615,1997.0955580624882,3833.4085928290338
state,Borno,hospitalizations,45,19.43782768589236,4.878576868840839,6.913714718700799,12.448615204177672,27.18657933234009,54.3385529979285
state,Borno,deaths,45,2.699593006201977,0.7053325559208081,0.7183184458508577,1.7188133728731767,3.3324215987024126,8.473784243442367
state,Borno,cases,46,1438.3190855772539,379.411807482552,522.6550224286723,935.9097023448386,2046.296515661309,3715.1000103288147
state,Borno,hospitalizations,46,22.009700406530076,5.617339549603221,7.959129897908108,14.132580370927927,30.067629478337683,60.41793306512582
state,Borno,deaths,46,2.3025578583922046,0.5815268577295134,0.5815268577295134,1.411717185702317,2.8258493884407128,6.744345710757211
state,Borno,cases,47,964.1165801487199,250.6995243613703,344.2823661744727,626.6550801168859,1352.6034846346543,2530.1452491390587
state,Borno,hospitalizations,47,16.28535864168451,4.052415292291645,5.615491346167237,10.182712882423495,22.767072465145926,44.8386974348041
state,Borno,deaths,47,2.393534612829583,0.6016800807981256,0.6016800807981256,1.4938266710807016,2.926296063485017,7.213037763904206
state,Borno,cases,48,1052.2437069406624,281.52315417044576,383.3301406290182,668.8416547896942,1465.931623013395,2792.4768034434064
state,Borno,hospitalizations,48,12.169070571510298,2.9671022107560523,3.9287677043068445,7.652065574869909,17.09125934209358,34.01663495174369
state,Borno,deaths,48,1.5636493812814543,0.4587762601586921,0.4587762601586921,0.8492566707988789,1.9208646765940216,4.815987807027935
state,Borno,cases,49,856.200928617784,220.25906753434438,314.42834833087045,563.8535295417768,1223.8395767985317,2230.454707469279
state,Borno,hospitalizations,49,8.643105411445562,2.3005726007139065,2.671742553746358,5.236048276236997,12.173727887497641,24.236531258295113
state,Borno,deaths,49,2.239801902110972,0.6060141399383955,0.6060141399383955,1.3639117377639185,2.7505413698179146,7.06205806526651
state,Borno,cases,50,619.9532512809692,191.094753167378,249.15713799037448,385.3161681057415,837.8951302329378,1635.5358860542835
state,Borno,hospitalizations,50,8.155293663519164,1.9331528065813366,2.3783733035597607,5.132529293794583,11.428002389458744,23.32880993345586
state,Borno,deaths,50,1.3676655482235194,0.4209170871065977,0.4209170871065977,0.6312269545526131,1.5951770572487178,4.409386462886212
state,Borno,cases,51,868.4616386480486,231.9546472369629,316.1942967252628,567.8769157379686,1214.0824610763937,2319.0060234563707
state,Borno,hospitalizations,51,14.986364642805572,4.061697216213154,5.387596697344054,9.591247581178875,20.044442655725543,41.29728575805341
state,Borno,deaths,51,1.5232614395815542,0.4341686034373623,0.4341686034373623,0.7687468373354113,1.8598000836601214,4.919327805163999
state,Borno,cases,52,908.1643324052828,242.74274473978676,331.5946131419032,580.2538027496396,1282.510699969086,2421.8986119138226
state,Borno,hospitalizations,52,8.797789398933872,1.955231233863687,2.463038935068588,5.454072911787071,12.366059291082378,24.60744390304727
state,Borno,deaths,52,1.8374662255514498,0.5339499944341074,0.5339499944341074,1.059362933134646,2.265107366241371,5.67470158826959
state,Ogun,cases,1,1562.616938495574,451.13026614145946,595.9504103513232,1003.8408176459994,2167.4979610104715,4125.837794503476
state,Ogun,hospitalizations,1,18.974148642721154,5.016849808187114,6.853019538719874,11.944716424352595,25.51384713523587,52.95270553394956
state,Ogun,deaths,1,3.1613908873489995,0.7384395112884579,0.98983917392871,2.138887758610264,3.985846449932207,9.358611678892522
state,Ogun,cases,2,738.7566902869788,209.1746230592675,276.45260862862415,474.97839722645335,1013.21323671645,1992.650204692054
state,Ogun,hospitalizations,2,8.734471598084045,2.26664668408283,2.666814638340421,5.276799275003641,12.047720975271952,25.212793476498085
state,Ogun,deaths,2,1.1096552723399864,0.35760143603837136,0.35760143603837136,0.4311554577870152,1.2859689532738101,3.809966961967598
state,Ogun,cases,3,859.5011398416168,241.0884068112256,319.17441964546725,547.7352247916888,1191.059022988277,2207.617281748511
state,Ogun,hospitalizations,3,11.104665778463062,2.68483340238709,3.4164764594782318,6.985490524359732,15.524566065460714,31.42141045610641
state,Ogun,deaths,3,0.6052207113311434,0.0,0.0,0.0,0.6891989854742526,3.042947932035511
state,Ogun,cases,4,661.4719347763407,191.8790706655492,252.6461011471873,420.0608653853644,926.6139494622422,1744.6495982580702
state,Ogun,hospitalizations,4,9.72273790191787,2.418804848152888,2.9906667643667553,5.9922363014087825,13.195139363427264,27.14404760216645
state,Ogun,deaths,4,0.9825946377989877,0.3268022020352791,0.3268022020352791,0.32732893210284586,1.1705570556045042,3.144966426317819
state,Ogun,cases,5,679.7196036869676,159.9358568325716,229.59356504810876,444.2946683925836,960.117346742385,1832.4994218298007
state,Ogun,hospitalizations,5,10.954862835118236,2.8815798427213895,3.4930971750552615,6.763162460999247,15.31553865578751,30.636092500239112
state,Ogun,deaths,5,2.0990298941417045,0.5896262325508946,0.5896262325508946,1.2849342071437033,2.565130292350739,6.306038894300755
state,Ogun,cases,6,940.9742473667674,239.63971084580476,330.1289689091547,610.8056300889314,1316.7493754479244,2500.4415299603183
state,Ogun,hospitalizations,6,13.05386519199658,3.4345423165668727,4.562238989903363,8.220743647538741,17.3534093122912,35.835345451231085
state,Ogun,deaths,6,1.9028838232211482,0.5580574161256626,0.5580574161256626,1.093319244919917,2.3504068650985124,5.973903951528788
state,Ogun,cases,7,833.767939998564,217.8895936388791,299.2236160622612,544.254491525769,1183.6463981202796,2195.071280757942
state,Ogun,hospitalizations,7,14.166089994294218,3.3719735950876277,4.718014646817224,9.114610669540006,19.358724555908253,39.45396846456062
state,Ogun,deaths,7,1.1140121586071572,0.3959833969629209,0.3959833969629209,0.409712063524795,1.2485049805170232,3.86105584373709
state,Ogun,cases,8,1399.069860857637,400.0236035557991,526.9151694491616,884.9337562036462,1932.0378495495859,3836.7141930564644
state,Ogun,hospitalizations,8,17.366338174335848,3.9986282855848962,5.777545777449371,11.314820159805889,24.18074395139083,46.69162574056718
state,Ogun,deaths,8,1.6223083256760062,0.5161258567892607,0.5161258567892607,0.8598122325818792,1.9033720409057304,4.866394555384455
state,Ogun,cases,9,2531.6078999421306,714.3708150471691,956.1471577542463,1627.4531681146236,3470.2350109679583,6769.280820199415
state,Ogun,hospitalizations,9,41.44962126967696,10.59132212369167,15.216877542880974,26.94412791831726,55.292636525076645,114.4903714452595
state,Ogun,deaths,9,2.645982742849739,0.7215002664360892,0.7215002664360892,1.6831223809947495,3.2889184824952844,7.522402451219409
state,Ogun,cases,10,4297.62685709926,1062.021639432555,1491.1690533403398,2785.551834866647,5971.223596893267,11593.93536663045
state,Ogun,hospitalizations,10,78.36022791804349,20.765220253125868,29.11571746405187,50.47530283394295,106.02918912831585,210.41271243831028
state,Ogun,deaths,10,9.732424892958617,2.347300557697099,4.312761255276644,7.168503371130027,11.979988657373674,24.50573273376062
state,Ogun,cases,11,9257.312658110472,2344.081479050913,3300.409756784742,6163.020634899082,13036.166943441382,24789.797697722366
state,Ogun,hospitalizations,11,202.4461535803053,61.45326761526588,81.94300944564341,133.67592861616373,276.9667481506566,527.4988092685018
state,Ogun,deaths,11,10.699146956763421,2.3760599569547094,4.529786036384682,8.018719406805047,13.464032427267481,27.751078737513087
state,Ogun,cases,12,41543.869202535185,11475.625414492548,15442.738712763456,26645.283496696185,57535.733477491754,107734.09989198844
state,Ogun,hospitalizations,12,676.4919281004543,198.37347622209774,268.4848870107983,441.9479433948654,903.570786454633,1819.9669671844617
state,Ogun,deaths,12,48.30755028766824,13.413022707649166,22.882871613282383,36.12466765395427,58.75532196337048,115.82981459403067
state,Ogun,cases,13,97279.36847387897,22323.403797601455,32644.655305018823,62707.72985832861,136926.1556301366,268106.84741909814
state,Ogun,hospitalizations,13,1524.9267437447309,429.6826960431056,583.1866382499333,993.5193823933441,2111.051215764851,4063.162899280905
state,Ogun,deaths,13,129.38513727125084,37.28429191350513,60.292698738431,96.62378223864951,151.37097132797447,338.2846734122888
state,Ogun,cases,14,221997.80512409535,64303.58368024457,85718.8294592018,138183.5477038973,312151.4068701727,586907.4661325521
state,Ogun,hospitalizations,14,2618.750026007499,653.1250194164752,957.068103820573,1724.75633004641,3614.7026344658843,7196.649482775872
state,Ogun,deaths,14,166.38196235197995,46.87006809480194,79.13439521935304,124.44008160951252,202.68948742239706,437.2218666672886
state,Ogun,cases,15,279066.08160270215,73877.04479063046,102251.91302842944,181747.96911696382,383846.0463231653,741978.8878785465
state,Ogun,hospitalizations,15,2687.7435152924836,738.9479320164346,1025.7968055399551,1775.4948599479987,3632.9240747220533,7251.820195014513
state,Ogun,deaths,15,279.43990802161363,77.1567684476394,130.98464187890266,208.87830464136866,335.5154962760871,725.6200686481202
state,Ogun,cases,16,189119.808002883,47091.27315894721,65898.49915674826,120739.53541109676,262465.7719797733,510626.06299297966
state,Ogun,hospitalizations,16,2530.167049301256,694.1619003818623,969.9205664549895,1675.184597758869,3523.23204737828,6609.900402603712
state,Ogun,deaths,16,202.95660166447215,57.917523180424126,93.96813037298057,151.1278140032776,241.6430919582324,504.6832261715337
state,Ogun,cases,17,86486.73971583064,21493.88299435368,29711.903612218077,54774.516395995866,121347.951016059,228423.9444406937
state,Ogun,hospitalizations,17,1288.3355453103527,377.48949742569295,507.6545543913494,849.3332617751498,1778.285473728893,3393.2861239425433
state,Ogun,deaths,17,78.99544739485775,22.1584807985289,36.27631540669556,59.57596036004669,95.03501600127893,203.97949795769173
state,Ogun,cases,18,44574.14709671912,12180.763456156163,16687.404072841564,28573.025439528563,62560.14277939528,115974.08987664174
state,Ogun,hospitalizations,18,530.1292048698648,150.43658056418803,209.35013106655418,348.1190006582745,730.3928006793262,1340.3476096206314
state,Ogun,deaths,18,35.53080833163018,9.43261736056018,15.915210238111685,26.565255847357435,42.25778834485993,94.56700741023985
state,Ogun,cases,19,6192.801835469435,1844.2178957283409,2389.686220864887,3971.68964429243,8282.79515161067,16782.83348067549
state,Ogun,hospitalizations,19,132.85228027027844,34.574817447041255,49.17766610532043,87.58588558710197,183.34598170727634,360.5856271683746
state,Ogun,deaths,19,6.563866491073822,1.209213974264225,2.4241250567547317,4.5714439958041675,8.046809314598335,18.863070835384242
state,Ogun,cases,20,2577.4103735568888,671.8683450657734,921.5657973444693,1670.9437809128472,3566.2420212195366,6881.336490462054
state,Ogun,hospitalizations,20,42.82535919713283,11.946242058360887,16.632087968015682,27.830205087669288,57.09168568624122,116.06395287837067
state,Ogun,deaths,20,2.3838375728957995,0.552417562095753,0.552417562095753,1.46170713791785,2.942046051568111,7.430407308875338
state,Ogun,cases,21,3732.0722130249887,1025.5761395995069,1388.431883427394,2412.3068833674292,5142.263569754244,10345.619800736496
state,Ogun,hospitalizations,21,40.09286627987228,10.261263064654395,14.710421170330402,26.24717845593128,54.93980426730769,109.19519375610693
state,Ogun,deaths,21,2.4198632982219994,0.5945093496200987,0.5945093496200987,1.5190337205040896,2.978249094990307,7.594741919338582
state,Ogun,cases,22,3577.138431059543,1020.1370071968172,1350.1693050328654,2293.8239253776997,4993.419554558088,9314.17770159659
state,Ogun,hospitalizations,22,54.75588221575101,13.588986418071679,19.780470721072177,35.41102937330645,76.11151711521283,147.93709095200987
state,Ogun,deaths,22,5.7534636825710805,1.3330911141491288,2.273657703483049,4.118332601346851,7.097971382759646,15.427635670590915
state,Ogun,cases,23,4709.730206805316,1277.8217642101692,1728.316418442409,3071.376925393129,6382.2353261405915,12837.311444311066
state,Ogun,hospitalizations,23,70.86412850453569,18.58140724141999,26.278695980708793,45.97732001560249,96.12232228848873,192.26658392628124
state,Ogun,deaths,23,5.684767686114086,1.2834060674236758,2.1883782109637,3.9748311079399445,6.786735201416125,16.080282891904396
state,Ogun,cases,24,9693.32054956579,2772.975715941801,3712.381809799729,6217.551587678146,13427.38932776403,25284.638903982643
state,Ogun,hospitalizations,24,120.54421974495305,32.99861328284636,46.49441272436343,77.94163700095646,162.35425324744114,323.5297375650275
state,Ogun,deaths,24,11.760762487833627,2.6591564184431777,5.115668500846212,8.677517245184859,14.433241118387798,30.971851690531075
state,Ogun,cases,25,17223.775588343386,4912.9072178186625,6536.295210623383,10961.435943110588,24021.1576135898,45608.422535333906
state,Ogun,hospitalizations,25,271.3351820418923,67.89339650356858,98.06942661052494,179.44365166646452,381.2414698857517,722.6544375379817
state,Ogun,deaths,25,22.253107141985307,6.242472768878504,10.407207214519623,16.60494261937474,26.128529860459402,56.877155004230005
state,Ogun,cases,26,23509.93643572425,6228.882025330314,8526.1054599659,15176.280314576115,32229.00912039224,63234.476197554104
state,Ogun,hospitalizations,26,443.1129823009941,121.67036503779549,167.9403740001041,295.41994749791616,606.1469710742819,1210.2806951560642
state,Ogun,deaths,26,26.892262405568346,7.160213918297291,12.459670469056082,20.404435922979644,33.14708702373697,66.6513423672882
state,Ogun,cases,27,37651.467541243575,10497.298829544668,14032.359563385293,24239.72723387852,51709.91020327805,97989.54809387562
state,Ogun,hospitalizations,27,464.15276601685616,123.77991802717203,176.51939701980433,302.63931770294084,640.4619769306423,1243.5722445716463
state,Ogun,deaths,27,41.89955420386659,12.219835300775033,19.72407221139229,31.102711212304484,51.02077405399518,106.8126359776805
state,Ogun,cases,28,38029.393144620924,11235.49984802825,14941.73857673853,24798.160559394808,53123.87337086976,98529.89034854158
state,Ogun,hospitalizations,28,565.9899791486082,158.45861994666896,219.8950131746722,362.74586995701685,749.4293936728463,1473.8752753777867
state,Ogun,deaths,28,44.57644298597825,12.917486348016778,20.611081150798785,33.84032594350342,54.43632951492514,116.95529874839734
state,Ogun,cases,29,46520.758123757376,12995.117209513224,17398.76588656141,29555.174263961522,64832.1082761398,127702.92190368891
state,Ogun,hospitalizations,29,550.2798810206891,147.60071594160866,205.95891401651102,366.0746227797515,756.223788056857,1467.6324562145137
state,Ogun,deaths,29,62.17758711269963,18.32235950364145,29.115261910244705,46.05895917590151,74.9657002325531,159.39543921401628
state,Ogun,cases,30,33132.785826077044,10154.540928785069,13233.164029436142,20947.061061618268,44785.658839521304,86135.01174711787
state,Ogun,hospitalizations,30,406.4223156874916,113.19084561098865,159.54457078182986,271.43497734534105,557.2059865735685,1067.6127528825325
state,Ogun,deaths,30,43.328215167298836,12.297091145040895,19.97521178291413,32.06564453833961,52.362335267629945,110.11288201721716
state,Ogun,cases,31,27044.220648082235,6697.377742895443,9283.158232166374,17642.16993207368,37198.06035302072,73865.34723593164
state,Ogun,hospitalizations,31,235.74587909457298,57.5659398085706,84.01559738116613,153.51960225164038,321.20633333940555,636.9084363835271
state,Ogun,deaths,31,29.30039422964749,7.602904658823874,13.365083279198112,22.234076500807138,36.27034991927053,75.05621250712773
state,Ogun,cases,32,24455.479996269743,7516.458706570517,9707.249589604942,15382.055897787106,33576.38634196611,63682.30901900198
state,Ogun,hospitalizations,32,204.76209221077528,54.396297019900224,76.69053204852014,134.74327890030207,276.5871983800374,549.4201424823301
state,Ogun,deaths,32,22.43180884951503,5.577619117203473,9.918182705772178,16.465656597156187,26.26002020029081,59.27907694065421
state,Ogun,cases,33,20815.3234437256,5729.608297479097,7655.303224359546,13137.568184890186,29016.757705217533,55531.20323082226
state,Ogun,hospitalizations,33,163.75377408891768,48.410912760147966,65.43118897755943,108.13282281608558,220.21458615526154,438.53221927489415
state,Ogun,deaths,33,20.081608809482216,4.954195873205569,8.863740190970464,14.84246113764154,25.02923820149925,52.25762915386943
state,Ogun,cases,34,16280.26156795029,4187.806550764095,5720.156574927651,10384.355532441677,22543.21342954262,44739.901457802785
state,Ogun,hospitalizations,34,129.4545477663771,34.98572308845138,48.76027578127631,84.60326507102786,176.24236685012875,344.2624053078759
state,Ogun,deaths,34,15.591239283711737,3.929975612381589,7.1907041099755995,11.70749407117722,19.093088536089283,39.92424932710227
state,Ogun,cases,35,12749.629096781255,3138.3883445041624,4364.685197892006,8376.94783462711,18246.99054762698,33568.61219897105
state,Ogun,hospitalizations,35,105.61422790352938,26.083845023570653,37.61084293218726,69.07650085275148,140.78713935924992,287.7814024613016
state,Ogun,deaths,35,12.729691591336302,3.0837371510746694,5.589708682743653,9.331753999510545,14.991491303710845,35.09556773465088
state,Ogun,cases,36,11150.442105036713,2831.874193249439,3937.4149923800023,7055.880687899566,15652.353906666085,30340.85254672089
state,Ogun,hospitalizations,36,92.39626886578895,23.77910493494421,34.02733412211505,60.0740513134499,125.93805765195816,247.19247953172177
state,Ogun,deaths,36,10.512248613930328,2.405613078049294,4.528470228147015,7.688128931178489,12.90087128518337,28.58204635566529
state,Ogun,cases,37,9240.283865374677,2580.288626536474,3466.333472989165,5918.638617043591,12876.121783447383,25117.663169023323
state,Ogun,hospitalizations,37,72.80748225278916,19.449665269738983,27.546018445822206,47.981774771903176,99.23814289815648,197.19244026579145
state,Ogun,deaths,37,9.490904763100186,2.029677794230777,3.9828609487157878,6.937220779586082,11.702129115985539,25.336964538336726
state,Ogun,cases,38,7940.495801051008,2084.9547749788935,2851.895595753117,5169.752689554326,11089.58973937357,21145.649386685254
state,Ogun,hospitalizations,38,67.81561382859931,19.312936066492295,26.454803515884922,43.71864097408977,92.28829133356567,180.12948411748488
state,Ogun,deaths,38,8.178968018467682,1.8438786616498026,3.4939734579604576,5.847362049774359,9.734419361429708,21.94008413255779
state,Ogun,cases,39,7668.373318507339,2036.3065387658178,2736.6612121097583,4970.88334782698,10784.703550251535,20020.755837907007
state,Ogun,hospitalizations,39,63.403940984846294,17.687332770494752,24.996123636352255,42.17835516896462,87.09858653019194,168.41643840678316
state,Ogun,deaths,39,7.355416357410447,1.5621807449303868,2.9877160987182134,5.3428887971091665,9.241153670839886,19.585478384627464
state,Ogun,cases,40,8251.75465272806,2190.823446203463,3023.03653910644,5415.773844208442,11461.395122045642,21908.41920098386
state,Ogun,hospitalizations,40,60.5494866457163,15.67844532444443,22.74196702784053,40.63700773407059,83.27268746745656,163.02636489128383
state,Ogun,deaths,40,8.420309077877882,1.7513968763157326,3.400753374201332,6.062850118928229,10.642358420359297,22.412577121702775
state,Ogun,cases,41,8013.9432781556025,2009.8963716750163,2787.7366534975845,5044.857037148867,11308.82822233819,21528.35901630322
state,Ogun,hospitalizations,41,59.53521487967102,15.719243432084275,22.064984522125094,38.82831360220247,80.53965262652054,158.66904461801664
state,Ogun,deaths,41,8.032953980180537,1.5156441236738765,3.1534794857770745,5.866888841006648,9.94110292316683,22.368546596832203
state,Ogun,cases,42,6557.68041013771,1962.2240264454333,2580.0540421714895,4135.940656590188,8927.28099933088,17389.974892037313
state,Ogun,hospitalizations,42,47.142065968209195,13.21410984927032,18.132268580125174,31.006480023781613,65.2214549628182,124.29192695485254
state,Ogun,deaths,42,6.4937659797726655,1.2909163534873431,2.532833917608816,4.704588505698236,7.978011109040938,18.22714940587977
state,Ogun,cases,43,4603.958683724207,1166.470527629337,1616.8741056183153,2949.58665787955,6476.000204302098,12390.049457086909
state,Ogun,hospitalizations,43,34.55538917868462,7.682499305395903,11.897413472561876,22.605037468216388,46.71840215457128,93.23260696110813
state,Ogun,deaths,43,4.479140665419286,1.0250237244443356,1.5609323137106272,3.0366092471438266,5.435577414058911,13.019623312457291
state,Ogun,cases,44,2976.8204438728194,792.3690792618353,1085.0095119964808,1936.314189970716,4176.820357156834,7848.946838950861
state,Ogun,hospitalizations,44,29.01271739147619,7.499601440275375,10.711901524084883,18.784391802047207,40.181317527528414,76.9883749818264
state,Ogun,deaths,44,3.0202495388840944,0.735039976315272,0.8288764473406351,1.9303803471960506,3.7442954960425743,8.995678109849738
state,Ogun,cases,45,2110.3201467038,544.7327201672753,749.2673008842127,1368.1380946660645,2933.943460065183,5631.249357309957
state,Ogun,hospitalizations,45,17.308720453819763,4.368544003842864,6.086372094146718,11.042624086839425,24.239801573607775,48.553160763844055
state,Ogun,deaths,45,2.488915529432999,0.6622103252329815,0.6622103252329815,1.552592068499771,3.06754840938497,7.894581275703149
state,Ogun,cases,46,1288.700962555605,339.8677611476248,468.22075392509385,838.5173502873472,1833.4787568950815,3328.809080070536
state,Ogun,hospitalizations,46,16.66164416971143,4.307582796413188,5.870190679818517,10.604219808245938,22.823802190430055,46.097532475365476
state,Ogun,deaths,46,1.4994035238302312,0.4248276933657037,0.4248276933657037,0.7618519857407837,1.794929845891738,4.6575418335327425
state,Ogun,cases,47,856.908393621052,222.73994920569265,305.92731448543947,556.9331788582418,1202.2409503563067,2248.9776704445694
state,Ogun,hospitalizations,47,9.926260750108774,2.551151393354886,3.1647064153579643,6.039948152833386,13.962286849217598,27.857224246689423
state,Ogun,deaths,47,1.3798918047259037,0.4023035542305155,0.4023035542305155,0.6674564530701789,1.625253704935723,4.4915134951205165
state,Ogun,cases,48,655.0748602280418,174.98618217426787,238.40265831449423,416.25031647003937,912.7647376295486,1739.0815132263233
state,Ogun,hospitalizations,48,8.331924986736407,2.0919123368114385,2.4749561132543647,5.100013221438704,11.754979747238753,23.687970095411682
state,Ogun,deaths,48,0.6305989649609309,0.0,0.0,0.0,0.759613072934171,2.828708753682004
state,Ogun,cases,49,549.3819808370707,141.06354636605215,201.52670449907876,361.6748339777335,785.4312904712239,1431.747470334073
state,Ogun,hospitalizations,49,5.8589905798689195,1.6206981788711932,1.6206981788711932,3.3931463330102476,8.280575100992953,16.778530544375176
state,Ogun,deaths,49,0.5742034845707767,0.0,0.0,0.0,0.640499015145632,2.8898161224865557
state,Ogun,cases,50,437.04617525120904,134.51160532167094,175.47121950391318,271.52344605222544,590.7914150176952,1153.480283448993
state,Ogun,hospitalizations,50,4.044182002411195,1.0412781147300203,1.0412781147300203,2.3032404473300345,5.694249339161745,12.10452916856266
state,Ogun,deaths,50,0.46179833799075165,0.0,0.0,0.0,0.43371323546593393,2.2894109568251055
state,Ogun,cases,51,363.3128775411691,96.61026145265056,131.90749337637536,237.3649570342199,508.13136148578957,971.105073701094
state,Ogun,hospitalizations,51,3.5150882027789745,1.101581509647061,1.101581509647061,1.872474701695865,4.707507890504106,10.471536507778026
state,Ogun,deaths,51,0.5515326326498596,0.0,0.0,0.0,0.6156718739993388,2.653571253051402
state,Ogun,cases,52,398.59815326358694,106.13041327934374,145.18280596788333,254.47410724055325,563.1317934732483,1063.9183831312894
state,Ogun,hospitalizations,52,7.51568686384274,1.6943997750620001,2.0010631433173227,4.59308766173698,10.583002288441476,21.19136357774706
state,Ogun,deaths,52,0.4599583311263945,0.0,0.0,0.0,0.47324572169652157,2.312455044519365
state,Sokoto,cases,1,1023.5782169492737,295.2636247454085,390.158711566124,657.4336533551199,1419.933554536659,2703.158547424956
state,Sokoto,hospitalizations,1,10.116855169144342,2.778583735049689,3.349397170651879,6.169434981457828,13.68470199832071,28.881721755734556
state,Sokoto,deaths,1,2.2075223906021124,0.559256507932838,0.559256507932838,1.3772338557704535,2.776026380025595,6.845085353655693
state,Sokoto,cases,2,2787.958898208631,791.379971489535,1045.0249049803272,1793.4875710212505,3822.688340181152,7515.266566152117
state,Sokoto,hospitalizations,2,32.12357178374382,8.145862512349778,11.5735054616812,20.523141404784564,43.740628345294496,88.88365501121677
state,Sokoto,deaths,2,3.778383663541264,0.8938915877420772,1.257371416914728,2.5774404002385016,4.714206407582095,11.023410901959565
state,Sokoto,cases,3,1457.828895756597,409.4184722508296,541.7996238876294,929.2844179764232,2019.927187269917,3743.3235820409936
state,Sokoto,hospitalizations,3,20.702297283184137,4.8330237253571635,6.95018994182726,13.374845429340743,28.74621061202406,57.36244655053411
state,Sokoto,deaths,3,5.570953365817004,1.3209710026656531,2.1077966432390025,3.855927707661873,6.892974286207041,16.050477894989818
state,Sokoto,cases,4,1280.69154307424,372.1652025251679,489.73182682653555,813.630963145846,1793.664636872269,3376.3269625583207
state,Sokoto,hospitalizations,4,19.561935475353092,4.663416087566098,6.693940089162153,12.48091694166818,26.36799594361705,53.26126231613757
state,Sokoto,deaths,4,1.657361725567208,0.46932130077125533,0.46932130077125533,0.9060803079537989,2.1170032235293714,4.952308572742162
state,Sokoto,cases,5,1520.9705933439068,358.82457415229067,514.5670897630653,994.6014003351578,2147.891159549008,4098.385691000683
state,Sokoto,hospitalizations,5,15.786908069497027,4.058439280884672,5.3281127240447965,9.933697900195545,21.978930511571637,43.55651673889271
state,Sokoto,deaths,5,2.237685334965043,0.6187235019737292,0.6187235019737292,1.3976926676197179,2.7410647249068494,6.666582184923137
state,Sokoto,cases,6,978.9818147836194,249.3492438385708,343.48963842285855,635.4912770656057,1369.9190330748283,2601.3717919659443
state,Sokoto,hospitalizations,6,22.51828795282718,5.767881379353337,8.330652861981282,14.467792423280587,29.787834078632265,60.79127183863958
state,Sokoto,deaths,6,1.5313387157954792,0.4768226800676264,0.4768226800676264,0.7886010717848693,1.862698236006442,4.958733772930234
state,Sokoto,cases,7,1489.2073279401393,389.75635373713277,534.9518630739913,972.3749943312064,2113.8018016836745,3919.372786801087
state,Sokoto,hospitalizations,7,20.826720984352196,4.860280970942686,7.2418076523446535,13.578954543794891,28.344571883924573,57.30936915219527
state,Sokoto,deaths,7,1.6302752726311633,0.51828847137322,0.51828847137322,0.8451215785420141,1.942987554946308,5.362461713884102
state,Sokoto,cases,8,2018.026347244896,577.3120143378198,760.3010364891306,1276.5959583853087,2786.6140023980433,5533.32816861741
state,Sokoto,hospitalizations,8,22.836476819895058,5.220678606338737,7.802717947966491,14.994563815030267,31.70490440087811,60.942175480544385
state,Sokoto,deaths,8,5.135455521176235,1.2814488137138196,1.9671586819526328,3.6175833816936738,6.208556999514259,13.565215528126668
state,Sokoto,cases,9,2083.2504970687205,587.725944069189,786.6996827510426,1339.1617854755928,2855.7088088202,5570.711738369726
state,Sokoto,hospitalizations,9,26.08651142075301,6.393633178603097,9.344086944949929,16.824423229659832,34.906784461813885,72.66661309339177
state,Sokoto,deaths,9,4.130572110186844,1.0337486480085816,1.4421300836833946,2.8443147741243147,5.145061740030904,11.2106982097885
state,Sokoto,cases,10,3545.6932460097782,876.0734921341488,1230.1526632386613,2298.1166483910247,4926.537513468918,9565.701255967751
state,Sokoto,hospitalizations,10,27.96362056672228,6.940539259228355,9.987025817429476,17.779578533090653,38.047134293746126,76.12905835516472
state,Sokoto,deaths,10,5.6398195852265385,1.3812850455308503,2.2730428305379595,4.03238525325191,6.996606053638434,14.713364792919826
state,Sokoto,cases,11,3687.2203152071324,933.2066390763686,1314.177720114024,2454.5517801696938,5192.596905741224,9874.873398899726
state,Sokoto,hospitalizations,11,55.63631939809523,16.385622192467483,22.0895176632157,36.49082958740196,76.37985617000453,146.1224961953016
state,Sokoto,deaths,11,6.684285614225451,1.3852706873366554,2.6237748178016833,4.910139752272674,8.478557783054267,17.841133170090963
state,Sokoto,cases,12,6941.136199687849,1916.7409453811538,2579.644484731062,4451.586632244624,9613.372314873315,18001.50551496549
state,Sokoto,hospitalizations,12,93.9195849330934,26.933096801211587,36.75601237423716,61.05894593001538,125.73432705480833,254.12544361472388
state,Sokoto,deaths,12,7.200863463793886,1.557144201174693,2.9617601029457674,5.1583476864967865,8.912386346434994,18.380068937596636
state,Sokoto,cases,13,8319.915522010324,1908.526875702238,2791.35928291811,5362.816480442581,11711.11943932407,22931.712778132358
state,Sokoto,hospitalizations,13,134.16240575944366,37.14869197016153,50.745650151336406,87.09179919659864,186.07970391119287,358.9924027263639
state,Sokoto,deaths,13,8.946852508836747,1.916556472979825,3.6693724323242023,6.437130472418806,10.607855872712676,24.84723031208488
state,Sokoto,cases,14,15110.323396490376,4376.173829046819,5833.896560483375,9405.137963598889,21247.024134955303,39949.50167458975
state,Sokoto,hospitalizations,14,260.7141937735992,64.3473806218917,94.71143005339721,171.40382558793365,360.2103027045105,718.0483873457398
state,Sokoto,deaths,14,15.624968132294613,3.754135186597141,6.958412493053807,11.45787042977191,19.229078374758075,42.52126660303338
state,Sokoto,cases,15,29559.545157290206,7824.628399536023,10830.273383023368,19250.996967961026,40658.49979181825,78594.18885377028
state,Sokoto,hospitalizations,15,422.15199003923294,115.45232733331531,160.596340133951,278.58313279267566,570.9036401666012,1140.4421946391099
state,Sokoto,deaths,15,43.20702149786678,11.320207802601011,19.805340944838786,32.08407419853293,52.04647217719017,113.54043478374427
state,Sokoto,cases,16,74750.16014414042,18612.510007859157,26046.18151801491,47722.43769949717,103740.60258704337,201827.48076208733
state,Sokoto,hospitalizations,16,793.3863163782574,217.17094272118555,303.71557082531876,525.0569856703919,1105.0517380517747,2073.777648601914
state,Sokoto,deaths,16,78.90964547721099,22.08372639728664,36.20825689291901,58.60326650383968,94.06690785020163,197.12532174671225
state,Sokoto,cases,17,102883.57806144979,25569.005351284683,35345.045129261605,65159.1708059036,144353.97637593525,271730.04655883624
state,Sokoto,hospitalizations,17,1352.503747872115,396.32632452368887,532.9694916851089,891.6530110328636,1866.837713763472,3562.214406689372
state,Sokoto,deaths,17,114.71790019888344,32.500041028262174,52.92228041081471,86.62652330444996,137.92003556628066,295.51433750228836
state,Sokoto,cases,18,147113.94188877763,40203.45337099404,55077.08174060352,94304.15356334297,206474.5695481187,382760.91373474384
state,Sokoto,hospitalizations,18,1957.5029727808296,557.4121349444429,774.6518625625622,1286.3526712036728,2695.9614196830453,4945.128469094693
state,Sokoto,deaths,18,175.68163093750695,49.45748143975424,80.81062116450832,132.31969698785463,208.21682230837513,461.2109999820899
state,Sokoto,cases,19,242554.74542393276,72259.65897118686,93620.76798358258,155573.67345680046,324401.0653731168,657271.4393059079
state,Sokoto,hospitalizations,19,2815.935745200544,747.6758887723341,1054.9944214428187,1863.2995631204278,3878.581164450431,7608.608712415204
state,Sokoto,deaths,19,182.38614278990465,47.044673907185086,82.32105204552337,134.57290328148468,219.14081181427093,482.3386431357535
state,Sokoto,cases,20,158303.99558333532,41310.66298670392,56641.17611430204,102650.25193701196,219014.65328983386,422549.3662641017
state,Sokoto,hospitalizations,20,2054.3223563930537,606.1991699690104,825.9727331481089,1351.1820865355824,2723.5916746942266,5489.484010773826
state,Sokoto,deaths,20,340.0070948186488,92.12266730260652,158.29044702871576,255.0904943031098,409.0896107266309,876.0121927389407
state,Sokoto,cases,21,52063.02201031905,14316.344984887743,19376.983610444207,33656.65662258173,71730.53167684635,144300.1574108927
state,Sokoto,hospitalizations,21,609.1341368867586,166.2187852965733,232.28444860202228,403.59405468116734,829.6515943728501,1635.2912703151785
state,Sokoto,deaths,21,279.51609668255696,79.49062572316564,133.62845262418716,212.04822037512653,335.461907197906,725.9035168501679
state,Sokoto,cases,22,15866.971019011427,4527.436433869622,5991.030712934287,10175.855994597323,22147.75312273598,41309.019903871245
state,Sokoto,hospitalizations,22,191.19341895445115,49.29002681361546,70.63283313964465,124.51328728544735,264.81286404920735,512.4044328288894
state,Sokoto,deaths,22,96.6513435777938,28.399780772811827,46.55662374314242,73.35432771591593,116.63972076948976,237.64525840453746
state,Sokoto,cases,23,10405.967351214638,2824.1790622463855,3819.413973326361,6786.509568474198,14100.873535083254,28361.45808614876
state,Sokoto,hospitalizations,23,142.8924128525252,38.20758025598241,53.61975478860555,93.06203660514531,193.466679479425,385.9750016771388
state,Sokoto,deaths,23,36.952310098417975,10.158725765449066,17.193404741414366,27.387195582914714,43.432377766991074,96.46287271745821
state,Sokoto,cases,24,13473.576425212294,3854.674835078049,5160.3980305593195,8642.447283785918,18663.728212702437,35144.65792723822
state,Sokoto,hospitalizations,24,130.92339762561525,35.90189947530355,50.55016263199507,84.68279914213359,176.3037677169545,351.24271215830856
state,Sokoto,deaths,24,18.78950894845321,4.676949212046687,8.488071978018604,14.014054502484106,22.943695209300238,48.60230105152375
state,Sokoto,cases,25,23354.33646680135,6661.8418959759865,8863.018485688874,14863.134434376616,32571.01063934927,61841.51306531434
state,Sokoto,hospitalizations,25,276.57858497653814,69.21983488254,99.97685890894684,182.91782186214857,388.6009525273811,736.5873116272076
state,Sokoto,deaths,25,27.619325198510253,7.914117542757279,13.040119885816665,20.668362843828085,32.390101924509224,70.23585814019977
state,Sokoto,cases,26,33559.23636549005,8891.725896766813,12170.85353430186,21663.51838849451,46005.10984166202,90263.27057365565
state,Sokoto,hospitalizations,26,470.2024967824923,129.1528768367636,178.24521283700153,313.50064493383934,643.1810532127938,1284.165060712283
state,Sokoto,deaths,26,59.488362302374185,16.6967823977939,28.189536183948384,45.41908271879369,73.0536430328896,145.71319854839837
state,Sokoto,cases,27,52855.97545974164,14736.635003454821,19699.194714916943,34028.41714573986,72591.38212267504,137559.28048390558
state,Sokoto,hospitalizations,27,543.9373052116861,145.18258181398875,206.96811048366436,354.72053663625746,750.4876544702253,1457.0453877674156
state,Sokoto,deaths,27,63.70784089092165,18.940230501734213,30.259298427531842,47.42234768737471,77.46589627742819,161.6199391658439
state,Sokoto,cases,28,45238.44559229336,13365.494045686371,17774.288471816413,29499.096688323938,63194.23990508282,117207.43474145205
state,Sokoto,hospitalizations,28,828.0014971702834,232.1459805885712,321.97272151833977,530.8363319871637,1096.2100279612232,2155.429313377964
state,Sokoto,deaths,28,77.334405148236,22.920647220451112,36.143995354769174,58.88172900624652,94.2810621375009,201.73539478236316
state,Sokoto,cases,29,66390.05402794681,18545.71780707491,24830.150920291675,42178.522906207785,92522.12397374373,182244.86345456334
state,Sokoto,hospitalizations,29,744.3011545877106,199.9002849129642,278.79747289732086,495.2654172524208,1022.7263918921708,1984.5131721024727
state,Sokoto,deaths,29,66.26936890470472,19.5737982243786,31.06571753821904,49.10679625083087,79.88572144947602,169.78366655365528
state,Sokoto,cases,30,52555.321198313446,16107.56887279638,20990.835317979487,33226.50474139353,71038.93608592273,136626.66832277828
state,Sokoto,hospitalizations,30,588.1741451046486,164.13158766992075,231.1637931932292,392.9687118099936,806.2226833643617,1544.322828144783
state,Sokoto,deaths,30,127.45659603220182,37.53299888514259,59.78305423574457,94.81933599120573,153.63613680222426,320.9886599401991
state,Sokoto,cases,31,44058.818538853564,10911.438530154748,15123.97650945438,28741.781424208704,60600.6075925849,120335.89418517907
state,Sokoto,hospitalizations,31,594.2423297714474,146.25040448531738,212.75190328808858,387.503522812669,809.1127219513232,1602.8720728993508
state,Sokoto,deaths,31,95.16769648450556,26.304229306529088,44.59245317920734,72.74120458870763,117.29006839992866,240.3901291293199
state,Sokoto,cases,32,32746.48231136487,10064.955773577485,12998.447662067241,20597.07261651538,44959.47123147381,85271.6163350997
state,Sokoto,hospitalizations,32,397.8470606754607,106.37959553822495,149.5945046385091,262.12333440104635,537.0720859000673,1065.9285756521344
state,Sokoto,deaths,32,75.1477741960261,20.376244092949175,34.482403953671,55.760680728374496,87.59084653534768,194.897670482465
state,Sokoto,cases,33,22253.889606160366,6125.636885774603,8184.41196816241,14045.543104895665,31022.105309337276,59368.90054126594
state,Sokoto,hospitalizations,33,187.19044398636964,55.439748719113034,74.88120525531728,123.65726198272534,251.68295925258565,501.0568660661756
state,Sokoto,deaths,33,36.094960126073396,9.477367636254652,16.35684120073458,26.877364657939058,44.80264131988119,92.71538524479088
state,Sokoto,cases,34,14440.805413434678,3714.5553866745895,5073.780578277971,9211.018560287896,19996.16927276072,39685.07654748149
state,Sokoto,hospitalizations,34,130.76817167110366,35.34808459203438,49.261341392949234,85.46525491534764,178.0271249441248,347.73905642338957
state,Sokoto,deaths,34,24.727316414089998,6.645853376989312,11.702886911224317,18.707934500358668,30.16218434264991,62.46903808865303
state,Sokoto,cases,35,10623.863979176385,2614.994386236893,3636.844929174176,6980.1893587289,15204.713850681797,27971.938491152985
state,Sokoto,hospitalizations,35,99.29360846619669,24.478180557767953,35.321800942877836,64.92201882816704,132.3812955368964,270.66101073282886
state,Sokoto,deaths,35,14.099380746229942,3.4916886071971227,6.247998174230783,10.363861094672172,16.588986911674155,38.70139222143069
state,Sokoto,cases,36,9613.967822357678,2441.55352413822,3394.7700776405595,6083.565574682524,13495.594674207458,26160.27431407962
state,Sokoto,hospitalizations,36,89.77569019340156,23.083835255523987,33.04451236846549,58.36039231773229,122.37633970929573,240.22851912509762
state,Sokoto,deaths,36,12.823835705709554,3.0912947845950636,5.64156523152733,9.437385507216897,15.699654625173718,34.53805708366232
state,Sokoto,cases,37,7822.75532838313,2184.342528177029,2934.4761881324685,5010.620121932008,10900.888918807752,21264.689667518895
state,Sokoto,hospitalizations,37,72.49635907398583,19.36345726331458,27.425679295566773,47.77528625003659,98.81557703446376,196.35693636201927
state,Sokoto,deaths,37,9.138928669017325,1.9275979757640374,3.8149719599729894,6.669789682505905,11.274152571162851,24.44958550279774
state,Sokoto,cases,38,6931.918588604653,1820.03661535977,2489.575252149283,4513.062380256421,9681.074723569727,18460.00562066064
state,Sokoto,hospitalizations,38,75.8046212452504,21.67120285433594,29.642218229658745,48.910331897622086,103.11876303034487,201.15803682376435
state,Sokoto,deaths,38,8.584560068163574,1.925841993781913,3.6937377086070433,6.151738157371538,10.211581333996271,22.95980727052883
state,Sokoto,cases,39,7075.3306634311975,1878.769589033817,2524.9685735455814,4586.427046265951,9950.687261740732,18472.551734614044
state,Sokoto,hospitalizations,39,61.52341709002682,17.141649416318582,24.237018411669744,40.91751661239907,84.52604539837897,163.4693583982139
state,Sokoto,deaths,39,8.105967446933931,1.7035394969735522,3.3485569124630814,5.916844690252555,10.167856107219432,21.448219008019382
state,Sokoto,cases,40,6741.794957571885,1789.7979460001447,2469.7457310220298,4424.697467082991,9364.18572075533,17899.777077249986
state,Sokoto,hospitalizations,40,58.063126426989015,15.004660884920725,21.782826794092358,38.95493441285838,79.86819595833516,156.39994317238381
state,Sokoto,deaths,40,8.870063202436045,1.8500114922080566,3.6120107021395045,6.401900894302199,11.201247619922759,23.536493429277034
state,Sokoto,cases,41,6825.536490209963,1711.73295179567,2374.2398321486507,4296.68820477618,9631.876038963683,18336.11728643022
state,Sokoto,hospitalizations,41,60.48264674011097,15.980938044816702,22.42600457765069,39.45171831224529,81.8159357252811,161.16823239325316
state,Sokoto,deaths,41,8.913792020426461,1.6977911589513015,3.5608128975014552,6.540327404774107,11.014101308492274,24.66030940556243
state,Sokoto,cases,42,5780.316186136882,1729.5339079425448,2274.135938661595,3645.6118919385526,7869.0610836328615,15328.71853311027
state,Sokoto,hospitalizations,42,47.857731156204345,13.42545342027903,18.416738167464757,31.48237080100056,66.20607369150719,126.15483947923815
state,Sokoto,deaths,42,6.751850920291557,1.3358246073470306,2.655733749180007,4.903039093210654,8.290337156310162,18.89602133099311
state,Sokoto,cases,43,3953.640627941626,1001.5988716914047,1388.395890040541,2532.9010998631143,5561.310091000441,10640.169871734879
state,Sokoto,hospitalizations,43,39.11528092456044,8.796693018658045,13.55249186681413,25.63418649815747,52.84193200668382,105.32513637773816
state,Sokoto,deaths,43,5.36617828136663,1.195110816824446,1.9858800691954446,3.7064231388111137,6.503463575169739,15.345966506877424
state,Sokoto,cases,44,2921.970458190657,777.755611640669,1065.005751760948,1900.6298169251922,4099.86696419984,7704.354685112942
state,Sokoto,hospitalizations,44,29.351030215262956,7.595528642039929,10.844083009115916,19.00768007709396,40.646093268267784,77.86855820391511
state,Sokoto,deaths,44,3.528389120487169,0.8332537373472202,1.073245243792365,2.3219286771181573,4.3782135401319415,10.331269605368588
state,Sokoto,cases,45,2083.9469360490593,537.9157890577862,739.8954594775578,1351.03572985302,2897.282093359193,5560.895034687557
state,Sokoto,hospitalizations,45,20.136570620043432,5.045913336554119,7.185157211690081,12.909906237281135,28.153386405222125,56.236679897636016
state,Sokoto,deaths,45,3.514123979617601,0.8705794054574503,1.120889839010022,2.3557828996219574,4.347430779889928,10.69332307838947
state,Sokoto,cases,46,1421.8895018044232,375.06947108068226,516.6775889705418,925.2150366543057,2022.9269724176079,3672.6813576202408
state,Sokoto,hospitalizations,46,17.18953517618722,4.436964068197941,6.076541677482179,10.952760692500293,23.53936680562743,47.51213991011066
state,Sokoto,deaths,46,1.9745475027299175,0.5183048405013743,0.5183048405013743,1.149521857254062,2.409913455760593,5.902401522903563
state,Sokoto,cases,47,1006.2574583119776,261.6897396452361,359.35878535964287,654.0610296195665,1411.707266188754,2640.665248226672
state,Sokoto,hospitalizations,47,10.079928848813841,2.5875406190537147,3.2241111383048553,6.1403648756154166,14.175706575912379,28.268839193920602
state,Sokoto,deaths,47,2.022503065645359,0.5298257981762923,0.5298257981762923,1.196007062035308,2.457407037562118,6.232214307211838
state,Sokoto,cases,48,1152.6116234310698,308.44594531320183,419.9545374378499,732.6736158322261,1605.7215592508596,3058.6786755061407
state,Sokoto,hospitalizations,48,13.090551585729665,3.1767401346534205,4.2770053299463076,8.26336944501109,18.369480913098712,36.4907036328105
state,Sokoto,deaths,48,1.871015917381362,0.5222889002585367,0.5222889002585367,1.1052663722251455,2.325226983659989,5.6211487808871246
state,Sokoto,cases,49,976.1147286704726,251.21098872152697,358.55360605042074,642.8708648469857,1395.1823311113058,2542.6128079622076
state,Sokoto,hospitalizations,49,8.139355187754095,2.177961914707587,2.4760543701986033,4.903693558598148,11.471624501129643,22.891532013742136
state,Sokoto,deaths,49,0.6549159031521871,0.0,0.0,0.0,0.7671615554606928,3.190147903782315
state,Sokoto,cases,50,703.0023619162591,216.78637870496254,282.6142908216263,436.9838485938141,950.0927785074243,1854.4136350300216
state,Sokoto,hospitalizations,50,8.155576394514899,1.9332137141962953,2.3784797455645834,5.132722510663773,11.428393957048055,23.329576458369353
state,Sokoto,deaths,50,1.5372162276379853,0.4574257405117014,0.4574257405117014,0.7727130128122103,1.8202722662820723,4.878574864966351
state,Sokoto,cases,51,932.0439369161214,248.9902370837853,339.39019345818474,609.4779480624255,1302.9394411043952,2488.6642446016976
state,Sokoto,hospitalizations,51,6.308827539212479,1.8319622110351281,1.8810211953162472,3.7770092903494916,8.491752251668016,18.077500122067622
state,Sokoto,deaths,51,1.3701767044665492,0.4027164137641572,0.4027164137641572,0.6406146772222243,1.6526294731032887,4.49051784656285
state,Sokoto,cases,52,753.3617539328071,201.24089075718075,274.96403287682654,481.28424993565477,1063.9685082328892,2009.353883603425
state,Sokoto,hospitalizations,52,7.592738682973356,1.7100948672311298,2.0288617557421977,4.6448959938986,10.690294729805075,21.39692043737228
state,Sokoto,deaths,52,1.1181222649562972,0.3759629418944347,0.3759629418944347,0.45003119176022366,1.2990156078459951,3.6997667788214033
state,Delta,cases,1,1871.7039691228183,540.5048424701273,713.9522209128864,1202.4721172519507,2596.1544811520616,4941.607954304019
state,Delta,hospitalizations,1,9.574211649285731,2.6408774077048887,3.1338414891803525,5.8141185128626365,12.956929660624564,27.400786664301062
state,Delta,deaths,1,1.0726076341580044,0.3358599650844244,0.3358599650844244,0.42764128529812173,1.267682307070379,3.711344536163275
state,Delta,cases,2,530.8392264739788,150.102531981073,198.47123519625228,341.19897693799487,728.1564785790512,1432.310974601368
state,Delta,hospitalizations,2,30.223885504279252,7.620906378862373,10.851808759742578,19.287751623109898,41.17259638174508,83.72449414096648
state,Delta,deaths,2,1.5163421792136245,0.4443101005249786,0.4443101005249786,0.7781719009875279,1.8402545210055656,4.976253697606328
state,Delta,cases,3,896.8149033581348,251.58604492418317,333.05808815622413,571.5299363417853,1242.75007419328,2303.38917458392
state,Delta,hospitalizations,3,19.99045812755894,4.67400083312079,6.688601695995821,12.901864201536885,27.76745927261349,55.4421238755671
state,Delta,deaths,3,0.6549107951500175,0.0,0.0,0.0,0.7671568649626881,3.2295332013696365
state,Delta,cases,4,697.8097375435448,202.4588420639143,266.5590558133627,443.1568274573686,977.4952788744023,1840.401685965101
state,Delta,hospitalizations,4,13.422798588021207,3.2648475220176643,4.3865108244638,8.437960809219225,18.16027479884211,36.98819245118048
state,Delta,deaths,4,1.9806718033722117,0.5344624358269677,0.5344624358269677,1.1706415681467799,2.549638877652347,5.778480613075902
state,Delta,cases,5,642.4134618581703,151.11593175943398,216.95612050280852,419.8907494152476,907.4442933185011,1732.0163608112514
state,Delta,hospitalizations,5,10.93380055376036,2.8764399837580306,3.485082861016112,6.749315348534199,15.286436714429263,30.579663366750502
state,Delta,deaths,5,1.5193200115204584,0.4661616920400781,0.4661616920400781,0.8064813561537447,1.8186113128576031,4.776193909052182
state,Delta,cases,6,767.6778356110392,195.36886317444922,269.210677033615,498.25083288216354,1074.3210511101333,2040.2475888088693
state,Delta,hospitalizations,6,9.187876343970519,2.4801041193521316,3.016526966384743,5.658355668946836,12.253109685097373,25.59902938178817
state,Delta,deaths,6,1.383906435140004,0.4436437726325707,0.4436437726325707,0.664144262409579,1.6635021747505387,4.5441052652129565
state,Delta,cases,7,793.1673743032308,207.24347164409403,284.62165536975147,517.7349766484899,1126.028811713326,2088.261073952203
state,Delta,hospitalizations,7,15.524492920094072,3.675867541736146,5.233341943729275,10.026174437316143,21.193523370180785,43.09982030402929
state,Delta,deaths,7,1.1683968755301952,0.4092192199963102,0.4092192199963102,0.45683196689436845,1.3236617023393893,4.023537592710903
state,Delta,cases,8,1100.5931121067347,314.53056873796237,414.3704973590525,696.0641615118803,1519.9392331329984,3018.5632657327305
state,Delta,hospitalizations,8,22.514856056357626,5.136577242865021,7.683708330439533,14.778322997888443,31.262745719092415,60.10473928682538
state,Delta,deaths,8,1.136343071006461,0.40144722264017313,0.40144722264017313,0.4465782823724448,1.2582682630229907,3.562933188081124
state,Delta,cases,9,2110.865188620307,595.5261031080149,797.1360884542174,1356.9178826372247,2893.5579698107895,5644.532568104829
state,Delta,hospitalizations,9,34.50844014354571,8.69510113270687,12.563963295748724,22.372756217312247,46.08374060469205,95.59733540897119
state,Delta,deaths,9,3.1984274175301524,0.8384890904157216,0.980848474616396,2.1181815854722745,3.984352084883399,8.904281137382878
state,Delta,cases,10,6265.412678244514,1548.6418972926483,2174.240462775553,4061.1538754301473,8705.133123203272,16901.75811329885
state,Delta,hospitalizations,10,53.32332803668377,13.898331305857791,19.614261242250226,34.23493476154016,72.26166703054415,143.71237118418955
state,Delta,deaths,10,4.332524057678523,1.1040877056835383,1.6162060908896587,3.0224823300271355,5.391841032075781,11.559994722968902
state,Delta,cases,11,13087.275643986135,3314.1907846336744,4666.131312819878,8712.94217542475,18429.359923408512,35045.2125966167
state,Delta,hospitalizations,11,170.23834081215068,51.56621340110031,68.81219880292423,112.35521541066886,232.96148767924012,443.8315076382765
state,Delta,deaths,11,6.731769101018935,1.3939151087016395,2.646388041876412,4.9470204419542085,8.537706257181448,17.958706360374222
state,Delta,cases,12,51680.21817973156,14275.756514069053,19210.78824836423,33146.59241046547,71573.8667230817,134019.91064456312
state,Delta,hospitalizations,12,351.6300174425794,102.7725609438724,139.2650813472705,229.5514420569246,469.8230444898362,946.8011276104929
state,Delta,deaths,12,27.74712911849574,7.402997788436888,12.9240547537212,20.64421069197872,33.83820489917449,67.11344806500031
state,Delta,cases,13,89512.55072995024,20541.034155525158,30038.241915936305,57701.095082950706,125993.95750365229,246701.24607024703
state,Delta,hospitalizations,13,859.147323884996,241.7708734797719,328.29927704583986,559.599117109712,1189.5389354995777,2289.9217994766063
state,Delta,deaths,13,55.4480894957044,15.574551221412236,25.535660553260634,41.26460248496067,64.96649285397807,145.88768988641937
state,Delta,cases,14,195042.57500939103,56495.6819685109,75310.67556317344,121405.09576775848,274249.67152821494,515644.6827494267
state,Delta,hospitalizations,14,1492.972324013779,372.02974167444165,545.3602318613732,983.1519875887367,2060.937060456118,4103.624112403187
state,Delta,deaths,14,86.52762795080034,24.032288134909294,40.9039986881774,64.59531647829058,105.51361366588677,228.15563879518558
state,Delta,cases,15,216827.08794743984,57400.37855475612,79446.93592880548,141213.36764854175,298238.479341437,576498.66975755
state,Delta,hospitalizations,15,2451.9886343367416,674.0676875327931,935.7650277675501,1619.727925748636,3314.2937060142713,6615.87714133761
state,Delta,deaths,15,116.544937797202,31.75900548683697,54.32068038849136,86.96940648743384,140.04873074811678,303.5590457291807
state,Delta,cases,16,203748.97947721076,50734.02905890946,70996.06130983352,130079.24802698276,282768.516316329,550124.8941519643
state,Delta,hospitalizations,16,2583.0734720011214,708.6921659194917,990.2147362574296,1710.2201877158873,3596.895502519448,6748.081361945539
state,Delta,deaths,16,175.22805943495183,49.90750038030548,81.05691400628578,130.44555865851572,208.65499955446876,435.93399924175435
state,Delta,cases,17,138834.77011615274,34503.990463191,47696.09404990071,87928.2374541736,194796.26401056687,366681.64402981394
state,Delta,hospitalizations,17,2372.1712763102664,695.653719772811,935.2375701473305,1564.1367710104194,3273.980817808071,6246.576406481527
state,Delta,deaths,17,171.58663913581188,48.96339790164424,79.42200156282415,129.68995488406586,206.19129888984253,441.23419952443606
state,Delta,cases,18,46334.47687535871,12661.836932407055,17346.45057208584,29701.450383761887,65030.76261563127,120554.09504964288
state,Delta,hospitalizations,18,1299.086068151359,369.68304057620173,513.8902984923319,853.565602345209,1789.2867735212849,3282.320374452364
state,Delta,deaths,18,74.9610257853318,20.693268442058653,34.17297565579578,56.31835781032069,88.94893441816166,197.71913962760573
state,Delta,cases,19,9729.75506919661,2897.924419862397,3754.8809081234313,6240.282966653643,13013.23322943823,26367.194698669533
state,Delta,hospitalizations,19,606.5682604314644,160.47748777848125,226.76120994398758,401.09977966947866,835.7639848739311,1640.2716320716327
state,Delta,deaths,19,26.641975499068096,6.241641503317329,11.558752917307032,19.434530683360578,32.181218848272515,71.85230377566388
state,Delta,cases,20,2862.619614472321,746.2972536291128,1023.6148324606984,1855.884790108996,3960.830252584021,7642.621810401819
state,Delta,hospitalizations,20,111.45572171544136,32.22253595475601,44.247313763650375,72.98382641003624,148.07438835790492,299.4085174659507
state,Delta,deaths,20,5.170414059462424,1.0337012281248983,1.8652347710955859,3.6064243180386657,6.376481351120667,14.775245007990955
state,Delta,cases,21,2987.698549651378,820.8771147321553,1111.379514210871,1931.0940958544606,4116.698103392241,8282.506406429231
state,Delta,hospitalizations,21,45.988586128679124,11.87751091377737,16.965224586215424,30.15776941906142,62.96844082506407,125.01071496979795
state,Delta,deaths,21,2.948621688804811,0.6931111288560208,0.8558253706802271,1.9368256475035674,3.6380577914563976,9.020214615204317
state,Delta,cases,22,2965.9378087425494,845.7112306947058,1119.3689779904134,1901.8329953667983,4140.29651343691,7723.003263294246
state,Delta,hospitalizations,22,61.939686485036255,15.468891208746447,22.4581965987678,40.10287475520968,86.04793807599468,167.12879781678723
state,Delta,deaths,22,2.6761411049425363,0.7096489870453286,0.7426774873468996,1.7246596330553214,3.3108210143350894,7.744979911313413
state,Delta,cases,23,5112.291434278177,1387.1050465292801,1876.0972739648637,3333.9306637835803,6927.722529892382,13934.425094809369
state,Delta,hospitalizations,23,72.04670141369475,18.903635316259066,26.727589238563674,46.75037024652292,97.72054955321369,195.44694366761587
state,Delta,deaths,23,3.7808324794664694,0.9102576442296235,1.2613619437306232,2.528406292985649,4.5227534142092125,11.114215806358612
state,Delta,cases,24,8167.610827257363,2336.402394725447,3127.96305648045,5238.86467842157,11314.005099590355,21305.13926671154
state,Delta,hospitalizations,24,104.07124848917903,28.39075796467719,40.05746247481615,67.24262293077481,140.2147395469941,279.54600020778827
state,Delta,deaths,24,8.402269396552361,1.7143266970621278,3.501291485033008,6.1229050374432825,10.359267890836126,22.532116522570263
state,Delta,cases,25,16186.261730408893,4616.9238647152815,6142.529013807414,10301.126660742151,22574.211539096268,42861.19324981431
state,Delta,hospitalizations,25,212.46395586377452,53.00057693714025,76.65339590308784,140.43679640078,298.6115876223622,566.2206497780741
state,Delta,deaths,25,12.565010729897175,3.2232612389612716,5.651818738055139,9.265868323044566,14.819302645085816,32.74957050595417
state,Delta,cases,26,23586.842341234038,6249.2604019928995,8553.998213985677,15225.926252285128,32334.435718042616,63441.323830808156
state,Delta,hospitalizations,26,271.284911430581,74.20899142920284,102.57705494970534,180.73456387732108,371.240771678825,741.6341267696001
state,Delta,deaths,26,17.950545327710625,4.543873352954267,8.144209845483484,13.541712158102857,22.198794508000656,44.960863035788265
state,Delta,cases,27,28641.805497535242,7985.215806448034,10674.39034488858,18439.2903878277,39336.276937576375,74541.90230979773
state,Delta,hospitalizations,27,407.512837447575,108.58592981452594,154.90351789053938,265.66628320335303,562.3535291095561,1092.025294447107
state,Delta,deaths,27,29.327733261177706,8.345686533781562,13.650763658135045,21.694827057120985,35.77578702699976,75.2175229345733
state,Delta,cases,28,31051.87624338136,9173.915385773424,12200.162633163389,20248.20596697941,43376.94016374132,80452.21889017084
state,Delta,hospitalizations,28,546.5727384318756,152.9977713924989,212.33020285760244,350.2889635275972,723.7300538013772,1423.3664316550621
state,Delta,deaths,28,30.187403312612858,8.523549371045526,13.788173176877722,22.840768076165897,36.93433727062143,79.71522997160058
state,Delta,cases,29,43819.71944224452,12240.5667215676,16388.540937971833,27839.152058779076,61067.91834955279,120288.47226218638
state,Delta,hospitalizations,29,687.9370982697169,184.70702390238745,257.6375425484392,457.73490793479925,945.3061817507465,1834.3569895128858
state,Delta,deaths,29,48.256624903564344,14.064744600405476,22.479468393425584,35.68968073036114,58.22692164891684,124.0528604632185
state,Delta,cases,30,28402.407950936733,8704.675031426672,11343.775444339652,17956.390297549435,38391.64696330545,73837.71839343426
state,Delta,hospitalizations,30,541.6118512256148,151.08127720113296,212.8159433146261,361.8334573341153,742.4280648785866,1422.1963291123518
state,Delta,deaths,30,39.03995037261537,11.010744568401797,17.946091911738826,28.866908950810654,47.2001192202064,99.36393897062788
state,Delta,cases,31,19793.54488528533,4901.579299153999,6794.126179225315,12912.132552457595,27225.195690162356,54062.1834696235
state,Delta,hospitalizations,31,394.2844375148494,96.78503711784369,140.94689563056264,256.99475072028014,536.9740915655439,1064.0883488498273
state,Delta,deaths,31,20.968257716043997,5.2369510777707555,9.414426893429042,15.844287391245865,26.020333052216685,54.13938551916291
state,Delta,cases,32,15757.208188591128,4842.77471186956,6254.381731268491,9910.867834252414,21634.143098522905,41032.49467351319
state,Delta,hospitalizations,32,266.093459947769,70.90823382658343,99.84769642002902,175.2041862842121,359.3274269615405,713.4835022864856
state,Delta,deaths,32,16.53920604970793,3.9231027622419226,7.17185283606112,12.072393020285709,19.40310914261029,44.1166424969432
state,Delta,cases,33,12980.030005790459,3572.5992699243957,4773.459916397885,8192.19263088174,18094.432869809876,34628.803787192744
state,Delta,hospitalizations,33,200.05350098997096,59.297477569019286,80.06778246947069,132.17774491921705,268.9541619760357,535.3730935560601
state,Delta,deaths,33,12.994657930358972,2.9515533237675604,5.546156049687502,9.513985649484944,16.274527899415105,34.3448838399823
state,Delta,cases,34,10136.519690912713,2607.1583857964597,3561.2753919323845,6465.43663132986,14036.143657713452,27856.900791330496
state,Delta,hospitalizations,34,157.485670255672,42.718073006713226,59.45240119513294,102.9970708047059,214.3269149209704,418.4498747356611
state,Delta,deaths,34,9.97140490105034,2.2576136885308102,4.412227549432517,7.396817730543145,12.277047475779597,26.041796001180177
state,Delta,cases,35,7879.182810621435,1939.2143910273421,2697.0941247594974,5176.764956819074,11276.678956098925,20745.794452388083
state,Delta,hospitalizations,35,128.11597855200375,31.800098278940684,45.75995752103593,83.86668392224792,170.7124027857152,348.73093272456777
state,Delta,deaths,35,7.714305026469248,1.664732459551756,3.17549819230783,5.546605051190798,9.13283685905672,21.87156915161353
state,Delta,cases,36,6927.843826230592,1759.1797758084417,2446.097168962644,4383.7265426517515,9725.064445693395,18851.625132653542
state,Delta,hospitalizations,36,109.16821519868654,28.228895308725996,40.31748441628574,71.04162767813088,148.73338252302221,291.7624714327537
state,Delta,deaths,36,6.493130447550267,1.5059678598211939,2.5873538808356784,4.63761614918026,8.020098235857539,18.195412911290223
state,Delta,cases,37,5724.689988751994,1598.3079167728872,2147.2812175420418,3666.6738925454483,7977.372740575434,15561.954274847303
state,Delta,hospitalizations,37,89.21365990745771,23.995467670479858,33.89157752813321,58.87004440437272,121.5203066706133,241.24908661599483
state,Delta,deaths,37,5.4338664382914414,1.19281916419793,2.041756112590646,3.845226481688146,6.7539347935090035,15.077234282890313
state,Delta,cases,38,5026.853571928926,1319.6422856600632,1805.2014601265987,3272.6638073014115,7020.5816557540575,13387.190249890104
state,Delta,hospitalizations,38,79.96109287855491,22.89812577023594,31.3005175259745,51.61138531498213,108.7534749226898,212.09845006985702
state,Delta,deaths,38,4.817012075446228,1.1616231360078508,1.8311535080628505,3.3137622572860512,5.762565314731972,13.451998943630471
state,Delta,cases,39,5008.010834362282,1329.6029191419336,1787.0176257921526,3246.229795993002,7043.344263312576,13075.582368603664
state,Delta,hospitalizations,39,72.92240112747719,20.449332148310454,28.838366838795324,48.56014285244195,100.11961227908974,193.4562931157491
state,Delta,deaths,39,4.686580934015049,1.0575187905103096,1.69948577928663,3.2938207443845955,5.932752486268431,12.935346645408456
state,Delta,cases,40,5110.582201119125,1356.569222284546,1872.0244626526774,3354.0354923480913,7098.565824203327,13569.23223604331
state,Delta,hospitalizations,40,74.11469555554429,19.354395880402762,27.974726748413715,49.81385717963468,101.84649493703374,199.17798427095312
state,Delta,deaths,40,4.920439233047644,1.094101690392705,1.7491608388863407,3.4121788491283227,6.273008305615203,13.625891225288845
state,Delta,cases,41,5009.366717588952,1256.067942155097,1742.317803743717,3153.307308642673,7069.09206930926,13457.608516956627
state,Delta,hospitalizations,41,70.21158892013206,18.66814936694585,26.133139281703595,45.85315003299911,94.92144965780653,186.831143890056
state,Delta,deaths,41,4.7788647094641945,0.9639420775436358,1.6415921666690083,3.3673069372091198,5.95848670386526,13.862278686584764
state,Delta,cases,42,4203.796500628784,1257.6308525703566,1653.724170990456,2651.209363525633,5722.957008880797,11148.424243256595
state,Delta,hospitalizations,42,58.406667228805034,16.540529876331483,22.60964789145141,38.49671312848113,80.71875844121753,153.6130437515613
state,Delta,deaths,42,3.687400023618839,0.7994082702677752,1.1877301682557706,2.532603191221693,4.55969123153079,10.90653616495929
state,Delta,cases,43,2929.078603753907,741.8471455369264,1028.4334056013495,1876.4220201651653,4120.23561112755,7883.272451909205
state,Delta,hospitalizations,43,43.322830489020575,9.824650525437214,15.079470739005382,28.428885882489894,58.49151376660567,116.48172992319832
state,Delta,deaths,43,2.94019945280381,0.7266295352945755,0.8154204753077092,1.8615137693597719,3.5621194068116777,8.938377161034232
state,Delta,cases,44,1944.2194645750176,517.2572302999457,708.4204910158091,1264.5233390859783,2728.1025874178954,5126.867739112922
state,Delta,hospitalizations,44,29.428952171301052,7.617622889182755,10.874527453905928,19.059108517017467,40.753141841487825,78.07128470153077
state,Delta,deaths,44,2.5173406700730405,0.6370751250644126,0.6370751250644126,1.539824344704056,3.1119840333520288,7.663471494242623
state,Delta,cases,45,1453.768006986392,375.0275308813163,515.9584857693815,942.380519707571,2021.271162752168,3879.802343110348
state,Delta,hospitalizations,45,19.867081127347536,4.981376631396875,7.080469904872941,12.731999987663823,27.78051763454009,55.50462873298881
state,Delta,deaths,45,2.210354339195811,0.6047634312590264,0.6047634312590264,1.3311541350663505,2.7146876742013903,7.122974358658671
state,Delta,cases,46,908.105725147913,239.27649988227117,329.7520783005782,590.7728618228642,1292.117698579403,2346.170845203673
state,Delta,hospitalizations,46,13.63528202960697,3.564932641179846,4.685733313358073,8.603590673704044,18.7164521449002,37.97766770269948
state,Delta,deaths,46,1.3752045591741593,0.39957240088118784,0.39957240088118784,0.6571128458278753,1.6287759631905563,4.321210478537353
state,Delta,cases,47,736.676178245336,191.3837461878992,262.9127557583175,478.74121497896914,1033.611844769047,1933.652862021102
state,Delta,hospitalizations,47,9.576643474188378,2.4683354137996556,3.02951089452521,5.8114159677919375,13.4765781433243,26.920455343260386
state,Delta,deaths,47,1.1177915922208617,0.34802251161321085,0.34802251161321085,0.44247391478581605,1.271039811619729,3.7505678213188336
state,Delta,cases,48,532.0479050823233,141.9853076504456,193.50994577253584,338.00766600321043,741.4158562671155,1412.7819653314705
state,Delta,hospitalizations,48,7.14703188362713,1.8205952935223935,2.0242609279845856,4.308853132107476,10.100683182638297,20.485987424710867
state,Delta,deaths,48,1.0297864290838137,0.3438178057973043,0.3438178057973043,0.38587679033385647,1.1889652350146411,3.358639145069404
state,Delta,cases,49,401.48416931703343,102.88844555268768,147.10403549341225,264.2174024006298,574.1026663133694,1046.7417421287237
state,Delta,hospitalizations,49,9.808894035137833,2.5839099464522888,3.1239524901292945,6.004076794848887,13.796197481356575,27.34464955030213
state,Delta,deaths,49,0.5385816545036466,0.0,0.0,0.0,0.5826717360453988,2.752700842021942
state,Delta,cases,50,442.1475609142578,136.08974251272892,177.52636300243066,274.6971918331084,597.6832826121454,1166.925097030305
state,Delta,hospitalizations,50,9.76125746694577,2.2786424790893975,2.9821502436356706,6.228524152631437,13.649113137065253,27.676812092315128
state,Delta,deaths,50,0.5228605305315496,0.0,0.0,0.0,0.5361158265141481,2.5243562699244904
state,Delta,cases,51,361.21720456410435,96.04876829712127,131.14295646459183,235.99378672998228,505.2026348285184,965.5131375950399
state,Delta,hospitalizations,51,9.388666953996637,2.6267814244912624,3.1309874809842446,5.849573202398125,12.609865067285808,26.354506902225673
state,Delta,deaths,51,0.5531999455606154,0.0,0.0,0.0,0.618417998981055,2.659781154611209
state,Delta,cases,52,340.51440840136087,90.55843042336282,123.93434739584882,217.33956909848862,481.13219739614595,909.1267576952955
state,Delta,hospitalizations,52,7.093978953160164,1.608443624653419,1.8488205387506442,4.309352800946497,9.99540171061929,20.065605528475288
state,Delta,deaths,52,1.0845030973191114,0.36827423488639227,0.36827423488639227,0.42037703241731306,1.2519991191288498,3.603653237453713
state,Imo,cases,1,1747.0518175412276,504.460841486155,666.3631016050592,1122.365815744951,2423.2809787708957,4612.6148373529895
state,Imo,hospitalizations,1,23.50751153164053,6.158954438119746,8.640788819651254,14.891629552445727,31.549823640066013,65.2352408187726
state,Imo,deaths,1,1.3202184943242614,0.386611625568654,0.386611625568654,0.6433715697531521,1.6103508430645421,4.4232738614208555
state,Imo,cases,2,775.7657766041987,219.68939212944952,290.33320974585274,498.79099104193097,1063.9530349697714,2092.3899887055904
state,Imo,hospitalizations,2,12.58297544015413,3.1769735013563736,4.139474547223905,7.79767681044142,17.28792466096402,35.74033136975589
state,Imo,deaths,2,1.4129757599575334,0.42265958452531927,0.42265958452531927,0.6915244465475157,1.7018534901096247,4.685040474802776
state,Imo,cases,3,979.1608252080044,274.75276964427553,363.6972779466125,624.0413228406849,1356.8245298825445,2514.7434862267946
state,Imo,hospitalizations,3,14.735639892903212,3.498934570960685,4.755650295531625,9.406868760243785,20.535181819906544,41.252302799613915
state,Imo,deaths,3,1.1192826247720022,0.3809622355733585,0.3809622355733585,0.4004282240567168,1.2762991188516961,3.9172829406260115
state,Imo,cases,4,816.3466571540553,236.97093185040626,311.94426524318465,518.4977669466281,1143.4743858898817,2152.752919631622
state,Imo,hospitalizations,4,20.152335472764687,4.797758570251425,6.91558512228843,12.869271704960084,27.156406081625214,54.824406705639
state,Imo,deaths,4,1.1919315600957467,0.3721590445277703,0.3721590445277703,0.5114699141836412,1.471698897007999,3.720019030727649
state,Imo,cases,5,924.3790185435281,217.77828174414003,312.47186969629104,604.3393217529335,1305.5553308827905,2491.4827877488524
state,Imo,hospitalizations,5,7.54651237104076,2.0472930745838043,2.1922373253539176,4.51553995056503,10.59179725055,21.47668175713791
state,Imo,deaths,5,0.6112695699482618,0.0,0.0,0.0,0.7014009384090596,2.8404621791080307
state,Imo,cases,6,805.5130869651263,205.03437576258779,282.5107728741539,522.8245617913866,1127.2496518453836,2140.7202602201837
state,Imo,hospitalizations,6,10.130262115844923,2.7131199432799313,3.3938959377506928,6.2839351436542445,13.498293001709577,28.0981158913885
state,Imo,deaths,6,1.5018245432278199,0.47023484651367675,0.47023484651367675,0.7638895665484495,1.8231468885509867,4.876407264713813
state,Imo,cases,7,911.5242048111043,238.2785381492819,327.1885939620542,595.0434001575229,1293.9928484662537,2399.629088828677
state,Imo,hospitalizations,7,18.402829018217925,4.319099270562705,6.324100320985268,11.955619708433908,25.077117717383942,50.816747895414615
state,Imo,deaths,7,1.1837072294590918,0.4129270326998786,0.4129270326998786,0.470031884713146,1.3447157045898386,4.06905436121282
state,Imo,cases,8,1557.455538410694,445.39019342371205,586.6366191720515,985.1567680449872,2150.716587015635,4270.863216412976
state,Imo,hospitalizations,8,22.757801489494344,5.20010561072219,7.77360564539991,14.94166667758294,31.596742912806203,60.73732064310886
state,Imo,deaths,8,1.1059773921404066,0.39405843169283955,0.39405843169283955,0.41995345122500594,1.2167039647604743,3.478950643098864
state,Imo,cases,9,2788.0711190631732,786.8124678179885,1053.0721658677485,1792.3576295166752,3821.7478153222564,7454.869779130432
state,Imo,hospitalizations,9,50.563716542368276,13.080683548098325,18.699626874560956,32.94543073228732,67.38208726661475,139.29317413664583
state,Imo,deaths,9,2.484654805388211,0.6870987794093205,0.6870987794093205,1.5551897882086585,3.0844207429958344,7.1160501170605714
state,Imo,cases,10,4786.472519887959,1182.9098986749036,1660.860537184363,3102.442280093537,6650.392945524683,12912.527105974286
state,Imo,hospitalizations,10,87.24473394219011,23.20188669188514,32.487241260751006,56.238081311795746,118.01135287780211,234.08085156736485
state,Imo,deaths,10,4.334379956165869,1.1044830110163728,1.6171427920359527,3.0239225314786204,5.394129553932878,11.564491678119115
state,Imo,cases,11,13629.121615030497,3451.4374944951373,4859.347468024269,9073.693628717756,19192.36465688422,36496.10266131111
state,Imo,hospitalizations,11,231.5405374534434,70.38457110836997,93.80450554147562,152.93563491522312,316.7181572205305,603.0782535723471
state,Imo,deaths,11,7.630540390616531,1.5573463650514165,3.073913201122121,5.644286018816843,9.655966118614625,20.18154272960515
state,Imo,cases,12,52843.33030295271,14597.062186935387,19643.15932256607,33892.59585129238,73184.69553354118,137036.11946134685
state,Imo,hospitalizations,12,704.8041849202718,206.70525528504015,279.74660838879527,460.4586523952919,941.372624905483,1896.0648250288823
state,Imo,deaths,12,31.32351745765786,8.44844140965773,14.656390592704614,23.337035630648412,38.172536527435184,75.58765829231945
state,Imo,cases,13,170521.62519614675,39131.416963737254,57223.524651703934,109921.04702667697,240018.4243195305,469964.880010709
state,Imo,hospitalizations,13,1544.99959093381,435.3481239413264,590.8713381659428,1006.6018161806753,2138.8342541599413,4116.625046899202
state,Imo,deaths,13,56.59176815659162,15.91036348211157,26.073292012508162,42.120913555977666,66.30302117379665,148.8637395272651
state,Imo,cases,14,264053.9957171551,76485.6574790292,101957.8785087027,164361.6871402888,371286.59505317133,698093.3542662879
state,Imo,hospitalizations,14,2290.5197760597925,571.1692539851731,837.0311040831593,1508.5351540041925,3161.6888096102457,6294.85111830828
state,Imo,deaths,14,127.90446728046234,35.865774183384715,60.713229917037964,95.60411831884983,155.86567714865814,336.48413197957956
state,Imo,cases,15,267306.8061209999,70763.9858237567,97943.19927329113,174089.46570592932,367671.5726638965,710713.4808182186
state,Imo,hospitalizations,15,4320.950752983818,1188.4100362337329,1649.4977888833864,2854.580405477584,5840.256632216382,11657.356970389326
state,Imo,deaths,15,146.10401904973872,39.996928132288105,68.23219812114152,109.09111485556222,175.51832196049145,380.1466533932024
state,Imo,cases,16,269126.2852462485,67013.3902470481,93776.90574410383,171818.1290398445,373500.840205683,726643.924415037
state,Imo,hospitalizations,16,3390.96988221434,930.573532457723,1300.1125916588378,2245.2238018621397,4721.757814796027,8858.144664569149
state,Imo,deaths,16,223.19558623741358,63.76401617448855,103.3919906935296,166.22373370188453,265.7210073323681,554.8630925242672
state,Imo,cases,17,131067.40636023605,32573.55991133959,45027.61258236687,83008.91175363155,183898.05523510827,346167.0642728964
state,Imo,hospitalizations,17,1711.029464796379,501.57295245264135,674.4111353621662,1128.1053010603603,2361.60387638255,4506.064027882941
state,Imo,deaths,17,237.08178897090585,67.92407903098433,109.94146163673187,179.2856722578649,284.8186204094386,609.0582866327276
state,Imo,cases,18,59532.95364932156,16268.795798815832,22287.803049778908,38162.075545220956,83554.80221408268,154893.73562948903
state,Imo,hospitalizations,18,686.4780482866455,195.0150635493294,271.27103355746897,450.88938396099206,945.6933667583291,1735.2009625546575
state,Imo,deaths,18,102.22605965584607,28.479731206613643,46.79777057749931,76.89189471222001,121.23471147518272,269.0462974253135
state,Imo,cases,19,10260.379175237671,3056.004565527502,3959.6914223227377,6580.623995811138,13722.907434993023,27805.0687012934
state,Imo,hospitalizations,19,191.94998544964005,50.2816105554563,71.33182673742078,126.69782704157774,264.73738165906093,520.2308775021195
state,Imo,deaths,19,38.29849758617701,9.295653020054194,16.855145458658114,28.052368506112185,46.17470698981741,102.57624594399249
state,Imo,cases,20,2942.452113809639,767.1305400068225,1052.1792278573614,1907.6513561105248,4071.278864339415,7855.712065137367
state,Imo,hospitalizations,20,51.494103508138565,14.507704645840322,20.120662757952566,33.534369384036054,68.58534375768318,139.22549537762825
state,Imo,deaths,20,8.08478876310981,1.5285155752610553,3.2367715692313954,5.811437507098177,9.907471452136384,22.32657352261549
state,Imo,cases,21,3290.9163774469953,904.2604969314342,1224.2357606271266,2127.114325097742,4534.458360469478,9122.90793149489
state,Imo,hospitalizations,21,54.409743705094435,14.185808617805007,20.185496496087,35.74280895769578,74.43480308057937,147.59817352411147
state,Imo,deaths,21,3.2954293719805694,0.7572930651636531,1.0276743870647698,2.2087750489881475,4.067540910929165,9.948084258970278
state,Imo,cases,22,3345.5671606645424,954.0506892524626,1262.7238362468693,2145.3066720708744,4670.18888491846,8711.314627437909
state,Imo,hospitalizations,22,54.51715863570397,13.526515328407347,19.691487250083746,35.25511472539554,75.78132004998768,147.29933161105382
state,Imo,deaths,22,2.9573874469608543,0.7676304371968912,0.8850619192384374,1.947276334520267,3.6630340919520266,8.459483315193907
state,Imo,cases,23,5199.0262533836,1410.650944833242,1907.937761563357,3390.499825070439,7045.251816651426,14170.806414022407
state,Imo,hospitalizations,23,82.91286260442611,21.86444110731592,30.852263223246354,53.8535737821867,112.40592587613591,224.66980869726996
state,Imo,deaths,23,4.658745564949538,1.082942025289157,1.6903634358688193,3.1977779381383367,5.570471344536824,13.412395746734866
state,Imo,cases,24,10736.673596403536,3071.5253667692054,4112.035215679725,6886.824355454769,14872.622219291803,28006.010479929806
state,Imo,hospitalizations,24,105.32357369369102,28.741061092394073,40.54681894321113,68.05599440914854,141.89785248346504,282.8897772365862
state,Imo,deaths,24,5.667222679122842,1.2116892646740167,2.1815211061753654,4.03448239005621,7.028751451791454,15.632543268631801
state,Imo,cases,25,13541.608073552186,3862.4535015801407,5138.80727612469,8617.978676821556,18885.902994666692,35858.42415848167
state,Imo,hospitalizations,25,250.5285846048516,62.62989306500199,90.5004534710701,165.65763110112974,352.03795556922046,667.3667348897618
state,Imo,deaths,25,8.908991611273576,2.0948968241259935,3.854083379934126,6.491391868872928,10.543942653210419,23.628336357939578
state,Imo,cases,26,26828.34896120571,7108.188496242082,9729.649761223767,17318.452628142706,36778.06084591092,72159.74367222181
state,Imo,hospitalizations,26,442.4495693192774,121.4871208727267,167.68801200729092,294.977157376828,605.2400190182221,1208.4712922120073
state,Imo,deaths,26,22.937449439718485,6.003107120971661,10.551108224800902,17.369317169062395,28.305078358321936,57.05847765992201
state,Imo,cases,27,29360.771031868702,8185.678499080531,10942.35423984262,18902.161709322012,40323.68532308112,76413.0101380635
state,Imo,hospitalizations,27,647.6551782563095,173.00550073863224,246.5506640621824,422.4247974848932,893.5182387145303,1734.5550480080822
state,Imo,deaths,27,33.33995278222735,9.58212426796445,15.589065029150918,24.69736094724759,40.641237052537555,85.30112899407628
state,Imo,cases,28,38489.00628432726,11371.297628367345,15122.327795654806,25097.868742884817,53765.90959052267,99720.67719365621
state,Imo,hospitalizations,28,668.536541564479,187.29851822434884,259.8463793167782,428.53343222235605,885.1530527973526,1740.6231810625745
state,Imo,deaths,28,38.31752664445754,11.006227438160808,17.643277168941786,29.055777806238968,46.823375848891146,100.75674751146919
state,Imo,cases,29,54837.76297484088,15318.519725583938,20509.43803487703,34839.12858225942,76422.7552720906,150533.40339903423
state,Imo,hospitalizations,29,652.9276120379596,175.27001214502965,244.4944450035307,434.4235294596017,897.2180568345015,1741.0902668816204
state,Imo,deaths,29,60.87140311375497,17.922873578981317,28.4926348833369,45.08602459115861,73.39512454824623,156.0792955342756
state,Imo,cases,30,30712.698831579208,9412.781666717881,12266.542574863848,19417.017667202716,41514.447660893056,79843.64972524311
state,Imo,hospitalizations,30,474.7601977486913,132.34433877854997,186.47308088354453,317.13112268228906,650.8351605473869,1246.8536276793727
state,Imo,deaths,30,48.793272170408436,13.936438924078052,22.56116584430133,36.14218205659035,58.941174567971984,123.8115665167421
state,Imo,cases,31,22729.9835556444,5628.856613281043,7802.154976971464,14827.742231905015,31264.0889476066,62082.23260452091
state,Imo,hospitalizations,31,419.0505677982477,102.91165567194886,149.8404289368883,273.1591402139375,570.6802919021172,1130.8203380391396
state,Imo,deaths,31,32.094978996002666,8.396401460975692,14.690059911712208,24.377092858129135,39.70801483000356,82.07132702967272
state,Imo,cases,32,18008.875383250288,5534.894557381731,7148.204027928145,11327.160053081063,24725.5568800701,46895.7103851487
state,Imo,hospitalizations,32,327.2488495265503,87.37279291555083,122.93841591535318,215.54899914383952,441.8302489178032,877.0761149191077
state,Imo,deaths,32,28.27590185827039,7.2182810930482315,12.641515706893436,20.822132420934096,33.05951372620848,74.31454611473417
state,Imo,cases,33,15739.842262101978,4332.358939217501,5788.5267476636045,9934.09396158834,21941.58501375276,41991.220859098816
state,Imo,hospitalizations,33,280.11221483920303,83.30769613651088,112.34865481020591,185.20859948814822,376.44884821443554,748.9547511844646
state,Imo,deaths,33,21.639696307215484,5.394346652999067,9.592895400034614,16.01358008839029,26.95339214869758,56.19458176698665
state,Imo,cases,34,12255.240164567555,3152.258049126837,4305.7835197389895,7816.908401556994,16969.877407783628,33679.14395920771
state,Imo,hospitalizations,34,227.09331213111764,61.91925355777935,86.00337634710246,148.67306693098823,308.899495241853,602.6742062995143
state,Imo,deaths,34,16.119243659224605,4.086984029424772,7.451559251641319,12.112198614479668,19.733007325268805,41.22759281411493
state,Imo,cases,35,9778.688730488308,2406.90007930857,3347.4655546495324,6424.857218574799,13995.146084881004,25746.777275712262
state,Imo,hospitalizations,35,186.71960827294131,46.687526124094646,66.98353702731566,122.38628293702129,248.649852388775,507.4680798476388
state,Imo,deaths,35,13.444196648181887,3.2965586296415434,5.93312734396121,9.870187077111142,15.824878149592784,36.97666629971829
state,Imo,cases,36,8367.399266026368,2124.8795137201273,2954.512732891645,5294.709255611109,11745.778049830016,22768.497809361903
state,Imo,hospitalizations,36,153.74133567067264,40.05465711769509,57.03418629953882,100.18905594230026,209.3142323247553,410.2116710073701
state,Imo,deaths,36,11.790588501338345,2.7848880807548286,5.144162766519272,8.655705120357975,14.448978152718986,31.876528275498295
state,Imo,cases,37,6977.117523038869,1948.1377669226888,2617.192538889607,4468.934542149753,9722.548207415286,18966.168000521775
state,Imo,hospitalizations,37,128.02208113269575,34.748111941699484,48.90136754957731,84.62516523144329,174.2265528988342,345.4607096089911
state,Imo,deaths,37,9.205820323027615,1.947000172275341,3.846882431607824,6.7206200109363365,11.355497592633323,24.618248639999038
state,Imo,cases,38,6078.200447555471,1595.7945484468946,2182.886337915848,3957.201685427727,8488.826072606,16186.721260121069
state,Imo,hospitalizations,38,114.5395017596249,33.1050327292799,45.09609213656607,74.08174638259543,155.62926416817436,303.11295362931503
state,Imo,deaths,38,8.496851934937993,1.9081193496057622,3.650543384496129,6.08592397790441,10.108406272243574,22.73931610866002
state,Imo,cases,39,5897.682113865564,1565.936846284362,2104.594884359902,3822.983806510147,8294.51959138527,15398.168634058771
state,Imo,hospitalizations,39,107.06882305724373,30.35736669283944,42.621526489031744,71.45333150831645,146.82953334623653,283.2809858506999
state,Imo,deaths,39,7.858349517906975,1.6569200222059814,3.2295532500202233,5.727556641996966,9.86223385019321,20.83389560578511
state,Imo,cases,40,6179.917235874325,1640.5705890582992,2263.858262846582,4055.9036915975307,8583.783936456155,16408.103683046254
state,Imo,hospitalizations,40,107.32921742714959,28.35480863651319,40.786922293962675,72.28299313601495,147.32369359188294,287.693727686331
state,Imo,deaths,40,8.569510430927963,1.7792955467589486,3.4708546572109196,6.1753569587670185,10.827813998785746,22.785525013855477
state,Imo,cases,41,6193.2296273699,1553.0913329914883,2154.233618322277,3898.615514455998,8739.632419221893,16637.64469765243
state,Imo,hospitalizations,41,100.29244710388399,26.976371809923535,37.594723822420065,65.6448643100201,135.44060201635367,266.17480231173596
state,Imo,deaths,41,7.83246044612003,1.481780116843364,3.0606783753582194,5.713462078758168,9.69664607585273,21.846423620063717
state,Imo,cases,42,4941.039455615161,1478.3113846358742,1943.8532503230597,3116.231313604733,6726.560150866673,13103.295180355708
state,Imo,hospitalizations,42,81.72041584674625,23.424557261695778,31.875585909827414,53.997753104202076,112.79043329788196,214.29310500538273
state,Imo,deaths,42,6.72736148956421,1.3315640187619016,2.6440738520674962,4.884211456079421,8.260705792864336,18.832563328418466
state,Imo,cases,43,3552.634061627639,899.9338232704284,1247.5090364591274,2275.959679634945,4997.283399268734,9561.139084037415
state,Imo,hospitalizations,43,59.42718588568026,13.758516165877062,20.923029134538552,39.12385314609828,80.11176112279011,159.1766270599016
state,Imo,deaths,43,4.676037838455598,1.0628612989676571,1.655466191276961,3.1856160452968463,5.673139369161037,13.537141618837532
state,Imo,cases,44,2427.0666376484833,645.900318204623,884.5145949693754,1578.6546635273862,3405.5271625673654,6399.719716391612
state,Imo,hospitalizations,44,46.51043541551688,12.45910346959275,17.545774827911515,30.3285485463997,64.21054163678538,122.49445037881604
state,Imo,deaths,44,3.516142469285876,0.830896541947034,1.067380230612006,2.3125312575249635,4.362999086659007,10.29921452371114
state,Imo,cases,45,1740.9998574440995,449.27104118631974,618.0276416514596,1128.6431616271454,2420.5517940384166,4646.034507221042
state,Imo,hospitalizations,45,28.75486585780572,7.3360550515041085,10.530368426198631,18.594778639152494,40.06815268538172,79.62887366043283
state,Imo,deaths,45,2.233674965003327,0.6095907608359679,0.6095907608359679,1.3497618231687671,2.7443389737871478,7.187813388843838
state,Imo,cases,46,1061.706164681816,279.87307184377795,385.63519860042595,690.7574611558393,1510.5999293876505,2742.743502829152
state,Imo,hospitalizations,46,21.447556246824767,5.479747255070821,7.739683088830295,13.761919769579904,29.306652437897082,58.913549315265946
state,Imo,deaths,46,1.5272621798834152,0.4304364196905444,0.4304364196905444,0.7851125823714062,1.831829503912012,4.732234713284129
state,Imo,cases,47,882.5896449466092,229.4375429229731,315.1150990561315,573.6347548023214,1238.259636594912,2316.3301319208967
state,Imo,hospitalizations,47,14.931523986206228,3.7334009946688145,5.094706536860585,9.302387190609533,20.89608062888429,41.23018280553465
state,Imo,deaths,47,1.081900733141082,0.34046284750618566,0.34046284750618566,0.41114083168041704,1.2217088126853624,3.6473770912699526
state,Imo,cases,48,603.6786661928754,161.1996152520223,219.6481133301162,383.56337855098127,841.1813976713963,1602.765411951386
state,Imo,hospitalizations,48,13.879846982175314,3.3561915950153374,4.5750990589443195,8.786649632976658,19.463647098866083,38.60852291664616
state,Imo,deaths,48,1.034639112264008,0.3448943540247607,0.3448943540247607,0.39021619096102034,1.1958192332776285,3.37228673738902
state,Imo,cases,49,520.5691137767773,133.62642411627667,190.92429523412372,342.6885623675664,744.2610832090966,1356.7421761365367
state,Imo,hospitalizations,49,9.580120239241737,2.5283626805394763,3.035298361181985,5.853507570588032,13.478118162406691,26.735314156110924
state,Imo,deaths,49,0.5578294943614356,0.0,0.0,0.0,0.6140526256385355,2.8271086223073305
state,Imo,cases,50,445.34282018809984,137.07821071101642,178.81360469644324,276.6850714620959,602.0000124772811,1175.3462727888714
state,Imo,hospitalizations,50,12.843573066413228,2.939424792877544,4.136931862950147,8.324720005505247,17.89720162066212,35.99278549328516
state,Imo,deaths,50,0.6392633187964285,0.0,0.0,0.0,0.7204885708691388,2.947368145952911
state,Imo,cases,51,431.2925991671779,114.82405187965304,156.70764445178045,281.84316360749887,603.133790327915,1152.4970484988103
state,Imo,hospitalizations,51,9.664832231234712,2.6977789066252167,3.242641121878088,6.034705641103661,12.97771682036697,27.09385319764498
state,Imo,deaths,51,0.6421885015523416,0.0,0.0,0.0,0.7611514510297891,2.9825489428275054
state,Imo,cases,52,359.8076986565073,95.73087214180282,130.99230620475686,229.6743010370897,508.3694564894237,960.5428598368899
state,Imo,hospitalizations,52,13.063862602963379,2.8193842523889368,3.9935973146503176,8.306577767431008,18.273452893501464,35.925158944764476
state,Imo,deaths,52,1.5791081511793224,0.47866175530080834,0.47866175530080834,0.8461247057795348,1.927019457743552,4.983564775080239
state,Kebbi,cases,1,1034.4148904668289,298.3971211670413,394.295886435419,664.3977195594805,1434.9623661646299,2731.759666239882
state,Kebbi,hospitalizations,1,9.697463958171754,2.672165999118143,3.182818422734618,5.894850836660939,13.122288593326536,27.737273548229016
state,Kebbi,deaths,1,1.2073831174947252,0.3636735584378611,0.3636735584378611,0.5458686368488742,1.4554760309451027,4.101505420756479
state,Kebbi,cases,2,2510.712843310055,712.6107141809304,941.0412003736635,1615.100359954882,3442.58144503909,6768.086227865227
state,Kebbi,hospitalizations,2,28.94322049319626,7.266984701783994,10.36524599611657,18.454860652827932,39.44124756733579,80.24622471798442
state,Kebbi,deaths,2,2.3365706143288785,0.6106127681697799,0.6106127681697799,1.4437312261431987,2.903345148644533,7.213130444859488
state,Kebbi,cases,3,1714.6004083739824,481.65708243499813,637.3389163154022,1093.0257161252398,2375.634791002133,4402.369774974386
state,Kebbi,hospitalizations,3,31.83154181108865,7.598288045299064,11.036609504275258,20.76355563619689,44.03584492807352,87.36090508316293
state,Kebbi,deaths,3,4.302064556527744,1.0605586689888618,1.4951347643441415,2.8986444183495137,5.336976577419842,12.68919689035093
state,Kebbi,cases,4,1453.4322937710756,422.4587677487627,555.8705047439375,923.4233425019363,2035.5416456561393,3831.5082407788586
state,Kebbi,hospitalizations,4,25.738191096288034,6.13166502156827,9.0114340171357,16.54150784746946,34.611517947314375,69.60531289159799
state,Kebbi,deaths,4,2.1727102076217384,0.5727220660911145,0.5727220660911145,1.3260275003775168,2.8037406852379183,6.263719882712681
state,Kebbi,cases,5,1396.0840256790038,329.29886831809694,472.2618017876729,912.9064962456848,1971.5621014350131,3762.0071757240717
state,Kebbi,hospitalizations,5,12.157394121356143,3.1748055369761143,3.95030870845677,7.55313144554382,16.975785954354436,33.85533877943591
state,Kebbi,deaths,5,1.667619267002551,0.4981090254403894,0.4981090254403894,0.9302844552756866,2.0117784410780164,5.172052246938666
state,Kebbi,cases,6,1376.6362278955235,350.9352938344243,483.2757272294361,893.7650137963789,1926.206910357204,3657.3552929064035
state,Kebbi,hospitalizations,6,17.08613954468962,4.426995880572065,6.169516874572496,10.885191790057318,22.656854372719767,46.47937499138217
state,Kebbi,deaths,6,1.859843268385702,0.548748495470394,0.548748495470394,1.0584007182701096,2.2945189389302727,5.857572698388291
state,Kebbi,cases,7,1317.834173936236,344.81955364800643,473.31764651419496,860.4373198348354,1870.600571859749,3468.531728145277
state,Kebbi,hospitalizations,7,21.18780509443323,4.9408818368106004,7.378486341718233,13.82072582547677,28.831209984994878,58.27634733102419
state,Kebbi,deaths,7,2.212901370043412,0.6497663482203184,0.6497663482203184,1.3131865289907763,2.689555878734355,6.9764720650038985
state,Kebbi,cases,8,1715.796062396688,490.7438499040252,646.3410431352461,1085.3512076911882,2369.332982196763,4704.888469884836
state,Kebbi,hospitalizations,8,28.00922918616815,6.572847253869009,9.716136077326796,18.471250056233657,38.81386294862892,74.40634441530742
state,Kebbi,deaths,8,4.091199643902027,1.058239184723263,1.4503230647457919,2.8132679362146438,4.952931869427562,11.028168149091286
state,Kebbi,cases,9,2400.144823402164,677.2372152447072,906.46338709921,1542.9231216409885,3290.0495057638086,6417.8478385352255
state,Kebbi,hospitalizations,9,18.667332645386693,4.499132122725081,6.505485112288925,11.933083789542362,25.05332279615867,52.45118141288756
state,Kebbi,deaths,9,3.820733825050794,0.9690817445553936,1.2893608484869015,2.6038308491190785,4.76065290426413,10.446849044181809
state,Kebbi,cases,10,3075.9442483119374,759.9077103031739,1067.090145717574,1993.605469594501,4273.8997893932,8298.620058200935
state,Kebbi,hospitalizations,10,41.123812449493144,10.55191226339037,14.983946950585839,26.320568096881907,55.80584841564155,111.2075070709194
state,Kebbi,deaths,10,5.474999598845243,1.34643743098967,2.190469189923813,3.9054262145687364,6.794864460694624,14.316941707604968
state,Kebbi,cases,11,3213.640418441996,813.2513636642899,1145.304476194366,2139.2506703744393,4525.721590207769,8606.778029045487
state,Kebbi,hospitalizations,11,58.71065531773628,17.329443848752604,23.342989443659803,38.52611233339512,80.58061373881446,154.10940609697943
state,Kebbi,deaths,11,5.008527501953891,1.0792990412879204,1.8233735994344054,3.604737707089961,6.3849814491573325,13.679598112592746
state,Kebbi,cases,12,4325.051052753836,1194.0565354866312,1607.150498467055,2773.6671246187348,5990.2776525754725,11217.414000394432
state,Kebbi,hospitalizations,12,71.78095328463932,20.417981189142868,27.94979989377265,46.58431712768239,96.17481209461981,194.61998410340482
state,Kebbi,deaths,12,4.762032335822907,1.0882578648500156,1.7687972555317946,3.3039496915283793,5.9275744615058885,12.54435409820398
state,Kebbi,cases,13,6844.458059444878,1569.9312402494338,2296.220577177463,4411.709233533709,9634.336664219834,18865.304206159442
state,Kebbi,hospitalizations,13,109.92299808157829,30.307280026904145,41.46582191413586,71.29381882028517,152.5296854287724,294.43301166204094
state,Kebbi,deaths,13,10.10359657581001,2.2572772507202172,4.214862369323637,7.30595811288975,11.96392002490385,27.86678042056296
state,Kebbi,cases,14,15795.566113280538,4574.662499283033,6098.487573883549,9831.671587660996,22210.54357019165,41761.10940650984
state,Kebbi,hospitalizations,14,238.57647866356956,58.819817616861975,86.61545199143322,156.82063955696677,329.6564735033421,657.2259759974411
state,Kebbi,deaths,14,17.193742760655887,4.202956698293648,7.709738777570639,12.633975024898396,21.1388359184607,46.62995933074298
state,Kebbi,cases,15,31761.266131719985,8407.494855268558,11637.0055207527,20684.91928903042,43686.890270584234,84448.09563620122
state,Kebbi,hospitalizations,15,341.58845961875494,93.28107247336968,129.8301568932378,225.35354920568386,462.01941559312775,923.1240320505348
state,Kebbi,deaths,15,30.28589250511338,7.719107091597419,13.72410195361709,22.413857183680296,36.54140182982289,80.06115848035896
state,Kebbi,cases,16,73484.14721329001,18297.26480881448,25605.036945135722,46914.17614053682,101983.59694205956,198409.23994862047
state,Kebbi,hospitalizations,16,833.7391569189554,228.25348163295814,319.1943606612791,551.7793664823614,1161.2364034911939,2179.1711704756863
state,Kebbi,deaths,16,75.87515881445758,21.207145610813384,34.795311576848704,56.3398937134546,90.45683972616129,189.60171626950378
state,Kebbi,cases,17,135921.63623555345,33779.98643538192,46695.28553660015,86083.25441767869,190708.9131127221,358987.6928754585
state,Kebbi,hospitalizations,17,1776.1577186314848,520.6916063607894,700.1048215816122,1171.0582163962938,2451.480988977193,4677.51972773794
state,Kebbi,deaths,17,85.9326719003209,24.166789842815554,39.50892647562651,64.82912226284134,103.36319576753701,221.7553694936142
state,Kebbi,cases,18,210411.6054652774,57501.81838464587,78774.97295203063,134879.8816786799,295312.7322134976,547448.025284541
state,Kebbi,hospitalizations,18,2310.8117240472825,658.1482057246291,914.577405075458,1518.5876848971652,3182.4861197446808,5837.396950330671
state,Kebbi,deaths,18,174.06141502371614,48.994773381396904,80.06039676582853,131.09712114035247,206.298250337208,456.97240645243795
state,Kebbi,cases,19,205409.9198590826,61193.70970663894,79283.5926891156,131749.0714142418,274722.3487956096,556617.1750091338
state,Kebbi,hospitalizations,19,2560.771489031844,679.8591746014429,959.3401163970464,1694.4271945867283,3527.160141177279,6919.313562482676
state,Kebbi,deaths,19,336.2514446632943,87.35528921145412,152.22938116110043,248.32176877322254,403.8441484412982,887.8711719395126
state,Kebbi,cases,20,201774.08100734354,52654.72393956563,72194.95080863408,130837.98331049387,279155.70646773034,538580.4520157636
state,Kebbi,hospitalizations,20,2249.7985171159144,663.9482438164569,904.6238772839483,1479.78447440532,2982.720233506461,6011.669122806476
state,Kebbi,deaths,20,363.70921068610653,98.59527237103451,169.3621246841664,272.8903778268085,437.59339149005586,936.9699995567909
state,Kebbi,cases,21,88822.77187587459,24425.09187115456,33058.789258835735,57420.61089913842,122376.50676865602,246183.84305245182
state,Kebbi,hospitalizations,21,584.8175062171385,159.5543533344031,222.9869983617087,387.46913459555026,796.546336341296,1570.077593383081
state,Kebbi,deaths,21,253.9157715126655,72.1449289306821,121.3420554973986,192.60511610064347,304.75588236220585,659.565197521703
state,Kebbi,cases,22,15328.622813052305,4373.801440016115,5787.740766129169,9830.588653206807,21396.318582455388,39907.5064352154
state,Kebbi,hospitalizations,22,256.8800068068951,66.47781754216895,95.11502619674334,167.41038343356513,355.6606159736165,687.8723836271495
state,Kebbi,deaths,22,139.99344604409782,41.44873907748641,67.66441380221814,106.35615618649953,168.85357308209728,343.56686545981574
state,Kebbi,cases,23,9477.417075201738,2572.1055513471138,3478.5417163377083,6180.901453204062,12842.649297282365,25830.84879378614
state,Kebbi,hospitalizations,23,110.81522162977066,29.46723721550799,41.44365540878815,72.09327338010058,150.11522862489753,299.7086664260547
state,Kebbi,deaths,23,32.8214601435582,8.94416212079124,15.213156419523836,24.297411278370358,38.59616691139453,85.85459499877248
state,Kebbi,cases,24,11043.109943794998,3159.2104171860656,4229.414783690394,7083.392049379317,15297.09204736395,28805.286590883537
state,Kebbi,hospitalizations,24,125.80073934773911,34.46897836942829,48.54844139008114,81.35568880236907,169.41896464379948,337.5649334038524
state,Kebbi,deaths,24,20.00794025835893,5.026566978529423,9.072399652844911,14.93870258456833,24.418279696097308,51.65708365715952
state,Kebbi,cases,25,13698.014359668781,3907.073297891492,5198.167937161888,8717.520983417027,19104.031610484024,36272.57181190599
state,Kebbi,hospitalizations,25,272.25972064555435,68.12727963290718,98.40575300308782,180.0562317984201,382.53912446045706,725.1111398200695
state,Kebbi,deaths,25,25.30504753344183,7.193200957716509,11.904645147784985,18.9159647999534,29.689724894688883,64.47475937337823
state,Kebbi,cases,26,25171.00434371683,6669.028555909673,9128.552804687379,16248.568240243045,34506.087022863416,67702.11705250453
state,Kebbi,hospitalizations,26,390.18078556550574,107.04973435469155,147.80499073161909,260.09074163685244,533.7833514526453,1065.9125937650401
state,Kebbi,deaths,26,37.37794632222297,10.228046835580098,17.519834397867093,28.451434905830954,45.9846864604193,92.08486863151646
state,Kebbi,cases,27,38125.55113075622,10629.483292287685,14209.054104518491,24544.943112939993,52361.004156132076,99223.35065217454
state,Kebbi,hospitalizations,27,504.85150956279716,134.6975912186227,192.05153386079485,329.2063718504994,696.5869715579481,1352.4666343437627
state,Kebbi,deaths,27,65.6108632924636,19.52666183392279,31.178617390195967,48.846422592603936,79.77353560393156,166.4025031165043
state,Kebbi,cases,28,47918.02351038995,14157.204947936965,18827.136707538164,31246.41712147295,66937.35760162953,124149.80835889888
state,Kebbi,hospitalizations,28,682.0638094361427,191.10288787071067,265.1165007027247,437.2116946274668,903.056824998452,1775.810809876205
state,Kebbi,deaths,28,77.02391996095425,22.82583566711019,35.99677191786053,58.6443825961975,93.90340741010257,200.9318355174587
state,Kebbi,cases,29,47418.45733279111,13245.894579286198,17734.51751555589,30125.499963782233,66083.14934522114,130167.13895624486
state,Kebbi,hospitalizations,29,652.1891930640907,175.07096699217783,244.21723120672345,433.93184660372714,896.203783628066,1739.1230881242514
state,Kebbi,deaths,29,89.7811091048439,26.764675835657073,42.273208144495925,66.61993774290823,108.15659866425989,229.47533995295657
state,Kebbi,cases,30,46036.618457633704,14109.57948416897,18387.161177567992,29105.207411499337,62227.66057229572,119680.36889311114
state,Kebbi,hospitalizations,30,638.0596385317772,178.11331242781185,250.8211482818522,426.3261219183426,874.5703904044419,1675.165622973324
state,Kebbi,deaths,30,97.61626003235546,28.581822617587452,45.66321284560826,72.56060214975335,117.71432023205898,246.1910232478242
state,Kebbi,cases,31,52824.95790258618,13082.576771887307,18133.24110363646,34460.44382504743,72657.9005057268,144278.11682723978
state,Kebbi,hospitalizations,31,677.7607042226626,166.91108973029935,242.74340524550007,442.01440194712734,922.7795333919722,1827.9111564062107
state,Kebbi,deaths,31,110.29687235910339,30.599751632629363,51.76509293161872,84.34222753311195,135.8995528158216,278.36580964879425
state,Kebbi,cases,32,26759.007103971875,8224.519307043585,10621.658208564164,16830.967853442802,36739.000898774924,69680.56504995239
state,Kebbi,hospitalizations,32,370.30080323283096,98.96345468019264,139.19373852231325,243.95079704725583,499.9102921644066,992.2414606761854
state,Kebbi,deaths,32,71.490673953734,19.349620947663606,32.77831332901229,53.0346719719001,83.3361508498868,185.48941888548973
state,Kebbi,cases,33,14965.327642606238,4119.1397356919615,5503.658058214688,9445.246199112478,20861.918970494276,39925.02971005399
state,Kebbi,hospitalizations,33,198.863766755951,58.94066720294411,79.58806380948657,131.38966551965524,267.35670803199787,532.1991053963483
state,Kebbi,deaths,33,44.00332875857681,11.711070837395372,20.05720116687882,32.820628351420126,54.56745153641873,112.69486513753388
state,Kebbi,cases,34,9599.606884944407,2469.022660291235,3372.6068285530464,6122.9551622723175,13292.695317406007,26381.464576329337
state,Kebbi,hospitalizations,34,129.67831856984103,35.047449983424514,48.84563039008698,84.75010174120963,176.54639355917783,344.85463951637564
state,Kebbi,deaths,34,25.52391074718117,6.88261324006233,12.09624179490347,19.318206191913696,31.12714588902567,64.43440676973053
state,Kebbi,cases,35,7170.646086521382,1764.7624548593956,2454.4983857502484,4711.212734385883,10262.660640148677,18880.372528792763
state,Kebbi,hospitalizations,35,102.86467514231708,25.385359818235884,36.61507949718878,67.26924641584719,137.1304865072274,280.3338064120885
state,Kebbi,deaths,35,18.063542574897077,4.671732340168889,8.15217176462333,13.349342556063482,21.20991582940591,49.13162975082787
state,Kebbi,cases,36,6063.066240458161,1539.4946371007936,2140.679001805408,3836.47604474444,8511.170361579005,16498.66004113725
state,Kebbi,hospitalizations,36,88.24134872867998,22.676756059997096,32.46907193051109,57.357047937799244,120.29096001029649,236.15113234422492
state,Kebbi,deaths,36,14.15434545984485,3.4856382251771043,6.281718977992158,10.443403095363974,17.30926713371717,37.96342739790613
state,Kebbi,cases,37,5138.634449235431,1434.610045274655,1927.3929402421531,3291.267503780233,7160.7428583904675,13969.001184139493
state,Kebbi,hospitalizations,37,69.88664453078515,18.640340814802347,26.416269351421953,46.04325168870333,95.27107647947244,189.34869384867855
state,Kebbi,deaths,37,11.452778463081728,2.598129753191194,4.917784481811826,8.426464523408878,14.085402410822287,30.278512815647737
state,Kebbi,cases,38,4729.884588502666,1241.6388610512345,1698.5185975882955,3079.3056279062507,6605.853594062757,12596.419955658579
state,Kebbi,hospitalizations,38,69.57119812381838,19.83117058141638,27.155245182014173,44.8595269167921,94.66831223498014,184.75055662186386
state,Kebbi,deaths,38,11.687009184972032,2.8545523798027026,5.2190828125233555,8.475870748511907,13.85505946521165,30.74613385709168
state,Kebbi,cases,39,4604.430837219123,1222.3951809150399,1642.955619904918,2984.597901967186,6475.775828810464,12021.99169981142
state,Kebbi,hospitalizations,39,57.34155244620843,15.928144962069643,22.54890100008665,38.113631918516454,78.80516331850191,152.46791666468712
state,Kebbi,deaths,39,9.240397052678167,1.994094471427353,3.8932072278007492,6.783169247461556,11.566613550869285,24.259825204651076
state,Kebbi,cases,40,4286.688930476314,1137.753970438034,1570.1272829123134,2813.2653244912203,5954.246066268854,11381.959767278471
state,Kebbi,hospitalizations,40,60.990057679754976,15.79783523893622,22.911920003563417,40.935059422724045,83.87593967442254,164.2005207132338
state,Kebbi,deaths,40,10.757172811246404,2.397055121023318,4.497260139740379,7.822654016323082,13.543208272476098,28.246134930951932
state,Kebbi,cases,41,4326.106542806095,1084.6424736648103,1504.582784646912,2723.1566461260672,6104.948601317415,11622.267567690762
state,Kebbi,hospitalizations,41,59.940779110157685,15.831266236749137,22.219525262333576,39.09517253113153,81.08598719098364,159.73886421056753
state,Kebbi,deaths,41,9.819091311321236,1.9452133366097684,3.979098151068407,7.2318724936357075,12.115949054747059,27.0136901005241
state,Kebbi,cases,42,3542.343743176686,1059.6367646466117,1393.4209992292062,2233.992692853945,4822.526477582725,9394.518338749092
state,Kebbi,hospitalizations,42,44.698164448152916,12.49238593667558,17.160824298148544,29.381345405004563,61.85904900983937,117.93020745941519
state,Kebbi,deaths,42,7.6410315390305765,1.4903570019531402,3.0786405343942107,5.585921233208801,9.365072596551801,21.197655694144114
state,Kebbi,cases,43,2869.609899395093,726.7703632195073,1007.5400852732316,1838.3179723997264,4036.5912536563337,7723.253718307237
state,Kebbi,hospitalizations,43,38.094884429322654,8.547372765019789,13.182139243087661,24.956361632100897,51.47168552466033,102.61922225760262
state,Kebbi,deaths,43,7.18784362277635,1.5425676380414175,2.8539706117397987,5.074730412155392,8.684959688537093,20.09826017056452
state,Kebbi,cases,44,1993.4074501344837,530.3621933256227,726.3593228562046,1296.5241209318087,2797.112311567217,5256.534076971336
state,Kebbi,hospitalizations,44,22.326807482278596,5.673429384518979,8.09877914992052,14.370160964224041,30.993072390096735,59.587855760362544
state,Kebbi,deaths,44,4.928977733203048,1.1007505894381913,1.7388127071830966,3.3883570940237107,6.104764682210814,13.968911794985484
state,Kebbi,cases,45,1497.0542735340546,386.2161381732149,531.3404591848164,970.4505765385062,2081.4433470194563,3995.274668481768
state,Kebbi,hospitalizations,45,21.668157348501282,5.412605237690773,7.779981311682787,13.920753951575099,30.271994072947695,60.39613044038887
state,Kebbi,deaths,45,2.7254053896121357,0.7106038068501608,0.7311601722515211,1.739132224453458,3.3647996325629013,8.544585872515821
state,Kebbi,cases,46,1631.9301412102461,430.58317897340726,593.0948593598084,1061.938793684947,2321.690098337218,4214.973911152537
state,Kebbi,hospitalizations,46,13.296030075621506,3.481571290131482,4.552779774425188,8.379023094438233,18.255408345728913,37.06622522469074
state,Kebbi,deaths,46,2.866838285629565,0.6888347981413094,0.810813281485964,1.8567463371741522,3.531825411288928,8.173393702285779
state,Kebbi,cases,47,1199.3464920564907,312.0467835014313,428.4387699179583,779.6347845807846,1682.5201340819117,3147.0666514104864
state,Kebbi,hospitalizations,47,12.428319210937781,3.142798157875891,4.130558572248619,7.672608040391889,17.432245012905206,34.54960769483859
state,Kebbi,deaths,47,1.4968309807160518,0.4260926679500696,0.4260926679500696,0.7660569023263687,1.7804908592503281,4.816239035459725
state,Kebbi,cases,48,1191.7139737875136,318.93479920844067,434.2230412156408,757.5419182928288,1660.1823396894447,3162.3882993671996
state,Kebbi,hospitalizations,48,10.836996832351804,2.663761251982449,3.424876360228124,6.767523796248687,15.241703929287562,30.43671796041747
state,Kebbi,deaths,48,1.0995125136403474,0.3592187144458638,0.3592187144458638,0.44795548866245216,1.2870173226345818,3.553879188410335
state,Kebbi,cases,49,899.9253393775957,231.5451289818093,330.51783004660643,592.6657798792077,1286.316630874021,2344.277545224052
state,Kebbi,hospitalizations,49,7.141158097541823,1.9345132743644937,2.087507304949699,4.243789379311356,10.077568890163063,20.2209798129981
state,Kebbi,deaths,49,1.8865987013675962,0.533117395888326,0.533117395888326,1.079559513041491,2.2993930611124354,6.092282370989353
state,Kebbi,cases,50,802.1028965206143,247.4435863036148,322.5379180170723,498.63766666563885,1083.975571956971,2115.5952632325084
state,Kebbi,hospitalizations,50,9.082889088996712,2.132829472890647,2.72732777653603,5.765962409511179,12.711699196851738,25.841749234605157
state,Kebbi,deaths,50,1.6103541364998872,0.4729287417416568,0.4729287417416568,0.832793523338886,1.9158564902133046,5.077810599404927
state,Kebbi,cases,51,528.1776134485888,140.78243039945593,192.05293468907513,345.2337097290494,738.5316921577524,1411.0177315562446
state,Kebbi,hospitalizations,51,8.908848230376947,2.503323872603305,2.936832917331926,5.527646325970174,11.970207497353828,25.06885731457295
state,Kebbi,deaths,51,0.658233212746383,0.0,0.0,0.0,0.7861786360748281,3.0391437287471303
state,Kebbi,cases,52,774.36267930451,206.87114153773243,282.6466864969316,494.7107200450456,1093.6165173585014,2065.3207876254824
state,Kebbi,hospitalizations,52,8.269891742419313,1.8479196112958416,2.272972245921302,5.099845225393976,11.632471628906114,23.201995633063937
state,Kebbi,deaths,52,1.476864123399649,0.45639117228280546,0.45639117228280546,0.7602304953765926,1.7908347111931988,4.705168862744862
state,Akwa Ibom,cases,1,866.937385926372,249.96988375591488,330.3571028377994,556.7701872294319,1202.6966377947845,2289.7380441591727
state,Akwa Ibom,hospitalizations,1,36.868923673593436,10.039999781618656,13.904846744710795,23.568767912446486,49.32265948338637,101.40096863137494
state,Akwa Ibom,deaths,1,1.4029213484202858,0.4032860417538324,0.4032860417538324,0.7142495767469901,1.7229343078855197,4.657177653937495
state,Akwa Ibom,cases,2,471.51891551272104,133.2488500073361,176.22260231876214,303.0307698706673,646.8277858169703,1272.4422614918874
state,Akwa Ibom,hospitalizations,2,11.273205203305935,2.867664464491477,3.639097090026111,6.94113805123412,15.507418666587451,32.16330546594383
state,Akwa Ibom,deaths,2,2.4262402055765877,0.6284839843651299,0.6284839843651299,1.5152535580404412,3.0175869867993184,7.45350967941209
state,Akwa Ibom,cases,3,831.4708467851684,233.2025265092701,308.74493571300843,529.8605138248466,1152.2284367079437,2135.6729381671153
state,Akwa Ibom,hospitalizations,3,12.960640343488574,3.101224444517624,4.101428171518194,8.223960933140148,18.087362430640923,36.44964977820257
state,Akwa Ibom,deaths,3,1.3155803575742382,0.4264307708645269,0.4264307708645269,0.5675718781578584,1.5479795563181378,4.504169597740506
state,Akwa Ibom,cases,4,677.2932906423708,196.4854671872963,258.70375433914563,430.11676880226844,948.7675074174036,1786.3397319250269
state,Akwa Ibom,hospitalizations,4,9.663515145463643,2.405235226034605,2.968278914419373,5.953009488859472,13.115503886747462,26.98615801833665
state,Akwa Ibom,deaths,4,0.6456341380910032,0.0,0.0,0.0,0.8275159029514264,2.7845355777362046
state,Akwa Ibom,cases,5,570.628854086376,134.1446012783212,192.63910578482182,372.93264369844474,806.0906208447218,1538.6665055507451
state,Akwa Ibom,hospitalizations,5,10.539261961391594,2.7801338535511673,3.3349177345262264,6.489860405207017,14.741150282700392,29.52234418426794
state,Akwa Ibom,deaths,5,0.5548052544527843,0.0,0.0,0.0,0.612731874659665,2.640315242487148
state,Akwa Ibom,cases,6,677.5633679699016,172.34793718118948,237.53304801432728,439.72212171045743,948.2578558742921,1800.9458537158516
state,Akwa Ibom,hospitalizations,6,15.243310337769008,3.9737246527080785,5.435444423502337,9.668290843815171,20.234676508046327,41.618057027432
state,Akwa Ibom,deaths,6,1.9470704778196022,0.5675965326948045,0.5675965326948045,1.12910125536671,2.407676817466694,6.093111905429809
state,Akwa Ibom,cases,7,903.5293569500684,236.18216032299637,324.31325337972163,589.8213180716889,1282.6470992247196,2378.5965899264315
state,Akwa Ibom,hospitalizations,7,21.486880261949352,5.007635183745517,7.491683140190792,14.020959930547772,29.234241908320968,59.077195177443606
state,Akwa Ibom,deaths,7,1.282857709033562,0.4367467751821412,0.4367467751821412,0.5548308398835919,1.4799708946225043,4.361463334108613
state,Akwa Ibom,cases,8,1275.7166610355082,364.69140615208806,480.4031865783178,806.8785343083514,1761.7274880557927,3498.592261464901
state,Akwa Ibom,hospitalizations,8,17.76098076327881,4.084870783605533,5.92372402572607,11.580426457116724,24.723842760603706,47.720239716354726
state,Akwa Ibom,deaths,8,1.9763638000413672,0.5962554368635168,0.5962554368635168,1.1485518321454784,2.3541264051307023,5.777164140146402
state,Akwa Ibom,cases,9,1853.550930156821,522.844062273945,699.8894474942824,1191.4662075455126,2540.8787166109078,4956.6685727035
state,Akwa Ibom,hospitalizations,9,41.80800554774406,10.689215147865221,15.35383510202602,27.18012646625042,55.76804876617717,115.46573056331862
state,Akwa Ibom,deaths,9,1.8293674354238283,0.5454760265314841,0.5454760265314841,1.028521683452982,2.2425521109023796,5.443194052521022
state,Akwa Ibom,cases,10,3683.043163665813,910.0392071162502,1277.8305155897433,2387.152677287349,5117.362269030568,9936.18314955281
state,Akwa Ibom,hospitalizations,10,77.47756443447453,20.523140221100277,28.780760419584375,49.90277736378245,104.83877482372665,208.0613098059233
state,Akwa Ibom,deaths,10,3.5614917217753432,0.9392379434814779,1.225584087098993,2.4218912246706665,4.437484354841768,9.684679806697178
state,Akwa Ibom,cases,11,11175.087058247938,2829.843560419008,3984.266453974528,7439.840873322654,15736.696288013436,29924.983658636113
state,Akwa Ibom,hospitalizations,11,192.29817425499107,58.338072476873364,77.80577740551306,126.95823690677071,263.1016503657321,501.13706737499905
state,Akwa Ibom,deaths,11,8.074024186779464,1.6378861292912372,3.284599799887217,5.9879020836219095,10.20705033353325,21.276967932348512
state,Akwa Ibom,cases,12,36884.39509618639,10188.461921778286,13710.642739936411,23656.76360563565,51082.68825317548,95651.04564419731
state,Akwa Ibom,hospitalizations,12,772.335191470424,226.5783946838092,306.6083094881992,504.6107953597759,1031.538386549932,2077.575079377345
state,Akwa Ibom,deaths,12,20.161396294689734,5.185419221861396,9.249451218282264,14.932232784877002,24.64428881976233,49.13808661335875
state,Akwa Ibom,cases,13,94808.24569673838,21756.31771871649,31815.388067810793,61114.798282210235,133447.92237100203,261296.35298038344
state,Akwa Ibom,hospitalizations,13,1646.212368912387,463.91475878963627,629.61969404713,1072.567020511879,2278.923922066275,4386.195797185825
state,Akwa Ibom,deaths,13,53.982750556033956,15.144291569947043,24.846819937998916,40.16745343449337,63.25406517828529,142.07462457859907
state,Akwa Ibom,cases,14,178664.77272157292,51751.65752600649,68986.75675539649,111210.63008015757,251220.8520689009,472345.93249717914
state,Akwa Ibom,hospitalizations,14,2557.4429367203497,637.8172608241631,934.6475040683083,1684.3703785763526,3530.0883765991525,7028.21091607391
state,Akwa Ibom,deaths,14,177.76368222054188,50.12516020561309,84.58341269654909,132.9698171264539,216.540063992515,467.020289726739
state,Akwa Ibom,cases,15,139944.28444795345,37047.02420015454,51276.3234206382,91141.64224616287,192488.86219979142,372083.6825339733
state,Akwa Ibom,hospitalizations,15,3294.2362528212566,905.8560228644321,1257.4086353540702,2176.2140898364814,4452.618682078507,8887.819593938142
state,Akwa Ibom,deaths,15,174.96996373169375,48.04167814823819,81.81750200396272,130.6940870375861,210.1561799196287,454.93834354301697
state,Akwa Ibom,cases,16,128460.55188898883,31986.73607125413,44761.667946374015,82012.80228124057,178281.28000855964,346845.7887869569
state,Akwa Ibom,hospitalizations,16,2528.880353333253,693.8085210920293,969.4270077313746,1674.3325244181701,3521.4405357643313,6606.539810937025
state,Akwa Ibom,deaths,16,204.4355473362274,58.34475041988159,94.65677052595233,152.23093481543873,243.40256406016164,508.3500749644742
state,Akwa Ibom,cases,17,68793.88460125067,17096.660315468733,23633.514925315787,43569.052146324124,96523.51444634705,181694.89984056732
state,Akwa Ibom,hospitalizations,17,1434.084204128469,420.27458686744865,565.1537208216221,945.4563640218428,1979.4188965944836,3776.9819368819767
state,Akwa Ibom,deaths,17,321.3468281920806,92.31859592340818,149.2073234083607,243.09474942202093,385.9793070921424,824.9781420425483
state,Akwa Ibom,cases,18,27738.614569109697,7579.848186829845,10384.381247306253,17780.936886503245,38931.50164577016,72171.6007053982
state,Akwa Ibom,hospitalizations,18,698.6549028943657,198.48695175828647,276.09359450728516,458.89340873091595,962.4615348676084,1765.9531687429158
state,Akwa Ibom,deaths,18,99.8345433463677,27.796751945226465,45.69040342356644,75.08731419058138,118.40280733148198,262.7899303145277
state,Akwa Ibom,cases,19,6169.184532886439,1837.1819797380326,2380.570404544153,3956.5415630509065,8251.208591073515,16718.835812628426
state,Akwa Ibom,hospitalizations,19,118.63634685184284,30.796553564057998,43.84849009871544,78.17752101702129,163.76730739096968,322.18301504619427
state,Akwa Ibom,deaths,19,28.429717075514706,6.710037388156309,12.371064350078377,20.756254504723092,34.32740992323154,76.5644562999125
state,Akwa Ibom,cases,20,1744.9855639779114,454.636708954866,623.7207894068282,1131.1664445638608,2414.5786589055456,4659.414138114316
state,Akwa Ibom,hospitalizations,20,33.08023182088397,9.066141393713773,12.709545190978508,21.416460275808273,44.16825185878831,90.02118564357502
state,Akwa Ibom,deaths,20,6.860164603776032,1.3209775909516406,2.6615134261748246,4.886597725710102,8.426482526850322,19.159350284538792
state,Akwa Ibom,cases,21,2110.294749039027,579.5954691856604,784.8139548955,1363.8817542012246,2907.8495341338757,5850.68537039816
state,Akwa Ibom,hospitalizations,21,31.896816247883077,8.013762643062359,11.574966647957105,20.80924092482909,43.775449704882014,87.20265677314573
state,Akwa Ibom,deaths,21,2.9224343774578943,0.6882520837625772,0.8428151349672677,1.9162370756877387,3.6055427574071226,8.949968052085898
state,Akwa Ibom,cases,22,2895.5648760041067,825.6280485292468,1092.794895278591,1856.699613062371,4042.06891320502,7539.797278821762
state,Akwa Ibom,hospitalizations,22,40.482677348501944,9.853586081479135,14.459787357497941,26.088258929963526,56.36769264838604,109.80286807110423
state,Akwa Ibom,deaths,22,2.435931441339866,0.6598701172307536,0.6598701172307536,1.5335363035800045,3.0084351841798567,7.131556621091005
state,Akwa Ibom,cases,23,4159.196162406331,1128.368306464066,1526.2145106500034,2712.314100650743,5636.238801997924,11336.922499837088
state,Akwa Ibom,hospitalizations,23,79.17278922019267,20.84534791141692,29.43257294643447,51.40868988803006,107.35129948520192,214.61145802585887
state,Akwa Ibom,deaths,23,4.695842315207919,1.0902113747952016,1.7084227517480697,3.225955914676776,5.614576247207058,13.509140299495629
state,Akwa Ibom,cases,24,6638.033442833133,1898.7223635822036,2542.062806229663,4257.696805566995,9195.263459062331,17315.551629238442
state,Akwa Ibom,hospitalizations,24,118.63132349990437,32.463533788139905,45.746932638910835,76.69923188030164,159.78333923519546,318.4221996031448
state,Akwa Ibom,deaths,24,6.147423029701268,1.3001734935521636,2.4138533137361966,4.402128043997507,7.615055136884501,16.84714325586798
state,Akwa Ibom,cases,25,10934.639570604995,3118.73400999342,4149.388132684821,6958.814812962238,15250.151228249353,28955.44145328516
state,Akwa Ibom,hospitalizations,25,175.45162161149875,43.63746270398763,63.18913945117629,115.91319023610514,246.66218856779437,467.8707424158359
state,Akwa Ibom,deaths,25,14.135273949643818,3.7129336345229755,6.423073896570226,10.456159912845116,16.6534955552644,36.66271537285658
state,Akwa Ibom,cases,26,18721.03740044825,4959.928910572407,6789.235164622034,12084.848237623713,25664.13834182734,50354.15933796926
state,Akwa Ibom,hospitalizations,26,273.34489831290585,74.77798930338928,103.36067301133501,182.1094869888713,374.0569802696575,747.2525672166836
state,Akwa Ibom,deaths,26,15.35350250806596,3.7837557333829537,6.890451944086706,11.547905495073996,19.01801974355756,38.65919278107553
state,Akwa Ibom,cases,27,23086.68567119214,6436.331715199631,8603.955150824018,14862.89411806422,31707.02124022213,60084.70276731761
state,Akwa Ibom,hospitalizations,27,486.2212059677785,129.69990459769977,184.9415250591623,317.04500662713303,670.8951295482507,1302.6190133979533
state,Akwa Ibom,deaths,27,27.156246093225427,7.676498782285799,12.60171161100671,20.069788571821512,33.1424966698785,69.76004984120532
state,Akwa Ibom,cases,28,27339.03021901254,8076.9140050639835,10741.327135280218,17827.10386739052,38190.44434866901,70832.80677636662
state,Akwa Ibom,hospitalizations,28,502.1489515173313,140.50415419518086,195.02303102629034,321.7893963178199,664.9337492723412,1307.8096363527945
state,Akwa Ibom,deaths,28,37.75654974688511,10.834924286751663,17.377277532662774,28.626946228394868,46.14103870042931,99.30489666026385
state,Akwa Ibom,cases,29,31884.739728150253,8906.46239032302,11924.697324545468,20256.628214168082,44435.23155343068,87526.51788212464
state,Akwa Ibom,hospitalizations,29,519.2668074568729,139.2409605908418,194.31613101997237,345.42429130275116,713.6250322310523,1385.012342600972
state,Akwa Ibom,deaths,29,41.94827635358489,12.135386672576736,19.47242780378022,30.990794140227877,50.64166654800036,108.03720708626848
state,Akwa Ibom,cases,30,27369.11872372061,8387.970773925024,10931.063199665652,17303.117353139904,36994.95862998924,71151.53536922908
state,Akwa Ibom,hospitalizations,30,544.1885902581627,151.80347625041418,213.83130611157827,363.55647007280743,745.9584339782247,1428.9547615423082
state,Akwa Ibom,deaths,30,40.23983653196761,11.370673240566113,18.513853690840804,29.761937299727425,48.6445429868005,102.37156760523509
state,Akwa Ibom,cases,31,20755.332687886636,5139.788411742245,7124.291359288336,13539.562657787272,28548.076467557752,56689.03398486487
state,Akwa Ibom,hospitalizations,31,328.1584265420479,80.42685596079421,117.20100257938712,213.83554155861523,446.97793359484285,885.9127437441977
state,Akwa Ibom,deaths,31,29.73664852202126,7.7267771200998006,13.571924839438218,22.568621907941964,36.80700238261964,76.15133916634514
state,Akwa Ibom,cases,32,12591.602836064008,3869.7275880581656,4997.762345763703,7919.711130765807,17287.94307528931,32789.43500474891
state,Akwa Ibom,hospitalizations,32,227.12580283891603,60.417166768612404,85.13450031600654,149.4968390746984,306.7573804186626,609.2437798594497
state,Akwa Ibom,deaths,32,21.122772439817872,5.210095928308709,9.308131370560925,15.489766431679895,24.736871873391927,55.910995240252994
state,Akwa Ibom,cases,33,9951.366406268791,2738.8264473310173,3659.5087931265207,6280.601310782204,13872.504500032272,26549.165565721563
state,Akwa Ibom,hospitalizations,33,181.78609471116928,53.81894317436009,72.7020906948957,120.07742355323742,244.42654952866206,486.63907415942697
state,Akwa Ibom,deaths,33,16.794668685894056,4.025565958193896,7.325368862533335,12.37163490801947,20.96965907887566,43.95144832138449
state,Akwa Ibom,cases,34,7764.515878140804,1996.8945516390936,2727.7647236984694,4952.402594186463,10751.695460155814,21338.635090491363
state,Akwa Ibom,hospitalizations,34,150.40904990746853,40.76599617525927,56.75311177858757,98.35344727569607,204.71224865374631,399.7208154218614
state,Akwa Ibom,deaths,34,12.56274104509975,3.0291702127106235,5.694098230051399,9.385580095202522,15.421678356307028,32.44656836682551
state,Akwa Ibom,cases,35,6051.139467851872,1489.1238174580822,2071.1907515174107,3975.628005150789,8660.48508940318,15932.95693402781
state,Akwa Ibom,hospitalizations,35,122.24077234522507,30.307584779430098,43.63222402331358,80.00496770617254,162.8989176854092,332.8170127768652
state,Akwa Ibom,deaths,35,10.209824702986975,2.3327794478315567,4.37792831726834,7.431849581836769,12.050818793065378,28.457960160878308
state,Akwa Ibom,cases,36,5363.931149991136,1361.8887510885615,1893.7616886849253,3394.0478034749744,7529.789756580269,14596.390036470533
state,Akwa Ibom,hospitalizations,36,98.90883682597702,25.50696416145522,36.46980743186039,64.33277507846906,134.78951111184543,264.49906372172467
state,Akwa Ibom,deaths,36,8.869747504956072,1.9882898143522922,3.736289114821895,6.443196542039079,10.908998807545615,24.343199541015668
state,Akwa Ibom,cases,37,4372.969395639548,1220.7433874189526,1640.1151000517714,2800.8096317989152,6093.8389212193815,11887.852843525527
state,Akwa Ibom,hospitalizations,37,84.65919729579701,22.733539602903434,32.13003173170185,55.847428847147064,115.33471271118066,229.0188324845025
state,Akwa Ibom,deaths,37,7.187378245753199,1.522582560920934,2.882671364287936,5.184724027041644,8.897565573616028,19.52190078906804
state,Akwa Ibom,cases,38,3805.353287287449,998.7966395478106,1366.3908292875517,2477.338085254766,5314.711771431542,10134.574005777606
state,Akwa Ibom,hospitalizations,38,76.8795007069555,21.988491652643717,30.07106325663153,49.60883869202054,104.57592952545536,203.98728593702023
state,Akwa Ibom,deaths,38,6.418830206961213,1.4875407345973009,2.625492673652355,4.524078229996645,7.65994405949111,17.506808670227944
state,Akwa Ibom,cases,39,3830.6223421921823,1016.8392585208823,1366.7367667524445,2482.9551456356576,5387.542320619309,10001.878176931941
state,Akwa Ibom,hospitalizations,39,70.17483349763786,19.65206526311565,27.72928140786547,46.718003411989095,96.36101887597502,186.228396132899
state,Akwa Ibom,deaths,39,6.6281900176813675,1.4250477646695314,2.6376622430257397,4.786090714023374,8.342154032834324,17.77842244046705
state,Akwa Ibom,cases,40,3836.417607839732,1018.1678099816993,1405.135472363978,2517.725468299237,5328.856359514337,10186.579124456965
state,Akwa Ibom,hospitalizations,40,71.6853594251386,18.696091924853842,27.03762316933895,48.17043020815386,98.52022306784116,192.70380740843788
state,Akwa Ibom,deaths,40,6.578098625642263,1.4062994025171505,2.533623317739083,4.671177125319009,8.348333271487583,17.799333071153505
state,Akwa Ibom,cases,41,3746.502070003178,939.2235366970858,1302.9139540961119,2358.263070918063,5287.072941215631,10065.361629698806
state,Akwa Ibom,hospitalizations,41,64.96743022054062,17.21968624968803,24.134916125486534,42.40264442192214,87.8573034897519,172.99829774265348
state,Akwa Ibom,deaths,41,6.628748882167898,1.2781874007308534,2.502751777274497,4.791049931641199,8.226954855730023,18.70738471314775
state,Akwa Ibom,cases,42,3156.090542063859,944.018756557048,1241.4178029013324,1990.3603656937605,4296.7229773700965,8370.330651216806
state,Akwa Ibom,hospitalizations,42,53.34393496866924,15.04554155637849,20.597385543348118,35.13038809611769,73.75382692249927,140.43529506605194
state,Akwa Ibom,deaths,42,5.639312285066281,1.1420085662437192,2.125319921872987,4.046561632598232,6.942393453036804,16.009288995871263
state,Akwa Ibom,cases,43,2321.5326518065735,587.8192721521019,814.9824430329114,1487.1423104035189,3265.7056304799626,6248.484290912269
state,Akwa Ibom,hospitalizations,43,39.6746219674967,8.93335857328997,13.755501634341494,26.005737986298257,53.59303622992872,106.80839033973368
state,Akwa Ibom,deaths,43,3.6167966383901975,0.8586084235249734,1.1451582087246137,2.3812551060272593,4.390744473698389,10.743500548973497
state,Akwa Ibom,cases,44,1563.561735137078,415.8400770463034,569.5948221158611,1016.8745521083943,2194.047683460482,4123.401278913155
state,Akwa Ibom,hospitalizations,44,25.76163594818504,6.577616859269848,9.441466351878564,16.638302445477493,35.7142210345141,68.52867487280683
state,Akwa Ibom,deaths,44,2.632011271652772,0.6594896946071611,0.6594896946071611,1.629184401565448,3.256658261630712,7.968283245085485
state,Akwa Ibom,cases,45,1116.8445903612117,287.9397754170538,396.2312038644056,723.8941450065316,1552.9143483151493,2981.010798060942
state,Akwa Ibom,hospitalizations,45,21.63076622447321,5.403654902962279,7.765462652331419,13.896080853057194,30.220282410580147,60.29460522390918
state,Akwa Ibom,deaths,45,2.1837652788244166,0.5992568318714054,0.5992568318714054,1.3099280964715856,2.6808640403395083,7.049011610058063
state,Akwa Ibom,cases,46,729.7257158755817,192.1306915441383,264.8536213202302,474.65826078248284,1038.3888519974723,1885.6211582428348
state,Akwa Ibom,hospitalizations,46,17.20029016125076,4.439599697679014,6.080745259386951,10.959860828534108,23.553943592278316,47.54095691745435
state,Akwa Ibom,deaths,46,1.3354113934418108,0.39142585640473726,0.39142585640473726,0.6233273704765676,1.5751800685403565,4.212720808739441
state,Akwa Ibom,cases,47,578.7022900024446,150.18462750098905,206.39564782729227,376.0042860722158,812.0489683195383,1519.345549372506
state,Akwa Ibom,hospitalizations,47,9.484766638748305,2.446559418621215,2.993961994112369,5.751324717452234,13.348863775946624,26.6741372385427
state,Akwa Ibom,deaths,47,1.5465772851682231,0.4360941021113077,0.4360941021113077,0.8075105652551265,1.845755761363066,4.952760351489481
state,Akwa Ibom,cases,48,444.0991585993461,118.39384719550321,161.41732192754688,282.0740454245919,618.9230309408532,1179.5189687684508
state,Akwa Ibom,hospitalizations,48,9.684725184219658,2.4009505532562327,2.988311391373202,6.001168194842831,13.639272947538107,27.335123999364264
state,Akwa Ibom,deaths,48,0.536263338062777,0.0,0.0,0.0,0.6088252910203686,2.5006124753343
state,Akwa Ibom,cases,49,390.49935983546715,100.05306749628159,143.06190231807045,256.97894966468635,558.4066620891213,1018.1462238436239
state,Akwa Ibom,hospitalizations,49,10.068493178263163,2.6469299053516875,3.224533130251003,6.174901878109103,14.157067548992929,28.035957949857792
state,Akwa Ibom,deaths,49,0.5702166088193849,0.0,0.0,0.0,0.6340811503673055,2.874598610219743
state,Akwa Ibom,cases,50,384.8433974754791,118.36243516949956,154.44081591622785,239.0463199027232,520.266530945743,1015.8987199328003
state,Akwa Ibom,hospitalizations,50,9.217919974716681,2.161865013457627,2.7780702190227062,5.8580716843093,12.898365127406803,26.207162742199724
state,Akwa Ibom,deaths,50,1.0755198755151356,0.3564628134946838,0.3564628134946838,0.3814401160695358,1.1977822798850968,3.581056880097968
state,Akwa Ibom,cases,51,291.1212323436957,77.2679713585375,105.57076141490745,190.13094619752962,407.2427218764602,778.4743189253102
state,Akwa Ibom,hospitalizations,51,2.7485464701762026,0.8974801848289811,0.8974801848289811,1.3402617996198458,3.6500192601486816,8.346087071279575
state,Akwa Ibom,deaths,51,1.2960565717308399,0.38732464291198454,0.38732464291198454,0.5779105899155076,1.5512463071575482,4.280670942722594
state,Akwa Ibom,cases,52,344.4883998185468,91.62383910809929,125.38813093191362,219.88025128431812,486.74247083488615,919.7173384575032
state,Akwa Ibom,hospitalizations,52,4.180049014862407,1.010539913967038,1.010539913967038,2.335717112152576,5.908101800009593,12.23492777248935
state,Akwa Ibom,deaths,52,0.45313786792811417,0.0,0.0,0.0,0.4614749832365199,2.2859896413518257
state,Edo,cases,1,1583.816834864175,457.2603575668757,604.0440082940638,1017.464692315413,2196.898980478306,4181.790458752356
state,Edo,hospitalizations,1,23.222076538649823,6.087070054624919,8.528266123198893,14.706150019420555,31.16991759777584,64.46217462714434
state,Edo,deaths,1,1.0228796185461244,0.3254499992877648,0.3254499992877648,0.3833916024098479,1.1973955872811994,3.5653166061436616
state,Edo,cases,2,487.72627096325306,137.85357324584,182.30132131889314,313.45899738373106,669.0482194351121,1316.121214228273
state,Edo,hospitalizations,2,9.475485940625656,2.442327233669982,2.9510177368742894,5.76329395193079,13.059008181122078,27.244463430401407
state,Edo,deaths,2,1.9055189633665766,0.5239334519100594,0.5239334519100594,1.0968322373789732,2.3492471895986937,6.047238461555317
state,Edo,cases,3,804.0369317523716,225.48442774637152,298.5373515303244,512.3661087213173,1114.224017612394,2065.259296578439
state,Edo,hospitalizations,3,9.840909495121307,2.4008623651014678,2.9493519815756195,6.14087646919312,13.776786049713163,27.992243659649805
state,Edo,deaths,3,0.5802544549029035,0.0,0.0,0.0,0.649323854926237,2.947510344175793
state,Edo,cases,4,801.8248284342301,232.7428933769127,306.38417274273115,509.26783063270415,1123.1404665416467,2114.487110712042
state,Edo,hospitalizations,4,11.168842791723877,2.749893932846267,3.536914307792781,6.949342501506375,15.13818809781404,30.99644064135022
state,Edo,deaths,4,1.614074009649784,0.46049347587467615,0.46049347587467615,0.8702273791185174,2.058373115298249,4.8403470280089005
state,Edo,cases,5,687.4463196106796,161.76260846562187,232.2109877891499,449.349121630565,971.0268029522654,1853.3111174266905
state,Edo,hospitalizations,5,9.285734321293525,2.473689445480346,2.857094950024047,5.664279350728303,13.006058472435805,26.157973190211532
state,Edo,deaths,5,1.3095852715521599,0.4197697911557056,0.4197697911557056,0.6267023106955304,1.538106202955911,4.201353419382289
state,Edo,cases,6,632.1060420875554,160.7352654051509,221.5535905176215,410.19790915225764,884.6665602964722,1680.2325294175416
state,Edo,hospitalizations,6,8.180131563527139,2.2304679368003817,2.61224133531762,4.988155382475842,10.919110969917792,22.921690110973202
state,Edo,deaths,6,1.5360903420552776,0.4778807278548495,0.4778807278548495,0.7925698960152066,1.8690504328727158,4.971955931494935
state,Edo,cases,7,1024.3358367123876,267.8595643020747,367.7612063498108,668.7298057358591,1454.0875130962302,2696.4090357852783
state,Edo,hospitalizations,7,12.483453571439505,2.995197793295975,4.07909815104467,7.984429653182644,17.083892161258863,34.93374433644349
state,Edo,deaths,7,1.1665257426689928,0.4087655316485224,0.4087655316485224,0.4552168235781022,1.3210855324357333,4.01796815618613
state,Edo,cases,8,1217.581598145864,348.03971392962467,458.4825793041032,770.0919309588527,1681.462009815451,3339.238959031015
state,Edo,hospitalizations,8,17.757259398622743,4.084057589450656,5.9223456879019425,11.577922013328225,24.71872179602927,47.71054075248034
state,Edo,deaths,8,1.6676159456580433,0.526488014550193,0.526488014550193,0.8971513185939831,1.961662472843592,4.984173010137574
state,Edo,cases,9,2292.976127568942,646.9659058614009,865.9611788342269,1474.014230431927,3143.1622876261117,6131.359683009049
state,Edo,hospitalizations,9,34.56038130083239,8.709292424449854,12.583817669384057,22.406968300072123,46.15265985474692,95.73873063008541
state,Edo,deaths,9,1.9389428144870644,0.5693871392500218,0.5693871392500218,1.117442567718906,2.3846903997517135,5.7256334848034784
state,Edo,cases,10,4508.5089732827055,1114.1713747607346,1564.371910469511,2922.2545465293383,6264.209053017146,12162.759921170962
state,Edo,hospitalizations,10,63.10327804802929,16.58077066999306,23.325851801190083,40.57897249682203,85.45240467024428,169.76778322816753
state,Edo,deaths,10,3.104237308317352,0.840749548796853,0.99220956736703,2.0630720608557995,3.86731030155972,8.564285375036759
state,Edo,cases,11,11004.309967123025,2786.586629244588,3923.3692715509983,7326.140509926539,15496.215162636845,29467.697274623715
state,Edo,hospitalizations,11,198.9871404554591,60.39143052191698,80.53280358410342,131.38615416486022,272.2407279570901,518.5132163459805
state,Edo,deaths,11,8.46688028246137,1.7297225348931942,3.471123661640429,6.292110304474834,10.694933077477803,22.246763544765688
state,Edo,cases,12,41526.69662350483,11470.881549348307,15436.355040635965,26634.269250701553,57511.95065853584,107689.56756939963
state,Edo,hospitalizations,12,433.25544172574456,126.79342955121815,171.73309657784569,282.91859274215074,578.8073307610193,1166.1944445446256
state,Edo,deaths,12,22.128373040521186,5.76047282661224,10.202334710634702,16.413440050876353,27.02841836670651,53.79938545312368
state,Edo,cases,13,100354.59535576157,23029.12282146409,33676.64971813232,64690.078145185944,141254.6966961234,276582.27234358614
state,Edo,hospitalizations,13,1171.783604319199,330.0103887056846,447.98912350178017,763.3591218450306,1622.2620913719406,3122.5992377078237
state,Edo,deaths,13,58.79286905812755,16.55666099123772,27.10800668378287,43.768952585532155,68.87527664230292,154.59138468801288
state,Edo,cases,14,147782.04153468218,42806.10860392188,57062.08693974203,91987.48048466293,207796.6594687479,390699.83363304246
state,Edo,hospitalizations,14,1972.3501455531207,491.7255232220177,720.6733708770728,1298.9413956591573,2722.560358494918,5420.693869060567
state,Edo,deaths,14,106.64799230625258,29.786571322020784,50.536656870465244,79.67400304222069,129.99837083282566,280.83266266309187
state,Edo,cases,15,186737.50180851953,49434.69596784513,68421.8167465125,121616.8203578422,256851.30211444316,496496.8736967289
state,Edo,hospitalizations,15,2178.7393570812114,598.8689054696329,831.4146189590108,1439.187857955613,2944.988444515107,5878.793866164589
state,Edo,deaths,15,210.46997051898623,57.93529788994138,98.525023110974,157.26192216431778,252.75461922916332,546.9188949230402
state,Edo,cases,16,189141.99943076857,47096.798964356116,65906.23180128747,120753.70310058979,262496.5698200757,510685.9799516921
state,Edo,hospitalizations,16,1968.8654178569639,540.0055364587583,754.6130472991731,1303.4805059315147,2741.7122348760713,5143.893177864615
state,Edo,deaths,16,223.78982014174844,63.935674211284194,103.66868329596741,166.6669628208998,266.4279555297667,556.3364163362561
state,Edo,cases,17,98349.25637985313,24442.085925191248,33787.2767852773,62287.43647186877,137991.97429981426,259754.33553207025
state,Edo,hospitalizations,17,844.4574160866492,247.18733468829888,332.5406107437309,556.5899655662568,1165.7328218561147,2224.738975587202
state,Edo,deaths,17,224.6709122264425,64.33116143205056,104.15823557742019,169.8876277167156,269.9192881904271,577.2567858330906
state,Edo,cases,18,35570.32041666458,9720.143717119434,13316.478621657978,22801.298605946882,49923.28741984712,92548.04023989501
state,Edo,hospitalizations,18,746.2590104216823,212.05992646697888,294.94687948175897,490.1842854042064,1028.0148902640124,1886.1756216873646
state,Edo,deaths,18,87.57810569937321,24.29650705950053,40.01518539527383,65.83890197830223,103.88939739906007,230.72626715398522
state,Edo,cases,19,5867.077733195782,1747.1802509100132,2263.9630957481177,3762.770986193174,7847.160978795273,15900.193183419491
state,Edo,hospitalizations,19,92.19963485722934,23.77029146968552,33.9380686646565,60.68122181819461,127.35775489086404,250.76745852717244
state,Edo,deaths,19,34.36284766587421,8.264524426737424,15.066919788621352,25.142720345682037,41.45007328627355,92.20289433887999
state,Edo,cases,20,2915.513625435385,760.1006054871457,1042.5405263298126,1890.183369413591,4034.0093479341517,7783.807397270135
state,Edo,hospitalizations,20,36.69372323627912,10.13415449000947,14.164121799386425,23.79483667752526,48.96058316381983,99.67849269952472
state,Edo,deaths,20,9.40415064041498,1.8384660567799682,3.8553219120224003,6.805877952156069,11.499915154954667,25.73215246705006
state,Edo,cases,21,3191.5384009314544,876.9320517069939,1187.2477461441972,2062.869772328766,4397.5397323044745,8847.47095066573
state,Edo,hospitalizations,21,28.73910613217741,7.147613794733698,10.366615228998622,18.71355129354041,39.4728952965816,78.72710304393932
state,Edo,deaths,21,2.26851660798979,0.5660240342743541,0.5660240342743541,1.3983367626833656,2.7876353055400056,7.182933536435783
state,Edo,cases,22,4530.836423006847,1292.3054355653946,1710.3027872383313,2905.4740925450083,6324.60558659596,11796.995636064928
state,Edo,hospitalizations,22,48.96866616706788,12.07450238171488,17.62324812361613,31.63119702903316,68.10656335464313,132.47591769402206
state,Edo,deaths,22,3.852186041786777,0.9503016457049518,1.3336456676333535,2.648632747379564,4.772685340281416,10.710534296650884
state,Edo,cases,23,5104.132832586269,1384.8902312137975,1873.102238537666,3328.609556761683,6916.667285324034,13912.190183262202
state,Edo,hospitalizations,23,63.000902466158735,16.438746249346128,23.293772728161784,40.83690952984912,85.49488326628287,171.11872844558482
state,Edo,deaths,23,6.036952675225981,1.3520206701211523,2.358838137675536,4.240799976735749,7.20303660104107,16.993444247718404
state,Edo,cases,24,9239.958269263243,2643.2486298966037,3538.7226826523192,5926.736288807607,12799.400478488958,24102.136751943744
state,Edo,hospitalizations,24,125.73831717915765,34.45151750477898,48.52404940958239,81.31514628884348,169.3350698542643,337.39826278775496
state,Edo,deaths,24,8.19315005021636,1.6759786861750285,3.4006014735142776,5.963571789940487,10.105170857001342,22.005723354832465
state,Edo,cases,25,13603.148627636314,3880.0098738737324,5162.163677339317,8657.145188953495,18971.729186262295,36021.377174611574
state,Edo,hospitalizations,25,206.95064176389218,51.60585837201014,74.64777598096171,136.78378865676422,290.8732657879226,551.5705623967572
state,Edo,deaths,25,9.9250950968194,2.3994137690527855,4.354223413598147,7.2632667396213,11.733371720510565,26.165914724653963
state,Edo,cases,26,21342.20277463313,5654.480192895639,7739.897152705311,13776.918723358034,29257.367567170728,57404.097186351566
state,Edo,hospitalizations,26,330.3060331906737,90.51147039241361,125.02866249424218,220.1277780156497,451.92856225045966,902.609257521358
state,Edo,deaths,26,15.822037131123714,3.9209032397440065,7.116666631563639,11.907646678490687,19.59192477615707,39.796198869463396
state,Edo,cases,27,30047.497004863857,8377.152124829388,11198.30220633381,19344.277142462248,41266.81674162396,78200.21450681794
state,Edo,hospitalizations,27,375.33376558791736,99.95370779589342,142.62280099381059,244.6606434703063,517.9774605167681,1005.9263123093658
state,Edo,deaths,27,28.58848763672283,8.117873212910547,13.293632150439842,21.141610993240857,34.87932916486386,73.35962122285575
state,Edo,cases,28,31865.809890446297,9414.401074858239,12519.9699425607,20778.96227868776,44513.928723606645,82560.9955895063
state,Edo,hospitalizations,28,373.2003837660566,104.23903238721945,144.7856430303956,239.0639325859379,494.2661906359858,972.3838592388655
state,Edo,deaths,28,38.094713593456675,10.938187955649662,17.53762541967916,28.88545123372156,46.55236001469562,100.18009039928658
state,Edo,cases,29,40382.21748113134,11280.281035981161,15102.868775736388,25655.240463583214,56277.3870834852,110852.40407194315
state,Edo,hospitalizations,29,463.5357949058972,124.21834022985148,173.39385500069278,308.3152998202283,637.074354637015,1236.542614849399
state,Edo,deaths,29,44.99245681042731,13.066424907325107,20.923516646352205,33.25830656654257,54.30203584361411,115.76578115401433
state,Edo,cases,30,23705.452046115886,7265.053003853648,9467.736128768694,14986.849792447258,32042.81128247823,61627.310228275805
state,Edo,hospitalizations,30,307.80294833286524,85.55016782228478,120.68365572368538,205.4902215561716,422.0883969625081,808.9477029366772
state,Edo,deaths,30,36.645623657241266,10.292520736353113,16.81314510251314,27.08091427946159,44.31782710797423,93.3623316234344
state,Edo,cases,31,19244.331036846394,4765.553719391006,6605.5905285625495,12553.848425914759,26469.7853586795,52562.16165935777
state,Edo,hospitalizations,31,235.98413123540757,57.62487836578118,84.10115387810646,153.67510496272521,321.5305896643822,637.5504034209516
state,Edo,deaths,31,23.79838864901329,6.040629004332162,10.756403911954576,18.01480016202097,29.502105631738974,61.244508915729625
state,Edo,cases,32,15656.959334735244,4811.9601130655765,6214.586924556599,9847.811592193488,21496.50699975594,40771.452252859075
state,Edo,hospitalizations,32,173.53345560513574,45.988767672072505,64.89939322904925,114.14143974280971,234.45762217166612,465.8825460994289
state,Edo,deaths,32,20.4223122696084,5.013433800571024,8.981692121999078,14.967566357834203,23.921833258471224,54.1087304210257
state,Edo,cases,33,13857.178080326987,3814.0728446238686,5096.077483782918,8745.819202677592,19317.168977235753,36968.7926555617
state,Edo,hospitalizations,33,145.50356785195567,42.937536789151636,58.072432517432816,96.04389474976718,195.71006817208726,389.8440863691969
state,Edo,deaths,33,15.480860826666603,3.6542890718236625,6.710310368648611,11.383770254440595,19.34659280429593,40.630541997712655
state,Edo,cases,34,10688.85385712959,2749.2616843648293,3755.3629467217133,6817.754949227826,14800.945529832099,29374.714899245344
state,Edo,hospitalizations,34,115.90786748521832,31.24888835396154,43.593061925930954,75.71403826525005,157.8371389979389,308.40961598093196
state,Edo,deaths,34,11.763184326103348,2.791256961560019,5.298827097447248,8.77233543312795,14.452015949200588,30.471625289245974
state,Edo,cases,35,8438.320706962786,2076.88218619423,2888.537230751353,5544.152957234953,12076.885986654983,22217.88200222245
state,Edo,hospitalizations,35,93.37875888137795,22.97559621566761,33.17971040976816,61.03424540312752,124.51508838178236,254.63971046137536
state,Edo,deaths,35,9.592225306410624,2.1485175848615814,4.080594783450616,6.96567162540382,11.32926844095359,26.82929594726814
state,Edo,cases,36,7425.821353223473,1885.6842827366663,2621.970579747001,4698.85780192241,10424.078832726369,20206.56743996053
state,Edo,hospitalizations,36,78.08331858133177,19.981693715205374,28.659376242196572,50.714419950594056,106.48473173058403,209.15684794200135
state,Edo,deaths,36,7.553973930761399,1.7214936507502685,3.1007561274157585,5.444440592067684,9.311004807244771,20.942554241655134
state,Edo,cases,37,6021.688677396323,1681.2660152646224,2258.7152465765566,3856.9207167013024,8391.220896190136,16369.224144529651
state,Edo,hospitalizations,37,67.20836741816788,17.898219976458165,25.38033087218676,44.26569712837997,91.63342208951417,182.15626610067156
state,Edo,deaths,37,6.857517434154766,1.4606593190781387,2.7247636067332492,4.933192076336912,8.495032822748813,18.687277657126558
state,Edo,cases,38,5262.045267119484,1381.4189650046796,1889.691506860373,3425.7984460311186,7349.03547186275,14013.459713659948
state,Edo,hospitalizations,38,59.0245009983262,16.717825367746812,22.947272447859888,38.005541536108936,80.37010077189831,156.98900553020093
state,Edo,deaths,38,5.746571375938975,1.351003227373698,2.29271810109456,4.01703741175909,6.865070247246331,15.808116685714918
state,Edo,cases,39,5124.591182398454,1360.5715388037972,1828.6321728559547,3321.806230600274,7207.295217514915,13379.928391015403
state,Edo,hospitalizations,39,57.914179570347265,16.094313182994156,22.7800591684908,38.49757491075567,79.58853810876619,153.9743717865156
state,Edo,deaths,39,6.037524144176593,1.31350889781341,2.3529414535534796,4.333211857770752,7.610941156570258,16.308630330838383
state,Edo,cases,40,5405.721247000695,1434.954283742725,1980.171535529473,3547.752806312763,7508.4896014380965,14352.767594950432
state,Edo,hospitalizations,40,54.70394111661706,14.094336744504721,20.48696945811347,36.68235009593404,75.26851893286789,147.44724064402664
state,Edo,deaths,40,5.877690464625801,1.2746355938715737,2.202790279269757,4.140217090431226,7.473102036368568,16.039258518242196
state,Edo,cases,41,5277.739559147943,1323.4009169021467,1835.696029151581,3322.2630883860943,7447.791036006307,14178.498865849848
state,Edo,hospitalizations,41,51.45196742282023,13.48648422075719,18.984787929493066,33.50947041242689,69.65049898569822,137.34615811404115
state,Edo,deaths,41,5.477446928365287,1.0828966349029665,1.9675758893743427,3.9062512116326324,6.817193596149059,15.69634716818778
state,Edo,cases,42,4351.147590818139,1301.7377738552425,1711.7116171181476,2744.152254119143,5923.544910181008,11539.13989786242
state,Edo,hospitalizations,42,41.01787996387338,11.405457859788111,15.697813239784061,26.93386595331226,56.79521036959406,108.34935331809487
state,Edo,deaths,42,4.651742700342665,0.9691931686313686,1.6523782812154373,3.282886489616359,5.74050414751704,13.435344169350975
state,Edo,cases,43,3091.3586707161776,782.9891423304662,1085.4477538786132,1980.4015416559928,4348.486959089422,8319.936594572611
state,Edo,hospitalizations,43,30.71847704267026,6.744835729523343,10.504561666783605,20.05581943058313,41.565069453309434,83.05598844389915
state,Edo,deaths,43,3.3521839396596356,0.8071755861800229,1.0166577535630426,2.1787092898843032,4.067825112453788,10.040034874695586
state,Edo,cases,44,2039.8477356228173,542.7350973448513,743.2960699605965,1326.737300590764,2862.267069472299,5378.957097143432
state,Edo,hospitalizations,44,22.602505892343338,5.74064123007024,8.206570345947075,14.552247814136079,31.37208714368846,60.30562649965464
state,Edo,deaths,44,2.3632365762745415,0.6067741166226525,0.6067741166226525,1.4190234597194404,2.9164070001184905,7.251413461282299
state,Edo,cases,45,1426.6777865020786,368.0252675164181,506.3318516301413,924.8131920259391,1983.6130815908207,3807.5352939134896
state,Edo,hospitalizations,45,14.526821289969245,3.7014913930417546,5.004322101666268,9.203781710304787,20.38582287476288,40.98666601596188
state,Edo,deaths,45,1.9729398815065025,0.555407486344703,0.555407486344703,1.1409040155483723,2.4115246343328742,6.460042285944267
state,Edo,cases,46,903.8882718593946,238.16182764278307,328.21767872336085,588.0275547225876,1286.1187665086281,2335.282030926094
state,Edo,hospitalizations,46,11.822458473153418,3.1192539411533478,3.974917573805662,7.40297449442429,16.251552062477998,33.10478004385869
state,Edo,deaths,46,1.6326113425985016,0.45138234263345983,0.45138234263345983,0.8719798382176048,1.9696321615473937,5.011177063658373
state,Edo,cases,47,658.8833144844976,171.0955994395606,235.08139877687213,428.1493101866933,924.505138250594,1729.6308385938125
state,Edo,hospitalizations,47,11.061190901172658,2.8197626085145977,3.603209145508221,6.781185632082774,15.537668875782193,30.895606873149752
state,Edo,deaths,47,1.015550816540841,0.32637766352195197,0.32637766352195197,0.3527609573785019,1.129795179185313,3.4551118797964424
state,Edo,cases,48,478.88906597289395,127.72592703581125,174.1122090702235,304.1997215349836,667.377548116373,1271.7908699452846
state,Edo,hospitalizations,48,6.634661545743979,1.703010889399935,1.8289369477495865,3.9659771868968523,9.383737894453269,19.098300091174327
state,Edo,deaths,48,0.5768502319772798,0.0,0.0,0.0,0.6747893415001619,2.644142403240078
state,Edo,cases,49,429.3588385499919,110.08340197003277,157.36121159166856,282.58544748246936,613.9322989314173,1119.3047315078088
state,Edo,hospitalizations,49,5.843982010584303,1.6170136455138366,1.6170136455138366,3.3831588508135315,8.259476423286731,16.738112414898932
state,Edo,deaths,49,1.1594310289724425,0.37746877233042053,0.37746877233042053,0.4724126101115802,1.3361043136444584,4.02162401798425
state,Edo,cases,50,370.54793619230304,113.94006826677288,148.6817484284994,230.15262651625977,500.95365541098977,978.2227188017085
state,Edo,hospitalizations,50,6.906232722920721,1.6637472517435192,1.9075607887930999,4.277895634557059,9.696027106460347,19.938329617387417
state,Edo,deaths,50,0.6820197242422541,0.0,0.0,0.0,0.7855675388676839,3.096680759589846
state,Edo,cases,51,426.9872867934105,113.67053057325548,155.13699375268445,279.0262563218759,597.1170676546128,1141.0090768666942
state,Edo,hospitalizations,51,7.061969091512925,2.026909460071834,2.1876034779966256,4.285352101225604,9.501811836333301,20.107621783361637
state,Edo,deaths,51,0.5931983211279273,0.0,0.0,0.0,0.6834841923367809,2.806917449681764
state,Edo,cases,52,281.5213777564399,74.74267226238216,102.35324978117745,179.6236995071585,397.84891916190145,751.911909985616
state,Edo,hospitalizations,52,6.141589438298887,1.4139543272882946,1.5043477226640163,3.6673580925885094,8.665863068314424,17.518401041475105
state,Edo,deaths,52,0.49184718927579374,0.0,0.0,0.0,0.527357161530166,2.4341195497702315
state,Ondo,cases,1,647.5667271453799,186.53739470031084,246.60679190528305,415.79410369510924,898.4630275284472,1710.7553640830909
state,Ondo,hospitalizations,1,8.93679450392072,2.4789156583389027,2.8803180968275024,5.396217041362862,12.100968404332363,25.659001499226726
state,Ondo,deaths,1,1.5171451912366225,0.42605719965175004,0.42605719965175004,0.8110430279132759,1.8766821708189119,4.976604741109075
state,Ondo,cases,2,1085.5160847872692,307.6935360860436,406.50793605427396,698.0922709968074,1488.6235607806275,2927.169549905695
state,Ondo,hospitalizations,2,21.565660387188622,5.291994388752858,7.561000100704376,13.654593843807653,29.462827167566147,60.199637757966656
state,Ondo,deaths,2,0.5340656026288796,0.0,0.0,0.0,0.5874210257885606,2.6651616391510067
state,Ondo,cases,3,714.2776764226365,200.232078721782,265.1398158939429,455.1272941863797,989.8798125225396,1834.8774489092789
state,Ondo,hospitalizations,3,15.11588574792447,3.584069432641245,4.895694781032599,9.660085079229662,21.059168390195584,42.28037116773507
state,Ondo,deaths,3,1.2338958943525116,0.4076200566061767,0.4076200566061767,0.49842314712310687,1.4355830815683244,4.261369667232002
state,Ondo,cases,4,571.5270763206372,165.69157531763298,218.2081703188765,362.892768217431,800.670341882721,1507.640001645366
state,Ondo,hospitalizations,4,14.47823271684674,3.5056396893805966,4.783781939638262,9.13403835140529,19.573401771838185,39.78993407397668
state,Ondo,deaths,4,0.5887993537970857,0.0,0.0,0.0,0.7354062665991935,2.593789114045029
state,Ondo,cases,5,660.9906125011172,155.50794521113616,223.2491248058885,432.04304544201847,933.6736271576852,1782.0534021695473
state,Ondo,hospitalizations,5,18.359318782837903,4.683528582595182,6.302781873944286,11.617728906335694,25.518193423594695,50.419204586940545
state,Ondo,deaths,5,1.0575400767137775,0.36251487986369096,0.36251487986369096,0.4048266577549864,1.1919187245767204,3.4919097316761225
state,Ondo,cases,6,661.7196137481646,168.3004417796021,231.96354755955423,429.4317150866023,926.0936647737312,1758.8722780193546
state,Ondo,hospitalizations,6,12.067186375874742,3.1912615523369237,4.1682459545676,7.567605804245559,16.05337250034637,33.226167818210335
state,Ondo,deaths,6,1.0417761252236182,0.36461160471542037,0.36461160471542037,0.36768810344069625,1.1890170943594303,3.5564600297786306
state,Ondo,cases,7,637.1981044302939,166.34581797677845,228.52743330855884,415.8588253694172,904.6877360453476,1677.943885382011
state,Ondo,hospitalizations,7,11.27348666155246,2.7239154986332714,3.619071970364209,7.170688170731512,15.445990392995103,31.679138366436334
state,Ondo,deaths,7,1.460984192398352,0.4789897054265412,0.4789897054265412,0.7052168631888651,1.719838120810931,4.880033669370289
state,Ondo,cases,8,1100.3208289342965,314.45257835901697,414.26782932716753,695.8918666425649,1519.5632992651013,3017.816913693728
state,Ondo,hospitalizations,8,16.013240639536924,3.7028358854093693,5.276187214054422,10.40385020895283,22.318037003000974,43.163710806105684
state,Ondo,deaths,8,1.132563480626806,0.40052962021505045,0.40052962021505045,0.44327178611297385,1.2531064576402076,3.552503526788366
state,Ondo,cases,9,1634.0253876984286,460.8359771551551,616.924275892587,1050.3124722568332,2239.9933135444808,4369.823064686298
state,Ondo,hospitalizations,9,37.08503927908521,9.39903537859005,13.548804829950875,24.06978684100947,49.502359655927236,102.61099844607396
state,Ondo,deaths,9,1.5908369512381242,0.49290991470661427,0.49290991470661427,0.8330383029466019,1.9300757625952116,4.8222801303679175
state,Ondo,cases,10,2504.9954384734306,618.7158925336837,868.8984502286987,1623.4922900700005,3480.6618396734525,6758.566741686893
state,Ondo,hospitalizations,10,55.3582418040432,14.45647177372054,20.386539236220635,35.55495124990936,75.00628991973679,149.13377233980162
state,Ondo,deaths,10,4.262883783967263,1.08924871061146,1.5810441476034431,2.9684199623678196,5.305934362625315,11.391187753341361
state,Ondo,cases,11,6252.020986322964,1582.8570422761497,2228.756679856997,4162.150653201011,8804.241463531725,16742.588599348772
state,Ondo,hospitalizations,11,107.6917812064987,32.36586502034767,43.312577439395504,70.95106080563991,147.50465561024913,281.35223883076617
state,Ondo,deaths,11,8.941428093325342,1.8672104204565354,3.69632066627124,6.659391892343664,11.283971560354278,23.417632863938408
state,Ondo,cases,12,18866.880159554912,5211.1861763746665,7012.8772089362665,12100.587834160513,26129.692257885836,48927.61604233125
state,Ondo,hospitalizations,12,349.7573005105832,102.22145462182539,138.52017371089892,228.32704944177684,467.32263827432257,941.7676275338004
state,Ondo,deaths,12,39.30036656877426,10.78014513180142,18.520103414486,29.342973975984695,47.83960702791671,94.48810125087284
state,Ondo,cases,13,43896.351828575614,10072.792104618089,14730.212875531115,28296.04718946766,61786.79562493325,120981.52392329708
state,Ondo,hospitalizations,13,968.4243951260469,272.61360157974104,370.13497141832596,630.8202067497687,1340.7904763196084,2580.9710392258567
state,Ondo,deaths,13,83.72412797986651,23.877093475389344,38.82793254527833,62.435833204354694,98.01050031761827,219.46683152227817
state,Ondo,cases,14,62690.04669292511,18158.204306590083,24205.73313143491,39021.4349518605,88148.84884025817,165738.20762420932
state,Ondo,hospitalizations,14,1528.5209749167177,380.90587937127077,558.3607197803915,1006.569607098737,2110.0002723830016,4201.29248772328
state,Ondo,deaths,14,127.13146599848231,35.644701234509085,60.34315425676468,95.02481250516884,154.9250009091702,334.4603412439138
state,Ondo,cases,15,103835.93573003911,27487.98130416889,38045.8706569206,67625.23494256052,142823.0867762668,276079.27965230367
state,Ondo,hospitalizations,15,2892.5394124355385,795.3081983321194,1104.0057428291277,1910.8067097186527,3909.712372601591,7804.252143323159
state,Ondo,deaths,15,150.12857669109508,41.11854602860912,70.12629301927021,112.10305185360971,180.34761327472324,390.574286073125
state,Ondo,cases,16,168628.57529299625,41988.82706468766,58758.29080555877,107657.30276439934,234027.50672464413,455299.639178231
state,Ondo,hospitalizations,16,3433.5634220124557,942.2714589451213,1316.4508826458066,2273.430014246795,4781.062283858726,8969.39044326139
state,Ondo,deaths,16,126.42764641041276,35.81038637603551,58.3340212509246,94.04614772847277,150.59812368735336,314.93987551464306
state,Ondo,cases,17,168900.59467262044,41976.27940372103,58025.22220151401,106969.90823159237,236980.92837279695,446089.24939029606
state,Ondo,hospitalizations,17,3083.9247699365073,904.591744535584,1216.0307720828268,2033.5472918142789,4256.201975590648,8120.328368001877
state,Ondo,deaths,17,91.50936486610728,25.781228428676332,42.10755643131466,69.05203172877856,110.0580492328849,236.04502923823324
state,Ondo,cases,18,77071.18424482874,21061.748609278107,28853.907661064404,49404.614938595754,108169.67888521856,200524.4963127426
state,Ondo,hospitalizations,18,2168.299049082829,617.5147177036497,858.136223565278,1424.912017642306,2986.2386840569875,5477.486340724772
state,Ondo,deaths,18,25.223938244815287,6.488912343789389,11.142353387643599,18.787343639708016,30.05201445665365,67.60147523086465
state,Ondo,cases,19,23492.320044328095,6997.979904009473,9066.961488646379,15067.55913853697,31419.74219487724,63660.702780701475
state,Ondo,hospitalizations,19,717.7852349756006,190.0363683476488,268.4535008982476,474.70520620697624,988.9358420395536,1940.7107386083937
state,Ondo,deaths,19,6.089092254570174,1.1323522321719253,2.2064760528518415,4.2173041160134455,7.4717634260326005,17.60050667370281
state,Ondo,cases,20,6112.256920868657,1594.3306384011978,2186.348376896513,3963.078796296878,8456.717669104262,16316.608559736025
state,Ondo,hospitalizations,20,107.35373450091906,31.01069527967451,42.59685169983802,70.28515794403025,142.63668162561248,288.4506766466361
state,Ondo,deaths,20,1.9744375430736538,0.4795563647389882,0.4795563647389882,1.1370199050754968,2.4221092952798067,6.318477470150538
state,Ondo,cases,21,2883.891623067545,792.3307304473012,1072.7430653865094,1863.9863743397502,3973.677461593794,7994.7941038655445
state,Ondo,hospitalizations,21,54.05949168814107,14.089806222613737,20.051564977645768,35.510526452708966,73.9579156155269,146.65875824907397
state,Ondo,deaths,21,3.162429436020934,0.7327135744686462,0.961862080017441,2.1046277114683827,3.903063536981689,9.592741859111689
state,Ondo,cases,22,2591.8856189923827,738.9633949314598,978.1201562892654,1661.9362079961595,3618.188828978121,6749.211252636249
state,Ondo,hospitalizations,22,36.90476755126876,8.917078574032066,13.125831297708809,23.750933951736272,51.417690460463334,100.24218305729781
state,Ondo,deaths,22,1.913854311766739,0.550314162919094,0.550314162919094,1.1129020298432544,2.3429285482039623,5.781502387082722
state,Ondo,cases,23,3159.175659412918,856.8927755502183,1159.1054216796254,2060.0925164304426,4281.169434545984,8611.53299449482
state,Ondo,hospitalizations,23,65.04668507407553,16.996211817644657,24.070373386625285,42.17431281638332,88.25987098761985,176.62085935544522
state,Ondo,deaths,23,1.9227815877793715,0.5368054308217731,0.5368054308217731,1.0808039045070792,2.256928458256514,6.144105711415273
state,Ondo,cases,24,5534.0721263336145,1582.8299946790514,2119.1935756887433,3549.5460525200633,7666.077139613624,14436.095862302556
state,Ondo,hospitalizations,24,112.2950336015994,30.69113300797511,43.27097476775252,72.58388112043475,151.26742702753256,301.50395781305554
state,Ondo,deaths,24,5.806397010601063,1.2373513883424079,2.248901902936185,4.141106681833452,7.198790766874492,15.984800563239675
state,Ondo,cases,25,10269.59018086617,2929.0078228693887,3896.9828593580796,6535.5546493319835,14322.65460112703,27194.459519564538
state,Ondo,hospitalizations,25,157.18264583608226,39.015908550120486,56.54329611480674,103.80854523061613,221.02040368585358,419.3260582878764
state,Ondo,deaths,25,8.077911934696377,1.9181419964881807,3.4445249418865664,5.859313160604133,9.56993401926239,21.550345070817393
state,Ondo,cases,26,13370.559500559024,3542.169724902586,4848.687648009806,8630.89381409112,18329.42617571133,35963.40893936397
state,Ondo,hospitalizations,26,240.36333358853528,65.66800885811116,90.81450097471692,160.09618390247073,328.967874745333,657.298131659124
state,Ondo,deaths,26,20.82019946484118,5.383613040168614,9.529298469735107,15.744369405440427,25.7127543702903,51.92263115215539
state,Ondo,cases,27,25562.163318391096,7126.546879921212,9526.584401515604,16456.61113949403,35106.77723720453,66527.1334307915
state,Ondo,hospitalizations,27,356.17160782386935,94.81334822005687,135.3098170874677,232.1520980326107,491.55217295621276,954.6556514822663
state,Ondo,deaths,27,22.143226763828487,6.131582360064621,10.179823685307632,16.31815289548253,27.063166155982994,57.16068622923146
state,Ondo,cases,28,28850.733864388963,8523.563549730565,11335.299232609364,18812.867576888613,40302.1518040589,74749.39805523281
state,Ondo,hospitalizations,28,512.1298922388492,143.31116506266144,198.91153014136458,328.1925535150415,678.1438439290057,1333.7724280008633
state,Ondo,deaths,28,27.166979246097185,7.601197088871265,12.355943999765374,20.531798385653882,33.26041054528702,71.89798939563738
state,Ondo,cases,29,44313.26297746258,12378.440909697545,16573.132886211944,28152.709828778898,61755.72471690161,121643.2672574635
state,Ondo,hospitalizations,29,526.2972353201602,141.13605353696207,196.95546135969636,350.1055643633938,723.2818461319011,1403.7416938734723
state,Ondo,deaths,29,44.27380080388469,12.84662971804227,20.580950321022385,32.72300274727708,53.43791283325041,113.94125522510272
state,Ondo,cases,30,38074.34143224976,11669.133027429558,15206.900378066759,24071.244006508896,51465.11787362904,98981.29179421514
state,Ondo,hospitalizations,30,575.6861213074743,160.6314897555411,226.24289332291266,384.6182254736466,789.1129439719748,1511.5684576203248
state,Ondo,deaths,30,42.434291700326646,12.028941801058533,19.552225340381014,31.398842243416894,51.28622959614868,107.87217793420288
state,Ondo,cases,31,20921.13948028947,5180.854319183112,7181.209974102632,13647.728069056075,28776.133652144683,57141.888197484244
state,Ondo,hospitalizations,31,374.2982150715054,91.84086700137046,133.76983030248994,243.95011757072209,509.77324872340455,1010.2357540050658
state,Ondo,deaths,31,20.338823412111484,5.058194607750425,9.11594031472406,15.36151538990715,25.245906686680037,52.55904252920016
state,Ondo,cases,32,20889.389104733942,6420.309913895258,8291.653377904526,13138.994936869913,28680.34195561424,54396.40735734987
state,Ondo,hospitalizations,32,260.49723987554665,69.40159153898456,97.73470607180585,171.51230478218596,351.77774162020467,698.5134355632149
state,Ondo,deaths,32,11.589638114851807,2.5325162492944786,4.863619819522776,8.379946548240211,13.640018310236883,31.372932362168275
state,Ondo,cases,33,13295.457172375649,3659.434466493563,4889.474929284544,8391.279724563276,18534.135352256235,35470.27637319885
state,Ondo,hospitalizations,33,197.29406528865118,58.469901767134694,78.95513667085692,130.3498960026758,265.24907279027883,528.0114358067641
state,Ondo,deaths,33,8.959827221734832,1.8096739879991695,3.654515039329954,6.475761952109762,11.282712067181897,24.13128195353995
state,Ondo,cases,34,10139.532308162481,2607.9334652224675,3562.3340110642193,6467.358294530922,14040.31514565232,27865.179462546443
state,Ondo,hospitalizations,34,149.82313405721953,40.604372024156824,56.529621415145265,97.96897382730388,203.91619275649145,398.1701242483559
state,Ondo,deaths,34,7.488924116451392,1.6649558284199277,3.1813769142357073,5.487210578428018,9.257576810542133,19.891941531664173
state,Ondo,cases,35,7843.586505401547,1930.450068509103,2684.906313348901,5153.37599412758,11225.735505681489,20652.077181430082
state,Ondo,hospitalizations,35,122.04939952491497,30.25896920617196,43.562917458403966,79.87918020229651,162.6444093962582,332.29864939770977
state,Ondo,deaths,35,5.794917632435241,1.2945557998419766,2.2470174838407644,4.090875407436809,6.879658169383232,16.785754297528673
state,Ondo,cases,36,6887.9119232758585,1749.0356118247776,2431.9942032843155,4358.456745961952,9669.011766297359,18742.97479846805
state,Ondo,hospitalizations,36,103.35507203527544,26.6866015297849,38.13732336320244,67.24027449597342,140.83254118345496,276.3145479437206
state,Ondo,deaths,36,5.007123478465016,1.2026225120313843,1.8647573768462604,3.5020377101546236,6.203190379152469,14.328903299168969
state,Ondo,cases,37,5611.726374362935,1566.7547584365811,2104.8972233798704,3594.3134084612193,7819.965367230201,15254.908736421005
state,Ondo,hospitalizations,37,85.04037972736336,22.83915686604804,32.27746457728414,56.10040711975621,115.85241694623562,230.0424454796648
state,Ondo,deaths,37,4.852162892997572,1.0829694173158542,1.761633065381083,3.399017266934573,6.039855241492564,13.596640937689603
state,Ondo,cases,38,5056.162133855873,1327.340625649263,1815.730240766159,3291.746777211272,7061.512135896068,13465.233215425014
state,Ondo,hospitalizations,38,80.63548274794125,23.097194064103206,31.569576655411907,52.049631343701726,109.66770716035236,213.8735325716823
state,Ondo,deaths,38,3.7933676566300445,0.9518383910740149,1.3198578923447717,2.5347131089021415,4.541271595905883,10.84202259399181
state,Ondo,cases,39,4814.182300574121,1278.1139482852032,1717.8285490951755,3120.575088697747,6770.756527887813,12569.571327445823
state,Ondo,hospitalizations,39,69.81641759755148,19.548063044876198,27.58460294802254,46.477699203108465,95.87071624502033,185.28552827599702
state,Ondo,deaths,39,3.637990357637666,0.8572787858820621,1.1883411549179228,2.480790570884286,4.620043527908464,10.29670428575233
state,Ondo,cases,40,5065.074679249274,1344.4830210571795,1855.3492536189128,3324.166198451432,7035.359632010888,13448.41883307671
state,Ondo,hospitalizations,40,70.55726467347314,18.39039950210321,26.60246633784645,47.40728247329514,96.97562334631459,189.69743505758655
state,Ondo,deaths,40,3.916834764862745,0.9037483008887477,1.2708578725635993,2.644541611745216,5.007639834822176,11.081257583190533
state,Ondo,cases,41,4909.208582563507,1230.938927098265,1707.4685661885744,3090.2521362095426,6927.759652734977,13188.568503505358
state,Ondo,hospitalizations,41,69.15049382360525,18.375071511186224,25.728824562898716,45.154984664663395,93.49211066598909,184.0322456373972
state,Ondo,deaths,41,3.489360291329307,0.7428695061365347,1.0357636770749987,2.3656992709132334,4.3626122373769185,10.453731386123648
state,Ondo,cases,42,4005.316859220082,1198.219511201817,1575.615977160056,2526.016726180483,5452.768205595885,10622.136294390542
state,Ondo,hospitalizations,42,55.829882185158844,15.779625655946251,21.585466703706587,36.783354642580505,77.17381717541991,146.9059648693027
state,Ondo,deaths,42,3.0622652364658096,0.6883124837823513,0.883695780947205,2.0416684029961076,3.787046898271475,9.251854760274535
state,Ondo,cases,43,2884.068256135333,730.4359130173458,1012.6197836128715,1847.582036948968,4056.9273274394454,7762.158348237949
state,Ondo,hospitalizations,43,36.99072842154975,8.277582985850898,12.781380174733936,24.222886440013557,49.988939977928965,99.69114897728038
state,Ondo,deaths,43,2.218200857099395,0.5839584621854984,0.5839584621854984,1.2996659220582565,2.6663638122394047,6.987012860995605
state,Ondo,cases,44,1914.9746346216473,509.46564438984973,697.7549172833733,1245.4972006334324,2687.072697193259,5049.774319689171
state,Ondo,hospitalizations,44,26.56218464473791,6.804666335808599,9.754325858174505,17.166802026764536,36.81429574431111,70.61197487694879
state,Ondo,deaths,44,1.7477509892702843,0.48422540353969645,0.48422540353969645,0.9304590932033655,2.125419671184553,5.584895274211407
state,Ondo,cases,45,1402.449497366946,361.76275438909494,497.72221792639596,909.101754954076,1949.9333675707835,3742.9028571306962
state,Ondo,hospitalizations,45,23.493939535890526,5.860068174896095,8.488794519311607,15.125315452700814,32.7966010898557,65.35267722660394
state,Ondo,deaths,45,1.6000396734854485,0.4768593909659806,0.4768593909659806,0.8381282393039452,1.9290522713331968,5.405011290841726
state,Ondo,cases,46,825.6717581229859,217.48921538910915,299.7608405799933,537.113333312233,1174.8631056587608,2133.339049403565
state,Ondo,hospitalizations,46,13.429604801941037,3.5143960299579113,4.605132156789326,8.467449832610637,18.43695102187396,37.42511890660858
state,Ondo,deaths,46,1.0283935128957562,0.32755911592397535,0.32755911592397535,0.3584582357755064,1.15500251910776,3.362190672206539
state,Ondo,cases,47,743.9635495481218,193.28427087940676,265.519902768713,483.4804928164576,1043.8325905236763,1952.7649523438233
state,Ondo,hospitalizations,47,11.441609773342375,2.9096887016639785,3.7500117923534177,7.029338303463831,16.065077795705655,31.912801478848095
state,Ondo,deaths,47,0.608320442712259,0.0,0.0,0.0,0.6801275902635584,2.846474934051176
state,Ondo,cases,48,414.7171275353605,110.51238155044058,150.69577661341577,263.38766906242,578.0004693037956,1101.5901649461066
state,Ondo,hospitalizations,48,8.066334854634906,2.0311620533197736,2.3740414786941653,4.922865486333247,11.384568128195344,22.971017881048784
state,Ondo,deaths,48,1.0111450113028209,0.3396730357074657,0.3396730357074657,0.3691698584300339,1.1625769634335759,3.3060951614354277
state,Ondo,cases,49,363.725475493934,93.142243574016,133.20978733043353,239.33626804248564,520.1499219581751,948.4487838892728
state,Ondo,hospitalizations,49,6.875588578456735,1.869647480789224,1.9839806896718604,4.0679608833594,9.70612905231486,19.509423208938568
state,Ondo,deaths,49,0.4896750018381037,0.0,0.0,0.0,0.5015884808367435,2.560442906806832
state,Ondo,cases,50,323.83097959154566,99.48796220493823,129.8613619746759,201.0884165739872,437.84000343987555,855.099157073571
state,Ondo,hospitalizations,50,5.590393001562875,1.3788412641686536,1.4096597541876605,3.3740900435907926,7.864401441744658,16.352775698931147
state,Ondo,deaths,50,0.5299132658003393,0.0,0.0,0.0,0.5476442835403266,2.5508063520741993
state,Ondo,cases,51,314.23679063310465,83.46131731842121,114.00370765325084,205.25514135545217,439.54697568934114,840.1541355879218
state,Ondo,hospitalizations,51,7.865573019209837,2.2344850896301427,2.5140456855848994,4.826624571190965,10.577301514768433,22.269251578115615
state,Ondo,deaths,51,0.5019159876991016,0.0,0.0,0.0,0.5327820682141858,2.4661298446433895
state,Ondo,cases,52,300.2925612656145,79.77513958150364,109.22020913596502,191.62463422041705,424.3490952316869,801.9366116234763
state,Ondo,hospitalizations,52,4.494347427465228,1.0755152389185092,1.0755152389185092,2.5501958282454926,6.352276397222097,13.085902306835946
state,Ondo,deaths,52,1.1282446203211918,0.3782723272758215,0.3782723272758215,0.45893813567318514,1.3131375130784266,3.72863550891551
state,Zamfara,cases,1,2663.870188071142,769.564987946668,1016.3817596480201,1711.548817281462,3694.7680790730446,7032.363951760941
state,Zamfara,hospitalizations,1,15.687057479623137,4.18769365334891,5.555117521807153,9.805287957036034,21.131790589563785,44.03571188772897
state,Zamfara,deaths,1,3.373354854238094,0.7778554867523961,1.0960516000757174,2.306433401802573,4.251977931703266,9.911527357880619
state,Zamfara,cases,2,821.3156484149522,232.63071089536558,307.4171116862192,528.0989449449123,1126.4023288089152,2215.1472580233944
state,Zamfara,hospitalizations,2,45.64432039723495,11.881220155893125,16.708782716178014,29.313633351374158,62.013617671436315,125.59398138255654
state,Zamfara,deaths,2,2.54067145945977,0.6511800838442909,0.6511800838442909,1.6060855384707233,3.162671915273176,7.75878666562805
state,Zamfara,cases,3,1917.8680953603625,538.8432362009224,712.9705578092412,1222.6480196260673,2657.2231226557906,4924.089625783415
state,Zamfara,hospitalizations,3,11.234058996475863,2.7138842088756014,3.4642642301724194,7.07189623569093,15.703367465446096,31.772221095011435
state,Zamfara,deaths,3,7.931264909213797,1.801856864075369,3.2391579394782033,5.62367807760192,9.76633012145856,22.257528415730736
state,Zamfara,cases,4,1175.676353620096,341.58997196159635,449.5237939001749,746.8843068288528,1646.6190798767534,3099.6062236737184
state,Zamfara,hospitalizations,4,12.862286943512398,3.1368643159413407,4.175357648019695,8.067989325086916,17.40918508285324,35.49904153979525
state,Zamfara,deaths,4,2.0222485304728175,0.5427664633651753,0.5427664633651753,1.204367170077211,2.60479017924964,5.8837989402490605
state,Zamfara,cases,5,967.7839866526546,228.04009247442875,327.1752898458973,632.7328053195274,1366.8394007972297,2608.3928686420436
state,Zamfara,hospitalizations,5,15.110812769354416,3.894005926053574,5.071720369016827,9.490703807637145,21.047906939962424,41.75124702314944
state,Zamfara,deaths,5,1.6505142035809688,0.4944400998031696,0.4944400998031696,0.9160665436069986,1.9895945604982028,5.1265907122816055
state,Zamfara,cases,6,1339.7398243964217,341.50962227907786,470.3056613478404,869.801059947443,1874.5916854154061,3559.3757607941093
state,Zamfara,hospitalizations,6,17.597868008419084,4.552792481531087,6.373244385884983,11.222918946185164,23.329082662457004,47.82853910869843
state,Zamfara,deaths,6,2.23332458796703,0.6290385920044911,0.6290385920044911,1.3595754708935155,2.776556239849659,6.860937953123443
state,Zamfara,cases,7,1430.3928044496627,374.33423876357887,513.7992671569511,933.9584697337414,2030.3361939720592,3764.646090026988
state,Zamfara,hospitalizations,7,10.687320753753943,2.5923678775556143,3.3960004655422806,6.7760964178058485,14.65175470045985,30.10094590300299
state,Zamfara,deaths,7,2.500605031890304,0.713590900624941,0.713590900624941,1.540403735984665,3.0519696189612002,7.75997641346891
state,Zamfara,cases,8,1784.3198679616312,510.3712015135915,672.1788655450207,1128.7115814487736,2463.9419109762684,4892.71822647836
state,Zamfara,hospitalizations,8,20.369525254847044,4.654751941995695,6.889654180479184,13.335524324887183,28.312581324744986,54.51721032263077
state,Zamfara,deaths,8,2.7500058129113287,0.7676718765517457,0.7775226361168369,1.7662352657580132,3.3183983783242814,7.72551928504473
state,Zamfara,cases,9,1861.3084253489012,525.0352761836903,702.8212335297608,1196.4542349549138,2551.511270078335,4977.406256145507
state,Zamfara,hospitalizations,9,32.716791405690984,8.205581087269183,11.879098657622333,21.192631066590035,43.706412660950406,90.71999257661673
state,Zamfara,deaths,9,4.227382531449499,1.0539134350211024,1.4897674209502552,2.919303785020378,5.264930202645318,11.448885828363762
state,Zamfara,cases,10,2719.6351848684567,671.794864653212,943.4056819179369,1762.6308566484397,3778.8678949709774,7337.526969986331
state,Zamfara,hospitalizations,10,41.02600649427452,10.525079412652072,14.946819343229162,26.257107718278412,55.67389945196825,110.94687080392727
state,Zamfara,deaths,10,2.884882910427819,0.7932693789179774,0.8797022828513616,1.8900892956449307,3.5924356729595983,8.024155564647154
state,Zamfara,cases,11,4237.5130552552,1072.5928707146368,1510.40589777132,2820.926942702142,5967.4960244792,11348.381207161765
state,Zamfara,hospitalizations,11,56.69832849672583,16.71166112620473,22.52252383556217,37.19390883117486,77.83098892321368,148.88153819318075
state,Zamfara,deaths,11,5.577368979076586,1.1834059754392108,2.0957103274000506,4.048901101031211,7.097321354989629,15.09556152552365
state,Zamfara,cases,12,5454.540372640271,1506.0740260415294,2027.0227539348496,3498.1053814215247,7554.541235815097,14146.4313987083
state,Zamfara,hospitalizations,12,64.67454570152891,18.32659593917198,25.12296089560712,41.93788765835319,86.68605744082444,175.51842893158553
state,Zamfara,deaths,12,8.398449067959572,1.786264975447601,3.5447000397773563,6.064497154932315,10.370911274873906,21.231684348099204
state,Zamfara,cases,13,9378.766893613862,2151.517583407751,3146.6919922704255,6045.371713977041,13201.5075702826,25849.941465286363
state,Zamfara,hospitalizations,13,91.27112303796878,25.04291208593262,34.32512775994332,59.13750048790822,126.71342948880871,244.7554902049939
state,Zamfara,deaths,13,10.668575867124467,2.4235937849208486,4.481133174305748,7.73006022647126,12.625857613335842,29.340717854662863
state,Zamfara,cases,14,26026.63356726837,7538.2123835512075,10048.983419350767,16200.063651154689,36596.44230882747,68809.45366657051
state,Zamfara,hospitalizations,14,256.548177792837,63.30716867141855,93.1878774275546,168.65946892088485,354.460488864514,706.6024392699735
state,Zamfara,deaths,14,19.520687261655123,4.86857686997335,8.823985571573992,14.378184966089329,23.971082392790873,52.72331423358586
state,Zamfara,cases,15,45793.751657965055,12122.345737278725,16778.645709367236,29823.90395141585,62988.08513343819,121757.48367876365
state,Zamfara,hospitalizations,15,485.4872654686575,132.8823297902794,184.78327284770683,320.42973906576384,656.5033192929689,1311.2875586832013
state,Zamfara,deaths,15,34.914876267547385,9.00923257141999,15.902758425926391,25.878296078197703,42.09622740314185,92.05539881721975
state,Zamfara,cases,16,86016.59567419234,21417.92346347845,29971.992043850383,54915.276353466616,119376.45459358656,232246.9091997157
state,Zamfara,hospitalizations,16,914.069152768199,250.31538094049014,350.00783268984617,604.9753425510712,1273.082654735584,2388.976999785736
state,Zamfara,deaths,16,67.31323776652023,18.733839144172606,30.808631922020336,49.953700170015836,80.27089340611303,168.3735735057331
state,Zamfara,cases,17,172284.17534017793,42817.20403407991,59187.65292949496,109112.84061648215,241728.35229710548,455025.70938493666
state,Zamfara,hospitalizations,17,1299.3978788741738,380.73688875540176,512.0187452103341,856.6290120679137,1793.5515148205577,3422.4086634169876
state,Zamfara,deaths,17,105.73837388891977,29.900490748822843,48.73799660675361,79.82684347867877,127.14006019337336,272.5052931771915
state,Zamfara,cases,18,123020.78029176223,33619.12971528174,46056.88904778229,78859.70397133114,172659.85841755557,320075.6111924223
state,Zamfara,hospitalizations,18,1632.0325918504766,464.61339386393195,645.7515184292446,1072.4162258106662,2247.771617156288,4123.164785944924
state,Zamfara,deaths,18,173.35242626010412,48.792297395686774,79.73210677415264,130.56213532076842,205.45870422600126,455.1176442812584
state,Zamfara,cases,19,107418.00661392637,32000.58458578702,41460.633063603585,68897.29324721724,143664.72741858396,291080.7568207
state,Zamfara,hospitalizations,19,2613.268515146602,693.811661004917,979.0198576953613,1729.170685991393,3599.4608580294416,7061.127882521533
state,Zamfara,deaths,19,418.35869700733963,108.86627201675778,189.53461339836255,309.02165815090837,502.4075235789991,1104.2757886451566
state,Zamfara,cases,20,39379.69416789743,10275.88330145088,14089.573745585116,25535.007525139696,54482.36250165159,105114.6135854209
state,Zamfara,hospitalizations,20,1409.0442601496056,415.56614190921374,566.3407638702915,926.6581767653364,1868.1933361227461,3765.7207972287
state,Zamfara,deaths,20,382.3899120550979,103.696622944075,178.08821078938098,286.91926496787505,460.05850048312294,985.0135831609184
state,Zamfara,cases,21,13583.685314408862,3734.720342907444,5055.155848341534,8781.046718318834,18715.385083683585,37650.44793353512
state,Zamfara,hospitalizations,21,644.6472634820235,175.95182846253172,245.86287284522737,427.14363011862673,878.0000368613198,1730.5323255459818
state,Zamfara,deaths,21,206.9212401415237,58.66042918052805,98.78790935349556,156.91339860425006,248.3888152312971,537.7879072684956
state,Zamfara,cases,22,8403.468629988412,2397.4857235846516,3172.6782287065707,5389.170353602731,11730.083992425225,21878.846262027797
state,Zamfara,hospitalizations,22,120.6609861038134,30.83425471390195,44.344534503777574,78.45157739192764,167.26307235301147,323.9918228617117
state,Zamfara,deaths,22,84.94876003323337,24.8764970362035,40.857415293358116,64.44366965311177,102.54172057795142,209.04589692450367
state,Zamfara,cases,23,9702.09151045808,2633.0979124151154,3561.0200525268106,6327.4359649046255,13147.092500150822,26443.16158750732
state,Zamfara,hospitalizations,23,67.97410521360037,17.793912242742532,25.181643231108087,44.08805822213426,92.21640571573388,184.49408492368238
state,Zamfara,deaths,23,37.37826856811012,10.283967034966748,17.39760055682897,27.705802607370796,43.931069778623595,97.55675871900961
state,Zamfara,cases,24,13717.39969740154,3924.443503503679,5253.793838870399,8798.850983109975,19001.46759416669,35780.62072477954
state,Zamfara,hospitalizations,24,112.69890708130711,30.804105375403143,43.42879168223776,72.8461925137392,151.81022906964142,302.58232217011056
state,Zamfara,deaths,24,16.004862972673745,3.8777981161359483,7.152424460999533,11.90050765512769,19.573111899155293,41.61972436034907
state,Zamfara,cases,25,23521.99453034747,6709.671614532219,8926.649518222279,14969.837756724342,32804.831301164966,62285.45426051387
state,Zamfara,hospitalizations,25,289.3575831889954,72.45257398061872,104.62557163152971,191.38492142969662,406.53717003616293,770.5439186817899
state,Zamfara,deaths,25,22.73305892873907,6.391988870747449,10.642701528458257,16.968385117272174,26.688580572917825,58.07199092279669
state,Zamfara,cases,26,53733.39295833754,14237.434515289053,19487.753110096135,34686.76952767731,73660.88836674512,144524.07819909364
state,Zamfara,hospitalizations,26,425.6203616817609,116.83865274307446,161.28618917005502,283.7446263697447,582.2328049760683,1162.571048043326
state,Zamfara,deaths,26,48.58131089854978,13.505760059808452,22.926180399564366,37.048954944440176,59.70054732230384,119.25838414645405
state,Zamfara,cases,27,46062.071247986554,12842.351805250624,17167.05520670749,29654.489230660824,63260.812479691755,119878.1445350348
state,Zamfara,hospitalizations,27,487.56797047516113,130.06118196098885,185.4554999094583,317.924138572601,672.7523650340535,1306.2224440304633
state,Zamfara,deaths,27,61.50116291592994,18.260225314440003,29.193288429299834,45.77104041660294,74.79003871952786,156.07424589110335
state,Zamfara,cases,28,51902.18695569291,15334.370058416464,20392.577080025636,33844.44203799724,72502.85827146696,134472.16211598433
state,Zamfara,hospitalizations,28,580.1221148589347,162.43310087250734,225.40078650175352,371.81217833520424,768.1337278276183,1510.636308753971
state,Zamfara,deaths,28,73.82861495724244,21.850098842264288,34.48164719086036,56.20177276259384,90.01683861532072,192.66214329024754
state,Zamfara,cases,29,39567.86599615195,11052.78732604053,14798.290321278106,25137.86718766063,55142.5000944756,108616.97956018444
state,Zamfara,hospitalizations,29,549.3087948154517,147.3389539758498,205.59435337613317,365.4280163739197,754.8899291583639,1465.0454423076153
state,Zamfara,deaths,29,65.71210223275922,19.403362671727297,30.800081692558265,48.69170617278794,79.2156554516232,168.36887632992315
state,Zamfara,cases,30,38344.1436768368,11751.827705060534,15314.663710005854,24241.820164749242,51829.8072920337,99682.68128925007
state,Zamfara,hospitalizations,30,529.780972415114,147.76536149481578,208.15399111547205,353.92239042243784,726.2186744643573,1391.1655595940563
state,Zamfara,deaths,30,54.317161043125246,15.593434441230698,25.174957952402984,40.26260389728937,65.59083571256271,137.65771868582803
state,Zamfara,cases,31,24062.776698447153,5958.953824903038,8259.679897530927,15697.200692190818,33097.26506409458,65722.37894908097
state,Zamfara,hospitalizations,31,532.908142060169,131.07761938999005,190.7267570506754,347.47184696758154,725.6381381216825,1437.6079680735772
state,Zamfara,deaths,31,69.24659250014142,18.944629431102147,32.3034334463608,52.86495193889884,85.40608577998394,175.32567540219628
state,Zamfara,cases,32,19016.71760549521,5844.686166379426,7548.27729448114,11961.089925381091,26109.26817757592,49520.0752852247
state,Zamfara,hospitalizations,32,302.4650688439423,80.70037983295327,113.58069075462106,199.19889491785324,408.39522611533664,810.7787131576691
state,Zamfara,deaths,32,72.02745019569714,19.500305062762774,33.02843372519143,53.43478589793834,83.96064003788536,186.8703287870741
state,Zamfara,cases,33,12922.087602141108,3556.648075659638,4752.148534823371,8155.621320717316,18013.661707961815,34474.22945307286
state,Zamfara,hospitalizations,33,177.77450466574078,52.61583673955897,71.08455751313969,117.42014818543768,239.04019503310374,475.9369030848108
state,Zamfara,deaths,33,51.79941790379712,13.91305553748622,23.705016161331596,38.67949792503552,64.19360181687031,132.3906371707768
state,Zamfara,cases,34,9900.436852606048,2546.4195213359467,3478.317024304134,6314.846076618238,13709.246268857873,27208.145228963665
state,Zamfara,hospitalizations,34,125.17017324243899,33.803883759233436,47.12605404265805,81.79189165158196,170.4213916975024,332.9233337407908
state,Zamfara,deaths,34,23.960951245866443,6.41807523330213,11.324454333794193,18.12081406852953,29.233829566168232,60.57822761078623
state,Zamfara,cases,35,7875.984403706761,1938.4268972250659,2695.9990228929005,5174.663406685219,11272.101574174987,20737.37374789066
state,Zamfara,hospitalizations,35,97.65081622247617,24.06085229483565,34.726856022863025,63.842227375077485,130.1965326081674,266.2112495947241
state,Zamfara,deaths,35,17.47835175397799,4.497575416899474,7.871144032677756,12.908729847173118,20.52793537353574,47.59228165182615
state,Zamfara,cases,36,6933.487365871254,1760.6134413071306,2448.090328315626,4387.297900107269,9732.986320052736,18866.980585877052
state,Zamfara,hospitalizations,36,82.87372962019384,21.252654346315726,30.455985231860897,53.84700746760086,112.9955913556118,221.88704426065982
state,Zamfara,deaths,36,14.265645857098779,3.5186168835673337,6.33525457551783,10.527535622901633,17.44387787044337,38.24988865433464
state,Zamfara,cases,37,5991.631361938602,1672.8703629217796,2247.437729565613,3837.667066678189,8349.33800229021,16287.525584703299
state,Zamfara,hospitalizations,37,68.08483564914586,18.141082044266657,25.71934596001368,44.84740910014691,92.82385930872637,184.5100173837395
state,Zamfara,deaths,37,11.941404393195004,2.7395738394671008,5.1504152306238264,8.797023050416772,14.678416311505183,31.508085112576364
state,Zamfara,cases,38,4931.666364765684,1294.6399165506084,1771.0064959924985,3210.6868800599013,6887.649234768015,13133.725342723288
state,Zamfara,hospitalizations,38,67.6871838145463,19.27502454824978,26.403562608074758,43.635179303776845,92.11418057246607,179.79142891370262
state,Zamfara,deaths,38,11.125032371790752,2.683453032890235,4.943024556526385,8.055247252774034,13.19565968998439,29.33695784007717
state,Zamfara,cases,39,4876.331391446872,1294.6233479395223,1740.0133024490947,3160.8649555695492,6858.158932521518,12731.81847220266
state,Zamfara,hospitalizations,39,59.6720058568373,16.60440657191666,23.489654859185208,39.67618042855392,81.99329576542988,158.5987987321599
state,Zamfara,deaths,39,10.596465481688924,2.3920588036717674,4.5435948376536,7.817680276378658,13.236922894168401,27.617270858457516
state,Zamfara,cases,40,5008.591529549482,1329.4818369632706,1834.6522723413295,3287.092947057583,6956.909198568937,13298.467325169522
state,Zamfara,hospitalizations,40,56.11041924880455,14.475487156902084,21.029541643215353,37.633875394612446,77.19439205576492,151.19571452190817
state,Zamfara,deaths,40,10.479191145298145,2.316527481743917,4.36694686374482,7.613511840290509,13.198459603994575,27.552851448602414
state,Zamfara,cases,41,4844.223865979446,1214.6346905917685,1684.8576437196616,3049.3406065700897,6836.060191349369,13014.009651950648
state,Zamfara,hospitalizations,41,52.55366510118627,13.790801085159455,19.404607390569296,34.23440916692778,71.13465055706264,140.25238908062997
state,Zamfara,deaths,41,9.752706386613072,1.9270741562606042,3.9484325424974553,7.181173477059451,12.03516965503526,26.84115747931712
state,Zamfara,cases,42,4236.477535504426,1267.413337592463,1666.5852210635371,2671.8231903051023,5767.445449309709,11235.08116529377
state,Zamfara,hospitalizations,42,41.4606889037258,11.536244518821663,15.873852788785825,27.22836350779327,57.404526249573166,109.50218755844244
state,Zamfara,deaths,42,8.02546902620061,1.5571047707612138,3.2613082811717975,5.88088113025783,9.829287189731055,22.191809436108088
state,Zamfara,cases,43,2967.7746128399085,751.6575376050362,1042.02859187572,1901.2161466631694,4174.6626051506555,7987.3958969405785
state,Zamfara,hospitalizations,43,34.53225866111609,7.676847100194685,11.889017407679205,22.589670865714062,46.68733803451035,93.17126263933449
state,Zamfara,deaths,43,5.840246209889398,1.2857385936477468,2.212305659795665,4.063321143461043,7.07246706231008,16.585515663065884
state,Zamfara,cases,44,2163.6114775591914,575.7089880937367,788.4326399844001,1407.2556723248829,3035.905033978721,5705.21545056068
state,Zamfara,hospitalizations,44,23.822322685315452,6.037996610485816,8.68345491647237,15.357827605617521,33.04890579541596,63.481152918886536
state,Zamfara,deaths,44,4.37598432038934,0.9955215343702621,1.476988933523334,2.9688409250244745,5.425566613944849,12.537920561644007
state,Zamfara,cases,45,1725.9730944298244,445.3869328155964,612.6878124714332,1118.898683171577,2399.663109817054,4605.948461311935
state,Zamfara,hospitalizations,45,14.063206016999272,3.590216563080668,4.823819204333993,8.89703398237311,19.742918825751538,39.72445610502113
state,Zamfara,deaths,45,3.8267231498108734,0.9333943395481583,1.2739184480213543,2.5979127735209557,4.733264065042025,11.537031663575254
state,Zamfara,cases,46,1153.5837926316403,304.1563144310771,419.06224185085466,750.5642419573986,1641.2872449758138,2979.957375412795
state,Zamfara,hospitalizations,46,14.354943201011983,3.741687578320821,4.967640865493574,9.079751722653466,19.69402468561489,39.910241441992454
state,Zamfara,deaths,46,2.4659595840035156,0.612797367106393,0.612797367106393,1.5414027262194572,3.0315772195556274,7.160783287022472
state,Zamfara,cases,47,1223.3762930830812,318.31368390838463,437.03572776514886,795.2623543467226,1716.2226142523987,3210.087967132613
state,Zamfara,hospitalizations,47,11.855166715813674,3.0074105967158475,3.909540938410193,7.299003630403557,16.63820843351246,33.01817791658857
state,Zamfara,deaths,47,2.74608820180219,0.6691244436562311,0.7370300000077398,1.7733681687591352,3.3664079183477735,8.133665048725247
state,Zamfara,cases,48,1021.7921631954799,273.35480136515076,372.2183286021975,649.4750900347786,1423.5194707308647,2711.7113732579287
state,Zamfara,hospitalizations,48,8.25883333097762,2.075197919055064,2.447191150478471,5.051274004451273,11.653067226232064,23.49071276370123
state,Zamfara,deaths,48,1.3455411262417387,0.4126095263039965,0.4126095263039965,0.6631656544061362,1.6269375625291964,4.230723955109491
state,Zamfara,cases,49,590.7551680147958,151.74271447034744,216.7509951653255,388.9377428542017,844.548721847884,1539.4496323459712
state,Zamfara,hospitalizations,49,9.138290015598391,2.420998500969244,2.8639437919961406,5.562480803282022,12.86332057415245,25.557564115575527
state,Zamfara,deaths,49,1.5760068976398913,0.46805480446077485,0.46805480446077485,0.8257663860683138,1.89672928696123,5.226727666244431
state,Zamfara,cases,50,712.4948406550595,219.72292079813096,286.4384294485425,442.88944294352353,962.9169229521021,1879.4312705309346
state,Zamfara,hospitalizations,50,8.267364228966665,1.9572925439326303,2.4205598518475684,5.209107640807468,11.583193801364422,23.63260955025995
state,Zamfara,deaths,50,2.194493317098754,0.5940924290715309,0.5940924290715309,1.302352680568875,2.6628948765416656,6.634937240523237
state,Zamfara,cases,51,637.8020455547189,170.15407806587308,232.04577980168858,416.9594835343567,891.7330742966349,1703.531318699284
state,Zamfara,hospitalizations,51,6.619425768111491,1.9124130438098668,2.0075415749445478,3.9867922068672548,8.90858365164909,18.915290750518025
state,Zamfara,deaths,51,1.5939925362517227,0.44848033374356777,0.44848033374356777,0.8270509788958239,1.9540691929484737,5.114449751962609
state,Zamfara,cases,52,556.2457969863776,148.39501607243272,202.85418088642894,355.2625886429943,785.6904996730389,1484.0451341850955
state,Zamfara,hospitalizations,52,8.022132960662496,1.7975075543675136,2.183684128528296,4.933438774119337,11.287852266132358,22.541754584603186
state,Zamfara,deaths,52,1.1858944195193166,0.39137708397226856,0.39137708397226856,0.5094811649263518,1.3932731775945741,3.8924529847979943
state,Plateau,cases,1,1827.4357082651773,527.7043796007223,697.0516899491238,1174.0236179163292,2534.761162210637,4824.771197482986
state,Plateau,hospitalizations,1,36.959802832058514,10.066510758315596,13.940638597295646,23.627766286222172,49.44350213549523,101.64686987655891
state,Plateau,deaths,1,1.7420470507819594,0.46995724209300005,0.46995724209300005,0.9976491123857554,2.173089483011174,5.5924215891842195
state,Plateau,cases,2,596.4541072272904,168.74458417266075,223.0807048622853,383.41727139241925,818.1150845090141,1609.143603710727
state,Plateau,hospitalizations,2,39.24497619088923,10.113446697914208,14.27849151084889,25.15349667139143,53.365849877495286,108.22066755672482
state,Plateau,deaths,2,2.9916448609471717,0.7401283311250169,0.8690684222128376,1.96206500814696,3.7312740271227582,8.955197215554668
state,Plateau,cases,3,1254.6223657425232,352.2495240332838,466.19073762002927,799.7011138253843,1738.423576852852,3221.760700630004
state,Plateau,hospitalizations,3,19.553466785566943,4.576370666427229,6.528002780415556,12.611483140898297,27.166566815720167,54.263165172038
state,Plateau,deaths,3,1.633313229730436,0.4981152210819155,0.4981152210819155,0.8310859956643653,1.9763035097924941,5.4294390634438665
state,Plateau,cases,4,942.0071238449675,273.55704631414596,360.05692597838504,598.3663652555778,1319.4281066128274,2483.8750875012256
state,Plateau,hospitalizations,4,16.08893519785016,3.872784163020678,5.38951549015403,10.19537280275973,21.72804726703512,44.06185024401808
state,Plateau,deaths,4,1.9241842766316406,0.5231630889443348,0.5231630889443348,1.1247509116810877,2.4745941255836374,5.635173247300352
state,Plateau,cases,5,883.3023884655954,208.06693712943945,298.55717336827325,577.4689271438059,1247.5586733753685,2380.844020934022
state,Plateau,hospitalizations,5,14.55307406354107,3.758302132164941,4.860124520126702,9.12510901032745,20.27955047726727,40.26139145418497
state,Plateau,deaths,5,1.0971127016818834,0.3716013745916994,0.3716013745916994,0.4400388675938105,1.2468595257448776,3.6045001834416115
state,Plateau,cases,6,739.5079358845147,188.1724917835159,259.30820902369453,479.95468168704707,1034.9135324069123,1965.4415553448673
state,Plateau,hospitalizations,6,13.953211418884054,3.656121882403789,4.92108694892223,8.815620107281251,18.53747987896565,38.211778495356526
state,Plateau,deaths,6,1.4351490923175803,0.45524240729506915,0.45524240729506915,0.7076516945343332,1.7331368468758406,4.689050501613008
state,Plateau,cases,7,1114.7584442971674,291.56982781559,400.28162420741097,727.7921278000704,1582.4091834087453,2934.2889089012997
state,Plateau,hospitalizations,7,14.028888236563434,3.341265614484519,4.6659416759260655,9.022498658728084,19.17332117087652,39.08556116720269
state,Plateau,deaths,7,2.755483914754123,0.7696865838331973,0.7740988280939918,1.7401059506150143,3.3704966684452478,8.448601872918294
state,Plateau,cases,8,1100.8410513235006,314.6015862499811,414.46398617506907,696.2210520555317,1520.2815559725905,3019.24288885569
state,Plateau,hospitalizations,8,18.505905965485184,4.247636949247464,6.199607418697348,12.081707375177443,25.748837545879063,49.66155121135069
state,Plateau,deaths,8,2.537480794457817,0.7209894754330662,0.7209894754330662,1.5980195108122894,3.055795029882351,7.194917339506642
state,Plateau,cases,9,1727.5824687760758,487.26249400582066,652.2822538264386,1110.4691688713906,2368.224223417311,4619.9240422708235
state,Plateau,hospitalizations,9,25.421618336071532,6.211877123253584,9.089800534752104,16.386249360758843,34.02409589092949,70.85568297508918
state,Plateau,deaths,9,2.3639597254286935,0.6612489202944752,0.6612489202944752,1.4590590745234047,2.9307576832783377,6.810710101356577
state,Plateau,cases,10,2817.392656837541,695.9696329161828,977.3399309826457,1826.001386806807,3914.685564258133,7601.213865073472
state,Plateau,hospitalizations,10,34.161552983822645,8.641611669892487,12.340735796454258,21.802658311887097,46.412057719493845,92.6521317819466
state,Plateau,deaths,10,4.702896256853134,1.1828458436838702,1.8028285116293534,3.3094189717643454,5.847791673939646,12.45593966700088
state,Plateau,cases,11,5399.666373109056,1366.9601406651911,1924.8166488579568,3594.6680439914994,7603.9915046207425,14460.2557852376
state,Plateau,hospitalizations,11,71.73727705537162,21.328512361047874,28.654077078536467,47.149812678601364,98.37965152243046,187.95075704039434
state,Plateau,deaths,11,2.7783403302921896,0.6661427072658332,0.7425844563947785,1.842041292642725,3.558006027485468,8.060238964567308
state,Plateau,cases,12,11453.480455079287,3163.2603292285553,4257.04694139958,7345.739546234581,15862.653002590707,29703.01928629712
state,Plateau,hospitalizations,12,121.25918851081195,34.97864181472452,47.63084301866823,78.93372889892146,162.23750249336177,327.60899809858154
state,Plateau,deaths,12,6.232531175620957,1.371462636106357,2.4893402616842364,4.423995893129767,7.7303844425782,16.06909380199229
state,Plateau,cases,13,23739.073559549804,5446.99528047079,7965.769354383716,15302.29174341477,33414.382753532744,65427.41191366375
state,Plateau,hospitalizations,13,272.11068068805,76.0836770238651,103.55784399568347,176.99928246643472,377.01535856826,726.4047069427404
state,Plateau,deaths,13,30.819969837679984,8.343105222466011,13.95820100253854,22.824634702178084,36.18543420322271,81.80086285056228
state,Plateau,cases,14,83260.91489827474,24116.799962754812,32148.709731712577,51825.900801321935,117073.5361516137,220122.3593707372
state,Plateau,hospitalizations,14,573.1601602086066,142.3619704995267,208.9759635535554,377.227128964108,791.439119481727,1576.4801179996866
state,Plateau,deaths,14,49.64736758080521,13.484792153513242,23.24751217819669,36.95635941514002,60.633500987007125,131.59961617830942
state,Plateau,cases,15,102061.4913465029,27018.22872392003,37395.69684859646,66469.58650272687,140382.40035931842,271361.41025265417
state,Plateau,hospitalizations,15,1061.6173362769057,291.4345502019283,404.7999880594091,701.0878805475085,1435.1617977137598,2865.3844030817845
state,Plateau,deaths,15,82.57172398176192,22.290892962028792,38.331720434330094,61.54420730981267,99.28237553195646,215.53441639265355
state,Plateau,cases,16,137876.32995430534,34331.324154069145,48042.61341836033,88024.12434000126,191348.7414929877,372268.43344493135
state,Plateau,hospitalizations,16,1877.9960781199522,515.049102660577,719.7568291624818,1243.3051857298142,2615.1916880343733,4906.560697253518
state,Plateau,deaths,16,151.82808974496214,43.14788463175899,70.16120700731082,112.9919130906352,180.8165233738908,377.91689134437684
state,Plateau,cases,17,158977.12000613185,39509.9884871766,54616.00781768961,100685.04691962534,223057.53015277834,419880.11088350764
state,Plateau,hospitalizations,17,2300.4800428405733,674.6084774970772,906.9547289994783,1516.8554867716502,3175.046780993298,6057.8431012844485
state,Plateau,deaths,17,165.90212701570434,47.31774594181813,76.77312998796585,125.38540016166831,199.36700788088842,426.6682651061611
state,Plateau,cases,18,143006.82273387603,39081.03522343978,53539.425254948364,91671.3652304028,200710.23483253704,372075.0597522485
state,Plateau,hospitalizations,18,2145.0216777397427,610.877828810327,848.9173780037671,1409.6114607406364,2954.1845215990156,5418.700180741442
state,Plateau,deaths,18,228.67379322720683,64.59120547771455,105.34809962656874,172.30630443372377,270.9672720448402,599.8420517398073
state,Plateau,cases,19,34318.32069383974,10223.192894074637,13245.585743566564,22011.32999396318,45898.79303860867,92996.77083547114
state,Plateau,hospitalizations,19,1117.872813945842,296.3703251241432,418.43571195896163,739.4904786275328,1539.950269027493,3021.4985882596484
state,Plateau,deaths,19,115.99829423616055,29.651960986567307,52.15789303915297,85.49398579013499,139.44735922899395,307.36461209661553
state,Plateau,cases,20,7154.595625558204,1866.3419234996768,2559.3014366797624,4638.972646547861,9898.797822769939,19098.836624080075
state,Plateau,hospitalizations,20,482.76243422710536,141.91682645849284,193.64505953666847,317.2638945497098,640.2887480765202,1291.2984571618238
state,Plateau,deaths,20,28.309637902084688,7.003840233261993,12.690923226670058,21.010832174711666,34.24696854859833,74.37869862012404
state,Plateau,cases,21,4424.734378082567,1216.0547617302182,1646.2374766910157,2860.0899090879802,6096.583196162144,12265.409095784298
state,Plateau,hospitalizations,21,80.48573858653603,21.33269233237758,30.1560080245606,53.035044727052096,109.9366179142308,217.5328008530449
state,Plateau,deaths,21,12.501897893871313,2.873135070364445,5.478197636592183,9.251684921069621,15.190238315352794,33.97793039361789
state,Plateau,cases,22,3351.300985438173,955.687020764489,1264.889031412969,2148.9840363003395,4678.192243962163,8726.241829866
state,Plateau,hospitalizations,22,52.606598449238355,13.026541096918494,18.979326748935105,34.00728462212762,73.13865726288275,142.1951588155624
state,Plateau,deaths,22,6.095858345553808,1.4016209264415198,2.4419456363543315,4.381449179574289,7.514261351929438,16.27212617612693
state,Plateau,cases,23,6228.020999096212,1689.992112403015,2285.683340302109,4061.6186483286724,8439.582487883032,16975.160397388674
state,Plateau,hospitalizations,23,50.05902439168119,12.91205043861932,18.380762051699314,32.376091793126356,68.00273457033279,136.31058399085214
state,Plateau,deaths,23,4.293228821422072,1.0112024412689218,1.5121400875774398,2.919695791486988,5.135209926966392,12.457645398645171
state,Plateau,cases,24,9726.899332499548,2782.5840972567107,3725.244066737072,6239.091147140558,13473.902022292907,25372.22224473938
state,Plateau,hospitalizations,24,109.14388984591946,29.80968822867727,42.03963918963855,70.53724782910504,147.03232036294096,293.09023103767805
state,Plateau,deaths,24,12.92989079132271,2.994965911812235,5.676917954553911,9.565646035415277,15.849586387173343,33.905984613669595
state,Plateau,cases,25,14535.87275274872,4146.098670625616,5516.159172064756,9250.76270354441,20272.532545268663,38491.13409614386
state,Plateau,hospitalizations,25,229.74542038201653,57.372317592500956,82.94000480898016,151.88713689823487,322.8673314072954,612.1412994422708
state,Plateau,deaths,25,15.386229011061072,4.102857805058299,7.037221295281793,11.4039843461905,18.114056035261946,39.778736982898934
state,Plateau,cases,26,24257.27634638091,6426.910695474544,8797.155753944315,15658.719087073145,33253.501369025005,65244.53629282125
state,Plateau,hospitalizations,26,418.271225215379,114.80871601757543,158.49058104174566,278.8394992234197,572.1857986434517,1142.5268982828884
state,Plateau,deaths,26,27.003708904114454,7.192820868578851,12.51345322649172,20.48996473201987,33.283533491929006,66.92166664789376
state,Plateau,cases,27,37126.10802012938,10350.81756003527,13836.554094546704,23901.49981658906,50988.39523241948,96622.29992178897
state,Plateau,hospitalizations,27,505.45808855229825,134.8603095385311,192.28302670428207,329.60233043434755,697.4234652567857,1354.0896094814534
state,Plateau,deaths,27,39.665715524678724,11.531460328694259,18.6449413216844,29.431078969413246,48.311980935752615,101.19868401893412
state,Plateau,cases,28,38594.121283452056,11402.355016262323,15163.629129207755,25166.41296567482,53912.74533309963,99993.01396423248
state,Plateau,hospitalizations,28,493.67627768798786,138.12132394108343,191.72214129986543,316.35385031832203,653.7198941455023,1285.7702042520666
state,Plateau,deaths,28,59.072982932454266,17.34423366703486,27.484937043534266,44.92201954876408,72.06901238020184,154.47344602309192
state,Plateau,cases,29,44319.72419505592,12380.245887508927,16575.549468860594,28156.81476549772,61764.72912337115,121661.00353528744
state,Plateau,hospitalizations,29,671.260469434743,180.21174107113063,251.37688056536004,446.6306259727912,922.3995956532151,1789.9297589708617
state,Plateau,deaths,29,58.95827303730226,17.337758052987805,27.58069101283162,43.660995331883846,71.09474758648543,151.2222354135908
state,Plateau,cases,30,30739.565033768464,9421.016186532985,12277.273365739577,19434.003195113964,41550.76247979366,79913.49225756105
state,Plateau,hospitalizations,30,421.3896967810456,117.38584877563066,165.4424602220239,281.44335924327606,577.7126731443611,1106.8701369235507
state,Plateau,deaths,30,58.409010271739895,16.820862433522002,27.11113796393797,43.31482766915154,70.51660656929252,147.9143274587141
state,Plateau,cases,31,16389.43114312038,4058.471379218453,5625.552587839487,10691.43123141356,22543.043742094575,44764.81255957354
state,Plateau,hospitalizations,31,502.74351456085344,123.6155264267282,179.8946199235484,327.78395942719834,684.5846927131527,1356.3298041799906
state,Plateau,deaths,31,39.99806854127411,10.640298203005257,18.436906453375826,30.4372400562912,49.429245051051524,101.90907883839536
state,Plateau,cases,32,12663.711430210187,3891.8924040482552,5026.386588894084,7965.067230034002,17386.944163123357,32977.20175959825
state,Plateau,hospitalizations,32,282.6612233474905,75.36868974625907,106.10326244557196,186.13410298441195,381.67847800373625,757.8027964436759
state,Plateau,deaths,32,31.38539011311764,8.091219149624722,14.090504622593368,23.140058718441576,36.67728310930326,82.31438607797776
state,Plateau,cases,33,9155.885641790263,2519.835390541894,3366.928695663214,5778.520417769371,12763.611849262246,24427.042530947794
state,Plateau,hospitalizations,33,182.2418608699778,53.95563091967246,72.88586243543892,120.37932284343502,245.03850590272353,487.8549729293295
state,Plateau,deaths,33,18.91022504878492,4.623269983038608,8.315527288240546,13.961959275416609,23.582569498347972,49.29764451257855
state,Plateau,cases,34,6712.33080567428,1726.1907302079587,2358.0319778507856,4281.243543157932,9294.763837132303,18447.230855867165
state,Plateau,hospitalizations,34,115.32048269687283,31.086858998130865,43.36901125419706,75.3286009110424,157.03908732461161,306.8550371001052
state,Plateau,deaths,34,13.815982562259727,3.4019883519668834,6.313501510223924,10.346555294010367,16.941172258289487,35.54137119835897
state,Plateau,cases,35,5223.003990284819,1285.2249473544348,1787.6456206205862,3431.492043042675,7475.303695442553,13752.657701799852
state,Plateau,hospitalizations,35,94.82987155683469,23.344230980338693,33.7052376746625,61.988047729877906,126.4449350747316,258.57027734525286
state,Plateau,deaths,35,10.779073629191972,2.502529040948077,4.651844175774995,7.86131185443562,12.715540600985095,29.958352499952895
state,Plateau,cases,36,4577.566545367578,1162.1233777906382,1616.0370572735726,2896.418784757357,6425.964498832802,12456.778078060965
state,Plateau,hospitalizations,36,78.19165300682548,20.010436298812404,28.700006284410733,50.78526294636427,106.63197384221606,209.444739417997
state,Plateau,deaths,36,9.168747285440189,2.048858948694056,3.880570360748077,6.669938120672467,11.271781810025125,25.115227666176082
state,Plateau,cases,37,4216.051692238563,1176.9129100749083,1581.2395137768594,2700.293717529616,5875.184413240859,11461.336031099245
state,Plateau,hospitalizations,37,70.73727652468821,18.876039384986825,26.745284797073104,46.60780539295979,96.4264003758496,191.63301851491883
state,Plateau,deaths,37,8.519653432427988,1.7722930531662833,3.519447196671593,6.199047007504581,10.520811520898775,22.887586223392763
state,Plateau,cases,38,3448.476516972607,905.0575226652247,1238.1867488770247,2244.9736080613507,4816.320291258409,9184.280997362006
state,Plateau,hospitalizations,38,61.1675674050253,17.350464045296714,23.802341874151907,39.39828662205171,83.27552916821526,162.63021450768625
state,Plateau,deaths,38,8.652874787960227,1.9396449308229178,3.727378768615119,6.202996252188598,10.291937226007613,23.131532527500845
state,Plateau,cases,39,3529.184486363076,936.7647479699058,1259.1354424338763,2287.539719425437,4963.619893482981,9214.940978927987
state,Plateau,hospitalizations,39,59.244555598523256,16.480367306698394,23.31710267562974,39.3895792578963,81.40853152570767,157.47427813877417
state,Plateau,deaths,39,7.594092710105968,1.6071484943427765,3.1025034681291093,5.525470380517282,9.535947748579352,20.178036343454014
state,Plateau,cases,40,3356.108512569692,890.6040108943668,1229.13699485179,2202.4700349471573,4661.746665555658,8911.45418046774
state,Plateau,hospitalizations,40,56.00996650492743,14.448264924405755,20.990790468643656,37.56591628433931,77.05684382229936,150.9279938948511
state,Plateau,deaths,40,7.0160620535033695,1.4884945137640977,2.7401558393248115,5.00264497198266,8.894722818299675,18.898112797850462
state,Plateau,cases,41,3438.587262576228,861.9697436818027,1195.777411786883,2164.413402370546,4852.576593798616,9238.255534812482
state,Plateau,hospitalizations,41,51.44205636945037,13.483746511821174,18.981011130950016,33.502948686100105,69.63714719519753,137.32001294951678
state,Plateau,deaths,41,6.74836308773933,1.2984388887517717,2.5582490663395947,4.8828028140840365,8.373145911613948,19.019626771873842
state,Plateau,cases,42,2925.4386269445417,874.9772187489289,1150.648773062172,1844.8748067842885,3982.738306301818,7758.7348097057375
state,Plateau,hospitalizations,42,44.905833228640994,12.553715767523727,17.24337458150805,29.519444239663827,62.144775704965205,118.47080639724966
state,Plateau,deaths,42,5.189672405634488,1.063413884091731,1.9102308821376557,3.6992499580640574,6.395786442004766,14.838685112698185
state,Plateau,cases,43,2112.5953067776436,534.8485053774639,741.575851696121,1353.2675495388762,2971.8295461576895,5686.2744746035305
state,Plateau,hospitalizations,43,32.230747689950164,7.1144193767468655,11.053559477584104,21.06060336819077,43.59627504142908,87.06714114810072
state,Plateau,deaths,43,5.427951475415921,1.206927042417584,2.01540187754575,3.7529561939571856,6.5776513551529305,15.50758133377387
state,Plateau,cases,44,1485.3935393357035,395.0140297075188,541.0869232092731,966.0197884365252,2084.3793250565486,3917.339095815423
state,Plateau,hospitalizations,44,26.34104621231461,6.741948904054008,9.667905290137911,17.020815623593766,36.51042426401344,70.03650900129063
state,Plateau,deaths,44,3.6675798840035885,0.8600101094828303,1.139818628086923,2.4285981775465633,4.550911814924779,10.695124758656474
state,Plateau,cases,45,1166.0477741717204,300.6577838080225,413.71578097605465,755.8011740939944,1621.3116317704744,3112.2673490046673
state,Plateau,hospitalizations,45,17.337507634170304,4.375442522359726,6.097562428744663,11.061641009910728,24.279658614847214,48.631411869200385
state,Plateau,deaths,45,1.9098979019979527,0.5422447947815185,0.5422447947815185,1.0901663861215396,2.3306743620085655,6.283245541081424
state,Plateau,cases,46,775.1753874744445,204.1430325848864,281.38918250257433,504.24324907038795,1103.0367506008488,2002.9652043201772
state,Plateau,hospitalizations,46,13.926160715289647,3.636391058126584,4.799702788422104,8.796092876584437,19.111664789819727,38.758967859156016
state,Plateau,deaths,46,1.4906975945596963,0.42306814016774263,0.42306814016774263,0.7545547394824631,1.7833537932350636,4.634109402028756
state,Plateau,cases,47,627.1074759717951,162.8085555690693,223.71320043221914,407.48417306471134,879.9386199431844,1646.2945201187497
state,Plateau,hospitalizations,47,7.561220632136859,1.989636272515824,2.2480435970829404,4.490437077937695,10.669048223689115,21.50567341275362
state,Plateau,deaths,47,1.9389311506411055,0.5135168119865763,0.5135168119865763,1.128410034917093,2.350981861925303,6.009593808807683
state,Plateau,cases,48,457.5835104001185,122.01090332182362,166.33778125688423,290.6498199243341,637.7037005447069,1215.2829839880071
state,Plateau,hospitalizations,48,12.915328082898396,3.1368871662138114,4.2108040298853116,8.147158249103267,18.126486120071508,36.02037374577991
state,Plateau,deaths,48,1.2477635292402538,0.39157096262260205,0.39157096262260205,0.5783624341645572,1.4929925378193247,3.964014361622581
state,Plateau,cases,49,407.6399105338103,104.47735372594757,149.36919319440904,268.27373509598624,582.8984984399118,1062.7662904668698
state,Plateau,hospitalizations,49,7.22122941254594,1.9540638772571275,2.118710310918737,4.296784230867084,10.189521159117394,20.43544355166272
state,Plateau,deaths,49,1.3813085578341824,0.4261930658621209,0.4261930658621209,0.6624740654524572,1.6376525227743164,4.669823552869015
state,Plateau,cases,50,445.63181108720244,137.16761137896725,178.93002752871868,276.8648625438375,602.3904332657039,1176.1079146292977
state,Plateau,hospitalizations,50,7.864220014166933,1.8704296387757737,2.268758442847457,4.933552956974403,11.024762833481535,22.53943621050408
state,Plateau,deaths,50,0.45808038286558456,0.0,0.0,0.0,0.42730110173228375,2.274699407515008
state,Plateau,cases,51,387.98812689547975,103.22149506354972,140.90944126867245,253.5096368266169,542.6153011794719,1036.9466526594292
state,Plateau,hospitalizations,51,6.793659943212863,1.9575104313678606,2.0784636325204824,4.104387776272205,9.142241981127436,19.38492129827721
state,Plateau,deaths,51,0.6710427691844755,0.0,0.0,0.0,0.8060593503448851,3.084100633249906
state,Plateau,cases,52,475.61067472124415,126.77711343063538,173.3558753111646,303.7103336971878,671.8540473049557,1269.1546915620102
state,Plateau,hospitalizations,52,9.225601190893606,2.0421105574421956,2.616916632495844,5.740855098564231,12.959970727237568,25.74529264765587
state,Plateau,deaths,52,0.6002277028823927,0.0,0.0,0.0,0.7039664198399412,2.8312089286712383
state,Enugu,cases,1,492.0002851365693,141.5543204597636,187.2153584232405,315.8210815706404,682.7161243116436,1300.1704844794665
state,Enugu,hospitalizations,1,12.328844310058694,3.3389327217510942,4.226527583024769,7.615274304709197,16.64612359630036,34.90788260001797
state,Enugu,deaths,1,1.1518873782607626,0.35227568991549785,0.35227568991549785,0.4974196719273321,1.378519121895284,3.9416194826594944
state,Enugu,cases,2,1547.07884638471,438.82959840310497,579.6213312185157,995.073570887908,2121.430358656185,4171.084888853141
state,Enugu,hospitalizations,2,13.167514229169345,3.314931580298855,4.362653001499989,8.179710400399646,18.082066303314615,37.33575718407818
state,Enugu,deaths,2,0.5043928425261287,0.0,0.0,0.0,0.5378785162041896,2.550774023839116
state,Enugu,cases,3,741.1957251955087,207.80504665892033,275.15545706488786,472.29273518399935,1027.1695980152667,1903.9670351492898
state,Enugu,hospitalizations,3,9.935472044308638,2.4221286000111797,2.9843343479961844,6.204128556719045,13.907675103542982,28.249049661188202
state,Enugu,deaths,3,0.5885877118994998,0.0,0.0,0.0,0.6626931711530885,2.9795086166450973
state,Enugu,cases,4,676.3914229380451,196.22288790575683,258.3584488024967,429.5435502610562,947.5046840143499,1783.9632614466673
state,Enugu,hospitalizations,4,7.748824149130348,1.9656420322903871,2.2430157955462127,4.682241617901303,10.535681602540253,21.871263453868824
state,Enugu,deaths,4,0.5916184894974149,0.0,0.0,0.0,0.7400275068922174,2.6033590708776737
state,Enugu,cases,5,581.8789220308603,136.8043444593076,196.4500629840873,380.29190770024485,821.9747461070324,1568.9682523493336
state,Enugu,hospitalizations,5,7.160466185779366,1.9523562894986703,2.0442073473013247,4.259774111557488,10.054264066860794,20.43439624760571
state,Enugu,deaths,5,0.505397119076437,0.0,0.0,0.0,0.5326021054875199,2.4594435026290298
state,Enugu,cases,6,671.2728595033733,170.74094405723727,235.3217671982555,435.63648082727775,939.4579193301779,1784.2412153812818
state,Enugu,hospitalizations,6,10.588971663032073,2.826460347035861,3.5774506460044515,6.588221046000212,14.103958219959745,29.313687732152687
state,Enugu,deaths,6,0.5816140113071449,0.0,0.0,0.0,0.674047795534759,2.8463788094401052
state,Enugu,cases,7,636.9975024780701,166.2932169152121,228.45528697830338,415.7277960015918,904.4030552750748,1677.4161504690678
state,Enugu,hospitalizations,7,15.40448732344179,3.6490289410001253,5.187830462757949,9.945669062732083,21.03148186408872,42.77783441736943
state,Enugu,deaths,7,1.2214698072415513,0.4220315054964733,0.4220315054964733,0.5024440646980421,1.3964134590541293,4.180820033792713
state,Enugu,cases,8,729.8936085852163,208.35068808009228,274.5932643169783,461.4935784579254,1008.1246507682413,2002.4434378606743
state,Enugu,hospitalizations,8,13.796788390266185,3.217746131575849,4.453975751030817,8.909889617176919,19.2632592111367,37.37804698888791
state,Enugu,deaths,8,1.7040827014855524,0.5347948838361746,0.5347948838361746,0.9270843609116742,2.008391253653784,5.078590625745371
state,Enugu,cases,9,1848.4042386859344,521.3903066916426,697.9443611217298,1188.1569127939388,2533.8245746630764,4942.9102066518035
state,Enugu,hospitalizations,9,28.03282343208898,6.925628423353151,10.088376651114952,18.106946742732333,37.49039094140382,77.96715842960643
state,Enugu,deaths,9,1.5180840138852654,0.4766225219383475,0.4766225219383475,0.7724685844065737,1.8332562559018373,4.62989251457686
state,Enugu,cases,10,2917.8747560871516,720.8181832623344,1012.219971493099,1891.1381356671632,4054.2886477899874,7872.250055241607
state,Enugu,hospitalizations,10,71.66412475212526,18.92873636388513,26.57464371003303,46.1319714433613,96.99838772926157,192.57434297279178
state,Enugu,deaths,10,3.3343653572944727,0.8904181299047309,1.109902431576427,2.244027784604457,4.154854192408293,9.129310339449423
state,Enugu,cases,11,6645.017664059726,1682.401015818848,2368.8948577492188,4423.800882618793,9357.642875330408,17794.90790346239
state,Enugu,hospitalizations,11,197.1257832606277,59.82003687809204,79.77394643848685,130.15398533645646,269.6975714633997,513.677907131332
state,Enugu,deaths,11,12.269003983882042,2.830055055490806,5.2734030895416755,9.231510191911589,15.409080770831213,31.617375246130283
state,Enugu,cases,12,17913.36130407609,4947.7799136990825,6658.419574470799,11489.014510420611,24809.135440484657,46454.929255351606
state,Enugu,hospitalizations,12,564.2882127316776,165.3539761362003,223.85379355537475,368.58853806111915,753.7591077548734,1518.3851315827026
state,Enugu,deaths,12,19.148544321238045,4.8892798121914405,8.758738087231194,14.169445034782047,23.416516815942554,46.737624681985785
state,Enugu,cases,13,36907.75652858844,8469.01298759279,12384.957848141737,23791.069035794706,51949.985883260335,101720.7288445254
state,Enugu,hospitalizations,13,1431.665767070437,403.36040433785064,547.4825543765755,932.7367469858902,1981.9677194726394,3814.7710266670165
state,Enugu,deaths,13,58.40454471644028,16.44263938750734,26.92545944422811,43.47820095720827,68.42147217983494,153.58089760179448
state,Enugu,cases,14,76813.94022602793,22249.357378709465,29659.355930353697,47812.94100793511,108008.44834698354,203078.1954890049
state,Enugu,hospitalizations,14,2303.1389614777368,574.3201366360311,841.6460631155502,1516.8480231324875,3179.105441543641,6329.52178249182
state,Enugu,deaths,14,107.09747422750804,29.915120001194666,50.75184709416508,80.0108556402666,130.54535176708927,282.0094490013449
state,Enugu,cases,15,85562.59519569101,22650.439510569006,31350.339640984792,55724.294188934764,117688.74362735785,227494.3620655538
state,Enugu,hospitalizations,15,2463.3570345952044,677.1962954545753,940.1064746192478,1627.2392054635377,3329.6584677162855,6646.543124355566
state,Enugu,deaths,15,200.2161972616177,55.07763833697574,93.69924563576187,149.58810511518487,240.45054446053274,520.3513586521434
state,Enugu,cases,16,117972.60484383082,29375.1711549302,41107.12318867671,75316.97459856528,163725.8345517305,318528.2828866369
state,Enugu,hospitalizations,16,2275.477803615353,624.2138263949197,872.2253049906722,1506.5247730541403,3168.619339372049,5944.703201451559
state,Enugu,deaths,16,104.2929472201907,29.416272912735938,48.02746102532397,77.53624623987996,124.26491452790489,260.05983728346246
state,Enugu,cases,17,122756.71958692813,30508.09675573029,42172.47223694937,77745.48180264636,172237.5224766211,324217.500430735
state,Enugu,hospitalizations,17,852.0955365943142,249.42953486864633,335.5539184876655,561.6274036084626,1176.2734425000658,2244.846981254514
state,Enugu,deaths,17,53.56754692135242,14.797167573341135,24.42741063713015,40.32087096078063,64.5086684605439,138.82331166311613
state,Enugu,cases,18,105595.47983848015,28857.039131177742,39533.064136468674,67689.55623489982,148203.47900805535,274738.67081594036
state,Enugu,hospitalizations,18,492.82098442806705,139.79918898632312,194.57446257038316,323.59576127027975,679.017422358765,1246.1270473733225
state,Enugu,deaths,18,14.933570656117512,3.549420714250216,6.376328028101914,11.02056412225601,17.863710950689985,40.67453938785158
state,Enugu,cases,19,26013.91165056364,7749.196375111111,10040.246470602695,16684.901947901722,34792.20209542765,70493.65849183926
state,Enugu,hospitalizations,19,107.36960154200366,27.802115166665743,39.62488641330013,70.72098304141798,148.25035676006323,291.747275283088
state,Enugu,deaths,19,7.519877335444374,1.3636539800083902,2.8614520350140715,5.283025122906881,9.202261792198989,21.39996905125219
state,Enugu,cases,20,4203.6221897389905,1096.2486007080827,1503.4310489868626,2725.4441662653576,5816.113176556995,11222.048519281272
state,Enugu,hospitalizations,20,34.16963633079922,9.388136978655481,13.148085923757275,22.133517682069133,45.613093244301496,92.93277001012228
state,Enugu,deaths,20,3.685765225235217,0.779288793511097,1.1600490423557241,2.4727005749196933,4.560996829711968,10.892673932408103
state,Enugu,cases,21,2516.1247807722184,691.1966929328463,935.8619799980008,1626.2373565498087,3466.9843964177626,6975.487892946112
state,Enugu,hospitalizations,21,35.380137386316996,8.969066143822785,12.907696400940448,23.12064461155169,48.52087573228226,96.55061834351275
state,Enugu,deaths,21,1.9984007667538168,0.5148548457588037,0.5148548457588037,1.1815245100184248,2.4452289530857367,6.443187441956073
state,Enugu,cases,22,2479.9825417168654,707.0282488696572,935.8635454659029,1590.1676434190747,3461.9928270267455,6457.887406379057
state,Enugu,hospitalizations,22,52.85944516401313,13.092708847025209,19.073575722398303,34.172425353886524,73.4883933890682,142.8706568887887
state,Enugu,deaths,22,3.12273120929354,0.8015762662792025,0.9684223315140502,2.0776095441768625,3.869240816724972,8.87779659234473
state,Enugu,cases,23,6131.163728774494,1663.6982726219853,2250.1268850479137,3998.4475412329803,8308.336858783327,16711.192021479634
state,Enugu,hospitalizations,23,126.77133776951119,33.81493485793914,47.500396925968474,82.52373841059844,171.679485291186,342.62001906467543
state,Enugu,deaths,23,6.126523662802271,1.369454563567536,2.40214932920535,4.308378491167806,7.3088122516651985,17.225464213596634
state,Enugu,cases,24,8094.490936105038,2315.479545994404,3099.9546909275177,5191.960946190796,11212.720810405059,21114.42108745154
state,Enugu,hospitalizations,24,162.4148248535516,44.71074993560661,62.85569921103893,105.1361355664107,218.62794067483202,435.32655123577086
state,Enugu,deaths,24,6.497366399887371,1.3645658318295064,2.582927670733545,4.669673612455639,8.04172399869665,17.73104012925855
state,Enugu,cases,25,11448.275535660585,3265.264771051699,4344.327678755555,7285.710297673821,15966.482424861517,30315.49631376282
state,Enugu,hospitalizations,25,221.86098119708507,55.37776884964987,80.07182280127844,146.6630707779333,311.80096972506,591.1906115403447
state,Enugu,deaths,25,16.647270407822496,4.495871951718393,7.656235539761101,12.359319867821304,19.586190809322307,42.91945168228241
state,Enugu,cases,26,14672.376171653317,3887.1225642630307,5320.839324073879,9471.270231653318,20114.023879726818,39464.800614834436
state,Enugu,hospitalizations,26,345.4942630556111,94.7066769638512,130.8062581422863,230.26505046336163,472.6923951622992,944.0338732434061
state,Enugu,deaths,26,18.902014143676254,4.82231622844367,8.603480813875667,14.272074468000083,23.363961646469512,47.269262605709876
state,Enugu,cases,27,22832.442008142163,6365.443241627667,8509.196613780352,14699.211584371424,31357.849669585266,59423.03362533185
state,Enugu,hospitalizations,27,414.150988500221,110.36665220234288,157.43688038622628,269.99949113780076,571.5077722066296,1109.786467031639
state,Enugu,deaths,27,25.719236875215802,7.233650443431463,11.907480499627106,18.994386949211584,31.399864265496124,66.14845819396119
state,Enugu,cases,28,23221.132997235396,6860.2357727160315,9123.340662279552,15141.872768632304,32438.130202736782,60163.96940509492
state,Enugu,hospitalizations,28,496.08301600887756,138.7981880574442,192.65978837062886,317.89786547994004,656.905289382269,1292.0307008645725
state,Enugu,deaths,28,32.25942257265243,9.156284331578032,14.77068440319295,24.424724525596403,39.45465616230774,85.07786798193366
state,Enugu,cases,29,34881.50424495144,9743.62556902432,13045.527729767538,22160.53077199941,48611.547458754285,95752.7457215642
state,Enugu,hospitalizations,29,608.8371542754657,163.38517140393606,227.94221160781535,405.06550514464084,836.6565442644032,1623.6314596429722
state,Enugu,deaths,29,49.40103262404566,14.414752544748731,23.024980493672814,36.54211335180089,59.60297505347032,126.95828606358327
state,Enugu,cases,30,24592.242529037954,7536.855238945205,9821.934431743706,15547.502332504831,33241.4784987523,63932.64882903691
state,Enugu,hospitalizations,30,322.9722466874956,89.80176362286751,126.66111056509786,215.63362140066704,442.8717287232801,848.7346882094035
state,Enugu,deaths,30,34.25133293075948,9.574301676479706,15.680205821053175,25.294931474997508,41.43555414687924,87.36076415339465
state,Enugu,cases,31,17528.040499905677,4340.474461115448,6016.417560640871,11434.212317558506,24109.131840716673,47874.60098425576
state,Enugu,hospitalizations,31,248.57519296503122,60.73964161405108,88.62261223970896,161.89305518778528,338.66676896459944,671.4768418919003
state,Enugu,deaths,31,19.348785918413903,4.77701410131586,8.646426638633654,14.602124270730252,24.027748834082523,50.07319324940901
state,Enugu,cases,32,15217.38669591567,4676.843810091131,6040.09407476494,9571.321660889771,20892.998223298593,39626.82963347499
state,Enugu,hospitalizations,32,201.51982495028687,53.523397652236724,75.46633440451093,132.60432325360816,272.2131570997983,540.746974415708
state,Enugu,deaths,32,13.990921333733487,3.2073269092236427,5.983737288416558,10.171782020074893,16.436676476856533,37.557079386409136
state,Enugu,cases,33,10444.583676714072,2874.6061872123014,3840.915514069755,6591.903580620058,14560.044703205082,27864.933058159113
state,Enugu,hospitalizations,33,166.26056428789053,49.16271824997299,66.44196432614221,109.79331947016499,223.58044869474156,445.21986613156906
state,Enugu,deaths,33,11.921197472974729,2.6480274649198927,5.043334127690044,8.706387658847355,14.947640600357015,31.62998027057455
state,Enugu,cases,34,6732.339487059487,1731.3385189900916,2365.0629317228077,4294.0065142000385,9322.469305882943,18502.214705762333
state,Enugu,hospitalizations,34,134.59225186081883,36.40295230750543,50.71998954365012,87.97458675343195,183.22272015682387,357.8599080686363
state,Enugu,deaths,34,9.333774808119832,2.0675209657652447,4.096405856172614,6.906835155081591,11.502287069459925,24.463816190856573
state,Enugu,cases,35,5267.581114336814,1296.2004766885668,1802.9083726904053,3460.7819562768063,7539.099993818649,13870.019500657962
state,Enugu,hospitalizations,35,110.46980077614049,27.3173350161207,39.36931143321902,72.26802193993711,147.24460569461422,300.93348517557564
state,Enugu,deaths,35,7.897284076341695,1.6999455044442864,3.2638198949638855,5.685081294768893,9.347170421882021,22.35535715411048
state,Enugu,cases,36,4501.157254679153,1142.712623049062,1589.0511757014924,2848.0652854739133,6318.708266173617,12248.876767232246
state,Enugu,hospitalizations,36,90.68436926063642,23.3249182691458,33.38530334099934,58.954599266829014,123.61135645273266,242.64325489060957
state,Enugu,deaths,36,6.2762982849017295,1.4618353467214633,2.482226177673311,4.4724053401099475,7.755763508553265,17.632889743058193
state,Enugu,cases,37,3912.758679290955,1092.1966719163809,1467.4438516982182,2506.014972511175,5452.565530335597,10636.95760655009
state,Enugu,hospitalizations,37,76.41016820108771,20.44790926224702,28.939483377775563,50.37280473564488,104.13123638640624,206.86714203944845
state,Enugu,deaths,37,5.321766824879196,1.1716691958950296,1.9878225011117403,3.7593153984461343,6.616449179572089,14.792167605821902
state,Enugu,cases,38,3272.010461852402,858.7060267353315,1174.7932466874586,2130.0755646717057,4569.878982304384,8714.386422112777
state,Enugu,hospitalizations,38,68.39016168959897,19.4825380234343,26.684036177697593,44.09201727952226,93.06719777614782,181.64181669538826
state,Enugu,deaths,38,4.853623895324826,1.1690967402353376,1.8493684696718622,3.341515967455103,5.806074035553882,13.544979633367712
state,Enugu,cases,39,3243.417933976057,860.8531915023497,1157.1281500909165,2102.283649056513,4561.736559523219,8468.915469291307
state,Enugu,hospitalizations,39,62.45260197040832,17.411276791739418,24.61209957885762,41.54050902775213,85.79716262822387,165.91375804592028
state,Enugu,deaths,39,4.9394207615477015,1.10553661762698,1.8220589596564518,3.4887864925339405,6.247541890783566,13.568096693951043
state,Enugu,cases,40,3418.2353198740366,907.1040764624634,1251.9019676702,2243.247554574389,4748.035673645603,9076.388474788446
state,Enugu,hospitalizations,40,64.5293058636062,16.756923801292867,24.277194079251835,43.329381981672334,88.72201310014142,173.63280336499886
state,Enugu,deaths,40,5.016194711549006,1.1121979628987568,1.7946315333750749,3.4851556039403992,6.393302736556038,13.867801200916167
state,Enugu,cases,41,3284.363350886854,823.275982081902,1142.1164112722422,2067.3207863547373,4634.952352621798,8823.986606333774
state,Enugu,hospitalizations,41,60.63303596298007,16.02247775978847,22.483310572791517,39.55067355514026,82.01852467272735,161.56493734166733
state,Enugu,deaths,41,4.576838789549206,0.9294687096663101,1.5471211598887085,3.211119358943778,5.709631012636279,13.330760442289872
state,Enugu,cases,42,2759.1238828244987,825.1938658195947,1085.198512378599,1739.9704382657196,3756.335329334016,7317.735194189086
state,Enugu,hospitalizations,42,48.40843796657584,13.588082815964386,18.635638211876287,31.84856992000838,66.96374021556048,127.58835523091003
state,Enugu,deaths,42,3.734458166704643,0.8077293659732583,1.2105024021503878,2.5693743009749164,4.617562440212439,11.030472119382477
state,Enugu,cases,43,1917.8202264957304,485.4682217824179,673.1449318006607,1228.4671348905415,2697.8730741403037,5162.172562177819
state,Enugu,hospitalizations,43,36.9073641985097,8.257213462040779,12.751122277603438,24.167507987815043,49.876990515604895,99.47007515237483
state,Enugu,deaths,43,2.94910499033265,0.7283753290743926,0.8197821886975456,1.868388817368087,3.5730803150824464,8.962255019263845
state,Enugu,cases,44,1358.32539510463,361.15975995141304,494.7452394483766,883.3516344789463,1906.105352625795,3582.369880599477
state,Enugu,hospitalizations,44,23.828228031365075,6.039436016046935,8.68576336739687,15.361727168592179,33.057022756638965,63.49652466154993
state,Enugu,deaths,44,2.32604640604481,0.5994389821383278,0.5994389821383278,1.3897805142613482,2.8690625744842553,7.1516642699997846
state,Enugu,cases,45,979.4506989376123,252.42628769799455,347.4076541828027,634.7976567187925,1361.9232739789604,2614.492883723318
state,Enugu,hospitalizations,45,16.61811980455363,4.203028759625111,5.817883873185959,10.58635356169365,23.283516844007156,46.67569232164128
state,Enugu,deaths,45,1.6666222558137973,0.4910312551923397,0.4910312551923397,0.892755880767151,2.016101267090952,5.5953628957419275
state,Enugu,cases,46,710.7689767505514,187.12042838095954,257.9567547732888,462.3185697514717,1011.4246670937409,1836.6777799716622
state,Enugu,hospitalizations,46,10.972647751623912,2.910161492492647,3.641434722772522,6.839699254184333,15.095131542702259,30.818639798486977
state,Enugu,deaths,46,1.1860559750284076,0.36060939271489933,0.36060939271489933,0.4955248552608,1.3724393916574478,3.802329877993973
state,Enugu,cases,47,567.3730268304237,147.22998947029305,202.3424641233649,368.6363994042607,796.159354128445,1489.6330656747461
state,Enugu,hospitalizations,47,10.849188348588271,2.769616572683223,3.521346690118204,6.642806744321531,15.243566622809475,30.328382440747276
state,Enugu,deaths,47,1.1850814009931636,0.3621100431432728,0.3621100431432728,0.5008635191296336,1.3629687641576491,3.9428650772012492
state,Enugu,cases,48,343.991199620711,91.54078731787796,124.88778398793839,218.40741209179416,479.4951570562378,914.0065717761405
state,Enugu,hospitalizations,48,5.34910502509839,1.4067842623348972,1.4067842623348972,3.1021807888158537,7.5775605693716095,15.602343792358573
state,Enugu,deaths,48,1.0734290155145758,0.35347327593570954,0.35347327593570954,0.4247965080999177,1.2504381666206077,3.4810432480556024
state,Enugu,cases,49,412.1031686114902,105.62940138182785,151.01155973487357,271.21480409657465,589.2759706899981,1074.3849879222596
state,Enugu,hospitalizations,49,8.184576403400927,2.1889754518177433,2.493632112740646,4.93354740850045,11.534691122423414,23.012346924542424
state,Enugu,deaths,49,0.6460618132235553,0.0,0.0,0.0,0.7535091285012674,3.1577763936457317
state,Enugu,cases,50,292.9886629417297,89.94674925253877,117.4362307007923,181.9003608562958,396.1726650544846,773.8135564227185
state,Enugu,hospitalizations,50,10.134998577981385,2.3589302799938574,3.1224610158900505,6.483220671864013,14.165273565815635,28.687237466620683
state,Enugu,deaths,50,0.5208021431233234,0.0,0.0,0.0,0.5327455746116891,2.5166238006545067
state,Enugu,cases,51,294.213137486485,78.09638475806204,106.6987406536847,192.1539376478705,411.5636942383428,786.7245259918128
state,Enugu,hospitalizations,51,7.346728958144233,2.1005156484376304,2.303359680559603,4.477286980412851,9.883179803395782,20.874134356096413
state,Enugu,deaths,51,1.0373606220845852,0.332557357021793,0.332557357021793,0.3547957378953614,1.190502836693305,3.5339897787310863
state,Enugu,cases,52,307.1999382168607,81.62697533554693,111.74709705164804,196.04071058508816,434.1005690958113,820.3445863213658
state,Enugu,hospitalizations,52,6.162908645186742,1.4183162975302888,1.512073495718381,3.681756632000773,8.695681716805025,17.57552927589774
state,Enugu,deaths,52,0.5585994919139006,0.0,0.0,0.0,0.6372382719753842,2.6811769368926686
state,Adamawa,cases,1,2097.9219080828466,605.9172682566999,800.3166546602904,1347.848528286162,2909.8842235855222,5538.662589177154
state,Adamawa,hospitalizations,1,32.079101062899326,8.642594370272091,12.018242224026974,20.458937304647602,42.952989368671496,88.43940427239144
state,Adamawa,deaths,1,3.6771902883133927,0.8341249535350201,1.2476783583795652,2.5456182473687687,4.631901970042183,10.700858842544173
state,Adamawa,cases,2,715.3891967939188,202.5356102578579,267.68841343865347,459.94315354962856,981.176187885769,1929.674622588827
state,Adamawa,hospitalizations,2,7.562342480078233,1.988160926374865,2.2163008197979037,4.505616357809157,10.444646050680863,21.992225531697816
state,Adamawa,deaths,2,1.2896458917105527,0.3964826184393534,0.3964826184393534,0.5867617020315351,1.534517104589634,4.332943616823347
state,Adamawa,cases,3,1338.3896518785384,375.81612714934806,497.3587872391281,853.1188938372698,1854.467059709896,3436.7631767908465
state,Adamawa,hospitalizations,3,20.03955535336432,4.6849698480716455,6.706645421267954,12.93448930403812,27.83497117561175,55.57458309471442
state,Adamawa,deaths,3,1.1703339103183241,0.3928915514755431,0.3928915514755431,0.4442807352064496,1.34757833957492,4.071260989108601
state,Adamawa,cases,4,889.9467394719292,258.3996365745879,340.1241366370475,565.2772797476657,1246.5315260579084,2346.69314167791
state,Adamawa,hospitalizations,4,16.644225406184827,3.9992709007485168,5.598199717312381,10.561018323878454,22.470354721496797,45.53358897084156
state,Adamawa,deaths,4,1.4014952326549077,0.41649240852762975,0.41649240852762975,0.6915234339506169,1.766139482317837,4.282290255496709
state,Adamawa,cases,5,790.8877059646616,186.2182404977539,267.2517269182853,517.0155992596525,1117.077115382538,2131.927630078961
state,Adamawa,hospitalizations,5,11.615383045260412,3.042670285493384,3.7442771016415364,7.197150532269291,16.22763462035472,32.404661280768316
state,Adamawa,deaths,5,1.123817433461616,0.377715557901461,0.377715557901461,0.4637327024708325,1.283828471370503,3.680260823999861
state,Adamawa,cases,6,748.5654947629861,190.4863643289459,262.4921815586616,485.8375022972725,1047.5843592246877,1989.4941809893644
state,Adamawa,hospitalizations,6,13.53696286428793,3.553592037280663,4.755039933160706,8.540357399484073,17.98958381572787,37.11214951540361
state,Adamawa,deaths,6,1.21699995833986,0.4054787495444705,0.4054787495444705,0.5209841233189028,1.4343709927858832,4.067166517275314
state,Adamawa,cases,7,1027.827593732072,268.7751592099553,369.01701394450885,671.0105548004472,1459.042779318466,2705.5949986653654
state,Adamawa,hospitalizations,7,16.694290237807152,3.9373873311691545,5.676813383893874,10.81063219711252,22.772482756678414,46.23730433711722
state,Adamawa,deaths,7,2.348559970143808,0.6799386669216717,0.6799386669216717,1.4206008347016676,2.8608827813117688,7.346864680621682
state,Adamawa,cases,8,1421.3763068783035,406.41286427472585,535.3261149026944,899.0487900766973,1962.8357444635367,3897.85811657305
state,Adamawa,hospitalizations,8,18.033023934905966,4.144315014466034,6.024480076823572,11.763500491586012,25.09818362196402,48.42923085235377
state,Adamawa,deaths,8,2.0953489463629196,0.6228991674478509,0.6228991674478509,1.2445600739542069,2.50400586074489,6.080002360667657
state,Adamawa,cases,9,1673.925667038948,472.1063737108514,632.0037672600627,1075.968135852533,2294.681307922677,4476.486277711049
state,Adamawa,hospitalizations,9,38.91050710953622,9.897716829470022,14.24648676265271,25.271998125035434,51.924179475670414,107.57962112607646
state,Adamawa,deaths,9,2.954697739015697,0.7870115971467317,0.8592379310988905,1.9267465705002202,3.6783469694529174,8.2962260399325
state,Adamawa,cases,10,2610.613944425024,644.8346418653822,905.56147572037,1691.9586751132217,3627.4011018801693,7043.457659354307
state,Adamawa,hospitalizations,10,38.16797042840677,9.740946373291585,13.86184391945796,24.402613015548052,51.81797139815393,103.33032978868573
state,Adamawa,deaths,10,3.5708616146451724,0.941249120527833,1.2303496991164495,2.429218472397342,4.4491275638925405,9.707558761837376
state,Adamawa,cases,11,5299.220248475704,1341.5176701828661,1888.9986949670533,3527.7927927659707,7462.547491653693,14191.293216434717
state,Adamawa,hospitalizations,11,64.32517424272888,19.053069088424,25.632103688498272,42.242984782231765,88.25211790819344,168.6952543892281
state,Adamawa,deaths,11,6.159195054608027,1.2896135541605247,2.3735422000789925,4.502026716646668,7.824034683374389,16.54009590617131
state,Adamawa,cases,12,13783.83740579409,3807.0133201220883,5123.325366272206,8840.39708516008,19090.03412941625,35746.15394259612
state,Adamawa,hospitalizations,12,240.31671202894918,70.01509221312045,94.98816484393055,156.77419164200714,321.2002195608542,647.6125413572834
state,Adamawa,deaths,12,15.198398737395095,3.734126497225598,6.844609533173944,11.194032883054073,18.627336943478635,37.37412402341007
state,Adamawa,cases,13,34809.52813651582,7987.500647342995,11680.827694099422,22438.512096674076,48996.62077891204,95937.94341291717
state,Adamawa,hospitalizations,13,641.3192664789775,180.2903499736246,244.9058631128421,417.6301621730288,888.0408358312754,1709.7571795424865
state,Adamawa,deaths,13,51.94400305628489,14.545665023610361,23.88842591456138,38.64097391297369,60.87153950603029,136.76945104349397
state,Adamawa,cases,14,58697.36145421541,17001.67573024048,22664.047816709222,36536.16299948798,82534.73615869874,155182.56175984873
state,Adamawa,hospitalizations,14,1235.4177360369324,307.7209724450698,451.17001016708394,813.4882959689221,1705.4677244424556,3396.0040614308905
state,Adamawa,deaths,14,68.49828016217626,18.876021030504095,32.27241819444039,51.08368818697287,83.57344425920684,180.95309479519193
state,Adamawa,cases,15,126315.04038740057,33438.92432185561,46282.43485605643,82265.27802712697,173742.31192157307,335846.42759927845
state,Adamawa,hospitalizations,15,1845.7619923167924,507.23282673457646,704.254816429454,1219.1845093213446,2494.958735369234,4980.595528572915
state,Adamawa,deaths,15,130.6400755062979,35.687228192153555,60.95433576191085,97.51806066058985,156.9622730991956,340.0795609512819
state,Adamawa,cases,16,187031.85479889417,46571.35965147206,65170.94795887342,119406.52192397648,259568.0562641793,504988.5796114396
state,Adamawa,hospitalizations,16,2763.5559392395658,758.2600263045737,1059.4453069440697,1829.7389416575181,3848.187528151345,7219.465348892959
state,Adamawa,deaths,16,281.5385794426704,80.61772243618113,130.55818654033908,209.74079540173082,335.13050008666727,699.5167727080226
state,Adamawa,cases,17,205465.0115108501,51063.66987405678,70586.94478463309,130127.35020675682,288283.61754483136,542660.4502590151
state,Adamawa,hospitalizations,17,2655.705036159392,778.8861650884182,1047.0942073086412,1751.1309074187545,3665.2579388385416,6993.003285214237
state,Adamawa,deaths,17,214.50046914115873,61.38684374181398,99.41900782610129,162.18613497879434,257.70961006194267,551.1961488153548
state,Adamawa,cases,18,115415.78156655064,31540.79006664566,43209.66811939374,73984.66841462805,161986.25570228585,300289.01556427067
state,Adamawa,hospitalizations,18,1418.2869436987219,403.6698235051743,561.0989994350325,931.9180826214218,1953.4326374855439,3583.3578772184146
state,Adamawa,deaths,18,103.62705555758271,28.87983349417997,47.44648739294766,77.94905242640715,122.89369497603157,272.71139669611176
state,Adamawa,cases,19,46508.53577813333,13854.823938113586,17950.770056133668,29830.10471641928,62202.389326446384,126029.55837102767
state,Adamawa,hospitalizations,19,597.8088165221426,158.14943167527184,223.47752698496197,395.3026195882982,823.7001762976918,1616.6090615632863
state,Adamawa,deaths,19,59.30614427738386,14.799389159550289,26.399951324333934,43.58286182922597,71.39283926605748,157.94488811607366
state,Adamawa,cases,20,9054.777594366931,2362.218107441789,3239.1943315936555,5871.1261694837185,12527.707881701883,24170.83440867238
state,Adamawa,hospitalizations,20,156.11209108822902,45.41526474138375,62.215103447743786,102.36293695577494,207.27209612219468,418.70128011111717
state,Adamawa,deaths,20,9.159453684311071,1.771444986512386,3.740679402819193,6.621567735205608,11.204770638451471,25.100960325569815
state,Adamawa,cases,21,4460.82240870919,1225.9787891940243,1659.6692716045427,2883.419619243207,6146.303705874892,12365.431037751607
state,Adamawa,hospitalizations,21,66.58467655299373,17.522790246904872,24.84087010114567,43.81679971967596,91.0111052328084,180.25164543645715
state,Adamawa,deaths,21,5.3233848709114735,1.1273409191921946,2.018488366643211,3.776728560726418,6.543772010293491,15.297816446046482
state,Adamawa,cases,22,6010.164631635542,1714.479370063962,2268.9236751888484,3854.2349725543413,8389.474197785143,15648.217551556972
state,Adamawa,hospitalizations,22,54.428350003214426,13.503275177425502,19.65838410890641,35.19711221611964,75.65848195494519,147.06207589079114
state,Adamawa,deaths,22,8.110533899842293,1.8037490359614115,3.4294473678898427,5.925398719878096,9.95702155678895,21.22753695486629
state,Adamawa,cases,23,7240.375610393534,1964.8159832660226,2657.3202997002986,4721.8846392724745,9811.365085001187,19734.164462861056
state,Adamawa,hospitalizations,23,93.17510641062306,24.660686130091456,34.747688966832115,60.56198322678988,126.27509303819411,252.26847495806672
state,Adamawa,deaths,23,6.881003582356886,1.51612199320825,2.766516655178206,4.876901353898941,8.198679041509163,19.177396071235957
state,Adamawa,cases,24,12331.992273196061,3528.0169017854573,4723.1174802846945,7910.162859654026,17082.427453634187,32167.07074113212
state,Adamawa,hospitalizations,24,135.57249260345995,37.20235442576227,52.36683508368269,87.7023353150105,182.55210630496688,363.6560509105816
state,Adamawa,deaths,24,12.345671921264525,2.827175519795332,5.396484352418096,9.121884078660567,15.141896066996374,32.4399173251488
state,Adamawa,cases,25,25859.83530921904,7376.613985913952,9813.926989474781,16457.71953794854,36065.24995669373,68475.81461423854
state,Adamawa,hospitalizations,25,319.5667332594912,80.09466758834931,115.61498237690653,211.40087864679228,448.9378244076178,850.8162703436557
state,Adamawa,deaths,25,29.670929054938462,8.553209069395233,14.046716625086383,22.221861215729035,34.78398231829759,75.34306399785363
state,Adamawa,cases,26,39147.3035268361,10372.441020980697,14197.571531368405,25270.84649115391,53665.521670341266,105293.0457141604
state,Adamawa,hospitalizations,26,522.4655421649213,143.5886783344652,198.12605123885652,348.3832306400176,714.6298758494488,1426.7081082354855
state,Adamawa,deaths,26,54.96624985753076,15.373770220431503,26.00732526250211,41.94879019224873,67.51738964465929,134.74491381187386
state,Adamawa,cases,27,38414.892155453635,10710.157647496744,14316.893693824797,24731.221392034942,52758.37752163231,99976.36067907617
state,Adamawa,hospitalizations,27,620.0675332392645,165.60495550858445,236.0222044540443,404.41631871836495,855.4739087559437,1660.7409813406484
state,Adamawa,deaths,27,49.987957656911206,14.71234049062693,23.63144748245428,37.15544730806313,60.828918131409964,127.13993572022926
state,Adamawa,cases,28,45410.90350391084,13416.44864114142,17842.049893029976,29611.554411905072,63435.147346708356,117654.24662463991
state,Adamawa,hospitalizations,28,598.5493891896117,167.61553414683212,232.57991339242704,383.63398326800694,792.5228154862357,1558.5700153491555
state,Adamawa,deaths,28,57.17954666241317,16.76604301167275,26.587122247010704,43.474606532751,69.7659551404387,149.5730890346701
state,Adamawa,cases,29,39067.913449480206,10913.122744180666,14611.3013161907,24820.23764851398,54445.7620755668,107244.59159483979
state,Adamawa,hospitalizations,29,533.9478760034563,143.19832847586403,199.82762909491993,355.1998116586963,733.7905683231431,1424.1233178092493
state,Adamawa,deaths,29,53.12902602402602,15.55492949663399,24.80202679713166,39.31897611651451,64.08557152532761,136.42292639101672
state,Adamawa,cases,30,43730.5181831562,13402.757274166404,17466.06784217424,27647.229454572076,59110.52428171625,113685.3316409511
state,Adamawa,hospitalizations,30,666.8872407599157,186.19300798845808,262.1806513041064,445.60255047305014,914.0668527304067,1750.776462610401
state,Adamawa,deaths,30,68.43223574994835,19.827519530994202,31.853924840419687,50.79142941229059,82.58257214928682,173.0384942177162
state,Adamawa,cases,31,28043.07456408156,6944.767140319671,9626.047570272574,18293.780418325827,38571.9233208477,76593.43332394092
state,Adamawa,hospitalizations,31,344.7820948357475,84.53920106437064,123.17057255061641,224.68549857805527,469.60240852994355,930.7049837981679
state,Adamawa,deaths,31,50.49174452195834,13.619695086980563,23.411887120654292,38.48377060310449,62.33688134575912,128.24921063542496
state,Adamawa,cases,32,14469.667951351797,4447.0092309838865,5743.279480180638,9101.008711307344,19866.421988076676,37679.81175205359
state,Adamawa,hospitalizations,32,230.874386306793,61.42637911165997,86.54987008076051,151.96981651040528,311.8144770469171,619.2713598880496
state,Adamawa,deaths,32,30.77225994634738,7.919094305870302,13.804794784606855,22.683012884791683,35.96393582754212,80.73698755197714
state,Adamawa,cases,33,11007.560210798492,3029.5902316441543,4047.9798914465628,6947.235568017229,15344.82865912064,29366.79900434675
state,Adamawa,hospitalizations,33,164.5146964456574,48.6391191754124,65.73800426696548,108.63685742891369,221.23627518893204,440.5622176406565
state,Adamawa,deaths,33,20.687318621920085,5.125308267218662,9.147205537751443,15.297743682933715,25.777269565908774,53.78815327804035
state,Adamawa,cases,34,8245.326858492454,2120.5965249641126,2896.719376877873,5259.098297956936,11417.461151289524,22659.903507067207
state,Adamawa,hospitalizations,34,126.6848267052831,34.22169901383444,47.70379989601963,82.7857955368094,172.47927905604058,336.9320318409597
state,Adamawa,deaths,34,17.347687660478122,4.452250086198695,8.058415436677794,13.053707582434717,21.221721224695415,44.259705009680594
state,Adamawa,cases,35,6437.374512311857,1584.2204427001145,2203.4336866469257,4229.408193550082,9213.243183687897,16949.829165331837
state,Adamawa,hospitalizations,35,103.89961666964857,25.648272156353325,36.98988842786875,67.94950347204625,138.5068637642779,283.1371082940724
state,Adamawa,deaths,35,14.333782087392557,3.561491017204979,6.360634597753817,10.540459465746164,16.862325912526575,39.31836572517769
state,Adamawa,cases,36,5720.916848821476,1452.5761764502392,2019.8402545866077,3619.956296762522,8030.8929709247095,15567.709022228084
state,Adamawa,hospitalizations,36,95.39446854669573,24.574561813589614,35.15177884847617,62.03464570745941,130.0130131996357,255.15993499832925
state,Adamawa,deaths,36,11.160914728553992,2.5981127269461823,4.840962737855364,8.179218708699757,13.686607298180881,30.254148678099057
state,Adamawa,cases,37,4941.755253273966,1379.6174666740642,1853.5237856704457,3165.15367497851,6886.404636563736,13433.86534366679
state,Adamawa,hospitalizations,37,72.40061740211499,19.33692854663242,27.388647430948748,47.711743712377746,98.68554119971462,196.09982745451376
state,Adamawa,deaths,37,9.107175308360812,1.918387582906734,3.79982377920658,6.645660079775758,11.235537376007382,24.369519632252413
state,Adamawa,cases,38,4321.709400834928,1134.425433874109,1551.8861212431107,2813.5404619581705,6035.821995278111,11509.529299516462
state,Adamawa,hospitalizations,38,72.45517252998276,20.682490483950094,28.305882420112937,46.73369562144832,98.57804634853522,192.3417356744698
state,Adamawa,deaths,38,8.661497437782725,1.941387067952359,3.7316247736167893,6.209465790512212,10.302079341604205,23.15320682372817
state,Adamawa,cases,39,4353.8193615984455,1155.8222841778766,1553.4972916135212,2822.132082314623,6123.332288760987,11367.742445449729
state,Adamawa,hospitalizations,39,62.89095058390811,17.538475144481442,24.78904639865433,41.83440948530024,86.39681990533055,167.06691843308826
state,Adamawa,deaths,39,8.233990938605418,1.7276377895028885,3.4100716567605716,6.01469046783612,10.325836749215366,21.765771814619356
state,Adamawa,cases,40,4149.093437504876,1101.210411314168,1519.708505683252,2722.953216743988,5763.137282133375,11016.671150018938
state,Adamawa,hospitalizations,40,62.49117001627512,16.204617036265727,23.490978772642332,41.950572350458614,85.93132281157602,168.2010698184978
state,Adamawa,deaths,40,8.588795552025232,1.7829011465709304,3.4799144858272504,6.189897244527052,10.851782115835135,22.83372447384629
state,Adamawa,cases,41,4023.470532283603,1008.7130959539905,1399.2829583196867,2532.630276769031,5677.901125855953,10809.341125708517
state,Adamawa,hospitalizations,41,57.92854233329793,15.275452014301669,21.452753339309442,37.77112080318546,78.37528447244583,154.43082941558447
state,Adamawa,deaths,41,7.780984836542811,1.4730823239828377,3.03684289600429,5.6740552181354005,9.633858614465865,21.712319067038358
state,Adamawa,cases,42,3391.7139728649695,1014.548428932491,1334.143285844441,2138.9817482846393,4617.475334348343,8995.108946970311
state,Adamawa,hospitalizations,42,47.070043069271186,13.192840712355077,18.103640207033575,30.95858745695753,65.12236517054367,124.10444767004067
state,Adamawa,deaths,42,6.4464557032983745,1.282681735088583,2.5102983450296046,4.6681995411154595,7.920741329118277,18.10450146062317
state,Adamawa,cases,43,2632.1972493197104,666.5804047668883,924.1291786215036,1686.197910997194,3702.6638747903544,7084.422386504055
state,Adamawa,hospitalizations,43,34.01775725255348,7.551121587683361,11.702258519267826,22.247861977610125,45.996359509078545,91.80674277140876
state,Adamawa,deaths,43,4.841138577199085,1.0945499393981635,1.734637493677822,3.310407946148251,5.872095445760483,13.9705587110716
state,Adamawa,cases,44,1817.7530928449494,483.5632884427329,662.2982733619085,1182.246687043073,2550.672889332242,4793.484879498694
state,Adamawa,hospitalizations,44,25.175952971593816,6.4114974669908875,9.21256456427321,16.25162888603368,34.90935794899293,67.00444087809079
state,Adamawa,deaths,44,3.3751657135431534,0.8037244393027072,0.9997724539573971,2.2042043662719393,4.187617490627019,9.929705925060446
state,Adamawa,cases,45,1328.124485580084,342.551271506106,471.3104839842105,860.9038512951889,1846.6142628847047,3544.630226368299
state,Adamawa,hospitalizations,45,18.4033103184656,4.630794060764523,6.511777328344488,11.765560344201523,25.75498360989891,51.52790915130101
state,Adamawa,deaths,45,2.6092370382047085,0.6868582579093204,0.6868582579093204,1.6476013352797836,3.2189454135271167,8.22564382805859
state,Adamawa,cases,46,1017.931661612805,268.3034775814641,369.7090995053016,662.2629062988584,1448.3348010321483,2629.724483671458
state,Adamawa,hospitalizations,46,16.712176583314136,4.319969984279435,5.88994708303814,10.637589718378752,22.892311590566678,46.232969450203136
state,Adamawa,deaths,46,1.761905035902934,0.47683722772744574,0.47683722772744574,0.9775467316899573,2.1370991586004378,5.350166445791294
state,Adamawa,cases,47,686.3985875063399,178.27150054282825,244.9253272414049,446.0436260115246,963.0960921406411,1801.7932633417818
state,Adamawa,hospitalizations,47,7.71167299835832,2.0254518992477584,2.3065119305613386,4.589270944054309,10.879103841024705,21.910800123317042
state,Adamawa,deaths,47,1.71983137487942,0.47050477576147176,0.47050477576147176,0.9501349572821997,2.070304482197049,5.422472032479969
state,Adamawa,cases,48,758.8634217814946,202.82653059853516,276.2752534172811,482.2577384570606,1057.3188631814326,2014.3558274726302
state,Adamawa,hospitalizations,48,8.79936269895534,2.198753230503104,2.6524336347289554,5.411561106424591,12.406418821063065,24.948866521142097
state,Adamawa,deaths,48,1.018094557918641,0.3412198585550501,0.3412198585550501,0.37540486385174,1.1724250323264498,3.325704508305449
state,Adamawa,cases,49,536.557592813938,137.75333980774576,196.80765276051653,353.2241888638039,767.1067442947717,1398.3631842591888
state,Adamawa,hospitalizations,49,4.145128201149601,1.1977696664681758,1.1977696664681758,2.246734948329806,5.8587670969627474,12.139142671994662
state,Adamawa,deaths,49,1.4123426678602784,0.4329248733376063,0.4329248733376063,0.6887331865833343,1.6793147889930937,4.759379586589739
state,Adamawa,cases,50,690.5389569467933,212.93076687541557,277.5932852783833,429.22993984235575,933.2549735463632,1821.5660584163531
state,Adamawa,hospitalizations,50,6.361634233187676,1.5460375967220559,1.7018516721925387,3.904485987309285,8.939286165501745,18.456948624327588
state,Adamawa,deaths,50,0.6278107795652811,0.0,0.0,0.0,0.7028881108912692,2.906986886671621
state,Adamawa,cases,51,418.0616681483994,111.2790917214468,151.880777258367,273.1863455309612,584.6434147782501,1117.1926275847009
state,Adamawa,hospitalizations,51,8.906716605528553,2.5027751975535106,2.9359700477605584,5.5262156055140075,11.967364705287515,25.063143578631024
state,Adamawa,deaths,51,0.5317317668507325,0.0,0.0,0.0,0.582913709200408,2.5794941516682877
state,Adamawa,cases,52,546.508443260042,145.78447665819928,199.29201805161068,349.0372301677259,771.9438124662596,1458.095347126428
state,Adamawa,hospitalizations,52,10.649728315979816,2.330909961273118,3.128428295448754,6.694160455456545,14.934218012151032,29.527666008283905
state,Adamawa,deaths,52,0.4987710467284909,0.0,0.0,0.0,0.5389424422473374,2.460167968570033
state,Kogi,cases,1,2185.5913674000335,631.2674771203205,833.7866935337669,1404.1883190712526,3031.4683783051078,5770.047674121269
state,Kogi,hospitalizations,1,32.48856101001976,8.762065196597236,12.179537005916831,20.724811495078093,43.49756272286386,89.54754997718169
state,Kogi,deaths,1,4.11076030528974,0.9141227585085674,1.4632447842428353,2.885665234168029,5.172036626750609,11.823044457231644
state,Kogi,cases,2,2459.2513794598613,697.9898342229584,921.7401010033491,1581.988736357615,3372.0273040587304,6629.397170657934
state,Kogi,hospitalizations,2,34.54308966670663,8.814409154344663,12.49260684147568,22.09644560566445,47.01109045869258,95.45399385534803
state,Kogi,deaths,2,1.2454738258724232,0.3870148620449342,0.3870148620449342,0.548870827243725,1.4739944248863013,4.205596266192944
state,Kogi,cases,3,1443.0543076391791,405.26187520170106,536.3023096401835,919.8627721976529,1999.459833700176,3705.4021788771865
state,Kogi,hospitalizations,3,12.575498097383218,3.0148717612247964,3.9593804032520254,7.967122451625873,17.55588043301179,35.40687528555297
state,Kogi,deaths,3,2.8400451151313852,0.7565266508873745,0.7798505655341126,1.7810139043290292,3.520345556590343,8.76489333368865
state,Kogi,cases,4,1411.8540852866931,410.3532493238749,539.951112659337,896.9966283626907,1977.3225360469387,3721.947398836846
state,Kogi,hospitalizations,4,10.864105826273468,2.6801885163605084,3.421910780708534,6.74783937324502,14.729110820597278,30.185382005841806
state,Kogi,deaths,4,1.988690921349291,0.5360648636599321,0.5360648636599321,1.1771495960848073,2.560281421923437,5.798803886090957
state,Kogi,cases,5,843.6374777079355,198.68935146215944,285.12069654377166,551.5220127505842,1191.5552417425893,2274.007681056048
state,Kogi,hospitalizations,5,13.048793402607943,3.3920218185569917,4.289002728548654,8.138326156475015,18.205667072433133,36.24009809610323
state,Kogi,deaths,5,1.697501731218555,0.5045113410526977,0.5045113410526977,0.9550948676011436,2.0504895568163417,5.25138312520497
state,Kogi,cases,6,984.2366353887397,250.69165687639835,345.3368474454411,638.9042459873222,1377.2701221198263,2615.326129391711
state,Kogi,hospitalizations,6,18.509524633230278,4.776841430909501,6.736091509901552,11.8244249799742,24.52634905049826,50.231456204385516
state,Kogi,deaths,6,2.087561089999363,0.5978301766956883,0.5978301766956883,1.242510139474894,2.5891904135420787,6.470934192660917
state,Kogi,cases,7,991.0731341304618,259.13754815528677,355.79830220525747,647.0032430421459,1406.8833274569345,2608.902960910522
state,Kogi,hospitalizations,7,19.348801679257935,4.530337471465986,6.682306900209949,12.589252238588779,26.35249554185466,53.35099772770903
state,Kogi,deaths,7,1.7855955734763853,0.5537208061453506,0.5537208061453506,0.9712616898452131,2.1441823065887418,5.79742580410186
state,Kogi,cases,8,991.73505768955,283.3502323283843,373.3241039966877,627.1811523570653,1369.6419191919308,2720.1737980747143
state,Kogi,hospitalizations,8,16.19276722844696,3.742090052314973,5.342721758942594,10.52474366826941,22.565234055409793,43.63189511910337
state,Kogi,deaths,8,1.3705869952802667,0.45750272079907184,0.45750272079907184,0.6485691336503303,1.5735982623879354,4.200071717129858
state,Kogi,cases,9,1949.6476219504798,549.9879279838074,736.2072191564444,1253.2558601010044,2672.5904596722667,5213.558551349657
state,Kogi,hospitalizations,9,21.147446281108113,5.068168680103497,7.454756059052101,13.568820921758498,28.348467883655076,59.211524392230075
state,Kogi,deaths,9,2.3365883041994313,0.6553695358145487,0.6553695358145487,1.4371947609279485,2.8958080069792413,6.7412624752997035
state,Kogi,cases,10,2336.940520214756,577.1570364941084,810.5620659312135,1514.5519804316611,3247.1776174407496,6305.262470339033
state,Kogi,hospitalizations,10,31.647760479603622,7.951757860736171,11.386211001095578,20.17113640103621,43.0197422293496,85.95135580616976
state,Kogi,deaths,10,3.0518928754381727,0.829429060874022,0.9653849507146631,2.021828541520821,3.8017731537083463,8.4355046016976
state,Kogi,cases,11,3564.7380195258966,902.1825233740221,1270.5019164413961,2373.005236445274,5020.122482444084,9546.905017844221
state,Kogi,hospitalizations,11,53.62277498203418,15.76745502351067,21.268541479077033,35.157797054466336,73.62852026189869,140.89137498743855
state,Kogi,deaths,11,7.853036024068398,1.5977640996664784,3.1796432726738737,5.816724851334511,9.93251989002631,20.73126627986656
state,Kogi,cases,12,5414.693272418751,1495.0664033946343,2012.2101376937828,3472.548022609113,7499.355793441468,14043.098991959267
state,Kogi,hospitalizations,12,128.62087870116508,37.145052517559016,50.55909082040685,83.74684237596288,172.06665264101596,347.3957942259759
state,Kogi,deaths,12,12.284516979872848,2.8815304997311166,5.43182880291446,8.997939551897662,15.09253724404255,30.463107900606808
state,Kogi,cases,13,15289.891509969517,3508.033136377722,5130.365982386681,9855.792280234411,21521.721535243,42141.1924296852
state,Kogi,hospitalizations,13,222.80689859409637,62.168011750684734,84.68235679910256,144.8656514656417,308.77347648564285,595.0887032080312
state,Kogi,deaths,13,48.84888380803805,13.636861679250053,22.433442504545503,36.323552972081494,57.25451431357941,128.715415550715
state,Kogi,cases,14,43324.67425482426,12548.794779593487,16728.231521099606,26967.337498585333,60919.20851353932,114541.08056139477
state,Kogi,hospitalizations,14,400.7510253970986,99.31315762174688,145.92426349424045,263.6528746249525,553.4850564011416,1102.793503749288
state,Kogi,deaths,14,50.19800757222781,13.642271331763595,23.51113199765758,37.369022311971534,61.303582613671814,133.04124394699002
state,Kogi,cases,15,68270.3477158329,18072.62464788169,25014.290733069145,44462.313251842425,93903.85978755617,181517.96179438345
state,Kogi,hospitalizations,15,981.2872059318414,269.3275275389742,374.12293732630917,648.0125080378936,1326.5930209129222,2648.695831516247
state,Kogi,deaths,15,147.02580885622058,40.253824923371894,68.66602402828289,109.78097274057191,176.62442899204342,382.53501165929237
state,Kogi,cases,16,150703.39381078377,37525.343899095504,52512.22780251988,96213.31607484161,209150.474046589,406901.5656371178
state,Kogi,hospitalizations,16,1935.86930335131,530.9434551270264,741.9561955139511,1281.6298821508626,2695.7705953418936,5057.713948117609
state,Kogi,deaths,16,183.22276731708936,52.21695436768579,84.77948270104054,136.40867739936016,218.16614370961582,455.7558125154874
state,Kogi,cases,17,219230.14005016323,54484.73080508507,75315.96116131547,138845.25665772316,307597.1516287975,579015.877422943
state,Kogi,hospitalizations,17,2553.4973861999383,748.8827092720325,1006.7723633676999,1683.7236566960771,3524.2111899621295,6723.932902969677
state,Kogi,deaths,17,162.02673910169386,46.19583088894692,74.9672749435795,122.45079135199258,194.7145813684631,416.7380116370586
state,Kogi,cases,18,210351.00894430195,57485.25820407737,78752.28633643176,134841.03746515117,295227.68509985716,547290.365973825
state,Kogi,hospitalizations,18,2304.2046423808065,656.2643818906065,911.9607150464262,1514.244753407956,3173.387821402106,5820.711004390143
state,Kogi,deaths,18,106.86406983863995,29.804273613619667,48.94535373036194,80.3916253232385,126.72679204478779,281.1796432244278
state,Kogi,cases,19,98373.62838013234,29306.141170248196,37969.68017324797,63096.25073683242,131568.47723935032,266572.4915831927
state,Kogi,hospitalizations,19,1454.245275575404,385.7702882216763,544.5328171602441,962.1079218298416,2003.214036616544,3930.167811188847
state,Kogi,deaths,19,65.39330741284252,16.3941430674178,29.165639225846757,48.08295309276056,78.70000552136705,173.98841859050674
state,Kogi,cases,20,35938.809129559646,9377.941435775687,12858.410978974902,23303.80088724955,49721.883012107945,95930.1451618903
state,Kogi,hospitalizations,20,472.7175501526916,138.9492893938336,189.6034330680342,310.65543614195656,626.9729743063922,1264.4650627655142
state,Kogi,deaths,20,10.414760141444702,2.115145088326828,4.328593650205718,7.566754675348444,12.718342414716982,28.33786481583075
state,Kogi,cases,21,6618.890066785123,1819.4365738284484,2462.8918827992093,4278.538501711076,9119.594907721923,18346.752664606534
state,Kogi,hospitalizations,21,124.5299773121735,33.40386147143904,46.996317153665416,82.24183066353106,169.89959320748108,335.6531941432658
state,Kogi,deaths,21,3.007822053938283,0.7040876191253354,0.8852152452252228,1.983334838887786,3.711508633748407,9.17890026262967
state,Kogi,cases,22,4109.3113848217945,1172.0096940103792,1551.1273657525294,2635.1307949307893,5736.23458474407,10699.61477391551
state,Kogi,hospitalizations,22,59.38414326021095,14.800146667266285,21.50564061126677,38.433829597082045,82.51322327962103,160.30167057546552
state,Kogi,deaths,22,3.330679026855339,0.8441649158238629,1.0730068262894168,2.24112640442606,4.127949063732654,9.402615046984803
state,Kogi,cases,23,6140.570618322404,1666.251960598003,2253.5801688972347,4004.5827918455,8321.083585306655,16736.82893389798
state,Kogi,hospitalizations,23,72.79630444672091,19.10788674988135,27.012130216273405,47.24038533290665,98.73362145961823,197.46288544092846
state,Kogi,deaths,23,8.432499028828415,1.8170852525800383,3.514202615871773,6.043516833655356,10.024695970654307,23.182782784467655
state,Kogi,cases,24,7182.7823334415925,2054.5992180876774,2750.727313551388,4607.133268004876,9949.839311135383,18736.416935975958
state,Kogi,hospitalizations,24,117.51636193993579,32.15165431758873,45.311252154786885,75.97507658174648,158.28484170556843,315.4451910443587
state,Kogi,deaths,24,12.6539518420266,2.915716359142321,5.544465570029786,9.356051575672943,15.515335178694109,33.21354224314599
state,Kogi,cases,25,10602.612178631849,3024.0127876725624,4023.3742367005557,6747.501231708564,14787.09646732662,28076.267293010103
state,Kogi,hospitalizations,25,167.29692820224523,41.574546990356744,60.22264502257504,110.51005926362652,235.21650618533516,446.2019296384245
state,Kogi,deaths,25,23.640823445347856,6.6747725027714395,11.08809795455647,17.655773219975615,27.747818826236095,60.331814690949585
state,Kogi,cases,26,20882.946036355497,5532.787239208779,7573.330812347102,13480.449534550802,28627.794648892625,56168.871247082
state,Kogi,hospitalizations,26,314.1061193236147,86.03682221312195,118.86622271756497,209.31526451274587,429.7816558819736,858.425359026221
state,Kogi,deaths,26,29.600619050390947,7.952623295124205,13.76669124025981,22.482944636216775,36.46298930520311,73.22072383001738
state,Kogi,cases,27,25016.950605287184,6974.530123474573,9323.379497796192,16105.602201014293,34357.99641379315,65108.21732585684
state,Kogi,hospitalizations,27,474.3633481723063,126.51896570666192,180.4161305660282,309.3045133666776,654.5427278012293,1270.8918868053363
state,Kogi,deaths,27,42.58327161669816,12.430528203245581,20.054364898546382,31.614352488357127,51.84986213450692,108.53091435863784
state,Kogi,cases,28,40325.94570387563,11914.041676005787,15844.09013514038,26295.714776977293,56331.940756237,104479.90426333572
state,Kogi,hospitalizations,28,533.2833411754159,149.2602997891733,207.1527540666077,341.76330426724485,706.1411109766419,1388.7975606713858
state,Kogi,deaths,28,62.63499730285665,18.431950985974517,29.17394514894433,47.64495564358924,76.40162347131476,163.69220996516077
state,Kogi,cases,29,54304.33717193001,15169.504199585,20309.92957984814,34500.2328349021,75679.36864544143,149069.13012511513
state,Kogi,hospitalizations,29,719.5140909048006,193.21878693674375,269.49202940466995,478.76072995206835,988.6795222294718,1918.4794069094137
state,Kogi,deaths,29,72.28966743734983,21.41505835923472,33.935451495691204,53.59112361789387,87.12462078929374,185.06801772111228
state,Kogi,cases,30,31403.027258159495,9624.368070615108,12542.270790151477,19853.461667549753,42447.55877263755,81638.2571321181
state,Kogi,hospitalizations,30,505.19373855871055,140.87414096714247,198.46540324436359,337.4814095513954,692.5319062058019,1326.6766235554824
state,Kogi,deaths,30,46.46908632153332,13.239255178829822,21.461408269604952,34.4085074019736,56.14331807806194,117.98577391405105
state,Kogi,cases,31,27396.91699903659,6784.73119502565,9404.232812136564,17872.25426879552,37683.172788084965,74828.63725554133
state,Kogi,hospitalizations,31,606.420831475329,149.26310908011715,217.12521107922225,395.45220283405587,825.6874154352505,1635.6868741923176
state,Kogi,deaths,31,30.14455879067053,7.842600267401876,13.765325699105604,22.881428334573744,37.3087828160773,77.17530377525375
state,Kogi,cases,32,16595.876772139396,5100.565548747306,6587.2997936098,10438.387972163053,22785.588402465455,43216.340859831864
state,Kogi,hospitalizations,32,328.23154846528166,87.63736002655857,123.3094580377056,216.1972953128861,443.1559772981991,879.704865842381
state,Kogi,deaths,32,17.753442751331697,4.264085711814021,7.737850057342014,12.977810466415315,20.816265168774663,47.24150228077426
state,Kogi,cases,33,11632.125036733907,3201.529161373738,4277.696618492913,7341.4400284552175,16215.466110502959,31032.965507688772
state,Kogi,hospitalizations,33,227.07527157818,67.40151255420963,90.96336503430328,150.0769531048115,305.2362431053396,607.4621176834384
state,Kogi,deaths,33,11.623240113351182,2.563753827628477,4.903726146882541,8.482158921306992,14.57923172938986,30.87619013368785
state,Kogi,cases,34,7197.316598546053,1850.9667899580088,2528.453639959377,4590.602241569322,9966.310275911972,19779.971655881363
state,Kogi,hospitalizations,34,162.56450465024892,44.11906309302779,61.38965983769222,106.32976264546423,221.22728477658285,431.8915723173529
state,Kogi,deaths,34,9.684443851345973,2.1720724606054453,4.270108613715878,7.176326853474138,11.928407319858033,25.331709214833346
state,Kogi,cases,35,5461.695781393322,1343.9943007131653,1869.3712524612743,3588.327235979591,7816.9060991265915,14381.080880120753
state,Kogi,hospitalizations,35,130.7569118729947,32.47099024326669,46.71638391605167,85.60254385163691,174.2246017500097,355.8843159384166
state,Kogi,deaths,35,8.083843648895169,1.7358281394943376,3.3538210701840008,5.826190719602209,9.565579623281948,22.84834457931533
state,Kogi,cases,36,4627.588669876608,1174.8308271302278,1633.7036409549837,2928.0738981579834,6496.1808897468945,12592.882799910452
state,Kogi,hospitalizations,36,110.79216880853824,28.659748889888025,40.92653193372813,72.10356973752158,150.94055331747535,296.07798722335525
state,Kogi,deaths,36,7.160130567494515,1.6415329950044524,2.910282494905448,5.1451065251473045,8.832074951519639,19.923357322086936
state,Kogi,cases,37,3820.8868370623395,1066.534897546239,1432.973499047543,2447.165129459265,5324.548155468432,10387.241453115526
state,Kogi,hospitalizations,37,91.4397057229416,24.61223969659748,34.75253957333962,60.34735897507179,124.54353867339088,247.22666870995783
state,Kogi,deaths,37,5.631308891445815,1.2300431221787762,2.1366793039020404,3.9964300441186005,6.995909563535341,15.578951820097176
state,Kogi,cases,38,3510.5110528095506,921.3518379282939,1260.4719780715523,2285.364644090316,4902.953792537719,9349.466827849516
state,Kogi,hospitalizations,38,82.56503623463234,23.6667650762994,32.33940432468643,53.303533857857026,112.28349378750383,218.95237017889337
state,Kogi,deaths,38,5.877027358303647,1.3775341998396815,2.357380428695514,4.115561885080255,7.019524328439281,16.13819412147398
state,Kogi,cases,39,3654.195208849831,969.9728279213045,1303.759297843802,2368.58137740965,5139.426773308634,9541.295435648737
state,Kogi,hospitalizations,39,84.19180637364956,23.719340376083423,33.38730591025514,56.115719584459406,115.53556844292214,223.10167666587589
state,Kogi,deaths,39,5.541349850374781,1.2196307636122077,2.113302507620598,3.9520404935411593,6.995506353775346,15.071560735236547
state,Kogi,cases,40,3387.0634154420527,898.8252272936878,1240.4797235877713,2222.7875792441496,4704.740470971923,8993.633279677017
state,Kogi,hospitalizations,40,76.33725631610307,19.956665286768764,28.83206447442235,51.31739635508179,104.88963597725433,205.1010819871809
state,Kogi,deaths,40,4.748640491861035,1.0616098122602033,1.6675181545471178,3.28114900179007,6.057019516275242,13.191541585356614
state,Kogi,cases,41,3460.3514761704605,867.430241233706,1203.3500992131576,2178.115197443978,4883.287917460243,9296.71752910441
state,Kogi,hospitalizations,41,72.065997366546,19.18033682229144,26.839726022781974,47.07327477593281,97.41938488784183,191.72254235509814
state,Kogi,deaths,41,4.762217842029809,0.961103053972074,1.6338120908715734,3.3544442480208057,5.937992414597369,13.818505973989982
state,Kogi,cases,42,2693.039487915188,805.4126806198207,1059.1921537913618,1698.287172277654,3666.3751528160274,7142.506035157811
state,Kogi,hospitalizations,42,57.64030003204549,16.31422819883945,22.305044612046423,37.98714058424132,79.66445208626709,151.61828125522769
state,Kogi,deaths,42,3.648283071183007,0.7924881915189865,1.1687920791609963,2.5020232070250223,4.511563757032363,10.803467218900948
state,Kogi,cases,43,2081.7524679127337,527.0290855224124,730.7397435417389,1333.505272589991,2928.448250613097,5603.282385418712
state,Kogi,hospitalizations,43,41.85476543063451,9.46600075862021,14.546714654406317,27.453827793119107,56.52040001195426,112.5892444389602
state,Kogi,deaths,43,2.8290973269540403,0.7048359687190247,0.7609711513131963,1.7756893047457432,3.425289222806487,8.640298602716165
state,Kogi,cases,44,1514.4468641294723,402.75459364533293,551.6826551131488,984.9213372201699,2125.1405375118693,3993.9276811329537
state,Kogi,hospitalizations,44,29.741653658029545,7.706284857803728,10.996697917158464,19.265485620398596,41.182716887806436,78.88480553589302
state,Kogi,deaths,44,2.454150935705294,0.6246751149777945,0.6246751149777945,1.490389283981218,3.031948506169229,7.494845959062801
state,Kogi,cases,45,1075.1864479295534,277.17200463542366,381.4277918234393,696.8798857786015,1495.0054173180483,2869.8817273211307
state,Kogi,hospitalizations,45,23.75827978351226,5.934250761681105,8.59140331341803,15.299689465102476,33.162066742596735,66.0701938913497
state,Kogi,deaths,45,1.53756447803246,0.46344319172016807,0.46344319172016807,0.7864134253251311,1.8466448581248676,5.22480951799724
state,Kogi,cases,46,935.4146968871131,246.49425680907012,339.6876654486217,608.5493513031356,1330.9621516601699,2416.6784006019325
state,Kogi,hospitalizations,46,19.80130112526211,5.076706787096944,7.096871331626354,12.676166946469554,27.077570180501276,54.50685246776896
state,Kogi,deaths,46,1.3470662974312029,0.3938142986561533,0.3938142986561533,0.6332327551518131,1.5908935651836291,4.244528320738738
state,Kogi,cases,47,581.9700576169434,151.03685154439538,207.56473201592837,378.12945000170265,816.632105446123,1527.9157000080438
state,Kogi,hospitalizations,47,12.061431868071386,3.0561392096994506,3.989089477800255,7.433471114323793,16.923997621533303,33.569369239753705
state,Kogi,deaths,47,0.5906323736137785,0.0,0.0,0.0,0.6524827969444407,2.7831850951274952
state,Kogi,cases,48,479.0814458410728,127.77753120567105,174.18240876028966,304.322071232779,667.6454900090262,1272.3011114930534
state,Kogi,hospitalizations,48,7.000328518388032,1.7869487364997898,1.96836933685134,4.210739822538007,9.895530631149565,20.08890329313883
state,Kogi,deaths,48,1.0784710868874006,0.3545856658701736,0.3545856658701736,0.42928038114540934,1.2575203562375041,3.4951452120353106
state,Kogi,cases,49,471.51373959508334,120.96434456569617,172.8731532692695,310.36346760337545,674.1667077290265,1229.0418412559882
state,Kogi,hospitalizations,49,11.36474773219905,2.9612557099265793,3.726201033293943,7.026929278238873,15.956985802476167,31.48400953057357
state,Kogi,deaths,49,0.6527255749403446,0.0,0.0,0.0,0.7637897099145813,3.182152861391732
state,Kogi,cases,50,485.6500972605244,149.5474528385095,195.05178857231812,301.7616014476837,656.4543186255338,1281.576983815954
state,Kogi,hospitalizations,50,8.64031056723257,2.0375954876242246,2.5608970876011714,5.463852197414725,12.099451581236778,24.643225497182815
state,Kogi,deaths,50,0.6363385493538286,0.0,0.0,0.0,0.7160033414051266,2.93707755047131
state,Kogi,cases,51,365.5829689455358,97.21848649535876,132.7356610775171,238.8502469413945,511.30383986537083,977.162414816358
state,Kogi,hospitalizations,51,6.256488102207678,1.8183970712641777,1.8596880832235838,3.7416369457015604,8.421468626170984,17.936236861244165
state,Kogi,deaths,51,0.5911355526670286,0.0,0.0,0.0,0.6801648995519296,2.7994114251638185
state,Kogi,cases,52,569.4562422478674,151.93667523404045,207.6868857941912,363.70839021105866,804.3403160375019,1519.2506172270316
state,Kogi,hospitalizations,52,8.901396811672733,1.9762776293794335,2.500315593630276,5.523545498372402,12.509933511918733,24.88308618166709
state,Kogi,deaths,52,0.6043320323946677,0.0,0.0,0.0,0.710478276632637,2.8458502288728864
state,Abia,cases,1,1652.228246277635,477.0419734396489,630.1617991100618,1061.4285154799013,2291.7751630698494,4362.347979744693
state,Abia,hospitalizations,1,21.730027918435805,5.7112609653791235,7.940001328853334,13.736469387952946,29.183781850192872,60.42061111532239
state,Abia,deaths,1,1.6886027925574703,0.4595876698963369,0.4595876698963369,0.9535711307331504,2.103075495496017,5.446960288672207
state,Abia,cases,2,536.3240038763533,151.66082951084707,200.52835183746276,344.7280231654962,735.6761589212101,1447.0924936258089
state,Abia,hospitalizations,2,9.80158461415366,2.519554033920507,3.07594958603251,5.977150450708189,13.503556397903232,28.137558141647485
state,Abia,deaths,2,0.5068011772421918,0.0,0.0,0.0,0.5419507592812085,2.5601763366904113
state,Abia,cases,3,981.5101978598489,275.4137285389906,364.57143021731565,625.5395004380633,1360.079134366286,2520.773536391617
state,Abia,hospitalizations,3,15.694016248128305,3.7134700641184235,5.10855522974888,10.044960921279467,21.855601152785553,43.84298245775808
state,Abia,deaths,3,0.620856693287184,0.0,0.0,0.0,0.7139235056113513,3.1021238778053277
state,Abia,cases,4,825.6767107384788,239.6873821181916,315.51653991770706,524.4278603288867,1156.5386191046266,2177.338118545556
state,Abia,hospitalizations,4,12.0522421180971,2.9518239197981977,3.8700686291401443,7.533077971602911,16.323246209726904,33.34600066039018
state,Abia,deaths,4,0.6038884308152347,0.0,0.0,0.0,0.7600716908212373,2.644867835361503
state,Abia,cases,5,624.2636883064987,146.8249588800946,210.8078900633919,408.01802333050176,881.8183790573637,1683.1304478258003
state,Abia,hospitalizations,5,10.66288642514699,2.810317551861512,3.381981601228895,6.571177240570394,14.912050734340138,29.853722915333627
state,Abia,deaths,5,1.4766428843813149,0.4568557164589209,0.4568557164589209,0.7704186086666835,1.7623434373583624,4.660883877388216
state,Abia,cases,6,666.7965598413251,169.5974144338473,233.7482289664345,432.7291557673179,933.1959210850335,1772.3542642183427
state,Abia,hospitalizations,6,13.432050204940694,3.5277435423927423,4.713178312937714,8.470961735355386,17.851455365687723,36.834925317583064
state,Abia,deaths,6,1.9504046393529428,0.5683156237065087,0.5683156237065087,1.131798624866967,2.411994021024298,6.102098205948579
state,Abia,cases,7,835.9793481931965,218.46946047120318,300.01894723511776,545.6989411661352,1186.7846795839282,2200.8889574960717
state,Abia,hospitalizations,7,11.409620961135262,2.754453367711853,3.6708564751207984,7.26228991306342,15.630366707804006,32.045504815592246
state,Abia,deaths,7,1.4258088100438169,0.4707098693519358,0.4707098693519358,0.6757404131965139,1.6728228853379197,4.778391161516824
state,Abia,cases,8,1313.5535199181431,375.52906070102006,494.6700830574793,830.8208756514513,1813.9677957525794,3602.3064077472945
state,Abia,hospitalizations,8,15.79215562809704,3.6544879591590194,5.194239040830174,10.254950142642834,22.013573405852014,42.58706525683655
state,Abia,deaths,8,1.0916337082883176,0.39055674944109564,0.39055674944109564,0.4073354600882679,1.1970058887735542,3.4391497894386602
state,Abia,cases,9,2106.4050142230535,594.2662639541182,795.450457114476,1354.0500146471907,2887.44477971803,5632.609430228981
state,Abia,hospitalizations,9,29.231465509121044,7.25321103368455,10.546682185223396,18.89667635849434,39.081278384487646,81.23103436562704
state,Abia,deaths,9,1.4588757938188222,0.4632296774121435,0.4632296774121435,0.7226631407149966,1.7536432313559762,4.471695468326662
state,Abia,cases,10,5045.753129458266,1247.028257355724,1750.8638137174432,3270.518943261047,7010.620019464659,13611.899721865157
state,Abia,hospitalizations,10,41.48067227892574,10.649815934380262,15.119412581529847,26.552112783962922,56.28728395347987,112.1584774907417
state,Abia,deaths,10,5.5620870124428485,1.3648526420764981,2.2341052046737016,3.9725176791500076,6.901474742860794,14.526431363981246
state,Abia,cases,11,9541.771706557158,2416.133446908842,3401.8446415879635,6352.40843256361,13436.730225339528,25551.487973665964
state,Abia,hospitalizations,11,173.95750079423388,52.70790956776364,70.32846399690845,114.8172001444398,238.04294430979593,453.49289266531827
state,Abia,deaths,11,9.150838390097928,1.9278684059032332,3.795674849903967,6.821432068614494,11.543848185669058,23.93420618842701
state,Abia,cases,12,38497.56705952388,10634.09505789744,14310.317423688208,24691.428975610856,53316.81841388004,99834.35987647591
state,Abia,hospitalizations,12,453.6645543401168,132.79945790338508,179.85119685144656,296.2621826567895,606.057082798931,1221.0501828329343
state,Abia,deaths,12,35.07093118780079,9.54384464980909,16.471511229087447,26.158545182291707,42.71399702622599,84.46683374693556
state,Abia,cases,13,102756.57175837942,23580.340831485883,34482.71259516298,66238.43668577156,144635.60285284175,283202.1971337585
state,Abia,hospitalizations,13,1316.557935151728,370.87198273461854,503.414608362466,857.7154719622305,1822.6457616233738,3508.192102207888
state,Abia,deaths,13,118.28100168533274,34.02384385082429,55.07275993664525,88.30973865151185,138.3944315137473,309.3897924876613
state,Abia,cases,14,218126.21812454407,63182.13264338515,84223.90349708922,135773.65410951414,306707.57036104525,576671.9732607086
state,Abia,hospitalizations,14,2190.325813969396,546.1518375343081,800.3891961449011,1442.5325344437892,3023.4040232407906,6019.5725565150215
state,Abia,deaths,14,178.80747166345438,50.42367667062965,85.0831286430514,133.75205812221157,217.8102661912243,469.7530295730963
state,Abia,cases,15,235609.39855085238,62372.661118723605,86328.95856498968,153445.7870732905,324072.8930846823,626436.8302728791
state,Abia,hospitalizations,15,2291.629991504051,629.9366480825296,874.5261103085827,1513.7764643614664,3097.5637987303926,6183.313605036332
state,Abia,deaths,15,226.26500837931619,62.33727165102377,105.95870981471762,169.0827638956479,271.7079666388297,587.8438530552046
state,Abia,cases,16,240523.20302340374,59891.04249774331,83810.1082630143,153557.04239124435,333804.7393959422,649415.4691105565
state,Abia,hospitalizations,16,1548.3442530103953,424.5132412401416,593.3069621508796,1025.0037851864256,2156.2059696288843,4045.576281413626
state,Abia,deaths,16,155.17230538568734,44.11393770836843,71.71837115091736,115.48630753939169,184.79506987161858,386.20842856560034
state,Abia,cases,17,71835.66293380727,17852.636475417938,24678.519300524844,45495.509924910744,100791.36340496152,189728.61709226208
state,Abia,hospitalizations,17,847.5489474856041,248.09486583464968,333.76024789081964,558.6288700143002,1169.9991409921572,2232.8776964712824
state,Abia,deaths,17,59.93553909476122,16.64068528935742,27.394770561897744,45.142985893964884,72.15348138659354,155.14058822337887
state,Abia,cases,18,39702.229877678714,10849.336708162467,14863.416302607904,25449.978279323364,55722.415287695825,103298.39334727784
state,Abia,hospitalizations,18,514.4610168480701,145.96923665633662,203.144851120091,337.82007133158623,708.8168831553814,1300.7781670868317
state,Abia,deaths,18,35.558501285523015,9.440526099539365,15.928033288927015,26.586152464750455,42.290581127822534,94.63945466776967
state,Abia,cases,19,5381.264772788638,1602.449955635387,2076.448806267317,3451.1717183864043,7197.418679491411,14583.747477401916
state,Abia,hospitalizations,19,102.13264517193922,26.410254180308453,37.661690510962,67.2550695964889,141.03783963858936,277.60027569742874
state,Abia,deaths,19,8.58006090913801,1.5345853864588372,3.345477628722116,6.07059025069345,10.48109570658064,24.207762135501824
state,Abia,cases,20,2589.185574024291,674.9412304887359,925.779012323555,1678.57928897331,3582.5330625318047,6912.767054304968
state,Abia,hospitalizations,20,30.60168398974549,8.333503363922135,11.711731452306962,19.784936273808167,40.8807976341118,83.39644439358099
state,Abia,deaths,20,2.37332872438961,0.5505591373349742,0.5505591373349742,1.453425544766582,2.928784351555224,7.402046013432765
state,Abia,cases,21,3680.867792959369,1011.495180839055,1369.3738396093963,2379.2049307794123,5071.716360028422,10203.701124562042
state,Abia,hospitalizations,21,35.2567352844217,8.935225771174672,12.860486198691344,23.038766169740637,48.35277524378469,96.21947907438035
state,Abia,deaths,21,4.412773909523882,0.9619089852382339,1.5755395127427123,3.075766296054673,5.436759240931003,12.906189168090409
state,Abia,cases,22,2994.5651481625805,853.880963717227,1130.1791752632034,1920.193018235322,4180.254985292915,7797.530495529507
state,Abia,hospitalizations,22,46.858512719600746,11.522269100968117,16.83665012476238,30.252939374253224,65.18768024243836,126.83823896814258
state,Abia,deaths,22,2.540797306946348,0.6816362888575914,0.6816362888575914,1.6171063646671355,3.1406555801269627,7.399780400871779
state,Abia,cases,23,4929.866201125309,1337.5820748761812,1809.1286858734234,3214.951428645332,6680.5287528090375,13437.255472330427
state,Abia,hospitalizations,23,54.38367977503879,14.090554571532602,20.022526382392996,35.20341493231678,73.84802734239719,147.9423050976667
state,Abia,deaths,23,5.038830586721797,1.1573465057585852,1.8752072124009145,3.486189948494856,6.021901333782081,14.402612021303455
state,Abia,cases,24,10081.226687974095,2883.9728923305715,3860.9681486679647,6466.37916878976,13964.709568263976,26296.41218858586
state,Abia,hospitalizations,24,109.76475938660619,29.983359205850828,42.282249116093595,70.94049578288423,147.86676300773132,294.74798678718207
state,Abia,deaths,24,9.089238156774831,1.891036517829376,3.8318844413892545,6.646039840422146,11.193538225596853,24.260409834919297
state,Abia,cases,25,19219.858108380675,5482.352332053468,7293.865643475912,12231.811086800699,26804.950566951513,50893.842400738984
state,Abia,hospitalizations,25,239.61206952620586,59.86831156050632,86.52927030877036,158.42457428675215,336.7158633650276,638.3591548926353
state,Abia,deaths,25,13.83661325962868,3.6198210684220307,6.2764175859861755,10.229822660961492,16.30471867884892,35.9186200074969
state,Abia,cases,26,21318.033663813483,5648.075909107313,7731.131336107736,13761.316564300409,29224.23529852296,57339.09147140995
state,Abia,hospitalizations,26,280.8715417405772,76.85695599334751,106.22380470599565,187.13308985250885,384.34665641420577,767.7808522400712
state,Abia,deaths,26,14.321156937844115,3.4815458579947993,6.391979063847824,10.755201777033829,17.75339763712321,36.153755552179256
state,Abia,cases,27,31968.043274644206,8912.6407653557,11914.104333576175,20580.72833161186,43904.444556828035,83198.43624113797
state,Abia,hospitalizations,27,375.25096917732526,99.93149718019598,142.59120283948903,244.60659618206654,517.8632813629472,1005.7047805415217
state,Abia,deaths,27,27.457568811300433,7.76935796340195,12.747282288035422,20.29528544125741,33.507902620087194,70.51735073513358
state,Abia,cases,28,35861.34557692641,10594.926239644115,14089.878647160729,23384.4028964855,50095.315342089976,92912.81307167555
state,Abia,hospitalizations,28,368.6848255634407,102.96908987366876,143.02641566246984,236.16702839511166,488.2897047566908,960.6378224613409
state,Abia,deaths,28,32.8228743772558,9.328344867978018,15.037860107340128,24.855452102422372,40.14001013743443,86.53613792137311
state,Abia,cases,29,25427.67248406279,7102.6440025778065,9509.666962579615,16154.32829264153,35436.60904504241,69801.63291814222
state,Abia,hospitalizations,29,363.6472244951063,97.29279190411759,135.89415518105923,241.80360482482598,499.86999751445836,970.4353224182962
state,Abia,deaths,29,31.305355965273794,8.880279097317622,14.399112758768474,23.063088702989837,37.84423742241942,81.0164693174591
state,Abia,cases,30,34124.52972320831,10458.511498011821,13629.28240476222,21574.0679428616,46126.1907005693,88713.19174809434
state,Abia,hospitalizations,30,500.34436531641364,139.5149762628558,196.55451001203852,334.2387327550228,685.8878195400721,1313.9573838607666
state,Abia,deaths,30,32.082056325693515,8.923560066111888,14.653707397861568,23.67674366685019,38.82407381585999,81.92305037165083
state,Abia,cases,31,30443.491804745554,7539.286283932795,10450.069447392094,19859.712153030203,41873.55161849752,83149.49199756749
state,Abia,hospitalizations,31,329.6475055677467,80.79522272148628,117.7357318148091,214.8074355558928,449.0045399068852,889.92504620356
state,Abia,deaths,31,24.938581729570327,6.3643874466063135,11.297013993090527,18.88918256121033,30.904723806810697,64.10677949329823
state,Abia,cases,32,17526.50404891795,5386.622746081419,6956.721798707769,11023.749864834168,24063.287875878283,45639.64235120105
state,Abia,hospitalizations,32,188.65996922546034,50.06120313568889,70.61077999896207,124.12054976784576,254.86432824667136,506.34645124689007
state,Abia,deaths,32,13.307243212129771,3.01523839162236,5.664889770267255,9.6617263259247,15.6405925478921,35.79672836492482
state,Abia,cases,33,15657.44849700952,4309.676432617529,5758.2220855050855,9882.089768647944,21826.72888565997,41771.417044057474
state,Abia,hospitalizations,33,153.44974793485184,45.320656769398724,61.27645132462388,101.30744071614606,206.37938939567485,411.04300691537117
state,Abia,deaths,33,10.74699908837936,2.3158431967977986,4.493036591959161,7.822537602462334,13.495470798444586,28.658739999153706
state,Abia,cases,34,12213.706613233022,3141.5723899608915,4291.188830666153,7790.41532573889,16912.367045833813,33565.00977373963
state,Abia,hospitalizations,34,123.85411554797206,33.44085089780858,46.62406009195253,80.92830477326191,168.6333269295621,329.4402413312466
state,Abia,deaths,34,8.501464462358399,1.8650510898987287,3.6838969767585876,6.266846935622238,10.490337751709063,22.40274598198128
state,Abia,cases,35,9492.86372709336,2336.5258509144232,3249.6019922294045,6237.05260516325,13586.089251634778,24994.262678361123
state,Abia,hospitalizations,35,97.50846447164534,24.02468983477613,34.67530266830114,63.748660946049704,130.0072178428684,265.825667491321
state,Abia,deaths,35,6.924996821385886,1.5127068788104499,2.7941861478843117,4.948760377062665,8.207492729904711,19.782907058921946
state,Abia,cases,36,8270.348090054671,2100.224965075648,2920.2366452901683,5233.293112030607,11609.546664666213,22504.432189589814
state,Abia,hospitalizations,36,81.50282722460209,20.888935458780374,29.941838210260517,52.95053497356504,111.13233724549421,218.24396301188497
state,Abia,deaths,36,5.839266316334913,1.37275267750021,2.2700230705073916,4.138922861490878,7.222196724741876,16.497421540473244
state,Abia,cases,37,6830.45912564105,1907.1729336047317,2562.1662484087283,4374.990375365452,9518.189368170779,18567.536929470338
state,Abia,hospitalizations,37,69.36678441969276,18.496294444776396,26.215192694098896,45.69822663522423,94.56500425617848,187.9526366902703
state,Abia,deaths,37,5.343628216442127,1.175794704195816,1.9983427798497988,3.7760731959978147,6.643267094067861,14.847772650977548
state,Abia,cases,38,6001.15906422018,1575.5584562213,2155.2100627261166,3907.0396063852345,8381.234959177164,15981.575131171285
state,Abia,hospitalizations,38,65.60093854590716,18.65917979687061,25.571191719392893,42.279405808376964,89.2858792183513,174.29997057658045
state,Abia,deaths,38,4.276224894179446,1.0510477988319504,1.5616549555231156,2.9031336279912106,5.11883421410978,12.076307803774506
state,Abia,cases,39,5869.0232982785765,1558.323865410455,2094.3648271493385,3804.4049367553603,8254.215713064896,15323.351594327298
state,Abia,hospitalizations,39,57.823639960773484,16.06803988015559,22.74351013084509,38.43686865506055,79.46467662077411,153.7361821290209
state,Abia,deaths,39,4.1872081282497104,0.9624340408616603,1.4567667545214098,2.907750185469071,5.309407501339338,11.6823769970806
state,Abia,cases,40,6135.667067725389,1628.818324495919,2247.6437828365956,4026.8596737492917,8522.324104814084,16290.62830367476
state,Abia,hospitalizations,40,60.712254883095525,15.722553790997722,22.80475595919387,40.747122587541135,83.49555830129057,163.4601554088606
state,Abia,deaths,40,4.547885731890954,1.023611333274876,1.5720389762577471,3.1279127105474065,5.804425762250574,12.683580008068178
state,Abia,cases,41,6062.097307459009,1520.191099369519,2108.607156062667,3816.060352646756,8554.592555417623,16285.403303543408
state,Abia,hospitalizations,41,54.10404740254145,14.219049467323753,19.995396222992753,35.25457559573545,73.22321541715291,144.34216804204922
state,Abia,deaths,41,4.253065059729359,0.8741284739980228,1.3954664739396478,2.9603908133481958,5.310141973763904,12.477512073695722
state,Abia,cases,42,4911.7162644707005,1469.5340102576579,1932.3136209616732,3097.735473886886,6686.642717181365,13025.541905450056
state,Abia,hospitalizations,42,43.529667240752865,12.14729612650327,16.696331550977327,28.60429286827764,60.25132615101917,114.88837313088757
state,Abia,deaths,42,3.44031231296449,0.7556370131092116,1.067941940700663,2.339177017796776,4.255272721404506,10.254598881186132
state,Abia,cases,43,3441.2428713529334,871.6934110072507,1208.3736316233772,2204.5867570088376,4840.6086467423465,9261.407025060194
state,Abia,hospitalizations,43,32.73736176993799,7.2382261845105775,11.237468227159729,21.397195889916222,44.27670850125914,88.41083699473981
state,Abia,deaths,43,2.881430494164658,0.7151053023320739,0.7866281850605761,1.8161305999429957,3.489764892863202,8.780756023838745
state,Abia,cases,44,2300.4438268544177,612.1646968981273,838.3353240730946,1496.2762351604015,3227.8779837176635,6065.924461752538
state,Abia,hospitalizations,44,24.384168002408774,6.186898037992266,8.90308106516077,15.728832242797091,33.821153935300465,64.94362136643127
state,Abia,deaths,44,2.3980283009060224,0.6136323276704023,0.6136323276704023,1.4463650568009978,2.9606731364283254,7.344677055442678
state,Abia,cases,45,1584.8206271972886,408.90193075591543,562.5286356317497,1027.3648528588783,2203.4472440124473,4229.404006841432
state,Abia,hospitalizations,45,17.88918206964495,4.507629455327667,6.31198759927536,11.426036456431316,25.043384917203273,50.130831431983275
state,Abia,deaths,45,1.7449894590421173,0.507608624983719,0.507608624983719,0.956655915293455,2.1179257955789184,5.8180244238522505
state,Abia,cases,46,1059.516722158503,279.2944025299203,384.8386326511929,689.3322664485823,1507.4856525784733,2737.090699732864
state,Abia,hospitalizations,46,10.796952916111168,2.866901823030059,3.5724396060213426,6.723161804528363,14.855876754852742,30.34565441812834
state,Abia,deaths,46,1.091820148900265,0.3409234766764805,0.3409234766764805,0.41388311955229956,1.2429262851939948,3.54016737009246
state,Abia,cases,47,730.0544481012319,189.65681872441758,260.54375008651283,474.43483101500334,1024.3246796931053,1916.2865032411637
state,Abia,hospitalizations,47,8.191200889658178,2.139523672387713,2.492731943471854,4.90405405363331,11.548125129045708,23.201117407619115
state,Abia,deaths,47,1.2060356207863574,0.36647367645956636,0.36647367645956636,0.5189497837315036,1.3914438904897848,4.00242943101368
state,Abia,cases,48,594.821943708818,158.82387908068904,216.41628258156405,377.9306825228547,828.8459750123275,1579.275075716086
state,Abia,hospitalizations,48,5.632980199439884,1.4723775372266503,1.4723775372266503,3.2934506795451335,7.977501273423581,16.376451187057533
state,Abia,deaths,48,1.0473697933588768,0.34771480868555427,0.34771480868555427,0.40158501068668373,1.2137760612699857,3.408042140059106
state,Abia,cases,49,482.7130695313107,123.85509423239897,176.99422456802898,317.7432788375763,690.1692365196039,1258.1957964984226
state,Abia,hospitalizations,49,5.650001491309999,1.569363688866714,1.569363688866714,3.2539964718823695,7.986619325655704,16.2154079281949
state,Abia,deaths,49,0.5216150248190834,0.0,0.0,0.0,0.5547542388851767,2.686505172563607
state,Abia,cases,50,449.68611194696865,138.42182805520883,180.56334259315997,279.3871812035138,607.8677107269957,1186.7931132914853
state,Abia,hospitalizations,50,6.105048091360418,1.490508314286192,1.6048088286529694,3.728330770793555,8.582295216597778,17.758110253390733
state,Abia,deaths,50,0.45208325404278005,0.0,0.0,0.0,0.41690454195197424,2.2508462709123296
state,Abia,cases,51,323.06338038003986,85.82622338144182,117.22379673229848,211.03025888625953,451.88223456205503,863.7063436086339
state,Abia,hospitalizations,51,6.429716931861297,1.8632838694767544,1.930278959095006,3.8586833840963584,8.654035851323329,18.403674395283588
state,Abia,deaths,51,0.4731823050647516,0.0,0.0,0.0,0.4834740770256712,2.35462808364155
state,Abia,cases,52,320.8962672093464,85.29889767400434,116.75755014616018,204.79715100717425,453.4363307239036,856.8449365016404
state,Abia,hospitalizations,52,2.5821289910634166,0.6764225064466001,0.6764225064466001,1.2328203949326226,3.624058357088484,7.859029606621729
state,Abia,deaths,52,0.41830500578638175,0.0,0.0,0.0,0.40006299470165896,2.1479105359993187
state,FCT,cases,1,2218.08437208904,640.6630461347559,846.191721904278,1425.0695826311696,3076.5312147841037,5855.80612077547
state,FCT,hospitalizations,1,55.77644821059269,15.55441171928727,21.349725951592774,35.84071625938207,74.45851815001862,152.5496221657585
state,FCT,deaths,1,1.9230385791800182,0.5048722955154048,0.5048722955154048,1.146062668409573,2.408831331184422,6.082199661215362
state,FCT,cases,2,2157.983819561169,612.3957508262542,808.7469081244227,1388.1454738637326,2958.9867042853293,5817.478684018632
state,FCT,hospitalizations,2,52.08050614489938,13.659013605140375,19.15284915755166,33.49735027746836,70.71040224260902,143.06576962096145
state,FCT,deaths,2,1.2385013536233558,0.3855159483162828,0.3855159483162828,0.54287202984717,1.4644126114425622,4.185434922341744
state,FCT,cases,3,961.8136274795124,269.872409507271,357.24274963975,612.9791429035357,1332.7933199069057,2470.2190586355573
state,FCT,hospitalizations,3,15.600081060495985,3.692447194057931,5.073973191753418,9.982432672966684,21.726209956709347,43.589115272333956
state,FCT,deaths,3,1.3853543057713484,0.44238845924758885,0.44238845924758885,0.6262328033508979,1.6433288288007621,4.71014400026825
state,FCT,cases,4,1032.0574678084022,299.77525382605256,394.53524491426526,655.6015080096547,1445.5194183037236,2721.1626441670664
state,FCT,hospitalizations,4,15.637275015363414,3.7698624088201855,5.219709966516238,9.897848500013719,21.124034650837455,42.8643023096615
state,FCT,deaths,4,1.564001155650023,0.4502430681489853,0.4502430681489853,0.8285968367111536,1.9902949056134065,4.710343148620801
state,FCT,cases,5,776.8483354388886,182.8990498754807,262.49589429199585,507.83170502647056,1097.2547355412944,2094.112973937964
state,FCT,hospitalizations,5,14.885665903092878,3.8392298134677567,4.986310833222942,9.34313341771378,20.73776395205767,41.14987476933329
state,FCT,deaths,5,1.6620897937106311,0.4969232383772969,0.4969232383772969,0.925689263825119,2.0046086695422103,5.157359199165281
state,FCT,cases,6,945.0656422789602,240.68491148836836,331.56720289746363,613.4629622285245,1322.4729216120838,2511.306354744474
state,FCT,hospitalizations,6,17.117640495047528,4.4347399986412945,6.182058468618175,10.905982486724005,22.698237170072918,46.56243038508609
state,FCT,deaths,6,1.0949369117726,0.37712007662793545,0.37712007662793545,0.4146084098865692,1.2641141523978916,3.7127752747294
state,FCT,cases,7,1079.1890728035044,282.2429659427545,387.4891284499582,704.5588929830963,1531.931528716541,2840.7145495266705
state,FCT,hospitalizations,7,24.045145157885223,5.680847720154039,8.459745513830152,15.73336792842569,32.680982855169134,65.92606968264147
state,FCT,deaths,7,1.275559837992008,0.4350011166953862,0.4350011166953862,0.5486162464272825,1.4700585552874341,4.340033790715399
state,FCT,cases,8,1018.1263181910614,290.9095111076682,383.2752836836056,643.8809679882158,1406.0796048196285,2792.514556083217
state,FCT,hospitalizations,8,23.881119407413085,5.493815461241146,8.189226695171435,15.696851319728175,33.14090765602739,63.66192553793032
state,FCT,deaths,8,1.803635338280402,0.557373608775069,0.557373608775069,1.0084447273515276,2.1354037600891163,5.335225140964274
state,FCT,cases,9,1449.3605103498066,408.6747784861907,547.1339769302763,931.5739558979708,1986.8885247758417,3876.1686473142177
state,FCT,hospitalizations,9,27.774429805419523,6.855006405966376,9.989572684184228,17.936692593408655,37.14741888756915,77.26351453694451
state,FCT,deaths,9,2.9374854402241746,0.7833689877620698,0.8506326226629108,1.913200398419805,3.656693679161621,8.253199329350641
state,FCT,cases,10,2221.2882006440473,548.5569922378377,770.4160337336452,1439.581252797067,3086.4980481417956,5993.306765644958
state,FCT,hospitalizations,10,53.743200084622075,14.013495624205472,19.773609782396548,34.507301321293205,72.82798078551274,144.83099992466794
state,FCT,deaths,10,2.0206547839675433,0.6037407878696174,0.6037407878696174,1.199586716363892,2.4952070571727565,5.868096683486638
state,FCT,cases,11,3637.823090454677,920.6945841089843,1296.5632275193075,2421.663982584445,5123.037809022205,9742.603443143344
state,FCT,hospitalizations,11,53.1356001500619,15.617889586945436,21.06990643736563,34.83527007025166,72.96283502835925,139.62570614174433
state,FCT,deaths,11,3.413115167692087,0.7849330700810315,1.0533320447920103,2.3488502880823137,4.370815630912964,9.675912396182088
state,FCT,cases,12,5745.803985573969,1586.5345846297791,2135.2960310212284,3684.917687043844,7957.920935661041,14901.742825525806
state,FCT,hospitalizations,12,120.22554869329672,34.6744605322148,47.2196937519693,78.25792950945402,160.8574116851036,324.8307746458842
state,FCT,deaths,12,6.967998136424249,1.5125332056831264,2.8482586931483613,4.981915715282716,8.628404026571562,17.824844721785936
state,FCT,cases,13,13814.675843050636,3169.4929894446977,4635.3084191977705,8904.840899284098,19445.27910003106,38075.450254348456
state,FCT,hospitalizations,13,228.20959548352613,63.69288709072437,86.75072826336688,148.3868472214407,316.2514059344223,609.478280128477
state,FCT,deaths,13,11.40235407292094,2.6394940955375787,4.82678701912707,8.280599464770962,13.485137970747338,31.254078732348823
state,FCT,cases,14,28363.926757827183,8215.237043542247,10951.47644663919,17654.92644741266,39882.909074206545,74988.66332765917
state,FCT,hospitalizations,14,501.7254610448903,124.52545040654333,182.85159821512775,330.16962994973767,692.8470296279647,1380.216382764018
state,FCT,deaths,14,25.290650830071176,6.518852564915281,11.586543679857296,18.702614115463962,30.993086408800654,67.8306020302296
state,FCT,cases,15,67415.99648616902,17846.450360145744,24701.248071495298,43905.89701541834,92728.72944202897,179246.4239764713
state,FCT,hospitalizations,15,879.2656011364707,241.25096498848504,335.1621895628506,580.6052393669336,1188.707512793957,2373.4950355388123
state,FCT,deaths,15,60.87617904082601,16.244486463552136,28.121052667400246,45.30748756975587,73.248680383916,159.32123879766513
state,FCT,cases,16,85284.59617547088,21235.65097474482,29716.92544986671,54447.94537952674,118360.56666697984,230270.50714173177
state,FCT,hospitalizations,16,2116.286767164672,580.4934629154083,811.1618317884906,1401.1055896487765,2946.972114440873,5528.928159162964
state,FCT,deaths,16,117.25654192276905,33.16110335782874,54.06368805484792,87.20557445790959,139.68744400651258,292.20134355725486
state,FCT,cases,17,186986.8331400606,46471.27003410328,64238.757924106954,118424.51503447798,262357.31204360793,493857.2686568461
state,FCT,hospitalizations,17,2478.4087000142254,726.8401314495584,977.1491963414378,1634.2017089928993,3420.588662019283,6526.2555128501845
state,FCT,deaths,17,104.57612424318752,29.564022399931286,48.19641098173939,78.94673853819585,125.74477249938204,269.5271568376601
state,FCT,cases,18,114974.93710303062,31420.31344850001,43044.621203798975,73702.07370129674,161367.53125105903,299142.0316593737
state,FCT,hospitalizations,18,2115.1355497511368,602.3566385097356,837.0811790490984,1389.9668713615158,2913.029754264384,5343.223844718538
state,FCT,deaths,18,102.7928561276131,28.641599321043795,47.06021988353672,77.31958565818199,121.90588117227836,270.52907502144336
state,FCT,cases,19,75276.37471646078,22425.154833501245,29054.59255172492,48281.727625066014,100677.44730375292,203984.04112098887
state,FCT,hospitalizations,19,1777.2395347705185,471.6146368133227,665.6147894591243,1175.8714261390214,2448.0528819235315,4802.697450183597
state,FCT,deaths,19,65.14791981294046,16.32985485545802,29.05414796117584,47.90154402421326,78.40543677898675,173.3416668361232
state,FCT,cases,20,33790.19971743315,8817.235012098081,12089.629726847892,21910.557134797487,46749.272499549304,90195.04065235124
state,FCT,hospitalizations,20,430.8593652695405,126.58322183348147,172.76151167805517,283.11723144241716,571.4846166306702,1152.6472283970515
state,FCT,deaths,20,11.835492704696284,2.503773265851582,4.99335936105795,8.63549534789622,14.429766525032008,31.99789367887407
state,FCT,cases,21,6832.796606317387,1878.2597995946012,2542.5068886549134,4416.821956943841,9414.30597928113,18939.618141387156
state,FCT,hospitalizations,21,122.50789122039001,32.84967058194306,46.22317365877015,80.90093861811363,167.14667555453735,330.2302524985089
state,FCT,deaths,21,6.2179053800426365,1.2892199136879876,2.451924120966387,4.462636437594589,7.6270097487114885,17.638079354850937
state,FCT,cases,22,3566.534640323434,1017.1108740983253,1346.165123295441,2287.023229107903,4978.618623620043,9286.572231064776
state,FCT,hospitalizations,22,64.50448195127488,16.140041591846188,23.41417945362633,41.777924385983155,89.5953691839686,173.9804859865959
state,FCT,deaths,22,2.559404298201981,0.6854924556210683,0.6854924556210683,1.6319119123541967,3.164080181616197,7.447299810462823
state,FCT,cases,23,4140.485334020449,1123.2888785376479,1519.3457363178159,2700.110744724156,5610.884851444447,11285.929250032212
state,FCT,hospitalizations,23,45.345007293438385,11.627347540889401,16.591053102764313,29.293989551568888,61.63070383015439,123.630691409932
state,FCT,deaths,23,4.3789641940138875,1.0280442637520295,1.553980391438441,2.9849792777740345,5.2373933397723444,12.681785754319327
state,FCT,cases,24,5562.205272322761,1590.8801373773388,2129.96989694142,3567.592435323552,7705.046640923751,14509.475380452144
state,FCT,hospitalizations,24,109.17864424971755,29.81940980603477,42.05321976139622,70.5598204330065,147.0790299447821,293.1830272032833
state,FCT,deaths,24,7.19843910337962,1.4934309265365409,2.921287537914524,5.205098881053717,8.89559457952803,19.4999377550931
state,FCT,cases,25,11036.29111576297,3147.7332999343685,4187.967802759789,7023.509330844177,15391.917338752566,29224.60422122371
state,FCT,hospitalizations,25,198.69565819889013,49.51757197577561,71.64479824473125,131.3142075040563,279.2868191595038,529.6352566319003
state,FCT,deaths,25,7.855378633753191,1.8707705384620459,3.3347605828786513,5.689911903517547,9.3088932899268,20.993429718902433
state,FCT,cases,26,19526.646944155604,5173.397754295317,7081.419083264656,12604.902464403289,26768.50962079138,52520.9425822225
state,FCT,hospitalizations,26,319.1681427935136,87.43502557944798,120.79181411498644,212.69387489113763,436.70194945531745,872.231601022903
state,FCT,deaths,26,14.657614385936812,3.580046038429132,6.554447840164576,11.013570101886337,18.165579752300747,36.97036030010885
state,FCT,cases,27,25338.021079881928,7064.05131578281,9443.04489317139,16312.307957787807,34798.94617259731,65943.80324722671
state,FCT,hospitalizations,27,447.5275678029703,119.32011251407532,170.17461015002834,291.7868317861796,617.5352455592185,1199.0895245511138
state,FCT,deaths,27,23.943753081584397,6.686480604367792,11.04970980894485,17.665653653531688,29.246721059133822,61.686086210137745
state,FCT,cases,28,36429.46914976008,10762.78462636999,14313.10331896082,23754.86942431502,50888.93040546893,94384.73373382662
state,FCT,hospitalizations,28,593.1754142341226,166.10417299135437,230.48625334154625,380.1863717277696,785.4101875461153,1544.5910332086746
state,FCT,deaths,28,36.49748619385386,10.450449354910472,16.780264627839497,27.66447128087231,44.609592685049265,96.04634448262442
state,FCT,cases,29,39006.16987579355,10895.874326388053,14588.208385689471,24781.01075991042,54359.715718773194,107075.10323433629
state,FCT,hospitalizations,29,654.0796914733629,175.5805618944701,244.92695327568165,435.190651821078,898.800523353329,1744.1594542567118
state,FCT,deaths,29,28.74349298163258,8.09671037106734,13.177865560088787,21.154733323659702,34.76364330767302,74.51204370745047
state,FCT,cases,30,31900.99067690136,9776.994393082938,12741.165344455683,20168.2873912691,43120.651725758624,82932.78420824315
state,FCT,hospitalizations,30,571.013639167552,159.32190344640716,224.40170394580696,381.4938321428879,782.7112143606214,1499.3131789817187
state,FCT,deaths,30,19.167176276473636,5.0492098500171085,8.542196585658502,14.04246458542819,23.275983416211275,49.5482840593308
state,FCT,cases,31,25114.36652909992,6219.4044977948315,8620.672566444875,16383.213881821168,34543.66308340039,68594.49822632852
state,FCT,hospitalizations,31,449.09619410721797,110.34431024930284,160.62983266005932,292.76935790566296,611.5717791074004,1211.7778549016089
state,FCT,deaths,31,24.5904727584,6.265542531580127,11.131963293078405,18.62222966465827,30.476498141542166,63.232915355472386
state,FCT,cases,32,16077.75639559207,4941.305159013316,6381.626616858735,10112.49173871385,22074.23795229323,41867.184315074104
state,FCT,hospitalizations,32,281.4055267811341,75.03062485194653,105.62914336326884,185.30570759151092,379.98445706856194,754.4437681817525
state,FCT,deaths,32,12.496718231264895,2.7874747092506804,5.286825085529061,9.056941799681294,14.696657900459316,33.70944050447992
state,FCT,cases,33,11483.807053333318,3160.6981150730526,4223.144840528357,7247.826670494956,16008.712246532708,30637.294080923442
state,FCT,hospitalizations,33,192.20334552036465,56.94315610228931,76.90248222437165,126.97780561172111,258.4137728221814,514.4303486976218
state,FCT,deaths,33,8.341429493131145,1.6759508656650377,3.3640071253139157,6.009168119661751,10.516096204746034,22.56273265566877
state,FCT,cases,34,8155.029874197231,2097.3651188625977,2864.989453294209,5201.50040964224,11292.429409891629,22411.7674237896
state,FCT,hospitalizations,34,131.60597881236004,35.579192639266076,49.58091257781204,86.0150174803125,179.16541351453293,349.95640578933353
state,FCT,deaths,34,5.295836028918237,1.2298202230594013,2.0885755655397524,3.791780433098339,6.576762810075083,14.431840146172886
state,FCT,cases,35,6402.190177741759,1575.5575532834323,2191.386929779911,4206.289920923142,9162.88932273042,16857.19652281421
state,FCT,hospitalizations,35,107.66898530321332,26.60582723990702,38.35498296661807,70.42707301842377,143.5197781402769,293.3470360100938
state,FCT,deaths,35,4.875532509287898,1.1164049187305607,1.8001777062112363,3.390292288830402,5.79529545137313,14.33815968652569
state,FCT,cases,36,5613.055397871227,1425.1754225418838,1981.746243828085,3551.6991706428566,7879.487130432727,15274.22982829229
state,FCT,hospitalizations,36,89.2518094120803,22.944843655416097,32.84803613456084,58.0178141600703,121.66431545361942,238.83635141139615
state,FCT,deaths,36,4.004711390974322,0.996695425833855,1.3742201273145196,2.731146180743983,4.969775910967096,11.704109268272608
state,FCT,cases,37,4608.053331596117,1286.4073686369481,1728.3186886417002,2951.396061759065,6421.412937637943,12526.83269629969
state,FCT,hospitalizations,37,76.44188767147651,20.45669810271449,28.951751862310275,50.39385608287261,104.17431665373911,206.95232102484403
state,FCT,deaths,37,3.3686015536129705,0.8005791626402283,1.041521996514083,2.251949227459345,4.2041741199962095,9.790486224642306
state,FCT,cases,38,4314.63570209363,1132.567419208381,1549.3449722593055,2808.9347368267886,6025.943315915305,11490.693423895971
state,FCT,hospitalizations,38,69.37180479474655,19.772311257228964,27.075691385588406,44.72994894846202,94.39799750723625,184.22571082947456
state,FCT,deaths,38,3.5199228818440376,0.8954197455986259,1.182352154806911,2.3251988388133524,4.2128218920654055,10.140106301575717
state,FCT,cases,39,3967.55468749663,1053.2142204469221,1415.6161673051047,2571.725325300165,5580.1149887577085,10359.355361851565
state,FCT,hospitalizations,39,67.80392955538254,18.96409559110122,26.772240353832043,45.128402626872415,93.11769055167788,179.99137060357407
state,FCT,deaths,39,3.4302207234265247,0.817310794707504,1.0863164677250745,2.318509398051523,4.358026254387618,9.770030134204323
state,FCT,cases,40,3905.0087108031103,1036.3847077330925,1430.2691411021237,2562.745889735686,5424.123740783607,10368.674835709651
state,FCT,hospitalizations,40,63.67012094442932,16.524096810713896,23.945762064697348,42.74813960452886,87.54558713061209,171.3430356935916
state,FCT,deaths,40,3.0844739445802936,0.7442534803672731,0.8700935574792658,2.001347583411539,3.94740277958197,8.94913959413344
state,FCT,cases,41,3911.03422164632,980.503567669334,1360.1616258565086,2461.8453030554356,5519.243064890397,10507.320061532548
state,FCT,hospitalizations,41,58.14847955464431,15.336202922200991,21.536562080781206,37.91584064181104,78.67156629566225,155.01100156651736
state,FCT,deaths,41,2.9226972322949294,0.6445502083852601,0.766328933201181,1.9202466227366277,3.6528667639984675,8.937822041059698
state,FCT,cases,42,3378.599635270701,1010.6228858283956,1328.9823674978534,2130.709773895688,4599.6228878439,8960.335013562139
state,FCT,hospitalizations,42,48.7378476045402,13.685359684916408,18.76657340255369,32.067612139036164,67.41693889381332,128.44581352329536
state,FCT,deaths,42,2.5477948878202175,0.5960937528181398,0.6313219848378788,1.6341517492273563,3.145687921896506,7.878331748129262
state,FCT,cases,43,2275.412042042764,576.1265608133766,798.7787492764561,1457.5909365109935,3200.835732750252,6124.382687439857
state,FCT,hospitalizations,43,35.019292682163595,7.7958594058544355,12.065804166932129,22.913228615097502,47.341421249845055,94.46292295836273
state,FCT,deaths,43,2.108948629867991,0.562078596358789,0.562078596358789,1.2135016054515944,2.5289918012517134,6.687753956345508
state,FCT,cases,44,1634.6150046524017,434.7705223422598,595.5079112380962,1063.1004780399207,2293.7339477664664,4310.707531570728
state,FCT,hospitalizations,44,24.522662429646928,6.226185328820145,8.957216413101193,15.820280666589845,34.01150431934471,65.30410320674282
state,FCT,deaths,44,1.6913845906288898,0.47281145488966736,0.47281145488966736,0.8849551588791137,2.051748650672375,5.429679013403426
state,FCT,cases,45,1207.5086776296573,311.3745723822314,428.4491032427753,782.6875288006248,1678.9463811201836,3222.8702564884156
state,FCT,hospitalizations,45,19.208046750463946,4.82354530666342,6.824446045621552,12.296911475056213,26.868627697099193,53.71432033705472
state,FCT,deaths,45,1.1301249380687806,0.37346928802378954,0.37346928802378954,0.4395951046253811,1.2939908222071965,4.016310996265239
state,FCT,cases,46,810.7802741033718,213.55339850961064,294.34300066080675,527.4198775663208,1153.6813651733596,2094.891533162296
state,FCT,hospitalizations,46,14.957172281668885,3.889519708439243,5.203419252240541,9.47799747060375,20.511634837708478,41.52658380340966
state,FCT,deaths,46,1.1448470199262246,0.35202045711217467,0.35202045711217467,0.459904688582933,1.3159330178137054,3.6879487695192394
state,FCT,cases,47,793.7470984406872,206.2676718850645,283.3305817185439,515.8567860139603,1113.6554353949891,2083.3288612606934
state,FCT,hospitalizations,47,15.74823456223074,3.9258730047579933,5.408913454287434,9.833517164090868,22.02491266641097,43.407320536686896
state,FCT,deaths,47,1.3225887421049536,0.39055875262457235,0.39055875262457235,0.6187769298049242,1.548612363825248,4.331194910215362
state,FCT,cases,48,515.0370545951387,137.42229995992633,187.30266201012057,327.18910979952483,717.7235670565904,1367.6647565319774
state,FCT,hospitalizations,48,12.638545073344964,3.0739266824181213,4.106217946515889,7.963565573242244,17.74259828616999,35.27733757079854
state,FCT,deaths,48,0.5458270984733551,0.0,0.0,0.0,0.6244955112831825,2.5347090107688297
state,FCT,cases,49,351.8110142067229,90.06690556798617,128.8255657090955,231.48522018895397,503.12555435238926,917.4332076822125
state,FCT,hospitalizations,49,10.772880351111418,2.8178159084950893,3.4972693218350264,6.638114108405488,15.13560902362175,29.910521681771904
state,FCT,deaths,49,0.6316186029896076,0.0,0.0,0.0,0.7311405312120657,3.104737818450231
state,FCT,cases,50,613.657238267321,189.14705249377585,246.62072708827293,381.39920395947286,829.389345544417,1618.9426059407726
state,FCT,hospitalizations,50,13.028350622140431,2.9789763115156296,4.206052004010519,8.450189055771931,18.15147348498005,36.49054303022153
state,FCT,deaths,50,0.6491030692282352,0.0,0.0,0.0,0.7355379130387889,2.9818962997017104
state,FCT,cases,51,276.52457373603045,73.35709213668432,100.24565372091365,180.58055114879537,386.8437265946532,739.5256932622203
state,FCT,hospitalizations,51,6.692821727547979,1.931411915531133,2.037420003542228,4.036333505356902,9.00702049841002,19.11313925164884
state,FCT,deaths,51,0.5104579028731911,0.0,0.0,0.0,0.547255487404236,2.4988590572620595
state,FCT,cases,52,483.5103589636654,128.89498217140675,176.2457735736715,308.7608194485161,683.0064087539581,1290.2071386315986
state,FCT,hospitalizations,52,8.745907990482179,1.9446901765407185,2.44436897353463,5.419277665398066,12.294000091776795,24.469388859018885
state,FCT,deaths,52,0.5854241055407391,0.0,0.0,0.0,0.6803973945417385,2.7782161823875207
state,Gombe,cases,1,902.9122579430538,260.3722579300887,344.09142234021965,579.8890336181984,1252.5882926465442,2384.6861467511726
state,Gombe,hospitalizations,1,39.468941297342845,10.798456629242242,14.928821681298022,25.256661991203202,52.77986658762491,108.43599738120035
state,Gombe,deaths,1,1.5614906866384664,0.43477358563554985,0.43477358563554985,0.848093804375836,1.9355340624758715,5.098875632995644
state,Gombe,cases,2,2956.915232357506,839.3826922617396,1108.3935453311835,1902.1984028195286,4054.3290306552053,7970.605239776347
state,Gombe,hospitalizations,2,12.784786655092175,3.224609903244054,4.216537221784628,7.929591561395811,17.562138760788713,36.29122585781791
state,Gombe,deaths,2,6.888576074432082,1.4920660472526803,2.76795944094843,4.971392314753572,8.538039606439423,19.069238177189238
state,Gombe,cases,3,1054.129529212821,295.84403062339385,391.59155976096656,671.8483119772668,1460.679267445272,2707.1629585424303
state,Gombe,hospitalizations,3,10.657106960280032,2.584325192063268,3.2511432419740176,6.686549308697103,14.905959875541992,30.207697181301345
state,Gombe,deaths,3,1.234987974998682,0.40787218812767523,0.40787218812767523,0.49934998990674784,1.437089600342706,4.264624063373376
state,Gombe,cases,4,776.2516246706274,225.29724093953087,296.592749003897,493.0137453769804,1087.3320657652923,2047.1003271629759
state,Gombe,hospitalizations,4,9.586828982201931,2.387661584082975,2.939285029725117,5.9022079298597925,13.012370185483025,26.781679589244767
state,Gombe,deaths,4,1.8856280513623753,0.5154376734862774,0.5154376734862774,1.0933752586877836,2.423285683272802,5.537193341884975
state,Gombe,cases,5,1198.8505246320485,282.66888687616927,405.4490114596131,783.8856395391692,1693.0854156039802,3230.7641967112922
state,Gombe,hospitalizations,5,12.274503001979902,3.203349867447023,3.9948163943800443,7.630031717922474,17.13740428617961,34.1687193305305
state,Gombe,deaths,5,1.507936345814641,0.46368714375510844,0.46368714375510844,0.796891925237324,1.8036491443454197,4.745531864153672
state,Gombe,cases,6,1013.0469713810922,258.05163613480227,355.4644458142311,657.6163560202115,1417.5735618014269,2691.832861019292
state,Gombe,hospitalizations,6,18.759799143646546,4.838339523884147,6.835687630437988,11.989529409579404,24.854980806422365,50.89102108684049
state,Gombe,deaths,6,2.399061145969766,0.6643534026799912,0.6643534026799912,1.4920442289129974,2.9885756140357143,7.3022583094179385
state,Gombe,cases,7,972.4612298000626,254.25720718803092,349.10454583041763,634.8463022377164,1380.4705672505415,2559.9395704618246
state,Gombe,hospitalizations,7,12.533228215295777,3.0063514415932335,4.098011918466243,8.01788626453811,17.151233748336576,35.06755598228182
state,Gombe,deaths,7,1.3102427523184108,0.4432895182504716,0.4432895182504716,0.5781231897717672,1.5171224279651052,4.441781447621226
state,Gombe,cases,8,1309.2282120175232,374.29015783674987,493.0391675459656,828.083914888089,1807.995962405826,3590.450359714534
state,Gombe,hospitalizations,8,14.865104289935621,3.4516713819724636,4.850471494028456,9.630323521937958,20.73636734055126,40.16807264178549
state,Gombe,deaths,8,1.8715955488706122,0.5727096751467459,0.5727096751467459,1.063706837285651,2.2216740093612453,5.509538082430709
state,Gombe,cases,9,1654.0417378186783,466.48987750827314,624.4890444565042,1063.182877015563,2267.428059890645,4423.331667937756
state,Gombe,hospitalizations,9,28.03424474283432,6.926016884297269,10.088920128683231,18.10788323661955,37.492277481221954,77.9710288680473
state,Gombe,deaths,9,3.285619409324899,0.8568700249041064,1.0242716347499263,2.186536787824443,4.093616534697361,9.12139778782196
state,Gombe,cases,10,2355.251907486086,581.6853199587005,816.9184411920442,1526.422196548608,3272.6182297081486,6354.654836539361
state,Gombe,hospitalizations,10,44.10875860342342,11.370788081473885,16.116994651860793,28.25723036030136,59.83262203828281,119.16151607417365
state,Gombe,deaths,10,3.5594300174447997,0.9387954141501857,1.2245354856826713,2.420278973753936,4.434922441396771,9.67964563591784
state,Gombe,cases,11,2670.468403667937,675.668773961019,951.615468768527,1777.6163606458751,3760.8495776589853,7152.3372437117005
state,Gombe,hospitalizations,11,42.60339514087986,12.384333834029068,16.7754818924504,27.862342305464804,58.5709383042508,112.2623602292898
state,Gombe,deaths,11,3.860804011403934,0.868051708721806,1.2707648052985463,2.703468901524642,4.939545501838123,10.80641299354794
state,Gombe,cases,12,4817.0765101902325,1329.9768543559298,1790.0542541060772,3089.2451990742397,6671.6984429659105,12493.345609370997
state,Gombe,hospitalizations,12,73.17901873296304,20.82941900754835,28.50592338675653,47.49840830445739,98.04153297457096,198.37782938234363
state,Gombe,deaths,12,5.811739528191447,1.2905895375982759,2.2835790901567616,4.104150975285068,7.21556674178938,15.062554893713095
state,Gombe,cases,13,7094.548231919681,1627.323230881528,2380.146632288752,4572.921997341818,9986.351531199083,19554.560824475953
state,Gombe,hospitalizations,13,116.6705577165415,32.211733951190126,44.04906137546581,75.69152589785932,161.86905351370189,312.4045044886261
state,Gombe,deaths,13,8.425164263516363,1.810203822944728,3.4231722408490066,6.044995774903551,9.995812952620348,23.484393411801197
state,Gombe,cases,14,12161.151813384793,3521.9113444032514,4695.140498222496,7569.407626740427,17100.19547331039,32152.640924665226
state,Gombe,hospitalizations,14,292.2038061513545,72.21001755424363,106.22748804415855,192.14755966642446,403.6713479577774,804.56473050577
state,Gombe,deaths,14,18.00150670438141,4.434034299980033,8.096562206006245,13.239497314030437,22.122082446313634,48.74533668419626
state,Gombe,cases,15,29167.574000958906,7720.861009710689,10686.651310768124,18995.716577390922,40119.35712498141,77552.02109626903
state,Gombe,hospitalizations,15,551.6958331110766,151.10306837324123,210.06747915743983,364.17477440747894,745.9863460451423,1489.8835585428928
state,Gombe,deaths,15,40.47296727294633,10.558244769280066,18.518601228300966,30.037936508744327,48.76572793206678,106.45649768429884
state,Gombe,cases,16,55151.23199629883,13732.25337345084,19216.89835985411,35209.87970525501,76540.70079120774,148910.28342338817
state,Gombe,hospitalizations,16,1030.7213918410419,282.35285243809955,394.75401333806286,682.2245649925381,1435.501630382582,2693.6492395986593
state,Gombe,deaths,16,84.30375093862314,23.641936972314866,38.719909403916034,62.626639445195714,100.48416729081049,210.49928772661085
state,Gombe,cases,17,98558.91075807238,24494.191533961774,33859.3036454124,62420.217451801596,138286.13551799874,260308.05898297578
state,Gombe,hospitalizations,17,2008.6472670556666,588.9398235606138,791.8240548599309,1324.3880433441577,2772.317002387003,5289.568353131189
state,Gombe,deaths,17,173.0554028591101,49.388601304978984,80.10641675882064,130.8021653407638,207.95455857851968,444.9977443313558
state,Gombe,cases,18,160088.20770552382,43749.13852272127,59934.492306821296,102621.05267985085,224683.9294512525,416517.204901113
state,Gombe,hospitalizations,18,1957.3954234282203,557.3814702661465,774.6092683685129,1286.2819774399704,2695.8133185778997,4944.856857091979
state,Gombe,deaths,18,260.8404415738399,73.77749186932823,120.2425369716097,196.5784813880153,309.0572756048247,683.9921618529992
state,Gombe,cases,19,158875.15267877252,47330.368990289964,61322.08380582543,101901.7833369722,212485.21415851684,430518.2451170492
state,Gombe,hospitalizations,19,1845.316037585956,489.7077851347557,691.1348629385853,1220.9256999803129,2541.8101919773417,4986.59782839341
state,Gombe,deaths,19,192.40498267801416,49.66947362230839,86.87308780489525,141.97958728977125,231.16765044477967,508.74463217965314
state,Gombe,cases,20,123270.63849931717,32168.271517535566,44106.09739163737,79933.23058857497,170545.85064454336,329037.73820230685
state,Gombe,hospitalizations,20,1095.752117832126,323.0109628243971,440.2855694623514,720.545485305351,1452.8846814729134,2928.808041064313
state,Gombe,deaths,20,152.92224404880795,41.03328945589985,70.89980336109082,114.5929719986209,184.10439842230863,394.8618070287759
state,Gombe,cases,21,47377.97730873707,13027.981184471502,17633.232053496497,30627.93122376335,65275.68206203254,131315.0412624311
state,Gombe,hospitalizations,21,233.16739398203813,63.17799760810321,88.53377312145244,154.28181374794892,317.801239599247,627.0029904905653
state,Gombe,deaths,21,54.498642795935936,14.924649381124507,25.63553532478607,41.15047628546381,65.5672288430109,142.8140595348075
state,Gombe,cases,22,13227.397265021253,3774.1490763912134,4994.280278741111,8482.976548996332,18463.39629120806,34437.26269027234
state,Gombe,hospitalizations,22,86.91858226905468,22.005090790723532,31.76832275476375,56.41584867602693,120.59566137154425,233.85602092363277
state,Gombe,deaths,22,14.239654707081717,3.5873812796216527,6.4204759269175,10.60184334905923,17.35585975855093,36.23690320466098
state,Gombe,cases,23,7888.224933256181,2140.6876162474086,2895.1467982513523,5144.417287781895,10689.227858322183,21499.77000823513
state,Gombe,hospitalizations,23,65.25863970006286,17.053968397240286,24.1508335985115,42.31287534609425,88.54633932304691,177.19091117552605
state,Gombe,deaths,23,5.9762169277565675,1.3401955009699043,2.3294607546166533,4.194962403699826,7.1312904380534174,16.836068309210194
state,Gombe,cases,24,6697.332442681818,1915.69044140868,2564.7771188265624,4295.73494220291,9277.403311220496,17470.22085952381
state,Gombe,hospitalizations,24,163.33083822910606,44.96697918766599,63.21363904076437,105.73107620227785,219.85905377294856,437.7723572230777
state,Gombe,deaths,24,12.853672184086424,2.9730762042830006,5.640332966234056,9.50775345092819,15.757262065478088,33.714723458736124
state,Gombe,cases,25,12316.480733226837,3512.9475211106082,4673.83639431346,7838.265761458012,17177.305868679767,32614.413794578642
state,Gombe,hospitalizations,25,333.11146567414943,83.52111661994833,120.54225201519648,220.37533783866462,467.948803409926,886.8076014806817
state,Gombe,deaths,25,18.72800725978563,5.144231210664223,8.677429357434612,13.935346166398492,22.014785859371898,48.10071925841805
state,Gombe,cases,26,22594.07418074909,5986.198633473639,8193.934342225613,14585.053409969436,30973.497715664867,60771.155096625145
state,Gombe,hospitalizations,26,409.18204677507936,112.29815478293537,155.03306174766374,272.7729938442843,559.7599804856716,1117.736930823432
state,Gombe,deaths,26,33.36745207830523,9.0547037509074,15.584491596200007,25.373727982580544,41.07473571376306,82.35739879674952
state,Gombe,cases,27,26063.77001875821,7266.405364085281,9713.537014327598,16779.546447491193,35795.670707775455,67832.56488605254
state,Gombe,hospitalizations,27,589.9041202654254,157.51344563640842,224.51073709456338,384.72644733826723,813.8775044544957,1580.035137300945
state,Gombe,deaths,27,51.54574259053426,15.192384179628,24.383987877182047,38.321173171258046,62.71791627044931,131.0548691757634
state,Gombe,cases,28,34793.97275418091,10279.559145884105,13670.491106423255,22688.38195588304,48604.29615035483,90147.41450850492
state,Gombe,hospitalizations,28,776.0081988826336,217.5235359311299,301.71652523160617,497.48063221628803,1027.3952327374327,2020.1824255141873
state,Gombe,deaths,28,61.98529027499014,18.23355268856188,28.86587215369574,47.14829545829094,75.61136055202441,162.0107187923085
state,Gombe,cases,29,43037.40456514628,12022.022619892236,16095.94460756504,27342.13226053122,59977.677843206926,118140.98940688928
state,Gombe,hospitalizations,29,502.2238037701825,134.64691927565974,187.9179263039826,334.0760553799332,690.2152031119333,1339.6090742659942
state,Gombe,deaths,29,64.10369910961016,18.91144544613229,30.033393955268078,47.49365825152681,77.28168685468573,164.2854578715625
state,Gombe,cases,30,38131.23292033514,11686.570329607555,15229.623748379843,24107.212319111455,51542.017618231934,99129.1893484444
state,Gombe,hospitalizations,30,456.44421583641196,127.21080194900865,179.25567687465332,304.8835998412551,625.7405833488965,1198.8133237996005
state,Gombe,deaths,30,64.44898930040047,18.63266900762209,29.96913345986254,47.82021546396734,77.78753739112733,163.05410862664877
state,Gombe,cases,31,29871.654928356515,7397.657585272402,10253.767701051569,19486.669709973878,41087.02468445355,81587.6818048058
state,Gombe,hospitalizations,31,322.53767453339765,79.03640040111787,115.18258691963284,210.16698197036237,439.3282042637833,870.7677066316179
state,Gombe,deaths,31,56.83578973142527,15.420915990282344,26.419555961157275,43.34837226055072,70.14030774769017,144.1733717445787
state,Gombe,cases,32,19570.029186818225,6014.76366588457,7767.919979492322,12309.121325880395,26868.934193960977,50960.867763233015
state,Gombe,hospitalizations,32,207.00038590796663,54.99890161599059,77.53565481310358,136.21990329857755,279.6068103497612,555.4076493281653
state,Gombe,deaths,32,38.441580593688194,10.072061699557928,17.378502982816663,28.39982142797312,44.88660732869228,100.46736185038922
state,Gombe,cases,33,11012.1391649871,3030.8507901158723,4049.664043876901,6950.125650984337,15351.211677887019,29379.014389800082
state,Gombe,hospitalizations,33,149.34253173752617,44.08887132268965,59.62036024637656,98.5868226301034,200.86463784375465,400.08572317340344
state,Gombe,deaths,33,27.046240379061103,6.921519288849879,12.122814540682928,20.07696222246018,33.62954811666904,69.85446055264914
state,Gombe,cases,34,7286.525012005172,1873.9181309902328,2559.8010450158263,4647.505761385118,10089.83470332441,20025.11634685777
state,Gombe,hospitalizations,34,113.28519532665223,30.525427534343635,42.59267602809447,73.99306108332617,154.2738395283899,301.4684237166182
state,Gombe,deaths,34,16.693433919707793,4.25772099026598,7.735223114678415,12.552289821456732,20.428879504017367,42.6448983961687
state,Gombe,cases,35,5923.369176283767,1457.6649332667118,2027.4435084288327,3891.675062166753,8477.627360964438,15596.565756311444
state,Gombe,hospitalizations,35,88.836338825532,21.821658291586676,31.534651670825884,58.04855663365978,118.47408655537268,242.33585139781314
state,Gombe,deaths,35,13.592714013432094,3.3407924217376026,6.0045050534127995,9.982097477192031,15.998093093519355,37.36764245212407
state,Gombe,cases,36,4693.822159210224,1191.6565561161972,1657.0956798439584,2969.9879239286506,6589.15328194935,12773.096869811561
state,Gombe,hospitalizations,36,81.11249665138051,20.785375495416307,29.79544755377996,52.69528658855995,110.60182169077765,217.20668567055156
state,Gombe,deaths,36,10.546728194347585,2.4158483082555016,4.545085493644427,7.71424023555566,12.942648966443688,28.670952243528028
state,Gombe,cases,37,4204.262729399679,1173.6200001136972,1576.8162901145884,2692.7421261390054,5858.75726822634,11429.29254114959
state,Gombe,hospitalizations,37,67.29647025463014,17.922632544299507,25.414408770417204,44.3241709901198,91.75308519556086,182.39286588505973
state,Gombe,deaths,37,10.184003750787994,2.230618205329093,4.313344318725406,7.463649170573797,12.544585383530002,27.083737905291013
state,Gombe,cases,38,3988.2843873884112,1046.846277966966,1432.1068282477522,2596.4455558807667,5570.181752480149,10621.683730779749
state,Gombe,hospitalizations,38,60.34091434107003,17.106434250973827,23.472513136778545,38.861058487055125,82.1548087331021,160.4542124462257
state,Gombe,deaths,38,8.370442385167083,1.8825743527322043,3.588284115314752,5.991060988385836,9.959692197543104,22.421505403631826
state,Gombe,cases,39,3986.6028530426697,1058.2742104365593,1422.415604731289,2584.0738253864065,5606.903079286559,10409.082725989987
state,Gombe,hospitalizations,39,56.19939170495604,15.596706211819797,22.087833450469457,37.34782011162012,77.24264576840788,149.46314475277583
state,Gombe,deaths,39,7.9191061314642175,1.668360325552757,3.258756453284767,5.774007459016241,9.93723279317441,20.984649043262124
state,Gombe,cases,40,3526.0910622870238,935.7491477115294,1291.42328142954,2314.039694779021,4897.838398643688,9362.723980107068
state,Gombe,hospitalizations,40,52.281259780595086,13.43779505686117,19.55237448854575,35.04332254903858,71.95115143392897,140.99039503708488
state,Gombe,deaths,40,8.252838945285394,1.7200746622916059,3.322049717184369,5.936537170654179,10.43414493824141,21.993863487243747
state,Gombe,cases,41,3489.716124658539,874.7976377393204,1213.567298351542,2196.601893241415,4924.72415957498,9375.59544972682
state,Gombe,hospitalizations,41,54.54376366583085,14.340508300270251,20.162954409065357,35.54391287992544,73.8155694364667,145.50210185698313
state,Gombe,deaths,41,7.581175830549107,1.4393140255802335,2.9443040654872417,5.521062079535984,9.390092665327657,21.191671744628525
state,Gombe,cases,42,2871.0403041684467,858.6940508563007,1129.2412639126844,1810.562625206589,3908.68628954452,7614.492400195164
state,Gombe,hospitalizations,42,42.24642397315683,11.76830907614744,16.18621293555313,27.75091255919633,58.48568101722145,111.54774763034267
state,Gombe,deaths,42,6.517037697203841,1.2949665204437038,2.543917956599225,4.722486284902133,8.00617904093633,18.287473349393483
state,Gombe,cases,43,2336.8305990581243,591.6976788384715,820.3571172541751,1496.9443351671516,3287.2226112563385,6289.648095846254
state,Gombe,hospitalizations,43,32.42473397573706,7.161826143743043,11.1239798316597,21.1894877448928,43.85681928022514,87.58165466368159
state,Gombe,deaths,43,5.228001026049169,1.1686723850689091,1.9198259549423422,3.6023068968556085,6.337470759382667,14.984358433478286
state,Gombe,cases,44,1751.524006567924,465.9181314595204,638.144561268327,1139.1592843431285,2457.7548541117576,4618.895841554292
state,Gombe,hospitalizations,44,25.38564286154895,6.470973674737556,9.29451893508103,16.39007074183462,35.19752541352165,67.55016679533963
state,Gombe,deaths,44,3.2717063566504985,0.7837329322066968,0.9500309464845385,2.1245043208422323,4.058582852878252,9.657844970144467
state,Gombe,cases,45,1019.1266726015933,262.68170872769167,361.5066934579696,660.5265292780448,1417.076794684296,2720.3342349359605
state,Gombe,hospitalizations,45,15.538666893128951,3.9442266583384082,5.398071691632714,9.8729221722105,21.788255796490397,43.74005469963281
state,Gombe,deaths,45,2.4878101429504675,0.6619836242445434,0.6619836242445434,1.551718214494543,3.066155925441741,7.891536306015859
state,Gombe,cases,46,1022.9804134545202,269.6378618975501,371.5459432499598,665.5493384963007,1455.5161773909817,2642.7595826701076
state,Gombe,hospitalizations,46,15.495606345988763,4.021632254075826,5.4141263756126845,9.833896147762175,21.242305216636755,42.97105398601493
state,Gombe,deaths,46,1.4521323227814953,0.4152476532316166,0.4152476532316166,0.722121495009361,1.7319030222789193,4.529961926026892
state,Gombe,cases,47,683.6936233680319,177.56605396670395,243.95759294142204,444.28447637316555,959.3023029148242,1794.6991388923661
state,Gombe,hospitalizations,47,10.59941275030291,2.7105151692339757,3.424864766410001,6.479715358555028,14.896941897243469,29.659859805410385
state,Gombe,deaths,47,1.5683225644671592,0.44043799988365107,0.44043799988365107,0.8255150305296753,1.874102102330692,5.012055311694028
state,Gombe,cases,48,618.4217787930564,165.15432264466563,225.02789628215078,392.93969941174527,861.7152379899611,1641.867988864746
state,Gombe,hospitalizations,48,6.251455052150303,1.6149241544623631,1.6826126813443811,3.709116400573668,8.84664821800838,18.058733260541274
state,Gombe,deaths,48,0.624449774442544,0.0,0.0,0.0,0.7500122808758113,2.8078185721065583
state,Gombe,cases,49,625.3651944536368,160.67618843373324,229.48661304769865,411.7440592484652,894.0023898515942,1629.546019137246
state,Gombe,hospitalizations,49,10.681733410689223,2.7957144582000093,3.461995131608308,6.578204801056435,15.009049882642627,29.668075978883667
state,Gombe,deaths,49,1.305035836544412,0.40956466942592973,0.40956466942592973,0.5976107909425586,1.5347415762508438,4.448609081512831
state,Gombe,cases,50,459.51719834308255,141.46311998939694,184.5238926524674,285.50343491025984,621.1493071846774,1212.7031566851717
state,Gombe,hospitalizations,50,9.818795895036581,2.2910046378643725,3.0037543232705337,6.267740556303187,13.728587940231975,27.832390383994728
state,Gombe,deaths,50,1.064229110070175,0.3539215328523446,0.3539215328523446,0.3715916076343896,1.1821139370664104,3.5483977899204686
state,Gombe,cases,51,520.1056850944482,138.61972058147632,189.1081588373315,339.95235687568896,727.2510811058005,1389.47920521984
state,Gombe,hospitalizations,51,4.522181307725201,1.3666819627775104,1.3666819627775104,2.56374841894381,6.081044859641351,13.232212408455418
state,Gombe,deaths,51,1.3279141945877657,0.39395887949277636,0.39395887949277636,0.604937613236652,1.5949449767033446,4.371120184671022
state,Gombe,cases,52,591.7803012868538,157.92165201981027,215.85357416414234,377.9807761227334,835.8562561398548,1578.7436370584905
state,Gombe,hospitalizations,52,9.536548604443723,2.105206316080679,2.728669690148765,5.9491295060227225,13.391296514372883,26.571650713071183
state,Gombe,deaths,52,1.1042661179699258,0.3727986422344256,0.3727986422344256,0.4378269750787349,1.2796658967558376,3.660211097228393
state,Yobe,cases,1,819.7009653653371,236.3111577124509,312.3234016522852,526.4142334848472,1137.1869345227078,2165.0674545479483
state,Yobe,hospitalizations,1,12.064123208624743,3.2719292200083467,4.121645071395706,7.442388656810579,16.292012815500506,34.18730687272183
state,Yobe,deaths,1,2.4358002396708502,0.6024917698841445,0.6235070135850298,1.5610141551784191,3.0679451817913437,7.451576857079369
state,Yobe,cases,2,2130.342058198564,604.5423622035362,798.3796091221395,1370.3600567899316,2921.089594832712,5742.983915776352
state,Yobe,hospitalizations,2,28.563075888683795,7.161921250655267,10.22080736336801,18.20761272929258,38.927287860060815,79.2136827370842
state,Yobe,deaths,2,8.121191540213541,1.7273846795032615,3.362216688241377,5.913160190731164,10.042315130081233,22.234423583601423
state,Yobe,cases,3,973.5965358537603,273.1873447047415,361.6269226242914,620.4930165942004,1349.1162759080466,2500.461825158113
state,Yobe,hospitalizations,3,12.236398655275329,2.938819069874592,3.8342758359706783,7.740919199837827,17.087792647171817,34.48848104911194
state,Yobe,deaths,3,1.7011536934139173,0.513034076820454,0.513034076820454,0.8859281419349415,2.065445621531733,5.62200469847687
state,Yobe,cases,4,902.1194914544697,261.9437400551788,344.7848187256336,573.0141652137954,1263.5761945934303,2378.7690055636617
state,Yobe,hospitalizations,4,10.983087589621245,2.7074106599534637,3.4668232521607836,6.826532642269264,14.88886828196021,30.502125750463563
state,Yobe,deaths,4,2.345556392641368,0.6069482426279366,0.6069482426279366,1.4650321460353604,3.031054260008641,6.697803662156576
state,Yobe,cases,5,1010.3984591786368,238.11501409015872,341.6109298497802,660.6091839479712,1427.0073591535943,2723.1737715494623
state,Yobe,hospitalizations,5,12.152135957139112,3.1735238480556625,3.9483102377628807,7.549678492699548,16.9685290167481,33.84126746041754
state,Yobe,deaths,5,2.633753507911328,0.7011485163195275,0.7156803637083844,1.717108128475708,3.2394413222647107,7.6879077763379025
state,Yobe,cases,6,923.101811405678,235.07396201157775,323.8463329366384,599.1976089832959,1291.7472149416312,2452.9807276298925
state,Yobe,hospitalizations,6,11.86835194078206,3.1422168858141646,4.088818149860164,7.43593518976397,15.791289009648029,32.70016549609829
state,Yobe,deaths,6,1.2146453859393467,0.4049354374741366,0.4049354374741366,0.5189461150782396,1.4311091124887354,4.0603768822221324
state,Yobe,cases,7,873.9393752762502,228.42319072915328,313.67124034632093,570.4937066017967,1240.6549915613682,2300.7525498784416
state,Yobe,hospitalizations,7,15.133966069407014,3.588523176483932,5.085227984427606,9.764175277538829,20.666170523684286,42.051939560651675
state,Yobe,deaths,7,1.9134449551413588,0.5826341616648986,0.5826341616648986,1.0741940511146546,2.308360462510897,6.152363503228442
state,Yobe,cases,8,977.5375920461735,279.28363608712317,367.97075864556314,618.1973048951223,1350.0398698773954,2681.2573004567735
state,Yobe,hospitalizations,8,17.342437139304092,3.993404769376288,5.768692086209626,11.298732977373172,24.147849664955405,46.629324880802685
state,Yobe,deaths,8,1.3895042404590134,0.46197184971358346,0.46197184971358346,0.6646732301896906,1.598738533441813,4.25086877212435
state,Yobe,cases,9,1760.549923097238,496.5746163711894,664.7416263185701,1131.6670635139833,2413.4099711458557,4708.054117078878
state,Yobe,hospitalizations,9,21.234116901412076,5.0880488544037235,7.487920311216734,13.625967934329402,28.46358888569712,59.44770745466425
state,Yobe,deaths,9,4.073260225732837,1.0218019034921446,1.4139070681158552,2.799887101560294,5.074044977119243,11.069582579639272
state,Yobe,cases,10,2064.004870568094,509.66187783249575,715.8187575457733,1337.6235424428266,2867.979147454652,5569.057323415008
state,Yobe,hospitalizations,10,25.002033286159044,6.127384210921102,8.861893730343354,15.856446036576912,34.048492219659,68.2306170623019
state,Yobe,deaths,10,4.5961752067798205,1.1601745871800069,1.7491075263777256,3.22682161268059,5.716542075901241,12.198033650489894
state,Yobe,cases,11,2517.342714763746,636.882849324788,897.012577072076,1675.6679883027002,3545.2244153542124,6742.315664604337
state,Yobe,hospitalizations,11,41.111936574888055,11.926384963614693,16.16728861554464,26.874808878683726,56.53270134421648,108.38705567019429
state,Yobe,deaths,11,4.5710491510994675,0.9990130698207591,1.613350905469225,3.2622044275977213,5.835633782541196,12.58762475754313
state,Yobe,cases,12,4165.409517335657,1149.9561173662373,1547.8059341916605,2671.275332509276,5769.18530948698,10803.427939171306
state,Yobe,hospitalizations,12,58.948137666365014,16.641292563418343,22.84500598204601,38.19365006751684,79.03972339024156,160.12580080931144
state,Yobe,deaths,12,5.586563038118215,1.247252459876679,2.173318842347883,3.932757219892995,6.939693860409562,14.523185737558574
state,Yobe,cases,13,5475.3738930479985,1255.746700829712,1836.7789603238766,3529.1721863292696,7707.279811291509,15092.063884945008
state,Yobe,hospitalizations,13,85.97796216205822,23.548944300141702,32.298679921538536,55.68767551632022,119.3870694857649,230.6575742601083
state,Yobe,deaths,13,10.113763590511134,2.260271012745987,4.219655346933214,7.313592115178163,11.975835157847197,27.89331186519518
state,Yobe,cases,14,10943.475485330338,3169.196971508038,4224.962259564908,6811.457364134779,15388.021408325872,28933.413931326882
state,Yobe,hospitalizations,14,179.61087733032554,44.096704825908326,65.05115719263662,117.97713970178339,248.273869068981,495.2205458134781
state,Yobe,deaths,14,17.33025064309523,4.24201007853969,7.77511405552283,12.736311608073697,21.305009966692147,46.987469688931654
state,Yobe,cases,15,25736.15752889297,6812.454549290174,9429.34669401651,16760.926279562707,35399.563339405766,68428.61609061238
state,Yobe,hospitalizations,15,286.3474455563584,78.07862795403281,108.73431920866565,188.85494791403664,387.359393254937,774.1127410493374
state,Yobe,deaths,15,30.858316402189477,7.8786508300137434,13.993526132701554,22.84228801571243,37.22834093154486,81.54442966036072
state,Yobe,cases,16,48962.26190583205,12191.160813882365,17060.340160020038,31258.65101573487,67951.48726849786,132200.03533583635
state,Yobe,hospitalizations,16,700.3931777756619,191.63122697176505,268.0446929062246,463.47524744969405,975.5741520741801,1830.8982315373655
state,Yobe,deaths,16,60.76157434622905,16.841241511709796,27.757986731914272,45.06692413001403,72.47651040112285,152.1295967571248
state,Yobe,cases,17,81220.58768134871,20185.0810510541,27902.714606678514,51439.289945907774,113959.13466619089,214515.37786414573
state,Yobe,hospitalizations,17,957.269294797422,280.3037033730782,377.0459190045581,630.990840606139,1321.413426322679,2521.725897197041
state,Yobe,deaths,17,119.71084335092094,33.94548551141957,55.24889435953566,90.40739254523167,143.91409386728117,308.3082028279511
state,Yobe,cases,18,147496.86351577516,40308.10048908912,55220.443036208555,94549.61797622382,207011.99939726625,383757.19468947354
state,Yobe,hospitalizations,18,1753.8199631108648,499.33764342594486,693.984583513946,1152.4688475783637,2415.47922151469,4430.734390147215
state,Yobe,deaths,18,273.6585474042608,77.43814031138402,126.17782970450305,206.25071486357334,324.2357825929206,717.5251866633179
state,Yobe,cases,19,137707.5709503689,41024.258195645496,53151.81176429338,88324.94717705829,184174.9912048333,373158.7789352918
state,Yobe,hospitalizations,19,1917.5025282411848,508.89327246464546,718.1956617393151,1268.7000388948695,2641.2279191835632,5181.600838009309
state,Yobe,deaths,19,210.85530250837576,54.503206347406056,95.25594615752073,155.6194588079794,253.31582545897356,557.3729113754496
state,Yobe,cases,20,74949.50474753759,19558.269000981327,26816.597727236567,48599.886644764905,103693.3509028011,200058.15237260677
state,Yobe,hospitalizations,20,1881.6303314929166,555.1811611133832,756.4889388516409,1237.5692209764702,2494.6663910931074,5028.1632848287645
state,Yobe,deaths,20,139.00293686294884,37.232186687522336,64.39784871658512,104.13981043176499,167.36526497856303,359.0637186547811
state,Yobe,cases,21,35668.13120536141,9807.832223472222,13274.882523238086,23057.905627727392,49142.36841736615,98859.916195727
state,Yobe,hospitalizations,21,499.1334061695671,136.07100719302144,190.22573026490642,330.6500265272075,679.8938987640688,1340.2852634078183
state,Yobe,deaths,21,72.93060720060586,20.21347367956717,34.481611810132776,55.1493065161455,87.67524321488199,190.57695052987822
state,Yobe,cases,22,15402.864903297861,4394.988810852109,5815.775912173413,9878.203503288258,21499.946811054666,40100.785224423824
state,Yobe,hospitalizations,22,179.63463733814922,46.26551410876411,66.32473414581602,116.96474225425413,248.82650581143284,481.5275705919109
state,Yobe,deaths,22,14.904476168650854,3.7876490624676826,6.744425947847235,11.108336117551039,18.15720743645332,37.86252610153622
state,Yobe,cases,23,6185.350895479108,1678.4084608689443,2270.0190786012163,4033.7888563427227,8381.76272304374,16858.870129097333
state,Yobe,hospitalizations,23,82.84697492614598,21.84648806796862,30.827252993070005,53.810503043486854,112.31688013738754,224.4926139459957
state,Yobe,deaths,23,10.485427012579471,2.374300569597971,4.501525646589844,7.584038378405598,12.435960409742773,28.4719158654706
state,Yobe,cases,24,7930.5166255763625,2268.5592122671233,3037.144799416459,5086.777431383026,10985.586699223917,20686.727863944136
state,Yobe,hospitalizations,24,108.70535484717281,29.687020265818443,41.8682779988863,70.25242415953099,146.4429335752068,291.9193185224225
state,Yobe,deaths,24,12.52560122161334,2.8788532633407136,5.48285506529671,9.25855827269938,15.359857527340122,32.89145122077745
state,Yobe,cases,25,17952.668381051877,5120.846737073135,6812.930882211222,11425.328230617037,25037.6920502824,47538.45519062719
state,Yobe,hospitalizations,25,246.91463363224742,61.71566172906761,89.18577922307162,163.26310203018517,346.9655226888782,657.763672814707
state,Yobe,deaths,25,32.51373688612658,9.438744047965082,15.441472438274717,24.37441228256385,38.10097954773053,82.4196864239109
state,Yobe,cases,26,19976.634242560263,5292.634509905723,7244.623520469097,12895.387847006292,27385.37551089713,53731.2372540345
state,Yobe,hospitalizations,26,323.3857790201791,88.59999709827434,122.39620099383332,215.50890520706332,442.46788101364683,883.7348480436989
state,Yobe,deaths,26,53.98794353102484,15.087551954312556,25.5352293612479,41.198032847102105,66.31968574390339,132.37205323409327
state,Yobe,cases,27,35710.688548015285,9956.168880738676,13309.016547015835,22990.25018049403,49044.495296982604,92938.6706960741
state,Yobe,hospitalizations,27,350.77828616460886,93.36655851202289,133.25152725489454,228.6314815203335,484.1145932479437,940.2251698565393
state,Yobe,deaths,27,53.25904298395517,15.720351181665892,25.211655244174445,39.603274786779316,64.79549526414286,135.3606349363703
state,Yobe,cases,28,42094.829811432224,12436.678029780905,16539.112474016823,27449.18276315987,58802.905067974076,109062.81050304121
state,Yobe,hospitalizations,28,426.14263424376406,119.12835761078473,165.41154392256078,273.0284216698775,564.3369544708594,1110.0991965887042
state,Yobe,deaths,28,59.76410770537777,17.555279526732566,27.81264918108683,45.45034099683524,72.90965324942242,156.26212946834653
state,Yobe,cases,29,46169.353469700596,12896.950324677518,17267.335799680994,29331.920079009196,64342.38783340424,126738.30331857693
state,Yobe,hospitalizations,29,573.1606486371661,153.76836066466075,214.54870475765455,381.3099858519152,787.6522187409564,1528.587769661548
state,Yobe,deaths,29,101.0700464372453,30.217306990462482,47.65437763815119,75.02870524010817,121.73059014651602,258.13572640393016
state,Yobe,cases,30,51750.97190861345,15861.034951937925,20669.56534621332,32717.973717382276,69951.70393518994,134535.64738632197
state,Yobe,hospitalizations,30,598.3334990118027,166.9790144525249,235.16708179486722,399.7620641742804,820.141931162862,1570.9694175146196
state,Yobe,deaths,30,92.67854165793771,27.10066008881478,43.326784721062374,68.87742113326684,111.7702915280295,233.81416311257422
state,Yobe,cases,31,33356.745782886384,8260.82136994675,11450.139339795274,21760.19710970491,45880.55573825214,91106.21872336951
state,Yobe,hospitalizations,31,461.90070943840715,113.51187741892929,165.22794234720823,301.1266252995762,628.9984644242866,1246.2794410952374
state,Yobe,deaths,31,60.159603675501344,16.364623507659694,27.995353626708102,45.897066396157925,74.22873029669802,152.5164630994978
state,Yobe,cases,32,21711.63668154189,6673.053244340779,8618.0529538581,13656.186308554887,29809.242130923045,56537.49415855647
state,Yobe,hospitalizations,32,212.54761945337899,56.49235550644599,79.63014909487354,139.87946790637068,287.0904095010245,570.2466755338326
state,Yobe,deaths,32,42.9641100716505,11.341628604949177,19.48585568647347,31.77092261239457,50.1481493653951,112.10201563738512
state,Yobe,cases,33,11523.90114688867,3171.735777214949,4237.891562666662,7273.132723382369,16064.603033171601,30744.254051914017
state,Yobe,hospitalizations,33,121.95112541532136,35.87397976315678,48.5757350181287,80.44276790737963,164.08624750164995,327.01058012167965
state,Yobe,deaths,33,25.331739080423954,6.4372401907584775,11.320556216433442,18.788430075607128,31.512483735741643,65.52279979402567
state,Yobe,cases,34,7853.082482490125,2019.6807694594381,2758.886600137672,5008.896722152528,10874.331192211825,21582.016090244208
state,Yobe,hospitalizations,34,81.1790984896806,21.668988935527548,30.34618521745244,52.92525985848323,110.65275859974902,216.49596712396288
state,Yobe,deaths,34,18.252805982266352,4.721347784453627,8.505496679340752,13.74733320535945,22.31848200020807,46.49351348310915
state,Yobe,cases,35,5672.96880727873,1396.0127595624026,1941.7089790801629,3727.146613148879,8119.268292400543,14937.316458243455
state,Yobe,hospitalizations,35,63.33365631828395,15.342937237188313,22.298559793356894,41.285571130745744,84.55721381406718,173.25651090474528
state,Yobe,deaths,35,14.916626832041775,3.7350323770734613,6.640669027893262,10.979514814455333,17.541895885937,40.852272947450246
state,Yobe,cases,36,5079.963029901705,1289.750461571411,1793.4711351418082,3214.3464586836017,7131.18180613744,13823.743884827823
state,Yobe,hospitalizations,36,58.16776299841362,14.69767646647035,21.18997659421136,37.690691230865625,79.41584090846371,156.23107252375848
state,Yobe,deaths,36,11.754746615450305,2.7742577212808737,5.126906071610195,8.628585793652958,14.40558765139776,31.78419019142092
state,Yobe,cases,37,4108.15515992363,1146.7750963506937,1540.756690874216,2631.1790264714086,5724.8376857870135,11168.06328979984
state,Yobe,hospitalizations,37,47.733016302414626,12.501489692981336,17.84694779783274,31.339254384051106,65.1802643383964,129.85266453897106
state,Yobe,deaths,37,10.297675044394932,2.263561358776542,4.36752537822732,7.5499544148430395,12.682701783027682,27.37011247151671
state,Yobe,cases,38,3767.2153419621823,988.7791275888428,1352.6901891342036,2452.506254034936,5261.450734002145,10033.020119919574
state,Yobe,hospitalizations,38,44.58347443935858,12.454657307080097,17.185208259912468,28.620237447467527,60.79126378124434,118.97453883729983
state,Yobe,deaths,38,9.605914945569957,2.2206255775160493,4.19628096887566,6.917451546852686,11.411968953871469,25.525106059819862
state,Yobe,cases,39,3606.0446327954114,957.1820196809109,1286.5714574648719,2337.3664348933503,5071.7109616603,9415.592977680011
state,Yobe,hospitalizations,39,44.07771493317317,12.07902973208512,17.194360754127576,29.219989014647812,60.65909532056503,117.5724395364111
state,Yobe,deaths,39,9.117337108978619,1.9579652341562197,3.834161714495435,6.68925104576605,11.414974326720978,23.955019118218175
state,Yobe,cases,40,3740.966772705024,992.817319483498,1370.1596581926233,2455.0754067231746,5196.28302696269,9933.176176223309
state,Yobe,hospitalizations,40,38.751587971107085,9.770889575315598,14.332490539922226,25.88905373529922,53.42304682899416,104.92773063176942
state,Yobe,deaths,40,9.61344032776419,2.0656078553135644,3.9608979738938337,6.961836500611835,12.124242007628554,25.392618838306824
state,Yobe,cases,41,3535.351725868809,886.2473088983241,1229.445847878691,2225.3320678065866,4989.120224849454,9498.17962883867
state,Yobe,hospitalizations,41,39.39487557988928,10.155738514439427,14.38986720383815,25.575021401065396,53.40647161785408,105.53748286186071
state,Yobe,deaths,41,8.646954323498225,1.6248274133362781,3.4374623590630486,6.336393705610458,10.689171104478,23.96630746932729
state,Yobe,cases,42,2988.8807657591537,893.9674917034421,1175.6153179449439,1884.8914483937087,4069.10160000033,7926.957771372935
state,Yobe,hospitalizations,42,30.944177622433063,8.429468163690796,11.692115045440794,20.23271084974394,42.93051045382438,82.11714549250533
state,Yobe,deaths,42,7.804890653715083,1.5188109064234077,3.1565099629822075,5.711659679348109,9.56296262229943,21.62145346458255
state,Yobe,cases,43,2312.437536462536,585.5134362393753,811.7870285648645,1481.3146954716324,3252.9131022538813,6224.011101946602
state,Yobe,hospitalizations,43,24.375025416607116,5.1941663192621315,8.201120705842394,15.840027612749651,33.04270003812843,66.22631579734376
state,Yobe,deaths,43,5.850433086291573,1.287684972146983,2.217168516600377,4.070986106974662,7.084687335080533,16.612136991657625
state,Yobe,cases,44,1658.5616749364417,441.15054024888934,604.2412489927692,1078.6797330750178,2327.3306297976605,4373.834268807823
state,Yobe,hospitalizations,44,20.6276028789761,5.259095054483454,7.43428924307326,13.247667862780446,28.656596985873005,55.163084264438254
state,Yobe,deaths,44,3.858261999136253,0.8965879428215233,1.230829103766402,2.5744228502344915,4.787002443401456,11.192540218754493
state,Yobe,cases,45,1248.6144080518375,321.99955605075763,443.056213141703,809.3435627128404,1736.0874048830312,3332.5256889501993
state,Yobe,hospitalizations,45,17.561586432402507,4.429136573267441,6.18466147676602,11.209657664936385,24.58988261382759,49.24047290517745
state,Yobe,deaths,45,4.301387993356416,1.0283052202534002,1.5051386230419985,2.963761435299663,5.316242896895954,12.811841962077219
state,Yobe,cases,46,943.0555478493695,248.51373251420242,342.46757021199784,613.5230833076951,1341.8305461033947,2436.405899962072
state,Yobe,hospitalizations,46,9.22532485491846,2.479411181608255,2.9544283642108145,5.679298740435672,12.712795396193133,26.1089736784198
state,Yobe,deaths,46,2.806411187327252,0.677410368079715,0.7807806673602492,1.8093667639864646,3.4566643964819987,8.021251570294163
state,Yobe,cases,47,838.7474267342833,218.0036232308161,299.4300044737168,545.1223537612794,1176.7696771776027,2201.3481446435185
state,Yobe,hospitalizations,47,6.939347040269329,1.8414686187083191,2.0061627036291148,4.081565772436659,9.80005748334419,19.82968224140794
state,Yobe,deaths,47,2.010910363335854,0.5275664587982247,0.5275664587982247,1.186642615745889,2.442663595674503,6.201373931693791
state,Yobe,cases,48,794.3761655051444,212.3525047903921,289.2339045817657,504.84312383863426,1106.7801288361889,2108.5448790329774
state,Yobe,hospitalizations,48,8.155343180972556,2.051525704640369,2.407868323825039,4.982245862894217,11.508731055868465,23.211342107829022
state,Yobe,deaths,48,1.6502327516184694,0.4767783579649886,0.4767783579649886,0.9218203632731857,2.0354776070207503,5.044203585468888
state,Yobe,cases,49,623.7413008320934,160.2570321117061,228.88906110181534,410.6739926945147,891.6820363501295,1625.3187196264237
state,Yobe,hospitalizations,49,6.583797365632455,1.7983121545045764,1.8701286195292188,3.8745957453176234,9.297642844599366,18.726897940644694
state,Yobe,deaths,49,1.5456472170674191,0.4616115751492397,0.4616115751492397,0.8006329372016073,1.8568529928361575,5.141010707820481
state,Yobe,cases,50,512.448756294713,157.8377416513464,205.84789251757184,318.4339600304004,692.6587583545744,1352.2054363075213
state,Yobe,hospitalizations,50,5.403118417695143,1.3381379624035892,1.3387166487334965,3.24496719847549,7.602724904911725,15.840522922567565
state,Yobe,deaths,50,1.1647974077126557,0.37640723102557944,0.37640723102557944,0.4587329427706039,1.3207501906253454,3.8373711650403957
state,Yobe,cases,51,380.5504251645717,101.22871343183613,138.19604200535815,248.64324982024246,532.2210289974394,1017.100448929027
state,Yobe,hospitalizations,51,4.510463548976713,1.3636107426476303,1.3636107426476303,2.555739931102319,6.065132271266132,13.200229651360457
state,Yobe,deaths,51,1.6241853938190132,0.4545379057288188,0.4545379057288188,0.85172874510466,1.993969463794974,5.197036917409848
state,Yobe,cases,52,581.9313307322958,155.28118865112728,212.25057915577798,371.68405793443776,821.9519941270546,1552.4963941400547
state,Yobe,hospitalizations,52,4.705609226334966,1.1190908087551412,1.1190908087551412,2.6940355439923307,6.650161189563608,13.656606651574675
state,Yobe,deaths,52,0.6339422694388691,0.0,0.0,0.0,0.7570171485511776,2.950488524292669
state,Taraba,cases,1,2064.85207765851,596.354906233816,787.6914084404266,1326.5965741630655,2864.0214178812475,5451.381732406523
state,Taraba,hospitalizations,1,18.064748342345183,4.787577058281484,6.4941322980122305,11.353135881814419,24.302149979512233,50.487037707412185
state,Taraba,deaths,1,4.426674098504747,0.9722000519008107,1.619743010219389,3.1325346154719202,5.564166872566063,12.637735600398752
state,Taraba,cases,2,493.43974546994525,139.476846636361,184.4442129304579,317.1351931843186,676.8814456139537,1331.5190737803794
state,Taraba,hospitalizations,2,18.138491797022425,4.485977331158881,6.257084864910325,11.422570953661639,24.82307199855472,50.87839734691654
state,Taraba,deaths,2,1.2679248047631062,0.3918334475162331,0.3918334475162331,0.5681552713233141,1.5047972564076597,4.270409308268866
state,Taraba,cases,3,887.5355325142142,248.9754404754444,329.60542895907975,565.6125500534864,1229.8952884992293,2279.5721476670133
state,Taraba,hospitalizations,3,15.51281503499053,3.6729161231514,5.041845121978066,9.924341477618768,21.606000460195645,43.35326269915575
state,Taraba,deaths,3,2.0611666150477457,0.5911070075730765,0.5911070075730765,1.1729264991244543,2.5319415806676684,6.629733692760927
state,Taraba,cases,4,1015.6293767757575,294.99220602455523,388.24528601792605,645.1599694874676,1422.516290767368,2677.8737303190183
state,Taraba,hospitalizations,4,11.200307433794586,2.7570889085246266,3.5487849431323717,6.970141604073248,15.180412952187382,31.080157911117897
state,Taraba,deaths,4,1.5116036666686548,0.4394536675069357,0.4394536675069357,0.7847772528468827,1.9186369678084274,4.573503329437475
state,Taraba,cases,5,752.0016487017991,177.02479152031398,254.07908648551208,491.5781740993157,1062.1733576835877,2027.1891105438528
state,Taraba,hospitalizations,5,12.299998462646254,3.209563966022275,4.004505714224679,7.646772901377864,17.17258858474122,34.236942252699016
state,Taraba,deaths,5,1.4547568722131796,0.45204348518386966,0.45204348518386966,0.7517701306207167,1.7332466459583935,4.601255680874996
state,Taraba,cases,6,665.0592889339787,169.15360573103672,233.13753209667013,431.6008105656571,930.7656129746587,1767.7408879943362
state,Taraba,hospitalizations,6,10.365939445161517,2.7713627552245277,3.488220132831121,6.440300093843515,13.809529279673527,28.722767999380228
state,Taraba,deaths,6,2.2914364845178734,0.6414382263868703,0.6414382263868703,1.4060875188164845,2.8509998704851136,7.015893082681861
state,Taraba,cases,7,875.1927333075755,228.7518413840424,314.1220095509767,571.3123761545244,1242.433672804645,2304.0498298112398
state,Taraba,hospitalizations,7,10.413027855848512,2.530765157127102,3.291537827339189,6.591312191076835,14.279820347555729,29.361890735674084
state,Taraba,deaths,7,2.2037823517135346,0.6477314293546668,0.6477314293546668,1.3059421604258186,2.678001037699456,6.951491587743299
state,Taraba,cases,8,1141.9772384493476,326.38427114232474,429.97493873834435,722.2511365500106,1577.0771551948367,3132.000783011332
state,Taraba,hospitalizations,8,12.60522547659566,2.9565741703692563,4.011297713353455,8.105542350230966,17.618569129256826,34.2630499103403
state,Taraba,deaths,8,1.9005840566382568,0.5792338139833528,0.5792338139833528,1.0872159737797347,2.2583743645944194,5.583692810480444
state,Taraba,cases,9,2037.3741266544423,574.7675163175358,769.3616504598579,1309.6635276740444,2792.8298834398374,5448.072971143554
state,Taraba,hospitalizations,9,16.903774236155602,4.094287843513667,5.830120924811771,10.769329349366751,22.708973174773362,47.64149714004784
state,Taraba,deaths,9,1.7605009000475493,0.5303866090505209,0.5303866090505209,0.9724070073499033,2.152853902135434,5.26495698940467
state,Taraba,cases,10,2449.896416479309,605.0902733212163,849.7720970414798,1587.7747723739697,3404.1109572037212,6609.94495616687
state,Taraba,hospitalizations,10,37.46680279126127,9.54856189799715,13.595648749592637,23.947618808682275,50.871932067875065,101.46163637414638
state,Taraba,deaths,10,3.326226523265074,0.8886649026866213,1.1057480480948254,2.2376403160464213,4.144704319700197,9.10936579655282
state,Taraba,cases,11,4684.826920561374,1185.8950997048446,1669.9129714466958,3118.740593833087,6597.384617948118,12546.144552567597
state,Taraba,hospitalizations,11,52.3105339563788,15.36458958588865,20.733503472677533,34.28904704360477,71.8354484193181,137.4822034227048
state,Taraba,deaths,11,4.991370624579896,1.0761548249076127,1.815148541151692,3.5913231749058365,6.363467504687414,13.63683347454872
state,Taraba,cases,12,9777.496876918423,2700.2757032902086,3634.0228961964376,6270.787707013083,13541.53315553604,25356.820545599807
state,Taraba,hospitalizations,12,70.3148313007006,19.986514133279847,27.366603708395402,45.62572700497088,94.21721722569905,190.6792028568581
state,Taraba,deaths,12,14.535371558572045,3.540188452147439,6.523247558973035,10.694492598200211,17.823284208694435,35.80209112588431
state,Taraba,cases,13,18910.124891384672,4338.82308008531,6345.255409179255,12189.461865380192,26617.387468781817,52118.67292521398
state,Taraba,hospitalizations,13,144.41704011032988,40.04299445701457,54.671540035948496,93.77523446838978,200.2732509060259,386.30466043821616
state,Taraba,deaths,13,39.30813322336389,10.835462009763738,17.948434753175945,29.18006885292287,46.10498098325495,103.88873274027301
state,Taraba,cases,14,49098.424654480295,14221.22997813427,18957.634960103976,30561.244623831717,69037.67601120351,129805.41042569334
state,Taraba,hospitalizations,14,504.2236879414313,125.14923233267525,183.7652241267307,331.815333103778,696.2950095808775,1387.0801527234544
state,Taraba,deaths,14,101.5708976678324,28.334557839505557,48.10598929670556,75.8691058069774,123.81998225401253,267.54034694142337
state,Taraba,cases,15,88422.01502066664,23407.420035436153,32398.05908175799,57586.55828141491,121621.775956758,235096.94990554
state,Taraba,hospitalizations,15,763.3994128878333,209.3643436363252,290.91437221354465,504.0506380467401,1032.1106010661385,2060.9488126397296
state,Taraba,deaths,15,116.33613324150447,31.7008130226275,54.22240980103885,86.8131393339451,139.79817450888197,303.0180329265977
state,Taraba,cases,16,129474.84381613017,32239.301153860586,45115.099864856136,82660.35741618014,179688.9407031876,349584.38171728
state,Taraba,hospitalizations,16,1769.9883919181173,485.38577861539255,678.32657907388,1171.7805425415795,2464.808824453417,4624.466294834233
state,Taraba,deaths,16,281.61292107848163,80.63919771580144,130.5928021698614,209.79624558305903,335.218942844721,699.7010928914791
state,Taraba,cases,17,158768.45190107173,39458.12799784428,54544.31979216185,100552.89057876603,222764.75275169505,419328.99230344605
state,Taraba,hospitalizations,17,1961.5939735629688,575.127145029372,773.2611042601216,1293.3557952389692,2707.3833690072543,5165.696532666015
state,Taraba,deaths,17,236.57736648627224,67.77804999051821,109.7064106151079,178.9037020654481,284.21305818107726,607.7657597324352
state,Taraba,cases,18,69231.6598335962,18919.31637502923,25918.883109610186,44379.24128196341,97166.91977038051,180127.7145318533
state,Taraba,hospitalizations,18,1910.1852735263378,543.9208215134291,755.9120076483732,1255.250054880354,2630.80246351545,4825.629329891247
state,Taraba,deaths,18,197.5290124563907,55.69674831569911,90.9268276054035,148.80520410379165,234.08730874709443,518.3652157613478
state,Taraba,cases,19,29447.036830272285,8771.971108328547,11365.365562181067,18886.90020539915,39383.77710444431,79796.6686405611
state,Taraba,hospitalizations,19,1096.2043745360168,290.61135878595076,410.31278931965994,725.1499093781046,1510.1077461582295,2962.963939182764
state,Taraba,deaths,19,63.16922317051936,15.811463261087265,28.155131910032072,46.438741849276404,76.03016524227209,168.126547875795
state,Taraba,cases,20,7869.637977315783,2052.9411432411603,2815.1465202047266,5102.634531161359,10888.062041647006,21007.439738695346
state,Taraba,hospitalizations,20,545.2657950790549,160.3820510066169,218.79370592486276,358.3844149534264,723.1449171285071,1458.266768633655
state,Taraba,deaths,20,10.656233934294917,2.181226725525631,4.441629217535222,7.748481419489141,13.009349896139032,28.960209549054237
state,Taraba,cases,21,4639.09758649287,1275.003569147928,1726.0224525508092,2998.668585544418,6391.9234461218275,12859.5402805358
state,Taraba,hospitalizations,21,96.39893074516199,25.694016780467297,36.240427112061155,63.58748319323967,131.6012957191667,260.2098069607291
state,Taraba,deaths,21,6.1189930850818515,1.2713504600552605,2.4040781349027327,4.386920628757286,7.507433601107088,17.379743060710194
state,Taraba,cases,22,4786.432043725113,1365.2478753903333,1806.8202819829596,3069.3992611619065,6681.369806530492,12462.402710892795
state,Taraba,hospitalizations,22,41.92228509279029,10.23038160412337,14.996492794171758,27.02866098734942,58.359282301065726,113.64952522864728
state,Taraba,deaths,22,4.216724683282958,1.0241308866321952,1.514947351170596,2.932096200672319,5.221167123629946,11.620329477877595
state,Taraba,cases,23,5318.537692132988,1443.0947109236877,1951.8105974397192,3468.4461668506797,7207.194786045195,14496.514956958228
state,Taraba,hospitalizations,23,40.972668441816026,10.435645731679116,14.930903198709172,26.435004159751642,55.71995156608456,111.8687105223858
state,Taraba,deaths,23,4.745098886744006,1.0998615060980743,1.7323966670660673,3.2633624492255886,5.673125929199145,13.637569622669997
state,Taraba,cases,24,9497.90391991426,2717.058338094339,3637.5280277146276,6092.198976696797,13156.701911285134,24774.934865629657
state,Taraba,hospitalizations,24,85.03392869965214,23.06556395478553,32.61842488704757,54.87801473363306,114.6286050877251,228.71499130352424
state,Taraba,deaths,24,12.711889085375025,2.932356128316484,5.57227616366467,9.400059438339666,15.585516810866178,33.35893210117986
state,Taraba,cases,25,19606.74828810427,5592.724884479256,7440.701537271582,12478.041221439355,27344.51851829016,51918.287543218896
state,Taraba,hospitalizations,25,202.2318706685949,50.412137584117566,72.93119297023071,133.65722865291343,284.2501406154894,539.0317504179488
state,Taraba,deaths,25,18.856200358664662,5.184172780094091,8.740339053266329,14.032435801441682,22.16439719979806,48.41990643091783
state,Taraba,cases,26,29557.27636851097,7831.294351667305,10719.395612406686,19080.08795611153,40519.01584643971,79499.52040043812
state,Taraba,hospitalizations,26,257.7887210588713,70.48115039438454,97.44311034587946,171.72663075931845,352.7901263885868,704.8244060298365
state,Taraba,deaths,26,43.17466420743448,11.923964052237185,20.317124653680168,32.89986625310488,53.08139168923604,106.14468095989074
state,Taraba,cases,27,28596.053512665312,7972.459192059252,10657.338233928906,18409.835176574263,39273.44236295947,74422.8327675725
state,Taraba,hospitalizations,27,360.31491225214364,95.92481358088612,136.89105438736595,234.8567366407173,497.26593506569145,965.7415614649109
state,Taraba,deaths,27,40.05519894850956,11.651482711466754,18.833094386451755,29.722538265652137,48.78427556829345,102.17751084760619
state,Taraba,cases,28,30834.921253631288,9109.813636940991,12114.917611308743,20106.732235574284,43073.87449955474,79890.12193197366
state,Taraba,hospitalizations,28,464.8555447594352,130.0158644662275,180.49380144540098,297.864242111071,615.5747312111284,1210.8006492725988
state,Taraba,deaths,28,63.175860746116115,18.597112176592695,29.430407544822334,48.058411749847544,77.05949587422108,165.09200566776505
state,Taraba,cases,29,46160.08995996382,12894.362510648847,17263.871121921406,29326.034791799106,64329.478129343115,126712.8746466675
state,Taraba,hospitalizations,29,480.1456648216485,128.69562780401017,179.62945466261914,319.37512976079586,659.8892424095379,1280.7919968631386
state,Taraba,deaths,29,85.53974661930629,25.467489056671308,40.251450936826686,63.460682804902014,103.05671932605102,218.7073567199136
state,Taraba,cases,30,31432.85886650764,9633.511490601635,12554.186011678341,19872.322004141635,42487.88190603188,81715.80866156296
state,Taraba,hospitalizations,30,420.84212495223665,117.2323773339426,165.22668980188865,281.0772091502828,576.9624494547124,1105.4339312547554
state,Taraba,deaths,30,52.66015892232978,15.096385143292864,24.390898177443614,39.02660008078749,63.596135443775665,133.50428547279748
state,Taraba,cases,31,15937.04091783192,3946.426421049836,5470.254818636,10396.310783914487,21920.808430628727,43529.237006239375
state,Taraba,hospitalizations,31,286.27099832878974,70.06478922131986,102.15920017957305,186.49640150004106,389.9699944947919,773.0476584559642
state,Taraba,deaths,31,31.882864995202283,8.336173933340445,14.589492314546867,24.214434890846384,39.44709120958014,81.5388699326495
state,Taraba,cases,32,11474.677906330997,3526.406020977057,4554.387584050082,7217.168547763853,15754.46728947146,29881.02482216893
state,Taraba,hospitalizations,32,225.5377299273149,59.98961785639489,84.53488438039605,148.44917173307422,304.6149609592849,604.9956343002549
state,Taraba,deaths,32,21.50423232805158,5.317195113183394,9.485905189212538,15.774148599684166,25.18072942900546,56.892481077348336
state,Taraba,cases,33,9151.784197533114,2518.706287674369,3365.4201727496747,5775.931723124286,12757.894474817274,24416.10101014356
state,Taraba,hospitalizations,33,159.28434965081172,47.070498300931135,63.62905011239144,105.17227816094186,214.21349827187123,426.60863176968803
state,Taraba,deaths,33,15.722914562593125,3.722697620090831,6.823636191533498,11.565786397423416,19.64564618375862,41.24242598207443
state,Taraba,cases,34,6926.601322499074,1781.3177693974867,2433.325601199882,4417.920635903988,9591.458306587027,19036.046165943735
state,Taraba,hospitalizations,34,101.48581676218554,27.27058378296202,38.09194882870993,66.25040014722519,138.24258711186226,270.2400618537445
state,Taraba,deaths,34,13.188028996521183,3.21519206998423,6.00315655218378,9.865069616910676,16.17984714693126,33.99075549185635
state,Taraba,cases,35,5415.334550673196,1332.5794986469416,1853.4976404869467,3557.8650548923565,7750.556486606623,14259.021919380168
state,Taraba,hospitalizations,35,78.46416293024949,19.186730421957797,27.778287460967817,51.230967589626665,104.67992679971383,214.240942240211
state,Taraba,deaths,35,10.08660405942032,2.2960237095182694,4.31861754408599,7.338858472890555,11.906887132467745,28.133081454721797
state,Taraba,cases,36,4729.689172720665,1200.768089495075,1669.7630265791058,2992.6853681327634,6639.500048830786,12870.687085047814
state,Taraba,hospitalizations,36,70.52871680816243,17.977349371981703,25.826068130778097,45.77423225659731,96.21690412089087,189.08093342910348
state,Taraba,deaths,36,8.447887105726705,1.9028019661228868,3.5326492017187965,6.123171336591477,10.396963451696214,23.253551754072888
state,Taraba,cases,37,3945.1571780207732,1101.2462669192457,1479.5997816271115,2526.768301486802,5497.710709276363,10725.019718766482
state,Taraba,hospitalizations,37,55.207429128611196,14.572742124493836,20.73824256163523,36.30039280650887,75.33292427045569,149.92666420562455
state,Taraba,deaths,37,7.810835695124684,1.639523799697371,3.1808781156032824,5.659738852362636,9.657743450833806,21.098075744644326
state,Taraba,cases,38,3531.8120004952225,926.946856127589,1268.1241107881347,2299.233811221421,4932.701346117031,9406.187083528983
state,Taraba,hospitalizations,38,49.17372105548874,13.809800821143776,19.016809501242456,31.603566695165213,67.01483591896701,131.05828905460135
state,Taraba,deaths,38,6.851443250186851,1.5752278189788522,2.8392070779744074,4.8497098598525765,8.170427724121431,18.597742219646904
state,Taraba,cases,39,3324.9041230326593,882.499333747572,1186.2154783299234,2155.1093245873594,4676.333390594584,8681.644269115897
state,Taraba,hospitalizations,39,45.684500451672776,12.545335901086425,17.843043633093124,30.297421178450637,62.85742479239774,121.79989838939657
state,Taraba,deaths,39,6.677861300944131,1.4344198010852582,2.66158586429303,4.8241437914155565,8.403594084155941,17.901921500151392
state,Taraba,cases,40,3465.8345373710613,919.745804627304,1269.3436315752685,2274.489752748479,4814.147058438895,9202.754912864537
state,Taraba,hospitalizations,40,45.183456309641926,11.51421296409517,16.814132300296947,30.241184165298943,62.23169441211185,122.07267386412028
state,Taraba,deaths,40,6.706220944045675,1.4303523329078724,2.594061369221208,4.768175266955562,8.50822440778893,18.12087132178713
state,Taraba,cases,41,3315.9411673390982,831.1986478233179,1153.103664846176,2087.200795711462,4679.511579969642,8908.809433365403
state,Taraba,hospitalizations,41,43.561823042939324,11.306955755825749,15.978025661009976,28.317432653132506,59.02095138433478,116.53162609726603
state,Taraba,deaths,41,5.919559197940866,1.158001467736911,2.1733935860130202,4.246526696119685,7.359358932475886,16.854330601312594
state,Taraba,cases,42,2851.3275973016416,852.7934035725322,1121.4836726658136,1798.128676090441,3881.85153389882,7562.2222530410545
state,Taraba,hospitalizations,42,36.10076305162811,9.953020093771528,13.742824166952827,23.66335370620294,50.02851564663883,95.5466714466331
state,Taraba,deaths,42,5.512087062427049,1.1197920793608307,2.0645203524989126,3.9483864755737264,6.787883158469998,15.678392488582372
state,Taraba,cases,43,2093.279677049109,529.9515171568376,734.7896329007255,1340.8912301666762,2944.661585207221,5634.299866425838
state,Taraba,hospitalizations,43,27.894539413462063,6.054634884088637,9.479303227989263,18.179376226383187,37.771774417926,75.56512403903206
state,Taraba,deaths,43,3.932126625373916,0.9196136915416944,1.297574546458934,2.6214977688341894,4.773764023026237,11.577891848680798
state,Taraba,cases,44,1442.8316257353908,383.67442517421625,525.5646162435125,938.3298048648647,2024.6658425177302,3805.1400007309794
state,Taraba,hospitalizations,44,20.803159976371,5.301910083636294,7.50295397266734,13.36366012163587,28.898035494089683,55.620315796704524
state,Taraba,deaths,44,2.9736987225919504,0.7260055091717754,0.8063975010174124,1.894362680378245,3.685982774069406,8.872819995501851
state,Taraba,cases,45,1141.8225477956437,294.396062340757,405.1072356377912,740.0917231444653,1587.6361752879197,3047.643082571004
state,Taraba,hospitalizations,45,14.995377314297581,3.8139160895892648,5.186690238877743,9.513699238297562,21.03537041974264,42.261919065248875
state,Taraba,deaths,45,2.657686762783897,0.6967691726100688,0.6974564859452573,1.6858044881040881,3.2798220320129374,8.358763824777686
state,Taraba,cases,46,843.3527027022919,222.16228625491715,306.19354582444794,548.6225592295209,1200.0125923803212,2178.988522819274
state,Taraba,hospitalizations,46,11.75743082130094,3.103257996815059,3.9494055423713954,7.35988293637078,16.163083835220295,32.92988624760389
state,Taraba,deaths,46,1.784666729138944,0.48130226077361926,0.48130226077361926,0.9960641858523138,2.166474489631178,5.40962846213656
state,Taraba,cases,47,728.160963874643,189.1630036879536,259.86633273868335,473.2034202006159,1021.6690141497604,1911.3205916580139
state,Taraba,hospitalizations,47,9.342411964771705,2.412812450006428,2.938870705898357,5.658199350615037,13.150940663260632,26.29241005312377
state,Taraba,deaths,47,1.7344012966384246,0.47338370953462405,0.47338370953462405,0.9620674809885491,2.0890911209795178,5.461769979268091
state,Taraba,cases,48,469.65360586213626,125.24859790152607,170.74217641799788,298.32615605097664,654.5146291164567,1247.296022818719
state,Taraba,hospitalizations,48,10.569752517648794,2.602838551651153,3.3236753174182314,6.5898732938987195,14.870241036125801,29.717730946744023
state,Taraba,deaths,48,0.5886200069222176,0.0,0.0,0.0,0.693607266058928,2.685087968826344
state,Taraba,cases,49,439.89479016939015,112.80292169180198,161.23817638072853,289.5281248182193,628.9869379219308,1146.7317886351095
state,Taraba,hospitalizations,49,9.224046403152265,2.4418463955701584,2.8972172917059265,5.618992159258729,12.982701501498296,25.78625872125863
state,Taraba,deaths,49,1.5118922361631904,0.45440491625265084,0.45440491625265084,0.7725215377589492,1.812251933968834,5.045137528216494
state,Taraba,cases,50,588.4888840422653,181.36110599535982,236.4814075052293,365.7411135288425,795.3874142366717,1552.6108574600935
state,Taraba,hospitalizations,50,4.6194012731670435,1.167342344641438,1.167342344641438,2.7031532634299644,6.504700817819057,13.69105284040118
state,Taraba,deaths,50,1.2414266135062602,0.3933475781793536,0.3933475781793536,0.5243837603381903,1.4251964144113844,4.055078849943699
state,Taraba,cases,51,516.9589417120626,137.77661438563703,187.96017368216974,337.8934855115954,722.8534716846531,1381.082671920501
state,Taraba,hospitalizations,51,10.293852844199318,2.859428171288531,3.496857587096084,6.456220907315672,13.815253076631528,28.777219725497133
state,Taraba,deaths,51,1.1934576315070344,0.3657926442273365,0.3657926442273365,0.4901920071495937,1.4094184293418506,3.9871099677794106
state,Taraba,cases,52,362.05202017870675,96.33256434243319,131.8133340671976,231.10915761128035,511.5378723469762,966.5239166238837
state,Taraba,hospitalizations,52,6.777112170887801,1.543808693536767,1.734341351253148,4.0959976995905985,9.55355406282316,19.21908909395807
state,Taraba,deaths,52,0.5626320319038611,0.0,0.0,0.0,0.6437599267214618,2.695840266874976
state,Kwara,cases,1,1967.2058005824715,568.1198339759078,750.4124664343983,1263.8452937941158,2728.600940188429,5193.66493693763
state,Kwara,hospitalizations,1,25.456867494257818,6.710026077482843,9.409126753239548,16.15813813800756,34.14393338586754,70.51396323593471
state,Kwara,deaths,1,3.196621679402714,0.7450014318566467,1.0075212811334129,2.166780540388047,4.030151674489542,9.45066036533809
state,Kwara,cases,2,784.4468304467946,222.155793911388,293.58911951442724,504.37660337702516,1075.8548397542522,2115.7854983339253
state,Kwara,hospitalizations,2,8.551518842437249,2.223229720060379,2.596577860660074,5.1565689937636465,11.797795640134167,24.710694971561686
state,Kwara,deaths,2,0.594116073261052,0.0,0.0,0.0,0.6848418371903804,2.8900944169107956
state,Kwara,cases,3,1413.9907140027701,397.0852920992748,525.4883562419789,901.3291330786334,1959.197807968144,3630.805699915051
state,Kwara,hospitalizations,3,11.076558980586245,2.6785226331138974,3.4060954191084756,6.966720425556698,15.48572465217749,31.345203105319573
state,Kwara,deaths,3,0.7014126134773769,0.0,0.0,0.0,0.8389065342027655,3.4012596701710374
state,Kwara,cases,4,766.560921940239,222.47578747318235,292.8823896121905,486.8544268252787,1073.7628403220515,2021.5647981237687
state,Kwara,hospitalizations,4,10.061707604066159,2.4964630915614086,3.118791268162978,6.216729314592281,13.650889065080424,28.047641499317375
state,Kwara,deaths,4,1.0274859486809225,0.3366685904330617,0.3366685904330617,0.3673305888236069,1.2359886072002804,3.2699006708507574
state,Kwara,cases,5,936.3201854246948,220.60141466581945,316.51693645659674,612.1506700933801,1322.4152282144864,2523.645990415571
state,Kwara,hospitalizations,5,10.34127688833049,2.7317656991084855,3.25949979369145,6.359553468952696,14.467289228490149,28.991323184839608
state,Kwara,deaths,5,0.6050517419594732,0.0,0.0,0.0,0.6917537629865673,2.8186862346443187
state,Kwara,cases,6,856.0765193870744,217.95146961244933,300.28516244923173,555.6651545346024,1197.9839969517234,2274.9930071781537
state,Kwara,hospitalizations,6,11.993680844025159,3.173130616941049,4.13888291679226,7.5189295347557215,15.95648492469179,33.03171417428824
state,Kwara,deaths,6,2.9229458391308336,0.7748824945219419,0.8592608477016096,1.9066479388369542,3.6521586386487037,8.683512725328967
state,Kwara,cases,7,809.6644038536906,211.56925839454715,290.55479873643804,528.5105215972299,1149.4402841719707,2131.660743582115
state,Kwara,hospitalizations,7,9.964241482631486,2.4299216999996,3.120532821330011,6.2888210004871175,13.670964996518784,28.152059780758997
state,Kwara,deaths,7,1.9395441815569598,0.5885131278506188,0.5885131278506188,1.0951233365761863,2.3417428842242014,6.224533152641556
state,Kwara,cases,8,1420.4666375547051,406.1523066551436,534.9831118508208,898.4731711141794,1961.5797891128423,3895.3646332321396
state,Kwara,hospitalizations,8,10.853250874001139,2.5721399057969405,3.359694053180317,6.921576626649627,15.197653732535773,29.677903765616485
state,Kwara,deaths,8,1.9247055522530863,0.5846563274417607,0.5846563274417607,1.1067555041648673,2.2888777268257057,5.64532623382178
state,Kwara,cases,9,1654.369575645567,466.5824799255007,624.6129440322013,1063.3936749633372,2267.8773999336263,4424.208058693531
state,Kwara,hospitalizations,9,16.88188773552654,4.0892624359893395,5.821737503225522,10.754883448509457,22.679872325800222,47.58179363236467
state,Kwara,deaths,9,2.4926919870196986,0.6888156063967421,0.6888156063967421,1.5615743415186685,3.0946263261953693,7.1363293757200275
state,Kwara,cases,10,2491.1165807332018,615.2837439432326,864.0807252425257,1614.495427167603,3461.379486389583,6721.130494296668
state,Kwara,hospitalizations,10,32.900361117897994,8.29551561042604,11.861855683085482,20.98413227523414,44.710150724094625,89.29038740972942
state,Kwara,deaths,10,3.0418444534270868,0.8272553451374067,0.9602341929254754,2.013909122532613,3.7891889673562615,8.410776622171534
state,Kwara,cases,11,4111.453789298386,1040.662727418048,1465.4545868865678,2736.9989155040817,5789.984661908509,11010.834844702176
state,Kwara,hospitalizations,11,48.3182229134393,14.138917412778119,19.1057113248297,31.645974160540714,66.3802317226179,127.11018753343356
state,Kwara,deaths,11,6.010596064998371,1.2625167513753874,2.3026587890075403,4.3864205085864745,7.638627879287063,16.17155098969725
state,Kwara,cases,12,13756.548979217447,3799.474987327146,5113.181265736526,8822.894679575526,19052.24157026037,35675.38897403171
state,Kwara,hospitalizations,12,107.67892114823927,30.982217651128934,42.22904166283466,70.05487551409993,144.10545896795898,291.10787203776835
state,Kwara,deaths,12,15.766860111467263,3.9003925522982517,7.12011807343592,11.622296416797797,19.316663662375237,38.72185189295059
state,Kwara,cases,13,33785.79149010312,7752.568249003477,11337.278895855718,21778.592466299688,47555.658441837135,93116.49204611384
state,Kwara,hospitalizations,13,299.51955703837325,83.81965046456928,114.05107337182585,194.86295704436657,414.9522718937222,799.4056808299877
state,Kwara,deaths,13,36.48357151761801,10.00610103248058,16.62063763364518,27.06522353656054,42.80413535247615,96.53873475796344
state,Kwara,cases,14,81959.49676348943,23739.82878354281,31646.196483920336,51015.824926235895,115243.61277481607,216681.74030588692
state,Kwara,hospitalizations,14,749.9631146346628,186.5078755853973,273.6345262466519,493.69580526627976,1035.4574043384262,2062.238560921564
state,Kwara,deaths,14,61.795682367491246,16.959125038037875,29.063538258224852,46.06059966209945,75.41695780144289,163.40505750470808
state,Kwara,cases,15,93987.52641277961,24880.790156870473,34437.316987305814,61211.22784944843,129276.9429398058,249894.45842926388
state,Kwara,hospitalizations,15,1129.895142356879,310.2247476023671,430.87441009834674,746.2000940627511,1527.441467333429,3049.562123266539
state,Kwara,deaths,15,127.04946895267182,34.68654962618892,59.264473133401296,94.83088813430606,152.6537039128424,330.7762959527673
state,Kwara,cases,16,167183.21520447326,41628.92329301638,58254.65238025467,106734.54046873788,232021.59843359434,451397.1602032125
state,Kwara,hospitalizations,16,1306.9979000259075,358.2296708067942,500.72984922732434,865.1798653429884,1820.171035885335,3415.2280384746487
state,Kwara,deaths,16,191.8573966655861,54.71126428775076,88.80001745695594,142.8491028467124,228.43858964141864,477.1642258255224
state,Kwara,cases,17,176059.24374646173,43755.42549709137,60484.579454040315,111503.7150001094,247025.0636300826,464996.13749183953
state,Kwara,hospitalizations,17,1199.7152259911682,351.4746557168585,472.6930354932814,790.8870291708215,1655.9892666512505,3159.9855519862645
state,Kwara,deaths,17,160.09584331226705,45.63684141492492,74.0675152346443,120.98863480922887,192.396529353339,411.7903044560278
state,Kwara,cases,18,126262.48537048878,34505.04231536763,47270.54481253806,80937.73555215796,177209.58595606155,328509.8410793845
state,Kwara,hospitalizations,18,1053.8558503657455,299.7625291602202,416.76852853558006,692.37219068655,1451.5918884483262,2663.0003231023834
state,Kwara,deaths,18,140.46684725085422,39.400695769133414,64.50477594284034,105.74747062971123,166.51738189623507,369.08676332209507
state,Kwara,cases,19,32041.71170143033,9544.96007908316,12366.859253273922,20551.118445628686,42853.98097739018,86827.66384041139
state,Kwara,hospitalizations,19,264.69369118043574,69.61519266977588,98.60151067596216,174.84094107772287,364.92252470549147,716.7391357559906
state,Kwara,deaths,19,35.172340144419934,8.476609052556762,15.434725680697689,25.74118269593635,42.42184555371347,94.3365063906864
state,Kwara,cases,20,8940.857817610631,2332.489320883068,3198.433368655281,5797.2560577962895,12370.099372652778,23866.75781768596
state,Kwara,hospitalizations,20,66.42854388816527,18.920108812536576,26.130120797351953,43.36042674354485,88.38444799325104,179.12382812329713
state,Kwara,deaths,20,7.896874416587186,1.4966943813948967,3.1485689158510954,5.6696345206395184,9.680395739408533,21.840952420475553
state,Kwara,cases,21,3499.9983402989533,961.7569883026862,1302.0550817810272,2262.2788521535235,4822.522341358234,9702.40156391727
state,Kwara,hospitalizations,21,29.56761101457854,7.374889166269354,10.683683730814856,19.26345520496814,40.601875209890665,80.95106792768051
state,Kwara,deaths,21,4.309171615340084,0.9430274742192499,1.5249837133521538,2.9957622339128687,5.310410758486913,12.633221696075015
state,Kwara,cases,22,3575.2712020003964,1019.6041332653175,1349.464205820301,2292.6263859304004,4990.813248093,9309.316634639388
state,Kwara,hospitalizations,22,52.83020955218794,13.085058145851624,19.062678106403787,34.15333081934004,73.44795485841334,142.79255186189488
state,Kwara,deaths,22,7.123509397598715,1.6069188239068457,2.946093504728056,5.169679564153382,8.761360279354257,18.80200506265097
state,Kwara,cases,23,5973.895405541807,1621.0046464235961,2192.3934378905487,3895.8758493332093,8095.231740793,16282.583371578796
state,Kwara,hospitalizations,23,72.17561282191151,18.938761027840364,26.77652257596475,46.834639562480966,97.89477046791866,195.7936310226971
state,Kwara,deaths,23,5.431809294533092,1.234082954148032,2.065844319581494,3.783641300993899,6.487479936745398,15.423863424020329
state,Kwara,cases,24,7683.028352473995,2197.7418242865815,2942.3451229689704,4928.022768200222,10642.770627867227,20041.205666216003
state,Kwara,hospitalizations,24,144.0361551902279,39.56982851747833,55.674081490786335,93.19939129204685,193.9271867859718,386.25449453781795
state,Kwara,deaths,24,6.590152780132176,1.3816300648290878,2.6277330668294394,4.740574282322776,8.154792992095675,17.965276415727512
state,Kwara,cases,25,19068.877074353946,5439.280258977525,7236.564020846588,12135.721596075327,26594.388160640272,50494.06025319063
state,Kwara,hospitalizations,25,184.82332961377904,46.00825002010254,66.59835647259058,122.12268987402983,259.8160360261835,492.7734304648486
state,Kwara,deaths,25,21.22967799125035,5.923636445602323,9.90502624357341,15.829917934384634,24.934247052277556,54.329221461072024
state,Kwara,cases,26,23959.453990726808,6347.99430925133,8689.139527455813,15466.462458415786,32845.23106191793,64443.50743828994
state,Kwara,hospitalizations,26,334.1273667320349,91.56697743483612,126.48229601405488,222.6782990155844,457.1527083069005,913.03162239892
state,Kwara,deaths,26,33.240868937941734,9.017669272384905,15.523405957772264,25.27658566126244,40.91976188910012,82.05036858761481
state,Kwara,cases,27,33812.78649921956,9426.993924658103,12601.654092279974,21768.377382088947,46437.96646026318,87999.38054765905
state,Kwara,hospitalizations,27,319.21575966930357,84.89972835095716,121.20610673671325,208.02830615478442,440.588762334427,855.7758290926694
state,Kwara,deaths,27,46.189834544525745,13.54191895759204,21.79663639619502,34.31322547875796,56.22324546358411,117.5947161459633
state,Kwara,cases,28,32860.82659207223,9708.389753178997,12910.927627256326,21427.800665634368,45903.87323653248,85138.93058875935
state,Kwara,hospitalizations,28,359.6937710140317,100.44047172689513,139.52356872304392,230.3989212341761,476.38975614715093,937.249959285331
state,Kwara,deaths,28,53.476474806622754,15.635251562797631,24.831228606795154,40.64384085655189,65.2617705624935,139.98925759852835
state,Kwara,cases,29,28896.451236378154,8071.667037327172,10807.037067166088,18358.110639255032,40270.727906943066,79323.55704036582
state,Kwara,hospitalizations,29,270.25359541903794,72.11799299908019,100.8327558536302,179.6166244117983,371.5869238451992,721.6308229491309
state,Kwara,deaths,29,37.79683482281812,10.865700886457399,17.49353283572559,27.898516948927732,45.64990714099329,97.49751035357784
state,Kwara,cases,30,31924.893990812987,9784.320784459922,12750.71271036231,20183.399702371258,43152.96163356426,82994.92428902636
state,Kwara,hospitalizations,30,374.9598135535073,104.37264988291527,147.14678669801117,250.39664506441017,514.0994694105641,985.0909328363324
state,Kwara,deaths,30,39.45251830931816,11.134502166968623,18.141310686384298,29.174654811803368,47.6967687802196,100.39807969345945
state,Kwara,cases,31,21263.018264252572,5265.528549320299,7298.571069722282,13870.755477858504,29246.367180040208,58075.633101895175
state,Kwara,hospitalizations,31,241.5861217881129,59.01069273675433,86.11283228696972,157.33141929998845,329.1547850349302,652.6448880547645
state,Kwara,deaths,31,28.126857090772184,7.2696840204658715,12.808673274648017,21.33413931560113,34.826738687430705,72.11028892808143
state,Kwara,cases,32,13336.997106969107,4098.84766799191,5293.654216781613,8388.561993071922,18311.32793750524,34730.400086489346
state,Kwara,hospitalizations,32,113.25837782439999,29.76121051728392,42.14105707617612,74.37737724704864,153.1424013089523,304.64479553154905
state,Kwara,deaths,32,20.040365112201574,4.9061978093560965,8.803691218654446,14.682820925780083,23.477408728161855,53.12599085370336
state,Kwara,cases,33,10196.3670668851,2806.273651560488,3749.6207359447544,6435.237545828823,14214.033100248424,27202.75967967795
state,Kwara,hospitalizations,33,84.07044956802432,24.513241418266958,33.3016323198542,55.35054888946368,113.22377824141816,225.95171967176253
state,Kwara,deaths,33,14.597403554955322,3.4046026401724796,6.296679016327671,10.719424022931642,18.25506881960845,38.39720811605909
state,Kwara,cases,34,7898.066968328577,2031.2542773339003,2774.6939309056406,5037.591051331297,10936.619967902066,21705.633442599137
state,Kwara,hospitalizations,34,65.3801917022702,17.310763523256384,24.31972583803325,42.55786153529469,89.18696269400502,174.6812900917386
state,Kwara,deaths,34,11.742990964230403,2.785246668000957,5.288841543759573,8.75684331394262,14.427519811672692,30.42173320630702
state,Kwara,cases,35,6207.967694582589,1527.7371833830591,2124.88713487647,4078.673799407222,8884.928917018373,16345.851287180274
state,Kwara,hospitalizations,35,53.06649303557617,12.73454367061511,18.5800229970993,34.53663670754246,70.90196428041999,145.44452366030123
state,Kwara,deaths,35,10.644603676665543,2.4624396845462484,4.587154121005623,7.759886774167318,12.55855483756433,29.60400842101042
state,Kwara,cases,36,5468.507272676246,1388.4549114465092,1930.695402329192,3460.2259007686575,7676.5839598015355,14880.930212039953
state,Kwara,hospitalizations,36,45.812672897799594,11.419310137150775,16.555732012203535,29.610370575748256,62.62147100656533,123.39429854732306
state,Kwara,deaths,36,8.05927514035446,1.8240068250765207,3.344951932364564,5.8282003936573625,9.925014526550587,22.249210753085034
state,Kwara,cases,37,4785.936134450171,1336.0938475453602,1795.060388776672,3065.341475017953,6669.2809340009935,13010.334585598228
state,Kwara,hospitalizations,37,40.36320191782192,10.459068342770966,14.99589880665331,26.44717320591221,55.16892574384316,110.05808765422617
state,Kwara,deaths,37,7.1540197191227755,1.5163214322427385,2.866705133194203,5.159291348403177,8.85686503411963,19.437511104817478
state,Kwara,cases,38,4016.2496558480225,1054.1917814764142,1442.1530453863315,2614.653899840667,5609.236274097585,10696.149768656616
state,Kwara,hospitalizations,38,35.91362297758465,9.894824504636956,13.725358517140657,22.98480179840921,49.03508892509162,96.14863157230398
state,Kwara,deaths,38,6.141329321500278,1.4312292572211396,2.4882481304129525,4.314961935539801,7.332118250998633,16.806225678784287
state,Kwara,cases,39,3945.790252338063,1047.4326755644881,1407.8471296715734,2557.615928320022,5549.506914823885,10302.536872439507
state,Kwara,hospitalizations,39,36.383487752045646,9.845796620385732,14.087689256727154,24.059951803543168,50.13085766624465,97.32629715949719
state,Kwara,deaths,39,6.362376341430518,1.3748759844877205,2.509590753102675,4.58237931668413,8.013244005970293,17.1172888937871
state,Kwara,cases,40,4079.2214454484156,1082.6533262114779,1494.105483912933,2677.09207159422,5666.09085162416,10831.174933447572
state,Kwara,hospitalizations,40,31.78542115501002,7.882357925228886,11.64414307736366,21.174417245443,43.88069234545604,86.35471764884738
state,Kwara,deaths,40,6.357357240105776,1.3648381526284772,2.42944319853617,4.503976533798521,8.072720851317323,17.245081362869804
state,Kwara,cases,41,3970.1600876373072,995.3378572291203,1380.7340072117513,2499.068357122613,5602.675144775179,10666.141147583052
state,Kwara,hospitalizations,41,30.265429874043132,7.632898613392893,10.909490624251266,19.56515264383392,41.10259614649759,81.44432108928312
state,Kwara,deaths,41,5.844682989071937,1.1452929778512173,2.1385671704904308,4.188948676306835,7.2676191278175395,16.658388207296404
state,Kwara,cases,42,3298.7141547746783,986.7105917590712,1297.5448328946477,2080.3213616741664,4490.875400082093,8748.510942458252
state,Kwara,hospitalizations,42,24.806363575970348,6.6155280303887505,9.250541834974555,16.148189254193724,34.47962917342707,66.12795889607405
state,Kwara,deaths,42,4.886038785462473,1.0102567287744897,1.7647563897268723,3.4643472888096434,6.026091279592458,14.04695250778144
state,Kwara,cases,43,2365.7978127132824,599.041581473139,830.5342563130407,1515.5048218071167,3327.965788698006,6367.593241869755
state,Kwara,hospitalizations,43,22.38260089781744,4.7293354019431355,7.47727817586812,14.515240276321228,30.364596477645,60.93769193691545
state,Kwara,deaths,43,3.4636949404172683,0.8288824790992517,1.0708905309919206,2.2641924280741232,4.204111118786091,10.336927965805648
state,Kwara,cases,44,1763.6907463418916,469.1596684541206,642.5817647107649,1147.074737290699,2474.8245378169995,4650.96905155105
state,Kwara,hospitalizations,44,13.01267036701166,3.39966331788553,4.452220097765281,8.210191733883523,18.17106343613898,35.30578558003997
state,Kwara,deaths,44,2.8415501400301855,0.700319956226912,0.7424884561607377,1.7919622096802978,3.520196072561608,8.523526722233358
state,Kwara,cases,45,1174.4350903602378,302.825732087021,416.6962522647148,761.2401380159918,1632.970829374125,3134.641718086534
state,Kwara,hospitalizations,45,16.003628539151535,4.055717806159256,5.578925485932839,10.180266216595912,22.432409648606015,45.00471834199329
state,Kwara,deaths,45,2.1356123999590144,0.5892714310830306,0.5892714310830306,1.271437825507856,2.6195298998917047,6.914891141834585
state,Kwara,cases,46,900.1661559998157,237.1780730076987,326.8634934815607,585.6046823400593,1280.8244055107352,2325.672101534601
state,Kwara,hospitalizations,46,7.700064973657836,2.1023958346616536,2.353124234920984,4.6636551268774165,10.627649393685367,21.986825971516954
state,Kwara,deaths,46,1.6693963426986438,0.4586451061347968,0.4586451061347968,0.9021000834290703,2.0174136851875346,5.107897190376895
state,Kwara,cases,47,793.9790378736037,206.32816099710166,283.41356091282336,516.0076257843507,1113.980737053958,2083.9371529487557
state,Kwara,hospitalizations,47,8.194434450468776,2.1402925523314407,2.4939871254428745,4.906175791666456,11.552634544794467,23.209814555508004
state,Kwara,deaths,47,1.02921192219763,0.3292932690620255,0.3292932690620255,0.3648454771926547,1.148821121575629,3.494910402582019
state,Kwara,cases,48,669.0592091266312,178.73735802636554,243.50556730258756,425.14407899210244,932.2417907478438,1776.1716510567594
state,Kwara,hospitalizations,48,4.334883357227053,1.1715120896588338,1.1715120896588338,2.4161274878691623,6.143039750900744,12.825749256775632
state,Kwara,deaths,48,1.0155016903700171,0.3406429303774269,0.3406429303774269,0.3730793549409856,1.1687519365686865,3.3183906877397837
state,Kwara,cases,49,549.9752874564493,141.2166895381874,201.74502638926418,362.0657940512334,786.2790560350844,1433.2919586851526
state,Kwara,hospitalizations,49,8.538227232815693,2.2750586721422814,2.6310220056442843,5.166888932932749,12.027627932973559,23.956651781455328
state,Kwara,deaths,49,0.512955763083501,0.0,0.0,0.0,0.5404332231115162,2.6525483597082067
state,Kwara,cases,50,457.152957790903,140.73173126671568,183.57143504179555,284.0325603336085,617.9552665997683,1206.4721489580602
state,Kwara,hospitalizations,50,4.98790539951535,1.2477380057777872,1.2477380057777872,2.958191947042635,7.021554666776611,14.702835640292577
state,Kwara,deaths,50,0.5733650061663943,0.0,0.0,0.0,0.6176480266985065,2.7114180239671866
state,Kwara,cases,51,496.9330321447911,132.41107726303656,180.65438350222396,324.79080545869374,694.867036860306,1327.6470414612843
state,Kwara,hospitalizations,51,6.235573063448291,1.8129752656016616,1.851161522502787,3.72749909074784,8.393377197322014,17.879775817689094
state,Kwara,deaths,51,0.5166969326758447,0.0,0.0,0.0,0.5577625003150222,2.5226189066126987
state,Kwara,cases,52,358.53977862643666,95.39094865687876,130.5284699577052,228.86368483406386,506.57947324074604,957.1638868928583
state,Kwara,hospitalizations,52,6.7466893881792664,1.5375999210658176,1.7233445850223879,4.075503003348958,9.511110581185667,19.137773498133402
state,Kwara,deaths,52,1.4476688486022342,0.44995674409006525,0.44995674409006525,0.7354138963426524,1.7514881448318058,4.624734573906246
state,Osun,cases,1,524.6841610238594,151.0050811541784,199.69325671306194,336.82500635673534,728.0436700004873,1386.4326954864055
state,Osun,hospitalizations,1,20.68791245837788,5.448725871785196,7.529047583292078,13.059063751358392,27.796294561292026,57.59723008169335
state,Osun,deaths,1,1.4469866653025736,0.41212584842403654,0.41212584842403654,0.7518249780106236,1.7826195197830021,4.781179854812903
state,Osun,cases,2,990.7058571722265,280.7567011607323,370.94848073354893,637.088942776313,1358.637865367758,2671.6552271919613
state,Osun,hospitalizations,2,7.023328262867533,1.859851394020831,2.0087310760092896,4.150301528501413,9.706045284897872,20.508381006531664
state,Osun,deaths,2,0.5628145108415128,0.0,0.0,0.0,0.6344665303536593,2.773783974262668
state,Osun,cases,3,701.8857817129388,196.74581483583842,260.52905187134627,447.22507440504114,972.7132229427343,1803.0716190942442
state,Osun,hospitalizations,3,12.240143902417364,2.9396591789356155,3.8356577920682553,7.743417933256549,17.092963335851707,34.49862600658722
state,Osun,deaths,3,0.581810010140348,0.0,0.0,0.0,0.651823850771223,2.9534938624696703
state,Osun,cases,4,501.3028305968088,145.24574728723627,191.32083336344044,318.25890507047,702.3401538335022,1322.5952927292612
state,Osun,hospitalizations,4,8.871547696620079,2.2236233655187663,2.6686464672920973,5.428009282730825,12.049685917992221,24.873009927295325
state,Osun,deaths,4,0.5790546996334602,0.0,0.0,0.0,0.7193827043798475,2.56060650742407
state,Osun,cases,5,437.09438672009406,102.574357368971,147.40434433530237,285.5806913780106,617.5514745081086,1178.99511165474
state,Osun,hospitalizations,5,13.023061857390443,3.3857531208073883,4.279228275058787,8.121437879312753,18.170173632709975,36.171275744238365
state,Osun,deaths,5,0.5131541989939526,0.0,0.0,0.0,0.5453529255576888,2.488225103206896
state,Osun,cases,6,531.0611732517585,134.922024664153,186.03363514231194,344.56997949478364,743.3125761798082,1411.9047784181653
state,Osun,hospitalizations,6,8.86127314232158,2.3992431090887987,2.8855726142196287,5.441267458059837,11.821006923803758,24.7317978929758
state,Osun,deaths,6,0.563474982478726,0.0,0.0,0.0,0.6446708695022703,2.778880864590951
state,Osun,cases,7,615.858550214481,160.75024329437946,220.85267985331805,401.92023570179083,874.404078961801,1621.804711951843
state,Osun,hospitalizations,7,8.824516420694662,2.1735854522095717,2.6858513571842466,5.519911851653915,12.123301909816407,25.076763313571778
state,Osun,deaths,7,0.64071884215276,0.0,0.0,0.0,0.7338151096409741,3.178958098294436
state,Osun,cases,8,739.7282074550212,211.1676234263606,278.30153207844353,467.7166987186138,1021.703010235836,2029.4009352833725
state,Osun,hospitalizations,8,13.881029858465126,3.236199383027113,4.485253416150275,8.966721224607198,19.379465711635874,37.59813885516183
state,Osun,deaths,8,1.2834729414205353,0.43682975294343496,0.43682975294343496,0.5740759882364124,1.4573062454601609,3.96509843594921
state,Osun,cases,9,1454.7286693030385,410.1910906819179,549.1627623907407,935.0256530416675,1994.2462137822308,3890.5190501545735
state,Osun,hospitalizations,9,25.72885692217136,6.295865253006868,9.207304405383114,16.588726266878897,34.43197975526962,71.69250039752745
state,Osun,deaths,9,2.8604260595349262,0.767042450053689,0.8120627740088529,1.8524851072863795,3.5596414775338707,8.060349331286007
state,Osun,cases,10,2517.1031696191208,621.7100533762426,873.1013695148715,1631.3410337646003,3497.4835085591126,6791.225626660583
state,Osun,hospitalizations,10,45.51181803297544,11.75567169139921,16.64954364140712,29.167489946297586,61.725264529376815,122.90001662693857
state,Osun,deaths,10,4.62128670317327,1.1655106661789807,1.761751705193158,3.2462623540044073,5.747433977441728,12.258736367967359
state,Osun,cases,11,5212.670059413861,1319.5949664600153,1858.1358747997076,3470.169209394734,7340.671151390203,13959.539514981123
state,Osun,hospitalizations,11,115.56557377402271,34.782937379361655,46.52264575382739,76.16330152438016,158.2625513831154,301.8062504851132
state,Osun,deaths,11,10.15522676007348,2.218662054487312,4.271977604568335,7.598250713810159,12.78969358426723,26.410652458164204
state,Osun,cases,12,14804.05062087272,4088.8436673375763,5502.575719623208,9494.747214980736,20502.95796268258,38391.79406007461
state,Osun,hospitalizations,12,340.14913849455047,99.3939483715109,134.698350383008,222.04518034742605,454.49405344439714,915.9427506299419
state,Osun,deaths,12,27.137409422905804,7.224763959326708,12.628715202530252,20.185120894881877,33.09926067773853,65.66871120225503
state,Osun,cases,13,42516.75175957964,9756.194321297246,14267.24229865346,27406.731396400635,59844.9370946021,117179.30143380203
state,Osun,hospitalizations,13,1134.3702142479804,319.45070766592386,433.66576056130145,738.9750275630485,1570.4778256398367,3022.952178969854
state,Osun,deaths,13,92.91783885175406,26.576593726368642,43.14980053232146,69.3194768995334,108.75447532102494,243.3904569898502
state,Osun,cases,14,61082.29801862921,17692.50085784734,23584.93725779558,38020.681712423335,85888.19424780097,161487.7284028
state,Osun,hospitalizations,14,1964.0349229929934,489.64929645816653,717.6324129872205,1293.4637554925669,2711.083930660832,5397.84815600974
state,Osun,deaths,14,169.78228965873643,47.842537872499655,80.76230762070118,126.98836894504777,206.82739401907776,446.1242463425433
state,Osun,cases,15,81229.34797573207,21503.289404700292,29762.595401970742,52902.165507065656,111728.51307341066,215973.1813230953
state,Osun,hospitalizations,15,2568.6206784292253,706.1650740414859,980.3053156814502,1696.7885399935715,3471.9256967568376,6930.489241736402
state,Osun,deaths,15,184.3981171507265,50.66924285134522,86.25471445838446,137.75001880366273,221.46954736848826,479.3666980268395
state,Osun,cases,16,132788.29157020367,33064.37052819598,46269.6769300735,84775.76428287159,184287.4296019979,358530.7060953855
state,Osun,hospitalizations,16,2178.148161240904,597.4831295113664,834.8910043829151,1442.0713236073852,3033.1038881454733,5690.497706742648
state,Osun,deaths,16,118.47543008463396,33.51320704530419,54.63123786162742,88.11472272801083,141.13753088741055,295.22341439489384
state,Osun,cases,17,132606.99019505744,32956.19419566952,45556.53733213227,83983.98058840916,186058.2097722797,350233.2978579845
state,Osun,hospitalizations,17,933.300625630481,273.26760669525464,367.59006185487465,615.1831971208829,1288.336617862329,2458.626325127821
state,Osun,deaths,17,72.39012353194482,20.246256155390412,33.1983635519861,54.57412776187305,87.10528495374373,187.05408515782676
state,Osun,cases,18,67859.31339779461,18544.27331292649,25405.09295208392,43499.52546446187,95240.83389282449,176557.1598259173
state,Osun,hospitalizations,18,450.3246996668914,127.68256653003908,177.74409627270387,295.6623312659059,620.4978070844404,1138.80421620623
state,Osun,deaths,18,45.39347239991274,12.24924249410134,20.48202263515334,34.00739522128638,53.936638403537295,120.36843630445007
state,Osun,cases,19,21842.564807908617,6506.495357574664,8430.188273054982,14009.41008607473,29213.305051451884,59190.23086257007
state,Osun,hospitalizations,19,89.59802230092576,23.07884346766757,32.96279318991662,58.95942707708664,123.77472425630674,243.73951917551815
state,Osun,deaths,19,8.972021977884534,1.608765160749226,3.5242279748479604,6.361437555089111,10.95336826366172,25.244678348577338
state,Osun,cases,20,5514.273138890233,1438.2793124049624,1972.3873293154963,3575.322341537364,7629.404493142072,14720.460155423922
state,Osun,hospitalizations,20,39.288533472228934,10.901039832913373,15.208578543398172,25.502626599494832,52.40171010216473,106.61290882121611
state,Osun,deaths,20,2.2699598533707417,0.5322527072104374,0.5322527072104374,1.3718476355915017,2.7981498541345404,7.122672812957722
state,Osun,cases,21,2380.718153597092,653.9605494377832,885.464271545414,1538.7014807970852,3280.427069660671,6600.193548252512
state,Osun,hospitalizations,21,37.85918625547295,9.64883605161887,13.856033322747447,24.76538125257964,51.897601359824954,103.20239232917439
state,Osun,deaths,21,2.740072074827652,0.6543464706329483,0.7520318616438575,1.7725734262556845,3.3786582267698337,8.459799151206026
state,Osun,cases,22,2614.5180450805337,745.4222864155479,986.6665666693914,1676.451418594385,3649.7795104454917,6808.131575282045
state,Osun,hospitalizations,22,47.811697518898775,11.771720329032183,17.191967059919683,30.875516963399303,66.50617914915098,129.38485455730003
state,Osun,deaths,22,4.1442896139197085,1.0094794509835163,1.4789679761156527,2.87584279087817,5.132165775304948,11.43978034336384
state,Osun,cases,23,3246.7993814264687,880.6799842955105,1191.2722269244177,2117.2414274936527,4399.903221710615,8850.336870695279
state,Osun,hospitalizations,23,56.629586665459165,14.702566064724763,20.87511451631294,36.671678138042836,76.8835587908385,153.9827989781408
state,Osun,deaths,23,3.99395974311988,0.952315723237211,1.3658472396214003,2.691434850429791,4.777929957802884,11.673948151072947
state,Osun,cases,24,6093.069931312454,1742.7840965006117,2333.3160889802384,3908.1226716742003,8440.39031816409,15894.126528046034
state,Osun,hospitalizations,24,135.39920396395058,37.15388175093368,52.2991211094388,87.58978624517202,182.31920805309844,363.1933607322994
state,Osun,deaths,24,9.120485044993844,1.9000306188784861,3.846916578360016,6.669826898982694,11.231472687604121,24.338995725203322
state,Osun,cases,25,8363.871958835729,2385.341957480624,3173.7082633100313,5322.690433628341,11664.886245196385,22148.314960172313
state,Osun,hospitalizations,25,228.59716799808007,57.081840959332965,82.52229636445288,151.1263286484938,321.2556788997316,609.0901404740503
state,Osun,deaths,25,11.560941515614402,2.910070687990751,5.158530102176218,8.504567334456908,13.64616751773991,30.24675432109083
state,Osun,cases,26,10461.00402438812,2771.2013965140977,3793.430387000323,6752.655608931537,14340.856865014417,28137.811411087503
state,Osun,hospitalizations,26,269.1581824568525,73.62155843367984,101.76804822723344,179.31509424716367,368.3333199578571,735.8336528983801
state,Osun,deaths,26,12.462261508797395,2.9372135117252376,5.494143041435658,9.327405037489147,15.475594115793452,31.641029012437368
state,Osun,cases,27,15680.715208573469,4371.3915899824415,5843.693919501121,10094.916835038825,21535.855880578492,40810.664379152826
state,Osun,hospitalizations,27,363.05107287561606,96.65880448290667,137.93527387720684,236.64282930861876,501.03919652076496,973.0624887332237
state,Osun,deaths,27,27.835627337194342,7.885864257681345,12.92992335736753,20.578206357787124,33.96636125233819,71.46750256444696
state,Osun,cases,28,18962.825156039868,5602.071671480106,7450.184652340684,12365.081598907724,26489.675660670306,49131.34974808469
state,Osun,hospitalizations,28,422.4809119523085,118.09854543650205,163.98496457625964,270.6792860423896,559.4905477616941,1100.5741893194806
state,Osun,deaths,28,25.94038025521616,7.226628368176067,11.774313465552684,19.594122142190464,31.76842309100065,68.723395633043
state,Osun,cases,29,24611.062005076452,6874.519229838325,9204.24361385155,15635.519834059829,34298.573903233904,67560.00738548744
state,Osun,hospitalizations,29,486.52376116628443,130.4148809742921,182.02388975525224,323.6220420649876,668.6500306061519,1297.7835099277045
state,Osun,deaths,29,39.223201879778,11.301944449416736,18.173449237897007,28.96097353018449,47.36499518321214,101.11878020273696
state,Osun,cases,30,20976.82679497217,6428.726434871682,8377.879559463625,13261.740302234817,28354.55154465805,54533.8589118548
state,Osun,hospitalizations,30,301.1554395152898,83.68702821540154,118.06420801845788,201.04516824321504,412.98069943369273,791.512200697745
state,Osun,deaths,30,26.123884012860604,7.136193835203938,11.834264798123868,19.23213124700711,31.65122412870707,66.98749710137787
state,Osun,cases,31,10847.947005938015,2685.9939833003577,3723.256568883217,7076.398927540242,14921.068475312239,29629.82080610285
state,Osun,hospitalizations,31,222.72126041244334,54.343923709771005,79.3384484391953,145.01867752197276,303.48009183200236,601.813784811197
state,Osun,deaths,31,17.904517719009796,4.366801869170939,7.961456490689094,13.494253991888293,22.25058704518314,46.446605493489045
state,Osun,cases,32,10284.4266697351,3160.5453360821352,4081.9051957026404,6468.503927681259,14120.318564009758,26781.67702878464
state,Osun,hospitalizations,32,219.91865460885572,58.47682236537856,82.41326447256282,144.7422123999913,297.0344423206053,589.9644290662168
state,Osun,deaths,32,13.86411604628081,3.1717009308453457,5.924601766265576,10.077183793390473,16.289029604493948,37.230593304821575
state,Osun,cases,33,7887.037424483672,2170.529128944081,2900.2426968772243,4977.665796902885,10994.849453057366,21042.10583628981
state,Osun,hospitalizations,33,189.750682538805,56.207583777575934,75.91353178043025,125.35316280111294,255.1205867968875,507.8871031217331
state,Osun,deaths,33,12.892240690781929,2.922597851848675,5.498188321013999,9.436943182564882,16.14794676371463,34.08589004497284
state,Osun,cases,34,5559.784606257482,1429.666222569135,1953.0328173630378,3546.066972315899,7698.864932209079,15280.034277244546
state,Osun,hospitalizations,34,152.53814178345695,41.353303494099556,57.56522757467764,99.7505408944421,207.60494415423102,405.355692816413
state,Osun,deaths,34,10.467347432968781,2.4054048659596137,4.657769089505055,7.777763937707351,12.879399585893836,27.268626206638437
state,Osun,cases,35,4395.62676055202,1081.512768777539,1504.3601060392562,2887.854296414981,6291.207463571355,11574.354769954667
state,Osun,hospitalizations,35,125.8980438174026,31.236663155828534,44.95672204904042,82.40885687254811,167.76275312367227,342.72330770283696
state,Osun,deaths,35,8.604583025519517,1.853686581556449,3.6048417291898662,6.219756478348895,10.174740798502938,24.223326939866425
state,Osun,cases,36,3662.863082597149,929.7552401317528,1292.986298687841,2317.5740810159423,5141.989127079623,9967.97014363067
state,Osun,hospitalizations,36,104.76694720130212,27.06118825920009,38.6668329868706,68.16353339469892,142.75146892434793,280.0664836741401
state,Osun,deaths,36,7.486678053374884,1.7078355311893763,3.068221231075075,5.393311190532474,9.229198559287425,20.768464706574218
state,Osun,cases,37,3226.9539892363323,900.6367250245651,1210.1296524591992,2066.712816432198,4496.941761804741,8772.877110790949
state,Osun,hospitalizations,37,90.64182774086403,24.391171102151848,34.443946347406694,59.81784751562013,123.45992654243204,245.08413367960966
state,Osun,deaths,37,5.989323891569702,1.2974803049543753,2.308647921677816,4.270359599949046,7.434285751305229,16.487893778277787
state,Osun,cases,38,2744.127000958614,720.0493991340106,985.1568811484258,1786.367667120899,3832.6703957055206,7308.736057974373
state,Osun,hospitalizations,38,81.97037657440048,23.491231769279594,32.1021548970829,52.91709976925856,111.47734728901607,217.38714803464697
state,Osun,deaths,38,5.841011007729573,1.3702114679789954,2.3395331791415543,4.08836844915282,6.976893933989366,16.047090466738904
state,Osun,cases,39,2683.2395630602095,712.0463711083005,957.1667537381803,1739.1325285538264,3773.9384444697835,7006.507251257591
state,Osun,hospitalizations,39,69.03205752739521,19.320463802836347,27.26798751080242,45.95181565248746,94.79773425420814,183.22214911728926
state,Osun,deaths,39,5.488754929318214,1.2096704914489438,2.0878773205659265,3.9115990152259608,6.930210018406728,14.94031025862732
state,Osun,cases,40,2737.4043182215964,726.2842877836944,1002.4267424164311,1796.3776647906086,3802.417600570012,7268.917824331373
state,Osun,hospitalizations,40,73.10352761738807,19.080388784595964,27.58467435998727,49.12981047471928,100.46199452949585,196.4832254367028
state,Osun,deaths,40,5.509774528696822,1.2053293320014382,2.0286437052391566,3.860726047303596,7.012390730793569,15.112776221171483
state,Osun,cases,41,2706.674777221171,678.3377315632077,941.1142028000995,1703.6333772802386,3819.7802038714226,7272.227065382067
state,Osun,hospitalizations,41,67.44890679097696,17.90508599981247,25.080457393086697,44.03539271592939,91.19999407036775,179.54387641840776
state,Osun,deaths,41,5.16156723478143,1.0291530167167946,1.820296582747523,3.6627564187366732,6.429230189137023,14.867715811889155
state,Osun,cases,42,2274.871211153471,680.2414637441003,894.6293372565867,1434.5241533084948,3097.1259065555,6033.692440494978
state,Osun,hospitalizations,42,56.17641832291133,15.881955531239807,21.72320326819413,37.0137749182186,77.65055706978973,147.80796347466995
state,Osun,deaths,42,4.389336925392556,0.9231386664723265,1.5263415269001634,3.0793706049950202,5.42020622047611,12.7493998078645
state,Osun,cases,43,1596.7175640398355,404.0607824311066,560.3309591870451,1022.7234362552838,2246.233406301465,4298.147661073716
state,Osun,hospitalizations,43,39.50142095074147,8.89104044114849,13.692640189909703,25.89068803816134,53.36045876842492,106.3491046233572
state,Osun,deaths,43,3.1552988386384566,0.7687469846155315,0.9206472465178845,2.027374989291287,3.826552413701007,9.514432875921619
state,Osun,cases,44,1202.0082344524656,319.5127889009556,437.73645515252184,781.6546184313581,1686.795616442971,3170.2962098514363
state,Osun,hospitalizations,44,27.53534018042281,7.080654654954818,10.134619927061284,17.80921580076855,38.151483456524716,73.1443148549375
state,Osun,deaths,44,2.274535176356117,0.5892693068311742,0.5892693068311742,1.3492371185036924,2.8034226823551105,7.0133686614240744
state,Osun,cases,45,745.0548432947546,191.83979251600238,264.1140114701308,482.79783059412546,1036.0898921209794,1989.208315032177
state,Osun,hospitalizations,45,18.80314823481748,4.726569833151163,6.667138647845675,12.029582320966409,26.308339942917712,52.61431053404582
state,Osun,deaths,45,1.7216543699036853,0.5026823114581693,0.5026823114581693,0.9376666782593797,2.0876664988246256,5.751855875321718
state,Osun,cases,46,541.3169934064778,142.3342958886155,196.30650429874862,352.0155737949041,770.3951007185512,1399.1788797173092
state,Osun,hospitalizations,46,12.975303443245618,3.402744528290663,4.427058480113676,8.16667126873803,17.81944384541297,36.20436228410669
state,Osun,deaths,46,1.264554379168553,0.37686262638906753,0.37686262638906753,0.5629305175345442,1.479368974162516,4.018778454388059
state,Osun,cases,47,510.2084306421844,132.32163335369594,181.8911244207128,331.45990701113476,715.9843802551229,1339.7113888152332
state,Osun,hospitalizations,47,10.268141337626222,2.6320996683289963,3.2968529437744927,6.263326373492266,14.4370416259301,28.77286670107106
state,Osun,deaths,47,0.998386562835245,0.32270282522202975,0.32270282522202975,0.3375295909817645,1.1058148221627084,3.4049496977719573
state,Osun,cases,48,365.2324514947853,97.23856214287431,132.63874728931165,231.91641785311344,509.07944403667517,970.343907565861
state,Osun,hospitalizations,48,10.710351644823598,2.6348922741313308,3.3769209897750514,6.68334190034302,15.065681625993655,30.096017038427675
state,Osun,deaths,48,0.51478467527506,0.0,0.0,0.0,0.5733135529257007,2.423343157100152
state,Osun,cases,49,258.3098489267531,65.93256325389235,94.41949223594939,169.8725206905738,369.5233569115221,674.0321467964238
state,Osun,hospitalizations,49,8.38810578343548,2.2385264417532804,2.5727161104680425,5.067862824270183,11.818434073097666,23.555905126530746
state,Osun,deaths,49,0.6433224706724546,0.0,0.0,0.0,0.7492774359264902,3.147742552813883
state,Osun,cases,50,316.42928907461993,97.19821509444789,126.87951799175931,196.48357279210072,427.840471080022,835.5918396975392
state,Osun,hospitalizations,50,4.458498702187088,1.1321468009761546,1.1321468009761546,2.59150264698435,6.278432982559839,13.248115432958684
state,Osun,deaths,50,1.3695309094010455,0.4213212748361832,0.4213212748361832,0.6327933483612644,1.5976690889451552,4.414580853182681
state,Osun,cases,51,281.13149719535784,74.59142402852504,101.92633724022423,183.59479846240683,393.28195416689465,751.8184612236237
state,Osun,hospitalizations,51,3.256021245701799,1.0328406748342007,1.0328406748342007,1.6932266776103309,4.351348265766086,9.7556902547091
state,Osun,deaths,51,1.0558843999663527,0.33653335348555014,0.33653335348555014,0.3709934341701494,1.2166920980301754,3.5881973520904227
state,Osun,cases,52,331.40378407122546,88.1159142561861,120.60145754683099,211.51489599092767,468.2702940038394,884.8471877029768
state,Osun,hospitalizations,52,8.720809370364371,1.939590050584413,2.4353358042324293,5.402442528862195,12.259135373607746,24.402593082098683
state,Osun,deaths,52,0.5694873273256938,0.0,0.0,0.0,0.6548199911882082,2.7207077861190805
state,Cross River,cases,1,483.4292562697016,139.07595029935112,183.94315084269815,310.3130063876373,670.82941589606,1277.5490578405338
state,Cross River,hospitalizations,1,17.182038683690212,4.564950625097173,6.145648728346893,10.778704484359972,23.12557833726795,48.092846361666666
state,Cross River,deaths,1,1.209848245998387,0.3641780679759017,0.3641780679759017,0.5480131575426475,1.458882412985533,4.108582531762825
state,Cross River,cases,2,1264.6061813183705,358.5753922778001,473.6773379867252,813.3234250035869,1734.1577328287462,3409.8187943066373
state,Cross River,hospitalizations,2,9.794609852329343,2.517902654926939,3.073278106304511,5.972577451068511,13.494050402776676,28.118460654238515
state,Cross River,deaths,2,1.272849651991506,0.3928887295492427,0.3928887295492427,0.5723786118606944,1.5115431520369738,4.284603523400009
state,Cross River,cases,3,619.1907288340124,173.48086761413668,229.75995775029156,394.49104962614246,858.1551132824018,1590.8212054142332
state,Cross River,hospitalizations,3,7.492063193477174,1.8714729428926415,2.07852106930996,4.566315376878699,10.51850921441008,21.59946273950287
state,Cross River,deaths,3,0.5949167743709779,0.0,0.0,0.0,0.6728103924777011,3.003723288441627
state,Cross River,cases,4,614.1162974386255,178.09145063066117,234.51465716064783,389.9620723775885,860.3051030430044,1619.8649168937993
state,Cross River,hospitalizations,4,11.397945512888906,2.8022776161770366,3.623339562076051,7.100772284056478,15.445610040439053,31.605951937130826
state,Cross River,deaths,4,0.5705795763850442,0.0,0.0,0.0,0.7053558771665556,2.5315588660078014
state,Cross River,cases,5,523.0121231821241,122.88704479524716,176.50895223014734,341.7840234984332,738.8599052617369,1410.4121580785977
state,Cross River,hospitalizations,5,8.799914517525465,2.354734266701521,2.6716143432383728,5.3438064057325825,12.332532863706149,24.85199617599307
state,Cross River,deaths,5,1.2098988793515404,0.3973110130810784,0.3973110130810784,0.5396694966171043,1.402310904811463,3.9230674526575404
state,Cross River,cases,6,505.64419019242115,128.4289220437051,177.09889046458107,328.0618282591768,707.7561757306022,1344.4091996710224
state,Cross River,hospitalizations,6,9.30956853921031,2.510213385115306,3.06528890219711,5.739190259243968,12.414006721065903,25.921950197269076
state,Cross River,deaths,6,0.6071695498331948,0.0,0.0,0.0,0.7148245116809656,2.940069501737945
state,Cross River,cases,7,614.1366732724334,160.29873943794072,220.23340820046033,400.7955385356447,871.9605072580212,1617.2748727950625
state,Cross River,hospitalizations,7,11.461501268511414,2.766090165416184,3.690589541777179,7.297195784921665,15.700625371608625,32.18511286235906
state,Cross River,deaths,7,0.63982267895968,0.0,0.0,0.0,0.7324183085566852,3.1755914341268223
state,Cross River,cases,8,850.1701370403518,242.80163100283593,319.9451468732203,537.6019496302894,1174.1871369457408,2332.1319435907244
state,Cross River,hospitalizations,8,12.484484890401362,2.9300958025953623,3.966417735300316,8.023995301100083,17.451825698373565,33.94724250942579
state,Cross River,deaths,8,1.827188493199546,0.5626959667481027,0.5626959667481027,1.0276233566223127,2.1653437158718525,5.395720176088161
state,Cross River,cases,9,1184.0011634627233,333.7202889786225,446.84685997770805,760.9493325060229,1623.1825379852755,3166.79816136915
state,Cross River,hospitalizations,9,24.149124012423282,5.86399642761875,8.603096897285976,15.547585526262903,32.33463188117378,67.38956665731524
state,Cross River,deaths,9,1.9121263619372713,0.5635438638063165,0.5635438638063165,1.0957125367671963,2.349955371623988,5.6566123807496025
state,Cross River,cases,10,2401.1201665200465,593.028233297566,832.8405481662837,1556.1559430732996,3336.344509763982,6478.377950119293
state,Cross River,hospitalizations,10,60.05371213381059,15.744343834012682,22.1685194159082,38.60080162697556,81.33932495044293,161.64329544011466
state,Cross River,deaths,10,2.6969403707287367,0.7524327543370974,0.7829373017634418,1.7413107158736385,3.3560221966896626,7.55960208162275
state,Cross River,cases,11,5222.9532944071825,1322.199655329152,1861.8027602886661,3477.015605172568,7355.151570909104,13987.074726613264
state,Cross River,hospitalizations,11,123.38978167351856,37.18478839116667,49.71249888347333,81.34271851510047,168.95270004605902,322.1314544055723
state,Cross River,deaths,11,7.703456559272222,1.570595139656997,3.108571103163445,5.700810790604141,9.746619358303894,20.361739949517585
state,Cross River,cases,12,15607.561027519398,4310.810618509676,5801.269758416338,10010.1072702423,21615.76358708444,40475.47552510251
state,Cross River,hospitalizations,12,642.0645115173577,188.2421175492893,254.79074825702435,419.4391093565949,857.6041350415476,1727.4327453538183
state,Cross River,deaths,12,13.194730855162017,3.147926097267606,5.87325541989544,9.684114008402894,16.196993611267253,32.62247092251731
state,Cross River,cases,13,35004.56510817853,8032.2587437520215,11746.278821069049,22564.236546121116,49271.14541519218,96475.47162605988
state,Cross River,hospitalizations,13,1135.1077792258493,319.658880485804,433.9481303452236,739.4557339070928,1571.4986970641032,3024.9166141769506
state,Cross River,deaths,13,30.285818463851754,8.186261983655452,13.707096831478129,22.424689204274156,35.561200204125036,80.41088005613072
state,Cross River,cases,14,60256.98646227789,17453.439588990506,23266.26182248593,37506.961361246416,84727.72408856373,159305.81422831217
state,Cross River,hospitalizations,14,1525.6525301455508,380.1896577955452,557.3117015856999,1004.6800234850001,2106.0413285093623,4193.411560223094
state,Cross River,deaths,14,65.72747944644914,18.083591445647976,30.945892704428324,49.00718326959345,80.20161751273066,173.69887549493268
state,Cross River,cases,15,75056.63238744112,19869.172775492098,27500.85192949151,48882.03999322496,103238.15787726597,199561.24626503387
state,Cross River,hospitalizations,15,1944.7491752119313,534.4743099265588,742.0567572274675,1284.5868880212029,2628.7431238635863,5247.611045324936
state,Cross River,deaths,15,89.1659037021572,24.12864772790661,41.4351676399055,66.47922269325231,107.19509978292685,232.61994232551197
state,Cross River,cases,16,108570.68028550672,27034.032682670473,37831.00499710454,69314.49704437952,150677.599324314,293143.04276210535
state,Cross River,hospitalizations,16,1559.0132641815248,427.4433876652719,597.39944683009,1032.068997339571,2171.0608055013377,4073.4415976384385
state,Cross River,deaths,16,115.16333321208229,32.55643220854067,53.08902915137503,85.64428513061804,137.19719544613264,287.0115113810365
state,Cross River,cases,17,114196.50269338334,28380.617633977297,39231.60570149264,72324.01625913396,160226.87976686057,301608.89631259145
state,Cross River,hospitalizations,17,1392.3391423760777,408.02016054674687,548.6849157375343,917.924962555383,1921.8106329845125,3667.084490585209
state,Cross River,deaths,17,129.7441064528011,36.85008994152641,59.924198919031,98.0050067562184,155.95908660015567,334.017331290592
state,Cross River,cases,18,71911.496062497,19651.67808705848,26922.181870237957,46097.097835801185,100928.06533828829,187100.08069874637
state,Cross River,hospitalizations,18,454.1987091495184,128.78713156570882,179.27837153934712,298.20877440387426,625.8325215369268,1148.5878871313535
state,Cross River,deaths,18,27.69351004171591,7.194261478820433,12.285990549629922,20.65103025801977,32.97667300952561,74.06275945941789
state,Cross River,cases,19,18532.307750343913,5520.324710799933,7152.493870608722,11886.219147477883,24786.057927236903,50220.166157846426
state,Cross River,hospitalizations,19,94.55690089975124,24.3967978614145,34.82174511876124,62.24130357040347,130.60426307045174,257.13532554196576
state,Cross River,deaths,19,23.08662299120819,5.3101090748611615,9.943251017899158,16.80592389812921,27.91293501252786,62.4809087095476
state,Cross River,cases,20,5568.357354959625,1452.3932631298023,1991.7388834488218,3610.3926971448877,7704.230242458807,14864.822657851691
state,Cross River,hospitalizations,20,28.588344640421045,7.738297230986594,10.901092592959802,18.45946168399173,38.21002047444294,78.01440515896891
state,Cross River,deaths,20,4.457852994200152,0.9119306593632732,1.5277085515081414,3.0637850196579755,5.507527822628817,12.91691253753272
state,Cross River,cases,21,2390.964514744076,656.7782473742216,889.2779188724228,1545.3254120993543,3294.544057761237,6628.592463965679
state,Cross River,hospitalizations,21,31.881374040276366,8.009527170078142,11.569057802381298,20.79899299015395,43.75441018841249,87.1612112653493
state,Cross River,deaths,21,2.690700183538097,0.6451487251318593,0.7274046283715343,1.7336010684876137,3.317110123718065,8.32682857829219
state,Cross River,cases,22,3472.7286953527455,990.340327415963,1310.7423145036464,2226.8611836731056,4847.682871713802,9042.361711068366
state,Cross River,hospitalizations,22,53.73615210869806,13.322134559130538,19.40036842453971,34.745023483946554,74.70104546911716,145.21283455427997
state,Cross River,deaths,22,3.3978138911071287,0.8578748300801462,1.1066741172516104,2.2937648927895453,4.2112310630867125,9.571561845959613
state,Cross River,cases,23,5260.262530973078,1427.274754965165,1930.417694735247,3430.4386281865854,7128.22951929842,14337.695700581047
state,Cross River,hospitalizations,23,71.78224673123967,18.83157684578902,26.627205181148767,46.57749636747168,97.36314490367428,194.73573357637994
state,Cross River,deaths,23,5.068398872619063,1.1631268205143943,1.8895673047268997,3.508596021203089,6.056971902269165,14.479539670111953
state,Cross River,cases,24,6901.3182978864415,1974.059855318622,2642.91331829515,4426.58439753719,9559.960656734229,18002.275958161455
state,Cross River,hospitalizations,24,115.94166036197772,31.711175370114088,44.69592444263254,74.95232518630498,156.16845804787823,311.24065140512016
state,Cross River,deaths,24,5.750068565754185,1.2269669545594954,2.2216355928192058,4.097960100828757,7.129982665456657,15.84225614261134
state,Cross River,cases,25,10252.33748241375,2924.085949779238,3890.4349666215485,6524.5744423237475,14298.59350150001,27148.776160175923
state,Cross River,hospitalizations,25,168.24009997227512,41.81314380416699,60.5657497428374,111.13498534573196,236.54031371188353,448.7081443390933
state,Cross River,deaths,25,8.249261053598888,1.9546033485216077,3.529009504981567,5.9896996660423145,9.770854538156208,21.97899741856209
state,Cross River,cases,26,12780.90496879875,3385.92421853534,4634.827753870215,8250.247465029179,17521.09720980773,34377.46253481116
state,Cross River,hospitalizations,26,239.73161168455357,65.49351822250243,90.57419425328362,159.67454575840804,328.1042475697061,655.5751634562226
state,Cross River,deaths,26,13.807008395957217,3.331016189049392,6.143691487062821,10.36035886167535,17.1234938433504,34.905806139060786
state,Cross River,cases,27,20673.20157522552,5763.401654718021,7704.431365772969,13309.088657916189,28392.405558610764,53803.61032309557
state,Cross River,hospitalizations,27,332.5737257410178,88.48307995759448,126.30399770007865,216.7480300825733,459.0098660021709,891.5166760388153
state,Cross River,deaths,27,20.23663678908805,5.543965110340814,9.258645619252452,14.891198138327114,24.750860179196714,52.368450683379805
state,Cross River,cases,28,20042.00964726354,5920.928653197744,7874.213183076676,13068.804786025234,27997.19463955767,51927.350524785754
state,Cross River,hospitalizations,28,364.66140451700994,101.83755458888021,141.45892121328563,233.5858491105414,482.9645781629238,950.171951031433
state,Cross River,deaths,28,24.69000051724445,6.844796766224836,11.181405124968364,18.638264371982807,30.247506024823952,65.48724655026304
state,Cross River,cases,29,23643.241752304995,6604.153148459826,8842.26576740605,15020.64487660424,32949.81156555841,64903.30551175454
state,Cross River,hospitalizations,29,444.1019810263744,118.97984204517948,166.09810350644574,295.3751216192937,610.3805704651746,1184.7701290502519
state,Cross River,deaths,29,34.34638485631816,9.810388363828507,15.848753738734825,25.328338658287212,41.5009544869151,88.7373319942417
state,Cross River,cases,30,24002.237614686852,7356.01809925556,9586.277031901678,15174.485526113978,32443.973832325464,62398.84673047302
state,Cross River,hospitalizations,30,268.49418620266965,74.53285086458715,105.1940565997191,179.2052555440804,368.2317830731936,705.8462210223365
state,Cross River,deaths,30,27.554001884465418,7.565212767425168,12.511011528973796,20.298965140097753,33.37291286857014,70.57245635893909
state,Cross River,cases,31,14773.880728118012,3658.34275452763,5070.96196792575,9637.513761979273,20320.952150644305,40352.39494669742
state,Cross River,hospitalizations,31,204.68129970639623,49.881217719280336,72.86028695219133,133.24433296487032,278.92807168739625,553.2053648022567
state,Cross River,deaths,31,20.728417670216896,5.168838042201035,9.300692118122143,15.660332838465147,25.725247058540877,53.537214541656745
state,Cross River,cases,32,12098.592663037738,3718.1855992597143,4802.056920834055,7609.609143439841,16611.06753748717,31505.66402858503
state,Cross River,hospitalizations,32,158.08720084110718,41.83024990254734,59.06728033652913,103.95139333595822,213.61956332738276,424.563323220776
state,Cross River,deaths,32,15.336997803676155,3.585440221877827,6.61136715835624,11.175792309506024,18.003714086862484,41.02221183929854
state,Cross River,cases,33,8479.507014089428,2333.6324336836165,3118.15470432159,5351.612816007999,11820.746449007032,22622.651111108058
state,Cross River,hospitalizations,33,136.82370284656506,40.33437910780019,54.57258096221685,90.29435623425132,184.05562956714982,366.68783183164174
state,Cross River,deaths,33,11.79017379454936,2.61097232674255,4.981948465628335,8.607794230108098,14.785651132971857,31.298538569743872
state,Cross River,cases,34,6738.021459564509,1732.8003641641274,2367.0595493817036,4297.63088349992,9330.336976353034,18517.8287643457
state,Cross River,hospitalizations,34,110.89823651543395,29.86698794542361,41.68220007491055,72.42675717649519,151.03079253219207,295.15107292553705
state,Cross River,deaths,34,8.823416523046843,1.9286044497989474,3.8435051461603402,6.514471540192436,10.88188175522967,23.20021643525824
state,Cross River,cases,35,5073.953532039731,1248.526579940097,1736.6122657672277,3333.556721230213,7261.99097710284,13360.240508625462
state,Cross River,hospitalizations,35,87.5585837012581,21.49706164863086,31.071905336744624,57.20869815318563,116.77478465011262,238.87484083208906
state,Cross River,deaths,35,7.289723489229439,1.5829827301913144,2.9704527237656424,5.225122047664425,8.635245389551503,20.74841895563761
state,Cross River,cases,36,4470.062775794767,1134.8134880354542,1578.0693707775176,2828.3880073718797,6275.060738083881,12164.272095976225
state,Cross River,hospitalizations,36,77.59018258404642,19.85085808685356,28.47442915547218,50.39194414282919,105.81448877474449,207.84637207546035
state,Cross River,deaths,36,6.583660523685576,1.5243843233169923,2.6312235898484375,4.7065584916994645,8.130404912594265,18.43015339320831
state,Cross River,cases,37,3714.3152849430207,1036.7671791853024,1392.9878092543481,2378.89917371176,5176.0477008472535,10097.570130377002
state,Cross River,hospitalizations,37,64.78019912015996,17.22538967764107,24.441116177589173,42.654109763909055,88.33540920033312,175.63538289557326
state,Cross River,deaths,37,5.119294358224588,1.1334427078238636,1.8903428015534864,3.604039562960301,6.367957451081146,14.276937617087198
state,Cross River,cases,38,3311.8185469745185,869.162226338465,1189.093866314458,2155.994833329374,4625.472431128098,8820.387563449569
state,Cross River,hospitalizations,38,58.371791457114114,16.525143694258645,22.686845423946995,37.58135556167376,79.4851994443815,155.27087221832704
state,Cross River,deaths,38,4.565511857753199,1.1102476033205715,1.705939042985937,3.1229759110223223,5.463474857072106,12.81282508327099
state,Cross River,cases,39,3122.147364087928,828.6386526173101,1113.8393803876588,2023.6666484271022,4391.189584970936,8152.325098763285
state,Cross River,hospitalizations,39,53.089775937635714,14.69433525530911,20.832536761562466,35.26283055570582,72.98855521568831,141.28239068523237
state,Cross River,deaths,39,4.578835208916713,1.0370345849067686,1.64719656965466,3.2106491660240097,5.79846463379571,12.665418102858961
state,Cross River,cases,40,3265.7142787959065,866.5964874280672,1196.0140586493794,2143.1389216671514,4536.19653497869,8671.47550129461
state,Cross River,hospitalizations,40,52.524309849386434,13.5036613000287,19.64613587595992,35.20775473818041,72.28395975131922,141.6381652713992
state,Cross River,deaths,40,4.686325502837635,1.0498191323241337,1.6378915889100145,3.233600781101283,5.97864132359271,13.03392442441863
state,Cross River,cases,41,3223.650738124183,808.0435882292704,1120.9919338224367,2029.0987860584714,4549.281225896972,8660.903276655343
state,Cross River,hospitalizations,41,49.057676516093316,12.825111977728978,18.072393740678557,31.933960060530787,66.42499041693993,131.03004251884965
state,Cross River,deaths,41,4.444968070667984,0.9069467807880551,1.4854019422208982,3.109079850013963,5.547050141548981,12.983512208867955
state,Cross River,cases,42,2644.3513049430508,790.8387412543466,1040.0317703593569,1667.576707513797,3600.096305282892,7013.404613125028
state,Cross River,hospitalizations,42,39.82262204059791,11.052423144001718,15.22262660677234,26.138923554643604,55.150473359702424,105.23748769359305
state,Cross River,deaths,42,3.6932865128684735,0.8004493078154367,1.190579162110367,2.5372035596439755,4.566931395963277,10.922041572735676
state,Cross River,cases,43,1914.4451706842087,484.61256194707914,671.9591632026107,1226.3045976494861,2693.1259659288844,5153.090942481899
state,Cross River,hospitalizations,43,29.59825174147662,6.471057956110925,10.097878634732812,19.311502112256516,40.06040617224728,80.08463279972115
state,Cross River,deaths,43,3.0237612111137513,0.7430033188125316,0.856328944359553,1.9259947802701713,3.664921662874554,9.162327369841261
state,Cross River,cases,44,1272.4342221406494,338.2761099478125,463.4207749302597,827.4724465585563,1785.6018173480575,3355.9488607929566
state,Cross River,hospitalizations,44,21.49138710023054,5.469738544862679,7.772109363573705,13.818332294072938,29.844438056847487,57.41259448955544
state,Cross River,deaths,44,2.2158977633231705,0.5776702140461949,0.5776702140461949,1.3029950709448697,2.728556654069386,6.855634658402713
state,Cross River,cases,45,956.6362578772398,246.52922514288576,339.3004378791686,620.0030646181887,1330.20894837575,2553.6320894945147
state,Cross River,hospitalizations,45,14.119125266260312,3.6036393031907235,4.845592713049758,8.934036016281556,19.820470361607388,39.87671260008671
state,Cross River,deaths,45,1.554034088658935,0.46699453134040286,0.46699453134040286,0.8001026128864571,1.8684585406862058,5.27250989004851
state,Cross River,cases,46,606.1049084802647,159.45773163209478,219.87773145819693,394.18858937954764,862.5498384112902,1566.451289488992
state,Cross River,hospitalizations,46,8.653492254882478,2.3381878676959618,2.7291904196677157,5.298856517003138,11.931736399921489,24.56488969266303
state,Cross River,deaths,46,1.333002769187582,0.3909321790046899,0.3909321790046899,0.6212799839215672,1.571932178345856,4.206146377301345
state,Cross River,cases,47,497.9586732270632,129.1269331709957,177.50862254233394,323.49338500752816,698.803746677693,1307.5847878199293
state,Cross River,hospitalizations,47,11.772339525541092,2.9878404541598123,3.8775930506976506,7.24499947004799,16.523431204937847,32.7968112059534
state,Cross River,deaths,47,1.1204982303102649,0.3485914954881086,0.3485914954881086,0.4448322231425636,1.2747527468148478,3.75833455018476
state,Cross River,cases,48,383.17499522154253,102.05148816761066,139.18600725232352,243.32751207742913,534.069372404283,1017.9322096512863
state,Cross River,hospitalizations,48,6.473948250327854,1.66608433868371,1.7675968328247278,3.8582994206600336,9.158586295969585,18.66250669593176
state,Cross River,deaths,48,0.5088963509166602,0.0,0.0,0.0,0.5635246070439043,2.4020435751844205
state,Cross River,cases,49,353.8456429775488,90.59208006276587,129.57425784325244,232.8259411379635,506.0328002026929,922.7297277827362
state,Cross River,hospitalizations,49,4.4070802900432176,1.2627854157814842,1.2627854157814842,2.4229699218784337,6.231065623681488,12.85234424160287
state,Cross River,deaths,49,1.115660781873382,0.3677103405834071,0.3677103405834071,0.43434737395838074,1.2757106700647247,3.891803543203976
state,Cross River,cases,50,204.26537120619813,62.49978961270201,81.6931780831277,126.70257903569711,276.30931427625376,539.9813789527897
state,Cross River,hospitalizations,50,5.13176021270459,1.2790761548851948,1.2790761548851948,3.0576057733890076,7.2230237853388575,15.097227573876298
state,Cross River,deaths,50,0.5379609764070798,0.0,0.0,0.0,0.5607430895991787,2.5808593327578246
state,Cross River,cases,51,292.6265120979589,77.67128060021096,106.11991290337414,191.11583025205738,409.34636733603764,782.4908941733082
state,Cross River,hospitalizations,51,6.263863281454022,1.8203088810607393,1.862694676106411,3.7466221648859643,8.431374084281398,17.956145869960377
state,Cross River,deaths,51,0.6207250234736967,0.0,0.0,0.0,0.727355971459144,2.9061261278800905
state,Cross River,cases,52,203.76891509736677,53.89759730364294,73.90949179684321,129.91440825705993,288.0820550045199,544.7036780577805
state,Cross River,hospitalizations,52,4.847109677719537,1.148248640531879,1.148248640531879,2.7902833785079535,6.849485597632295,14.038483500013646
state,Cross River,deaths,52,0.5605983977139505,0.0,0.0,0.0,0.6404720552849705,2.6884477958396658
state,Ebonyi,cases,1,1342.4155414232025,387.4575635683835,511.88294401346184,862.3308695036595,1862.1122435709267,3544.6625555635183
state,Ebonyi,hospitalizations,1,21.65681985851041,5.692819299472439,7.91113405791064,13.688885317334545,29.08631839614029,60.2222839163309
state,Ebonyi,deaths,1,0.953896901716728,0.3108549203076694,0.3108549203076694,0.3213522423184082,1.098851533764319,3.360581142688053
state,Ebonyi,cases,2,587.4531805245857,166.18730229638436,219.70482381040642,377.6258446682566,805.7747310867882,1584.8860341626862
state,Ebonyi,hospitalizations,2,8.583121096632055,2.230731436910557,2.608713587569823,5.177342752292993,11.840978509782076,24.797449098657786
state,Ebonyi,deaths,2,2.271460634519832,0.59760105708217,0.59760105708217,1.3916571026595832,2.8201677209899847,7.038114647542181
state,Ebonyi,cases,3,674.8865820940574,189.1500163896953,250.48321617325678,430.00788411196436,935.3110185423161,1733.7737459007064
state,Ebonyi,hospitalizations,3,8.40130663957201,2.0766987302875797,2.416111795833911,5.176717712881916,11.781629331706247,24.07772060212969
state,Ebonyi,deaths,3,0.6259691863960702,0.0,0.0,0.0,0.7219640651311325,3.121368243781418
state,Ebonyi,cases,4,628.6680966330129,182.3282150244202,240.0862247042287,399.21105764029465,880.6809879882956,1658.2096996447713
state,Ebonyi,hospitalizations,4,8.641428436363721,2.1708083211756586,2.5815095317598455,5.275332529747467,11.739732464943488,24.25847952264608
state,Ebonyi,deaths,4,1.3224699324271045,0.3998690166137997,0.3998690166137997,0.6240099417518186,1.6557350193278753,4.071459087096427
state,Ebonyi,cases,5,538.7869008794884,126.61652070767583,181.85265352415217,352.1031392777764,761.1325302953383,1452.9010854298235
state,Ebonyi,hospitalizations,5,9.85616342618633,2.6132041362174254,3.0746329316325918,6.040140950615518,13.795992277504808,27.68966757391882
state,Ebonyi,deaths,5,0.5190354201883597,0.0,0.0,0.0,0.5549763001962629,2.509947323702078
state,Ebonyi,cases,6,638.0296532250802,162.24852978077638,223.63589717692818,414.0452528079108,892.9532357535675,1695.9628606321817
state,Ebonyi,hospitalizations,6,9.042646147066975,2.444154923699685,2.9583072680135265,5.561842571452738,12.061005398283257,25.213475523807055
state,Ebonyi,deaths,6,0.5497515401474563,0.0,0.0,0.0,0.6222150166940985,2.7272851355922647
state,Ebonyi,cases,7,793.7901351804537,207.4067695725574,284.8456308167507,518.1417521715806,1126.9125919769685,2089.8994062499805
state,Ebonyi,hospitalizations,7,11.089990791082814,2.682746567337162,3.5492598720465023,7.047197372242511,15.197427671822062,31.185229798825134
state,Ebonyi,deaths,7,1.4247513683389124,0.47046036384696455,0.47046036384696455,0.6748521665604893,1.671406122981475,4.775328254833646
state,Ebonyi,cases,8,956.4139958901739,273.2331804010425,360.0058226406989,604.8307526892561,1320.8751031541588,2623.3556720861616
state,Ebonyi,hospitalizations,8,14.865049413145622,3.451659371358266,4.850451136425367,9.630286532114628,20.73629170556365,40.16792939123147
state,Ebonyi,deaths,8,1.0894479008368887,0.39002245917497713,0.39002245917497713,0.40541019407106393,1.1940003361549998,3.433076934403551
state,Ebonyi,cases,9,1785.4857239463138,503.6180849545677,674.165600282153,1147.7006484574247,2447.5873994543645,4774.713616257048
state,Ebonyi,hospitalizations,9,27.139035130236177,6.681335686705017,9.746598090174023,17.51801069129964,36.303996319366505,75.53314282760648
state,Ebonyi,deaths,9,2.128857879374817,0.6105908773983625,0.6105908773983625,1.2706714397643089,2.629623745327917,6.212334398622095
state,Ebonyi,cases,10,3872.7574282010196,956.9542744654659,1343.6854418085982,2510.133491746246,5380.938533030596,10447.910430970742
state,Ebonyi,hospitalizations,10,56.053059341196786,14.647047406239901,20.650231578303035,36.005667497326854,75.9434343721681,150.98489587207007
state,Ebonyi,deaths,10,1.8000714469539472,0.5545012139041166,0.5545012139041166,1.0201939786359873,2.2101467964213075,5.307952062742904
state,Ebonyi,cases,11,7778.217625016016,1969.4345540707536,2772.9811686831977,5178.265351550113,10953.367454619303,20829.254659782422
state,Ebonyi,hospitalizations,11,153.50913086473352,46.43073255050951,61.99186332708507,101.28092452320881,210.10451050676372,400.3734850528417
state,Ebonyi,deaths,11,8.125950411622373,1.647311617237163,3.3092562415315623,6.028115127543949,10.271543167277322,21.405164446723408
state,Ebonyi,cases,12,34002.83109280227,9392.439902464603,12639.460608265304,21808.569765531738,47091.9239724462,88178.50831988185
state,Ebonyi,hospitalizations,12,475.59489355183456,139.25315540444473,188.57439300988403,310.6003588753877,635.337939684681,1279.9946833167346
state,Ebonyi,deaths,12,12.547646024181493,2.9585460788989613,5.559446251856105,9.196314163440153,15.41183811678228,31.087384710373836
state,Ebonyi,cases,13,86571.4388252319,19866.092532616938,29051.25423320866,55805.199797915666,121854.1902122574,238595.44636817832
state,Ebonyi,hospitalizations,13,813.8441731899052,228.98435986724633,310.95539378592184,530.0728887803057,1126.8343693100278,2169.2611026048285
state,Ebonyi,deaths,13,38.698874685055564,10.65656867713744,17.662028642603232,28.723896285131556,45.39298790478947,102.30333667044682
state,Ebonyi,cases,14,121056.3094130955,35064.68370450538,46742.54851540626,75351.88101279829,170217.6211380806,320043.78466475336
state,Ebonyi,hospitalizations,14,2070.635707844571,516.2664315926654,756.6173584188969,1363.6868597655694,2858.2112270813172,5690.729185242823
state,Ebonyi,deaths,14,77.24843786879303,21.378504806952947,36.46157087278694,57.641267518645286,94.22163545664279,203.86183830581803
state,Ebonyi,cases,15,168851.70586665126,44699.7497100468,61868.285866464845,109968.27709146416,232250.0130480422,448942.3545777047
state,Ebonyi,hospitalizations,15,2000.3698330434952,549.7812332183408,763.297576018347,1321.336325884171,2703.9162470701744,5397.646416153855
state,Ebonyi,deaths,15,105.73154226829114,28.745382866404896,49.23152547310666,78.87677396221758,127.07313398476094,275.54152761998597
state,Ebonyi,cases,16,93011.28452352803,23159.64507218547,32409.304451702807,59380.90065795851,129083.86554785904,251132.6016912134
state,Ebonyi,hospitalizations,16,1697.1469816460083,465.38055090620867,650.3856245871739,1123.5436432777203,2363.3891917476017,4434.219148314593
state,Ebonyi,deaths,16,131.92902531647655,37.399585335898145,60.895623400198055,98.14953413594009,157.14300420069463,328.5798117113981
state,Ebonyi,cases,17,100664.41928278033,25017.47563793893,34582.652088265684,63753.704915989976,141240.32592311478,265868.9704989441
state,Ebonyi,hospitalizations,17,971.0001480689647,284.3344491109701,382.4628650258271,640.0465137331346,1340.3620296221234,2557.873543090314
state,Ebonyi,deaths,17,162.20185309877908,46.246525950617524,75.04887464456316,122.58339512997465,194.92480677578055,417.1867219121663
state,Ebonyi,cases,18,46944.937059592565,12828.667151668084,17574.999592973432,30092.77393444516,65887.54244103763,122142.38312817719
state,Ebonyi,hospitalizations,18,453.9343429058607,128.71175495378648,179.1736710757065,298.0350026023101,625.4684753395402,1147.9202397383215
state,Ebonyi,deaths,18,75.40704233226803,20.820643718817426,34.379499053620926,56.65491113832421,89.47708306695904,198.88594883733538
state,Ebonyi,cases,19,5208.617742578199,1551.0160547371793,2009.8104333969213,3340.436327223719,6966.514838879799,14115.912199012597
state,Ebonyi,hospitalizations,19,79.1135249714252,20.292275155158617,29.032386672078825,52.02051243388322,109.33494049835585,215.41658955188706
state,Ebonyi,deaths,19,32.27134591650863,7.716552349016606,14.116604045080807,23.59644769041717,38.9392639034468,86.69019003718114
state,Ebonyi,cases,20,2176.2742892006086,567.1868808601217,778.0376626056702,1410.8311982078594,3011.268495275639,5810.617283263911
state,Ebonyi,hospitalizations,20,28.435759647798918,7.693181958158769,10.839648008839156,18.35899372098371,38.0075816325807,77.60645881063076
state,Ebonyi,deaths,20,3.6423757035489532,0.7718048215431843,1.139304811697059,2.4393501739232186,4.507591282585203,10.778461538909333
state,Ebonyi,cases,21,2081.706722434115,571.7339052200772,774.1736261307512,1345.4005469138842,2868.4622018301525,5771.450513621925
state,Ebonyi,hospitalizations,21,26.730395178637117,6.596483618418638,9.59774168969162,17.380064793821013,36.735181595030895,73.33411149270795
state,Ebonyi,deaths,21,3.376893287167751,0.7723107576931119,1.067884699156056,2.2724074778305914,4.168034068441893,10.165193025379343
state,Ebonyi,cases,22,3366.8368282194397,960.1206737121314,1270.7556445410826,2158.9478832565896,4699.877407484557,8766.687200843091
state,Ebonyi,hospitalizations,22,41.67729216489126,10.166258630825403,14.905156389367388,26.868623586713838,58.02035404304643,112.99490201956935
state,Ebonyi,deaths,22,2.704052514675375,0.7154182100022284,0.7568449069444874,1.746810258493693,3.3458666326802042,7.8160738461783605
state,Ebonyi,cases,23,4850.662510145725,1316.0806516607038,1780.0528871757283,3163.2941309677676,6573.204457842784,13221.39898985433
state,Ebonyi,hospitalizations,23,50.31196723277328,12.980982176861653,18.47679028438716,32.541464398206145,68.34463086077493,136.99093353927557
state,Ebonyi,deaths,23,2.935303262097084,0.7422008088257563,0.84385670839943,1.8769722738622967,3.503111923262536,8.877621821433438
state,Ebonyi,cases,24,7429.85305232328,2125.297125258569,2845.367047046737,4765.620085447624,10292.076994289204,19380.850029501977
state,Ebonyi,hospitalizations,24,105.31215930462018,28.73786823467778,40.54235867593832,68.04858088869887,141.88251165518994,282.85930019129864
state,Ebonyi,deaths,24,4.48638239086101,0.993351403866237,1.6082334385454844,3.127304165930372,5.582027057965023,12.635476262312388
state,Ebonyi,cases,25,11496.52008916912,3279.028042363428,4362.637867296034,7316.41478056991,16033.765639231124,30443.24289685846
state,Ebonyi,hospitalizations,25,145.66638406274828,36.102607438451614,52.353938566411095,96.1781086768563,204.8565250609056,388.7248194995652
state,Ebonyi,deaths,25,7.862043094967516,1.8721895164294398,3.338048495337488,5.694986196382295,9.316712577298436,21.01011171787395
state,Ebonyi,cases,26,15782.560767812287,4181.297110620106,5723.488582956342,10187.94023171451,21635.922412239284,42450.77489949253
state,Ebonyi,hospitalizations,26,259.52909675240863,70.96186708166306,98.10514845844156,172.88823173083733,355.1693944419274,709.5711339209656
state,Ebonyi,deaths,26,12.834769396370524,3.0463162616871973,5.67409997350371,9.613584155336204,15.932143556136724,32.545533179214054
state,Ebonyi,cases,27,21610.40732263234,6024.714302827098,8053.735039531522,13912.463426383265,29679.539321970748,56242.68831352286
state,Ebonyi,hospitalizations,27,332.19622228703673,88.38181247412642,126.15992850298998,216.50160589772136,458.4892755003398,890.5066200843426
state,Ebonyi,deaths,27,19.782466552351142,5.40398622441565,9.03920774623952,14.551276978309925,24.200035616608105,51.2268712060677
state,Ebonyi,cases,28,25397.861816645214,7503.374352837622,9978.611591959501,16561.291371051913,35478.81512161528,65803.53846787527
state,Ebonyi,hospitalizations,28,275.80763309506887,76.84857720117584,106.8421630152987,176.5827386969008,365.3637663922515,719.0422390194642
state,Ebonyi,deaths,28,25.65607836268672,7.139810592384902,11.639502771219075,19.376786947413347,31.422609292002562,67.98758627609128
state,Ebonyi,cases,29,27683.022205326622,7732.688749554354,10353.198220317512,17587.19566645236,38579.683137175416,75992.65011709675
state,Ebonyi,hospitalizations,29,385.943906670876,103.30299298076014,144.2646712984349,256.6500493998703,530.496143542092,1029.8346080381646
state,Ebonyi,deaths,29,33.18000130118022,9.453646885965119,15.292746950946873,24.45950674156605,40.09842824974509,85.77601114639322
state,Ebonyi,cases,30,21242.292805454264,6510.0920520940435,8483.910930143735,13429.574977890466,28713.3797119963,55223.97574659783
state,Ebonyi,hospitalizations,30,220.4491790779913,61.06697091715393,86.26194426800801,147.0785410181918,302.4057112815435,579.8307688762528
state,Ebonyi,deaths,30,30.639691138980716,8.490874788968933,13.971177269698373,22.600792737814267,37.08767172818375,78.3074544773786
state,Ebonyi,cases,31,18106.286672322374,4483.6905709646035,6214.919507869088,11811.43591707247,24904.47437263857,49453.91635074399
state,Ebonyi,hospitalizations,31,168.10220418588267,40.83232058662705,59.72471023494281,109.36984225706527,229.14466557442913,454.6435071806795
state,Ebonyi,deaths,31,19.661597172626113,4.865856319262457,8.794774889616829,14.842062636913981,24.412639830994536,50.85862594635518
state,Ebonyi,cases,32,12753.932721607196,3919.624720090224,5062.2008522432,8021.816164015605,17510.81297654094,33212.132967237485
state,Ebonyi,hospitalizations,32,128.60943129526564,33.894097719700845,47.937224382033136,84.5046184231084,173.85202706836898,345.7093519223946
state,Ebonyi,deaths,32,14.557104243148991,3.366378949668781,6.247747594632681,10.59411543129754,17.095845358206322,39.014675214432245
state,Ebonyi,cases,33,11529.688541634505,3173.329012083769,4240.020182985851,7276.7855336726425,16072.67060662823,30759.693223104496
state,Ebonyi,hospitalizations,33,108.5854830255569,31.865521724753606,43.18650784982285,71.5893726464122,146.14022431461655,291.3535489301681
state,Ebonyi,deaths,33,10.031968906479568,2.1134158460764114,4.15769478635154,7.283934656692472,12.610543623956344,26.848117539816357
state,Ebonyi,cases,34,8847.68391277802,2275.5696002605105,3108.384732611959,5643.3247990865675,12251.528335575544,24315.180495015993
state,Ebonyi,hospitalizations,34,91.00737627176042,24.380119139578817,34.09507714053383,59.374528556767366,124.00603020203987,242.50770886534178
state,Ebonyi,deaths,34,8.13185791565644,1.792049420641157,3.5005602843828094,5.982408638241063,10.040583940271322,21.48671771275659
state,Ebonyi,cases,35,6967.525717524886,1714.7512974397227,2384.952045598121,4577.7501544075785,9971.966075563292,18345.601109659758
state,Ebonyi,hospitalizations,35,67.62592637261761,16.43336758156417,23.853081860609386,44.10694095068892,90.26574593219962,184.88322062270336
state,Ebonyi,deaths,35,6.703318489409044,1.4699722705150964,2.6869987865384073,4.780705383648078,7.9473771710304035,19.195781155785845
state,Ebonyi,cases,36,6063.906549264041,1539.708106274389,2140.9757782015154,3837.007810853994,8512.349908673048,16500.946429358748
state,Ebonyi,hospitalizations,36,59.583943106921865,15.073438378132948,21.7211474361254,38.616846648293865,81.34078885679618,159.99477911501626
state,Ebonyi,deaths,36,5.236221667293569,1.2495245420099965,1.9764823238068303,3.677616252493605,6.484113318582561,14.926727366891154
state,Ebonyi,cases,37,5025.402934312637,1402.9820565781006,1884.9084296905264,3218.7354121176472,7002.962183256337,13661.227467316376
state,Ebonyi,hospitalizations,37,50.74869173950918,13.337186858966097,19.013510986063686,33.34094633459647,69.27660189887105,137.95200790058698
state,Ebonyi,deaths,37,4.970338978910387,1.1053069365583355,1.8185949987028178,3.4897521771518036,6.185060544067845,13.89771384206521
state,Ebonyi,cases,38,4338.927625340628,1138.9480626740346,1558.0715802661443,2824.7513450087436,6059.867876408954,11555.378062243895
state,Ebonyi,hospitalizations,38,44.94917471659472,12.562620634531381,17.33113063826257,28.857917183319497,61.28709138153053,119.93724268970419
state,Ebonyi,deaths,38,4.112311060048679,1.0174278881315697,1.4797151893720568,2.7782839264166967,4.923110803530907,11.658035389197213
state,Ebonyi,cases,39,4252.246994252796,1128.8404123146493,1517.23999668783,2756.2849862309645,5980.487574129123,11102.576433258719
state,Ebonyi,hospitalizations,39,41.548163865944716,11.344889318191301,16.173091148645977,27.523707585708568,57.1981020598867,110.91683727685547
state,Ebonyi,deaths,39,3.6710371165949516,0.8636239818951505,1.2045382821536976,2.506553833450087,4.661640588717541,10.380317462907113
state,Ebonyi,cases,40,4443.7941953896125,1179.479069226126,1627.6949777700243,2916.382856222093,6172.452313511962,11799.042941625512
state,Ebonyi,hospitalizations,40,41.97140030939628,10.64364418440902,15.574867197303032,28.067847363954094,57.83289288941293,113.51095066139004
state,Ebonyi,deaths,40,4.257722519821232,0.9686122525485281,1.4338422069488974,2.906118170941868,5.438821015967484,11.948355321681206
state,Ebonyi,cases,41,4306.675490595347,1079.7673509056867,1497.8219024253465,2710.923707210076,6077.529584731012,11570.072800417756
state,Ebonyi,hospitalizations,41,38.79749502108082,9.99068670621418,14.162170453232884,25.181837630202264,52.601514912562095,103.96123542944235
state,Ebonyi,deaths,41,3.8516799165427837,0.8052835568664933,1.2068034846933944,2.648476963766806,4.8131655976426195,11.416045447847225
state,Ebonyi,cases,42,3573.951012729466,1069.097837166694,1405.8594877268483,2253.929233481018,4865.553209568725,9478.328068271598
state,Ebonyi,hospitalizations,42,31.392356134309953,8.561898147088435,11.870366517906742,20.530908743464575,43.54748234121581,83.2844650068779
state,Ebonyi,deaths,42,3.2386180229573402,0.7197678689844431,0.9697793226369495,2.18067046024127,4.005811496783715,9.720357145627613
state,Ebonyi,cases,43,2530.732688442586,640.8566377238591,888.481326609013,1621.1853885982891,3559.951197724799,6811.400959316512
state,Ebonyi,hospitalizations,43,23.89273215736247,5.076221789664375,8.02592007391102,15.519372817120013,32.394485244517114,64.94624422925375
state,Ebonyi,deaths,43,2.7630172670368336,0.6918585354577005,0.7285481669515769,1.7245833392372374,3.343810839040972,8.462801515041493
state,Ebonyi,cases,44,1658.0685136138154,441.0191492023727,604.0613933240293,1078.3588915581179,2326.638734684485,4372.534227304777
state,Ebonyi,hospitalizations,44,16.0811010007794,4.149615455455303,5.654958055759042,10.241923212090434,22.400123392687945,43.3146967444653
state,Ebonyi,deaths,44,1.890054808705046,0.5128516270407657,0.5128516270407657,1.044583121099768,2.310186850659128,5.974178204170816
state,Ebonyi,cases,45,1137.0458076697855,293.1613735198851,403.4097991183471,736.9941271286062,1580.9960348929608,3034.9004430684618
state,Ebonyi,hospitalizations,45,13.324306619756642,3.4128013448282575,4.536027608187796,8.407959183351075,18.717880529035263,37.7120041703993
state,Ebonyi,deaths,45,1.480357121454766,0.4510218587423914,0.4510218587423914,0.738533477171028,1.770348293014047,5.057970446612278
state,Ebonyi,cases,46,805.4914451225301,212.1555618434898,292.4188117256807,523.9771696665604,1146.1585015825783,2081.236591997911
state,Ebonyi,hospitalizations,46,8.512210015528241,2.3032760318566554,2.6735093148498876,5.204807339973728,11.738650692588608,24.18317646742091
state,Ebonyi,deaths,46,1.0355743943073812,0.32907960544213594,0.32907960544213594,0.3647640334405452,1.165005778313874,3.3824394299753413
state,Ebonyi,cases,47,526.2340087989623,136.50105631942247,187.62447276339032,341.88200082736773,738.4607099364106,1381.740576636237
state,Ebonyi,hospitalizations,47,7.931721718866157,2.0778119372392814,2.3919887026179416,4.73375941059567,11.186191029149139,22.50306813289978
state,Ebonyi,deaths,47,0.5910389639678327,0.0,0.0,0.0,0.6531228566510318,2.7846504443259525
state,Ebonyi,cases,48,416.50893858388406,110.99301875317948,151.3496110372263,264.527224580202,580.4960591394841,1106.3425148222275
state,Ebonyi,hospitalizations,48,6.313062089544763,1.6290954762592889,1.7061532095226228,3.7504399535760222,8.933054765419877,18.225977921122148
state,Ebonyi,deaths,48,0.4779802049961413,0.0,0.0,0.0,0.5115567140390802,2.288967621204267
state,Ebonyi,cases,49,371.6814770631208,95.19583151323886,136.13739549148983,244.5788843502416,531.5181149566644,969.1597474002687
state,Ebonyi,hospitalizations,49,6.2210675337281875,1.7095037062825067,1.7283892289236078,3.6338670805153623,8.789100610102862,17.75269822233915
state,Ebonyi,deaths,49,0.5250078661925668,0.0,0.0,0.0,0.5603536443913713,2.6997820216279758
state,Ebonyi,cases,50,256.01959036545674,78.51019608735903,102.5428754107428,158.90064159139644,346.22820484031206,676.3807564165867
state,Ebonyi,hospitalizations,50,3.0953866261302005,0.8316387165618317,0.8316387165618317,1.6382026158544036,4.346503350076469,9.466208465080634
state,Ebonyi,deaths,50,0.6441508856399782,0.0,0.0,0.0,0.7279694240504574,2.9645316901068663
state,Ebonyi,cases,51,323.8486758452277,86.03662740611405,117.51028578682325,211.54406702030644,452.97969384501584,865.8017669469905
state,Ebonyi,hospitalizations,51,3.9495517282918517,1.2162171303022924,1.2162171303022924,2.1713975842620927,5.301457320203773,11.665317173050466
state,Ebonyi,deaths,51,1.042305769392151,0.33361960851877454,0.33361960851877454,0.3591232133527432,1.1974997196919495,3.5484722050796957
state,Ebonyi,cases,52,311.6347285897023,82.81592208509909,113.36945214835373,198.8759942370459,440.36137442305414,832.1631839670298
state,Ebonyi,hospitalizations,52,6.357636687504212,1.458137203683623,1.5826029277621827,3.8132024821262243,8.967899438909601,18.09705921201429
state,Ebonyi,deaths,52,0.44098627167366106,0.0,0.0,0.0,0.44031033423172483,2.23840291000827
state,Nasarawa,cases,1,1295.9241823418333,374.0142770208726,494.1336889381639,832.4537211288506,1797.635826815328,3421.958398905159
state,Nasarawa,hospitalizations,1,30.586238076611814,8.206997873373993,11.4301535322492,19.48954695614572,40.967448189399406,84.39905064040447
state,Nasarawa,deaths,1,2.6493368222611253,0.6426878271487106,0.731821490478278,1.7318756951737475,3.3393436732725528,8.015435293499788
state,Nasarawa,cases,2,1561.0800752936602,442.807532022284,584.8726219953357,1004.0823200925927,2140.6261724638925,4208.818312892118
state,Nasarawa,hospitalizations,2,33.174696335093955,8.436311807931354,11.972807965890631,21.206661548596163,45.16147673102312,91.73813092828348
state,Nasarawa,deaths,2,1.6039584283667663,0.46240735181639825,0.46240735181639825,0.8505988471530321,1.9559412896329158,5.219673248093852
state,Nasarawa,cases,3,546.0468795355092,152.90300068885375,202.54466608421166,347.84775686498347,756.8283613522141,1403.0855219449275
state,Nasarawa,hospitalizations,3,6.707983682144947,1.6941044159834364,1.7867547634191134,4.038768792538011,9.426844480859497,19.457602537746787
state,Nasarawa,deaths,3,0.5643689751809979,0.0,0.0,0.0,0.6236841733532474,2.8861440406881886
state,Nasarawa,cases,4,747.998327043126,217.07127768952637,285.77517559199646,475.05621793388605,1047.7709136291992,1972.651350438302
state,Nasarawa,hospitalizations,4,7.864692835022467,1.9923019884366995,2.2870007416710765,4.759309725856587,10.692139777828249,22.181465856276954
state,Nasarawa,deaths,4,1.9025858162706732,0.5188378153004348,0.5188378153004348,1.1071844408952929,2.4458677671836933,5.580316663233672
state,Nasarawa,cases,5,545.6491914301603,128.23890473132502,184.17725242494004,356.5921261948923,770.8214924626012,1471.3844751969723
state,Nasarawa,hospitalizations,5,6.436498435019911,1.7739723680130166,1.7739723680130166,3.7791962901859195,9.044252224252427,18.475967000909588
state,Nasarawa,deaths,5,0.5748650554486261,0.0,0.0,0.0,0.6445378793417946,2.712108877539724
state,Nasarawa,cases,6,636.9453796592046,161.97153783741985,223.25474621777258,413.341024774062,891.4364205983319,1693.0835388937144
state,Nasarawa,hospitalizations,6,11.254290366615837,2.990719489588761,3.843468217763213,7.029208899880776,14.981721542897288,31.07536125420353
state,Nasarawa,deaths,6,0.6724467639588833,0.0,0.0,0.0,0.8170957568735666,3.175053204935148
state,Nasarawa,cases,7,804.148832311114,210.12298673533246,288.5711278815589,524.9078554994794,1141.6129567814396,2117.1506172569
state,Nasarawa,hospitalizations,7,15.930455699648418,3.766642815830079,5.387273856954852,10.298464990604739,21.741590770369747,44.18886206903828
state,Nasarawa,deaths,7,2.268292255284249,0.6621056777598867,0.6621056777598867,1.357114890233069,2.7596220586266353,7.127948542114207
state,Nasarawa,cases,8,886.9564643680452,253.33838060295818,333.815926301838,560.8795374546544,1224.9770046933345,2432.966490810696
state,Nasarawa,hospitalizations,8,13.302303690293726,3.1093977009138136,4.270328661008961,8.576202326710256,18.580951705867623,36.08577563089749
state,Nasarawa,deaths,8,1.8015338494223627,0.5568981672962083,0.5568981672962083,1.0067315175469211,2.132729250609203,5.329821173566976
state,Nasarawa,cases,9,1680.6794632877918,474.01407870036365,634.556225887306,1080.3107902754628,2303.9381747264442,4494.540828203503
state,Nasarawa,hospitalizations,9,15.272984056378698,3.719678111447812,5.2051942300082725,9.692486322527323,20.539704078896506,43.19100931228484
state,Nasarawa,deaths,9,2.418064010201622,0.6728523942087588,0.6728523942087588,1.5022101889512478,2.9997338930557054,6.947770999501802
state,Nasarawa,cases,10,1514.126790183135,373.6807103735246,524.9412792399886,981.1693014055763,2104.015454801066,4085.839306698646
state,Nasarawa,hospitalizations,10,29.70467351811955,7.418472764765529,10.64832445130359,18.909903503198898,40.397344168031694,80.7713830178913
state,Nasarawa,deaths,10,3.837132744116544,0.9983021778820955,1.3655405497941056,2.6370777881927903,4.779422042424553,10.356588812267246
state,Nasarawa,cases,11,3132.945821542611,792.8118503710709,1116.5296940757194,2085.5256365825703,4412.090848834028,8390.703729018538
state,Nasarawa,hospitalizations,11,43.080978892871265,12.530969133319216,16.970225473987433,28.178550661790794,59.223582094786735,113.5032333497962
state,Nasarawa,deaths,11,6.305845861622351,1.3163473098096539,2.443475904294476,4.616084014930546,8.006957378552126,16.90370300110692
state,Nasarawa,cases,12,5367.65497320984,1482.0722370747537,1994.7242912723239,3442.378331863125,7434.211044239744,13921.118204408443
state,Nasarawa,hospitalizations,12,64.44354682756027,18.25861279946994,25.031070895651283,41.7868495539516,86.37761339244256,174.89750856610547
state,Nasarawa,deaths,12,14.688058259291601,3.5848530905487306,6.597258392524674,10.809538545893897,18.008460483108443,36.16413602993927
state,Nasarawa,cases,13,11265.495910397654,2584.4939494321325,3779.846513600588,7261.592232931321,15857.176352853228,31049.827765972816
state,Nasarawa,hospitalizations,13,166.00600688158053,46.13633704501412,62.936672011049566,107.84579584223673,230.1547663216537,443.804850499898
state,Nasarawa,deaths,13,37.27948973171631,10.239802249394764,16.99479051899796,27.661154545562432,43.73426307959191,98.60985158143582
state,Nasarawa,cases,14,25357.478702984958,7344.383750368708,9790.604367192796,15783.544011721608,35655.54399481096,67040.37813131185
state,Nasarawa,hospitalizations,14,335.6629331883608,83.0613209361272,122.12091414233346,220.7761932527765,463.65236849765154,923.9667956396381
state,Nasarawa,deaths,14,64.69182571880812,17.787401738177827,30.450071745257922,48.23103937517967,78.9413157814922,170.98743572346316
state,Nasarawa,cases,15,41507.89788392423,10987.742203009295,15208.266893303686,27032.641360556314,57093.04261287089,110362.31200726595
state,Nasarawa,hospitalizations,15,542.7664496977962,148.64568307291063,206.65746168569126,358.2749912388816,733.9179947229027,1465.796764105074
state,Nasarawa,deaths,15,125.82061183967356,34.344075184825,58.686130817132515,93.91122427711107,151.17912968355282,327.5923260031812
state,Nasarawa,cases,16,60106.87239170784,14966.23906567859,20943.700521430208,38373.71281788333,83418.26731289766,162290.53558643154
state,Nasarawa,hospitalizations,16,1414.7649570370577,387.8269082436175,542.0677972965118,936.5451595292247,1970.2188630625978,3696.6939657350017
state,Nasarawa,deaths,16,208.5358580862585,59.52921883958643,96.56599456038332,155.28928794569205,248.28062179527657,518.5162492949947
state,Nasarawa,cases,17,122815.18608503234,30522.627491993837,42192.55842984125,77782.51054956525,172319.55547040538,324371.9177692499
state,Nasarawa,hospitalizations,17,1756.1436225877162,514.816390106504,692.2090793586377,1157.8586644004768,2423.861498852982,4624.830907723856
state,Nasarawa,deaths,17,160.33092869561872,45.704898042066404,74.17706042981106,121.16665147551298,192.67875077077048,412.39268478423264
state,Nasarawa,cases,18,105058.8221792334,28710.378108440334,39332.14590176586,67345.54234809508,147450.28090035336,273342.40127297986
state,Nasarawa,hospitalizations,18,1688.9618905498546,480.8451850173926,668.2979823275635,1109.8366871369699,2326.1662503918105,4266.937672142168
state,Nasarawa,deaths,18,68.25712883173635,18.77874142351582,31.068804774610697,51.2597588730759,81.01054257588733,180.18129543714628
state,Nasarawa,cases,19,48965.42374616027,14586.76431444938,18899.08070077435,31405.94676739886,65488.31244414161,132687.18152905273
state,Nasarawa,hospitalizations,19,1066.4151835791602,282.69408589343607,399.1456125307216,705.4348783266507,1469.0810438852566,2882.492069198751
state,Nasarawa,deaths,19,22.626621660166858,5.189577918880035,9.734220923533003,16.46580797219324,27.360660964880964,61.268342140773704
state,Nasarawa,cases,20,19012.68389638786,4960.857952548287,6802.174011485471,12328.22845363624,26304.514773357892,50750.645990976576
state,Nasarawa,hospitalizations,20,450.2141436070988,132.3011596085193,180.54903653589577,295.8506036433803,597.1418415229289,1204.3506026458135
state,Nasarawa,deaths,20,8.316156966396731,1.567676408573793,3.345318389356847,5.985947713701757,10.18692275660058,22.924204369341034
state,Nasarawa,cases,21,5562.137839653771,1528.8350103074947,2069.573684416589,3595.383374185852,7663.647923064715,15417.847759000722
state,Nasarawa,hospitalizations,21,68.83889987176877,18.140621922270117,25.70279791302889,45.31167376868394,94.08015555084529,186.29733327668026
state,Nasarawa,deaths,21,5.8758204012741215,1.2273895289413215,2.286371452837726,4.200650946150052,7.213262391637104,16.744205776562232
state,Nasarawa,cases,22,3122.1962274406774,890.3046015474558,1178.3749619862217,2002.04867027124,4358.404369504167,8129.799972138327
state,Nasarawa,hospitalizations,22,44.411138325712606,10.881774642438806,15.924333397536536,28.654400457659076,61.80228402739337,120.29951319991002
state,Nasarawa,deaths,22,5.922180381853968,1.366872010125502,2.3566130912805274,4.24803255909425,7.303176207844126,15.843916482784444
state,Nasarawa,cases,23,3078.4938159538224,834.9900783329093,1129.486990897397,2007.4711555671518,4171.842181500956,8391.648053359226
state,Nasarawa,hospitalizations,23,47.938096261989244,12.334045674001766,17.575548409236923,30.989413376033564,65.13587396417975,130.60573321207596
state,Nasarawa,deaths,23,4.590003956171753,1.0694673372665444,1.65688813698927,3.1455463811539985,5.4887171513652016,13.233067092189536
state,Nasarawa,cases,24,5645.38325884819,1614.6810539596586,2161.830987211758,3620.9480673684156,7820.263213436716,14726.428030335024
state,Nasarawa,hospitalizations,24,92.28926465700404,25.095070983436713,35.45354770937715,59.59034243399563,124.37984412702482,248.08741034647548
state,Nasarawa,deaths,24,13.592201053115689,3.1851659743790974,5.994805576311833,10.068675743642174,16.651794079506907,35.56785623010755
state,Nasarawa,cases,25,12903.477120663238,3680.4066424363523,4896.618319834625,8211.850326499516,17995.947578424144,34168.71945876508
state,Nasarawa,hospitalizations,25,170.23462040183512,42.317703243597066,61.29131150771101,112.45651327662489,239.3397625932069,454.00802351294607
state,Nasarawa,deaths,25,17.18244238299323,4.662646502141776,7.918912655091488,12.764714059041763,20.21088744478181,44.25220595194184
state,Nasarawa,cases,26,19330.77061138236,5121.494826138115,7010.377329941248,12478.45620320828,26499.99220086599,51994.10975220706
state,Nasarawa,hospitalizations,26,210.3294816201201,57.37222888480779,79.38963751335334,140.05031004057102,287.9085880794953,575.3833339830221
state,Nasarawa,deaths,26,36.728531645618226,10.038050780465262,17.206449930514808,27.953070717337607,45.18963232420045,90.50972755044913
state,Nasarawa,cases,27,23133.61917585325,6449.417762123658,8621.447623150245,14893.109993912822,31771.478483094685,60206.84721484079
state,Nasarawa,hospitalizations,27,314.0968181135162,83.52654269157343,119.25253043930806,204.6867976549635,433.52956241117244,842.0794844778195
state,Nasarawa,deaths,27,28.397120012253538,8.05889945291069,13.201181947165171,20.998400617067094,34.64726419776951,72.87866844436486
state,Nasarawa,cases,28,25090.50892950257,7412.563546424531,9857.847816893756,16360.870261344762,35049.472118309175,65007.23448263388
state,Nasarawa,hospitalizations,28,423.60536308546637,118.4147828172051,164.42304224430978,271.40066467463436,560.9787948438338,1103.4991531383394
state,Nasarawa,deaths,28,42.16040403975865,12.179710715534158,19.465462706061764,31.993416029880148,51.49761112514804,110.7024063105918
state,Nasarawa,cases,29,40348.91989242056,11270.979165563258,15090.415027823117,25634.08586035676,56230.9832874705,110761.00097713775
state,Nasarawa,hospitalizations,29,527.1860309649892,141.37563360090866,197.28912886284536,350.69737686605555,724.5026728447131,1406.109482316107
state,Nasarawa,deaths,29,65.58502987478273,19.364498607808276,30.73950930420181,48.59705404725277,79.06286169841033,168.0462646633327
state,Nasarawa,cases,30,28618.34564116212,8770.860165315751,11430.024411710321,18092.91185123154,38683.52811789139,74399.07928106516
state,Nasarawa,hospitalizations,30,364.3652758213074,101.40325135977342,142.97201411595995,243.31229416874112,499.58397980829693,957.3029160890903
state,Nasarawa,deaths,30,43.67343797319898,12.400647290896892,20.13856420842277,32.323155799357906,52.77791471383478,110.9782157726338
state,Nasarawa,cases,31,15602.301951302337,3863.520532713492,5355.344699315049,10177.941093157795,21460.395288489155,42614.99248751979
state,Nasarawa,hospitalizations,31,297.26775148825897,72.78515413787206,106.10814130868998,193.67377637456585,404.9363522100856,802.6782549422935
state,Nasarawa,deaths,31,25.5892659174645,6.5491463206776945,11.605523353342946,19.388165403008365,31.705154377695607,65.74018829488686
state,Nasarawa,cases,32,13692.63961205404,4208.165437625362,5434.830142530682,8612.26011055183,18799.605309992316,35656.473321683865
state,Nasarawa,hospitalizations,32,200.5437117685764,53.26060359159077,75.09777889648771,131.9603717733352,270.89631335806916,538.1358406019754
state,Nasarawa,deaths,32,13.479044046394929,3.06351060686636,5.745016767020211,9.789904306378236,15.84064997584844,36.23910797446749
state,Nasarawa,cases,33,9250.175639569601,2545.7928582524746,3401.608826185511,5838.0331155003605,12895.051213037652,24678.582210059307
state,Nasarawa,hospitalizations,33,125.52775579056303,36.94663847719016,50.01788594714066,82.81192619330285,168.8885824567351,336.5523602420399
state,Nasarawa,deaths,33,10.595648505150018,2.273006858032624,4.422073774257196,7.708562004981568,13.308208355430844,28.275588034917615
state,Nasarawa,cases,34,6191.203874973569,1592.116359374448,2174.9104946962343,3948.8314367453254,8573.173762520024,17015.174220932644
state,Nasarawa,hospitalizations,34,91.63823093036861,24.554139604502666,34.33570885730974,59.788490503566216,124.86314231307482,244.1773355710417
state,Nasarawa,deaths,34,9.429803190519632,2.096153687911047,4.143976508321565,6.98063879540704,11.618985379216252,24.701499447760643
state,Nasarawa,cases,35,4569.24006770236,1124.258863011914,1563.803529530779,3001.928921256026,6539.673163873267,12031.440561516829
state,Nasarawa,hospitalizations,35,73.64843041191412,17.963337261649464,26.03421304628008,48.06557095680044,98.27531857806616,201.19651696425996
state,Nasarawa,deaths,35,6.813605924577235,1.4912349598188683,2.7403300712394967,4.8643214796755725,8.07679818439728,19.48790681596035
state,Nasarawa,cases,36,3960.160960491866,1005.2797757086695,1397.9845947355311,2505.710793138688,5559.308147754534,10776.885106248861
state,Nasarawa,hospitalizations,36,60.083230542032496,15.205916726020428,21.908416644096526,38.943371332621375,82.01944711365925,161.32170878954582
state,Nasarawa,deaths,36,6.366143896635658,1.4801267540480727,2.5257979913950503,4.540879532745084,7.865321152750056,17.86603623026445
state,Nasarawa,cases,37,3388.761774616168,945.8331070609372,1270.8399994857496,2170.3611437454233,4722.410277673297,9212.68561773555
state,Nasarawa,hospitalizations,37,54.246157946666855,14.30636644752349,20.36640444653581,35.66236019120821,74.02723037177573,147.34502559443783
state,Nasarawa,deaths,37,5.1502484279814755,1.1392882413916285,1.9052492416868976,3.6277840959894747,6.405956409748272,14.355725764945834
state,Nasarawa,cases,38,2984.7775028942947,783.2599171761358,1071.6079445610912,1943.0565656986498,4168.747635359754,7949.541255968717
state,Nasarawa,hospitalizations,38,45.63043675528648,12.763745219722523,17.6029690347682,29.300690108256816,62.21076725173643,121.73066104339611
state,Nasarawa,deaths,38,4.78890523885192,1.1558848781255913,1.8171680006896405,3.2924528674265,5.729159175926129,13.380608064538903
state,Nasarawa,cases,39,3139.7627371739063,833.3180329630626,1120.127367897401,2035.0863011776846,4415.9626901702795,8198.311998119183
state,Nasarawa,hospitalizations,39,48.83042194031531,13.458300232289462,19.113076864748653,32.406887448111185,67.1614561980171,130.07669033634883
state,Nasarawa,deaths,39,4.126193423431477,0.9507844638949288,1.4270293468851631,2.8604496592827546,5.233036627928088,11.528865877693848
state,Nasarawa,cases,40,2943.1884328600213,780.9378509029652,1077.8317081545758,1931.4460215554057,4088.234752670399,7815.23364519806
state,Nasarawa,hospitalizations,40,41.144084875164495,10.419404844660153,15.25565980674011,27.50804368071018,56.69985851906498,111.30563937193081
state,Nasarawa,deaths,40,4.311602060105108,0.9788378133845177,1.459536081341745,2.9473547430422498,5.50679512618299,12.08505005656556
state,Nasarawa,cases,41,2828.7271660282972,708.9598703967345,983.5813742448486,1780.472212389873,3992.0074428709613,7600.078380885172
state,Nasarawa,hospitalizations,41,41.180690767962524,10.649129263740816,15.070523002781648,26.750368932275514,55.81273542222995,110.24937248080967
state,Nasarawa,deaths,41,4.332869854046612,0.8877814854895711,1.4328812616615616,3.0222481522795746,5.408700072995085,12.688017317138987
state,Nasarawa,cases,42,2462.825193514737,736.5021367702452,968.5953419373345,1553.0776461721655,3352.986211453239,6532.070587271391
state,Nasarawa,hospitalizations,42,32.81561609058152,8.982431686509951,12.43640693186739,21.477840944745964,45.50668647967166,86.99130687471192
state,Nasarawa,deaths,42,3.979505544522765,0.8509968661218508,1.3289120044783445,2.7605743608015487,4.918477442137313,11.674906352110684
state,Nasarawa,cases,43,1669.4861235547257,422.5094058404637,585.8969579783904,1069.3492488986462,2348.584373425352,4493.953721844008
state,Nasarawa,hospitalizations,43,26.53235229777771,5.721636608436598,8.984651135812832,17.274056629209966,35.94163944463928,71.95103844863716
state,Nasarawa,deaths,43,2.592114397804924,0.658220330972936,0.658220330972936,1.5921139299519809,3.1326144892696544,8.002719524217856
state,Nasarawa,cases,44,1338.4762097885734,355.87141897346726,487.506252254581,870.4381263957849,1878.2573570701766,3530.0446808554407
state,Nasarawa,hospitalizations,44,20.678999406401985,5.271630054254338,7.454392286017761,13.281627034756875,28.72728318427252,55.29694840667063
state,Nasarawa,deaths,44,2.265371844480004,0.587457550410946,0.587457550410946,1.3420141978751337,2.7917287499141787,6.988730907596266
state,Nasarawa,cases,45,884.0833978151543,227.77580693702433,313.5184461830287,572.954356849706,1229.3533095562736,2360.0869276706935
state,Nasarawa,hospitalizations,45,13.067052291071134,3.3510114876499193,4.4357960621109545,8.237625080793414,18.36088201120623,37.01111098410205
state,Nasarawa,deaths,45,1.836241809263823,0.5268152642728078,0.5268152642728078,1.0306908755526678,2.235900300223615,6.07600139533757
state,Nasarawa,cases,46,703.5547790515013,185.2137170660522,255.33207557896964,457.62256322546705,1001.1631469342736,1818.051833569234
state,Nasarawa,hospitalizations,46,11.01765556681564,2.9212408985514133,3.659105336627291,6.869546124071036,15.1564080383163,30.93977796606789
state,Nasarawa,deaths,46,1.5751821014758696,0.44000020787155814,0.44000020787155814,0.8247756727514824,1.894749406367363,4.859598189267684
state,Nasarawa,cases,47,450.38831978848793,116.7207269359451,160.48974157720093,292.55642400943134,632.0849714496942,1182.8252752568346
state,Nasarawa,hospitalizations,47,10.835070315721131,2.766276580772969,3.515894216473515,6.63358997657489,15.223977853140436,30.290602285564262
state,Nasarawa,deaths,47,1.2196941570485618,0.3693109330991717,0.3693109330991717,0.5307095652272825,1.4099585628724938,4.041158477679236
state,Nasarawa,cases,48,362.1727177295162,96.41781607186607,131.5222460460153,229.97048918053954,504.81792299582077,962.2286962034126
state,Nasarawa,hospitalizations,48,6.8677305688536,1.7565260235545272,1.9178329972205588,4.122027237439434,9.7100347666028,19.729865768383487
state,Nasarawa,deaths,48,0.5805162619257371,0.0,0.0,0.0,0.6806714555989124,2.656941183884784
state,Nasarawa,cases,49,467.24896310180736,119.86352859753549,171.30382295199666,307.55318826919637,668.0728423810415,1217.9398285720188
state,Nasarawa,hospitalizations,49,5.389718208249764,1.5053484210955288,1.5053484210955288,3.0804734541286733,7.6200498385631485,15.513181314866411
state,Nasarawa,deaths,49,0.48558159230191844,0.0,0.0,0.0,0.4946758261980312,2.544052189583234
state,Nasarawa,cases,50,529.3823647423924,163.07623155099594,212.66976359463354,328.96893462666105,715.5357167000295,1396.83433203816
state,Nasarawa,hospitalizations,50,6.683938649770035,1.615720684484784,1.8236296726722485,4.125541237329953,9.387270193599125,19.33391323466991
state,Nasarawa,deaths,50,0.5999137929927033,0.0,0.0,0.0,0.6595511122033254,2.8075575204680585
state,Nasarawa,cases,51,349.06785911301796,92.79359709932265,126.7106699613921,228.04463536869156,488.22378732683006,933.0947382377083
state,Nasarawa,hospitalizations,51,8.636940900494503,2.43331214550238,2.8267295164629247,5.345084333817749,11.607463132677285,24.339776373782485
state,Nasarawa,deaths,51,0.5106804431987081,0.0,0.0,0.0,0.5476313388454844,2.499708982326215
state,Nasarawa,cases,52,267.77101893609307,71.05626477743229,97.32303125036847,170.83271632774378,378.436881045934,715.2675717602092
state,Nasarawa,hospitalizations,52,7.881683046803456,1.7689211100950493,2.1330527925429927,4.83907704726689,11.092433891850384,22.167361134142507
state,Nasarawa,deaths,52,1.161514895934421,0.3858454262533356,0.3858454262533356,0.4881464126388613,1.3594470580068103,3.8233038791753673
state,Ekiti,cases,1,953.2741994548599,274.93474920179483,363.31837039342224,612.253568205329,1322.4326162735033,2517.605891043187
state,Ekiti,hospitalizations,1,17.136908889751073,4.553566976769737,6.127829575660403,10.749331849119283,23.065416218979628,47.97042319780996
state,Ekiti,deaths,1,1.6702453060872036,0.45601531690913377,0.45601531690913377,0.9383861157257584,2.0789554380141615,5.39684837454968
state,Ekiti,cases,2,478.20021018306494,135.14709385876074,178.72848386014348,307.32968594718733,655.9879023553378,1290.448404135858
state,Ekiti,hospitalizations,2,5.786831927810009,1.564468570014288,1.564468570014288,3.332327245790026,8.005704117661768,17.092405761443413
state,Ekiti,deaths,2,0.4549165104904159,0.0,0.0,0.0,0.45257164120136256,2.3538108485146028
state,Ekiti,cases,3,464.48107094178755,129.95574851396657,172.19574006859375,295.8338428308547,643.8346027159653,1193.7334988981681
state,Ekiti,hospitalizations,3,6.461570623512871,1.638266962119109,1.6949037009547727,3.872691650343072,9.083177088131203,18.783322707590578
state,Ekiti,deaths,3,1.0886860930662987,0.3736659182319412,0.3736659182319412,0.3741402475944009,1.2334247043826374,3.8248336037499686
state,Ekiti,cases,4,465.3213238198385,134.7697116637328,177.5442966857608,295.3894013435001,651.9577212248569,1227.7820643452633
state,Ekiti,hospitalizations,4,7.738493215151005,1.963264632765891,2.2390934413822237,4.675369075343424,10.521729456876852,21.843601178659675
state,Ekiti,deaths,4,0.5334484631483153,0.0,0.0,0.0,0.643279592731745,2.403007367989205
state,Ekiti,cases,5,560.516329497055,131.75379631147712,189.21349106172852,366.3175069237379,791.8126086506954,1511.4287003115035
state,Ekiti,hospitalizations,5,6.513602711911534,1.7930069116342389,1.7957421724292928,3.830476581750901,9.152026032093207,18.68494215189209
state,Ekiti,deaths,5,0.4934581383829727,0.0,0.0,0.0,0.5128679605844526,2.4148988950492702
state,Ekiti,cases,6,532.9896142782845,135.414670288281,186.7115333868774,345.822488340563,746.0103165537055,1417.025812762062
state,Ekiti,hospitalizations,6,8.079980163282645,2.2056311439800558,2.5720181659180184,4.921475843103569,10.78638882454278,22.65531638221627
state,Ekiti,deaths,6,0.5375242755727824,0.0,0.0,0.0,0.6020390092544219,2.6809276972430887
state,Ekiti,cases,7,515.9615780744689,134.55564885712894,184.9248144281116,336.66943947540506,732.6370290329419,1359.000091602223
state,Ekiti,hospitalizations,7,8.408516043963354,2.0799392728441375,2.5270511144984455,5.239009697986051,11.557901049563075,23.953278956400393
state,Ekiti,deaths,7,0.6707686905532697,0.0,0.0,0.0,0.7803980419935335,3.2912354232032834
state,Ekiti,cases,8,821.9473906434259,234.71775763425725,309.30338079925673,519.7432095596366,1135.2207692460042,2254.770922228427
state,Ekiti,hospitalizations,8,12.030853838644543,2.8306052576743213,3.797784475475538,7.717588183259047,16.825299360260942,32.760619124050194
state,Ekiti,deaths,8,0.6467147590526097,0.0,0.0,0.0,0.7245037807519721,2.8649380445783965
state,Ekiti,cases,9,1525.6719900639787,430.2300320419545,575.9743339054361,980.6418242035614,2091.4823231797154,4080.167911267279
state,Ekiti,hospitalizations,9,29.996203790482657,7.462189885506059,10.839054738835252,19.400478401540614,40.09617301182024,83.31319936488454
state,Ekiti,deaths,9,2.060127647818406,0.595708938221835,0.595708938221835,1.2153283360474094,2.541158879881838,6.036548081115352
state,Ekiti,cases,10,2874.7199222907993,710.1462818164401,997.2397674340717,1863.1633462062011,3994.332218612389,7755.846020823023
state,Ekiti,hospitalizations,10,64.14522926296209,16.86654993094229,23.721273826776823,41.25484776157657,86.85770736019494,172.54365078260764
state,Ekiti,deaths,10,4.248404506546381,1.0861618317611024,1.5737295916958172,2.957173649627826,5.288063645656731,11.35607171874433
state,Ekiti,cases,11,7074.678876877056,1791.23192158458,2522.1071948660156,4709.861710290421,9962.67374515246,18945.40309614541
state,Ekiti,hospitalizations,11,108.39106446705188,32.580528821268175,43.59766839375631,71.4139676771801,148.46008037769468,283.1687901100111
state,Ekiti,deaths,11,6.051293858511882,1.2699388588647258,2.322074522308437,4.418086299914745,7.689412809158769,16.272499430235026
state,Ekiti,cases,12,29677.231081104914,8197.507965498828,11031.477778161614,19034.191932180263,41101.2709801369,76961.26396941554
state,Ekiti,hospitalizations,12,393.60096608169897,115.1238430528449,155.95979885255736,256.99227878269147,525.8616368981374,1059.6109012524012
state,Ekiti,deaths,12,26.868680337738933,7.146208822943552,12.49854665462342,19.982780734188996,32.77357691509788,65.03195497108759
state,Ekiti,cases,13,93415.79897823322,21436.77181959808,31348.10637145157,60217.20130059206,131487.9815163102,257458.72470860678
state,Ekiti,hospitalizations,13,788.7033563303343,221.88853116498882,301.33046955921407,513.6874169622514,1092.036700921787,2102.300892649051
state,Ekiti,deaths,13,48.674925160684005,13.585783130148812,22.35166635130929,36.193304222390864,57.05122236924457,128.2627450693244
state,Ekiti,cases,14,116864.39380807473,33850.44569249046,45123.93489012627,72742.59687017015,164323.370739875,308961.42430463975
state,Ekiti,hospitalizations,14,1248.1301391345835,310.8951306054015,455.8190598129888,821.8625721014074,1723.0130127005957,3430.930837143185
state,Ekiti,deaths,14,75.81959423954314,20.96986554339129,35.777509588738965,56.57045762406755,92.48285534940126,200.1209900472173
state,Ekiti,cases,15,116605.93089544078,30868.6103249316,42724.92200730606,75941.99320588227,160387.7701407451,310031.9749204747
state,Ekiti,hospitalizations,15,1535.2002047333028,421.7655624980576,585.6552365142178,1013.9914828387443,2075.2244058693846,4142.862664886095
state,Ekiti,deaths,15,90.41034535360448,24.475465478222162,42.02084457463333,67.41054985661285,108.68837476963503,235.8442918290553
state,Ekiti,cases,16,87922.42511986317,21892.487007266456,30636.08187761408,56132.01643671024,122021.41422458386,237392.65758502076
state,Ekiti,hospitalizations,16,1321.749553693096,362.28107768643474,506.3883789314973,874.9486771941225,1840.710277110082,3453.7563976338724
state,Ekiti,deaths,16,80.49997659292593,22.54312986650521,36.94876135073443,59.78946785354206,95.95889298824227,201.06833591106215
state,Ekiti,cases,17,52971.66460014665,13164.348420718137,18197.783810492096,33548.32234185575,74323.7228205307,139906.4366831809
state,Ekiti,hospitalizations,17,703.1008769206301,205.69156916676172,276.77417531013134,463.36352233393706,970.6605323582353,1852.6057933718093
state,Ekiti,deaths,17,42.644604842538754,11.635003317329863,19.33753305835811,32.049553930508786,51.39561076187114,110.83447909262544
state,Ekiti,cases,18,23994.838881292024,6556.726720445296,8982.756227408583,15381.062770295015,33677.118865352415,62431.08945300573
state,Ekiti,hospitalizations,18,322.608685658389,91.26793094344136,127.16303230622756,211.71272584055302,444.62615039373793,816.2620390300494
state,Ekiti,deaths,18,19.17477108147522,4.761092473680203,8.340905261407098,14.222065806576573,22.887784843308253,51.77394426490407
state,Ekiti,cases,19,4711.354629155825,1402.874602984871,1817.8766090702443,3021.4929587308916,6301.458726742995,12768.43911003366
state,Ekiti,hospitalizations,19,67.71452590793034,17.26262743048871,24.759120838134997,44.47629869037312,93.63553782783174,184.6229790363927
state,Ekiti,deaths,19,5.5400201198541765,1.0432983946930334,1.954302754493146,3.8069892514114314,6.805501619973852,16.137669889102845
state,Ekiti,cases,20,1817.0982902510966,473.4554242700252,649.5230183674299,1177.9272028409848,2514.3469308860613,4851.898644283913
state,Ekiti,hospitalizations,20,20.171708369157077,5.341263563487703,7.510421652487771,12.915379850011965,27.038922026166553,55.502871418807565
state,Ekiti,deaths,20,1.836096198289729,0.45471187528614954,0.45471187528614954,1.0263068119001988,2.2448192736171477,5.939327385432225
state,Ekiti,cases,21,2098.347043457315,576.3099100608323,780.3670751884549,1356.1579603725945,2891.388508106529,5817.570991653007
state,Ekiti,hospitalizations,21,26.805587261472393,6.617115766761579,9.626525294004503,17.42998528893792,36.83767083920285,73.53600390665848
state,Ekiti,deaths,21,1.954733647653023,0.50654759821665,0.50654759821665,1.1463253383037457,2.3896397516079935,6.323090678582213
state,Ekiti,cases,22,2858.1901036984705,814.9619538903266,1078.6815103174024,1832.7294611677394,3989.900642679179,7442.49734135662
state,Ekiti,hospitalizations,22,42.234531357122485,10.312107060616592,15.112902077665234,27.23263046896028,58.791250208673105,114.48384993072182
state,Ekiti,deaths,22,3.1157463842023225,0.8001437432365335,0.9649044998787807,2.0721094479616435,3.8605388379318106,8.860143660459643
state,Ekiti,cases,23,4423.877610725669,1200.2213699667184,1623.3794838370727,2884.941514808572,5994.893171260103,12058.26775160846
state,Ekiti,hospitalizations,23,59.955802733511305,15.608962574846222,22.13780797509959,38.846193911706564,81.37921800939392,162.92884432790163
state,Ekiti,deaths,23,5.031629045672531,1.1559385013263372,1.8717092932569532,3.4807321402239935,6.013358630147886,14.383873513962506
state,Ekiti,cases,24,6645.252201783577,1900.787971164017,2544.8279312364966,4262.327375053821,9205.262747321292,17334.380275477488
state,Ekiti,hospitalizations,24,112.57730988277324,30.770091942778304,43.38127656761185,72.76721646759617,151.6468036134152,302.25765097627146
state,Ekiti,deaths,24,6.498008999041621,1.3646840183163556,2.583237991880508,4.670164668870954,8.04250711195476,17.732662444412778
state,Ekiti,cases,25,8560.784240384673,2441.5173588156263,3248.4421086643947,5448.012140249176,11939.50566413508,22669.71829605323
state,Ekiti,hospitalizations,25,139.91626151909583,34.6479827756601,50.26217304765315,92.36819656220817,196.7858260178021,373.4454800330206
state,Ekiti,deaths,25,8.65160597960371,2.0401876416056135,3.7273167866854284,6.295750765995765,10.242467345049217,22.98515616239842
state,Ekiti,cases,26,12086.96872273685,3202.0463471504713,4383.146262201884,7802.282963244262,16569.81346997497,32511.037984243583
state,Ekiti,hospitalizations,26,161.46568100395976,43.87534746589009,60.80187025559321,107.43652528213693,221.10687382748435,442.1114398094893
state,Ekiti,deaths,26,13.055427600677872,3.1109365505236597,5.780686369652439,9.783084715685872,16.20255247537474,33.08126046868454
state,Ekiti,cases,27,19719.393455091034,5497.459916364496,7348.939862071065,12695.025251625164,27082.47053250907,51321.324657063466
state,Ekiti,hospitalizations,27,217.6155109167902,57.64487438235914,82.4317164432786,141.70637395639721,300.4784562525956,583.9321276744324
state,Ekiti,deaths,27,15.091324222973409,3.957847956399557,6.7721693745688665,11.03951165484474,18.509402535355534,39.4330798981025
state,Ekiti,cases,28,21971.080963995257,6490.89408781376,8632.175591516412,14326.728918763774,30691.92537860196,56925.2771478581
state,Ekiti,hospitalizations,28,274.91628271641787,76.59789640169856,106.49489964050152,176.01090316039665,364.18403562310175,716.7236254927398
state,Ekiti,deaths,28,18.256257861099016,4.879974293780874,8.130427610990033,13.719627942292849,22.421197214666222,48.83472640910138
state,Ekiti,cases,29,24976.048802912523,6976.480363636905,9340.753605953269,15867.403018100096,34807.22253427915,68561.9094503824
state,Ekiti,hospitalizations,29,287.5524730512058,76.78100663267577,107.32701956923933,191.13523628202324,395.34821479873324,767.7157500820541
state,Ekiti,deaths,29,28.85935683155279,8.132148399879544,13.233098230770704,21.24104145548147,34.90296763155143,74.80621576211804
state,Ekiti,cases,30,16876.549320646835,5171.986986851399,6740.163152824793,10669.435778006698,22812.241065743325,43874.601604258874
state,Ekiti,hospitalizations,30,226.1134010471022,62.65451846051741,88.4939282557026,150.8660905077916,310.16621553154755,594.6872448185087
state,Ekiti,deaths,30,18.44460034966317,4.832418885443596,8.200224319322071,13.503374276463509,22.405983202752616,47.73673981959385
state,Ekiti,cases,31,10069.91946132863,2493.297371356068,3456.1731190149794,6568.846322960148,13850.938785307684,27504.859301183085
state,Ekiti,hospitalizations,31,117.13795222147843,28.22483899348894,41.423414590817615,76.10642929837,159.7833536916716,317.32104815243935
state,Ekiti,deaths,31,8.720826640059,1.7889861792619977,3.601015735925781,6.441679906215237,10.937380600524884,23.360167202577067
state,Ekiti,cases,32,10113.548095677343,3108.020499126337,4014.0731999812015,6361.021793831027,13885.711789053727,26336.718758497736
state,Ekiti,hospitalizations,32,113.58717454000237,29.849730809437737,42.26520235238564,74.59428767883895,153.58597066684516,305.52433720564994
state,Ekiti,deaths,32,6.5424720609177385,1.3628832631353922,2.5018353533228863,4.601834608298304,7.743222662797805,18.33356570272966
state,Ekiti,cases,33,9330.489940929023,2567.902901028318,3431.148655643037,5888.724820377312,13007.008588383584,24892.838590033927
state,Ekiti,hospitalizations,33,97.7548833281366,28.617342314305017,38.819447858521414,64.41518847790502,131.59799823738527,262.4595369573925
state,Ekiti,deaths,33,6.11206654493899,1.2728240042108485,2.314305411598444,4.323209418024767,7.746058124076173,16.89504235676812
state,Ekiti,cases,34,7242.416651735041,1862.5700307418633,2544.3015805354125,4619.370287887163,10028.759074522131,19903.90658727773
state,Ekiti,hospitalizations,34,79.45838469184523,21.19432672008533,29.689832622138432,51.79612774828975,108.31487992735126,211.94185498872716
state,Ekiti,deaths,34,4.722662476157519,1.1155065866496008,1.8014878289720553,3.3463772465885815,5.872491329744756,12.997427432406221
state,Ekiti,cases,35,5734.935865276394,1411.2699408469105,1962.9258669532196,3767.862782949538,8207.952096158202,15100.462142295846
state,Ekiti,hospitalizations,35,62.72019878134522,15.187090078979347,22.076383431699327,40.88233357324143,83.74133546590474,171.59479112758558
state,Ekiti,deaths,35,3.92108256094626,0.9303540505445331,1.333523103947257,2.6586422591475296,4.66284736099199,11.78202805527232
state,Ekiti,cases,36,4959.434359111838,1259.1317704809512,1750.9033739877564,3138.0732339989613,6961.994904389396,13495.79857315314
state,Ekiti,hospitalizations,36,54.09692349794225,13.617530770352774,19.66310045006463,35.02841291839699,73.88248540566144,145.41211682383403
state,Ekiti,deaths,36,3.3191028577128345,0.8546977839956382,1.0359686910731627,2.1995756073403165,4.1192712535882166,9.894174647332093
state,Ekiti,cases,37,4094.065632443627,1142.8395893835636,1535.4702944208984,2622.1537749823783,5705.204855124706,11129.766652651071
state,Ekiti,hospitalizations,37,43.79868946023298,11.411191472171916,16.324982879965397,28.727732817244775,59.835948555349084,119.28579891308556
state,Ekiti,deaths,37,3.173425983662984,0.7629987606725013,0.9456898529419995,2.099297791037332,3.9598822817043953,9.283964410594647
state,Ekiti,cases,38,3617.8627670262504,949.5494000100954,1299.0369084521544,2355.261950456808,5052.874393142749,9635.323437041417
state,Ekiti,hospitalizations,38,39.74151956885758,11.025103986407235,15.253035313270011,25.47309606469416,54.22596045831483,106.22727991597415
state,Ekiti,deaths,38,2.879087813050052,0.7622771125967509,0.8578517029723882,1.8307651044328286,3.437711855134733,8.483650664760411
state,Ekiti,cases,39,3601.3987991845706,955.9478918323493,1284.9130796618738,2334.3546447760573,5065.177366020956,9403.464510026042
state,Ekiti,hospitalizations,39,38.546040518895204,10.473528595733084,14.960933086760864,25.51036928769363,53.090204536506555,103.01721714489574
state,Ekiti,deaths,39,2.757843177128711,0.6869704411276987,0.7536018775795048,1.7892912706257893,3.5035568885000767,8.052483339463006
state,Ekiti,cases,40,3657.9785190901,970.7767272586295,1339.7504770393707,2400.60527881149,5081.019191619138,9712.858898693932
state,Ekiti,hospitalizations,40,37.47512489422617,9.424869775229496,13.83992720294358,25.02523047047662,51.67468132471838,101.52475338272396
state,Ekiti,deaths,40,2.756260349174394,0.6808215379930911,0.7107074479056628,1.7455458814673284,3.525740837387967,8.101184877016989
state,Ekiti,cases,41,3588.338487309164,899.5413376430578,1247.8821759537223,2258.6902106917937,5063.889458910247,9640.510144547961
state,Ekiti,hospitalizations,41,35.89246096509403,9.187987945623204,13.054809670780791,23.269661514411887,48.686757742586046,96.29544931057546
state,Ekiti,deaths,41,2.4896713082067414,0.5688597798653261,0.5688597798653261,1.5773179953259473,3.1064741406906813,7.770809760159079
state,Ekiti,cases,42,2965.346599844755,886.922958797999,1166.3538582817162,1870.0470831095386,4037.0647216606176,7864.55465627531
state,Ekiti,hospitalizations,42,30.120723049893964,8.1861483563737,11.364605271433106,19.68481790147853,41.79691912572317,79.97237470852214
state,Ekiti,deaths,42,2.156611326528771,0.5251337619768025,0.5251337619768025,1.3205779479315523,2.652178342945142,6.821440384052488
state,Ekiti,cases,43,2097.7960901766387,531.0965392035343,736.3763980274426,1343.7850820404533,2951.0140436675133,5646.452656988239
state,Ekiti,hospitalizations,43,21.20161527773133,4.4899204152614445,7.048129623465059,13.729806229374072,28.776814303243363,57.80219605221281
state,Ekiti,deaths,43,1.9366964768045067,0.5274577751168013,0.5274577751168013,1.0771625882792069,2.311626124801748,6.2142323577662095
state,Ekiti,cases,44,1400.69447168292,372.44798766952727,510.1972188560699,910.9161618969679,1965.5482888199278,3694.060630604022
state,Ekiti,hospitalizations,44,15.136526323035955,3.9188959953385716,5.284941039433914,9.616870003664246,21.09907179073091,40.85079062644701
state,Ekiti,deaths,44,1.3648098657708008,0.40533543963734775,0.40533543963734775,0.6159488525912383,1.6162265490619823,4.512084664346949
state,Ekiti,cases,45,979.2650372518661,252.3782979807785,347.34167845095567,634.6772597780104,1361.665185904911,2613.9976045436765
state,Ekiti,hospitalizations,45,11.202427750725377,2.9027758138535207,3.708696880416161,7.001988283477694,15.771145143526416,31.926695127426665
state,Ekiti,deaths,45,1.11249296341357,0.3694925193516144,0.3694925193516144,0.4242660350170494,1.269563992134279,3.962896407543919
state,Ekiti,cases,46,614.4309604947456,161.65830586734307,222.90692699800084,399.60834584130976,874.3928671387424,1587.9478723433779
state,Ekiti,hospitalizations,46,9.105700830670148,2.4498815988279623,2.9073314483801953,5.599748843051541,12.549477133452037,25.786108036664306
state,Ekiti,deaths,46,0.6103366377998045,0.0,0.0,0.0,0.6893020889165711,2.7296430106467153
state,Ekiti,cases,47,458.42986642144297,118.8179383032316,163.36670411855658,297.7861731402496,643.3634695794669,1203.9152896389292
state,Ekiti,hospitalizations,47,7.3971320473337,1.9505585212454313,2.184249906972081,4.382601320487366,10.43986052222499,21.063647339975887
state,Ekiti,deaths,47,0.6471960549074002,0.0,0.0,0.0,0.7399291148882263,2.9833842180959333
state,Ekiti,cases,48,343.80887419448743,91.49188016166832,124.82125317817518,218.29145681534007,479.2412187401157,913.5229972287904
state,Ekiti,hospitalizations,48,5.878665825518308,1.5290691065026074,1.539995556089389,3.458763210114439,8.323165766734135,17.045503968246308
state,Ekiti,deaths,48,0.45273848675709294,0.0,0.0,0.0,0.46811162974611475,2.1944362852557577
state,Ekiti,cases,49,300.58792809790646,76.84530035234172,109.97676036101099,197.73170917813187,429.93377280240395,784.0899122976264
state,Ekiti,hospitalizations,49,6.853200792015028,1.864177120679793,1.9752499267340249,4.053132648979741,9.67480422670149,19.449415142315097
state,Ekiti,deaths,49,0.6336537296668511,0.0,0.0,0.0,0.7343006678899742,3.1122308742128384
state,Ekiti,cases,50,195.7180991111321,59.8556515556598,78.24982526950467,121.38502993403544,264.76212465684983,517.454856251459
state,Ekiti,hospitalizations,50,3.0597380341858966,0.8237025821540681,0.8237025821540681,1.6130268632861582,4.29548291493706,9.366331877489875
state,Ekiti,deaths,50,0.5195671592504592,0.0,0.0,0.0,0.5307213402309097,2.5119795394545648
state,Ekiti,cases,51,198.24934699717952,52.38482950679328,71.68952842130093,129.3661357145192,277.4532130637212,530.6619671938444
state,Ekiti,hospitalizations,51,4.691918620486083,1.4111296884796893,1.4111296884796893,2.679649935544549,6.311337164784915,13.695077574232945
state,Ekiti,deaths,51,0.5507758249129612,0.0,0.0,0.0,0.6144252684314657,2.6507522634162104
state,Ekiti,cases,52,282.70038357962125,75.0587582604395,102.78455903042583,180.37747040837186,399.5133779791272,755.0539289480921
state,Ekiti,hospitalizations,52,5.425933024453642,1.2672745804551504,1.2672745804551504,3.1831791554134576,7.663152923847977,15.59735286891671
state,Ekiti,deaths,52,0.4976418114171673,0.0,0.0,0.0,0.5370536371172234,2.4559211671103576
state,Bayelsa,cases,1,1106.4373033944248,319.22288221081385,421.79226863308634,710.6821121835683,1534.8464565293802,2921.847665674649
state,Bayelsa,hospitalizations,1,15.080792683296444,4.034615232606074,5.3154994596742,9.410307675989952,20.32277736364354,42.38946069949086
state,Bayelsa,deaths,1,0.5618511600915511,0.0,0.0,0.0,0.6589538066860052,2.75745047954307
state,Bayelsa,cases,2,358.5995700627157,101.16697609167437,133.87115437499727,230.37557152118933,492.01432303865494,968.1237211853943
state,Bayelsa,hospitalizations,2,3.3680509302307375,0.979633408579047,0.979633408579047,1.7128013871409373,4.639160025668517,10.329038796424104
state,Bayelsa,deaths,2,1.4788887860169555,0.4365015044327968,0.4365015044327968,0.7469211458485541,1.7903380317623077,4.871223109254011
state,Bayelsa,cases,3,329.9588909574504,92.11005752606721,122.1428593555529,210.05004167661107,457.47996468271685,848.4602648074193
state,Bayelsa,hospitalizations,3,5.390048965427984,1.3946752497000623,1.3946752497000623,3.1481776787851414,7.58392304082667,15.841767047182751
state,Bayelsa,deaths,3,0.4956602162052856,0.0,0.0,0.0,0.5101201832440736,2.6143387040086377
state,Bayelsa,cases,4,400.502492980486,115.89767317029445,152.72657557147465,254.19116852221143,561.1963643762588,1056.9809177993725
state,Bayelsa,hospitalizations,4,7.826820955341602,1.983588892131524,2.2726254340201324,4.734122068270551,10.641005592102857,22.080084466471003
state,Bayelsa,deaths,4,0.50505121668828,0.0,0.0,0.0,0.5949810276064891,2.3029876429761753
state,Bayelsa,cases,5,356.5046581127719,83.52131856257277,120.10459753034961,232.86269077735759,503.7657311356039,961.9289069992109
state,Bayelsa,hospitalizations,5,5.570903364762797,1.5597323947020354,1.5597323947020354,3.2020199462250445,7.83122299828829,16.1238837747464
state,Bayelsa,deaths,5,0.48421892664353045,0.0,0.0,0.0,0.49749611554471174,2.3802010245088696
state,Bayelsa,cases,6,419.9875599373371,106.54680924260667,146.98830969670252,272.42845102938327,587.9291514386504,1116.9453886002975
state,Bayelsa,hospitalizations,6,4.943954733305415,1.4237609873654256,1.4237609873654256,2.8223826844521054,6.60825337278407,14.269786473912033
state,Bayelsa,deaths,6,0.5392679458852879,0.0,0.0,0.0,0.6049229409517279,2.6875539678895883
state,Bayelsa,cases,7,387.49185298523065,100.8688185750144,138.72078145952145,252.75546617390467,550.3214538867156,1021.0275124015537
state,Bayelsa,hospitalizations,7,7.1318148079918515,1.7920213817178068,2.0388151683630777,4.375367889586255,9.819559726636253,20.499093756084587
state,Bayelsa,deaths,7,0.5638337526223427,0.0,0.0,0.0,0.6116146258931154,2.8844222516900326
state,Bayelsa,cases,8,631.5340343083627,180.17744328461072,237.5054640771355,399.2537791922622,872.3222988582638,1732.8312243715252
state,Bayelsa,hospitalizations,8,9.163588612588448,2.200680996729351,2.7300832014482626,5.777571899224476,12.85844863277348,25.24751464114713
state,Bayelsa,deaths,8,0.6377256691325198,0.0,0.0,0.0,0.7108096969192743,2.834247021351089
state,Bayelsa,cases,9,1045.5040211399883,294.59981810455525,394.5047085794122,671.8964198165248,1433.3560238372806,2796.561400147066
state,Bayelsa,hospitalizations,9,19.52392014478473,4.695701909110741,6.8334042675836555,12.498137992991358,26.19160812696947,54.786495652565556
state,Bayelsa,deaths,9,1.7280557945549992,0.5232579522086076,0.5232579522086076,0.9458968872449608,2.110477995282797,5.180752886690307
state,Bayelsa,cases,10,2052.9492459064804,506.92789587885625,711.9810527312321,1330.4568186934653,2852.6192046921296,5539.2363462400635
state,Bayelsa,hospitalizations,10,30.8953590870752,7.745266660565759,11.100496886061435,19.682779428871424,42.004333910051834,83.94563915295099
state,Bayelsa,deaths,10,2.1380581266422487,0.6297981621569133,0.6297981621569133,1.2945205944407796,2.6460597415204927,6.164522847692719
state,Bayelsa,cases,11,6556.028936163794,1659.860643146273,2337.162482167573,4364.553763269955,9232.332687123775,17556.62457559129
state,Bayelsa,hospitalizations,11,108.90017111130179,32.736812795865404,43.80522619939549,71.75098269993867,149.15566845283706,284.49131329632706
state,Bayelsa,deaths,11,4.345604126908599,0.9575409159757076,1.5048625442286958,3.085267004975104,5.551865266971279,12.023560000677868
state,Bayelsa,cases,12,14634.17181457297,4041.915238793043,5439.425589470212,9385.789384094915,20267.687716580876,37951.26047512064
state,Bayelsa,hospitalizations,12,205.69868220653626,59.82763955223594,81.21820616503369,134.14073362101908,274.9790659749077,554.5659880907866
state,Bayelsa,deaths,12,12.857822772156414,3.0493297357143243,5.7098778763865345,9.430152210881266,15.788220417153966,31.823263506171365
state,Bayelsa,cases,13,36570.16218663439,8391.540086042354,12271.666865662419,23573.449461327513,51474.80436692992,100790.30789996992
state,Bayelsa,hospitalizations,13,506.54402522197955,142.25093261471756,193.3084352336827,329.7906965851275,701.4970103699775,1350.7959531902231
state,Bayelsa,deaths,13,30.59961951228664,8.278403734036498,13.854614684494624,22.659647870732172,35.92792314201138,81.22746257922655
state,Bayelsa,cases,14,47178.65656438875,13665.14640945491,18216.359829402798,29366.272943342763,66338.29107703835,124730.03110346655
state,Bayelsa,hospitalizations,14,614.3878380910919,152.6561036525572,224.05332695909902,404.3857988266843,848.3403589331075,1689.7513734404808
state,Bayelsa,deaths,14,48.612754783476845,13.1889001448169,22.752189566159387,36.18099561902079,59.37446597865113,128.8909016612117
state,Bayelsa,cases,15,54351.493655795035,14387.855674858623,19914.286227046177,35397.33374163689,74758.96104684772,144510.69560034465
state,Bayelsa,hospitalizations,15,1365.5807582148468,375.08593018383476,520.8797364146255,901.921263729547,1845.9782220148427,3685.318336027928
state,Bayelsa,deaths,15,76.45954254472377,20.58746796572717,35.45511815701022,56.969914418634225,91.94802792028966,199.69774847081075
state,Bayelsa,cases,16,36196.27626246557,9012.349928876794,12612.008593420209,23108.453489046286,50234.520646276964,97731.81460370307
state,Bayelsa,hospitalizations,16,888.7815999913643,243.37038564703332,340.30787824664884,588.2294677613193,1237.873914198094,2322.9309863946446
state,Bayelsa,deaths,16,78.54612467484368,21.978715109957594,36.03899102620632,58.33212242437598,93.63443441831615,196.22402033934728
state,Bayelsa,cases,17,27356.270662781393,6798.129378030384,9397.603188930349,17325.254942752217,38383.354921270744,72252.97555453787
state,Bayelsa,hospitalizations,17,440.1295635031957,128.4953105087556,173.02960956804924,289.93058200674164,607.7596260170378,1160.3113139600227
state,Bayelsa,deaths,17,82.82692590065577,23.267684188173327,38.061709524827364,62.47731909540032,99.6347290049032,213.79723841831517
state,Bayelsa,cases,18,14082.59337314499,3847.8488374941976,5271.729588500584,9027.011830247908,19765.299232899655,36641.52646643059
state,Bayelsa,hospitalizations,18,270.2746829783022,76.34635943043976,106.43650433138032,177.3128198504541,372.5594810409833,684.0944068358946
state,Bayelsa,deaths,18,48.01438603184384,12.997734005282481,21.695609871749838,35.98507342918103,57.04018243755901,127.22492220088176
state,Bayelsa,cases,19,2266.128788654951,674.4085332195611,874.067317285703,1453.1309683802874,3031.132923592874,6142.417739025275
state,Bayelsa,hospitalizations,19,44.119030945565115,10.990979236159651,15.913069287946294,28.859085468901014,61.13633681218697,120.87738570757887
state,Bayelsa,deaths,19,19.764624013451247,4.439627344509371,8.433625753308242,14.349590535033292,23.924385622863333,53.72369538689096
state,Bayelsa,cases,20,850.6462360026728,221.2477070669334,303.72251307667443,551.2412733153269,1177.2562897818539,2272.2285081991167
state,Bayelsa,hospitalizations,20,22.498423966092304,5.937213813565379,8.448113488247632,14.448598603402301,30.128295190157544,61.72844794014443
state,Bayelsa,deaths,20,6.72366102259561,1.2978238533783029,2.597335410157285,4.783419034508604,8.261257693241216,18.80600265068458
state,Bayelsa,cases,21,1407.2578425653758,386.26384518825705,523.1469317737815,909.3918036091947,1939.2360429074074,3902.141339615937
state,Bayelsa,hospitalizations,21,23.748374318805165,5.821866219768841,8.45604370455592,15.399974737259194,32.66995882802551,65.32607470496222
state,Bayelsa,deaths,21,1.5092652578352408,0.42078879705349836,0.42078879705349836,0.7829512179504997,1.8157717824452315,5.083287193943727
state,Bayelsa,cases,22,2294.0828944077102,653.9757990693844,865.6645014378087,1470.9416921084094,3202.5112972885663,5973.923948085429
state,Bayelsa,hospitalizations,22,30.673733269299483,7.285791052679897,10.802234468999862,19.679584774065763,42.79536043575634,83.58857800386173
state,Bayelsa,deaths,22,2.7225421634533973,0.7192380199715009,0.7662251737537302,1.761476216198433,3.3690703818391587,7.863145232252485
state,Bayelsa,cases,23,3580.031118079999,971.1423921707183,1313.60211805436,2334.577902637982,4851.44608233233,9758.504528462285
state,Bayelsa,hospitalizations,23,53.70946567688469,13.906830669752667,19.76658213899647,34.762646992504216,72.93677046587264,146.1289680660201
state,Bayelsa,deaths,23,3.500577822020824,0.8548117986806851,1.1236172888439833,2.31348310986824,4.18635005110615,10.376311606592916
state,Bayelsa,cases,24,5328.820967272095,1524.0985211328164,2040.5727051901422,3417.8849511020844,7381.767119147431,13900.74047910492
state,Bayelsa,hospitalizations,24,85.70553666756156,23.253431700499938,32.88086701015198,55.31422627152712,115.5312594123338,230.5082606261997
state,Bayelsa,deaths,24,3.984952455510639,0.9001079625370036,1.3634050116127847,2.7398843240235005,4.9641884447430815,11.35554780405223
state,Bayelsa,cases,25,7643.572487246384,2179.8539524682915,2900.3340029787587,4864.267229409747,10660.336296388088,20241.036529565146
state,Bayelsa,hospitalizations,25,131.98009787266344,32.64034915039178,47.37517484182308,87.10985888490936,185.64686543723508,352.3573488679294
state,Bayelsa,deaths,25,7.630108728385189,1.8228019090797143,3.223612518706021,5.518375150023398,9.044561843926463,20.429493812631595
state,Bayelsa,cases,26,12429.908464633996,3292.917850276566,4507.525967517533,8023.664727769497,17039.933026433624,33433.41544654583
state,Bayelsa,hospitalizations,26,149.74645642576576,40.63832982790387,56.343882621515235,99.61461492908576,205.08551892557455,410.1482433719122
state,Bayelsa,deaths,26,8.312129028798148,1.790898266887985,3.4861948073362354,6.134236273643821,10.381443910067023,21.54862788321579
state,Bayelsa,cases,27,11765.649948248747,3279.789160605485,4384.519472246787,7574.39068427833,16159.008057926105,30621.70690213537
state,Bayelsa,hospitalizations,27,218.23379369207782,57.81073231045146,82.66767588171561,142.1099724594081,301.3310898824767,585.5864177005
state,Bayelsa,deaths,27,16.343055595122205,4.343803250620493,7.377212115709135,11.976755657461645,20.02815770127151,42.58068776860756
state,Bayelsa,cases,28,11209.833694905472,3311.3646823749195,4403.912578558466,7309.449401545505,15659.477612179824,29044.54316091007
state,Bayelsa,hospitalizations,28,188.00982342093826,52.15657543775898,72.63679953815829,120.25706834168142,249.1605538090304,490.6593337075513
state,Bayelsa,deaths,28,19.623496236868505,5.297544871431759,8.77883145448187,14.764952842636433,24.084470277024266,52.373775128367384
state,Bayelsa,cases,29,14997.168138225095,4188.8234055092835,5608.5174571473035,9527.626797687626,20900.571610053383,41169.51826646658
state,Bayelsa,hospitalizations,29,269.2151229508071,71.83806667204092,100.4428973776358,178.92514826208426,370.160504918518,718.8642892441366
state,Bayelsa,deaths,29,29.733533448382833,8.399523393507925,13.649821041452865,21.89222429407028,35.95415025817766,77.02570295930978
state,Bayelsa,cases,30,9656.066212476797,2958.901162142791,3856.186708753931,6104.454225995582,13052.37494843325,25103.923810605833
state,Bayelsa,hospitalizations,30,170.9686141720553,47.1987380532178,66.76415107162556,113.99189833776681,234.6127935005712,450.05004592029036
state,Bayelsa,deaths,30,19.750823618442894,5.22431010951562,8.818404741725342,14.477883345516032,23.97867535468785,51.01145327902121
state,Bayelsa,cases,31,5188.347050809833,1284.2624586654877,1780.4134248803325,3384.312807955794,7136.632066223623,14172.22920639797
state,Bayelsa,hospitalizations,31,122.89600575495072,29.649260056045883,43.491135316403444,79.86460302092237,167.6199476095366,332.836042289603
state,Bayelsa,deaths,31,13.555290619617644,3.131073626895982,5.898044211380668,10.156892292107536,16.897043582688333,35.5218290926342
state,Bayelsa,cases,32,4222.731435269053,1297.2950390702958,1675.6533441978004,2655.7149800745897,5797.948263542734,10997.360935283337
state,Bayelsa,hospitalizations,32,114.66524103365676,30.139973249374158,42.672252837612504,75.30549876319793,155.04035643064455,308.4081993722284
state,Bayelsa,deaths,32,9.61876835672684,1.9779022910183803,3.943016722911059,6.907271288904396,11.341498521149804,26.290300353901525
state,Bayelsa,cases,33,3943.482323618497,1084.8921938879216,1449.7918660272528,2488.625514469829,5497.570996396351,10521.78970528739
state,Bayelsa,hospitalizations,33,97.30460876037588,28.48230153901006,38.63789040972783,64.11692681504626,130.99341541241358,261.25828872411023
state,Bayelsa,deaths,33,8.088177167893265,1.6302414002446852,3.2449842846833516,5.818001818575723,10.202009072460445,21.920088568900816
state,Bayelsa,cases,34,3127.841537047166,803.9813506150768,1098.4597842971514,1994.7993814724346,4331.4205009556745,8597.055519338413
state,Bayelsa,hospitalizations,34,77.17382123777531,20.56412542897209,28.81840397343706,50.2969974393428,105.21091649845569,205.8954344940476
state,Bayelsa,deaths,34,5.717207907889635,1.3136825592660397,2.2991877815533717,4.118535428807559,7.093427781281841,15.48414855870332
state,Bayelsa,cases,35,2392.2985489136245,588.2645384277438,818.4409836426194,1571.5444010091016,3424.155650496484,6300.030604338725
state,Bayelsa,hospitalizations,35,63.08443276566567,15.279622696090442,22.208298318314274,41.1217516476046,84.2257546857825,172.58141983261268
state,Bayelsa,deaths,35,4.803555145941929,1.1024246698709659,1.765112309662791,3.3353145851904,5.710200948571503,14.146086643969
state,Bayelsa,cases,36,2086.902420345439,529.4035862723207,736.3957661674011,1320.2711082183375,2929.8025993777305,5679.953797128147
state,Bayelsa,hospitalizations,36,54.31825915700527,13.67625957046935,19.746118513456146,35.17316414170846,74.18334049443888,146.0003562521396
state,Bayelsa,deaths,36,4.161915357586661,1.029101854479525,1.4514152193663983,2.852460194372253,5.16387644767573,12.117169065516721
state,Bayelsa,cases,37,1763.9084159182012,491.9767429780656,661.1943570202573,1129.537722530075,2458.2838981565537,4796.18410011491
state,Bayelsa,hospitalizations,37,46.187246059788485,12.0731253982571,17.248987151658998,30.313220797303025,63.08055068437507,125.7010775191208
state,Bayelsa,deaths,37,3.5590446336463297,0.8371161346703087,1.1346933349229347,2.400362255816312,4.441683129892105,10.282944324701408
state,Bayelsa,cases,38,1560.9095976790777,409.2593346372913,560.0989571502939,1015.9681449647011,2180.2639572958205,4158.059636025609
state,Bayelsa,hospitalizations,38,40.381479933048475,11.214057624424662,15.508423553965429,25.88907482185609,55.093740575093896,107.91217051299003
state,Bayelsa,deaths,38,3.032086573665199,0.7941857963075452,0.9356207995280474,1.9492600544769112,3.623473098185516,8.880633342693157
state,Bayelsa,cases,39,1571.7883748260663,416.7984180787857,560.4228894332246,1018.603558948347,2210.866400768377,4104.939757747353
state,Bayelsa,hospitalizations,39,35.2905424121874,9.528519466079818,13.646322035860337,23.326861328628027,48.635102805133286,94.44991206321325
state,Bayelsa,deaths,39,3.0416019245974906,0.7421249039129643,0.8943924614339739,2.0132337467102874,3.865131777225066,8.77927568098071
state,Bayelsa,cases,40,1532.6263314992307,406.31104855805273,560.9629152862758,1005.6101985121151,2129.0804059898405,4070.472327530839
state,Bayelsa,hospitalizations,40,36.432475969884585,9.142224337119165,13.437578030604964,24.31961852262011,50.24653318461182,98.74503963456094
state,Bayelsa,deaths,40,3.114110012694839,0.7499651727387191,0.8844453870479676,2.024381098938761,3.9853710840105396,9.025493183631223
state,Bayelsa,cases,41,1497.1594599192013,374.8783209798826,520.2728342130271,942.1755398952788,2113.0419280991164,4023.284608997732
state,Bayelsa,hospitalizations,41,34.9035694563827,8.914721360400378,12.677825533658702,22.618690237064992,47.35403820153641,93.68574901128888
state,Bayelsa,deaths,41,2.9349410581344624,0.646681760922776,0.7721702514889911,1.9299039915775449,3.6682539748448812,8.970686803980296
state,Bayelsa,cases,42,1225.6907251797866,366.18799424473985,481.7426946776766,772.7450854007703,1668.8846122688492,3251.6889965429446
state,Bayelsa,hospitalizations,42,27.948559531695473,7.544255591294386,10.500614144914053,18.239442272558954,38.806434791184216,74.3143361617542
state,Bayelsa,deaths,42,2.5670479700077267,0.5995597619977917,0.6408073668733141,1.6494681220298815,3.169793177697853,7.929955136553533
state,Bayelsa,cases,43,907.7953607326,229.4020235950345,318.2898313359522,581.3026112259986,1277.245504772563,2444.3918123108188
state,Bayelsa,hospitalizations,43,20.76703493252378,4.401801145967758,6.890176867957402,13.440718753044164,28.19241394073875,56.64814295778095
state,Bayelsa,deaths,43,2.214996714412116,0.5833179792459012,0.5833179792459012,1.2971436591145207,2.662342561372849,6.97825274224218
state,Bayelsa,cases,44,656.8166637002209,174.25952643544488,238.9053829448225,426.9631969106265,921.90314365279,1733.0957714384267
state,Bayelsa,hospitalizations,44,14.791380862954151,3.8345624122209765,5.149690806161904,9.388397829366243,20.62350573592818,39.950172918288686
state,Bayelsa,deaths,44,1.4750448961629834,0.42837170814492664,0.42837170814492664,0.7077874337330976,1.7649135163668146,4.825350789011525
state,Bayelsa,cases,45,494.1982241400266,126.99852940533404,174.97096092140657,320.123612702499,687.3744237673681,1320.0122983991866
state,Bayelsa,hospitalizations,45,11.386952373200504,2.94716057971511,3.7806950028867408,7.124342333244229,16.02758360042466,32.43015931052065
state,Bayelsa,deaths,45,1.1885907921012437,0.38659930148323274,0.38659930148323274,0.49020677124969475,1.3746403731536752,4.192668820080513
state,Bayelsa,cases,46,326.2647414925805,85.49601959983228,118.06590224757541,212.02956002754738,464.50342566175675,843.9471152208648
state,Bayelsa,hospitalizations,46,6.021246833077886,1.6857729659472456,1.6886498220265125,3.5413126034256073,8.32344741281426,17.43162412940834
state,Bayelsa,deaths,46,0.6514614760807099,0.0,0.0,0.0,0.7526647267081112,2.869535112080699
state,Bayelsa,cases,47,247.40271108264307,63.782685859507005,87.86913520183475,160.54651855820651,347.391875375665,650.4688017619671
state,Bayelsa,hospitalizations,47,7.776791114252356,2.0409492598771957,2.331811078782275,4.632036189433781,10.969994548548918,22.086097760329242
state,Bayelsa,deaths,47,0.5731282834248836,0.0,0.0,0.0,0.6247814510399187,2.7197657850234864
state,Bayelsa,cases,48,220.03798204696315,58.291451226203776,79.65707695631141,139.57567749042713,306.8562004358833,585.2503345229277
state,Bayelsa,hospitalizations,48,6.040845050827947,1.5664419754790755,1.6020770674578735,3.5677424397254844,8.551038693578496,17.48656464532856
state,Bayelsa,deaths,48,0.4892802184261334,0.0,0.0,0.0,0.5306694981187761,2.3305547660367063
state,Bayelsa,cases,49,184.0783947997351,46.77208200202715,67.10418705162144,120.95761933334407,263.45531635925016,480.79375632813384
state,Bayelsa,hospitalizations,49,4.698263483175916,1.3348687347988182,1.3348687347988182,2.6183626067969596,6.643835048853012,13.643074746268574
state,Bayelsa,deaths,49,0.5062078474074487,0.0,0.0,0.0,0.5292509413883933,2.626033854468513
state,Bayelsa,cases,50,192.98077889868625,59.00884891880246,77.1470688402629,119.68204979314879,261.06406108866344,510.2405889132204
state,Bayelsa,hospitalizations,50,4.411553830269886,1.1218684039161588,1.1218684039161588,2.5588965483618895,6.212354427990045,13.118761370702504
state,Bayelsa,deaths,50,1.246367077939291,0.3944346537400039,0.3944346537400039,0.5285966255567482,1.4318988117264664,4.06904932536996
state,Bayelsa,cases,51,171.4527953365062,45.20523588034457,61.913693604843836,111.83351669657124,240.00472943557608,459.16006475535494
state,Bayelsa,hospitalizations,51,2.8367882795856265,0.9210819453622284,0.9210819453622284,1.4018055523549096,3.772304568401956,8.591868663684597
state,Bayelsa,deaths,51,0.41690056738162307,0.0,0.0,0.0,0.38348362492028276,2.128516428626127
state,Bayelsa,cases,52,254.18485054040738,67.41387598452799,92.35287760422935,162.14670460982154,359.25663839242986,679.0607966219383
state,Bayelsa,hospitalizations,52,6.066516227212793,1.3985895973604539,1.477134236583506,3.616640261619612,8.56082899988806,17.317170899025307
state,Bayelsa,deaths,52,0.5241588031933888,0.0,0.0,0.0,0.581000389361414,2.554731324178982
