season,state,zone,climate,population,epi_week_of_season,week_start,iso_year,iso_week,cases,hospitalizations,deaths,cases_per_100k,hosp_per_100k,deaths_per_100k
2023/2024,Kano,NW,sahel,16253549,1,2023-07-03,2023,27,4910,79,13,30.209,0.486,0.08
2023/2024,Kano,NW,sahel,16253549,2,2023-07-10,2023,28,3834,36,5,23.589,0.221,0.031
2023/2024,Kano,NW,sahel,16253549,3,2023-07-17,2023,29,2882,40,5,17.732,0.246,0.031
2023/2024,Kano,NW,sahel,16253549,4,2023-07-24,2023,30,3245,26,2,19.965,0.16,0.012
2023/2024,Kano,NW,sahel,16253549,5,2023-07-31,2023,31,3009,38,7,18.513,0.234,0.043
2023/2024,Kano,NW,sahel,16253549,6,2023-08-07,2023,32,2941,37,3,18.095,0.228,0.018
2023/2024,Kano,NW,sahel,16253549,7,2023-08-14,2023,33,2593,33,11,15.953,0.203,0.068
2023/2024,Kano,NW,sahel,16253549,8,2023-08-21,2023,34,2393,73,4,14.723,0.449,0.025
2023/2024,Kano,NW,sahel,16253549,9,2023-08-28,2023,35,4670,105,8,28.732,0.646,0.049
2023/2024,Kano,NW,sahel,16253549,10,2023-09-04,2023,36,3790,54,6,23.318,0.332,0.037
2023/2024,Kano,NW,sahel,16253549,11,2023-09-11,2023,37,6492,85,16,39.942,0.523,0.098
2023/2024,Kano,NW,sahel,16253549,12,2023-09-18,2023,38,13241,217,16,81.465,1.335,0.098
2023/2024,Kano,NW,sahel,16253549,13,2023-09-25,2023,39,48199,208,39,296.544,1.28,0.24
2023/2024,Kano,NW,sahel,16253549,14,2023-10-02,2023,40,73345,994,81,451.255,6.116,0.498
2023/2024,Kano,NW,sahel,16253549,15,2023-10-09,2023,41,118825,1229,184,731.071,7.561,1.132
2023/2024,Kano,NW,sahel,16253549,16,2023-10-16,2023,42,155414,4169,353,956.185,25.65,2.172
2023/2024,Kano,NW,sahel,16253549,17,2023-10-23,2023,43,121118,2398,301,745.179,14.754,1.852
2023/2024,Kano,NW,sahel,16253549,18,2023-10-30,2023,44,130404,2368,179,802.311,14.569,1.101
2023/2024,Kano,NW,sahel,16253549,19,2023-11-06,2023,45,37421,427,92,230.233,2.627,0.566
2023/2024,Kano,NW,sahel,16253549,20,2023-11-13,2023,46,10900,201,18,67.062,1.237,0.111
2023/2024,Kano,NW,sahel,16253549,21,2023-11-20,2023,47,5617,65,13,34.559,0.4,0.08
2023/2024,Kano,NW,sahel,16253549,22,2023-11-27,2023,48,5415,125,13,33.316,0.769,0.08
2023/2024,Kano,NW,sahel,16253549,23,2023-12-04,2023,49,14738,173,33,90.676,1.064,0.203
2023/2024,Kano,NW,sahel,16253549,24,2023-12-11,2023,50,13650,397,35,83.982,2.443,0.215
2023/2024,Kano,NW,sahel,16253549,25,2023-12-18,2023,51,35411,456,43,217.866,2.806,0.265
2023/2024,Kano,NW,sahel,16253549,26,2023-12-25,2023,52,45878,611,51,282.265,3.759,0.314
2023/2024,Kano,NW,sahel,16253549,27,2024-01-01,2024,1,52564,793,67,323.4,4.879,0.412
2023/2024,Kano,NW,sahel,16253549,28,2024-01-08,2024,2,51235,743,28,315.223,4.571,0.172
2023/2024,Kano,NW,sahel,16253549,29,2024-01-15,2024,3,15836,266,24,97.431,1.637,0.148
2023/2024,Kano,NW,sahel,16253549,30,2024-01-22,2024,4,9862,87,12,60.676,0.535,0.074
2023/2024,Kano,NW,sahel,16253549,31,2024-01-29,2024,5,3718,54,8,22.875,0.332,0.049
2023/2024,Kano,NW,sahel,16253549,32,2024-02-05,2024,6,5313,55,10,32.688,0.338,0.062
2023/2024,Kano,NW,sahel,16253549,33,2024-02-12,2024,7,2284,45,7,14.052,0.277,0.043
2023/2024,Kano,NW,sahel,16253549,34,2024-02-19,2024,8,5685,55,7,34.977,0.338,0.043
2023/2024,Kano,NW,sahel,16253549,35,2024-02-26,2024,9,1306,19,1,8.035,0.117,0.006
2023/2024,Kano,NW,sahel,16253549,36,2024-03-04,2024,10,3310,79,8,20.365,0.486,0.049
2023/2024,Kano,NW,sahel,16253549,37,2024-03-11,2024,11,3674,43,7,22.604,0.265,0.043
2023/2024,Kano,NW,sahel,16253549,38,2024-03-18,2024,12,2888,36,3,17.768,0.221,0.018
2023/2024,Kano,NW,sahel,16253549,39,2024-03-25,2024,13,1954,40,1,12.022,0.246,0.006
2023/2024,Kano,NW,sahel,16253549,40,2024-04-01,2024,14,3729,45,8,22.943,0.277,0.049
2023/2024,Kano,NW,sahel,16253549,41,2024-04-08,2024,15,2324,38,9,14.298,0.234,0.055
2023/2024,Kano,NW,sahel,16253549,42,2024-04-15,2024,16,3888,59,5,23.921,0.363,0.031
2023/2024,Kano,NW,sahel,16253549,43,2024-04-22,2024,17,3676,32,9,22.617,0.197,0.055
2023/2024,Kano,NW,sahel,16253549,44,2024-04-29,2024,18,1716,40,12,10.558,0.246,0.074
2023/2024,Kano,NW,sahel,16253549,45,2024-05-06,2024,19,5212,35,13,32.067,0.215,0.08
2023/2024,Kano,NW,sahel,16253549,46,2024-05-13,2024,20,2473,47,1,15.215,0.289,0.006
2023/2024,Kano,NW,sahel,16253549,47,2024-05-20,2024,21,2994,30,7,18.421,0.185,0.043
2023/2024,Kano,NW,sahel,16253549,48,2024-05-27,2024,22,2815,48,9,17.319,0.295,0.055
2023/2024,Kano,NW,sahel,16253549,49,2024-06-03,2024,23,2813,40,5,17.307,0.246,0.031
2023/2024,Kano,NW,sahel,16253549,50,2024-06-10,2024,24,1998,54,2,12.293,0.332,0.012
2023/2024,Kano,NW,sahel,16253549,51,2024-06-17,2024,25,3205,50,6,19.719,0.308,0.037
2023/2024,Kano,NW,sahel,16253549,52,2024-06-24,2024,26,3410,43,0,20.98,0.265,0.0
2023/2024,Lagos,SW,tropical,15772884,1,2023-07-03,2023,27,3557,73,5,22.551,0.463,0.032
2023/2024,Lagos,SW,tropical,15772884,2,2023-07-10,2023,28,1534,24,1,9.726,0.152,0.006
2023/2024,Lagos,SW,tropical,15772884,3,2023-07-17,2023,29,2637,59,2,16.719,0.374,0.013
2023/2024,Lagos,SW,tropical,15772884,4,2023-07-24,2023,30,1199,47,5,7.602,0.298,0.032
2023/2024,Lagos,SW,tropical,15772884,5,2023-07-31,2023,31,998,44,3,6.327,0.279,0.019
2023/2024,Lagos,SW,tropical,15772884,6,2023-08-07,2023,32,3079,59,1,19.521,0.374,0.006
2023/2024,Lagos,SW,tropical,15772884,7,2023-08-14,2023,33,2259,76,3,14.322,0.482,0.019
2023/2024,Lagos,SW,tropical,15772884,8,2023-08-21,2023,34,4939,68,3,31.313,0.431,0.019
2023/2024,Lagos,SW,tropical,15772884,9,2023-08-28,2023,35,9222,219,7,58.467,1.388,0.044
2023/2024,Lagos,SW,tropical,15772884,10,2023-09-04,2023,36,16916,370,10,107.247,2.346,0.063
2023/2024,Lagos,SW,tropical,15772884,11,2023-09-11,2023,37,60059,705,52,380.774,4.47,0.33
2023/2024,Lagos,SW,tropical,15772884,12,2023-09-18,2023,38,73883,1871,82,468.418,11.862,0.52
2023/2024,Lagos,SW,tropical,15772884,13,2023-09-25,2023,39,335285,4335,158,2125.705,27.484,1.002
2023/2024,Lagos,SW,tropical,15772884,14,2023-10-02,2023,40,264378,6527,253,1676.155,41.381,1.604
2023/2024,Lagos,SW,tropical,15772884,15,2023-10-09,2023,41,111108,2624,196,704.424,16.636,1.243
2023/2024,Lagos,SW,tropical,15772884,16,2023-10-16,2023,42,102385,1992,70,649.12,12.629,0.444
2023/2024,Lagos,SW,tropical,15772884,17,2023-10-23,2023,43,17027,801,46,107.951,5.078,0.292
2023/2024,Lagos,SW,tropical,15772884,18,2023-10-30,2023,44,3735,81,4,23.68,0.514,0.025
2023/2024,Lagos,SW,tropical,15772884,19,2023-11-06,2023,45,1887,57,4,11.964,0.361,0.025
2023/2024,Lagos,SW,tropical,15772884,20,2023-11-13,2023,46,2262,38,1,14.341,0.241,0.006
2023/2024,Lagos,SW,tropical,15772884,21,2023-11-20,2023,47,5074,60,3,32.169,0.38,0.019
2023/2024,Lagos,SW,tropical,15772884,22,2023-11-27,2023,48,5754,83,3,36.48,0.526,0.019
2023/2024,Lagos,SW,tropical,15772884,23,2023-12-04,2023,49,7047,72,3,44.678,0.456,0.019
2023/2024,Lagos,SW,tropical,15772884,24,2023-12-11,2023,50,7893,263,13,50.042,1.667,0.082
2023/2024,Lagos,SW,tropical,15772884,25,2023-12-18,2023,51,22811,236,13,144.622,1.496,0.082
2023/2024,Lagos,SW,tropical,15772884,26,2023-12-25,2023,52,23700,354,13,150.258,2.244,0.082
2023/2024,Lagos,SW,tropical,15772884,27,2024-01-01,2024,1,20397,323,9,129.317,2.048,0.057
2023/2024,Lagos,SW,tropical,15772884,28,2024-01-08,2024,2,22750,243,13,144.235,1.541,0.082
2023/2024,Lagos,SW,tropical,15772884,29,2024-01-15,2024,3,8608,128,7,54.575,0.812,0.044
2023/2024,Lagos,SW,tropical,15772884,30,2024-01-22,2024,4,1999,77,2,12.674,0.488,0.013
2023/2024,Lagos,SW,tropical,15772884,31,2024-01-29,2024,5,2130,35,5,13.504,0.222,0.032
2023/2024,Lagos,SW,tropical,15772884,32,2024-02-05,2024,6,1502,50,1,9.523,0.317,0.006
2023/2024,Lagos,SW,tropical,15772884,33,2024-02-12,2024,7,1690,35,0,10.715,0.222,0.0
2023/2024,Lagos,SW,tropical,15772884,34,2024-02-19,2024,8,1297,14,2,8.223,0.089,0.013
2023/2024,Lagos,SW,tropical,15772884,35,2024-02-26,2024,9,1209,17,0,7.665,0.108,0.0
2023/2024,Lagos,SW,tropical,15772884,36,2024-03-04,2024,10,1593,34,2,10.1,0.216,0.013
2023/2024,Lagos,SW,tropical,15772884,37,2024-03-11,2024,11,1816,23,1,11.513,0.146,0.006
2023/2024,Lagos,SW,tropical,15772884,38,2024-03-18,2024,12,2229,28,1,14.132,0.178,0.006
2023/2024,Lagos,SW,tropical,15772884,39,2024-03-25,2024,13,1955,30,0,12.395,0.19,0.0
2023/2024,Lagos,SW,tropical,15772884,40,2024-04-01,2024,14,1879,34,1,11.913,0.216,0.006
2023/2024,Lagos,SW,tropical,15772884,41,2024-04-08,2024,15,2251,36,1,14.271,0.228,0.006
2023/2024,Lagos,SW,tropical,15772884,42,2024-04-15,2024,16,1165,21,0,7.386,0.133,0.0
2023/2024,Lagos,SW,tropical,15772884,43,2024-04-22,2024,17,2613,33,3,16.566,0.209,0.019
2023/2024,Lagos,SW,tropical,15772884,44,2024-04-29,2024,18,1899,47,3,12.04,0.298,0.019
2023/2024,Lagos,SW,tropical,15772884,45,2024-05-06,2024,19,1038,33,0,6.581,0.209,0.0
2023/2024,Lagos,SW,tropical,15772884,46,2024-05-13,2024,20,1178,64,0,7.469,0.406,0.0
2023/2024,Lagos,SW,tropical,15772884,47,2024-05-20,2024,21,1824,21,2,11.564,0.133,0.013
2023/2024,Lagos,SW,tropical,15772884,48,2024-05-27,2024,22,2108,34,1,13.365,0.216,0.006
2023/2024,Lagos,SW,tropical,15772884,49,2024-06-03,2024,23,1763,33,1,11.177,0.209,0.006
2023/2024,Lagos,SW,tropical,15772884,50,2024-06-10,2024,24,2183,52,0,13.84,0.33,0.0
2023/2024,Lagos,SW,tropical,15772884,51,2024-06-17,2024,25,1750,43,1,11.095,0.273,0.006
2023/2024,Lagos,SW,tropical,15772884,52,2024-06-24,2024,26,1111,34,0,7.044,0.216,0.0
2023/2024,Katsina,NW,sahel,9300382,1,2023-07-03,2023,27,8091,83,8,86.996,0.892,0.086
2023/2024,Katsina,NW,sahel,9300382,2,2023-07-10,2023,28,1203,37,4,12.935,0.398,0.043
2023/2024,Katsina,NW,sahel,9300382,3,2023-07-17,2023,29,1059,13,0,11.387,0.14,0.0
2023/2024,Katsina,NW,sahel,9300382,4,2023-07-24,2023,30,1878,44,4,20.193,0.473,0.043
2023/2024,Katsina,NW,sahel,9300382,5,2023-07-31,2023,31,1735,16,2,18.655,0.172,0.022
2023/2024,Katsina,NW,sahel,9300382,6,2023-08-07,2023,32,1353,21,1,14.548,0.226,0.011
2023/2024,Katsina,NW,sahel,9300382,7,2023-08-14,2023,33,2430,19,5,26.128,0.204,0.054
2023/2024,Katsina,NW,sahel,9300382,8,2023-08-21,2023,34,1482,17,4,15.935,0.183,0.043
2023/2024,Katsina,NW,sahel,9300382,9,2023-08-28,2023,35,1135,18,5,12.204,0.194,0.054
2023/2024,Katsina,NW,sahel,9300382,10,2023-09-04,2023,36,3133,31,3,33.687,0.333,0.032
2023/2024,Katsina,NW,sahel,9300382,11,2023-09-11,2023,37,3568,26,10,38.364,0.28,0.108
2023/2024,Katsina,NW,sahel,9300382,12,2023-09-18,2023,38,8061,108,8,86.674,1.161,0.086
2023/2024,Katsina,NW,sahel,9300382,13,2023-09-25,2023,39,14100,323,33,151.607,3.473,0.355
2023/2024,Katsina,NW,sahel,9300382,14,2023-10-02,2023,40,44696,404,43,480.582,4.344,0.462
2023/2024,Katsina,NW,sahel,9300382,15,2023-10-09,2023,41,41409,857,104,445.24,9.215,1.118
2023/2024,Katsina,NW,sahel,9300382,16,2023-10-16,2023,42,231066,1282,218,2484.479,13.784,2.344
2023/2024,Katsina,NW,sahel,9300382,17,2023-10-23,2023,43,95247,1220,229,1024.119,13.118,2.462
2023/2024,Katsina,NW,sahel,9300382,18,2023-10-30,2023,44,58573,715,147,629.791,7.688,1.581
2023/2024,Katsina,NW,sahel,9300382,19,2023-11-06,2023,45,24454,274,72,262.935,2.946,0.774
2023/2024,Katsina,NW,sahel,9300382,20,2023-11-13,2023,46,5078,82,12,54.6,0.882,0.129
2023/2024,Katsina,NW,sahel,9300382,21,2023-11-20,2023,47,2832,24,3,30.45,0.258,0.032
2023/2024,Katsina,NW,sahel,9300382,22,2023-11-27,2023,48,5212,47,10,56.041,0.505,0.108
2023/2024,Katsina,NW,sahel,9300382,23,2023-12-04,2023,49,5831,87,13,62.696,0.935,0.14
2023/2024,Katsina,NW,sahel,9300382,24,2023-12-11,2023,50,15127,170,16,162.649,1.828,0.172
2023/2024,Katsina,NW,sahel,9300382,25,2023-12-18,2023,51,19759,404,47,212.454,4.344,0.505
2023/2024,Katsina,NW,sahel,9300382,26,2023-12-25,2023,52,31071,351,45,334.083,3.774,0.484
2023/2024,Katsina,NW,sahel,9300382,27,2024-01-01,2024,1,22683,504,43,243.893,5.419,0.462
2023/2024,Katsina,NW,sahel,9300382,28,2024-01-08,2024,2,25161,297,37,270.537,3.193,0.398
2023/2024,Katsina,NW,sahel,9300382,29,2024-01-15,2024,3,13065,129,12,140.478,1.387,0.129
2023/2024,Katsina,NW,sahel,9300382,30,2024-01-22,2024,4,6846,44,3,73.61,0.473,0.032
2023/2024,Katsina,NW,sahel,9300382,31,2024-01-29,2024,5,3400,16,4,36.558,0.172,0.043
2023/2024,Katsina,NW,sahel,9300382,32,2024-02-05,2024,6,2417,14,3,25.988,0.151,0.032
2023/2024,Katsina,NW,sahel,9300382,33,2024-02-12,2024,7,1687,19,1,18.139,0.204,0.011
2023/2024,Katsina,NW,sahel,9300382,34,2024-02-19,2024,8,1218,18,7,13.096,0.194,0.075
2023/2024,Katsina,NW,sahel,9300382,35,2024-02-26,2024,9,1363,23,3,14.655,0.247,0.032
2023/2024,Katsina,NW,sahel,9300382,36,2024-03-04,2024,10,2319,19,2,24.934,0.204,0.022
2023/2024,Katsina,NW,sahel,9300382,37,2024-03-11,2024,11,1783,22,5,19.171,0.237,0.054
2023/2024,Katsina,NW,sahel,9300382,38,2024-03-18,2024,12,1685,33,1,18.118,0.355,0.011
2023/2024,Katsina,NW,sahel,9300382,39,2024-03-25,2024,13,1727,27,3,18.569,0.29,0.032
2023/2024,Katsina,NW,sahel,9300382,40,2024-04-01,2024,14,1940,24,4,20.859,0.258,0.043
2023/2024,Katsina,NW,sahel,9300382,41,2024-04-08,2024,15,1885,30,4,20.268,0.323,0.043
2023/2024,Katsina,NW,sahel,9300382,42,2024-04-15,2024,16,2807,24,2,30.182,0.258,0.022
2023/2024,Katsina,NW,sahel,9300382,43,2024-04-22,2024,17,2166,12,3,23.289,0.129,0.032
2023/2024,Katsina,NW,sahel,9300382,44,2024-04-29,2024,18,1321,13,4,14.204,0.14,0.043
2023/2024,Katsina,NW,sahel,9300382,45,2024-05-06,2024,19,1591,15,3,17.107,0.161,0.032
2023/2024,Katsina,NW,sahel,9300382,46,2024-05-13,2024,20,1944,26,1,20.902,0.28,0.011
2023/2024,Katsina,NW,sahel,9300382,47,2024-05-20,2024,21,1385,15,2,14.892,0.161,0.022
2023/2024,Katsina,NW,sahel,9300382,48,2024-05-27,2024,22,2454,14,7,26.386,0.151,0.075
2023/2024,Katsina,NW,sahel,9300382,49,2024-06-03,2024,23,1488,14,2,15.999,0.151,0.022
2023/2024,Katsina,NW,sahel,9300382,50,2024-06-10,2024,24,2525,29,2,27.149,0.312,0.022
2023/2024,Katsina,NW,sahel,9300382,51,2024-06-17,2024,25,1011,25,1,10.871,0.269,0.011
2023/2024,Katsina,NW,sahel,9300382,52,2024-06-24,2024,26,1754,19,6,18.859,0.204,0.065
2023/2024,Kaduna,NW,savanna,8324285,1,2023-07-03,2023,27,4423,116,3,53.134,1.394,0.036
2023/2024,Kaduna,NW,savanna,8324285,2,2023-07-10,2023,28,1146,17,3,13.767,0.204,0.036
2023/2024,Kaduna,NW,savanna,8324285,3,2023-07-17,2023,29,1462,13,1,17.563,0.156,0.012
2023/2024,Kaduna,NW,savanna,8324285,4,2023-07-24,2023,30,870,10,2,10.451,0.12,0.024
2023/2024,Kaduna,NW,savanna,8324285,5,2023-07-31,2023,31,1431,24,6,17.191,0.288,0.072
2023/2024,Kaduna,NW,savanna,8324285,6,2023-08-07,2023,32,1234,17,4,14.824,0.204,0.048
2023/2024,Kaduna,NW,savanna,8324285,7,2023-08-14,2023,33,1006,36,3,12.085,0.432,0.036
2023/2024,Kaduna,NW,savanna,8324285,8,2023-08-21,2023,34,1279,22,4,15.365,0.264,0.048
2023/2024,Kaduna,NW,savanna,8324285,9,2023-08-28,2023,35,2021,16,4,24.278,0.192,0.048
2023/2024,Kaduna,NW,savanna,8324285,10,2023-09-04,2023,36,4400,43,4,52.857,0.517,0.048
2023/2024,Kaduna,NW,savanna,8324285,11,2023-09-11,2023,37,12630,178,20,151.725,2.138,0.24
2023/2024,Kaduna,NW,savanna,8324285,12,2023-09-18,2023,38,17988,468,26,216.091,5.622,0.312
2023/2024,Kaduna,NW,savanna,8324285,13,2023-09-25,2023,39,31837,1105,75,382.459,13.274,0.901
2023/2024,Kaduna,NW,savanna,8324285,14,2023-10-02,2023,40,104962,2045,100,1260.913,24.567,1.201
2023/2024,Kaduna,NW,savanna,8324285,15,2023-10-09,2023,41,98958,1749,201,1188.787,21.011,2.415
2023/2024,Kaduna,NW,savanna,8324285,16,2023-10-16,2023,42,117382,1754,166,1410.115,21.071,1.994
2023/2024,Kaduna,NW,savanna,8324285,17,2023-10-23,2023,43,26462,764,83,317.889,9.178,0.997
2023/2024,Kaduna,NW,savanna,8324285,18,2023-10-30,2023,44,11838,267,15,142.21,3.207,0.18
2023/2024,Kaduna,NW,savanna,8324285,19,2023-11-06,2023,45,3210,35,6,38.562,0.42,0.072
2023/2024,Kaduna,NW,savanna,8324285,20,2023-11-13,2023,46,1878,22,2,22.56,0.264,0.024
2023/2024,Kaduna,NW,savanna,8324285,21,2023-11-20,2023,47,1537,32,4,18.464,0.384,0.048
2023/2024,Kaduna,NW,savanna,8324285,22,2023-11-27,2023,48,2847,73,5,34.201,0.877,0.06
2023/2024,Kaduna,NW,savanna,8324285,23,2023-12-04,2023,49,4366,83,7,52.449,0.997,0.084
2023/2024,Kaduna,NW,savanna,8324285,24,2023-12-11,2023,50,12859,106,11,154.476,1.273,0.132
2023/2024,Kaduna,NW,savanna,8324285,25,2023-12-18,2023,51,10852,184,27,130.366,2.21,0.324
2023/2024,Kaduna,NW,savanna,8324285,26,2023-12-25,2023,52,17564,282,22,210.997,3.388,0.264
2023/2024,Kaduna,NW,savanna,8324285,27,2024-01-01,2024,1,21251,322,17,255.289,3.868,0.204
2023/2024,Kaduna,NW,savanna,8324285,28,2024-01-08,2024,2,18828,261,32,226.182,3.135,0.384
2023/2024,Kaduna,NW,savanna,8324285,29,2024-01-15,2024,3,4513,84,20,54.215,1.009,0.24
2023/2024,Kaduna,NW,savanna,8324285,30,2024-01-22,2024,4,2564,67,5,30.801,0.805,0.06
2023/2024,Kaduna,NW,savanna,8324285,31,2024-01-29,2024,5,1361,22,1,16.35,0.264,0.012
2023/2024,Kaduna,NW,savanna,8324285,32,2024-02-05,2024,6,2410,18,4,28.951,0.216,0.048
2023/2024,Kaduna,NW,savanna,8324285,33,2024-02-12,2024,7,866,14,1,10.403,0.168,0.012
2023/2024,Kaduna,NW,savanna,8324285,34,2024-02-19,2024,8,995,20,0,11.953,0.24,0.0
2023/2024,Kaduna,NW,savanna,8324285,35,2024-02-26,2024,9,1667,9,2,20.026,0.108,0.024
2023/2024,Kaduna,NW,savanna,8324285,36,2024-03-04,2024,10,2149,14,1,25.816,0.168,0.012
2023/2024,Kaduna,NW,savanna,8324285,37,2024-03-11,2024,11,1162,18,1,13.959,0.216,0.012
2023/2024,Kaduna,NW,savanna,8324285,38,2024-03-18,2024,12,899,13,2,10.8,0.156,0.024
2023/2024,Kaduna,NW,savanna,8324285,39,2024-03-25,2024,13,1425,18,0,17.119,0.216,0.0
2023/2024,Kaduna,NW,savanna,8324285,40,2024-04-01,2024,14,1002,25,6,12.037,0.3,0.072
2023/2024,Kaduna,NW,savanna,8324285,41,2024-04-08,2024,15,1286,29,1,15.449,0.348,0.012
2023/2024,Kaduna,NW,savanna,8324285,42,2024-04-15,2024,16,731,13,5,8.782,0.156,0.06
2023/2024,Kaduna,NW,savanna,8324285,43,2024-04-22,2024,17,1785,12,1,21.443,0.144,0.012
2023/2024,Kaduna,NW,savanna,8324285,44,2024-04-29,2024,18,2049,22,3,24.615,0.264,0.036
2023/2024,Kaduna,NW,savanna,8324285,45,2024-05-06,2024,19,578,22,3,6.944,0.264,0.036
2023/2024,Kaduna,NW,savanna,8324285,46,2024-05-13,2024,20,985,15,2,11.833,0.18,0.024
2023/2024,Kaduna,NW,savanna,8324285,47,2024-05-20,2024,21,923,21,1,11.088,0.252,0.012
2023/2024,Kaduna,NW,savanna,8324285,48,2024-05-27,2024,22,1047,27,0,12.578,0.324,0.0
2023/2024,Kaduna,NW,savanna,8324285,49,2024-06-03,2024,23,1320,20,1,15.857,0.24,0.012
2023/2024,Kaduna,NW,savanna,8324285,50,2024-06-10,2024,24,742,12,0,8.914,0.144,0.0
2023/2024,Kaduna,NW,savanna,8324285,51,2024-06-17,2024,25,1132,31,1,13.599,0.372,0.012
2023/2024,Kaduna,NW,savanna,8324285,52,2024-06-24,2024,26,1462,33,0,17.563,0.396,0.0
2023/2024,Bauchi,NE,sahel,7540663,1,2023-07-03,2023,27,3775,32,11,50.062,0.424,0.146
2023/2024,Bauchi,NE,sahel,7540663,2,2023-07-10,2023,28,1777,24,6,23.566,0.318,0.08
2023/2024,Bauchi,NE,sahel,7540663,3,2023-07-17,2023,29,992,17,2,13.155,0.225,0.027
2023/2024,Bauchi,NE,sahel,7540663,4,2023-07-24,2023,30,1150,11,3,15.251,0.146,0.04
2023/2024,Bauchi,NE,sahel,7540663,5,2023-07-31,2023,31,1047,26,2,13.885,0.345,0.027
2023/2024,Bauchi,NE,sahel,7540663,6,2023-08-07,2023,32,1579,18,4,20.94,0.239,0.053
2023/2024,Bauchi,NE,sahel,7540663,7,2023-08-14,2023,33,1261,19,2,16.723,0.252,0.027
2023/2024,Bauchi,NE,sahel,7540663,8,2023-08-21,2023,34,1354,23,4,17.956,0.305,0.053
2023/2024,Bauchi,NE,sahel,7540663,9,2023-08-28,2023,35,1612,16,2,21.377,0.212,0.027
2023/2024,Bauchi,NE,sahel,7540663,10,2023-09-04,2023,36,2243,29,3,29.745,0.385,0.04
2023/2024,Bauchi,NE,sahel,7540663,11,2023-09-11,2023,37,3113,65,6,41.283,0.862,0.08
2023/2024,Bauchi,NE,sahel,7540663,12,2023-09-18,2023,38,4742,37,5,62.886,0.491,0.066
2023/2024,Bauchi,NE,sahel,7540663,13,2023-09-25,2023,39,14829,209,27,196.654,2.772,0.358
2023/2024,Bauchi,NE,sahel,7540663,14,2023-10-02,2023,40,13041,448,44,172.942,5.941,0.584
2023/2024,Bauchi,NE,sahel,7540663,15,2023-10-09,2023,41,53771,1048,100,713.081,13.898,1.326
2023/2024,Bauchi,NE,sahel,7540663,16,2023-10-16,2023,42,64399,1087,215,854.023,14.415,2.851
2023/2024,Bauchi,NE,sahel,7540663,17,2023-10-23,2023,43,57516,977,155,762.745,12.956,2.056
2023/2024,Bauchi,NE,sahel,7540663,18,2023-10-30,2023,44,78362,1101,73,1039.192,14.601,0.968
2023/2024,Bauchi,NE,sahel,7540663,19,2023-11-06,2023,45,21879,226,64,290.147,2.997,0.849
2023/2024,Bauchi,NE,sahel,7540663,20,2023-11-13,2023,46,4880,81,23,64.716,1.074,0.305
2023/2024,Bauchi,NE,sahel,7540663,21,2023-11-20,2023,47,3243,64,3,43.007,0.849,0.04
2023/2024,Bauchi,NE,sahel,7540663,22,2023-11-27,2023,48,5672,42,7,75.219,0.557,0.093
2023/2024,Bauchi,NE,sahel,7540663,23,2023-12-04,2023,49,6465,78,15,85.735,1.034,0.199
2023/2024,Bauchi,NE,sahel,7540663,24,2023-12-11,2023,50,9678,60,6,128.344,0.796,0.08
2023/2024,Bauchi,NE,sahel,7540663,25,2023-12-18,2023,51,18163,303,39,240.867,4.018,0.517
2023/2024,Bauchi,NE,sahel,7540663,26,2023-12-25,2023,52,23010,189,47,305.146,2.506,0.623
2023/2024,Bauchi,NE,sahel,7540663,27,2024-01-01,2024,1,30634,375,50,406.251,4.973,0.663
2023/2024,Bauchi,NE,sahel,7540663,28,2024-01-08,2024,2,11914,258,17,157.997,3.421,0.225
2023/2024,Bauchi,NE,sahel,7540663,29,2024-01-15,2024,3,11065,105,11,146.738,1.392,0.146
2023/2024,Bauchi,NE,sahel,7540663,30,2024-01-22,2024,4,4036,66,12,53.523,0.875,0.159
2023/2024,Bauchi,NE,sahel,7540663,31,2024-01-29,2024,5,2347,22,4,31.125,0.292,0.053
2023/2024,Bauchi,NE,sahel,7540663,32,2024-02-05,2024,6,1448,31,2,19.203,0.411,0.027
2023/2024,Bauchi,NE,sahel,7540663,33,2024-02-12,2024,7,1602,25,2,21.245,0.332,0.027
2023/2024,Bauchi,NE,sahel,7540663,34,2024-02-19,2024,8,1437,18,3,19.057,0.239,0.04
2023/2024,Bauchi,NE,sahel,7540663,35,2024-02-26,2024,9,2030,24,5,26.921,0.318,0.066
2023/2024,Bauchi,NE,sahel,7540663,36,2024-03-04,2024,10,1923,18,3,25.502,0.239,0.04
2023/2024,Bauchi,NE,sahel,7540663,37,2024-03-11,2024,11,1137,17,5,15.078,0.225,0.066
2023/2024,Bauchi,NE,sahel,7540663,38,2024-03-18,2024,12,1793,20,1,23.778,0.265,0.013
2023/2024,Bauchi,NE,sahel,7540663,39,2024-03-25,2024,13,1392,22,1,18.46,0.292,0.013
2023/2024,Bauchi,NE,sahel,7540663,40,2024-04-01,2024,14,1108,28,2,14.694,0.371,0.027
2023/2024,Bauchi,NE,sahel,7540663,41,2024-04-08,2024,15,1703,20,2,22.584,0.265,0.027
2023/2024,Bauchi,NE,sahel,7540663,42,2024-04-15,2024,16,1567,30,3,20.781,0.398,0.04
2023/2024,Bauchi,NE,sahel,7540663,43,2024-04-22,2024,17,1559,14,3,20.675,0.186,0.04
2023/2024,Bauchi,NE,sahel,7540663,44,2024-04-29,2024,18,1453,14,4,19.269,0.186,0.053
2023/2024,Bauchi,NE,sahel,7540663,45,2024-05-06,2024,19,1026,17,1,13.606,0.225,0.013
2023/2024,Bauchi,NE,sahel,7540663,46,2024-05-13,2024,20,1110,16,1,14.72,0.212,0.013
2023/2024,Bauchi,NE,sahel,7540663,47,2024-05-20,2024,21,1147,10,0,15.211,0.133,0.0
2023/2024,Bauchi,NE,sahel,7540663,48,2024-05-27,2024,22,945,24,5,12.532,0.318,0.066
2023/2024,Bauchi,NE,sahel,7540663,49,2024-06-03,2024,23,2394,16,1,31.748,0.212,0.013
2023/2024,Bauchi,NE,sahel,7540663,50,2024-06-10,2024,24,1395,17,1,18.5,0.225,0.013
2023/2024,Bauchi,NE,sahel,7540663,51,2024-06-17,2024,25,1427,17,2,18.924,0.225,0.027
2023/2024,Bauchi,NE,sahel,7540663,52,2024-06-24,2024,26,1134,21,2,15.038,0.278,0.027
2023/2024,Oyo,SW,tropical,7512855,1,2023-07-03,2023,27,3068,47,4,40.837,0.626,0.053
2023/2024,Oyo,SW,tropical,7512855,2,2023-07-10,2023,28,1023,16,0,13.617,0.213,0.0
2023/2024,Oyo,SW,tropical,7512855,3,2023-07-17,2023,29,977,12,1,13.004,0.16,0.013
2023/2024,Oyo,SW,tropical,7512855,4,2023-07-24,2023,30,1140,20,0,15.174,0.266,0.0
2023/2024,Oyo,SW,tropical,7512855,5,2023-07-31,2023,31,1013,18,2,13.484,0.24,0.027
2023/2024,Oyo,SW,tropical,7512855,6,2023-08-07,2023,32,1011,11,0,13.457,0.146,0.0
2023/2024,Oyo,SW,tropical,7512855,7,2023-08-14,2023,33,1036,9,1,13.79,0.12,0.013
2023/2024,Oyo,SW,tropical,7512855,8,2023-08-21,2023,34,4235,45,5,56.37,0.599,0.067
2023/2024,Oyo,SW,tropical,7512855,9,2023-08-28,2023,35,3432,50,2,45.682,0.666,0.027
2023/2024,Oyo,SW,tropical,7512855,10,2023-09-04,2023,36,9059,154,10,120.58,2.05,0.133
2023/2024,Oyo,SW,tropical,7512855,11,2023-09-11,2023,37,22823,429,33,303.786,5.71,0.439
2023/2024,Oyo,SW,tropical,7512855,12,2023-09-18,2023,38,72516,556,69,965.226,7.401,0.918
2023/2024,Oyo,SW,tropical,7512855,13,2023-09-25,2023,39,80385,2108,120,1069.966,28.059,1.597
2023/2024,Oyo,SW,tropical,7512855,14,2023-10-02,2023,40,133248,2813,186,1773.6,37.442,2.476
2023/2024,Oyo,SW,tropical,7512855,15,2023-10-09,2023,41,67061,1090,131,892.617,14.508,1.744
2023/2024,Oyo,SW,tropical,7512855,16,2023-10-16,2023,42,43143,1363,60,574.256,18.142,0.799
2023/2024,Oyo,SW,tropical,7512855,17,2023-10-23,2023,43,17958,286,19,239.03,3.807,0.253
2023/2024,Oyo,SW,tropical,7512855,18,2023-10-30,2023,44,3806,38,6,50.66,0.506,0.08
2023/2024,Oyo,SW,tropical,7512855,19,2023-11-06,2023,45,1020,21,0,13.577,0.28,0.0
2023/2024,Oyo,SW,tropical,7512855,20,2023-11-13,2023,46,1190,12,2,15.84,0.16,0.027
2023/2024,Oyo,SW,tropical,7512855,21,2023-11-20,2023,47,1231,32,8,16.385,0.426,0.106
2023/2024,Oyo,SW,tropical,7512855,22,2023-11-27,2023,48,1785,30,2,23.759,0.399,0.027
2023/2024,Oyo,SW,tropical,7512855,23,2023-12-04,2023,49,1524,113,5,20.285,1.504,0.067
2023/2024,Oyo,SW,tropical,7512855,24,2023-12-11,2023,50,5678,63,5,75.577,0.839,0.067
2023/2024,Oyo,SW,tropical,7512855,25,2023-12-18,2023,51,4625,155,8,61.561,2.063,0.106
2023/2024,Oyo,SW,tropical,7512855,26,2023-12-25,2023,52,13014,211,20,173.223,2.809,0.266
2023/2024,Oyo,SW,tropical,7512855,27,2024-01-01,2024,1,12070,147,17,160.658,1.957,0.226
2023/2024,Oyo,SW,tropical,7512855,28,2024-01-08,2024,2,7540,177,15,100.361,2.356,0.2
2023/2024,Oyo,SW,tropical,7512855,29,2024-01-15,2024,3,3874,72,4,51.565,0.958,0.053
2023/2024,Oyo,SW,tropical,7512855,30,2024-01-22,2024,4,1383,31,2,18.408,0.413,0.027
2023/2024,Oyo,SW,tropical,7512855,31,2024-01-29,2024,5,1536,25,6,20.445,0.333,0.08
2023/2024,Oyo,SW,tropical,7512855,32,2024-02-05,2024,6,1090,19,0,14.508,0.253,0.0
2023/2024,Oyo,SW,tropical,7512855,33,2024-02-12,2024,7,1752,24,0,23.32,0.319,0.0
2023/2024,Oyo,SW,tropical,7512855,34,2024-02-19,2024,8,976,39,0,12.991,0.519,0.0
2023/2024,Oyo,SW,tropical,7512855,35,2024-02-26,2024,9,1627,15,0,21.656,0.2,0.0
2023/2024,Oyo,SW,tropical,7512855,36,2024-03-04,2024,10,780,15,0,10.382,0.2,0.0
2023/2024,Oyo,SW,tropical,7512855,37,2024-03-11,2024,11,814,10,2,10.835,0.133,0.027
2023/2024,Oyo,SW,tropical,7512855,38,2024-03-18,2024,12,1113,9,1,14.815,0.12,0.013
2023/2024,Oyo,SW,tropical,7512855,39,2024-03-25,2024,13,2012,6,1,26.781,0.08,0.013
2023/2024,Oyo,SW,tropical,7512855,40,2024-04-01,2024,14,1231,13,1,16.385,0.173,0.013
2023/2024,Oyo,SW,tropical,7512855,41,2024-04-08,2024,15,1483,15,0,19.739,0.2,0.0
2023/2024,Oyo,SW,tropical,7512855,42,2024-04-15,2024,16,904,9,2,12.033,0.12,0.027
2023/2024,Oyo,SW,tropical,7512855,43,2024-04-22,2024,17,1395,10,0,18.568,0.133,0.0
2023/2024,Oyo,SW,tropical,7512855,44,2024-04-29,2024,18,1075,8,4,14.309,0.106,0.053
2023/2024,Oyo,SW,tropical,7512855,45,2024-05-06,2024,19,526,9,1,7.001,0.12,0.013
2023/2024,Oyo,SW,tropical,7512855,46,2024-05-13,2024,20,1087,10,2,14.469,0.133,0.027
2023/2024,Oyo,SW,tropical,7512855,47,2024-05-20,2024,21,1051,20,0,13.989,0.266,0.0
2023/2024,Oyo,SW,tropical,7512855,48,2024-05-27,2024,22,1066,8,0,14.189,0.106,0.0
2023/2024,Oyo,SW,tropical,7512855,49,2024-06-03,2024,23,977,11,3,13.004,0.146,0.04
2023/2024,Oyo,SW,tropical,7512855,50,2024-06-10,2024,24,627,20,0,8.346,0.266,0.0
2023/2024,Oyo,SW,tropical,7512855,51,2024-06-17,2024,25,673,16,1,8.958,0.213,0.013
2023/2024,Oyo,SW,tropical,7512855,52,2024-06-24,2024,26,1166,14,0,15.52,0.186,0.0
2023/2024,Anambra,SE,tropical,7299910,1,2023-07-03,2023,27,5050,69,3,69.179,0.945,0.041
2023/2024,Anambra,SE,tropical,7299910,2,2023-07-10,2023,28,1104,14,1,15.123,0.192,0.014
2023/2024,Anambra,SE,tropical,7299910,3,2023-07-17,2023,29,751,7,1,10.288,0.096,0.014
2023/2024,Anambra,SE,tropical,7299910,4,2023-07-24,2023,30,846,16,0,11.589,0.219,0.0
2023/2024,Anambra,SE,tropical,7299910,5,2023-07-31,2023,31,1190,17,0,16.302,0.233,0.0
2023/2024,Anambra,SE,tropical,7299910,6,2023-08-07,2023,32,1526,22,2,20.904,0.301,0.027
2023/2024,Anambra,SE,tropical,7299910,7,2023-08-14,2023,33,1261,15,0,17.274,0.205,0.0
2023/2024,Anambra,SE,tropical,7299910,8,2023-08-21,2023,34,1253,28,2,17.165,0.384,0.027
2023/2024,Anambra,SE,tropical,7299910,9,2023-08-28,2023,35,4925,44,7,67.467,0.603,0.096
2023/2024,Anambra,SE,tropical,7299910,10,2023-09-04,2023,36,9107,127,11,124.755,1.74,0.151
2023/2024,Anambra,SE,tropical,7299910,11,2023-09-11,2023,37,23440,506,33,321.1,6.932,0.452
2023/2024,Anambra,SE,tropical,7299910,12,2023-09-18,2023,38,46798,817,50,641.076,11.192,0.685
2023/2024,Anambra,SE,tropical,7299910,13,2023-09-25,2023,39,100869,1420,111,1381.784,19.452,1.521
2023/2024,Anambra,SE,tropical,7299910,14,2023-10-02,2023,40,155728,2908,226,2133.287,39.836,3.096
2023/2024,Anambra,SE,tropical,7299910,15,2023-10-09,2023,41,116279,1344,113,1592.883,18.411,1.548
2023/2024,Anambra,SE,tropical,7299910,16,2023-10-16,2023,42,52164,549,51,714.584,7.521,0.699
2023/2024,Anambra,SE,tropical,7299910,17,2023-10-23,2023,43,17138,255,23,234.77,3.493,0.315
2023/2024,Anambra,SE,tropical,7299910,18,2023-10-30,2023,44,3328,44,4,45.59,0.603,0.055
2023/2024,Anambra,SE,tropical,7299910,19,2023-11-06,2023,45,1688,24,1,23.124,0.329,0.014
2023/2024,Anambra,SE,tropical,7299910,20,2023-11-13,2023,46,1714,7,3,23.48,0.096,0.041
2023/2024,Anambra,SE,tropical,7299910,21,2023-11-20,2023,47,1137,13,1,15.576,0.178,0.014
2023/2024,Anambra,SE,tropical,7299910,22,2023-11-27,2023,48,2670,29,2,36.576,0.397,0.027
2023/2024,Anambra,SE,tropical,7299910,23,2023-12-04,2023,49,3747,46,4,51.329,0.63,0.055
2023/2024,Anambra,SE,tropical,7299910,24,2023-12-11,2023,50,5017,106,5,68.727,1.452,0.068
2023/2024,Anambra,SE,tropical,7299910,25,2023-12-18,2023,51,6667,68,11,91.33,0.932,0.151
2023/2024,Anambra,SE,tropical,7299910,26,2023-12-25,2023,52,8273,245,15,113.33,3.356,0.205
2023/2024,Anambra,SE,tropical,7299910,27,2024-01-01,2024,1,8843,251,17,121.138,3.438,0.233
2023/2024,Anambra,SE,tropical,7299910,28,2024-01-08,2024,2,4676,124,16,64.056,1.699,0.219
2023/2024,Anambra,SE,tropical,7299910,29,2024-01-15,2024,3,4474,124,5,61.288,1.699,0.068
2023/2024,Anambra,SE,tropical,7299910,30,2024-01-22,2024,4,2060,27,1,28.22,0.37,0.014
2023/2024,Anambra,SE,tropical,7299910,31,2024-01-29,2024,5,1273,19,1,17.439,0.26,0.014
2023/2024,Anambra,SE,tropical,7299910,32,2024-02-05,2024,6,1101,18,2,15.082,0.247,0.027
2023/2024,Anambra,SE,tropical,7299910,33,2024-02-12,2024,7,1099,13,5,15.055,0.178,0.068
2023/2024,Anambra,SE,tropical,7299910,34,2024-02-19,2024,8,1344,18,2,18.411,0.247,0.027
2023/2024,Anambra,SE,tropical,7299910,35,2024-02-26,2024,9,475,7,0,6.507,0.096,0.0
2023/2024,Anambra,SE,tropical,7299910,36,2024-03-04,2024,10,720,14,1,9.863,0.192,0.014
2023/2024,Anambra,SE,tropical,7299910,37,2024-03-11,2024,11,756,11,1,10.356,0.151,0.014
2023/2024,Anambra,SE,tropical,7299910,38,2024-03-18,2024,12,929,15,2,12.726,0.205,0.027
2023/2024,Anambra,SE,tropical,7299910,39,2024-03-25,2024,13,680,13,4,9.315,0.178,0.055
2023/2024,Anambra,SE,tropical,7299910,40,2024-04-01,2024,14,979,23,3,13.411,0.315,0.041
2023/2024,Anambra,SE,tropical,7299910,41,2024-04-08,2024,15,632,9,2,8.658,0.123,0.027
2023/2024,Anambra,SE,tropical,7299910,42,2024-04-15,2024,16,848,8,2,11.617,0.11,0.027
2023/2024,Anambra,SE,tropical,7299910,43,2024-04-22,2024,17,655,10,0,8.973,0.137,0.0
2023/2024,Anambra,SE,tropical,7299910,44,2024-04-29,2024,18,718,5,0,9.836,0.068,0.0
2023/2024,Anambra,SE,tropical,7299910,45,2024-05-06,2024,19,901,16,1,12.343,0.219,0.014
2023/2024,Anambra,SE,tropical,7299910,46,2024-05-13,2024,20,1027,10,1,14.069,0.137,0.014
2023/2024,Anambra,SE,tropical,7299910,47,2024-05-20,2024,21,1126,16,1,15.425,0.219,0.014
2023/2024,Anambra,SE,tropical,7299910,48,2024-05-27,2024,22,626,11,3,8.575,0.151,0.041
2023/2024,Anambra,SE,tropical,7299910,49,2024-06-03,2024,23,1130,6,2,15.48,0.082,0.027
2023/2024,Anambra,SE,tropical,7299910,50,2024-06-10,2024,24,719,26,0,9.849,0.356,0.0
2023/2024,Anambra,SE,tropical,7299910,51,2024-06-17,2024,25,766,14,2,10.493,0.192,0.027
2023/2024,Anambra,SE,tropical,7299910,52,2024-06-24,2024,26,529,11,1,7.247,0.151,0.014
2023/2024,Rivers,SS,tropical,7234973,1,2023-07-03,2023,27,3296,53,0,45.556,0.733,0.0
2023/2024,Rivers,SS,tropical,7234973,2,2023-07-10,2023,28,749,17,1,10.352,0.235,0.014
2023/2024,Rivers,SS,tropical,7234973,3,2023-07-17,2023,29,1320,24,2,18.245,0.332,0.028
2023/2024,Rivers,SS,tropical,7234973,4,2023-07-24,2023,30,907,11,3,12.536,0.152,0.041
2023/2024,Rivers,SS,tropical,7234973,5,2023-07-31,2023,31,757,6,3,10.463,0.083,0.041
2023/2024,Rivers,SS,tropical,7234973,6,2023-08-07,2023,32,1009,9,0,13.946,0.124,0.0
2023/2024,Rivers,SS,tropical,7234973,7,2023-08-14,2023,33,937,29,5,12.951,0.401,0.069
2023/2024,Rivers,SS,tropical,7234973,8,2023-08-21,2023,34,1853,46,2,25.612,0.636,0.028
2023/2024,Rivers,SS,tropical,7234973,9,2023-08-28,2023,35,4239,96,3,58.59,1.327,0.041
2023/2024,Rivers,SS,tropical,7234973,10,2023-09-04,2023,36,5824,119,7,80.498,1.645,0.097
2023/2024,Rivers,SS,tropical,7234973,11,2023-09-11,2023,37,29564,383,18,408.626,5.294,0.249
2023/2024,Rivers,SS,tropical,7234973,12,2023-09-18,2023,38,52913,1228,49,731.35,16.973,0.677
2023/2024,Rivers,SS,tropical,7234973,13,2023-09-25,2023,39,95856,1434,73,1324.898,19.82,1.009
2023/2024,Rivers,SS,tropical,7234973,14,2023-10-02,2023,40,150163,2705,154,2075.516,37.388,2.129
2023/2024,Rivers,SS,tropical,7234973,15,2023-10-09,2023,41,92399,1466,116,1277.116,20.263,1.603
2023/2024,Rivers,SS,tropical,7234973,16,2023-10-16,2023,42,46593,1278,84,643.997,17.664,1.161
2023/2024,Rivers,SS,tropical,7234973,17,2023-10-23,2023,43,13912,260,17,192.288,3.594,0.235
2023/2024,Rivers,SS,tropical,7234973,18,2023-10-30,2023,44,5732,87,3,79.226,1.202,0.041
2023/2024,Rivers,SS,tropical,7234973,19,2023-11-06,2023,45,1018,17,0,14.071,0.235,0.0
2023/2024,Rivers,SS,tropical,7234973,20,2023-11-13,2023,46,1461,15,0,20.194,0.207,0.0
2023/2024,Rivers,SS,tropical,7234973,21,2023-11-20,2023,47,1880,18,2,25.985,0.249,0.028
2023/2024,Rivers,SS,tropical,7234973,22,2023-11-27,2023,48,1185,43,6,16.379,0.594,0.083
2023/2024,Rivers,SS,tropical,7234973,23,2023-12-04,2023,49,3127,21,3,43.221,0.29,0.041
2023/2024,Rivers,SS,tropical,7234973,24,2023-12-11,2023,50,2882,64,6,39.834,0.885,0.083
2023/2024,Rivers,SS,tropical,7234973,25,2023-12-18,2023,51,7493,81,12,103.566,1.12,0.166
2023/2024,Rivers,SS,tropical,7234973,26,2023-12-25,2023,52,7801,127,14,107.823,1.755,0.194
2023/2024,Rivers,SS,tropical,7234973,27,2024-01-01,2024,1,6815,295,15,94.195,4.077,0.207
2023/2024,Rivers,SS,tropical,7234973,28,2024-01-08,2024,2,10346,170,7,143.0,2.35,0.097
2023/2024,Rivers,SS,tropical,7234973,29,2024-01-15,2024,3,6742,69,2,93.186,0.954,0.028
2023/2024,Rivers,SS,tropical,7234973,30,2024-01-22,2024,4,1296,35,6,17.913,0.484,0.083
2023/2024,Rivers,SS,tropical,7234973,31,2024-01-29,2024,5,1117,11,1,15.439,0.152,0.014
2023/2024,Rivers,SS,tropical,7234973,32,2024-02-05,2024,6,1097,9,0,15.162,0.124,0.0
2023/2024,Rivers,SS,tropical,7234973,33,2024-02-12,2024,7,505,10,5,6.98,0.138,0.069
2023/2024,Rivers,SS,tropical,7234973,34,2024-02-19,2024,8,579,17,1,8.003,0.235,0.014
2023/2024,Rivers,SS,tropical,7234973,35,2024-02-26,2024,9,1056,8,5,14.596,0.111,0.069
2023/2024,Rivers,SS,tropical,7234973,36,2024-03-04,2024,10,617,14,4,8.528,0.194,0.055
2023/2024,Rivers,SS,tropical,7234973,37,2024-03-11,2024,11,763,16,0,10.546,0.221,0.0
2023/2024,Rivers,SS,tropical,7234973,38,2024-03-18,2024,12,1069,11,0,14.775,0.152,0.0
2023/2024,Rivers,SS,tropical,7234973,39,2024-03-25,2024,13,790,5,0,10.919,0.069,0.0
2023/2024,Rivers,SS,tropical,7234973,40,2024-04-01,2024,14,730,14,3,10.09,0.194,0.041
2023/2024,Rivers,SS,tropical,7234973,41,2024-04-08,2024,15,846,13,1,11.693,0.18,0.014
2023/2024,Rivers,SS,tropical,7234973,42,2024-04-15,2024,16,1648,22,2,22.778,0.304,0.028
2023/2024,Rivers,SS,tropical,7234973,43,2024-04-22,2024,17,361,23,3,4.99,0.318,0.041
2023/2024,Rivers,SS,tropical,7234973,44,2024-04-29,2024,18,668,6,1,9.233,0.083,0.014
2023/2024,Rivers,SS,tropical,7234973,45,2024-05-06,2024,19,751,10,5,10.38,0.138,0.069
2023/2024,Rivers,SS,tropical,7234973,46,2024-05-13,2024,20,870,11,1,12.025,0.152,0.014
2023/2024,Rivers,SS,tropical,7234973,47,2024-05-20,2024,21,722,8,0,9.979,0.111,0.0
2023/2024,Rivers,SS,tropical,7234973,48,2024-05-27,2024,22,684,15,0,9.454,0.207,0.0
2023/2024,Rivers,SS,tropical,7234973,49,2024-06-03,2024,23,591,15,2,8.169,0.207,0.028
2023/2024,Rivers,SS,tropical,7234973,50,2024-06-10,2024,24,1050,14,0,14.513,0.194,0.0
2023/2024,Rivers,SS,tropical,7234973,51,2024-06-17,2024,25,547,12,3,7.56,0.166,0.041
2023/2024,Rivers,SS,tropical,7234973,52,2024-06-24,2024,26,900,18,1,12.44,0.249,0.014
2023/2024,Jigawa,NW,sahel,6979080,1,2023-07-03,2023,27,6220,45,11,89.123,0.645,0.158
2023/2024,Jigawa,NW,sahel,6979080,2,2023-07-10,2023,28,1535,10,1,21.994,0.143,0.014
2023/2024,Jigawa,NW,sahel,6979080,3,2023-07-17,2023,29,1154,13,0,16.535,0.186,0.0
2023/2024,Jigawa,NW,sahel,6979080,4,2023-07-24,2023,30,1257,30,1,18.011,0.43,0.014
2023/2024,Jigawa,NW,sahel,6979080,5,2023-07-31,2023,31,2429,16,4,34.804,0.229,0.057
2023/2024,Jigawa,NW,sahel,6979080,6,2023-08-07,2023,32,1201,16,4,17.209,0.229,0.057
2023/2024,Jigawa,NW,sahel,6979080,7,2023-08-14,2023,33,1635,16,2,23.427,0.229,0.029
2023/2024,Jigawa,NW,sahel,6979080,8,2023-08-21,2023,34,2132,15,2,30.548,0.215,0.029
2023/2024,Jigawa,NW,sahel,6979080,9,2023-08-28,2023,35,1046,27,2,14.988,0.387,0.029
2023/2024,Jigawa,NW,sahel,6979080,10,2023-09-04,2023,36,2565,15,8,36.753,0.215,0.115
2023/2024,Jigawa,NW,sahel,6979080,11,2023-09-11,2023,37,3740,44,9,53.589,0.63,0.129
2023/2024,Jigawa,NW,sahel,6979080,12,2023-09-18,2023,38,2891,39,13,41.424,0.559,0.186
2023/2024,Jigawa,NW,sahel,6979080,13,2023-09-25,2023,39,5665,212,22,81.171,3.038,0.315
2023/2024,Jigawa,NW,sahel,6979080,14,2023-10-02,2023,40,39762,398,32,569.731,5.703,0.459
2023/2024,Jigawa,NW,sahel,6979080,15,2023-10-09,2023,41,45749,611,146,655.516,8.755,2.092
2023/2024,Jigawa,NW,sahel,6979080,16,2023-10-16,2023,42,110634,799,111,1585.223,11.449,1.59
2023/2024,Jigawa,NW,sahel,6979080,17,2023-10-23,2023,43,74031,1426,203,1060.756,20.432,2.909
2023/2024,Jigawa,NW,sahel,6979080,18,2023-10-30,2023,44,49554,552,137,710.036,7.909,1.963
2023/2024,Jigawa,NW,sahel,6979080,19,2023-11-06,2023,45,42254,278,31,605.438,3.983,0.444
2023/2024,Jigawa,NW,sahel,6979080,20,2023-11-13,2023,46,7160,39,10,102.592,0.559,0.143
2023/2024,Jigawa,NW,sahel,6979080,21,2023-11-20,2023,47,4468,28,4,64.02,0.401,0.057
2023/2024,Jigawa,NW,sahel,6979080,22,2023-11-27,2023,48,3649,67,14,52.285,0.96,0.201
2023/2024,Jigawa,NW,sahel,6979080,23,2023-12-04,2023,49,6397,86,7,91.66,1.232,0.1
2023/2024,Jigawa,NW,sahel,6979080,24,2023-12-11,2023,50,8209,98,18,117.623,1.404,0.258
2023/2024,Jigawa,NW,sahel,6979080,25,2023-12-18,2023,51,7818,139,25,112.02,1.992,0.358
2023/2024,Jigawa,NW,sahel,6979080,26,2023-12-25,2023,52,23630,311,38,338.583,4.456,0.544
2023/2024,Jigawa,NW,sahel,6979080,27,2024-01-01,2024,1,16730,325,35,239.716,4.657,0.501
2023/2024,Jigawa,NW,sahel,6979080,28,2024-01-08,2024,2,16720,249,21,239.573,3.568,0.301
2023/2024,Jigawa,NW,sahel,6979080,29,2024-01-15,2024,3,13669,84,12,195.857,1.204,0.172
2023/2024,Jigawa,NW,sahel,6979080,30,2024-01-22,2024,4,4782,34,5,68.519,0.487,0.072
2023/2024,Jigawa,NW,sahel,6979080,31,2024-01-29,2024,5,883,43,1,12.652,0.616,0.014
2023/2024,Jigawa,NW,sahel,6979080,32,2024-02-05,2024,6,1794,9,1,25.705,0.129,0.014
2023/2024,Jigawa,NW,sahel,6979080,33,2024-02-12,2024,7,1055,11,6,15.117,0.158,0.086
2023/2024,Jigawa,NW,sahel,6979080,34,2024-02-19,2024,8,1398,29,5,20.031,0.416,0.072
2023/2024,Jigawa,NW,sahel,6979080,35,2024-02-26,2024,9,636,23,1,9.113,0.33,0.014
2023/2024,Jigawa,NW,sahel,6979080,36,2024-03-04,2024,10,1409,20,3,20.189,0.287,0.043
2023/2024,Jigawa,NW,sahel,6979080,37,2024-03-11,2024,11,1461,12,0,20.934,0.172,0.0
2023/2024,Jigawa,NW,sahel,6979080,38,2024-03-18,2024,12,966,17,1,13.841,0.244,0.014
2023/2024,Jigawa,NW,sahel,6979080,39,2024-03-25,2024,13,1696,11,1,24.301,0.158,0.014
2023/2024,Jigawa,NW,sahel,6979080,40,2024-04-01,2024,14,1575,12,1,22.567,0.172,0.014
2023/2024,Jigawa,NW,sahel,6979080,41,2024-04-08,2024,15,1414,22,7,20.261,0.315,0.1
2023/2024,Jigawa,NW,sahel,6979080,42,2024-04-15,2024,16,1707,18,3,24.459,0.258,0.043
2023/2024,Jigawa,NW,sahel,6979080,43,2024-04-22,2024,17,1301,18,3,18.641,0.258,0.043
2023/2024,Jigawa,NW,sahel,6979080,44,2024-04-29,2024,18,1346,7,2,19.286,0.1,0.029
2023/2024,Jigawa,NW,sahel,6979080,45,2024-05-06,2024,19,1555,12,3,22.281,0.172,0.043
2023/2024,Jigawa,NW,sahel,6979080,46,2024-05-13,2024,20,1512,14,3,21.665,0.201,0.043
2023/2024,Jigawa,NW,sahel,6979080,47,2024-05-20,2024,21,2722,13,1,39.002,0.186,0.014
2023/2024,Jigawa,NW,sahel,6979080,48,2024-05-27,2024,22,848,19,3,12.151,0.272,0.043
2023/2024,Jigawa,NW,sahel,6979080,49,2024-06-03,2024,23,1251,7,2,17.925,0.1,0.029
2023/2024,Jigawa,NW,sahel,6979080,50,2024-06-10,2024,24,1028,17,1,14.73,0.244,0.014
2023/2024,Jigawa,NW,sahel,6979080,51,2024-06-17,2024,25,1377,14,8,19.73,0.201,0.115
2023/2024,Jigawa,NW,sahel,6979080,52,2024-06-24,2024,26,1367,18,1,19.587,0.258,0.014
2023/2024,Niger,NC,savanna,6720617,1,2023-07-03,2023,27,4510,43,7,67.107,0.64,0.104
2023/2024,Niger,NC,savanna,6720617,2,2023-07-10,2023,28,850,23,1,12.648,0.342,0.015
2023/2024,Niger,NC,savanna,6720617,3,2023-07-17,2023,29,650,25,2,9.672,0.372,0.03
2023/2024,Niger,NC,savanna,6720617,4,2023-07-24,2023,30,1098,21,0,16.338,0.312,0.0
2023/2024,Niger,NC,savanna,6720617,5,2023-07-31,2023,31,889,11,2,13.228,0.164,0.03
2023/2024,Niger,NC,savanna,6720617,6,2023-08-07,2023,32,1763,15,0,26.233,0.223,0.0
2023/2024,Niger,NC,savanna,6720617,7,2023-08-14,2023,33,924,18,1,13.749,0.268,0.015
2023/2024,Niger,NC,savanna,6720617,8,2023-08-21,2023,34,1199,26,3,17.841,0.387,0.045
2023/2024,Niger,NC,savanna,6720617,9,2023-08-28,2023,35,1964,24,3,29.224,0.357,0.045
2023/2024,Niger,NC,savanna,6720617,10,2023-09-04,2023,36,5588,37,6,83.147,0.551,0.089
2023/2024,Niger,NC,savanna,6720617,11,2023-09-11,2023,37,5459,113,14,81.228,1.681,0.208
2023/2024,Niger,NC,savanna,6720617,12,2023-09-18,2023,38,19539,174,25,290.732,2.589,0.372
2023/2024,Niger,NC,savanna,6720617,13,2023-09-25,2023,39,43508,526,77,647.381,7.827,1.146
2023/2024,Niger,NC,savanna,6720617,14,2023-10-02,2023,40,70171,1113,90,1044.115,16.561,1.339
2023/2024,Niger,NC,savanna,6720617,15,2023-10-09,2023,41,95622,1646,138,1422.816,24.492,2.053
2023/2024,Niger,NC,savanna,6720617,16,2023-10-16,2023,42,90620,1027,86,1348.388,15.281,1.28
2023/2024,Niger,NC,savanna,6720617,17,2023-10-23,2023,43,15657,564,62,232.97,8.392,0.923
2023/2024,Niger,NC,savanna,6720617,18,2023-10-30,2023,44,5615,195,9,83.549,2.902,0.134
2023/2024,Niger,NC,savanna,6720617,19,2023-11-06,2023,45,3312,53,6,49.281,0.789,0.089
2023/2024,Niger,NC,savanna,6720617,20,2023-11-13,2023,46,1779,23,5,26.471,0.342,0.074
2023/2024,Niger,NC,savanna,6720617,21,2023-11-20,2023,47,1621,27,2,24.12,0.402,0.03
2023/2024,Niger,NC,savanna,6720617,22,2023-11-27,2023,48,3076,35,3,45.77,0.521,0.045
2023/2024,Niger,NC,savanna,6720617,23,2023-12-04,2023,49,3141,60,12,46.737,0.893,0.179
2023/2024,Niger,NC,savanna,6720617,24,2023-12-11,2023,50,5934,173,10,88.295,2.574,0.149
2023/2024,Niger,NC,savanna,6720617,25,2023-12-18,2023,51,18073,107,14,268.919,1.592,0.208
2023/2024,Niger,NC,savanna,6720617,26,2023-12-25,2023,52,15759,275,27,234.487,4.092,0.402
2023/2024,Niger,NC,savanna,6720617,27,2024-01-01,2024,1,27279,203,29,405.9,3.021,0.432
2023/2024,Niger,NC,savanna,6720617,28,2024-01-08,2024,2,10309,167,8,153.394,2.485,0.119
2023/2024,Niger,NC,savanna,6720617,29,2024-01-15,2024,3,5722,55,12,85.141,0.818,0.179
2023/2024,Niger,NC,savanna,6720617,30,2024-01-22,2024,4,3298,31,5,49.073,0.461,0.074
2023/2024,Niger,NC,savanna,6720617,31,2024-01-29,2024,5,780,24,5,11.606,0.357,0.074
2023/2024,Niger,NC,savanna,6720617,32,2024-02-05,2024,6,1277,18,1,19.001,0.268,0.015
2023/2024,Niger,NC,savanna,6720617,33,2024-02-12,2024,7,872,25,2,12.975,0.372,0.03
2023/2024,Niger,NC,savanna,6720617,34,2024-02-19,2024,8,1630,17,0,24.254,0.253,0.0
2023/2024,Niger,NC,savanna,6720617,35,2024-02-26,2024,9,712,27,0,10.594,0.402,0.0
2023/2024,Niger,NC,savanna,6720617,36,2024-03-04,2024,10,1130,12,1,16.814,0.179,0.015
2023/2024,Niger,NC,savanna,6720617,37,2024-03-11,2024,11,1128,13,2,16.784,0.193,0.03
2023/2024,Niger,NC,savanna,6720617,38,2024-03-18,2024,12,775,19,2,11.532,0.283,0.03
2023/2024,Niger,NC,savanna,6720617,39,2024-03-25,2024,13,860,11,2,12.796,0.164,0.03
2023/2024,Niger,NC,savanna,6720617,40,2024-04-01,2024,14,1407,14,4,20.936,0.208,0.06
2023/2024,Niger,NC,savanna,6720617,41,2024-04-08,2024,15,714,12,0,10.624,0.179,0.0
2023/2024,Niger,NC,savanna,6720617,42,2024-04-15,2024,16,1288,21,3,19.165,0.312,0.045
2023/2024,Niger,NC,savanna,6720617,43,2024-04-22,2024,17,788,28,4,11.725,0.417,0.06
2023/2024,Niger,NC,savanna,6720617,44,2024-04-29,2024,18,1520,14,2,22.617,0.208,0.03
2023/2024,Niger,NC,savanna,6720617,45,2024-05-06,2024,19,842,16,1,12.529,0.238,0.015
2023/2024,Niger,NC,savanna,6720617,46,2024-05-13,2024,20,818,28,1,12.172,0.417,0.015
2023/2024,Niger,NC,savanna,6720617,47,2024-05-20,2024,21,697,11,0,10.371,0.164,0.0
2023/2024,Niger,NC,savanna,6720617,48,2024-05-27,2024,22,1070,16,0,15.921,0.238,0.0
2023/2024,Niger,NC,savanna,6720617,49,2024-06-03,2024,23,754,9,2,11.219,0.134,0.03
2023/2024,Niger,NC,savanna,6720617,50,2024-06-10,2024,24,1244,20,3,18.51,0.298,0.045
2023/2024,Niger,NC,savanna,6720617,51,2024-06-17,2024,25,1255,13,0,18.674,0.193,0.0
2023/2024,Niger,NC,savanna,6720617,52,2024-06-24,2024,26,1559,9,2,23.197,0.134,0.03
2023/2024,Benue,NC,savanna,6687706,1,2023-07-03,2023,27,5754,35,6,86.038,0.523,0.09
2023/2024,Benue,NC,savanna,6687706,2,2023-07-10,2023,28,1062,9,6,15.88,0.135,0.09
2023/2024,Benue,NC,savanna,6687706,3,2023-07-17,2023,29,891,10,1,13.323,0.15,0.015
2023/2024,Benue,NC,savanna,6687706,4,2023-07-24,2023,30,1144,18,3,17.106,0.269,0.045
2023/2024,Benue,NC,savanna,6687706,5,2023-07-31,2023,31,680,24,2,10.168,0.359,0.03
2023/2024,Benue,NC,savanna,6687706,6,2023-08-07,2023,32,814,25,1,12.172,0.374,0.015
2023/2024,Benue,NC,savanna,6687706,7,2023-08-14,2023,33,1032,13,3,15.431,0.194,0.045
2023/2024,Benue,NC,savanna,6687706,8,2023-08-21,2023,34,1097,35,4,16.403,0.523,0.06
2023/2024,Benue,NC,savanna,6687706,9,2023-08-28,2023,35,1861,31,3,27.827,0.464,0.045
2023/2024,Benue,NC,savanna,6687706,10,2023-09-04,2023,36,4274,52,6,63.908,0.778,0.09
2023/2024,Benue,NC,savanna,6687706,11,2023-09-11,2023,37,12222,94,7,182.753,1.406,0.105
2023/2024,Benue,NC,savanna,6687706,12,2023-09-18,2023,38,14581,282,24,218.027,4.217,0.359
2023/2024,Benue,NC,savanna,6687706,13,2023-09-25,2023,39,41009,410,87,613.2,6.131,1.301
2023/2024,Benue,NC,savanna,6687706,14,2023-10-02,2023,40,127974,1301,179,1913.571,19.454,2.677
2023/2024,Benue,NC,savanna,6687706,15,2023-10-09,2023,41,105530,1629,109,1577.97,24.358,1.63
2023/2024,Benue,NC,savanna,6687706,16,2023-10-16,2023,42,102968,1374,132,1539.661,20.545,1.974
2023/2024,Benue,NC,savanna,6687706,17,2023-10-23,2023,43,44834,422,66,670.394,6.31,0.987
2023/2024,Benue,NC,savanna,6687706,18,2023-10-30,2023,44,9957,170,15,148.885,2.542,0.224
2023/2024,Benue,NC,savanna,6687706,19,2023-11-06,2023,45,1960,34,6,29.308,0.508,0.09
2023/2024,Benue,NC,savanna,6687706,20,2023-11-13,2023,46,1301,10,5,19.454,0.15,0.075
2023/2024,Benue,NC,savanna,6687706,21,2023-11-20,2023,47,1412,14,3,21.113,0.209,0.045
2023/2024,Benue,NC,savanna,6687706,22,2023-11-27,2023,48,2383,50,3,35.633,0.748,0.045
2023/2024,Benue,NC,savanna,6687706,23,2023-12-04,2023,49,3516,62,5,52.574,0.927,0.075
2023/2024,Benue,NC,savanna,6687706,24,2023-12-11,2023,50,5232,102,19,78.233,1.525,0.284
2023/2024,Benue,NC,savanna,6687706,25,2023-12-18,2023,51,11839,166,24,177.026,2.482,0.359
2023/2024,Benue,NC,savanna,6687706,26,2023-12-25,2023,52,15304,278,27,228.838,4.157,0.404
2023/2024,Benue,NC,savanna,6687706,27,2024-01-01,2024,1,15191,252,25,227.148,3.768,0.374
2023/2024,Benue,NC,savanna,6687706,28,2024-01-08,2024,2,13036,132,32,194.925,1.974,0.478
2023/2024,Benue,NC,savanna,6687706,29,2024-01-15,2024,3,6552,88,17,97.971,1.316,0.254
2023/2024,Benue,NC,savanna,6687706,30,2024-01-22,2024,4,4815,35,4,71.998,0.523,0.06
2023/2024,Benue,NC,savanna,6687706,31,2024-01-29,2024,5,2022,19,5,30.235,0.284,0.075
2023/2024,Benue,NC,savanna,6687706,32,2024-02-05,2024,6,1347,38,1,20.141,0.568,0.015
2023/2024,Benue,NC,savanna,6687706,33,2024-02-12,2024,7,1093,11,0,16.343,0.164,0.0
2023/2024,Benue,NC,savanna,6687706,34,2024-02-19,2024,8,1094,13,5,16.358,0.194,0.075
2023/2024,Benue,NC,savanna,6687706,35,2024-02-26,2024,9,1636,10,2,24.463,0.15,0.03
2023/2024,Benue,NC,savanna,6687706,36,2024-03-04,2024,10,648,14,1,9.689,0.209,0.015
2023/2024,Benue,NC,savanna,6687706,37,2024-03-11,2024,11,897,19,7,13.413,0.284,0.105
2023/2024,Benue,NC,savanna,6687706,38,2024-03-18,2024,12,569,14,3,8.508,0.209,0.045
2023/2024,Benue,NC,savanna,6687706,39,2024-03-25,2024,13,559,10,0,8.359,0.15,0.0
2023/2024,Benue,NC,savanna,6687706,40,2024-04-01,2024,14,1013,13,2,15.147,0.194,0.03
2023/2024,Benue,NC,savanna,6687706,41,2024-04-08,2024,15,1379,18,6,20.62,0.269,0.09
2023/2024,Benue,NC,savanna,6687706,42,2024-04-15,2024,16,988,32,1,14.773,0.478,0.015
2023/2024,Benue,NC,savanna,6687706,43,2024-04-22,2024,17,1246,4,1,18.631,0.06,0.015
2023/2024,Benue,NC,savanna,6687706,44,2024-04-29,2024,18,543,18,1,8.119,0.269,0.015
2023/2024,Benue,NC,savanna,6687706,45,2024-05-06,2024,19,988,12,3,14.773,0.179,0.045
2023/2024,Benue,NC,savanna,6687706,46,2024-05-13,2024,20,964,17,1,14.415,0.254,0.015
2023/2024,Benue,NC,savanna,6687706,47,2024-05-20,2024,21,1044,15,0,15.611,0.224,0.0
2023/2024,Benue,NC,savanna,6687706,48,2024-05-27,2024,22,1769,18,0,26.452,0.269,0.0
2023/2024,Benue,NC,savanna,6687706,49,2024-06-03,2024,23,1342,17,2,20.067,0.254,0.03
2023/2024,Benue,NC,savanna,6687706,50,2024-06-10,2024,24,676,20,2,10.108,0.299,0.03
2023/2024,Benue,NC,savanna,6687706,51,2024-06-17,2024,25,1419,19,2,21.218,0.284,0.03
2023/2024,Benue,NC,savanna,6687706,52,2024-06-24,2024,26,785,22,0,11.738,0.329,0.0
2023/2024,Borno,NE,sahel,6651590,1,2023-07-03,2023,27,6657,58,15,100.081,0.872,0.226
2023/2024,Borno,NE,sahel,6651590,2,2023-07-10,2023,28,813,14,2,12.223,0.21,0.03
2023/2024,Borno,NE,sahel,6651590,3,2023-07-17,2023,29,1278,11,2,19.213,0.165,0.03
2023/2024,Borno,NE,sahel,6651590,4,2023-07-24,2023,30,1325,18,4,19.92,0.271,0.06
2023/2024,Borno,NE,sahel,6651590,5,2023-07-31,2023,31,761,45,1,11.441,0.677,0.015
2023/2024,Borno,NE,sahel,6651590,6,2023-08-07,2023,32,1054,24,0,15.846,0.361,0.0
2023/2024,Borno,NE,sahel,6651590,7,2023-08-14,2023,33,1016,13,6,15.275,0.195,0.09
2023/2024,Borno,NE,sahel,6651590,8,2023-08-21,2023,34,1437,10,3,21.604,0.15,0.045
2023/2024,Borno,NE,sahel,6651590,9,2023-08-28,2023,35,1688,16,0,25.377,0.241,0.0
2023/2024,Borno,NE,sahel,6651590,10,2023-09-04,2023,36,2016,18,1,30.309,0.271,0.015
2023/2024,Borno,NE,sahel,6651590,11,2023-09-11,2023,37,2201,22,1,33.09,0.331,0.015
2023/2024,Borno,NE,sahel,6651590,12,2023-09-18,2023,38,4118,61,11,61.91,0.917,0.165
2023/2024,Borno,NE,sahel,6651590,13,2023-09-25,2023,39,8934,105,17,134.314,1.579,0.256
2023/2024,Borno,NE,sahel,6651590,14,2023-10-02,2023,40,23605,411,13,354.878,6.179,0.195
2023/2024,Borno,NE,sahel,6651590,15,2023-10-09,2023,41,35264,685,80,530.159,10.298,1.203
2023/2024,Borno,NE,sahel,6651590,16,2023-10-16,2023,42,85601,741,198,1286.925,11.14,2.977
2023/2024,Borno,NE,sahel,6651590,17,2023-10-23,2023,43,56249,955,219,845.647,14.357,3.292
2023/2024,Borno,NE,sahel,6651590,18,2023-10-30,2023,44,92308,771,61,1387.758,11.591,0.917
2023/2024,Borno,NE,sahel,6651590,19,2023-11-06,2023,45,46628,195,37,701.005,2.932,0.556
2023/2024,Borno,NE,sahel,6651590,20,2023-11-13,2023,46,4158,101,7,62.511,1.518,0.105
2023/2024,Borno,NE,sahel,6651590,21,2023-11-20,2023,47,1872,29,8,28.144,0.436,0.12
2023/2024,Borno,NE,sahel,6651590,22,2023-11-27,2023,48,1878,35,8,28.234,0.526,0.12
2023/2024,Borno,NE,sahel,6651590,23,2023-12-04,2023,49,6800,55,8,102.231,0.827,0.12
2023/2024,Borno,NE,sahel,6651590,24,2023-12-11,2023,50,9803,81,11,147.378,1.218,0.165
2023/2024,Borno,NE,sahel,6651590,25,2023-12-18,2023,51,18010,233,34,270.762,3.503,0.511
2023/2024,Borno,NE,sahel,6651590,26,2023-12-25,2023,52,13465,207,27,202.433,3.112,0.406
2023/2024,Borno,NE,sahel,6651590,27,2024-01-01,2024,1,32977,358,31,495.776,5.382,0.466
2023/2024,Borno,NE,sahel,6651590,28,2024-01-08,2024,2,13164,99,43,197.908,1.488,0.646
2023/2024,Borno,NE,sahel,6651590,29,2024-01-15,2024,3,8337,117,11,125.338,1.759,0.165
2023/2024,Borno,NE,sahel,6651590,30,2024-01-22,2024,4,3398,51,7,51.086,0.767,0.105
2023/2024,Borno,NE,sahel,6651590,31,2024-01-29,2024,5,1418,14,4,21.318,0.21,0.06
2023/2024,Borno,NE,sahel,6651590,32,2024-02-05,2024,6,914,18,4,13.741,0.271,0.06
2023/2024,Borno,NE,sahel,6651590,33,2024-02-12,2024,7,674,12,4,10.133,0.18,0.06
2023/2024,Borno,NE,sahel,6651590,34,2024-02-19,2024,8,696,10,0,10.464,0.15,0.0
2023/2024,Borno,NE,sahel,6651590,35,2024-02-26,2024,9,749,7,2,11.26,0.105,0.03
2023/2024,Borno,NE,sahel,6651590,36,2024-03-04,2024,10,966,9,3,14.523,0.135,0.045
2023/2024,Borno,NE,sahel,6651590,37,2024-03-11,2024,11,1195,21,2,17.966,0.316,0.03
2023/2024,Borno,NE,sahel,6651590,38,2024-03-18,2024,12,869,14,2,13.065,0.21,0.03
2023/2024,Borno,NE,sahel,6651590,39,2024-03-25,2024,13,967,7,4,14.538,0.105,0.06
2023/2024,Borno,NE,sahel,6651590,40,2024-04-01,2024,14,917,14,0,13.786,0.21,0.0
2023/2024,Borno,NE,sahel,6651590,41,2024-04-08,2024,15,1712,7,5,25.738,0.105,0.075
2023/2024,Borno,NE,sahel,6651590,42,2024-04-15,2024,16,1061,6,9,15.951,0.09,0.135
2023/2024,Borno,NE,sahel,6651590,43,2024-04-22,2024,17,1103,16,5,16.583,0.241,0.075
2023/2024,Borno,NE,sahel,6651590,44,2024-04-29,2024,18,724,16,1,10.885,0.241,0.015
2023/2024,Borno,NE,sahel,6651590,45,2024-05-06,2024,19,808,30,0,12.147,0.451,0.0
2023/2024,Borno,NE,sahel,6651590,46,2024-05-13,2024,20,1417,11,1,21.303,0.165,0.015
2023/2024,Borno,NE,sahel,6651590,47,2024-05-20,2024,21,1163,7,5,17.485,0.105,0.075
2023/2024,Borno,NE,sahel,6651590,48,2024-05-27,2024,22,2479,32,8,37.269,0.481,0.12
2023/2024,Borno,NE,sahel,6651590,49,2024-06-03,2024,23,1593,14,1,23.949,0.21,0.015
2023/2024,Borno,NE,sahel,6651590,50,2024-06-10,2024,24,1269,21,0,19.078,0.316,0.0
2023/2024,Borno,NE,sahel,6651590,51,2024-06-17,2024,25,1202,28,3,18.071,0.421,0.045
2023/2024,Borno,NE,sahel,6651590,52,2024-06-24,2024,26,757,13,1,11.381,0.195,0.015
2023/2024,Ogun,SW,tropical,6445275,1,2023-07-03,2023,27,2140,43,0,33.203,0.667,0.0
2023/2024,Ogun,SW,tropical,6445275,2,2023-07-10,2023,28,758,10,2,11.761,0.155,0.031
2023/2024,Ogun,SW,tropical,6445275,3,2023-07-17,2023,29,984,20,0,15.267,0.31,0.0
2023/2024,Ogun,SW,tropical,6445275,4,2023-07-24,2023,30,778,19,1,12.071,0.295,0.016
2023/2024,Ogun,SW,tropical,6445275,5,2023-07-31,2023,31,447,13,2,6.935,0.202,0.031
2023/2024,Ogun,SW,tropical,6445275,6,2023-08-07,2023,32,990,31,0,15.36,0.481,0.0
2023/2024,Ogun,SW,tropical,6445275,7,2023-08-14,2023,33,1266,29,1,19.642,0.45,0.016
2023/2024,Ogun,SW,tropical,6445275,8,2023-08-21,2023,34,989,42,1,15.345,0.652,0.016
2023/2024,Ogun,SW,tropical,6445275,9,2023-08-28,2023,35,3282,58,2,50.921,0.9,0.031
2023/2024,Ogun,SW,tropical,6445275,10,2023-09-04,2023,36,7134,114,10,110.686,1.769,0.155
2023/2024,Ogun,SW,tropical,6445275,11,2023-09-11,2023,37,17308,377,19,268.538,5.849,0.295
2023/2024,Ogun,SW,tropical,6445275,12,2023-09-18,2023,38,66250,705,61,1027.885,10.938,0.946
2023/2024,Ogun,SW,tropical,6445275,13,2023-09-25,2023,39,66765,1852,122,1035.875,28.734,1.893
2023/2024,Ogun,SW,tropical,6445275,14,2023-10-02,2023,40,81671,1422,102,1267.145,22.063,1.583
2023/2024,Ogun,SW,tropical,6445275,15,2023-10-09,2023,41,59396,1506,155,921.543,23.366,2.405
2023/2024,Ogun,SW,tropical,6445275,16,2023-10-16,2023,42,50900,834,61,789.726,12.94,0.946
2023/2024,Ogun,SW,tropical,6445275,17,2023-10-23,2023,43,15620,349,14,242.348,5.415,0.217
2023/2024,Ogun,SW,tropical,6445275,18,2023-10-30,2023,44,4126,33,3,64.016,0.512,0.047
2023/2024,Ogun,SW,tropical,6445275,19,2023-11-06,2023,45,1214,13,2,18.836,0.202,0.031
2023/2024,Ogun,SW,tropical,6445275,20,2023-11-13,2023,46,1113,22,0,17.268,0.341,0.0
2023/2024,Ogun,SW,tropical,6445275,21,2023-11-20,2023,47,1124,24,0,17.439,0.372,0.0
2023/2024,Ogun,SW,tropical,6445275,22,2023-11-27,2023,48,1749,24,4,27.136,0.372,0.062
2023/2024,Ogun,SW,tropical,6445275,23,2023-12-04,2023,49,2660,31,4,41.271,0.481,0.062
2023/2024,Ogun,SW,tropical,6445275,24,2023-12-11,2023,50,2938,88,7,45.584,1.365,0.109
2023/2024,Ogun,SW,tropical,6445275,25,2023-12-18,2023,51,7357,117,11,114.146,1.815,0.171
2023/2024,Ogun,SW,tropical,6445275,26,2023-12-25,2023,52,5423,156,4,84.139,2.42,0.062
2023/2024,Ogun,SW,tropical,6445275,27,2024-01-01,2024,1,10049,176,10,155.913,2.731,0.155
2023/2024,Ogun,SW,tropical,6445275,28,2024-01-08,2024,2,5201,84,10,80.695,1.303,0.155
2023/2024,Ogun,SW,tropical,6445275,29,2024-01-15,2024,3,3146,63,2,48.811,0.977,0.031
2023/2024,Ogun,SW,tropical,6445275,30,2024-01-22,2024,4,3047,42,2,47.275,0.652,0.031
2023/2024,Ogun,SW,tropical,6445275,31,2024-01-29,2024,5,658,18,1,10.209,0.279,0.016
2023/2024,Ogun,SW,tropical,6445275,32,2024-02-05,2024,6,1243,14,1,19.285,0.217,0.016
2023/2024,Ogun,SW,tropical,6445275,33,2024-02-12,2024,7,353,15,1,5.477,0.233,0.016
2023/2024,Ogun,SW,tropical,6445275,34,2024-02-19,2024,8,405,11,2,6.284,0.171,0.031
2023/2024,Ogun,SW,tropical,6445275,35,2024-02-26,2024,9,758,9,1,11.761,0.14,0.016
2023/2024,Ogun,SW,tropical,6445275,36,2024-03-04,2024,10,376,9,2,5.834,0.14,0.031
2023/2024,Ogun,SW,tropical,6445275,37,2024-03-11,2024,11,881,5,2,13.669,0.078,0.031
2023/2024,Ogun,SW,tropical,6445275,38,2024-03-18,2024,12,980,13,3,15.205,0.202,0.047
2023/2024,Ogun,SW,tropical,6445275,39,2024-03-25,2024,13,503,9,0,7.804,0.14,0.0
2023/2024,Ogun,SW,tropical,6445275,40,2024-04-01,2024,14,488,17,1,7.571,0.264,0.016
2023/2024,Ogun,SW,tropical,6445275,41,2024-04-08,2024,15,424,9,0,6.578,0.14,0.0
2023/2024,Ogun,SW,tropical,6445275,42,2024-04-15,2024,16,727,7,0,11.28,0.109,0.0
2023/2024,Ogun,SW,tropical,6445275,43,2024-04-22,2024,17,563,20,0,8.735,0.31,0.0
2023/2024,Ogun,SW,tropical,6445275,44,2024-04-29,2024,18,366,11,0,5.679,0.171,0.0
2023/2024,Ogun,SW,tropical,6445275,45,2024-05-06,2024,19,1086,18,1,16.85,0.279,0.016
2023/2024,Ogun,SW,tropical,6445275,46,2024-05-13,2024,20,958,17,0,14.864,0.264,0.0
2023/2024,Ogun,SW,tropical,6445275,47,2024-05-20,2024,21,740,18,1,11.481,0.279,0.016
2023/2024,Ogun,SW,tropical,6445275,48,2024-05-27,2024,22,685,12,3,10.628,0.186,0.047
2023/2024,Ogun,SW,tropical,6445275,49,2024-06-03,2024,23,623,5,0,9.666,0.078,0.0
2023/2024,Ogun,SW,tropical,6445275,50,2024-06-10,2024,24,823,7,1,12.769,0.109,0.016
2023/2024,Ogun,SW,tropical,6445275,51,2024-06-17,2024,25,817,8,0,12.676,0.124,0.0
2023/2024,Ogun,SW,tropical,6445275,52,2024-06-24,2024,26,653,14,1,10.131,0.217,0.016
2023/2024,Sokoto,NW,sahel,6163187,1,2023-07-03,2023,27,6594,114,9,106.99,1.85,0.146
2023/2024,Sokoto,NW,sahel,6163187,2,2023-07-10,2023,28,1866,27,2,30.277,0.438,0.032
2023/2024,Sokoto,NW,sahel,6163187,3,2023-07-17,2023,29,1371,19,2,22.245,0.308,0.032
2023/2024,Sokoto,NW,sahel,6163187,4,2023-07-24,2023,30,789,7,0,12.802,0.114,0.0
2023/2024,Sokoto,NW,sahel,6163187,5,2023-07-31,2023,31,885,11,1,14.359,0.178,0.016
2023/2024,Sokoto,NW,sahel,6163187,6,2023-08-07,2023,32,1419,22,3,23.024,0.357,0.049
2023/2024,Sokoto,NW,sahel,6163187,7,2023-08-14,2023,33,1245,18,1,20.201,0.292,0.016
2023/2024,Sokoto,NW,sahel,6163187,8,2023-08-21,2023,34,1803,21,0,29.254,0.341,0.0
2023/2024,Sokoto,NW,sahel,6163187,9,2023-08-28,2023,35,1372,28,2,22.261,0.454,0.032
2023/2024,Sokoto,NW,sahel,6163187,10,2023-09-04,2023,36,1397,28,3,22.667,0.454,0.049
2023/2024,Sokoto,NW,sahel,6163187,11,2023-09-11,2023,37,1974,31,4,32.029,0.503,0.065
2023/2024,Sokoto,NW,sahel,6163187,12,2023-09-18,2023,38,5040,61,11,81.776,0.99,0.178
2023/2024,Sokoto,NW,sahel,6163187,13,2023-09-25,2023,39,13246,126,23,214.921,2.044,0.373
2023/2024,Sokoto,NW,sahel,6163187,14,2023-10-02,2023,40,27846,233,29,451.812,3.781,0.471
2023/2024,Sokoto,NW,sahel,6163187,15,2023-10-09,2023,41,52203,494,76,847.013,8.015,1.233
2023/2024,Sokoto,NW,sahel,6163187,16,2023-10-16,2023,42,83221,1205,81,1350.292,19.552,1.314
2023/2024,Sokoto,NW,sahel,6163187,17,2023-10-23,2023,43,59646,722,156,967.779,11.715,2.531
2023/2024,Sokoto,NW,sahel,6163187,18,2023-10-30,2023,44,55440,933,82,899.535,15.138,1.33
2023/2024,Sokoto,NW,sahel,6163187,19,2023-11-06,2023,45,17309,284,30,280.845,4.608,0.487
2023/2024,Sokoto,NW,sahel,6163187,20,2023-11-13,2023,46,3449,72,14,55.961,1.168,0.227
2023/2024,Sokoto,NW,sahel,6163187,21,2023-11-20,2023,47,1670,25,7,27.096,0.406,0.114
2023/2024,Sokoto,NW,sahel,6163187,22,2023-11-27,2023,48,5055,25,4,82.019,0.406,0.065
2023/2024,Sokoto,NW,sahel,6163187,23,2023-12-04,2023,49,2696,45,8,43.744,0.73,0.13
2023/2024,Sokoto,NW,sahel,6163187,24,2023-12-11,2023,50,2762,90,14,44.814,1.46,0.227
2023/2024,Sokoto,NW,sahel,6163187,25,2023-12-18,2023,51,10460,197,31,169.717,3.196,0.503
2023/2024,Sokoto,NW,sahel,6163187,26,2023-12-25,2023,52,15072,250,34,244.549,4.056,0.552
2023/2024,Sokoto,NW,sahel,6163187,27,2024-01-01,2024,1,39189,149,28,635.856,2.418,0.454
2023/2024,Sokoto,NW,sahel,6163187,28,2024-01-08,2024,2,13818,184,32,224.202,2.985,0.519
2023/2024,Sokoto,NW,sahel,6163187,29,2024-01-15,2024,3,5118,110,11,83.041,1.785,0.178
2023/2024,Sokoto,NW,sahel,6163187,30,2024-01-22,2024,4,1699,50,7,27.567,0.811,0.114
2023/2024,Sokoto,NW,sahel,6163187,31,2024-01-29,2024,5,1239,21,3,20.103,0.341,0.049
2023/2024,Sokoto,NW,sahel,6163187,32,2024-02-05,2024,6,2278,16,5,36.961,0.26,0.081
2023/2024,Sokoto,NW,sahel,6163187,33,2024-02-12,2024,7,1662,12,2,26.967,0.195,0.032
2023/2024,Sokoto,NW,sahel,6163187,34,2024-02-19,2024,8,850,16,2,13.792,0.26,0.032
2023/2024,Sokoto,NW,sahel,6163187,35,2024-02-26,2024,9,931,14,2,15.106,0.227,0.032
2023/2024,Sokoto,NW,sahel,6163187,36,2024-03-04,2024,10,712,6,1,11.552,0.097,0.016
2023/2024,Sokoto,NW,sahel,6163187,37,2024-03-11,2024,11,621,10,3,10.076,0.162,0.049
2023/2024,Sokoto,NW,sahel,6163187,38,2024-03-18,2024,12,980,9,7,15.901,0.146,0.114
2023/2024,Sokoto,NW,sahel,6163187,39,2024-03-25,2024,13,1614,16,2,26.188,0.26,0.032
2023/2024,Sokoto,NW,sahel,6163187,40,2024-04-01,2024,14,979,17,1,15.885,0.276,0.016
2023/2024,Sokoto,NW,sahel,6163187,41,2024-04-08,2024,15,1489,14,3,24.16,0.227,0.049
2023/2024,Sokoto,NW,sahel,6163187,42,2024-04-15,2024,16,1898,8,0,30.796,0.13,0.0
2023/2024,Sokoto,NW,sahel,6163187,43,2024-04-22,2024,17,1375,14,1,22.31,0.227,0.016
2023/2024,Sokoto,NW,sahel,6163187,44,2024-04-29,2024,18,1730,17,2,28.07,0.276,0.032
2023/2024,Sokoto,NW,sahel,6163187,45,2024-05-06,2024,19,718,19,3,11.65,0.308,0.049
2023/2024,Sokoto,NW,sahel,6163187,46,2024-05-13,2024,20,1176,12,0,19.081,0.195,0.0
2023/2024,Sokoto,NW,sahel,6163187,47,2024-05-20,2024,21,1270,18,0,20.606,0.292,0.0
2023/2024,Sokoto,NW,sahel,6163187,48,2024-05-27,2024,22,1549,22,1,25.133,0.357,0.016
2023/2024,Sokoto,NW,sahel,6163187,49,2024-06-03,2024,23,1697,17,2,27.534,0.276,0.032
2023/2024,Sokoto,NW,sahel,6163187,50,2024-06-10,2024,24,1186,18,3,19.243,0.292,0.049
2023/2024,Sokoto,NW,sahel,6163187,51,2024-06-17,2024,25,988,14,2,16.031,0.227,0.032
2023/2024,Sokoto,NW,sahel,6163187,52,2024-06-24,2024,26,995,13,5,16.144,0.211,0.081
2023/2024,Delta,SS,tropical,6107543,1,2023-07-03,2023,27,2375,55,4,38.886,0.901,0.065
2023/2024,Delta,SS,tropical,6107543,2,2023-07-10,2023,28,578,6,1,9.464,0.098,0.016
2023/2024,Delta,SS,tropical,6107543,3,2023-07-17,2023,29,968,9,1,15.849,0.147,0.016
2023/2024,Delta,SS,tropical,6107543,4,2023-07-24,2023,30,720,25,3,11.789,0.409,0.049
2023/2024,Delta,SS,tropical,6107543,5,2023-07-31,2023,31,490,5,0,8.023,0.082,0.0
2023/2024,Delta,SS,tropical,6107543,6,2023-08-07,2023,32,661,22,1,10.823,0.36,0.016
2023/2024,Delta,SS,tropical,6107543,7,2023-08-14,2023,33,1519,21,1,24.871,0.344,0.016
2023/2024,Delta,SS,tropical,6107543,8,2023-08-21,2023,34,1305,26,5,21.367,0.426,0.082
2023/2024,Delta,SS,tropical,6107543,9,2023-08-28,2023,35,2601,60,6,42.587,0.982,0.098
2023/2024,Delta,SS,tropical,6107543,10,2023-09-04,2023,36,11746,192,4,192.32,3.144,0.065
2023/2024,Delta,SS,tropical,6107543,11,2023-09-11,2023,37,15471,347,26,253.31,5.681,0.426
2023/2024,Delta,SS,tropical,6107543,12,2023-09-18,2023,38,73587,942,45,1204.854,15.424,0.737
2023/2024,Delta,SS,tropical,6107543,13,2023-09-25,2023,39,68363,1427,100,1119.321,23.365,1.637
2023/2024,Delta,SS,tropical,6107543,14,2023-10-02,2023,40,101193,2167,65,1656.853,35.481,1.064
2023/2024,Delta,SS,tropical,6107543,15,2023-10-09,2023,41,50009,851,95,818.807,13.934,1.555
2023/2024,Delta,SS,tropical,6107543,16,2023-10-16,2023,42,46580,518,70,762.663,8.481,1.146
2023/2024,Delta,SS,tropical,6107543,17,2023-10-23,2023,43,11172,172,17,182.921,2.816,0.278
2023/2024,Delta,SS,tropical,6107543,18,2023-10-30,2023,44,3179,41,3,52.05,0.671,0.049
2023/2024,Delta,SS,tropical,6107543,19,2023-11-06,2023,45,1166,15,0,19.091,0.246,0.0
2023/2024,Delta,SS,tropical,6107543,20,2023-11-13,2023,46,1191,18,1,19.5,0.295,0.016
2023/2024,Delta,SS,tropical,6107543,21,2023-11-20,2023,47,1261,24,3,20.647,0.393,0.049
2023/2024,Delta,SS,tropical,6107543,22,2023-11-27,2023,48,1131,22,2,18.518,0.36,0.033
2023/2024,Delta,SS,tropical,6107543,23,2023-12-04,2023,49,2736,35,1,44.797,0.573,0.016
2023/2024,Delta,SS,tropical,6107543,24,2023-12-11,2023,50,1022,69,6,16.733,1.13,0.098
2023/2024,Delta,SS,tropical,6107543,25,2023-12-18,2023,51,6322,77,8,103.511,1.261,0.131
2023/2024,Delta,SS,tropical,6107543,26,2023-12-25,2023,52,4370,59,7,71.551,0.966,0.115
2023/2024,Delta,SS,tropical,6107543,27,2024-01-01,2024,1,4048,246,21,66.279,4.028,0.344
2023/2024,Delta,SS,tropical,6107543,28,2024-01-08,2024,2,10113,128,11,165.582,2.096,0.18
2023/2024,Delta,SS,tropical,6107543,29,2024-01-15,2024,3,1997,97,2,32.697,1.588,0.033
2023/2024,Delta,SS,tropical,6107543,30,2024-01-22,2024,4,1314,23,0,21.514,0.377,0.0
2023/2024,Delta,SS,tropical,6107543,31,2024-01-29,2024,5,1167,17,1,19.108,0.278,0.016
2023/2024,Delta,SS,tropical,6107543,32,2024-02-05,2024,6,746,9,1,12.214,0.147,0.016
2023/2024,Delta,SS,tropical,6107543,33,2024-02-12,2024,7,984,17,0,16.111,0.278,0.0
2023/2024,Delta,SS,tropical,6107543,34,2024-02-19,2024,8,422,6,3,6.909,0.098,0.049
2023/2024,Delta,SS,tropical,6107543,35,2024-02-26,2024,9,703,5,1,11.51,0.082,0.016
2023/2024,Delta,SS,tropical,6107543,36,2024-03-04,2024,10,532,13,0,8.711,0.213,0.0
2023/2024,Delta,SS,tropical,6107543,37,2024-03-11,2024,11,602,6,2,9.857,0.098,0.033
2023/2024,Delta,SS,tropical,6107543,38,2024-03-18,2024,12,1037,18,3,16.979,0.295,0.049
2023/2024,Delta,SS,tropical,6107543,39,2024-03-25,2024,13,479,26,1,7.843,0.426,0.016
2023/2024,Delta,SS,tropical,6107543,40,2024-04-01,2024,14,633,8,2,10.364,0.131,0.033
2023/2024,Delta,SS,tropical,6107543,41,2024-04-08,2024,15,803,9,0,13.148,0.147,0.0
2023/2024,Delta,SS,tropical,6107543,42,2024-04-15,2024,16,720,8,3,11.789,0.131,0.049
2023/2024,Delta,SS,tropical,6107543,43,2024-04-22,2024,17,545,13,0,8.923,0.213,0.0
2023/2024,Delta,SS,tropical,6107543,44,2024-04-29,2024,18,428,4,2,7.008,0.065,0.033
2023/2024,Delta,SS,tropical,6107543,45,2024-05-06,2024,19,180,9,1,2.947,0.147,0.016
2023/2024,Delta,SS,tropical,6107543,46,2024-05-13,2024,20,656,23,1,10.741,0.377,0.016
2023/2024,Delta,SS,tropical,6107543,47,2024-05-20,2024,21,500,14,0,8.187,0.229,0.0
2023/2024,Delta,SS,tropical,6107543,48,2024-05-27,2024,22,651,13,1,10.659,0.213,0.016
2023/2024,Delta,SS,tropical,6107543,49,2024-06-03,2024,23,829,17,0,13.573,0.278,0.0
2023/2024,Delta,SS,tropical,6107543,50,2024-06-10,2024,24,702,17,1,11.494,0.278,0.016
2023/2024,Delta,SS,tropical,6107543,51,2024-06-17,2024,25,457,4,1,7.483,0.065,0.016
2023/2024,Delta,SS,tropical,6107543,52,2024-06-24,2024,26,739,12,2,12.1,0.196,0.033
2023/2024,Imo,SE,tropical,6067722,1,2023-07-03,2023,27,2183,48,5,35.977,0.791,0.082
2023/2024,Imo,SE,tropical,6067722,2,2023-07-10,2023,28,1014,8,2,16.711,0.132,0.033
2023/2024,Imo,SE,tropical,6067722,3,2023-07-17,2023,29,611,8,2,10.07,0.132,0.033
2023/2024,Imo,SE,tropical,6067722,4,2023-07-24,2023,30,850,11,1,14.009,0.181,0.016
2023/2024,Imo,SE,tropical,6067722,5,2023-07-31,2023,31,1086,18,0,17.898,0.297,0.0
2023/2024,Imo,SE,tropical,6067722,6,2023-08-07,2023,32,972,6,1,16.019,0.099,0.016
2023/2024,Imo,SE,tropical,6067722,7,2023-08-14,2023,33,896,15,0,14.767,0.247,0.0
2023/2024,Imo,SE,tropical,6067722,8,2023-08-21,2023,34,1509,15,1,24.869,0.247,0.016
2023/2024,Imo,SE,tropical,6067722,9,2023-08-28,2023,35,4094,73,4,67.472,1.203,0.066
2023/2024,Imo,SE,tropical,6067722,10,2023-09-04,2023,36,7510,116,4,123.77,1.912,0.066
2023/2024,Imo,SE,tropical,6067722,11,2023-09-11,2023,37,17659,316,44,291.032,5.208,0.725
2023/2024,Imo,SE,tropical,6067722,12,2023-09-18,2023,38,55736,834,45,918.565,13.745,0.742
2023/2024,Imo,SE,tropical,6067722,13,2023-09-25,2023,39,78248,794,126,1289.578,13.086,2.077
2023/2024,Imo,SE,tropical,6067722,14,2023-10-02,2023,40,138208,1440,102,2277.758,23.732,1.681
2023/2024,Imo,SE,tropical,6067722,15,2023-10-09,2023,41,64635,1718,145,1065.227,28.314,2.39
2023/2024,Imo,SE,tropical,6067722,16,2023-10-16,2023,42,39677,898,58,653.903,14.8,0.956
2023/2024,Imo,SE,tropical,6067722,17,2023-10-23,2023,43,10158,223,7,167.41,3.675,0.115
2023/2024,Imo,SE,tropical,6067722,18,2023-10-30,2023,44,2503,79,2,41.251,1.302,0.033
2023/2024,Imo,SE,tropical,6067722,19,2023-11-06,2023,45,1192,30,1,19.645,0.494,0.016
2023/2024,Imo,SE,tropical,6067722,20,2023-11-13,2023,46,781,19,0,12.871,0.313,0.0
2023/2024,Imo,SE,tropical,6067722,21,2023-11-20,2023,47,1051,19,3,17.321,0.313,0.049
2023/2024,Imo,SE,tropical,6067722,22,2023-11-27,2023,48,3112,30,1,51.288,0.494,0.016
2023/2024,Imo,SE,tropical,6067722,23,2023-12-04,2023,49,1600,63,1,26.369,1.038,0.016
2023/2024,Imo,SE,tropical,6067722,24,2023-12-11,2023,50,3765,52,2,62.05,0.857,0.033
2023/2024,Imo,SE,tropical,6067722,25,2023-12-18,2023,51,4510,110,6,74.328,1.813,0.099
2023/2024,Imo,SE,tropical,6067722,26,2023-12-25,2023,52,6142,129,7,101.224,2.126,0.115
2023/2024,Imo,SE,tropical,6067722,27,2024-01-01,2024,1,8253,152,2,136.015,2.505,0.033
2023/2024,Imo,SE,tropical,6067722,28,2024-01-08,2024,2,9274,141,6,152.842,2.324,0.099
2023/2024,Imo,SE,tropical,6067722,29,2024-01-15,2024,3,3642,47,2,60.023,0.775,0.033
2023/2024,Imo,SE,tropical,6067722,30,2024-01-22,2024,4,1598,43,0,26.336,0.709,0.0
2023/2024,Imo,SE,tropical,6067722,31,2024-01-29,2024,5,1231,17,0,20.288,0.28,0.0
2023/2024,Imo,SE,tropical,6067722,32,2024-02-05,2024,6,741,14,0,12.212,0.231,0.0
2023/2024,Imo,SE,tropical,6067722,33,2024-02-12,2024,7,937,16,1,15.442,0.264,0.016
2023/2024,Imo,SE,tropical,6067722,34,2024-02-19,2024,8,963,14,1,15.871,0.231,0.016
2023/2024,Imo,SE,tropical,6067722,35,2024-02-26,2024,9,678,4,1,11.174,0.066,0.016
2023/2024,Imo,SE,tropical,6067722,36,2024-03-04,2024,10,456,4,1,7.515,0.066,0.016
2023/2024,Imo,SE,tropical,6067722,37,2024-03-11,2024,11,476,20,0,7.845,0.33,0.0
2023/2024,Imo,SE,tropical,6067722,38,2024-03-18,2024,12,577,13,1,9.509,0.214,0.016
2023/2024,Imo,SE,tropical,6067722,39,2024-03-25,2024,13,567,19,1,9.345,0.313,0.016
2023/2024,Imo,SE,tropical,6067722,40,2024-04-01,2024,14,472,10,0,7.779,0.165,0.0
2023/2024,Imo,SE,tropical,6067722,41,2024-04-08,2024,15,773,15,1,12.74,0.247,0.016
2023/2024,Imo,SE,tropical,6067722,42,2024-04-15,2024,16,618,11,3,10.185,0.181,0.049
2023/2024,Imo,SE,tropical,6067722,43,2024-04-22,2024,17,511,14,0,8.422,0.231,0.0
2023/2024,Imo,SE,tropical,6067722,44,2024-04-29,2024,18,686,9,1,11.306,0.148,0.016
2023/2024,Imo,SE,tropical,6067722,45,2024-05-06,2024,19,718,4,2,11.833,0.066,0.033
2023/2024,Imo,SE,tropical,6067722,46,2024-05-13,2024,20,686,18,2,11.306,0.297,0.033
2023/2024,Imo,SE,tropical,6067722,47,2024-05-20,2024,21,883,11,3,14.552,0.181,0.049
2023/2024,Imo,SE,tropical,6067722,48,2024-05-27,2024,22,489,11,0,8.059,0.181,0.0
2023/2024,Imo,SE,tropical,6067722,49,2024-06-03,2024,23,751,7,1,12.377,0.115,0.016
2023/2024,Imo,SE,tropical,6067722,50,2024-06-10,2024,24,825,25,2,13.597,0.412,0.033
2023/2024,Imo,SE,tropical,6067722,51,2024-06-17,2024,25,563,20,3,9.279,0.33,0.049
2023/2024,Imo,SE,tropical,6067722,52,2024-06-24,2024,26,788,15,0,12.987,0.247,0.0
2023/2024,Kebbi,NW,sahel,6001610,1,2023-07-03,2023,27,3830,34,4,63.816,0.567,0.067
2023/2024,Kebbi,NW,sahel,6001610,2,2023-07-10,2023,28,882,15,1,14.696,0.25,0.017
2023/2024,Kebbi,NW,sahel,6001610,3,2023-07-17,2023,29,2007,8,1,33.441,0.133,0.017
2023/2024,Kebbi,NW,sahel,6001610,4,2023-07-24,2023,30,1434,18,2,23.894,0.3,0.033
2023/2024,Kebbi,NW,sahel,6001610,5,2023-07-31,2023,31,1676,10,3,27.926,0.167,0.05
2023/2024,Kebbi,NW,sahel,6001610,6,2023-08-07,2023,32,2179,11,3,36.307,0.183,0.05
2023/2024,Kebbi,NW,sahel,6001610,7,2023-08-14,2023,33,1007,10,2,16.779,0.167,0.033
2023/2024,Kebbi,NW,sahel,6001610,8,2023-08-21,2023,34,1430,6,0,23.827,0.1,0.0
2023/2024,Kebbi,NW,sahel,6001610,9,2023-08-28,2023,35,1420,16,4,23.66,0.267,0.067
2023/2024,Kebbi,NW,sahel,6001610,10,2023-09-04,2023,36,664,29,3,11.064,0.483,0.05
2023/2024,Kebbi,NW,sahel,6001610,11,2023-09-11,2023,37,2727,19,5,45.438,0.317,0.083
2023/2024,Kebbi,NW,sahel,6001610,12,2023-09-18,2023,38,4077,22,7,67.932,0.367,0.117
2023/2024,Kebbi,NW,sahel,6001610,13,2023-09-25,2023,39,6549,89,22,109.121,1.483,0.367
2023/2024,Kebbi,NW,sahel,6001610,14,2023-10-02,2023,40,30412,294,30,506.731,4.899,0.5
2023/2024,Kebbi,NW,sahel,6001610,15,2023-10-09,2023,41,47316,436,82,788.388,7.265,1.366
2023/2024,Kebbi,NW,sahel,6001610,16,2023-10-16,2023,42,77173,466,111,1285.872,7.765,1.85
2023/2024,Kebbi,NW,sahel,6001610,17,2023-10-23,2023,43,46199,1177,105,769.777,19.611,1.75
2023/2024,Kebbi,NW,sahel,6001610,18,2023-10-30,2023,44,43057,535,47,717.424,8.914,0.783
2023/2024,Kebbi,NW,sahel,6001610,19,2023-11-06,2023,45,16249,148,19,270.744,2.466,0.317
2023/2024,Kebbi,NW,sahel,6001610,20,2023-11-13,2023,46,4472,43,9,74.513,0.716,0.15
2023/2024,Kebbi,NW,sahel,6001610,21,2023-11-20,2023,47,2656,22,9,44.255,0.367,0.15
2023/2024,Kebbi,NW,sahel,6001610,22,2023-11-27,2023,48,3908,52,10,65.116,0.866,0.167
2023/2024,Kebbi,NW,sahel,6001610,23,2023-12-04,2023,49,3427,30,5,57.101,0.5,0.083
2023/2024,Kebbi,NW,sahel,6001610,24,2023-12-11,2023,50,7052,55,11,117.502,0.916,0.183
2023/2024,Kebbi,NW,sahel,6001610,25,2023-12-18,2023,51,10710,233,24,178.452,3.882,0.4
2023/2024,Kebbi,NW,sahel,6001610,26,2023-12-25,2023,52,12764,150,16,212.676,2.499,0.267
2023/2024,Kebbi,NW,sahel,6001610,27,2024-01-01,2024,1,29142,177,23,485.57,2.949,0.383
2023/2024,Kebbi,NW,sahel,6001610,28,2024-01-08,2024,2,20889,166,41,348.057,2.766,0.683
2023/2024,Kebbi,NW,sahel,6001610,29,2024-01-15,2024,3,6575,66,8,109.554,1.1,0.133
2023/2024,Kebbi,NW,sahel,6001610,30,2024-01-22,2024,4,3269,39,5,54.469,0.65,0.083
2023/2024,Kebbi,NW,sahel,6001610,31,2024-01-29,2024,5,1376,24,1,22.927,0.4,0.017
2023/2024,Kebbi,NW,sahel,6001610,32,2024-02-05,2024,6,1272,14,7,21.194,0.233,0.117
2023/2024,Kebbi,NW,sahel,6001610,33,2024-02-12,2024,7,1063,10,4,17.712,0.167,0.067
2023/2024,Kebbi,NW,sahel,6001610,34,2024-02-19,2024,8,1218,16,1,20.295,0.267,0.017
2023/2024,Kebbi,NW,sahel,6001610,35,2024-02-26,2024,9,808,22,2,13.463,0.367,0.033
2023/2024,Kebbi,NW,sahel,6001610,36,2024-03-04,2024,10,1162,8,1,19.361,0.133,0.017
2023/2024,Kebbi,NW,sahel,6001610,37,2024-03-11,2024,11,1194,10,1,19.895,0.167,0.017
2023/2024,Kebbi,NW,sahel,6001610,38,2024-03-18,2024,12,1158,17,4,19.295,0.283,0.067
2023/2024,Kebbi,NW,sahel,6001610,39,2024-03-25,2024,13,1557,10,4,25.943,0.167,0.067
2023/2024,Kebbi,NW,sahel,6001610,40,2024-04-01,2024,14,839,14,2,13.98,0.233,0.033
2023/2024,Kebbi,NW,sahel,6001610,41,2024-04-08,2024,15,630,9,0,10.497,0.15,0.0
2023/2024,Kebbi,NW,sahel,6001610,42,2024-04-15,2024,16,1303,25,0,21.711,0.417,0.0
2023/2024,Kebbi,NW,sahel,6001610,43,2024-04-22,2024,17,1144,7,1,19.062,0.117,0.017
2023/2024,Kebbi,NW,sahel,6001610,44,2024-04-29,2024,18,1057,12,2,17.612,0.2,0.033
2023/2024,Kebbi,NW,sahel,6001610,45,2024-05-06,2024,19,1263,23,1,21.044,0.383,0.017
2023/2024,Kebbi,NW,sahel,6001610,46,2024-05-13,2024,20,632,17,1,10.531,0.283,0.017
2023/2024,Kebbi,NW,sahel,6001610,47,2024-05-20,2024,21,534,11,0,8.898,0.183,0.0
2023/2024,Kebbi,NW,sahel,6001610,48,2024-05-27,2024,22,1794,9,1,29.892,0.15,0.017
2023/2024,Kebbi,NW,sahel,6001610,49,2024-06-03,2024,23,1715,12,1,28.576,0.2,0.017
2023/2024,Kebbi,NW,sahel,6001610,50,2024-06-10,2024,24,965,9,3,16.079,0.15,0.05
2023/2024,Kebbi,NW,sahel,6001610,51,2024-06-17,2024,25,1898,13,0,31.625,0.217,0.0
2023/2024,Kebbi,NW,sahel,6001610,52,2024-06-24,2024,26,1060,16,0,17.662,0.267,0.0
2023/2024,Akwa Ibom,SS,tropical,5780581,1,2023-07-03,2023,27,2608,46,6,45.117,0.796,0.104
2023/2024,Akwa Ibom,SS,tropical,5780581,2,2023-07-10,2023,28,578,15,1,9.999,0.259,0.017
2023/2024,Akwa Ibom,SS,tropical,5780581,3,2023-07-17,2023,29,472,17,1,8.165,0.294,0.017
2023/2024,Akwa Ibom,SS,tropical,5780581,4,2023-07-24,2023,30,663,9,1,11.469,0.156,0.017
2023/2024,Akwa Ibom,SS,tropical,5780581,5,2023-07-31,2023,31,949,9,1,16.417,0.156,0.017
2023/2024,Akwa Ibom,SS,tropical,5780581,6,2023-08-07,2023,32,1022,18,1,17.68,0.311,0.017
2023/2024,Akwa Ibom,SS,tropical,5780581,7,2023-08-14,2023,33,1471,14,0,25.447,0.242,0.0
2023/2024,Akwa Ibom,SS,tropical,5780581,8,2023-08-21,2023,34,1712,9,1,29.616,0.156,0.017
2023/2024,Akwa Ibom,SS,tropical,5780581,9,2023-08-28,2023,35,2082,32,7,36.017,0.554,0.121
2023/2024,Akwa Ibom,SS,tropical,5780581,10,2023-09-04,2023,36,5743,147,9,99.35,2.543,0.156
2023/2024,Akwa Ibom,SS,tropical,5780581,11,2023-09-11,2023,37,19356,241,12,334.845,4.169,0.208
2023/2024,Akwa Ibom,SS,tropical,5780581,12,2023-09-18,2023,38,55826,860,77,965.751,14.877,1.332
2023/2024,Akwa Ibom,SS,tropical,5780581,13,2023-09-25,2023,39,73912,1268,106,1278.626,21.936,1.834
2023/2024,Akwa Ibom,SS,tropical,5780581,14,2023-10-02,2023,40,68405,1630,155,1183.359,28.198,2.681
2023/2024,Akwa Ibom,SS,tropical,5780581,15,2023-10-09,2023,41,48219,1729,112,834.155,29.91,1.938
2023/2024,Akwa Ibom,SS,tropical,5780581,16,2023-10-16,2023,42,40155,415,58,694.653,7.179,1.003
2023/2024,Akwa Ibom,SS,tropical,5780581,17,2023-10-23,2023,43,14271,102,9,246.878,1.765,0.156
2023/2024,Akwa Ibom,SS,tropical,5780581,18,2023-10-30,2023,44,1791,18,7,30.983,0.311,0.121
2023/2024,Akwa Ibom,SS,tropical,5780581,19,2023-11-06,2023,45,732,29,2,12.663,0.502,0.035
2023/2024,Akwa Ibom,SS,tropical,5780581,20,2023-11-13,2023,46,990,12,2,17.126,0.208,0.035
2023/2024,Akwa Ibom,SS,tropical,5780581,21,2023-11-20,2023,47,1102,13,1,19.064,0.225,0.017
2023/2024,Akwa Ibom,SS,tropical,5780581,22,2023-11-27,2023,48,1441,31,1,24.928,0.536,0.017
2023/2024,Akwa Ibom,SS,tropical,5780581,23,2023-12-04,2023,49,2037,24,5,35.239,0.415,0.086
2023/2024,Akwa Ibom,SS,tropical,5780581,24,2023-12-11,2023,50,2356,56,5,40.757,0.969,0.086
2023/2024,Akwa Ibom,SS,tropical,5780581,25,2023-12-18,2023,51,9912,98,5,171.471,1.695,0.086
2023/2024,Akwa Ibom,SS,tropical,5780581,26,2023-12-25,2023,52,5679,118,11,98.243,2.041,0.19
2023/2024,Akwa Ibom,SS,tropical,5780581,27,2024-01-01,2024,1,8788,170,8,152.026,2.941,0.138
2023/2024,Akwa Ibom,SS,tropical,5780581,28,2024-01-08,2024,2,7123,152,5,123.223,2.629,0.086
2023/2024,Akwa Ibom,SS,tropical,5780581,29,2024-01-15,2024,3,3192,74,5,55.219,1.28,0.086
2023/2024,Akwa Ibom,SS,tropical,5780581,30,2024-01-22,2024,4,951,16,4,16.452,0.277,0.069
2023/2024,Akwa Ibom,SS,tropical,5780581,31,2024-01-29,2024,5,681,13,4,11.781,0.225,0.069
2023/2024,Akwa Ibom,SS,tropical,5780581,32,2024-02-05,2024,6,685,15,1,11.85,0.259,0.017
2023/2024,Akwa Ibom,SS,tropical,5780581,33,2024-02-12,2024,7,413,14,2,7.145,0.242,0.035
2023/2024,Akwa Ibom,SS,tropical,5780581,34,2024-02-19,2024,8,710,14,0,12.283,0.242,0.0
2023/2024,Akwa Ibom,SS,tropical,5780581,35,2024-02-26,2024,9,842,12,0,14.566,0.208,0.0
2023/2024,Akwa Ibom,SS,tropical,5780581,36,2024-03-04,2024,10,1067,13,1,18.458,0.225,0.017
2023/2024,Akwa Ibom,SS,tropical,5780581,37,2024-03-11,2024,11,1000,10,3,17.299,0.173,0.052
2023/2024,Akwa Ibom,SS,tropical,5780581,38,2024-03-18,2024,12,517,11,0,8.944,0.19,0.0
2023/2024,Akwa Ibom,SS,tropical,5780581,39,2024-03-25,2024,13,731,5,1,12.646,0.086,0.017
2023/2024,Akwa Ibom,SS,tropical,5780581,40,2024-04-01,2024,14,370,20,1,6.401,0.346,0.017
2023/2024,Akwa Ibom,SS,tropical,5780581,41,2024-04-08,2024,15,1001,13,1,17.317,0.225,0.017
2023/2024,Akwa Ibom,SS,tropical,5780581,42,2024-04-15,2024,16,561,6,1,9.705,0.104,0.017
2023/2024,Akwa Ibom,SS,tropical,5780581,43,2024-04-22,2024,17,1163,8,2,20.119,0.138,0.035
2023/2024,Akwa Ibom,SS,tropical,5780581,44,2024-04-29,2024,18,581,8,2,10.051,0.138,0.035
2023/2024,Akwa Ibom,SS,tropical,5780581,45,2024-05-06,2024,19,758,13,1,13.113,0.225,0.017
2023/2024,Akwa Ibom,SS,tropical,5780581,46,2024-05-13,2024,20,471,15,1,8.148,0.259,0.017
2023/2024,Akwa Ibom,SS,tropical,5780581,47,2024-05-20,2024,21,918,14,1,15.881,0.242,0.017
2023/2024,Akwa Ibom,SS,tropical,5780581,48,2024-05-27,2024,22,646,13,2,11.175,0.225,0.035
2023/2024,Akwa Ibom,SS,tropical,5780581,49,2024-06-03,2024,23,786,14,0,13.597,0.242,0.0
2023/2024,Akwa Ibom,SS,tropical,5780581,50,2024-06-10,2024,24,668,15,1,11.556,0.259,0.017
2023/2024,Akwa Ibom,SS,tropical,5780581,51,2024-06-17,2024,25,629,2,1,10.881,0.035,0.017
2023/2024,Akwa Ibom,SS,tropical,5780581,52,2024-06-24,2024,26,659,8,1,11.4,0.138,0.017
2023/2024,Edo,SS,tropical,5527810,1,2023-07-03,2023,27,2374,48,3,42.946,0.868,0.054
2023/2024,Edo,SS,tropical,5527810,2,2023-07-10,2023,28,968,9,0,17.511,0.163,0.0
2023/2024,Edo,SS,tropical,5527810,3,2023-07-17,2023,29,569,5,1,10.293,0.09,0.018
2023/2024,Edo,SS,tropical,5527810,4,2023-07-24,2023,30,814,13,1,14.726,0.235,0.018
2023/2024,Edo,SS,tropical,5527810,5,2023-07-31,2023,31,711,9,0,12.862,0.163,0.0
2023/2024,Edo,SS,tropical,5527810,6,2023-08-07,2023,32,981,12,1,17.747,0.217,0.018
2023/2024,Edo,SS,tropical,5527810,7,2023-08-14,2023,33,510,20,0,9.226,0.362,0.0
2023/2024,Edo,SS,tropical,5527810,8,2023-08-21,2023,34,2687,28,3,48.609,0.507,0.054
2023/2024,Edo,SS,tropical,5527810,9,2023-08-28,2023,35,2556,41,4,46.239,0.742,0.072
2023/2024,Edo,SS,tropical,5527810,10,2023-09-04,2023,36,6684,124,6,120.916,2.243,0.109
2023/2024,Edo,SS,tropical,5527810,11,2023-09-11,2023,37,19109,202,13,345.688,3.654,0.235
2023/2024,Edo,SS,tropical,5527810,12,2023-09-18,2023,38,39854,630,40,720.973,11.397,0.724
2023/2024,Edo,SS,tropical,5527810,13,2023-09-25,2023,39,62564,1460,105,1131.804,26.412,1.899
2023/2024,Edo,SS,tropical,5527810,14,2023-10-02,2023,40,89833,1388,133,1625.11,25.109,2.406
2023/2024,Edo,SS,tropical,5527810,15,2023-10-09,2023,41,96752,1053,52,1750.277,19.049,0.941
2023/2024,Edo,SS,tropical,5527810,16,2023-10-16,2023,42,41401,589,54,748.958,10.655,0.977
2023/2024,Edo,SS,tropical,5527810,17,2023-10-23,2023,43,14083,205,9,254.766,3.709,0.163
2023/2024,Edo,SS,tropical,5527810,18,2023-10-30,2023,44,2387,21,3,43.182,0.38,0.054
2023/2024,Edo,SS,tropical,5527810,19,2023-11-06,2023,45,653,14,1,11.813,0.253,0.018
2023/2024,Edo,SS,tropical,5527810,20,2023-11-13,2023,46,1004,23,1,18.163,0.416,0.018
2023/2024,Edo,SS,tropical,5527810,21,2023-11-20,2023,47,972,11,1,17.584,0.199,0.018
2023/2024,Edo,SS,tropical,5527810,22,2023-11-27,2023,48,645,30,4,11.668,0.543,0.072
2023/2024,Edo,SS,tropical,5527810,23,2023-12-04,2023,49,1658,46,2,29.994,0.832,0.036
2023/2024,Edo,SS,tropical,5527810,24,2023-12-11,2023,50,3221,63,5,58.269,1.14,0.09
2023/2024,Edo,SS,tropical,5527810,25,2023-12-18,2023,51,5838,74,6,105.611,1.339,0.109
2023/2024,Edo,SS,tropical,5527810,26,2023-12-25,2023,52,10206,99,5,184.63,1.791,0.09
2023/2024,Edo,SS,tropical,5527810,27,2024-01-01,2024,1,11579,124,17,209.468,2.243,0.308
2023/2024,Edo,SS,tropical,5527810,28,2024-01-08,2024,2,6165,132,5,111.527,2.388,0.09
2023/2024,Edo,SS,tropical,5527810,29,2024-01-15,2024,3,2845,71,6,51.467,1.284,0.109
2023/2024,Edo,SS,tropical,5527810,30,2024-01-22,2024,4,883,36,0,15.974,0.651,0.0
2023/2024,Edo,SS,tropical,5527810,31,2024-01-29,2024,5,796,21,2,14.4,0.38,0.036
2023/2024,Edo,SS,tropical,5527810,32,2024-02-05,2024,6,1201,7,0,21.727,0.127,0.0
2023/2024,Edo,SS,tropical,5527810,33,2024-02-12,2024,7,635,2,4,11.487,0.036,0.072
2023/2024,Edo,SS,tropical,5527810,34,2024-02-19,2024,8,391,5,1,7.073,0.09,0.018
2023/2024,Edo,SS,tropical,5527810,35,2024-02-26,2024,9,778,10,0,14.074,0.181,0.0
2023/2024,Edo,SS,tropical,5527810,36,2024-03-04,2024,10,783,12,2,14.165,0.217,0.036
2023/2024,Edo,SS,tropical,5527810,37,2024-03-11,2024,11,651,12,1,11.777,0.217,0.018
2023/2024,Edo,SS,tropical,5527810,38,2024-03-18,2024,12,562,11,0,10.167,0.199,0.0
2023/2024,Edo,SS,tropical,5527810,39,2024-03-25,2024,13,375,10,1,6.784,0.181,0.018
2023/2024,Edo,SS,tropical,5527810,40,2024-04-01,2024,14,536,9,1,9.696,0.163,0.018
2023/2024,Edo,SS,tropical,5527810,41,2024-04-08,2024,15,873,8,2,15.793,0.145,0.036
2023/2024,Edo,SS,tropical,5527810,42,2024-04-15,2024,16,598,1,1,10.818,0.018,0.018
2023/2024,Edo,SS,tropical,5527810,43,2024-04-22,2024,17,550,7,1,9.95,0.127,0.018
2023/2024,Edo,SS,tropical,5527810,44,2024-04-29,2024,18,682,6,1,12.338,0.109,0.018
2023/2024,Edo,SS,tropical,5527810,45,2024-05-06,2024,19,595,15,0,10.764,0.271,0.0
2023/2024,Edo,SS,tropical,5527810,46,2024-05-13,2024,20,308,9,1,5.572,0.163,0.018
2023/2024,Edo,SS,tropical,5527810,47,2024-05-20,2024,21,644,13,2,11.65,0.235,0.036
2023/2024,Edo,SS,tropical,5527810,48,2024-05-27,2024,22,342,3,1,6.187,0.054,0.018
2023/2024,Edo,SS,tropical,5527810,49,2024-06-03,2024,23,706,22,0,12.772,0.398,0.0
2023/2024,Edo,SS,tropical,5527810,50,2024-06-10,2024,24,571,5,2,10.33,0.09,0.036
2023/2024,Edo,SS,tropical,5527810,51,2024-06-17,2024,25,313,11,2,5.662,0.199,0.036
2023/2024,Edo,SS,tropical,5527810,52,2024-06-24,2024,26,792,12,0,14.328,0.217,0.0
2023/2024,Ondo,SW,tropical,5469707,1,2023-07-03,2023,27,3057,83,0,55.89,1.517,0.0
2023/2024,Ondo,SW,tropical,5469707,2,2023-07-10,2023,28,529,1,0,9.671,0.018,0.0
2023/2024,Ondo,SW,tropical,5469707,3,2023-07-17,2023,29,742,10,0,13.566,0.183,0.0
2023/2024,Ondo,SW,tropical,5469707,4,2023-07-24,2023,30,778,11,1,14.224,0.201,0.018
2023/2024,Ondo,SW,tropical,5469707,5,2023-07-31,2023,31,648,13,2,11.847,0.238,0.037
2023/2024,Ondo,SW,tropical,5469707,6,2023-08-07,2023,32,705,9,3,12.889,0.165,0.055
2023/2024,Ondo,SW,tropical,5469707,7,2023-08-14,2023,33,996,31,1,18.209,0.567,0.018
2023/2024,Ondo,SW,tropical,5469707,8,2023-08-21,2023,34,1641,27,3,30.002,0.494,0.055
2023/2024,Ondo,SW,tropical,5469707,9,2023-08-28,2023,35,2534,47,4,46.328,0.859,0.073
2023/2024,Ondo,SW,tropical,5469707,10,2023-09-04,2023,36,3542,93,7,64.757,1.7,0.128
2023/2024,Ondo,SW,tropical,5469707,11,2023-09-11,2023,37,14557,430,17,266.139,7.861,0.311
2023/2024,Ondo,SW,tropical,5469707,12,2023-09-18,2023,38,44302,685,32,809.952,12.524,0.585
2023/2024,Ondo,SW,tropical,5469707,13,2023-09-25,2023,39,79988,1031,111,1462.382,18.849,2.029
2023/2024,Ondo,SW,tropical,5469707,14,2023-10-02,2023,40,73943,1944,135,1351.864,35.541,2.468
2023/2024,Ondo,SW,tropical,5469707,15,2023-10-09,2023,41,59403,1795,97,1086.036,32.817,1.773
2023/2024,Ondo,SW,tropical,5469707,16,2023-10-16,2023,42,42285,474,48,773.076,8.666,0.878
2023/2024,Ondo,SW,tropical,5469707,17,2023-10-23,2023,43,5003,153,4,91.467,2.797,0.073
2023/2024,Ondo,SW,tropical,5469707,18,2023-10-30,2023,44,2119,36,4,38.741,0.658,0.073
2023/2024,Ondo,SW,tropical,5469707,19,2023-11-06,2023,45,1214,15,3,22.195,0.274,0.055
2023/2024,Ondo,SW,tropical,5469707,20,2023-11-13,2023,46,1248,4,0,22.817,0.073,0.0
2023/2024,Ondo,SW,tropical,5469707,21,2023-11-20,2023,47,850,17,3,15.54,0.311,0.055
2023/2024,Ondo,SW,tropical,5469707,22,2023-11-27,2023,48,1719,14,0,31.428,0.256,0.0
2023/2024,Ondo,SW,tropical,5469707,23,2023-12-04,2023,49,1740,40,5,31.812,0.731,0.091
2023/2024,Ondo,SW,tropical,5469707,24,2023-12-11,2023,50,5371,75,4,98.195,1.371,0.073
2023/2024,Ondo,SW,tropical,5469707,25,2023-12-18,2023,51,3222,93,5,58.906,1.7,0.091
2023/2024,Ondo,SW,tropical,5469707,26,2023-12-25,2023,52,4653,113,6,85.069,2.066,0.11
2023/2024,Ondo,SW,tropical,5469707,27,2024-01-01,2024,1,6129,124,12,112.054,2.267,0.219
2023/2024,Ondo,SW,tropical,5469707,28,2024-01-08,2024,2,7653,75,9,139.916,1.371,0.165
2023/2024,Ondo,SW,tropical,5469707,29,2024-01-15,2024,3,2990,23,2,54.665,0.42,0.037
2023/2024,Ondo,SW,tropical,5469707,30,2024-01-22,2024,4,2052,21,0,37.516,0.384,0.0
2023/2024,Ondo,SW,tropical,5469707,31,2024-01-29,2024,5,833,9,0,15.229,0.165,0.0
2023/2024,Ondo,SW,tropical,5469707,32,2024-02-05,2024,6,954,16,3,17.442,0.293,0.055
2023/2024,Ondo,SW,tropical,5469707,33,2024-02-12,2024,7,316,15,0,5.777,0.274,0.0
2023/2024,Ondo,SW,tropical,5469707,34,2024-02-19,2024,8,649,12,1,11.865,0.219,0.018
2023/2024,Ondo,SW,tropical,5469707,35,2024-02-26,2024,9,579,16,0,10.586,0.293,0.0
2023/2024,Ondo,SW,tropical,5469707,36,2024-03-04,2024,10,702,7,1,12.834,0.128,0.018
2023/2024,Ondo,SW,tropical,5469707,37,2024-03-11,2024,11,324,8,0,5.924,0.146,0.0
2023/2024,Ondo,SW,tropical,5469707,38,2024-03-18,2024,12,536,13,1,9.799,0.238,0.018
2023/2024,Ondo,SW,tropical,5469707,39,2024-03-25,2024,13,743,10,1,13.584,0.183,0.018
2023/2024,Ondo,SW,tropical,5469707,40,2024-04-01,2024,14,1017,11,2,18.593,0.201,0.037
2023/2024,Ondo,SW,tropical,5469707,41,2024-04-08,2024,15,622,13,0,11.372,0.238,0.0
2023/2024,Ondo,SW,tropical,5469707,42,2024-04-15,2024,16,470,10,0,8.593,0.183,0.0
2023/2024,Ondo,SW,tropical,5469707,43,2024-04-22,2024,17,538,11,2,9.836,0.201,0.037
2023/2024,Ondo,SW,tropical,5469707,44,2024-04-29,2024,18,860,19,0,15.723,0.347,0.0
2023/2024,Ondo,SW,tropical,5469707,45,2024-05-06,2024,19,716,14,2,13.09,0.256,0.037
2023/2024,Ondo,SW,tropical,5469707,46,2024-05-13,2024,20,536,19,0,9.799,0.347,0.0
2023/2024,Ondo,SW,tropical,5469707,47,2024-05-20,2024,21,516,9,0,9.434,0.165,0.0
2023/2024,Ondo,SW,tropical,5469707,48,2024-05-27,2024,22,482,12,0,8.812,0.219,0.0
2023/2024,Ondo,SW,tropical,5469707,49,2024-06-03,2024,23,428,16,2,7.825,0.293,0.037
2023/2024,Ondo,SW,tropical,5469707,50,2024-06-10,2024,24,1114,10,0,20.367,0.183,0.0
2023/2024,Ondo,SW,tropical,5469707,51,2024-06-17,2024,25,468,5,0,8.556,0.091,0.0
2023/2024,Ondo,SW,tropical,5469707,52,2024-06-24,2024,26,693,8,0,12.67,0.146,0.0
2023/2024,Zamfara,NW,sahel,5517793,1,2023-07-03,2023,27,3466,81,12,62.815,1.468,0.217
2023/2024,Zamfara,NW,sahel,5517793,2,2023-07-10,2023,28,1683,7,1,30.501,0.127,0.018
2023/2024,Zamfara,NW,sahel,5517793,3,2023-07-17,2023,29,1059,12,1,19.192,0.217,0.018
2023/2024,Zamfara,NW,sahel,5517793,4,2023-07-24,2023,30,1128,10,2,20.443,0.181,0.036
2023/2024,Zamfara,NW,sahel,5517793,5,2023-07-31,2023,31,1105,13,0,20.026,0.236,0.0
2023/2024,Zamfara,NW,sahel,5517793,6,2023-08-07,2023,32,1092,11,2,19.791,0.199,0.036
2023/2024,Zamfara,NW,sahel,5517793,7,2023-08-14,2023,33,1131,13,3,20.497,0.236,0.054
2023/2024,Zamfara,NW,sahel,5517793,8,2023-08-21,2023,34,860,8,0,15.586,0.145,0.0
2023/2024,Zamfara,NW,sahel,5517793,9,2023-08-28,2023,35,1285,20,2,23.288,0.362,0.036
2023/2024,Zamfara,NW,sahel,5517793,10,2023-09-04,2023,36,1479,8,2,26.804,0.145,0.036
2023/2024,Zamfara,NW,sahel,5517793,11,2023-09-11,2023,37,3638,22,7,65.932,0.399,0.127
2023/2024,Zamfara,NW,sahel,5517793,12,2023-09-18,2023,38,3210,54,14,58.175,0.979,0.254
2023/2024,Zamfara,NW,sahel,5517793,13,2023-09-25,2023,39,10380,88,9,188.119,1.595,0.163
2023/2024,Zamfara,NW,sahel,5517793,14,2023-10-02,2023,40,15359,177,65,278.354,3.208,1.178
2023/2024,Zamfara,NW,sahel,5517793,15,2023-10-09,2023,41,38529,599,48,698.268,10.856,0.87
2023/2024,Zamfara,NW,sahel,5517793,16,2023-10-16,2023,42,68692,592,118,1244.918,10.729,2.139
2023/2024,Zamfara,NW,sahel,5517793,17,2023-10-23,2023,43,49891,563,117,904.184,10.203,2.12
2023/2024,Zamfara,NW,sahel,5517793,18,2023-10-30,2023,44,70723,581,72,1281.726,10.53,1.305
2023/2024,Zamfara,NW,sahel,5517793,19,2023-11-06,2023,45,17400,190,12,315.343,3.443,0.217
2023/2024,Zamfara,NW,sahel,5517793,20,2023-11-13,2023,46,5203,53,13,94.295,0.961,0.236
2023/2024,Zamfara,NW,sahel,5517793,21,2023-11-20,2023,47,2647,59,4,47.972,1.069,0.072
2023/2024,Zamfara,NW,sahel,5517793,22,2023-11-27,2023,48,3581,35,3,64.899,0.634,0.054
2023/2024,Zamfara,NW,sahel,5517793,23,2023-12-04,2023,49,7685,74,6,139.277,1.341,0.109
2023/2024,Zamfara,NW,sahel,5517793,24,2023-12-11,2023,50,3789,49,8,68.669,0.888,0.145
2023/2024,Zamfara,NW,sahel,5517793,25,2023-12-18,2023,51,6805,155,14,123.328,2.809,0.254
2023/2024,Zamfara,NW,sahel,5517793,26,2023-12-25,2023,52,13364,170,44,242.198,3.081,0.797
2023/2024,Zamfara,NW,sahel,5517793,27,2024-01-01,2024,1,27029,177,35,489.852,3.208,0.634
2023/2024,Zamfara,NW,sahel,5517793,28,2024-01-08,2024,2,7360,189,23,133.387,3.425,0.417
2023/2024,Zamfara,NW,sahel,5517793,29,2024-01-15,2024,3,3042,64,5,55.131,1.16,0.091
2023/2024,Zamfara,NW,sahel,5517793,30,2024-01-22,2024,4,2224,27,2,40.306,0.489,0.036
2023/2024,Zamfara,NW,sahel,5517793,31,2024-01-29,2024,5,1384,28,2,25.082,0.507,0.036
2023/2024,Zamfara,NW,sahel,5517793,32,2024-02-05,2024,6,535,7,3,9.696,0.127,0.054
2023/2024,Zamfara,NW,sahel,5517793,33,2024-02-12,2024,7,1257,26,2,22.781,0.471,0.036
2023/2024,Zamfara,NW,sahel,5517793,34,2024-02-19,2024,8,955,6,2,17.308,0.109,0.036
2023/2024,Zamfara,NW,sahel,5517793,35,2024-02-26,2024,9,885,15,2,16.039,0.272,0.036
2023/2024,Zamfara,NW,sahel,5517793,36,2024-03-04,2024,10,592,11,3,10.729,0.199,0.054
2023/2024,Zamfara,NW,sahel,5517793,37,2024-03-11,2024,11,820,16,2,14.861,0.29,0.036
2023/2024,Zamfara,NW,sahel,5517793,38,2024-03-18,2024,12,1197,13,0,21.693,0.236,0.0
2023/2024,Zamfara,NW,sahel,5517793,39,2024-03-25,2024,13,1502,12,1,27.221,0.217,0.018
2023/2024,Zamfara,NW,sahel,5517793,40,2024-04-01,2024,14,1114,11,3,20.189,0.199,0.054
2023/2024,Zamfara,NW,sahel,5517793,41,2024-04-08,2024,15,1073,6,1,19.446,0.109,0.018
2023/2024,Zamfara,NW,sahel,5517793,42,2024-04-15,2024,16,952,12,4,17.253,0.217,0.072
2023/2024,Zamfara,NW,sahel,5517793,43,2024-04-22,2024,17,735,11,0,13.321,0.199,0.0
2023/2024,Zamfara,NW,sahel,5517793,44,2024-04-29,2024,18,1312,7,3,23.778,0.127,0.054
2023/2024,Zamfara,NW,sahel,5517793,45,2024-05-06,2024,19,970,12,2,17.579,0.217,0.036
2023/2024,Zamfara,NW,sahel,5517793,46,2024-05-13,2024,20,1046,10,1,18.957,0.181,0.018
2023/2024,Zamfara,NW,sahel,5517793,47,2024-05-20,2024,21,390,16,2,7.068,0.29,0.036
2023/2024,Zamfara,NW,sahel,5517793,48,2024-05-27,2024,22,1451,15,1,26.297,0.272,0.018
2023/2024,Zamfara,NW,sahel,5517793,49,2024-06-03,2024,23,2185,21,0,39.599,0.381,0.0
2023/2024,Zamfara,NW,sahel,5517793,50,2024-06-10,2024,24,946,14,5,17.145,0.254,0.091
2023/2024,Zamfara,NW,sahel,5517793,51,2024-06-17,2024,25,625,12,0,11.327,0.217,0.0
2023/2024,Zamfara,NW,sahel,5517793,52,2024-06-24,2024,26,936,10,2,16.963,0.181,0.036
2023/2024,Plateau,NC,savanna,5400974,1,2023-07-03,2023,27,3412,70,0,63.174,1.296,0.0
2023/2024,Plateau,NC,savanna,5400974,2,2023-07-10,2023,28,567,25,2,10.498,0.463,0.037
2023/2024,Plateau,NC,savanna,5400974,3,2023-07-17,2023,29,854,15,2,15.812,0.278,0.037
2023/2024,Plateau,NC,savanna,5400974,4,2023-07-24,2023,30,1481,5,1,27.421,0.093,0.019
2023/2024,Plateau,NC,savanna,5400974,5,2023-07-31,2023,31,1285,5,1,23.792,0.093,0.019
2023/2024,Plateau,NC,savanna,5400974,6,2023-08-07,2023,32,613,11,0,11.35,0.204,0.0
2023/2024,Plateau,NC,savanna,5400974,7,2023-08-14,2023,33,1069,5,2,19.793,0.093,0.037
2023/2024,Plateau,NC,savanna,5400974,8,2023-08-21,2023,34,1548,10,1,28.661,0.185,0.019
2023/2024,Plateau,NC,savanna,5400974,9,2023-08-28,2023,35,1625,18,4,30.087,0.333,0.074
2023/2024,Plateau,NC,savanna,5400974,10,2023-09-04,2023,36,3052,38,4,56.508,0.704,0.074
2023/2024,Plateau,NC,savanna,5400974,11,2023-09-11,2023,37,4398,79,7,81.43,1.463,0.13
2023/2024,Plateau,NC,savanna,5400974,12,2023-09-18,2023,38,17914,346,29,331.681,6.406,0.537
2023/2024,Plateau,NC,savanna,5400974,13,2023-09-25,2023,39,29225,504,36,541.106,9.332,0.667
2023/2024,Plateau,NC,savanna,5400974,14,2023-10-02,2023,40,44116,675,64,816.816,12.498,1.185
2023/2024,Plateau,NC,savanna,5400974,15,2023-10-09,2023,41,84006,1355,181,1555.386,25.088,3.351
2023/2024,Plateau,NC,savanna,5400974,16,2023-10-16,2023,42,48894,1202,52,905.281,22.255,0.963
2023/2024,Plateau,NC,savanna,5400974,17,2023-10-23,2023,43,31297,492,36,579.47,9.109,0.667
2023/2024,Plateau,NC,savanna,5400974,18,2023-10-30,2023,44,9798,217,26,181.412,4.018,0.481
2023/2024,Plateau,NC,savanna,5400974,19,2023-11-06,2023,45,1920,30,4,35.549,0.555,0.074
2023/2024,Plateau,NC,savanna,5400974,20,2023-11-13,2023,46,1142,17,1,21.144,0.315,0.019
2023/2024,Plateau,NC,savanna,5400974,21,2023-11-20,2023,47,2194,24,0,40.622,0.444,0.0
2023/2024,Plateau,NC,savanna,5400974,22,2023-11-27,2023,48,1839,38,8,34.049,0.704,0.148
2023/2024,Plateau,NC,savanna,5400974,23,2023-12-04,2023,49,2183,72,8,40.419,1.333,0.148
2023/2024,Plateau,NC,savanna,5400974,24,2023-12-11,2023,50,3895,79,8,72.117,1.463,0.148
2023/2024,Plateau,NC,savanna,5400974,25,2023-12-18,2023,51,15310,94,9,283.467,1.74,0.167
2023/2024,Plateau,NC,savanna,5400974,26,2023-12-25,2023,52,15858,237,12,293.614,4.388,0.222
2023/2024,Plateau,NC,savanna,5400974,27,2024-01-01,2024,1,9486,202,23,175.635,3.74,0.426
2023/2024,Plateau,NC,savanna,5400974,28,2024-01-08,2024,2,20284,110,15,375.562,2.037,0.278
2023/2024,Plateau,NC,savanna,5400974,29,2024-01-15,2024,3,4682,58,5,86.688,1.074,0.093
2023/2024,Plateau,NC,savanna,5400974,30,2024-01-22,2024,4,2282,48,5,42.252,0.889,0.093
2023/2024,Plateau,NC,savanna,5400974,31,2024-01-29,2024,5,2283,19,0,42.27,0.352,0.0
2023/2024,Plateau,NC,savanna,5400974,32,2024-02-05,2024,6,600,13,0,11.109,0.241,0.0
2023/2024,Plateau,NC,savanna,5400974,33,2024-02-12,2024,7,1305,15,1,24.162,0.278,0.019
2023/2024,Plateau,NC,savanna,5400974,34,2024-02-19,2024,8,987,12,1,18.274,0.222,0.019
2023/2024,Plateau,NC,savanna,5400974,35,2024-02-26,2024,9,787,7,4,14.571,0.13,0.074
2023/2024,Plateau,NC,savanna,5400974,36,2024-03-04,2024,10,767,13,0,14.201,0.241,0.0
2023/2024,Plateau,NC,savanna,5400974,37,2024-03-11,2024,11,1037,9,3,19.2,0.167,0.056
2023/2024,Plateau,NC,savanna,5400974,38,2024-03-18,2024,12,965,19,3,17.867,0.352,0.056
2023/2024,Plateau,NC,savanna,5400974,39,2024-03-25,2024,13,318,18,3,5.888,0.333,0.056
2023/2024,Plateau,NC,savanna,5400974,40,2024-04-01,2024,14,706,15,1,13.072,0.278,0.019
2023/2024,Plateau,NC,savanna,5400974,41,2024-04-08,2024,15,797,5,1,14.757,0.093,0.019
2023/2024,Plateau,NC,savanna,5400974,42,2024-04-15,2024,16,1372,13,2,25.403,0.241,0.037
2023/2024,Plateau,NC,savanna,5400974,43,2024-04-22,2024,17,930,8,2,17.219,0.148,0.037
2023/2024,Plateau,NC,savanna,5400974,44,2024-04-29,2024,18,826,7,1,15.294,0.13,0.019
2023/2024,Plateau,NC,savanna,5400974,45,2024-05-06,2024,19,689,10,1,12.757,0.185,0.019
2023/2024,Plateau,NC,savanna,5400974,46,2024-05-13,2024,20,717,21,3,13.275,0.389,0.056
2023/2024,Plateau,NC,savanna,5400974,47,2024-05-20,2024,21,740,16,0,13.701,0.296,0.0
2023/2024,Plateau,NC,savanna,5400974,48,2024-05-27,2024,22,723,15,1,13.386,0.278,0.019
2023/2024,Plateau,NC,savanna,5400974,49,2024-06-03,2024,23,332,13,0,6.147,0.241,0.0
2023/2024,Plateau,NC,savanna,5400974,50,2024-06-10,2024,24,1157,10,1,21.422,0.185,0.019
2023/2024,Plateau,NC,savanna,5400974,51,2024-06-17,2024,25,961,13,0,17.793,0.241,0.0
2023/2024,Plateau,NC,savanna,5400974,52,2024-06-24,2024,26,660,14,1,12.22,0.259,0.019
2023/2024,Enugu,SE,tropical,5396098,1,2023-07-03,2023,27,2583,26,2,47.868,0.482,0.037
2023/2024,Enugu,SE,tropical,5396098,2,2023-07-10,2023,28,786,7,0,14.566,0.13,0.0
2023/2024,Enugu,SE,tropical,5396098,3,2023-07-17,2023,29,808,16,1,14.974,0.297,0.019
2023/2024,Enugu,SE,tropical,5396098,4,2023-07-24,2023,30,789,16,2,14.622,0.297,0.037
2023/2024,Enugu,SE,tropical,5396098,5,2023-07-31,2023,31,605,9,0,11.212,0.167,0.0
2023/2024,Enugu,SE,tropical,5396098,6,2023-08-07,2023,32,701,9,0,12.991,0.167,0.0
2023/2024,Enugu,SE,tropical,5396098,7,2023-08-14,2023,33,824,17,2,15.27,0.315,0.037
2023/2024,Enugu,SE,tropical,5396098,8,2023-08-21,2023,34,1191,21,1,22.072,0.389,0.019
2023/2024,Enugu,SE,tropical,5396098,9,2023-08-28,2023,35,4057,60,2,75.184,1.112,0.037
2023/2024,Enugu,SE,tropical,5396098,10,2023-09-04,2023,36,10835,125,18,200.793,2.316,0.334
2023/2024,Enugu,SE,tropical,5396098,11,2023-09-11,2023,37,24804,307,26,459.665,5.689,0.482
2023/2024,Enugu,SE,tropical,5396098,12,2023-09-18,2023,38,27948,661,48,517.93,12.25,0.89
2023/2024,Enugu,SE,tropical,5396098,13,2023-09-25,2023,39,86255,1239,93,1598.47,22.961,1.723
2023/2024,Enugu,SE,tropical,5396098,14,2023-10-02,2023,40,68384,1543,59,1267.286,28.595,1.093
2023/2024,Enugu,SE,tropical,5396098,15,2023-10-09,2023,41,84921,1502,128,1573.748,27.835,2.372
2023/2024,Enugu,SE,tropical,5396098,16,2023-10-16,2023,42,39224,672,56,726.896,12.453,1.038
2023/2024,Enugu,SE,tropical,5396098,17,2023-10-23,2023,43,10942,262,18,202.776,4.855,0.334
2023/2024,Enugu,SE,tropical,5396098,18,2023-10-30,2023,44,3112,55,1,57.671,1.019,0.019
2023/2024,Enugu,SE,tropical,5396098,19,2023-11-06,2023,45,779,16,2,14.436,0.297,0.037
2023/2024,Enugu,SE,tropical,5396098,20,2023-11-13,2023,46,1277,12,2,23.665,0.222,0.037
2023/2024,Enugu,SE,tropical,5396098,21,2023-11-20,2023,47,860,32,0,15.937,0.593,0.0
2023/2024,Enugu,SE,tropical,5396098,22,2023-11-27,2023,48,2091,29,2,38.75,0.537,0.037
2023/2024,Enugu,SE,tropical,5396098,23,2023-12-04,2023,49,2591,45,2,48.016,0.834,0.037
2023/2024,Enugu,SE,tropical,5396098,24,2023-12-11,2023,50,3741,55,6,69.328,1.019,0.111
2023/2024,Enugu,SE,tropical,5396098,25,2023-12-18,2023,51,4499,107,1,83.375,1.983,0.019
2023/2024,Enugu,SE,tropical,5396098,26,2023-12-25,2023,52,9104,151,6,168.715,2.798,0.111
2023/2024,Enugu,SE,tropical,5396098,27,2024-01-01,2024,1,7730,125,9,143.252,2.316,0.167
2023/2024,Enugu,SE,tropical,5396098,28,2024-01-08,2024,2,9101,65,7,168.659,1.205,0.13
2023/2024,Enugu,SE,tropical,5396098,29,2024-01-15,2024,3,3249,67,1,60.21,1.242,0.019
2023/2024,Enugu,SE,tropical,5396098,30,2024-01-22,2024,4,1451,11,0,26.89,0.204,0.0
2023/2024,Enugu,SE,tropical,5396098,31,2024-01-29,2024,5,993,17,0,18.402,0.315,0.0
2023/2024,Enugu,SE,tropical,5396098,32,2024-02-05,2024,6,428,7,0,7.932,0.13,0.0
2023/2024,Enugu,SE,tropical,5396098,33,2024-02-12,2024,7,785,9,0,14.548,0.167,0.0
2023/2024,Enugu,SE,tropical,5396098,34,2024-02-19,2024,8,515,9,1,9.544,0.167,0.019
2023/2024,Enugu,SE,tropical,5396098,35,2024-02-26,2024,9,799,9,1,14.807,0.167,0.019
2023/2024,Enugu,SE,tropical,5396098,36,2024-03-04,2024,10,699,12,3,12.954,0.222,0.056
2023/2024,Enugu,SE,tropical,5396098,37,2024-03-11,2024,11,332,6,1,6.153,0.111,0.019
2023/2024,Enugu,SE,tropical,5396098,38,2024-03-18,2024,12,399,10,2,7.394,0.185,0.037
2023/2024,Enugu,SE,tropical,5396098,39,2024-03-25,2024,13,820,11,1,15.196,0.204,0.019
2023/2024,Enugu,SE,tropical,5396098,40,2024-04-01,2024,14,386,14,2,7.153,0.259,0.037
2023/2024,Enugu,SE,tropical,5396098,41,2024-04-08,2024,15,681,11,1,12.62,0.204,0.019
2023/2024,Enugu,SE,tropical,5396098,42,2024-04-15,2024,16,536,17,2,9.933,0.315,0.037
2023/2024,Enugu,SE,tropical,5396098,43,2024-04-22,2024,17,529,6,0,9.803,0.111,0.0
2023/2024,Enugu,SE,tropical,5396098,44,2024-04-29,2024,18,560,16,1,10.378,0.297,0.019
2023/2024,Enugu,SE,tropical,5396098,45,2024-05-06,2024,19,759,8,0,14.066,0.148,0.0
2023/2024,Enugu,SE,tropical,5396098,46,2024-05-13,2024,20,902,11,0,16.716,0.204,0.0
2023/2024,Enugu,SE,tropical,5396098,47,2024-05-20,2024,21,342,5,1,6.338,0.093,0.019
2023/2024,Enugu,SE,tropical,5396098,48,2024-05-27,2024,22,631,11,4,11.694,0.204,0.074
2023/2024,Enugu,SE,tropical,5396098,49,2024-06-03,2024,23,449,13,1,8.321,0.241,0.019
2023/2024,Enugu,SE,tropical,5396098,50,2024-06-10,2024,24,590,11,1,10.934,0.204,0.019
2023/2024,Enugu,SE,tropical,5396098,51,2024-06-17,2024,25,562,2,2,10.415,0.037,0.037
2023/2024,Enugu,SE,tropical,5396098,52,2024-06-24,2024,26,503,12,1,9.322,0.222,0.019
2023/2024,Adamawa,NE,savanna,5236948,1,2023-07-03,2023,27,3793,36,12,72.428,0.687,0.229
2023/2024,Adamawa,NE,savanna,5236948,2,2023-07-10,2023,28,633,10,1,12.087,0.191,0.019
2023/2024,Adamawa,NE,savanna,5236948,3,2023-07-17,2023,29,1174,7,3,22.418,0.134,0.057
2023/2024,Adamawa,NE,savanna,5236948,4,2023-07-24,2023,30,1214,12,0,23.181,0.229,0.0
2023/2024,Adamawa,NE,savanna,5236948,5,2023-07-31,2023,31,877,4,3,16.746,0.076,0.057
2023/2024,Adamawa,NE,savanna,5236948,6,2023-08-07,2023,32,834,8,1,15.925,0.153,0.019
2023/2024,Adamawa,NE,savanna,5236948,7,2023-08-14,2023,33,1307,21,0,24.957,0.401,0.0
2023/2024,Adamawa,NE,savanna,5236948,8,2023-08-21,2023,34,2085,10,0,39.813,0.191,0.0
2023/2024,Adamawa,NE,savanna,5236948,9,2023-08-28,2023,35,1929,29,2,36.834,0.554,0.038
2023/2024,Adamawa,NE,savanna,5236948,10,2023-09-04,2023,36,1892,16,8,36.128,0.306,0.153
2023/2024,Adamawa,NE,savanna,5236948,11,2023-09-11,2023,37,6162,89,9,117.664,1.699,0.172
2023/2024,Adamawa,NE,savanna,5236948,12,2023-09-18,2023,38,13495,203,16,257.688,3.876,0.306
2023/2024,Adamawa,NE,savanna,5236948,13,2023-09-25,2023,39,43225,537,51,825.385,10.254,0.974
2023/2024,Adamawa,NE,savanna,5236948,14,2023-10-02,2023,40,53136,925,109,1014.637,17.663,2.081
2023/2024,Adamawa,NE,savanna,5236948,15,2023-10-09,2023,41,82507,1023,85,1575.479,19.534,1.623
2023/2024,Adamawa,NE,savanna,5236948,16,2023-10-16,2023,42,78374,564,80,1496.559,10.77,1.528
2023/2024,Adamawa,NE,savanna,5236948,17,2023-10-23,2023,43,28473,236,46,543.695,4.506,0.878
2023/2024,Adamawa,NE,savanna,5236948,18,2023-10-30,2023,44,7545,111,9,144.072,2.12,0.172
2023/2024,Adamawa,NE,savanna,5236948,19,2023-11-06,2023,45,1981,40,3,37.827,0.764,0.057
2023/2024,Adamawa,NE,savanna,5236948,20,2023-11-13,2023,46,1596,13,4,30.476,0.248,0.076
2023/2024,Adamawa,NE,savanna,5236948,21,2023-11-20,2023,47,1152,14,2,21.998,0.267,0.038
2023/2024,Adamawa,NE,savanna,5236948,22,2023-11-27,2023,48,2825,24,3,53.944,0.458,0.057
2023/2024,Adamawa,NE,savanna,5236948,23,2023-12-04,2023,49,2335,40,3,44.587,0.764,0.057
2023/2024,Adamawa,NE,savanna,5236948,24,2023-12-11,2023,50,4435,50,10,84.687,0.955,0.191
2023/2024,Adamawa,NE,savanna,5236948,25,2023-12-18,2023,51,8495,184,12,162.213,3.513,0.229
2023/2024,Adamawa,NE,savanna,5236948,26,2023-12-25,2023,52,5346,130,19,102.082,2.482,0.363
2023/2024,Adamawa,NE,savanna,5236948,27,2024-01-01,2024,1,9163,209,34,174.968,3.991,0.649
2023/2024,Adamawa,NE,savanna,5236948,28,2024-01-08,2024,2,5917,71,22,112.986,1.356,0.42
2023/2024,Adamawa,NE,savanna,5236948,29,2024-01-15,2024,3,9291,71,13,177.412,1.356,0.248
2023/2024,Adamawa,NE,savanna,5236948,30,2024-01-22,2024,4,2815,49,3,53.753,0.936,0.057
2023/2024,Adamawa,NE,savanna,5236948,31,2024-01-29,2024,5,702,14,0,13.405,0.267,0.0
2023/2024,Adamawa,NE,savanna,5236948,32,2024-02-05,2024,6,469,10,1,8.956,0.191,0.019
2023/2024,Adamawa,NE,savanna,5236948,33,2024-02-12,2024,7,754,13,0,14.398,0.248,0.0
2023/2024,Adamawa,NE,savanna,5236948,34,2024-02-19,2024,8,756,8,2,14.436,0.153,0.038
2023/2024,Adamawa,NE,savanna,5236948,35,2024-02-26,2024,9,824,12,1,15.734,0.229,0.019
2023/2024,Adamawa,NE,savanna,5236948,36,2024-03-04,2024,10,511,11,1,9.758,0.21,0.019
2023/2024,Adamawa,NE,savanna,5236948,37,2024-03-11,2024,11,322,12,2,6.149,0.229,0.038
2023/2024,Adamawa,NE,savanna,5236948,38,2024-03-18,2024,12,902,13,0,17.224,0.248,0.0
2023/2024,Adamawa,NE,savanna,5236948,39,2024-03-25,2024,13,693,7,3,13.233,0.134,0.057
2023/2024,Adamawa,NE,savanna,5236948,40,2024-04-01,2024,14,1111,20,0,21.215,0.382,0.0
2023/2024,Adamawa,NE,savanna,5236948,41,2024-04-08,2024,15,702,25,2,13.405,0.477,0.038
2023/2024,Adamawa,NE,savanna,5236948,42,2024-04-15,2024,16,801,7,4,15.295,0.134,0.076
2023/2024,Adamawa,NE,savanna,5236948,43,2024-04-22,2024,17,581,14,0,11.094,0.267,0.0
2023/2024,Adamawa,NE,savanna,5236948,44,2024-04-29,2024,18,949,10,4,18.121,0.191,0.076
2023/2024,Adamawa,NE,savanna,5236948,45,2024-05-06,2024,19,622,11,2,11.877,0.21,0.038
2023/2024,Adamawa,NE,savanna,5236948,46,2024-05-13,2024,20,1243,15,1,23.735,0.286,0.019
2023/2024,Adamawa,NE,savanna,5236948,47,2024-05-20,2024,21,1444,15,0,27.573,0.286,0.0
2023/2024,Adamawa,NE,savanna,5236948,48,2024-05-27,2024,22,1107,8,2,21.138,0.153,0.038
2023/2024,Adamawa,NE,savanna,5236948,49,2024-06-03,2024,23,998,12,3,19.057,0.229,0.057
2023/2024,Adamawa,NE,savanna,5236948,50,2024-06-10,2024,24,700,9,0,13.367,0.172,0.0
2023/2024,Adamawa,NE,savanna,5236948,51,2024-06-17,2024,25,1718,13,4,32.805,0.248,0.076
2023/2024,Adamawa,NE,savanna,5236948,52,2024-06-24,2024,26,644,16,2,12.297,0.306,0.038
2023/2024,Kogi,NC,savanna,5053734,1,2023-07-03,2023,27,4227,64,6,83.641,1.266,0.119
2023/2024,Kogi,NC,savanna,5053734,2,2023-07-10,2023,28,1256,14,3,24.853,0.277,0.059
2023/2024,Kogi,NC,savanna,5053734,3,2023-07-17,2023,29,824,10,2,16.305,0.198,0.04
2023/2024,Kogi,NC,savanna,5053734,4,2023-07-24,2023,30,798,8,3,15.79,0.158,0.059
2023/2024,Kogi,NC,savanna,5053734,5,2023-07-31,2023,31,795,16,2,15.731,0.317,0.04
2023/2024,Kogi,NC,savanna,5053734,6,2023-08-07,2023,32,465,14,0,9.201,0.277,0.0
2023/2024,Kogi,NC,savanna,5053734,7,2023-08-14,2023,33,828,23,1,16.384,0.455,0.02
2023/2024,Kogi,NC,savanna,5053734,8,2023-08-21,2023,34,1144,12,1,22.637,0.237,0.02
2023/2024,Kogi,NC,savanna,5053734,9,2023-08-28,2023,35,1638,26,2,32.412,0.514,0.04
2023/2024,Kogi,NC,savanna,5053734,10,2023-09-04,2023,36,1915,42,8,37.893,0.831,0.158
2023/2024,Kogi,NC,savanna,5053734,11,2023-09-11,2023,37,3533,64,3,69.909,1.266,0.059
2023/2024,Kogi,NC,savanna,5053734,12,2023-09-18,2023,38,16286,266,21,322.257,5.263,0.416
2023/2024,Kogi,NC,savanna,5053734,13,2023-09-25,2023,39,42882,509,67,848.521,10.072,1.326
2023/2024,Kogi,NC,savanna,5053734,14,2023-10-02,2023,40,60771,469,95,1202.497,9.28,1.88
2023/2024,Kogi,NC,savanna,5053734,15,2023-10-09,2023,41,62973,620,92,1246.069,12.268,1.82
2023/2024,Kogi,NC,savanna,5053734,16,2023-10-16,2023,42,75191,924,119,1487.831,18.284,2.355
2023/2024,Kogi,NC,savanna,5053734,17,2023-10-23,2023,43,21626,288,25,427.921,5.699,0.495
2023/2024,Kogi,NC,savanna,5053734,18,2023-10-30,2023,44,8632,107,17,170.804,2.117,0.336
2023/2024,Kogi,NC,savanna,5053734,19,2023-11-06,2023,45,4783,33,5,94.643,0.653,0.099
2023/2024,Kogi,NC,savanna,5053734,20,2023-11-13,2023,46,1749,26,3,34.608,0.514,0.059
2023/2024,Kogi,NC,savanna,5053734,21,2023-11-20,2023,47,1287,30,2,25.466,0.594,0.04
2023/2024,Kogi,NC,savanna,5053734,22,2023-11-27,2023,48,3429,43,1,67.851,0.851,0.02
2023/2024,Kogi,NC,savanna,5053734,23,2023-12-04,2023,49,3737,58,6,73.945,1.148,0.119
2023/2024,Kogi,NC,savanna,5053734,24,2023-12-11,2023,50,6839,50,10,135.326,0.989,0.198
2023/2024,Kogi,NC,savanna,5053734,25,2023-12-18,2023,51,8780,229,18,173.733,4.531,0.356
2023/2024,Kogi,NC,savanna,5053734,26,2023-12-25,2023,52,8392,195,13,166.055,3.859,0.257
2023/2024,Kogi,NC,savanna,5053734,27,2024-01-01,2024,1,9181,154,9,181.668,3.047,0.178
2023/2024,Kogi,NC,savanna,5053734,28,2024-01-08,2024,2,6987,122,13,138.254,2.414,0.257
2023/2024,Kogi,NC,savanna,5053734,29,2024-01-15,2024,3,8180,44,5,161.861,0.871,0.099
2023/2024,Kogi,NC,savanna,5053734,30,2024-01-22,2024,4,1933,27,4,38.249,0.534,0.079
2023/2024,Kogi,NC,savanna,5053734,31,2024-01-29,2024,5,945,21,0,18.699,0.416,0.0
2023/2024,Kogi,NC,savanna,5053734,32,2024-02-05,2024,6,751,8,1,14.86,0.158,0.02
2023/2024,Kogi,NC,savanna,5053734,33,2024-02-12,2024,7,1123,11,2,22.221,0.218,0.04
2023/2024,Kogi,NC,savanna,5053734,34,2024-02-19,2024,8,855,9,0,16.918,0.178,0.0
2023/2024,Kogi,NC,savanna,5053734,35,2024-02-26,2024,9,784,17,3,15.513,0.336,0.059
2023/2024,Kogi,NC,savanna,5053734,36,2024-03-04,2024,10,788,13,1,15.592,0.257,0.02
2023/2024,Kogi,NC,savanna,5053734,37,2024-03-11,2024,11,929,8,2,18.382,0.158,0.04
2023/2024,Kogi,NC,savanna,5053734,38,2024-03-18,2024,12,467,22,3,9.241,0.435,0.059
2023/2024,Kogi,NC,savanna,5053734,39,2024-03-25,2024,13,911,7,1,18.026,0.139,0.02
2023/2024,Kogi,NC,savanna,5053734,40,2024-04-01,2024,14,647,16,0,12.802,0.317,0.0
2023/2024,Kogi,NC,savanna,5053734,41,2024-04-08,2024,15,1026,12,0,20.302,0.237,0.0
2023/2024,Kogi,NC,savanna,5053734,42,2024-04-15,2024,16,1123,17,0,22.221,0.336,0.0
2023/2024,Kogi,NC,savanna,5053734,43,2024-04-22,2024,17,867,17,1,17.156,0.336,0.02
2023/2024,Kogi,NC,savanna,5053734,44,2024-04-29,2024,18,1416,7,3,28.019,0.139,0.059
2023/2024,Kogi,NC,savanna,5053734,45,2024-05-06,2024,19,542,12,0,10.725,0.237,0.0
2023/2024,Kogi,NC,savanna,5053734,46,2024-05-13,2024,20,718,26,0,14.207,0.514,0.0
2023/2024,Kogi,NC,savanna,5053734,47,2024-05-20,2024,21,544,11,0,10.764,0.218,0.0
2023/2024,Kogi,NC,savanna,5053734,48,2024-05-27,2024,22,789,6,2,15.612,0.119,0.04
2023/2024,Kogi,NC,savanna,5053734,49,2024-06-03,2024,23,672,13,1,13.297,0.257,0.02
2023/2024,Kogi,NC,savanna,5053734,50,2024-06-10,2024,24,462,13,0,9.142,0.257,0.0
2023/2024,Kogi,NC,savanna,5053734,51,2024-06-17,2024,25,745,12,3,14.742,0.237,0.059
2023/2024,Kogi,NC,savanna,5053734,52,2024-06-24,2024,26,1112,13,0,22.004,0.257,0.0
2023/2024,Abia,SE,tropical,4841943,1,2023-07-03,2023,27,5181,68,4,107.002,1.404,0.083
2023/2024,Abia,SE,tropical,4841943,2,2023-07-10,2023,28,672,7,0,13.879,0.145,0.0
2023/2024,Abia,SE,tropical,4841943,3,2023-07-17,2023,29,397,13,0,8.199,0.268,0.0
2023/2024,Abia,SE,tropical,4841943,4,2023-07-24,2023,30,1029,8,1,21.252,0.165,0.021
2023/2024,Abia,SE,tropical,4841943,5,2023-07-31,2023,31,348,12,0,7.187,0.248,0.0
2023/2024,Abia,SE,tropical,4841943,6,2023-08-07,2023,32,646,7,2,13.342,0.145,0.041
2023/2024,Abia,SE,tropical,4841943,7,2023-08-14,2023,33,1057,22,2,21.83,0.454,0.041
2023/2024,Abia,SE,tropical,4841943,8,2023-08-21,2023,34,1291,14,1,26.663,0.289,0.021
2023/2024,Abia,SE,tropical,4841943,9,2023-08-28,2023,35,1518,51,6,31.351,1.053,0.124
2023/2024,Abia,SE,tropical,4841943,10,2023-09-04,2023,36,5682,75,7,117.35,1.549,0.145
2023/2024,Abia,SE,tropical,4841943,11,2023-09-11,2023,37,10517,411,17,217.206,8.488,0.351
2023/2024,Abia,SE,tropical,4841943,12,2023-09-18,2023,38,53036,748,58,1095.345,15.448,1.198
2023/2024,Abia,SE,tropical,4841943,13,2023-09-25,2023,39,93217,1335,84,1925.198,27.572,1.735
2023/2024,Abia,SE,tropical,4841943,14,2023-10-02,2023,40,62853,890,92,1298.095,18.381,1.9
2023/2024,Abia,SE,tropical,4841943,15,2023-10-09,2023,41,47768,1118,67,986.546,23.09,1.384
2023/2024,Abia,SE,tropical,4841943,16,2023-10-16,2023,42,32883,465,40,679.128,9.604,0.826
2023/2024,Abia,SE,tropical,4841943,17,2023-10-23,2023,43,12862,197,1,265.637,4.069,0.021
2023/2024,Abia,SE,tropical,4841943,18,2023-10-30,2023,44,2278,50,1,47.047,1.033,0.021
2023/2024,Abia,SE,tropical,4841943,19,2023-11-06,2023,45,1135,6,2,23.441,0.124,0.041
2023/2024,Abia,SE,tropical,4841943,20,2023-11-13,2023,46,709,14,0,14.643,0.289,0.0
2023/2024,Abia,SE,tropical,4841943,21,2023-11-20,2023,47,740,18,3,15.283,0.372,0.062
2023/2024,Abia,SE,tropical,4841943,22,2023-11-27,2023,48,1042,27,2,21.52,0.558,0.041
2023/2024,Abia,SE,tropical,4841943,23,2023-12-04,2023,49,2219,12,3,45.829,0.248,0.062
2023/2024,Abia,SE,tropical,4841943,24,2023-12-11,2023,50,4552,44,2,94.012,0.909,0.041
2023/2024,Abia,SE,tropical,4841943,25,2023-12-18,2023,51,6374,97,5,131.641,2.003,0.103
2023/2024,Abia,SE,tropical,4841943,26,2023-12-25,2023,52,4508,102,5,93.103,2.107,0.103
2023/2024,Abia,SE,tropical,4841943,27,2024-01-01,2024,1,12603,100,4,260.288,2.065,0.083
2023/2024,Abia,SE,tropical,4841943,28,2024-01-08,2024,2,5316,97,4,109.791,2.003,0.083
2023/2024,Abia,SE,tropical,4841943,29,2024-01-15,2024,3,2606,69,5,53.821,1.425,0.103
2023/2024,Abia,SE,tropical,4841943,30,2024-01-22,2024,4,523,16,0,10.801,0.33,0.0
2023/2024,Abia,SE,tropical,4841943,31,2024-01-29,2024,5,752,12,1,15.531,0.248,0.021
2023/2024,Abia,SE,tropical,4841943,32,2024-02-05,2024,6,563,10,0,11.628,0.207,0.0
2023/2024,Abia,SE,tropical,4841943,33,2024-02-12,2024,7,447,5,2,9.232,0.103,0.041
2023/2024,Abia,SE,tropical,4841943,34,2024-02-19,2024,8,562,4,0,11.607,0.083,0.0
2023/2024,Abia,SE,tropical,4841943,35,2024-02-26,2024,9,508,8,0,10.492,0.165,0.0
2023/2024,Abia,SE,tropical,4841943,36,2024-03-04,2024,10,610,17,0,12.598,0.351,0.0
2023/2024,Abia,SE,tropical,4841943,37,2024-03-11,2024,11,1047,3,0,21.624,0.062,0.0
2023/2024,Abia,SE,tropical,4841943,38,2024-03-18,2024,12,773,14,0,15.965,0.289,0.0
2023/2024,Abia,SE,tropical,4841943,39,2024-03-25,2024,13,507,8,1,10.471,0.165,0.021
2023/2024,Abia,SE,tropical,4841943,40,2024-04-01,2024,14,432,13,0,8.922,0.268,0.0
2023/2024,Abia,SE,tropical,4841943,41,2024-04-08,2024,15,901,10,1,18.608,0.207,0.021
2023/2024,Abia,SE,tropical,4841943,42,2024-04-15,2024,16,624,10,0,12.887,0.207,0.0
2023/2024,Abia,SE,tropical,4841943,43,2024-04-22,2024,17,354,8,1,7.311,0.165,0.021
2023/2024,Abia,SE,tropical,4841943,44,2024-04-29,2024,18,466,9,1,9.624,0.186,0.021
2023/2024,Abia,SE,tropical,4841943,45,2024-05-06,2024,19,787,8,0,16.254,0.165,0.0
2023/2024,Abia,SE,tropical,4841943,46,2024-05-13,2024,20,657,15,1,13.569,0.31,0.021
2023/2024,Abia,SE,tropical,4841943,47,2024-05-20,2024,21,626,7,1,12.929,0.145,0.021
2023/2024,Abia,SE,tropical,4841943,48,2024-05-27,2024,22,503,5,0,10.388,0.103,0.0
2023/2024,Abia,SE,tropical,4841943,49,2024-06-03,2024,23,548,11,2,11.318,0.227,0.041
2023/2024,Abia,SE,tropical,4841943,50,2024-06-10,2024,24,552,15,0,11.4,0.31,0.0
2023/2024,Abia,SE,tropical,4841943,51,2024-06-17,2024,25,369,3,1,7.621,0.062,0.021
2023/2024,Abia,SE,tropical,4841943,52,2024-06-24,2024,26,569,9,0,11.751,0.186,0.0
2023/2024,FCT,NC,savanna,4802443,1,2023-07-03,2023,27,2586,65,5,53.848,1.353,0.104
2023/2024,FCT,NC,savanna,4802443,2,2023-07-10,2023,28,869,25,0,18.095,0.521,0.0
2023/2024,FCT,NC,savanna,4802443,3,2023-07-17,2023,29,793,17,1,16.512,0.354,0.021
2023/2024,FCT,NC,savanna,4802443,4,2023-07-24,2023,30,487,29,0,10.141,0.604,0.0
2023/2024,FCT,NC,savanna,4802443,5,2023-07-31,2023,31,408,15,1,8.496,0.312,0.021
2023/2024,FCT,NC,savanna,4802443,6,2023-08-07,2023,32,425,14,0,8.85,0.292,0.0
2023/2024,FCT,NC,savanna,4802443,7,2023-08-14,2023,33,804,16,3,16.741,0.333,0.062
2023/2024,FCT,NC,savanna,4802443,8,2023-08-21,2023,34,893,21,0,18.595,0.437,0.0
2023/2024,FCT,NC,savanna,4802443,9,2023-08-28,2023,35,1841,23,3,38.335,0.479,0.062
2023/2024,FCT,NC,savanna,4802443,10,2023-09-04,2023,36,2730,62,4,56.846,1.291,0.083
2023/2024,FCT,NC,savanna,4802443,11,2023-09-11,2023,37,4630,177,3,96.409,3.686,0.062
2023/2024,FCT,NC,savanna,4802443,12,2023-09-18,2023,38,11308,181,9,235.463,3.769,0.187
2023/2024,FCT,NC,savanna,4802443,13,2023-09-25,2023,39,30679,1076,27,638.821,22.405,0.562
2023/2024,FCT,NC,savanna,4802443,14,2023-10-02,2023,40,54601,814,29,1136.942,16.95,0.604
2023/2024,FCT,NC,savanna,4802443,15,2023-10-09,2023,41,110117,1744,50,2292.937,36.315,1.041
2023/2024,FCT,NC,savanna,4802443,16,2023-10-16,2023,42,45702,1075,67,951.641,22.384,1.395
2023/2024,FCT,NC,savanna,4802443,17,2023-10-23,2023,43,29211,408,32,608.253,8.496,0.666
2023/2024,FCT,NC,savanna,4802443,18,2023-10-30,2023,44,9228,216,8,192.152,4.498,0.167
2023/2024,FCT,NC,savanna,4802443,19,2023-11-06,2023,45,2670,36,3,55.597,0.75,0.062
2023/2024,FCT,NC,savanna,4802443,20,2023-11-13,2023,46,1180,30,0,24.571,0.625,0.0
2023/2024,FCT,NC,savanna,4802443,21,2023-11-20,2023,47,2006,24,0,41.77,0.5,0.0
2023/2024,FCT,NC,savanna,4802443,22,2023-11-27,2023,48,1786,15,2,37.189,0.312,0.042
2023/2024,FCT,NC,savanna,4802443,23,2023-12-04,2023,49,2890,98,4,60.178,2.041,0.083
2023/2024,FCT,NC,savanna,4802443,24,2023-12-11,2023,50,5899,119,2,122.833,2.478,0.042
2023/2024,FCT,NC,savanna,4802443,25,2023-12-18,2023,51,5542,127,12,115.4,2.644,0.25
2023/2024,FCT,NC,savanna,4802443,26,2023-12-25,2023,52,10453,179,16,217.66,3.727,0.333
2023/2024,FCT,NC,savanna,4802443,27,2024-01-01,2024,1,12368,233,9,257.536,4.852,0.187
2023/2024,FCT,NC,savanna,4802443,28,2024-01-08,2024,2,9624,209,6,200.398,4.352,0.125
2023/2024,FCT,NC,savanna,4802443,29,2024-01-15,2024,3,4914,66,3,102.323,1.374,0.062
2023/2024,FCT,NC,savanna,4802443,30,2024-01-22,2024,4,1697,25,0,35.336,0.521,0.0
2023/2024,FCT,NC,savanna,4802443,31,2024-01-29,2024,5,1462,13,1,30.443,0.271,0.021
2023/2024,FCT,NC,savanna,4802443,32,2024-02-05,2024,6,1033,14,1,21.51,0.292,0.021
2023/2024,FCT,NC,savanna,4802443,33,2024-02-12,2024,7,588,16,1,12.244,0.333,0.021
2023/2024,FCT,NC,savanna,4802443,34,2024-02-19,2024,8,579,8,1,12.056,0.167,0.021
2023/2024,FCT,NC,savanna,4802443,35,2024-02-26,2024,9,698,9,0,14.534,0.187,0.0
2023/2024,FCT,NC,savanna,4802443,36,2024-03-04,2024,10,753,9,1,15.68,0.187,0.021
2023/2024,FCT,NC,savanna,4802443,37,2024-03-11,2024,11,652,13,2,13.576,0.271,0.042
2023/2024,FCT,NC,savanna,4802443,38,2024-03-18,2024,12,842,14,1,17.533,0.292,0.021
2023/2024,FCT,NC,savanna,4802443,39,2024-03-25,2024,13,600,16,0,12.494,0.333,0.0
2023/2024,FCT,NC,savanna,4802443,40,2024-04-01,2024,14,1044,6,0,21.739,0.125,0.0
2023/2024,FCT,NC,savanna,4802443,41,2024-04-08,2024,15,1040,18,1,21.656,0.375,0.021
2023/2024,FCT,NC,savanna,4802443,42,2024-04-15,2024,16,566,10,0,11.786,0.208,0.0
2023/2024,FCT,NC,savanna,4802443,43,2024-04-22,2024,17,852,20,1,17.741,0.416,0.021
2023/2024,FCT,NC,savanna,4802443,44,2024-04-29,2024,18,843,24,0,17.554,0.5,0.0
2023/2024,FCT,NC,savanna,4802443,45,2024-05-06,2024,19,695,18,2,14.472,0.375,0.042
2023/2024,FCT,NC,savanna,4802443,46,2024-05-13,2024,20,657,16,0,13.681,0.333,0.0
2023/2024,FCT,NC,savanna,4802443,47,2024-05-20,2024,21,718,21,1,14.951,0.437,0.021
2023/2024,FCT,NC,savanna,4802443,48,2024-05-27,2024,22,636,16,1,13.243,0.333,0.021
2023/2024,FCT,NC,savanna,4802443,49,2024-06-03,2024,23,629,8,2,13.098,0.167,0.042
2023/2024,FCT,NC,savanna,4802443,50,2024-06-10,2024,24,806,3,1,16.783,0.062,0.021
2023/2024,FCT,NC,savanna,4802443,51,2024-06-17,2024,25,476,20,1,9.912,0.416,0.021
2023/2024,FCT,NC,savanna,4802443,52,2024-06-24,2024,26,567,10,1,11.806,0.208,0.021
2023/2024,Gombe,NE,sahel,4623462,1,2023-07-03,2023,27,5108,65,8,110.48,1.406,0.173
2023/2024,Gombe,NE,sahel,4623462,2,2023-07-10,2023,28,1356,19,1,29.329,0.411,0.022
2023/2024,Gombe,NE,sahel,4623462,3,2023-07-17,2023,29,904,13,3,19.552,0.281,0.065
2023/2024,Gombe,NE,sahel,4623462,4,2023-07-24,2023,30,912,14,1,19.725,0.303,0.022
2023/2024,Gombe,NE,sahel,4623462,5,2023-07-31,2023,31,1085,10,2,23.467,0.216,0.043
2023/2024,Gombe,NE,sahel,4623462,6,2023-08-07,2023,32,1072,13,1,23.186,0.281,0.022
2023/2024,Gombe,NE,sahel,4623462,7,2023-08-14,2023,33,1011,19,0,21.867,0.411,0.0
2023/2024,Gombe,NE,sahel,4623462,8,2023-08-21,2023,34,900,12,2,19.466,0.26,0.043
2023/2024,Gombe,NE,sahel,4623462,9,2023-08-28,2023,35,1177,8,2,25.457,0.173,0.043
2023/2024,Gombe,NE,sahel,4623462,10,2023-09-04,2023,36,1184,13,6,25.609,0.281,0.13
2023/2024,Gombe,NE,sahel,4623462,11,2023-09-11,2023,37,1389,8,1,30.042,0.173,0.022
2023/2024,Gombe,NE,sahel,4623462,12,2023-09-18,2023,38,2426,63,8,52.472,1.363,0.173
2023/2024,Gombe,NE,sahel,4623462,13,2023-09-25,2023,39,6617,59,18,143.118,1.276,0.389
2023/2024,Gombe,NE,sahel,4623462,14,2023-10-02,2023,40,23359,263,27,505.227,5.688,0.584
2023/2024,Gombe,NE,sahel,4623462,15,2023-10-09,2023,41,39421,368,39,852.629,7.959,0.844
2023/2024,Gombe,NE,sahel,4623462,16,2023-10-16,2023,42,35437,1057,104,766.46,22.862,2.249
2023/2024,Gombe,NE,sahel,4623462,17,2023-10-23,2023,43,54575,703,152,1180.393,15.205,3.288
2023/2024,Gombe,NE,sahel,4623462,18,2023-10-30,2023,44,36299,336,54,785.104,7.267,1.168
2023/2024,Gombe,NE,sahel,4623462,19,2023-11-06,2023,45,16539,121,33,357.719,2.617,0.714
2023/2024,Gombe,NE,sahel,4623462,20,2023-11-13,2023,46,3601,43,1,77.885,0.93,0.022
2023/2024,Gombe,NE,sahel,4623462,21,2023-11-20,2023,47,1662,26,1,35.947,0.562,0.022
2023/2024,Gombe,NE,sahel,4623462,22,2023-11-27,2023,48,1937,43,5,41.895,0.93,0.108
2023/2024,Gombe,NE,sahel,4623462,23,2023-12-04,2023,49,4134,38,14,89.414,0.822,0.303
2023/2024,Gombe,NE,sahel,4623462,24,2023-12-11,2023,50,4502,92,4,97.373,1.99,0.087
2023/2024,Gombe,NE,sahel,4623462,25,2023-12-18,2023,51,11437,162,10,247.369,3.504,0.216
2023/2024,Gombe,NE,sahel,4623462,26,2023-12-25,2023,52,7214,161,32,156.03,3.482,0.692
2023/2024,Gombe,NE,sahel,4623462,27,2024-01-01,2024,1,18532,213,31,400.825,4.607,0.67
2023/2024,Gombe,NE,sahel,4623462,28,2024-01-08,2024,2,9257,161,27,200.218,3.482,0.584
2023/2024,Gombe,NE,sahel,4623462,29,2024-01-15,2024,3,6714,92,4,145.216,1.99,0.087
2023/2024,Gombe,NE,sahel,4623462,30,2024-01-22,2024,4,1373,33,7,29.696,0.714,0.151
2023/2024,Gombe,NE,sahel,4623462,31,2024-01-29,2024,5,1772,12,3,38.326,0.26,0.065
2023/2024,Gombe,NE,sahel,4623462,32,2024-02-05,2024,6,1506,9,1,32.573,0.195,0.022
2023/2024,Gombe,NE,sahel,4623462,33,2024-02-12,2024,7,853,12,2,18.449,0.26,0.043
2023/2024,Gombe,NE,sahel,4623462,34,2024-02-19,2024,8,879,7,1,19.012,0.151,0.022
2023/2024,Gombe,NE,sahel,4623462,35,2024-02-26,2024,9,719,11,1,15.551,0.238,0.022
2023/2024,Gombe,NE,sahel,4623462,36,2024-03-04,2024,10,1149,12,1,24.852,0.26,0.022
2023/2024,Gombe,NE,sahel,4623462,37,2024-03-11,2024,11,1380,13,0,29.848,0.281,0.0
2023/2024,Gombe,NE,sahel,4623462,38,2024-03-18,2024,12,1076,17,1,23.273,0.368,0.022
2023/2024,Gombe,NE,sahel,4623462,39,2024-03-25,2024,13,1087,11,3,23.511,0.238,0.065
2023/2024,Gombe,NE,sahel,4623462,40,2024-04-01,2024,14,646,19,0,13.972,0.411,0.0
2023/2024,Gombe,NE,sahel,4623462,41,2024-04-08,2024,15,817,6,1,17.671,0.13,0.022
2023/2024,Gombe,NE,sahel,4623462,42,2024-04-15,2024,16,519,6,3,11.225,0.13,0.065
2023/2024,Gombe,NE,sahel,4623462,43,2024-04-22,2024,17,1335,11,3,28.874,0.238,0.065
2023/2024,Gombe,NE,sahel,4623462,44,2024-04-29,2024,18,1222,13,3,26.43,0.281,0.065
2023/2024,Gombe,NE,sahel,4623462,45,2024-05-06,2024,19,694,14,1,15.01,0.303,0.022
2023/2024,Gombe,NE,sahel,4623462,46,2024-05-13,2024,20,743,5,0,16.07,0.108,0.0
2023/2024,Gombe,NE,sahel,4623462,47,2024-05-20,2024,21,807,10,1,17.454,0.216,0.022
2023/2024,Gombe,NE,sahel,4623462,48,2024-05-27,2024,22,656,10,1,14.189,0.216,0.022
2023/2024,Gombe,NE,sahel,4623462,49,2024-06-03,2024,23,747,15,3,16.157,0.324,0.065
2023/2024,Gombe,NE,sahel,4623462,50,2024-06-10,2024,24,896,16,2,19.379,0.346,0.043
2023/2024,Gombe,NE,sahel,4623462,51,2024-06-17,2024,25,993,13,0,21.477,0.281,0.0
2023/2024,Gombe,NE,sahel,4623462,52,2024-06-24,2024,26,557,8,2,12.047,0.173,0.043
2023/2024,Yobe,NE,sahel,4350401,1,2023-07-03,2023,27,3863,43,6,88.796,0.988,0.138
2023/2024,Yobe,NE,sahel,4350401,2,2023-07-10,2023,28,794,4,0,18.251,0.092,0.0
2023/2024,Yobe,NE,sahel,4350401,3,2023-07-17,2023,29,1217,5,1,27.974,0.115,0.023
2023/2024,Yobe,NE,sahel,4350401,4,2023-07-24,2023,30,587,7,2,13.493,0.161,0.046
2023/2024,Yobe,NE,sahel,4350401,5,2023-07-31,2023,31,719,12,2,16.527,0.276,0.046
2023/2024,Yobe,NE,sahel,4350401,6,2023-08-07,2023,32,437,15,0,10.045,0.345,0.0
2023/2024,Yobe,NE,sahel,4350401,7,2023-08-14,2023,33,1035,5,1,23.791,0.115,0.023
2023/2024,Yobe,NE,sahel,4350401,8,2023-08-21,2023,34,908,8,2,20.872,0.184,0.046
2023/2024,Yobe,NE,sahel,4350401,9,2023-08-28,2023,35,1033,9,4,23.745,0.207,0.092
2023/2024,Yobe,NE,sahel,4350401,10,2023-09-04,2023,36,1381,9,2,31.744,0.207,0.046
2023/2024,Yobe,NE,sahel,4350401,11,2023-09-11,2023,37,1849,37,2,42.502,0.85,0.046
2023/2024,Yobe,NE,sahel,4350401,12,2023-09-18,2023,38,2456,36,4,56.455,0.828,0.092
2023/2024,Yobe,NE,sahel,4350401,13,2023-09-25,2023,39,7133,95,17,163.962,2.184,0.391
2023/2024,Yobe,NE,sahel,4350401,14,2023-10-02,2023,40,17860,182,25,410.537,4.184,0.575
2023/2024,Yobe,NE,sahel,4350401,15,2023-10-09,2023,41,44645,473,105,1026.227,10.873,2.414
2023/2024,Yobe,NE,sahel,4350401,16,2023-10-16,2023,42,49113,454,103,1128.93,10.436,2.368
2023/2024,Yobe,NE,sahel,4350401,17,2023-10-23,2023,43,37356,603,66,858.679,13.861,1.517
2023/2024,Yobe,NE,sahel,4350401,18,2023-10-30,2023,44,31978,421,70,735.059,9.677,1.609
2023/2024,Yobe,NE,sahel,4350401,19,2023-11-06,2023,45,10726,154,25,246.552,3.54,0.575
2023/2024,Yobe,NE,sahel,4350401,20,2023-11-13,2023,46,3189,43,11,73.304,0.988,0.253
2023/2024,Yobe,NE,sahel,4350401,21,2023-11-20,2023,47,1952,21,2,44.869,0.483,0.046
2023/2024,Yobe,NE,sahel,4350401,22,2023-11-27,2023,48,1902,23,5,43.72,0.529,0.115
2023/2024,Yobe,NE,sahel,4350401,23,2023-12-04,2023,49,5164,25,6,118.702,0.575,0.138
2023/2024,Yobe,NE,sahel,4350401,24,2023-12-11,2023,50,5043,72,12,115.92,1.655,0.276
2023/2024,Yobe,NE,sahel,4350401,25,2023-12-18,2023,51,11913,68,12,273.837,1.563,0.276
2023/2024,Yobe,NE,sahel,4350401,26,2023-12-25,2023,52,15454,238,25,355.232,5.471,0.575
2023/2024,Yobe,NE,sahel,4350401,27,2024-01-01,2024,1,20386,95,21,468.6,2.184,0.483
2023/2024,Yobe,NE,sahel,4350401,28,2024-01-08,2024,2,13127,134,8,301.742,3.08,0.184
2023/2024,Yobe,NE,sahel,4350401,29,2024-01-15,2024,3,4080,68,5,93.784,1.563,0.115
2023/2024,Yobe,NE,sahel,4350401,30,2024-01-22,2024,4,2496,22,4,57.374,0.506,0.092
2023/2024,Yobe,NE,sahel,4350401,31,2024-01-29,2024,5,708,9,1,16.274,0.207,0.023
2023/2024,Yobe,NE,sahel,4350401,32,2024-02-05,2024,6,1127,20,1,25.906,0.46,0.023
2023/2024,Yobe,NE,sahel,4350401,33,2024-02-12,2024,7,1337,8,2,30.733,0.184,0.046
2023/2024,Yobe,NE,sahel,4350401,34,2024-02-19,2024,8,589,6,2,13.539,0.138,0.046
2023/2024,Yobe,NE,sahel,4350401,35,2024-02-26,2024,9,1064,9,0,24.458,0.207,0.0
2023/2024,Yobe,NE,sahel,4350401,36,2024-03-04,2024,10,1215,3,1,27.928,0.069,0.023
2023/2024,Yobe,NE,sahel,4350401,37,2024-03-11,2024,11,584,14,0,13.424,0.322,0.0
2023/2024,Yobe,NE,sahel,4350401,38,2024-03-18,2024,12,1587,7,2,36.479,0.161,0.046
2023/2024,Yobe,NE,sahel,4350401,39,2024-03-25,2024,13,740,10,6,17.01,0.23,0.138
2023/2024,Yobe,NE,sahel,4350401,40,2024-04-01,2024,14,913,18,4,20.987,0.414,0.092
2023/2024,Yobe,NE,sahel,4350401,41,2024-04-08,2024,15,526,9,2,12.091,0.207,0.046
2023/2024,Yobe,NE,sahel,4350401,42,2024-04-15,2024,16,807,9,0,18.55,0.207,0.0
2023/2024,Yobe,NE,sahel,4350401,43,2024-04-22,2024,17,841,17,1,19.332,0.391,0.023
2023/2024,Yobe,NE,sahel,4350401,44,2024-04-29,2024,18,464,12,1,10.666,0.276,0.023
2023/2024,Yobe,NE,sahel,4350401,45,2024-05-06,2024,19,1053,6,1,24.205,0.138,0.023
2023/2024,Yobe,NE,sahel,4350401,46,2024-05-13,2024,20,678,11,4,15.585,0.253,0.092
2023/2024,Yobe,NE,sahel,4350401,47,2024-05-20,2024,21,715,9,2,16.435,0.207,0.046
2023/2024,Yobe,NE,sahel,4350401,48,2024-05-27,2024,22,880,4,2,20.228,0.092,0.046
2023/2024,Yobe,NE,sahel,4350401,49,2024-06-03,2024,23,413,7,0,9.493,0.161,0.0
2023/2024,Yobe,NE,sahel,4350401,50,2024-06-10,2024,24,338,4,2,7.769,0.092,0.046
2023/2024,Yobe,NE,sahel,4350401,51,2024-06-17,2024,25,1055,3,3,24.251,0.069,0.069
2023/2024,Yobe,NE,sahel,4350401,52,2024-06-24,2024,26,1251,9,3,28.756,0.207,0.069
2023/2024,Taraba,NE,savanna,4331885,1,2023-07-03,2023,27,2785,27,4,64.291,0.623,0.092
2023/2024,Taraba,NE,savanna,4331885,2,2023-07-10,2023,28,864,13,1,19.945,0.3,0.023
2023/2024,Taraba,NE,savanna,4331885,3,2023-07-17,2023,29,584,5,2,13.481,0.115,0.046
2023/2024,Taraba,NE,savanna,4331885,4,2023-07-24,2023,30,702,10,0,16.205,0.231,0.0
2023/2024,Taraba,NE,savanna,4331885,5,2023-07-31,2023,31,592,10,0,13.666,0.231,0.0
2023/2024,Taraba,NE,savanna,4331885,6,2023-08-07,2023,32,801,13,3,18.491,0.3,0.069
2023/2024,Taraba,NE,savanna,4331885,7,2023-08-14,2023,33,542,3,3,12.512,0.069,0.069
2023/2024,Taraba,NE,savanna,4331885,8,2023-08-21,2023,34,1210,15,1,27.932,0.346,0.023
2023/2024,Taraba,NE,savanna,4331885,9,2023-08-28,2023,35,1311,33,5,30.264,0.762,0.115
2023/2024,Taraba,NE,savanna,4331885,10,2023-09-04,2023,36,2100,23,4,48.478,0.531,0.092
2023/2024,Taraba,NE,savanna,4331885,11,2023-09-11,2023,37,3868,55,8,89.291,1.27,0.185
2023/2024,Taraba,NE,savanna,4331885,12,2023-09-18,2023,38,13935,133,28,321.684,3.07,0.646
2023/2024,Taraba,NE,savanna,4331885,13,2023-09-25,2023,39,21792,426,33,503.06,9.834,0.762
2023/2024,Taraba,NE,savanna,4331885,14,2023-10-02,2023,40,54055,728,64,1247.84,16.806,1.477
2023/2024,Taraba,NE,savanna,4331885,15,2023-10-09,2023,41,53381,978,125,1232.281,22.577,2.886
2023/2024,Taraba,NE,savanna,4331885,16,2023-10-16,2023,42,76731,497,61,1771.307,11.473,1.408
2023/2024,Taraba,NE,savanna,4331885,17,2023-10-23,2023,43,23168,287,51,534.825,6.625,1.177
2023/2024,Taraba,NE,savanna,4331885,18,2023-10-30,2023,44,5386,99,16,124.334,2.285,0.369
2023/2024,Taraba,NE,savanna,4331885,19,2023-11-06,2023,45,2337,22,0,53.949,0.508,0.0
2023/2024,Taraba,NE,savanna,4331885,20,2023-11-13,2023,46,643,19,4,14.843,0.439,0.092
2023/2024,Taraba,NE,savanna,4331885,21,2023-11-20,2023,47,600,18,0,13.851,0.416,0.0
2023/2024,Taraba,NE,savanna,4331885,22,2023-11-27,2023,48,1741,24,2,40.19,0.554,0.046
2023/2024,Taraba,NE,savanna,4331885,23,2023-12-04,2023,49,2623,33,4,60.551,0.762,0.092
2023/2024,Taraba,NE,savanna,4331885,24,2023-12-11,2023,50,4833,57,7,111.568,1.316,0.162
2023/2024,Taraba,NE,savanna,4331885,25,2023-12-18,2023,51,7481,145,10,172.696,3.347,0.231
2023/2024,Taraba,NE,savanna,4331885,26,2023-12-25,2023,52,13418,102,4,309.75,2.355,0.092
2023/2024,Taraba,NE,savanna,4331885,27,2024-01-01,2024,1,17134,157,11,395.532,3.624,0.254
2023/2024,Taraba,NE,savanna,4331885,28,2024-01-08,2024,2,9207,88,24,212.54,2.031,0.554
2023/2024,Taraba,NE,savanna,4331885,29,2024-01-15,2024,3,4667,55,8,107.736,1.27,0.185
2023/2024,Taraba,NE,savanna,4331885,30,2024-01-22,2024,4,1263,33,1,29.156,0.762,0.023
2023/2024,Taraba,NE,savanna,4331885,31,2024-01-29,2024,5,1024,11,2,23.639,0.254,0.046
2023/2024,Taraba,NE,savanna,4331885,32,2024-02-05,2024,6,814,10,1,18.791,0.231,0.023
2023/2024,Taraba,NE,savanna,4331885,33,2024-02-12,2024,7,1000,10,0,23.085,0.231,0.0
2023/2024,Taraba,NE,savanna,4331885,34,2024-02-19,2024,8,483,11,1,11.15,0.254,0.023
2023/2024,Taraba,NE,savanna,4331885,35,2024-02-26,2024,9,521,13,0,12.027,0.3,0.0
2023/2024,Taraba,NE,savanna,4331885,36,2024-03-04,2024,10,876,6,1,20.222,0.139,0.023
2023/2024,Taraba,NE,savanna,4331885,37,2024-03-11,2024,11,699,11,1,16.136,0.254,0.023
2023/2024,Taraba,NE,savanna,4331885,38,2024-03-18,2024,12,721,4,0,16.644,0.092,0.0
2023/2024,Taraba,NE,savanna,4331885,39,2024-03-25,2024,13,735,11,1,16.967,0.254,0.023
2023/2024,Taraba,NE,savanna,4331885,40,2024-04-01,2024,14,730,13,5,16.852,0.3,0.115
2023/2024,Taraba,NE,savanna,4331885,41,2024-04-08,2024,15,358,12,4,8.264,0.277,0.092
2023/2024,Taraba,NE,savanna,4331885,42,2024-04-15,2024,16,817,6,2,18.86,0.139,0.046
2023/2024,Taraba,NE,savanna,4331885,43,2024-04-22,2024,17,616,5,3,14.22,0.115,0.069
2023/2024,Taraba,NE,savanna,4331885,44,2024-04-29,2024,18,854,5,1,19.714,0.115,0.023
2023/2024,Taraba,NE,savanna,4331885,45,2024-05-06,2024,19,742,10,1,17.129,0.231,0.023
2023/2024,Taraba,NE,savanna,4331885,46,2024-05-13,2024,20,896,6,1,20.684,0.139,0.023
2023/2024,Taraba,NE,savanna,4331885,47,2024-05-20,2024,21,420,6,0,9.696,0.139,0.0
2023/2024,Taraba,NE,savanna,4331885,48,2024-05-27,2024,22,460,8,4,10.619,0.185,0.092
2023/2024,Taraba,NE,savanna,4331885,49,2024-06-03,2024,23,593,14,3,13.689,0.323,0.069
2023/2024,Taraba,NE,savanna,4331885,50,2024-06-10,2024,24,726,8,1,16.759,0.185,0.023
2023/2024,Taraba,NE,savanna,4331885,51,2024-06-17,2024,25,706,11,2,16.298,0.254,0.046
2023/2024,Taraba,NE,savanna,4331885,52,2024-06-24,2024,26,842,7,0,19.437,0.162,0.0
2023/2024,Kwara,NC,savanna,4259613,1,2023-07-03,2023,27,4150,70,2,97.427,1.643,0.047
2023/2024,Kwara,NC,savanna,4259613,2,2023-07-10,2023,28,747,11,1,17.537,0.258,0.023
2023/2024,Kwara,NC,savanna,4259613,3,2023-07-17,2023,29,531,10,1,12.466,0.235,0.023
2023/2024,Kwara,NC,savanna,4259613,4,2023-07-24,2023,30,959,13,0,22.514,0.305,0.0
2023/2024,Kwara,NC,savanna,4259613,5,2023-07-31,2023,31,1445,13,1,33.923,0.305,0.023
2023/2024,Kwara,NC,savanna,4259613,6,2023-08-07,2023,32,584,7,1,13.71,0.164,0.023
2023/2024,Kwara,NC,savanna,4259613,7,2023-08-14,2023,33,758,6,1,17.795,0.141,0.023
2023/2024,Kwara,NC,savanna,4259613,8,2023-08-21,2023,34,1005,21,0,23.594,0.493,0.0
2023/2024,Kwara,NC,savanna,4259613,9,2023-08-28,2023,35,1113,12,1,26.129,0.282,0.023
2023/2024,Kwara,NC,savanna,4259613,10,2023-09-04,2023,36,2708,24,4,63.574,0.563,0.094
2023/2024,Kwara,NC,savanna,4259613,11,2023-09-11,2023,37,4213,46,2,98.906,1.08,0.047
2023/2024,Kwara,NC,savanna,4259613,12,2023-09-18,2023,38,9211,206,19,216.24,4.836,0.446
2023/2024,Kwara,NC,savanna,4259613,13,2023-09-25,2023,39,19303,417,50,453.163,9.79,1.174
2023/2024,Kwara,NC,savanna,4259613,14,2023-10-02,2023,40,63902,827,75,1500.183,19.415,1.761
2023/2024,Kwara,NC,savanna,4259613,15,2023-10-09,2023,41,39072,931,58,917.266,21.856,1.362
2023/2024,Kwara,NC,savanna,4259613,16,2023-10-16,2023,42,52951,481,91,1243.094,11.292,2.136
2023/2024,Kwara,NC,savanna,4259613,17,2023-10-23,2023,43,22037,496,24,517.347,11.644,0.563
2023/2024,Kwara,NC,savanna,4259613,18,2023-10-30,2023,44,7094,144,16,166.541,3.381,0.376
2023/2024,Kwara,NC,savanna,4259613,19,2023-11-06,2023,45,3057,30,7,71.767,0.704,0.164
2023/2024,Kwara,NC,savanna,4259613,20,2023-11-13,2023,46,985,15,2,23.124,0.352,0.047
2023/2024,Kwara,NC,savanna,4259613,21,2023-11-20,2023,47,1200,31,3,28.172,0.728,0.07
2023/2024,Kwara,NC,savanna,4259613,22,2023-11-27,2023,48,1272,27,1,29.862,0.634,0.023
2023/2024,Kwara,NC,savanna,4259613,23,2023-12-04,2023,49,2519,33,3,59.137,0.775,0.07
2023/2024,Kwara,NC,savanna,4259613,24,2023-12-11,2023,50,4630,41,11,108.695,0.963,0.258
2023/2024,Kwara,NC,savanna,4259613,25,2023-12-18,2023,51,8414,75,9,197.53,1.761,0.211
2023/2024,Kwara,NC,savanna,4259613,26,2023-12-25,2023,52,8732,150,16,204.995,3.521,0.376
2023/2024,Kwara,NC,savanna,4259613,27,2024-01-01,2024,1,10877,134,9,255.352,3.146,0.211
2023/2024,Kwara,NC,savanna,4259613,28,2024-01-08,2024,2,6192,155,12,145.365,3.639,0.282
2023/2024,Kwara,NC,savanna,4259613,29,2024-01-15,2024,3,3413,51,4,80.125,1.197,0.094
2023/2024,Kwara,NC,savanna,4259613,30,2024-01-22,2024,4,2220,35,1,52.117,0.822,0.023
2023/2024,Kwara,NC,savanna,4259613,31,2024-01-29,2024,5,1206,21,1,28.312,0.493,0.023
2023/2024,Kwara,NC,savanna,4259613,32,2024-02-05,2024,6,810,11,2,19.016,0.258,0.047
2023/2024,Kwara,NC,savanna,4259613,33,2024-02-12,2024,7,862,11,1,20.237,0.258,0.023
2023/2024,Kwara,NC,savanna,4259613,34,2024-02-19,2024,8,619,11,1,14.532,0.258,0.023
2023/2024,Kwara,NC,savanna,4259613,35,2024-02-26,2024,9,698,14,1,16.386,0.329,0.023
2023/2024,Kwara,NC,savanna,4259613,36,2024-03-04,2024,10,695,7,0,16.316,0.164,0.0
2023/2024,Kwara,NC,savanna,4259613,37,2024-03-11,2024,11,792,4,0,18.593,0.094,0.0
2023/2024,Kwara,NC,savanna,4259613,38,2024-03-18,2024,12,970,4,2,22.772,0.094,0.047
2023/2024,Kwara,NC,savanna,4259613,39,2024-03-25,2024,13,496,13,0,11.644,0.305,0.0
2023/2024,Kwara,NC,savanna,4259613,40,2024-04-01,2024,14,689,17,2,16.175,0.399,0.047
2023/2024,Kwara,NC,savanna,4259613,41,2024-04-08,2024,15,634,4,1,14.884,0.094,0.023
2023/2024,Kwara,NC,savanna,4259613,42,2024-04-15,2024,16,622,12,1,14.602,0.282,0.023
2023/2024,Kwara,NC,savanna,4259613,43,2024-04-22,2024,17,369,16,0,8.663,0.376,0.0
2023/2024,Kwara,NC,savanna,4259613,44,2024-04-29,2024,18,541,9,2,12.701,0.211,0.047
2023/2024,Kwara,NC,savanna,4259613,45,2024-05-06,2024,19,1100,22,0,25.824,0.516,0.0
2023/2024,Kwara,NC,savanna,4259613,46,2024-05-13,2024,20,412,12,0,9.672,0.282,0.0
2023/2024,Kwara,NC,savanna,4259613,47,2024-05-20,2024,21,671,9,1,15.753,0.211,0.023
2023/2024,Kwara,NC,savanna,4259613,48,2024-05-27,2024,22,586,5,0,13.757,0.117,0.0
2023/2024,Kwara,NC,savanna,4259613,49,2024-06-03,2024,23,754,5,1,17.701,0.117,0.023
2023/2024,Kwara,NC,savanna,4259613,50,2024-06-10,2024,24,811,18,0,19.039,0.423,0.0
2023/2024,Kwara,NC,savanna,4259613,51,2024-06-17,2024,25,704,4,1,16.527,0.094,0.023
2023/2024,Kwara,NC,savanna,4259613,52,2024-06-24,2024,26,1097,11,0,25.754,0.258,0.0
2023/2024,Osun,SW,tropical,4237396,1,2023-07-03,2023,27,2715,37,5,64.072,0.873,0.118
2023/2024,Osun,SW,tropical,4237396,2,2023-07-10,2023,28,369,7,0,8.708,0.165,0.0
2023/2024,Osun,SW,tropical,4237396,3,2023-07-17,2023,29,572,15,0,13.499,0.354,0.0
2023/2024,Osun,SW,tropical,4237396,4,2023-07-24,2023,30,561,5,1,13.239,0.118,0.024
2023/2024,Osun,SW,tropical,4237396,5,2023-07-31,2023,31,439,6,0,10.36,0.142,0.0
2023/2024,Osun,SW,tropical,4237396,6,2023-08-07,2023,32,781,11,0,18.431,0.26,0.0
2023/2024,Osun,SW,tropical,4237396,7,2023-08-14,2023,33,1003,17,0,23.67,0.401,0.0
2023/2024,Osun,SW,tropical,4237396,8,2023-08-21,2023,34,1943,22,1,45.854,0.519,0.024
2023/2024,Osun,SW,tropical,4237396,9,2023-08-28,2023,35,1379,28,3,32.544,0.661,0.071
2023/2024,Osun,SW,tropical,4237396,10,2023-09-04,2023,36,5729,87,3,135.201,2.053,0.071
2023/2024,Osun,SW,tropical,4237396,11,2023-09-11,2023,37,19558,196,20,461.557,4.625,0.472
2023/2024,Osun,SW,tropical,4237396,12,2023-09-18,2023,38,30142,375,45,711.333,8.85,1.062
2023/2024,Osun,SW,tropical,4237396,13,2023-09-25,2023,39,26756,715,111,631.426,16.874,2.62
2023/2024,Osun,SW,tropical,4237396,14,2023-10-02,2023,40,44757,760,64,1056.238,17.936,1.51
2023/2024,Osun,SW,tropical,4237396,15,2023-10-09,2023,41,66834,1017,68,1577.242,24.001,1.605
2023/2024,Osun,SW,tropical,4237396,16,2023-10-16,2023,42,43254,415,48,1020.768,9.794,1.133
2023/2024,Osun,SW,tropical,4237396,17,2023-10-23,2023,43,8990,270,20,212.159,6.372,0.472
2023/2024,Osun,SW,tropical,4237396,18,2023-10-30,2023,44,1151,41,1,27.163,0.968,0.024
2023/2024,Osun,SW,tropical,4237396,19,2023-11-06,2023,45,590,3,1,13.924,0.071,0.024
2023/2024,Osun,SW,tropical,4237396,20,2023-11-13,2023,46,561,7,2,13.239,0.165,0.047
2023/2024,Osun,SW,tropical,4237396,21,2023-11-20,2023,47,1179,10,2,27.824,0.236,0.047
2023/2024,Osun,SW,tropical,4237396,22,2023-11-27,2023,48,1192,27,1,28.13,0.637,0.024
2023/2024,Osun,SW,tropical,4237396,23,2023-12-04,2023,49,1683,47,2,39.718,1.109,0.047
2023/2024,Osun,SW,tropical,4237396,24,2023-12-11,2023,50,2332,43,2,55.034,1.015,0.047
2023/2024,Osun,SW,tropical,4237396,25,2023-12-18,2023,51,4378,46,3,103.318,1.086,0.071
2023/2024,Osun,SW,tropical,4237396,26,2023-12-25,2023,52,5107,127,9,120.522,2.997,0.212
2023/2024,Osun,SW,tropical,4237396,27,2024-01-01,2024,1,5981,111,10,141.148,2.62,0.236
2023/2024,Osun,SW,tropical,4237396,28,2024-01-08,2024,2,3383,76,6,79.837,1.794,0.142
2023/2024,Osun,SW,tropical,4237396,29,2024-01-15,2024,3,1493,52,2,35.234,1.227,0.047
2023/2024,Osun,SW,tropical,4237396,30,2024-01-22,2024,4,715,33,2,16.874,0.779,0.047
2023/2024,Osun,SW,tropical,4237396,31,2024-01-29,2024,5,588,22,1,13.876,0.519,0.024
2023/2024,Osun,SW,tropical,4237396,32,2024-02-05,2024,6,578,13,1,13.64,0.307,0.024
2023/2024,Osun,SW,tropical,4237396,33,2024-02-12,2024,7,953,11,1,22.49,0.26,0.024
2023/2024,Osun,SW,tropical,4237396,34,2024-02-19,2024,8,460,5,1,10.856,0.118,0.024
2023/2024,Osun,SW,tropical,4237396,35,2024-02-26,2024,9,433,6,0,10.219,0.142,0.0
2023/2024,Osun,SW,tropical,4237396,36,2024-03-04,2024,10,363,5,1,8.567,0.118,0.024
2023/2024,Osun,SW,tropical,4237396,37,2024-03-11,2024,11,409,3,0,9.652,0.071,0.0
2023/2024,Osun,SW,tropical,4237396,38,2024-03-18,2024,12,243,4,1,5.735,0.094,0.024
2023/2024,Osun,SW,tropical,4237396,39,2024-03-25,2024,13,326,9,2,7.693,0.212,0.047
2023/2024,Osun,SW,tropical,4237396,40,2024-04-01,2024,14,573,17,2,13.522,0.401,0.047
2023/2024,Osun,SW,tropical,4237396,41,2024-04-08,2024,15,737,9,1,17.393,0.212,0.024
2023/2024,Osun,SW,tropical,4237396,42,2024-04-15,2024,16,589,3,1,13.9,0.071,0.024
2023/2024,Osun,SW,tropical,4237396,43,2024-04-22,2024,17,521,9,0,12.295,0.212,0.0
2023/2024,Osun,SW,tropical,4237396,44,2024-04-29,2024,18,533,4,0,12.578,0.094,0.0
2023/2024,Osun,SW,tropical,4237396,45,2024-05-06,2024,19,530,13,3,12.508,0.307,0.071
2023/2024,Osun,SW,tropical,4237396,46,2024-05-13,2024,20,572,8,2,13.499,0.189,0.047
2023/2024,Osun,SW,tropical,4237396,47,2024-05-20,2024,21,322,10,1,7.599,0.236,0.024
2023/2024,Osun,SW,tropical,4237396,48,2024-05-27,2024,22,374,7,1,8.826,0.165,0.024
2023/2024,Osun,SW,tropical,4237396,49,2024-06-03,2024,23,697,12,0,16.449,0.283,0.0
2023/2024,Osun,SW,tropical,4237396,50,2024-06-10,2024,24,365,12,1,8.614,0.283,0.024
2023/2024,Osun,SW,tropical,4237396,51,2024-06-17,2024,25,673,14,1,15.882,0.33,0.024
2023/2024,Osun,SW,tropical,4237396,52,2024-06-24,2024,26,585,9,0,13.806,0.212,0.0
2023/2024,Cross River,SS,tropical,4175020,1,2023-07-03,2023,27,3853,53,1,92.287,1.269,0.024
2023/2024,Cross River,SS,tropical,4175020,2,2023-07-10,2023,28,386,10,1,9.245,0.24,0.024
2023/2024,Cross River,SS,tropical,4175020,3,2023-07-17,2023,29,391,9,0,9.365,0.216,0.0
2023/2024,Cross River,SS,tropical,4175020,4,2023-07-24,2023,30,646,8,0,15.473,0.192,0.0
2023/2024,Cross River,SS,tropical,4175020,5,2023-07-31,2023,31,760,9,1,18.204,0.216,0.024
2023/2024,Cross River,SS,tropical,4175020,6,2023-08-07,2023,32,658,13,0,15.76,0.311,0.0
2023/2024,Cross River,SS,tropical,4175020,7,2023-08-14,2023,33,858,13,0,20.551,0.311,0.0
2023/2024,Cross River,SS,tropical,4175020,8,2023-08-21,2023,34,805,30,0,19.281,0.719,0.0
2023/2024,Cross River,SS,tropical,4175020,9,2023-08-28,2023,35,1615,27,4,38.682,0.647,0.096
2023/2024,Cross River,SS,tropical,4175020,10,2023-09-04,2023,36,4440,86,8,106.347,2.06,0.192
2023/2024,Cross River,SS,tropical,4175020,11,2023-09-11,2023,37,8142,334,12,195.017,8.0,0.287
2023/2024,Cross River,SS,tropical,4175020,12,2023-09-18,2023,38,46573,528,70,1115.516,12.647,1.677
2023/2024,Cross River,SS,tropical,4175020,13,2023-09-25,2023,39,51351,1580,56,1229.958,37.844,1.341
2023/2024,Cross River,SS,tropical,4175020,14,2023-10-02,2023,40,63805,1545,90,1528.256,37.006,2.156
2023/2024,Cross River,SS,tropical,4175020,15,2023-10-09,2023,41,35836,920,51,858.343,22.036,1.222
2023/2024,Cross River,SS,tropical,4175020,16,2023-10-16,2023,42,24445,408,27,585.506,9.772,0.647
2023/2024,Cross River,SS,tropical,4175020,17,2023-10-23,2023,43,4954,104,9,118.658,2.491,0.216
2023/2024,Cross River,SS,tropical,4175020,18,2023-10-30,2023,44,1383,17,3,33.126,0.407,0.072
2023/2024,Cross River,SS,tropical,4175020,19,2023-11-06,2023,45,991,11,1,23.736,0.263,0.024
2023/2024,Cross River,SS,tropical,4175020,20,2023-11-13,2023,46,843,14,1,20.192,0.335,0.024
2023/2024,Cross River,SS,tropical,4175020,21,2023-11-20,2023,47,599,15,2,14.347,0.359,0.048
2023/2024,Cross River,SS,tropical,4175020,22,2023-11-27,2023,48,1415,12,3,33.892,0.287,0.072
2023/2024,Cross River,SS,tropical,4175020,23,2023-12-04,2023,49,2115,29,1,50.658,0.695,0.024
2023/2024,Cross River,SS,tropical,4175020,24,2023-12-11,2023,50,1207,52,1,28.91,1.246,0.024
2023/2024,Cross River,SS,tropical,4175020,25,2023-12-18,2023,51,4352,56,9,104.239,1.341,0.216
2023/2024,Cross River,SS,tropical,4175020,26,2023-12-25,2023,52,3956,99,4,94.754,2.371,0.096
2023/2024,Cross River,SS,tropical,4175020,27,2024-01-01,2024,1,3604,100,5,86.323,2.395,0.12
2023/2024,Cross River,SS,tropical,4175020,28,2024-01-08,2024,2,2429,52,6,58.179,1.246,0.144
2023/2024,Cross River,SS,tropical,4175020,29,2024-01-15,2024,3,3052,17,4,73.101,0.407,0.096
2023/2024,Cross River,SS,tropical,4175020,30,2024-01-22,2024,4,874,15,2,20.934,0.359,0.048
2023/2024,Cross River,SS,tropical,4175020,31,2024-01-29,2024,5,1300,11,2,31.138,0.263,0.048
2023/2024,Cross River,SS,tropical,4175020,32,2024-02-05,2024,6,466,5,2,11.162,0.12,0.048
2023/2024,Cross River,SS,tropical,4175020,33,2024-02-12,2024,7,530,12,0,12.695,0.287,0.0
2023/2024,Cross River,SS,tropical,4175020,34,2024-02-19,2024,8,570,6,1,13.653,0.144,0.024
2023/2024,Cross River,SS,tropical,4175020,35,2024-02-26,2024,9,428,11,0,10.251,0.263,0.0
2023/2024,Cross River,SS,tropical,4175020,36,2024-03-04,2024,10,488,8,1,11.689,0.192,0.024
2023/2024,Cross River,SS,tropical,4175020,37,2024-03-11,2024,11,785,8,0,18.802,0.192,0.0
2023/2024,Cross River,SS,tropical,4175020,38,2024-03-18,2024,12,259,6,0,6.204,0.144,0.0
2023/2024,Cross River,SS,tropical,4175020,39,2024-03-25,2024,13,528,6,0,12.647,0.144,0.0
2023/2024,Cross River,SS,tropical,4175020,40,2024-04-01,2024,14,471,7,0,11.281,0.168,0.0
2023/2024,Cross River,SS,tropical,4175020,41,2024-04-08,2024,15,559,4,0,13.389,0.096,0.0
2023/2024,Cross River,SS,tropical,4175020,42,2024-04-15,2024,16,344,7,0,8.239,0.168,0.0
2023/2024,Cross River,SS,tropical,4175020,43,2024-04-22,2024,17,290,3,1,6.946,0.072,0.024
2023/2024,Cross River,SS,tropical,4175020,44,2024-04-29,2024,18,261,11,2,6.251,0.263,0.048
2023/2024,Cross River,SS,tropical,4175020,45,2024-05-06,2024,19,480,10,1,11.497,0.24,0.024
2023/2024,Cross River,SS,tropical,4175020,46,2024-05-13,2024,20,405,8,0,9.701,0.192,0.0
2023/2024,Cross River,SS,tropical,4175020,47,2024-05-20,2024,21,512,7,0,12.263,0.168,0.0
2023/2024,Cross River,SS,tropical,4175020,48,2024-05-27,2024,22,660,6,0,15.808,0.144,0.0
2023/2024,Cross River,SS,tropical,4175020,49,2024-06-03,2024,23,509,10,0,12.192,0.24,0.0
2023/2024,Cross River,SS,tropical,4175020,50,2024-06-10,2024,24,474,3,2,11.353,0.072,0.048
2023/2024,Cross River,SS,tropical,4175020,51,2024-06-17,2024,25,394,5,0,9.437,0.12,0.0
2023/2024,Cross River,SS,tropical,4175020,52,2024-06-24,2024,26,469,8,1,11.233,0.192,0.024
2023/2024,Ebonyi,SE,tropical,4007155,1,2023-07-03,2023,27,2059,61,3,51.383,1.522,0.075
2023/2024,Ebonyi,SE,tropical,4007155,2,2023-07-10,2023,28,303,15,1,7.561,0.374,0.025
2023/2024,Ebonyi,SE,tropical,4007155,3,2023-07-17,2023,29,547,4,1,13.651,0.1,0.025
2023/2024,Ebonyi,SE,tropical,4007155,4,2023-07-24,2023,30,443,5,0,11.055,0.125,0.0
2023/2024,Ebonyi,SE,tropical,4007155,5,2023-07-31,2023,31,264,5,0,6.588,0.125,0.0
2023/2024,Ebonyi,SE,tropical,4007155,6,2023-08-07,2023,32,677,15,1,16.895,0.374,0.025
2023/2024,Ebonyi,SE,tropical,4007155,7,2023-08-14,2023,33,1147,6,4,28.624,0.15,0.1
2023/2024,Ebonyi,SE,tropical,4007155,8,2023-08-21,2023,34,2037,9,2,50.834,0.225,0.05
2023/2024,Ebonyi,SE,tropical,4007155,9,2023-08-28,2023,35,2248,26,1,56.1,0.649,0.025
2023/2024,Ebonyi,SE,tropical,4007155,10,2023-09-04,2023,36,4705,70,5,117.415,1.747,0.125
2023/2024,Ebonyi,SE,tropical,4007155,11,2023-09-11,2023,37,11886,302,11,296.619,7.537,0.275
2023/2024,Ebonyi,SE,tropical,4007155,12,2023-09-18,2023,38,43670,486,39,1089.801,12.128,0.973
2023/2024,Ebonyi,SE,tropical,4007155,13,2023-09-25,2023,39,60823,1154,61,1517.86,28.798,1.522
2023/2024,Ebonyi,SE,tropical,4007155,14,2023-10-02,2023,40,38871,1109,60,970.04,27.675,1.497
2023/2024,Ebonyi,SE,tropical,4007155,15,2023-10-09,2023,41,20586,1137,96,513.731,28.374,2.396
2023/2024,Ebonyi,SE,tropical,4007155,16,2023-10-16,2023,42,22248,525,34,555.207,13.102,0.848
2023/2024,Ebonyi,SE,tropical,4007155,17,2023-10-23,2023,43,7842,76,13,195.7,1.897,0.324
2023/2024,Ebonyi,SE,tropical,4007155,18,2023-10-30,2023,44,1619,23,2,40.403,0.574,0.05
2023/2024,Ebonyi,SE,tropical,4007155,19,2023-11-06,2023,45,884,10,0,22.061,0.25,0.0
2023/2024,Ebonyi,SE,tropical,4007155,20,2023-11-13,2023,46,795,13,0,19.84,0.324,0.0
2023/2024,Ebonyi,SE,tropical,4007155,21,2023-11-20,2023,47,848,23,1,21.162,0.574,0.025
2023/2024,Ebonyi,SE,tropical,4007155,22,2023-11-27,2023,48,837,9,1,20.888,0.225,0.025
2023/2024,Ebonyi,SE,tropical,4007155,23,2023-12-04,2023,49,2101,20,2,52.431,0.499,0.05
2023/2024,Ebonyi,SE,tropical,4007155,24,2023-12-11,2023,50,1661,21,3,41.451,0.524,0.075
2023/2024,Ebonyi,SE,tropical,4007155,25,2023-12-18,2023,51,4246,76,4,105.96,1.897,0.1
2023/2024,Ebonyi,SE,tropical,4007155,26,2023-12-25,2023,52,4078,127,4,101.768,3.169,0.1
2023/2024,Ebonyi,SE,tropical,4007155,27,2024-01-01,2024,1,7936,150,12,198.046,3.743,0.299
2023/2024,Ebonyi,SE,tropical,4007155,28,2024-01-08,2024,2,6614,115,6,165.055,2.87,0.15
2023/2024,Ebonyi,SE,tropical,4007155,29,2024-01-15,2024,3,2854,25,4,71.223,0.624,0.1
2023/2024,Ebonyi,SE,tropical,4007155,30,2024-01-22,2024,4,1017,15,1,25.38,0.374,0.025
2023/2024,Ebonyi,SE,tropical,4007155,31,2024-01-29,2024,5,605,5,0,15.098,0.125,0.0
2023/2024,Ebonyi,SE,tropical,4007155,32,2024-02-05,2024,6,369,7,0,9.209,0.175,0.0
2023/2024,Ebonyi,SE,tropical,4007155,33,2024-02-12,2024,7,593,6,0,14.799,0.15,0.0
2023/2024,Ebonyi,SE,tropical,4007155,34,2024-02-19,2024,8,769,6,0,19.191,0.15,0.0
2023/2024,Ebonyi,SE,tropical,4007155,35,2024-02-26,2024,9,486,8,0,12.128,0.2,0.0
2023/2024,Ebonyi,SE,tropical,4007155,36,2024-03-04,2024,10,350,11,0,8.734,0.275,0.0
2023/2024,Ebonyi,SE,tropical,4007155,37,2024-03-11,2024,11,331,4,2,8.26,0.1,0.05
2023/2024,Ebonyi,SE,tropical,4007155,38,2024-03-18,2024,12,458,5,0,11.43,0.125,0.0
2023/2024,Ebonyi,SE,tropical,4007155,39,2024-03-25,2024,13,490,7,0,12.228,0.175,0.0
2023/2024,Ebonyi,SE,tropical,4007155,40,2024-04-01,2024,14,540,5,0,13.476,0.125,0.0
2023/2024,Ebonyi,SE,tropical,4007155,41,2024-04-08,2024,15,239,8,0,5.964,0.2,0.0
2023/2024,Ebonyi,SE,tropical,4007155,42,2024-04-15,2024,16,357,4,1,8.909,0.1,0.025
2023/2024,Ebonyi,SE,tropical,4007155,43,2024-04-22,2024,17,318,4,0,7.936,0.1,0.0
2023/2024,Ebonyi,SE,tropical,4007155,44,2024-04-29,2024,18,275,6,1,6.863,0.15,0.025
2023/2024,Ebonyi,SE,tropical,4007155,45,2024-05-06,2024,19,329,6,0,8.21,0.15,0.0
2023/2024,Ebonyi,SE,tropical,4007155,46,2024-05-13,2024,20,310,3,0,7.736,0.075,0.0
2023/2024,Ebonyi,SE,tropical,4007155,47,2024-05-20,2024,21,522,8,0,13.027,0.2,0.0
2023/2024,Ebonyi,SE,tropical,4007155,48,2024-05-27,2024,22,242,7,2,6.039,0.175,0.05
2023/2024,Ebonyi,SE,tropical,4007155,49,2024-06-03,2024,23,670,7,0,16.72,0.175,0.0
2023/2024,Ebonyi,SE,tropical,4007155,50,2024-06-10,2024,24,349,9,0,8.709,0.225,0.0
2023/2024,Ebonyi,SE,tropical,4007155,51,2024-06-17,2024,25,363,11,1,9.059,0.275,0.025
2023/2024,Ebonyi,SE,tropical,4007155,52,2024-06-24,2024,26,474,2,0,11.829,0.05,0.0
2023/2024,Nasarawa,NC,savanna,3632239,1,2023-07-03,2023,27,5340,52,4,147.017,1.432,0.11
2023/2024,Nasarawa,NC,savanna,3632239,2,2023-07-10,2023,28,737,16,3,20.291,0.44,0.083
2023/2024,Nasarawa,NC,savanna,3632239,3,2023-07-17,2023,29,359,12,0,9.884,0.33,0.0
2023/2024,Nasarawa,NC,savanna,3632239,4,2023-07-24,2023,30,521,4,0,14.344,0.11,0.0
2023/2024,Nasarawa,NC,savanna,3632239,5,2023-07-31,2023,31,867,10,1,23.87,0.275,0.028
2023/2024,Nasarawa,NC,savanna,3632239,6,2023-08-07,2023,32,584,15,0,16.078,0.413,0.0
2023/2024,Nasarawa,NC,savanna,3632239,7,2023-08-14,2023,33,371,16,2,10.214,0.44,0.055
2023/2024,Nasarawa,NC,savanna,3632239,8,2023-08-21,2023,34,1142,14,2,31.441,0.385,0.055
2023/2024,Nasarawa,NC,savanna,3632239,9,2023-08-28,2023,35,1269,25,1,34.937,0.688,0.028
2023/2024,Nasarawa,NC,savanna,3632239,10,2023-09-04,2023,36,1860,27,1,51.208,0.743,0.028
2023/2024,Nasarawa,NC,savanna,3632239,11,2023-09-11,2023,37,2819,60,8,77.611,1.652,0.22
2023/2024,Nasarawa,NC,savanna,3632239,12,2023-09-18,2023,38,7419,91,13,204.254,2.505,0.358
2023/2024,Nasarawa,NC,savanna,3632239,13,2023-09-25,2023,39,34767,245,38,957.178,6.745,1.046
2023/2024,Nasarawa,NC,savanna,3632239,14,2023-10-02,2023,40,86983,642,105,2394.749,17.675,2.891
2023/2024,Nasarawa,NC,savanna,3632239,15,2023-10-09,2023,41,51758,727,41,1424.961,20.015,1.129
2023/2024,Nasarawa,NC,savanna,3632239,16,2023-10-16,2023,42,23877,515,43,657.363,14.179,1.184
2023/2024,Nasarawa,NC,savanna,3632239,17,2023-10-23,2023,43,26669,324,30,734.23,8.92,0.826
2023/2024,Nasarawa,NC,savanna,3632239,18,2023-10-30,2023,44,6434,68,7,177.136,1.872,0.193
2023/2024,Nasarawa,NC,savanna,3632239,19,2023-11-06,2023,45,893,21,4,24.585,0.578,0.11
2023/2024,Nasarawa,NC,savanna,3632239,20,2023-11-13,2023,46,661,15,0,18.198,0.413,0.0
2023/2024,Nasarawa,NC,savanna,3632239,21,2023-11-20,2023,47,728,15,1,20.043,0.413,0.028
2023/2024,Nasarawa,NC,savanna,3632239,22,2023-11-27,2023,48,1740,23,2,47.904,0.633,0.055
2023/2024,Nasarawa,NC,savanna,3632239,23,2023-12-04,2023,49,2662,19,4,73.288,0.523,0.11
2023/2024,Nasarawa,NC,savanna,3632239,24,2023-12-11,2023,50,3282,87,3,90.357,2.395,0.083
2023/2024,Nasarawa,NC,savanna,3632239,25,2023-12-18,2023,51,5055,92,7,139.17,2.533,0.193
2023/2024,Nasarawa,NC,savanna,3632239,26,2023-12-25,2023,52,7266,113,15,200.042,3.111,0.413
2023/2024,Nasarawa,NC,savanna,3632239,27,2024-01-01,2024,1,7299,137,11,200.95,3.772,0.303
2023/2024,Nasarawa,NC,savanna,3632239,28,2024-01-08,2024,2,8936,90,5,246.019,2.478,0.138
2023/2024,Nasarawa,NC,savanna,3632239,29,2024-01-15,2024,3,2301,76,2,63.349,2.092,0.055
2023/2024,Nasarawa,NC,savanna,3632239,30,2024-01-22,2024,4,1227,15,3,33.781,0.413,0.083
2023/2024,Nasarawa,NC,savanna,3632239,31,2024-01-29,2024,5,957,10,1,26.347,0.275,0.028
2023/2024,Nasarawa,NC,savanna,3632239,32,2024-02-05,2024,6,702,7,1,19.327,0.193,0.028
2023/2024,Nasarawa,NC,savanna,3632239,33,2024-02-12,2024,7,929,10,1,25.577,0.275,0.028
2023/2024,Nasarawa,NC,savanna,3632239,34,2024-02-19,2024,8,880,5,0,24.227,0.138,0.0
2023/2024,Nasarawa,NC,savanna,3632239,35,2024-02-26,2024,9,504,11,2,13.876,0.303,0.055
2023/2024,Nasarawa,NC,savanna,3632239,36,2024-03-04,2024,10,766,3,0,21.089,0.083,0.0
2023/2024,Nasarawa,NC,savanna,3632239,37,2024-03-11,2024,11,498,10,1,13.711,0.275,0.028
2023/2024,Nasarawa,NC,savanna,3632239,38,2024-03-18,2024,12,461,6,1,12.692,0.165,0.028
2023/2024,Nasarawa,NC,savanna,3632239,39,2024-03-25,2024,13,645,16,0,17.758,0.44,0.0
2023/2024,Nasarawa,NC,savanna,3632239,40,2024-04-01,2024,14,613,14,1,16.877,0.385,0.028
2023/2024,Nasarawa,NC,savanna,3632239,41,2024-04-08,2024,15,461,3,1,12.692,0.083,0.028
2023/2024,Nasarawa,NC,savanna,3632239,42,2024-04-15,2024,16,304,6,1,8.369,0.165,0.028
2023/2024,Nasarawa,NC,savanna,3632239,43,2024-04-22,2024,17,738,7,0,20.318,0.193,0.0
2023/2024,Nasarawa,NC,savanna,3632239,44,2024-04-29,2024,18,518,7,0,14.261,0.193,0.0
2023/2024,Nasarawa,NC,savanna,3632239,45,2024-05-06,2024,19,545,9,0,15.005,0.248,0.0
2023/2024,Nasarawa,NC,savanna,3632239,46,2024-05-13,2024,20,763,13,1,21.006,0.358,0.028
2023/2024,Nasarawa,NC,savanna,3632239,47,2024-05-20,2024,21,414,6,1,11.398,0.165,0.028
2023/2024,Nasarawa,NC,savanna,3632239,48,2024-05-27,2024,22,725,15,1,19.96,0.413,0.028
2023/2024,Nasarawa,NC,savanna,3632239,49,2024-06-03,2024,23,375,7,1,10.324,0.193,0.028
2023/2024,Nasarawa,NC,savanna,3632239,50,2024-06-10,2024,24,793,5,1,21.832,0.138,0.028
2023/2024,Nasarawa,NC,savanna,3632239,51,2024-06-17,2024,25,673,7,0,18.529,0.193,0.0
2023/2024,Nasarawa,NC,savanna,3632239,52,2024-06-24,2024,26,981,6,0,27.008,0.165,0.0
2023/2024,Ekiti,SW,tropical,3398177,1,2023-07-03,2023,27,2852,57,6,83.927,1.677,0.177
2023/2024,Ekiti,SW,tropical,3398177,2,2023-07-10,2023,28,479,8,0,14.096,0.235,0.0
2023/2024,Ekiti,SW,tropical,3398177,3,2023-07-17,2023,29,581,6,1,17.097,0.177,0.029
2023/2024,Ekiti,SW,tropical,3398177,4,2023-07-24,2023,30,444,14,0,13.066,0.412,0.0
2023/2024,Ekiti,SW,tropical,3398177,5,2023-07-31,2023,31,299,9,1,8.799,0.265,0.029
2023/2024,Ekiti,SW,tropical,3398177,6,2023-08-07,2023,32,617,8,1,18.157,0.235,0.029
2023/2024,Ekiti,SW,tropical,3398177,7,2023-08-14,2023,33,868,11,0,25.543,0.324,0.0
2023/2024,Ekiti,SW,tropical,3398177,8,2023-08-21,2023,34,670,7,2,19.716,0.206,0.059
2023/2024,Ekiti,SW,tropical,3398177,9,2023-08-28,2023,35,2060,19,1,60.621,0.559,0.029
2023/2024,Ekiti,SW,tropical,3398177,10,2023-09-04,2023,36,4560,118,2,134.19,3.472,0.059
2023/2024,Ekiti,SW,tropical,3398177,11,2023-09-11,2023,37,10520,164,12,309.578,4.826,0.353
2023/2024,Ekiti,SW,tropical,3398177,12,2023-09-18,2023,38,39536,384,26,1163.447,11.3,0.765
2023/2024,Ekiti,SW,tropical,3398177,13,2023-09-25,2023,39,56398,885,37,1659.655,26.043,1.089
2023/2024,Ekiti,SW,tropical,3398177,14,2023-10-02,2023,40,36872,946,61,1085.052,27.838,1.795
2023/2024,Ekiti,SW,tropical,3398177,15,2023-10-09,2023,41,69701,678,73,2051.129,19.952,2.148
2023/2024,Ekiti,SW,tropical,3398177,16,2023-10-16,2023,42,37498,460,29,1103.474,13.537,0.853
2023/2024,Ekiti,SW,tropical,3398177,17,2023-10-23,2023,43,6925,59,4,203.786,1.736,0.118
2023/2024,Ekiti,SW,tropical,3398177,18,2023-10-30,2023,44,911,24,1,26.808,0.706,0.029
2023/2024,Ekiti,SW,tropical,3398177,19,2023-11-06,2023,45,509,5,0,14.979,0.147,0.0
2023/2024,Ekiti,SW,tropical,3398177,20,2023-11-13,2023,46,522,17,0,15.361,0.5,0.0
2023/2024,Ekiti,SW,tropical,3398177,21,2023-11-20,2023,47,659,6,0,19.393,0.177,0.0
2023/2024,Ekiti,SW,tropical,3398177,22,2023-11-27,2023,48,1042,21,0,30.663,0.618,0.0
2023/2024,Ekiti,SW,tropical,3398177,23,2023-12-04,2023,49,1166,21,0,34.313,0.618,0.0
2023/2024,Ekiti,SW,tropical,3398177,24,2023-12-11,2023,50,2180,30,5,64.152,0.883,0.147
2023/2024,Ekiti,SW,tropical,3398177,25,2023-12-18,2023,51,3686,61,1,108.47,1.795,0.029
2023/2024,Ekiti,SW,tropical,3398177,26,2023-12-25,2023,52,7590,56,4,223.355,1.648,0.118
2023/2024,Ekiti,SW,tropical,3398177,27,2024-01-01,2024,1,6052,53,7,178.095,1.56,0.206
2023/2024,Ekiti,SW,tropical,3398177,28,2024-01-08,2024,2,3663,73,2,107.793,2.148,0.059
2023/2024,Ekiti,SW,tropical,3398177,29,2024-01-15,2024,3,2152,30,1,63.328,0.883,0.029
2023/2024,Ekiti,SW,tropical,3398177,30,2024-01-22,2024,4,443,8,0,13.036,0.235,0.0
2023/2024,Ekiti,SW,tropical,3398177,31,2024-01-29,2024,5,308,14,0,9.064,0.412,0.0
2023/2024,Ekiti,SW,tropical,3398177,32,2024-02-05,2024,6,541,8,0,15.92,0.235,0.0
2023/2024,Ekiti,SW,tropical,3398177,33,2024-02-12,2024,7,634,11,0,18.657,0.324,0.0
2023/2024,Ekiti,SW,tropical,3398177,34,2024-02-19,2024,8,268,4,0,7.887,0.118,0.0
2023/2024,Ekiti,SW,tropical,3398177,35,2024-02-26,2024,9,364,6,0,10.712,0.177,0.0
2023/2024,Ekiti,SW,tropical,3398177,36,2024-03-04,2024,10,234,9,0,6.886,0.265,0.0
2023/2024,Ekiti,SW,tropical,3398177,37,2024-03-11,2024,11,297,7,0,8.74,0.206,0.0
2023/2024,Ekiti,SW,tropical,3398177,38,2024-03-18,2024,12,540,5,0,15.891,0.147,0.0
2023/2024,Ekiti,SW,tropical,3398177,39,2024-03-25,2024,13,332,2,1,9.77,0.059,0.029
2023/2024,Ekiti,SW,tropical,3398177,40,2024-04-01,2024,14,307,5,0,9.034,0.147,0.0
2023/2024,Ekiti,SW,tropical,3398177,41,2024-04-08,2024,15,389,9,0,11.447,0.265,0.0
2023/2024,Ekiti,SW,tropical,3398177,42,2024-04-15,2024,16,315,12,1,9.27,0.353,0.029
2023/2024,Ekiti,SW,tropical,3398177,43,2024-04-22,2024,17,221,3,0,6.503,0.088,0.0
2023/2024,Ekiti,SW,tropical,3398177,44,2024-04-29,2024,18,243,8,0,7.151,0.235,0.0
2023/2024,Ekiti,SW,tropical,3398177,45,2024-05-06,2024,19,513,8,0,15.096,0.235,0.0
2023/2024,Ekiti,SW,tropical,3398177,46,2024-05-13,2024,20,205,5,1,6.033,0.147,0.029
2023/2024,Ekiti,SW,tropical,3398177,47,2024-05-20,2024,21,398,6,1,11.712,0.177,0.029
2023/2024,Ekiti,SW,tropical,3398177,48,2024-05-27,2024,22,386,4,0,11.359,0.118,0.0
2023/2024,Ekiti,SW,tropical,3398177,49,2024-06-03,2024,23,540,4,0,15.891,0.118,0.0
2023/2024,Ekiti,SW,tropical,3398177,50,2024-06-10,2024,24,438,5,1,12.889,0.147,0.029
2023/2024,Ekiti,SW,tropical,3398177,51,2024-06-17,2024,25,337,10,1,9.917,0.294,0.029
2023/2024,Ekiti,SW,tropical,3398177,52,2024-06-24,2024,26,481,7,0,14.155,0.206,0.0
2023/2024,Bayelsa,SS,tropical,2394725,1,2023-07-03,2023,27,2427,53,4,101.348,2.213,0.167
2023/2024,Bayelsa,SS,tropical,2394725,2,2023-07-10,2023,28,431,8,0,17.998,0.334,0.0
2023/2024,Bayelsa,SS,tropical,2394725,3,2023-07-17,2023,29,300,6,0,12.528,0.251,0.0
2023/2024,Bayelsa,SS,tropical,2394725,4,2023-07-24,2023,30,300,2,1,12.528,0.084,0.042
2023/2024,Bayelsa,SS,tropical,2394725,5,2023-07-31,2023,31,463,5,1,19.334,0.209,0.042
2023/2024,Bayelsa,SS,tropical,2394725,6,2023-08-07,2023,32,331,2,1,13.822,0.084,0.042
2023/2024,Bayelsa,SS,tropical,2394725,7,2023-08-14,2023,33,340,9,1,14.198,0.376,0.042
2023/2024,Bayelsa,SS,tropical,2394725,8,2023-08-21,2023,34,860,12,0,35.912,0.501,0.0
2023/2024,Bayelsa,SS,tropical,2394725,9,2023-08-28,2023,35,1154,25,0,48.189,1.044,0.0
2023/2024,Bayelsa,SS,tropical,2394725,10,2023-09-04,2023,36,2933,40,4,122.478,1.67,0.167
2023/2024,Bayelsa,SS,tropical,2394725,11,2023-09-11,2023,37,6622,146,8,276.524,6.097,0.334
2023/2024,Bayelsa,SS,tropical,2394725,12,2023-09-18,2023,38,13962,332,27,583.031,13.864,1.127
2023/2024,Bayelsa,SS,tropical,2394725,13,2023-09-25,2023,39,22560,451,38,942.071,18.833,1.587
2023/2024,Bayelsa,SS,tropical,2394725,14,2023-10-02,2023,40,48436,651,36,2022.612,27.185,1.503
2023/2024,Bayelsa,SS,tropical,2394725,15,2023-10-09,2023,41,26353,402,49,1100.46,16.787,2.046
2023/2024,Bayelsa,SS,tropical,2394725,16,2023-10-16,2023,42,19529,158,28,815.501,6.598,1.169
2023/2024,Bayelsa,SS,tropical,2394725,17,2023-10-23,2023,43,3293,53,1,137.511,2.213,0.042
2023/2024,Bayelsa,SS,tropical,2394725,18,2023-10-30,2023,44,707,16,2,29.523,0.668,0.084
2023/2024,Bayelsa,SS,tropical,2394725,19,2023-11-06,2023,45,289,5,1,12.068,0.209,0.042
2023/2024,Bayelsa,SS,tropical,2394725,20,2023-11-13,2023,46,263,4,0,10.982,0.167,0.0
2023/2024,Bayelsa,SS,tropical,2394725,21,2023-11-20,2023,47,608,8,1,25.389,0.334,0.042
2023/2024,Bayelsa,SS,tropical,2394725,22,2023-11-27,2023,48,384,8,1,16.035,0.334,0.042
2023/2024,Bayelsa,SS,tropical,2394725,23,2023-12-04,2023,49,742,12,2,30.985,0.501,0.084
2023/2024,Bayelsa,SS,tropical,2394725,24,2023-12-11,2023,50,1762,15,3,73.578,0.626,0.125
2023/2024,Bayelsa,SS,tropical,2394725,25,2023-12-18,2023,51,3468,38,3,144.818,1.587,0.125
2023/2024,Bayelsa,SS,tropical,2394725,26,2023-12-25,2023,52,3037,36,9,126.82,1.503,0.376
2023/2024,Bayelsa,SS,tropical,2394725,27,2024-01-01,2024,1,3293,98,2,137.511,4.092,0.084
2023/2024,Bayelsa,SS,tropical,2394725,28,2024-01-08,2024,2,3384,46,3,141.311,1.921,0.125
2023/2024,Bayelsa,SS,tropical,2394725,29,2024-01-15,2024,3,828,14,2,34.576,0.585,0.084
2023/2024,Bayelsa,SS,tropical,2394725,30,2024-01-22,2024,4,318,15,0,13.279,0.626,0.0
2023/2024,Bayelsa,SS,tropical,2394725,31,2024-01-29,2024,5,435,2,0,18.165,0.084,0.0
2023/2024,Bayelsa,SS,tropical,2394725,32,2024-02-05,2024,6,353,4,0,14.741,0.167,0.0
2023/2024,Bayelsa,SS,tropical,2394725,33,2024-02-12,2024,7,194,5,0,8.101,0.209,0.0
2023/2024,Bayelsa,SS,tropical,2394725,34,2024-02-19,2024,8,258,2,0,10.774,0.084,0.0
2023/2024,Bayelsa,SS,tropical,2394725,35,2024-02-26,2024,9,229,7,0,9.563,0.292,0.0
2023/2024,Bayelsa,SS,tropical,2394725,36,2024-03-04,2024,10,327,7,1,13.655,0.292,0.042
2023/2024,Bayelsa,SS,tropical,2394725,37,2024-03-11,2024,11,64,5,1,2.673,0.209,0.042
2023/2024,Bayelsa,SS,tropical,2394725,38,2024-03-18,2024,12,282,4,1,11.776,0.167,0.042
2023/2024,Bayelsa,SS,tropical,2394725,39,2024-03-25,2024,13,350,8,0,14.615,0.334,0.0
2023/2024,Bayelsa,SS,tropical,2394725,40,2024-04-01,2024,14,183,1,1,7.642,0.042,0.042
2023/2024,Bayelsa,SS,tropical,2394725,41,2024-04-08,2024,15,506,2,0,21.13,0.084,0.0
2023/2024,Bayelsa,SS,tropical,2394725,42,2024-04-15,2024,16,257,3,0,10.732,0.125,0.0
2023/2024,Bayelsa,SS,tropical,2394725,43,2024-04-22,2024,17,346,5,0,14.448,0.209,0.0
2023/2024,Bayelsa,SS,tropical,2394725,44,2024-04-29,2024,18,332,3,0,13.864,0.125,0.0
2023/2024,Bayelsa,SS,tropical,2394725,45,2024-05-06,2024,19,114,5,1,4.76,0.209,0.042
2023/2024,Bayelsa,SS,tropical,2394725,46,2024-05-13,2024,20,367,7,0,15.325,0.292,0.0
2023/2024,Bayelsa,SS,tropical,2394725,47,2024-05-20,2024,21,270,5,0,11.275,0.209,0.0
2023/2024,Bayelsa,SS,tropical,2394725,48,2024-05-27,2024,22,333,5,0,13.906,0.209,0.0
2023/2024,Bayelsa,SS,tropical,2394725,49,2024-06-03,2024,23,220,2,1,9.187,0.084,0.042
2023/2024,Bayelsa,SS,tropical,2394725,50,2024-06-10,2024,24,373,2,0,15.576,0.084,0.0
2023/2024,Bayelsa,SS,tropical,2394725,51,2024-06-17,2024,25,398,4,1,16.62,0.167,0.042
2023/2024,Bayelsa,SS,tropical,2394725,52,2024-06-24,2024,26,263,4,1,10.982,0.167,0.042
2024/2025,Kano,NW,sahel,16253549,1,2024-07-01,2024,27,1752,25,3,10.779,0.154,0.018
2024/2025,Kano,NW,sahel,16253549,2,2024-07-08,2024,28,1018,12,1,6.263,0.074,0.006
2024/2025,Kano,NW,sahel,16253549,3,2024-07-15,2024,29,502,16,2,3.089,0.098,0.012
2024/2025,Kano,NW,sahel,16253549,4,2024-07-22,2024,30,904,5,2,5.562,0.031,0.012
2024/2025,Kano,NW,sahel,16253549,5,2024-07-29,2024,31,1037,5,0,6.38,0.031,0.0
2024/2025,Kano,NW,sahel,16253549,6,2024-08-05,2024,32,901,10,1,5.543,0.062,0.006
2024/2025,Kano,NW,sahel,16253549,7,2024-08-12,2024,33,457,17,3,2.812,0.105,0.018
2024/2025,Kano,NW,sahel,16253549,8,2024-08-19,2024,34,511,10,0,3.144,0.062,0.0
2024/2025,Kano,NW,sahel,16253549,9,2024-08-26,2024,35,875,17,0,5.383,0.105,0.0
2024/2025,Kano,NW,sahel,16253549,10,2024-09-02,2024,36,468,11,3,2.879,0.068,0.018
2024/2025,Kano,NW,sahel,16253549,11,2024-09-09,2024,37,2201,34,1,13.542,0.209,0.006
2024/2025,Kano,NW,sahel,16253549,12,2024-09-16,2024,38,2515,56,3,15.474,0.345,0.018
2024/2025,Kano,NW,sahel,16253549,13,2024-09-23,2024,39,4096,89,7,25.201,0.548,0.043
2024/2025,Kano,NW,sahel,16253549,14,2024-09-30,2024,40,14507,359,27,89.254,2.209,0.166
2024/2025,Kano,NW,sahel,16253549,15,2024-10-07,2024,41,92653,660,37,570.048,4.061,0.228
2024/2025,Kano,NW,sahel,16253549,16,2024-10-14,2024,42,73989,2194,247,455.218,13.499,1.52
2024/2025,Kano,NW,sahel,16253549,17,2024-10-21,2024,43,194247,4693,511,1195.105,28.874,3.144
2024/2025,Kano,NW,sahel,16253549,18,2024-10-28,2024,44,363691,2703,416,2237.61,16.63,2.559
2024/2025,Kano,NW,sahel,16253549,19,2024-11-04,2024,45,185792,3618,351,1143.086,22.26,2.16
2024/2025,Kano,NW,sahel,16253549,20,2024-11-11,2024,46,84497,1084,131,519.868,6.669,0.806
2024/2025,Kano,NW,sahel,16253549,21,2024-11-18,2024,47,18299,262,20,112.585,1.612,0.123
2024/2025,Kano,NW,sahel,16253549,22,2024-11-25,2024,48,2983,106,8,18.353,0.652,0.049
2024/2025,Kano,NW,sahel,16253549,23,2024-12-02,2024,49,4163,45,2,25.613,0.277,0.012
2024/2025,Kano,NW,sahel,16253549,24,2024-12-09,2024,50,6918,151,16,42.563,0.929,0.098
2024/2025,Kano,NW,sahel,16253549,25,2024-12-16,2024,51,14786,199,39,90.971,1.224,0.24
2024/2025,Kano,NW,sahel,16253549,26,2024-12-23,2024,52,56837,730,89,349.69,4.491,0.548
2024/2025,Kano,NW,sahel,16253549,27,2024-12-30,2025,1,136553,1415,151,840.143,8.706,0.929
2024/2025,Kano,NW,sahel,16253549,28,2025-01-06,2025,2,248430,2487,295,1528.466,15.301,1.815
2024/2025,Kano,NW,sahel,16253549,29,2025-01-13,2025,3,367044,2752,260,2258.239,16.932,1.6
2024/2025,Kano,NW,sahel,16253549,30,2025-01-20,2025,4,142202,2021,177,874.898,12.434,1.089
2024/2025,Kano,NW,sahel,16253549,31,2025-01-27,2025,5,71638,1439,132,440.753,8.853,0.812
2024/2025,Kano,NW,sahel,16253549,32,2025-02-03,2025,6,15669,386,30,96.404,2.375,0.185
2024/2025,Kano,NW,sahel,16253549,33,2025-02-10,2025,7,3134,86,4,19.282,0.529,0.025
2024/2025,Kano,NW,sahel,16253549,34,2025-02-17,2025,8,1004,15,2,6.177,0.092,0.012
2024/2025,Kano,NW,sahel,16253549,35,2025-02-24,2025,9,901,15,2,5.543,0.092,0.012
2024/2025,Kano,NW,sahel,16253549,36,2025-03-03,2025,10,682,9,0,4.196,0.055,0.0
2024/2025,Kano,NW,sahel,16253549,37,2025-03-10,2025,11,545,7,0,3.353,0.043,0.0
2024/2025,Kano,NW,sahel,16253549,38,2025-03-17,2025,12,988,15,1,6.079,0.092,0.006
2024/2025,Kano,NW,sahel,16253549,39,2025-03-24,2025,13,666,11,0,4.098,0.068,0.0
2024/2025,Kano,NW,sahel,16253549,40,2025-03-31,2025,14,687,4,3,4.227,0.025,0.018
2024/2025,Kano,NW,sahel,16253549,41,2025-04-07,2025,15,1031,8,1,6.343,0.049,0.006
2024/2025,Kano,NW,sahel,16253549,42,2025-04-14,2025,16,595,10,2,3.661,0.062,0.012
2024/2025,Kano,NW,sahel,16253549,43,2025-04-21,2025,17,682,10,2,4.196,0.062,0.012
2024/2025,Kano,NW,sahel,16253549,44,2025-04-28,2025,18,713,9,1,4.387,0.055,0.006
2024/2025,Kano,NW,sahel,16253549,45,2025-05-05,2025,19,796,11,0,4.897,0.068,0.0
2024/2025,Kano,NW,sahel,16253549,46,2025-05-12,2025,20,1053,14,1,6.479,0.086,0.006
2024/2025,Kano,NW,sahel,16253549,47,2025-05-19,2025,21,746,8,1,4.59,0.049,0.006
2024/2025,Kano,NW,sahel,16253549,48,2025-05-26,2025,22,712,12,1,4.381,0.074,0.006
2024/2025,Kano,NW,sahel,16253549,49,2025-06-02,2025,23,519,11,2,3.193,0.068,0.012
2024/2025,Kano,NW,sahel,16253549,50,2025-06-09,2025,24,677,9,0,4.165,0.055,0.0
2024/2025,Kano,NW,sahel,16253549,51,2025-06-16,2025,25,809,14,1,4.977,0.086,0.006
2024/2025,Kano,NW,sahel,16253549,52,2025-06-23,2025,26,719,7,1,4.424,0.043,0.006
2024/2025,Lagos,SW,tropical,15772884,1,2024-07-01,2024,27,1047,15,0,6.638,0.095,0.0
2024/2025,Lagos,SW,tropical,15772884,2,2024-07-08,2024,28,480,7,0,3.043,0.044,0.0
2024/2025,Lagos,SW,tropical,15772884,3,2024-07-15,2024,29,627,15,0,3.975,0.095,0.0
2024/2025,Lagos,SW,tropical,15772884,4,2024-07-22,2024,30,293,5,0,1.858,0.032,0.0
2024/2025,Lagos,SW,tropical,15772884,5,2024-07-29,2024,31,529,11,0,3.354,0.07,0.0
2024/2025,Lagos,SW,tropical,15772884,6,2024-08-05,2024,32,524,10,0,3.322,0.063,0.0
2024/2025,Lagos,SW,tropical,15772884,7,2024-08-12,2024,33,653,10,0,4.14,0.063,0.0
2024/2025,Lagos,SW,tropical,15772884,8,2024-08-19,2024,34,1332,13,0,8.445,0.082,0.0
2024/2025,Lagos,SW,tropical,15772884,9,2024-08-26,2024,35,1843,40,0,11.685,0.254,0.0
2024/2025,Lagos,SW,tropical,15772884,10,2024-09-02,2024,36,3145,106,4,19.939,0.672,0.025
2024/2025,Lagos,SW,tropical,15772884,11,2024-09-09,2024,37,13826,296,5,87.657,1.877,0.032
2024/2025,Lagos,SW,tropical,15772884,12,2024-09-16,2024,38,50633,494,49,321.013,3.132,0.311
2024/2025,Lagos,SW,tropical,15772884,13,2024-09-23,2024,39,134689,2993,138,853.928,18.976,0.875
2024/2025,Lagos,SW,tropical,15772884,14,2024-09-30,2024,40,267064,8245,209,1693.184,52.273,1.325
2024/2025,Lagos,SW,tropical,15772884,15,2024-10-07,2024,41,367736,7519,376,2331.444,47.67,2.384
2024/2025,Lagos,SW,tropical,15772884,16,2024-10-14,2024,42,248338,9541,228,1574.462,60.49,1.446
2024/2025,Lagos,SW,tropical,15772884,17,2024-10-21,2024,43,161161,3691,160,1021.76,23.401,1.014
2024/2025,Lagos,SW,tropical,15772884,18,2024-10-28,2024,44,50739,1091,58,321.685,6.917,0.368
2024/2025,Lagos,SW,tropical,15772884,19,2024-11-04,2024,45,6591,153,3,41.787,0.97,0.019
2024/2025,Lagos,SW,tropical,15772884,20,2024-11-11,2024,46,1584,17,1,10.043,0.108,0.006
2024/2025,Lagos,SW,tropical,15772884,21,2024-11-18,2024,47,757,18,0,4.799,0.114,0.0
2024/2025,Lagos,SW,tropical,15772884,22,2024-11-25,2024,48,821,22,1,5.205,0.139,0.006
2024/2025,Lagos,SW,tropical,15772884,23,2024-12-02,2024,49,1660,59,2,10.524,0.374,0.013
2024/2025,Lagos,SW,tropical,15772884,24,2024-12-09,2024,50,4763,42,2,30.197,0.266,0.013
2024/2025,Lagos,SW,tropical,15772884,25,2024-12-16,2024,51,14841,206,5,94.092,1.306,0.032
2024/2025,Lagos,SW,tropical,15772884,26,2024-12-23,2024,52,22571,301,14,143.1,1.908,0.089
2024/2025,Lagos,SW,tropical,15772884,27,2024-12-30,2025,1,44607,770,43,282.808,4.882,0.273
2024/2025,Lagos,SW,tropical,15772884,28,2025-01-06,2025,2,122258,2779,45,775.115,17.619,0.285
2024/2025,Lagos,SW,tropical,15772884,29,2025-01-13,2025,3,90305,2559,150,572.533,16.224,0.951
2024/2025,Lagos,SW,tropical,15772884,30,2025-01-20,2025,4,77845,1169,79,493.537,7.411,0.501
2024/2025,Lagos,SW,tropical,15772884,31,2025-01-27,2025,5,42762,1026,8,271.111,6.505,0.051
2024/2025,Lagos,SW,tropical,15772884,32,2025-02-03,2025,6,8737,277,16,55.393,1.756,0.101
2024/2025,Lagos,SW,tropical,15772884,33,2025-02-10,2025,7,1318,40,2,8.356,0.254,0.013
2024/2025,Lagos,SW,tropical,15772884,34,2025-02-17,2025,8,492,3,0,3.119,0.019,0.0
2024/2025,Lagos,SW,tropical,15772884,35,2025-02-24,2025,9,430,10,0,2.726,0.063,0.0
2024/2025,Lagos,SW,tropical,15772884,36,2025-03-03,2025,10,406,11,0,2.574,0.07,0.0
2024/2025,Lagos,SW,tropical,15772884,37,2025-03-10,2025,11,659,4,2,4.178,0.025,0.013
2024/2025,Lagos,SW,tropical,15772884,38,2025-03-17,2025,12,324,6,0,2.054,0.038,0.0
2024/2025,Lagos,SW,tropical,15772884,39,2025-03-24,2025,13,501,15,1,3.176,0.095,0.006
2024/2025,Lagos,SW,tropical,15772884,40,2025-03-31,2025,14,386,3,1,2.447,0.019,0.006
2024/2025,Lagos,SW,tropical,15772884,41,2025-04-07,2025,15,571,6,0,3.62,0.038,0.0
2024/2025,Lagos,SW,tropical,15772884,42,2025-04-14,2025,16,462,19,0,2.929,0.12,0.0
2024/2025,Lagos,SW,tropical,15772884,43,2025-04-21,2025,17,626,11,0,3.969,0.07,0.0
2024/2025,Lagos,SW,tropical,15772884,44,2025-04-28,2025,18,440,6,2,2.79,0.038,0.013
2024/2025,Lagos,SW,tropical,15772884,45,2025-05-05,2025,19,666,8,0,4.222,0.051,0.0
2024/2025,Lagos,SW,tropical,15772884,46,2025-05-12,2025,20,493,9,1,3.126,0.057,0.006
2024/2025,Lagos,SW,tropical,15772884,47,2025-05-19,2025,21,407,10,1,2.58,0.063,0.006
2024/2025,Lagos,SW,tropical,15772884,48,2025-05-26,2025,22,463,9,1,2.935,0.057,0.006
2024/2025,Lagos,SW,tropical,15772884,49,2025-06-02,2025,23,651,12,0,4.127,0.076,0.0
2024/2025,Lagos,SW,tropical,15772884,50,2025-06-09,2025,24,271,5,0,1.718,0.032,0.0
2024/2025,Lagos,SW,tropical,15772884,51,2025-06-16,2025,25,485,19,0,3.075,0.12,0.0
2024/2025,Lagos,SW,tropical,15772884,52,2025-06-23,2025,26,561,11,1,3.557,0.07,0.006
2024/2025,Katsina,NW,sahel,9300382,1,2024-07-01,2024,27,1278,8,1,13.741,0.086,0.011
2024/2025,Katsina,NW,sahel,9300382,2,2024-07-08,2024,28,447,4,2,4.806,0.043,0.022
2024/2025,Katsina,NW,sahel,9300382,3,2024-07-15,2024,29,545,3,0,5.86,0.032,0.0
2024/2025,Katsina,NW,sahel,9300382,4,2024-07-22,2024,30,430,6,2,4.623,0.065,0.022
2024/2025,Katsina,NW,sahel,9300382,5,2024-07-29,2024,31,223,7,0,2.398,0.075,0.0
2024/2025,Katsina,NW,sahel,9300382,6,2024-08-05,2024,32,290,8,0,3.118,0.086,0.0
2024/2025,Katsina,NW,sahel,9300382,7,2024-08-12,2024,33,478,4,1,5.14,0.043,0.011
2024/2025,Katsina,NW,sahel,9300382,8,2024-08-19,2024,34,287,3,2,3.086,0.032,0.022
2024/2025,Katsina,NW,sahel,9300382,9,2024-08-26,2024,35,499,6,1,5.365,0.065,0.011
2024/2025,Katsina,NW,sahel,9300382,10,2024-09-02,2024,36,452,6,1,4.86,0.065,0.011
2024/2025,Katsina,NW,sahel,9300382,11,2024-09-09,2024,37,394,7,1,4.236,0.075,0.011
2024/2025,Katsina,NW,sahel,9300382,12,2024-09-16,2024,38,1114,9,4,11.978,0.097,0.043
2024/2025,Katsina,NW,sahel,9300382,13,2024-09-23,2024,39,5235,42,3,56.288,0.452,0.032
2024/2025,Katsina,NW,sahel,9300382,14,2024-09-30,2024,40,11122,199,15,119.586,2.14,0.161
2024/2025,Katsina,NW,sahel,9300382,15,2024-10-07,2024,41,32234,258,67,346.588,2.774,0.72
2024/2025,Katsina,NW,sahel,9300382,16,2024-10-14,2024,42,91300,807,95,981.68,8.677,1.021
2024/2025,Katsina,NW,sahel,9300382,17,2024-10-21,2024,43,157808,1694,203,1696.791,18.214,2.183
2024/2025,Katsina,NW,sahel,9300382,18,2024-10-28,2024,44,86911,2112,300,934.488,22.709,3.226
2024/2025,Katsina,NW,sahel,9300382,19,2024-11-04,2024,45,138051,1371,223,1484.358,14.741,2.398
2024/2025,Katsina,NW,sahel,9300382,20,2024-11-11,2024,46,46064,731,112,495.291,7.86,1.204
2024/2025,Katsina,NW,sahel,9300382,21,2024-11-18,2024,47,7486,170,22,80.491,1.828,0.237
2024/2025,Katsina,NW,sahel,9300382,22,2024-11-25,2024,48,2941,31,1,31.622,0.333,0.011
2024/2025,Katsina,NW,sahel,9300382,23,2024-12-02,2024,49,2512,25,7,27.01,0.269,0.075
2024/2025,Katsina,NW,sahel,9300382,24,2024-12-09,2024,50,4640,61,11,49.89,0.656,0.118
2024/2025,Katsina,NW,sahel,9300382,25,2024-12-16,2024,51,13599,105,18,146.22,1.129,0.194
2024/2025,Katsina,NW,sahel,9300382,26,2024-12-23,2024,52,38680,379,79,415.897,4.075,0.849
2024/2025,Katsina,NW,sahel,9300382,27,2024-12-30,2025,1,56950,1132,129,612.34,12.172,1.387
2024/2025,Katsina,NW,sahel,9300382,28,2025-01-06,2025,2,163423,1015,314,1757.164,10.914,3.376
2024/2025,Katsina,NW,sahel,9300382,29,2025-01-13,2025,3,201423,2286,148,2165.75,24.58,1.591
2024/2025,Katsina,NW,sahel,9300382,30,2025-01-20,2025,4,110786,1149,276,1191.198,12.354,2.968
2024/2025,Katsina,NW,sahel,9300382,31,2025-01-27,2025,5,64187,556,105,690.154,5.978,1.129
2024/2025,Katsina,NW,sahel,9300382,32,2025-02-03,2025,6,7247,204,29,77.922,2.193,0.312
2024/2025,Katsina,NW,sahel,9300382,33,2025-02-10,2025,7,1859,25,2,19.988,0.269,0.022
2024/2025,Katsina,NW,sahel,9300382,34,2025-02-17,2025,8,704,8,0,7.57,0.086,0.0
2024/2025,Katsina,NW,sahel,9300382,35,2025-02-24,2025,9,353,8,1,3.796,0.086,0.011
2024/2025,Katsina,NW,sahel,9300382,36,2025-03-03,2025,10,627,4,0,6.742,0.043,0.0
2024/2025,Katsina,NW,sahel,9300382,37,2025-03-10,2025,11,381,5,1,4.097,0.054,0.011
2024/2025,Katsina,NW,sahel,9300382,38,2025-03-17,2025,12,356,4,1,3.828,0.043,0.011
2024/2025,Katsina,NW,sahel,9300382,39,2025-03-24,2025,13,285,2,0,3.064,0.022,0.0
2024/2025,Katsina,NW,sahel,9300382,40,2025-03-31,2025,14,479,2,0,5.15,0.022,0.0
2024/2025,Katsina,NW,sahel,9300382,41,2025-04-07,2025,15,294,3,1,3.161,0.032,0.011
2024/2025,Katsina,NW,sahel,9300382,42,2025-04-14,2025,16,295,8,0,3.172,0.086,0.0
2024/2025,Katsina,NW,sahel,9300382,43,2025-04-21,2025,17,374,6,3,4.021,0.065,0.032
2024/2025,Katsina,NW,sahel,9300382,44,2025-04-28,2025,18,410,3,0,4.408,0.032,0.0
2024/2025,Katsina,NW,sahel,9300382,45,2025-05-05,2025,19,176,4,1,1.892,0.043,0.011
2024/2025,Katsina,NW,sahel,9300382,46,2025-05-12,2025,20,471,5,1,5.064,0.054,0.011
2024/2025,Katsina,NW,sahel,9300382,47,2025-05-19,2025,21,428,3,0,4.602,0.032,0.0
2024/2025,Katsina,NW,sahel,9300382,48,2025-05-26,2025,22,333,1,1,3.58,0.011,0.011
2024/2025,Katsina,NW,sahel,9300382,49,2025-06-02,2025,23,638,5,0,6.86,0.054,0.0
2024/2025,Katsina,NW,sahel,9300382,50,2025-06-09,2025,24,259,10,0,2.785,0.108,0.0
2024/2025,Katsina,NW,sahel,9300382,51,2025-06-16,2025,25,225,7,1,2.419,0.075,0.011
2024/2025,Katsina,NW,sahel,9300382,52,2025-06-23,2025,26,667,2,0,7.172,0.022,0.0
2024/2025,Kaduna,NW,savanna,8324285,1,2024-07-01,2024,27,670,7,1,8.049,0.084,0.012
2024/2025,Kaduna,NW,savanna,8324285,2,2024-07-08,2024,28,352,8,0,4.229,0.096,0.0
2024/2025,Kaduna,NW,savanna,8324285,3,2024-07-15,2024,29,381,2,0,4.577,0.024,0.0
2024/2025,Kaduna,NW,savanna,8324285,4,2024-07-22,2024,30,410,5,0,4.925,0.06,0.0
2024/2025,Kaduna,NW,savanna,8324285,5,2024-07-29,2024,31,265,4,2,3.183,0.048,0.024
2024/2025,Kaduna,NW,savanna,8324285,6,2024-08-05,2024,32,290,2,0,3.484,0.024,0.0
2024/2025,Kaduna,NW,savanna,8324285,7,2024-08-12,2024,33,628,7,0,7.544,0.084,0.0
2024/2025,Kaduna,NW,savanna,8324285,8,2024-08-19,2024,34,476,4,0,5.718,0.048,0.0
2024/2025,Kaduna,NW,savanna,8324285,9,2024-08-26,2024,35,568,6,1,6.823,0.072,0.012
2024/2025,Kaduna,NW,savanna,8324285,10,2024-09-02,2024,36,808,15,2,9.707,0.18,0.024
2024/2025,Kaduna,NW,savanna,8324285,11,2024-09-09,2024,37,915,34,1,10.992,0.408,0.012
2024/2025,Kaduna,NW,savanna,8324285,12,2024-09-16,2024,38,1713,105,7,20.578,1.261,0.084
2024/2025,Kaduna,NW,savanna,8324285,13,2024-09-23,2024,39,8824,246,24,106.003,2.955,0.288
2024/2025,Kaduna,NW,savanna,8324285,14,2024-09-30,2024,40,79999,675,94,961.031,8.109,1.129
2024/2025,Kaduna,NW,savanna,8324285,15,2024-10-07,2024,41,97830,899,169,1175.236,10.8,2.03
2024/2025,Kaduna,NW,savanna,8324285,16,2024-10-14,2024,42,216291,2390,226,2598.313,28.711,2.715
2024/2025,Kaduna,NW,savanna,8324285,17,2024-10-21,2024,43,195071,2575,203,2343.396,30.934,2.439
2024/2025,Kaduna,NW,savanna,8324285,18,2024-10-28,2024,44,164816,1440,110,1979.942,17.299,1.321
2024/2025,Kaduna,NW,savanna,8324285,19,2024-11-04,2024,45,17332,371,29,208.21,4.457,0.348
2024/2025,Kaduna,NW,savanna,8324285,20,2024-11-11,2024,46,4101,54,3,49.265,0.649,0.036
2024/2025,Kaduna,NW,savanna,8324285,21,2024-11-18,2024,47,991,4,0,11.905,0.048,0.0
2024/2025,Kaduna,NW,savanna,8324285,22,2024-11-25,2024,48,906,11,1,10.884,0.132,0.012
2024/2025,Kaduna,NW,savanna,8324285,23,2024-12-02,2024,49,1463,19,3,17.575,0.228,0.036
2024/2025,Kaduna,NW,savanna,8324285,24,2024-12-09,2024,50,3780,97,7,45.409,1.165,0.084
2024/2025,Kaduna,NW,savanna,8324285,25,2024-12-16,2024,51,7048,132,11,84.668,1.586,0.132
2024/2025,Kaduna,NW,savanna,8324285,26,2024-12-23,2024,52,15471,333,8,185.854,4.0,0.096
2024/2025,Kaduna,NW,savanna,8324285,27,2024-12-30,2025,1,96958,742,69,1164.761,8.914,0.829
2024/2025,Kaduna,NW,savanna,8324285,28,2025-01-06,2025,2,120585,1214,154,1448.593,14.584,1.85
2024/2025,Kaduna,NW,savanna,8324285,29,2025-01-13,2025,3,88128,1657,136,1058.686,19.906,1.634
2024/2025,Kaduna,NW,savanna,8324285,30,2025-01-20,2025,4,62712,755,200,753.362,9.07,2.403
2024/2025,Kaduna,NW,savanna,8324285,31,2025-01-27,2025,5,47792,726,28,574.127,8.721,0.336
2024/2025,Kaduna,NW,savanna,8324285,32,2025-02-03,2025,6,11865,180,19,142.535,2.162,0.228
2024/2025,Kaduna,NW,savanna,8324285,33,2025-02-10,2025,7,1061,14,2,12.746,0.168,0.024
2024/2025,Kaduna,NW,savanna,8324285,34,2025-02-17,2025,8,689,8,1,8.277,0.096,0.012
2024/2025,Kaduna,NW,savanna,8324285,35,2025-02-24,2025,9,470,8,1,5.646,0.096,0.012
2024/2025,Kaduna,NW,savanna,8324285,36,2025-03-03,2025,10,479,3,0,5.754,0.036,0.0
2024/2025,Kaduna,NW,savanna,8324285,37,2025-03-10,2025,11,373,8,0,4.481,0.096,0.0
2024/2025,Kaduna,NW,savanna,8324285,38,2025-03-17,2025,12,457,3,0,5.49,0.036,0.0
2024/2025,Kaduna,NW,savanna,8324285,39,2025-03-24,2025,13,304,9,0,3.652,0.108,0.0
2024/2025,Kaduna,NW,savanna,8324285,40,2025-03-31,2025,14,122,4,0,1.466,0.048,0.0
2024/2025,Kaduna,NW,savanna,8324285,41,2025-04-07,2025,15,316,9,1,3.796,0.108,0.012
2024/2025,Kaduna,NW,savanna,8324285,42,2025-04-14,2025,16,265,5,0,3.183,0.06,0.0
2024/2025,Kaduna,NW,savanna,8324285,43,2025-04-21,2025,17,317,4,0,3.808,0.048,0.0
2024/2025,Kaduna,NW,savanna,8324285,44,2025-04-28,2025,18,217,3,0,2.607,0.036,0.0
2024/2025,Kaduna,NW,savanna,8324285,45,2025-05-05,2025,19,279,7,0,3.352,0.084,0.0
2024/2025,Kaduna,NW,savanna,8324285,46,2025-05-12,2025,20,385,3,0,4.625,0.036,0.0
2024/2025,Kaduna,NW,savanna,8324285,47,2025-05-19,2025,21,311,7,1,3.736,0.084,0.012
2024/2025,Kaduna,NW,savanna,8324285,48,2025-05-26,2025,22,239,4,0,2.871,0.048,0.0
2024/2025,Kaduna,NW,savanna,8324285,49,2025-06-02,2025,23,249,5,0,2.991,0.06,0.0
2024/2025,Kaduna,NW,savanna,8324285,50,2025-06-09,2025,24,345,5,1,4.145,0.06,0.012
2024/2025,Kaduna,NW,savanna,8324285,51,2025-06-16,2025,25,356,1,0,4.277,0.012,0.0
2024/2025,Kaduna,NW,savanna,8324285,52,2025-06-23,2025,26,451,4,0,5.418,0.048,0.0
2024/2025,Bauchi,NE,sahel,7540663,1,2024-07-01,2024,27,1494,19,3,19.813,0.252,0.04
2024/2025,Bauchi,NE,sahel,7540663,2,2024-07-08,2024,28,215,1,1,2.851,0.013,0.013
2024/2025,Bauchi,NE,sahel,7540663,3,2024-07-15,2024,29,350,6,1,4.642,0.08,0.013
2024/2025,Bauchi,NE,sahel,7540663,4,2024-07-22,2024,30,485,7,0,6.432,0.093,0.0
2024/2025,Bauchi,NE,sahel,7540663,5,2024-07-29,2024,31,301,6,3,3.992,0.08,0.04
2024/2025,Bauchi,NE,sahel,7540663,6,2024-08-05,2024,32,383,5,0,5.079,0.066,0.0
2024/2025,Bauchi,NE,sahel,7540663,7,2024-08-12,2024,33,442,4,1,5.862,0.053,0.013
2024/2025,Bauchi,NE,sahel,7540663,8,2024-08-19,2024,34,358,2,2,4.748,0.027,0.027
2024/2025,Bauchi,NE,sahel,7540663,9,2024-08-26,2024,35,459,4,0,6.087,0.053,0.0
2024/2025,Bauchi,NE,sahel,7540663,10,2024-09-02,2024,36,445,6,1,5.901,0.08,0.013
2024/2025,Bauchi,NE,sahel,7540663,11,2024-09-09,2024,37,551,7,1,7.307,0.093,0.013
2024/2025,Bauchi,NE,sahel,7540663,12,2024-09-16,2024,38,1123,14,0,14.893,0.186,0.0
2024/2025,Bauchi,NE,sahel,7540663,13,2024-09-23,2024,39,2633,45,6,34.917,0.597,0.08
2024/2025,Bauchi,NE,sahel,7540663,14,2024-09-30,2024,40,6532,103,12,86.624,1.366,0.159
2024/2025,Bauchi,NE,sahel,7540663,15,2024-10-07,2024,41,30385,351,55,402.949,4.655,0.729
2024/2025,Bauchi,NE,sahel,7540663,16,2024-10-14,2024,42,75427,851,123,1000.27,11.285,1.631
2024/2025,Bauchi,NE,sahel,7540663,17,2024-10-21,2024,43,94989,1338,197,1259.69,17.744,2.613
2024/2025,Bauchi,NE,sahel,7540663,18,2024-10-28,2024,44,146099,2245,355,1937.482,29.772,4.708
2024/2025,Bauchi,NE,sahel,7540663,19,2024-11-04,2024,45,175420,971,133,2326.321,12.877,1.764
2024/2025,Bauchi,NE,sahel,7540663,20,2024-11-11,2024,46,32787,439,95,434.803,5.822,1.26
2024/2025,Bauchi,NE,sahel,7540663,21,2024-11-18,2024,47,4831,70,12,64.066,0.928,0.159
2024/2025,Bauchi,NE,sahel,7540663,22,2024-11-25,2024,48,1242,26,1,16.471,0.345,0.013
2024/2025,Bauchi,NE,sahel,7540663,23,2024-12-02,2024,49,1139,24,1,15.105,0.318,0.013
2024/2025,Bauchi,NE,sahel,7540663,24,2024-12-09,2024,50,3001,62,9,39.798,0.822,0.119
2024/2025,Bauchi,NE,sahel,7540663,25,2024-12-16,2024,51,9528,97,30,126.355,1.286,0.398
2024/2025,Bauchi,NE,sahel,7540663,26,2024-12-23,2024,52,16320,313,34,216.427,4.151,0.451
2024/2025,Bauchi,NE,sahel,7540663,27,2024-12-30,2025,1,48392,736,60,641.747,9.76,0.796
2024/2025,Bauchi,NE,sahel,7540663,28,2025-01-06,2025,2,61860,1216,219,820.352,16.126,2.904
2024/2025,Bauchi,NE,sahel,7540663,29,2025-01-13,2025,3,140350,1688,168,1861.242,22.385,2.228
2024/2025,Bauchi,NE,sahel,7540663,30,2025-01-20,2025,4,121051,788,123,1605.31,10.45,1.631
2024/2025,Bauchi,NE,sahel,7540663,31,2025-01-27,2025,5,31903,290,55,423.08,3.846,0.729
2024/2025,Bauchi,NE,sahel,7540663,32,2025-02-03,2025,6,9803,92,15,130.002,1.22,0.199
2024/2025,Bauchi,NE,sahel,7540663,33,2025-02-10,2025,7,979,39,7,12.983,0.517,0.093
2024/2025,Bauchi,NE,sahel,7540663,34,2025-02-17,2025,8,480,3,0,6.365,0.04,0.0
2024/2025,Bauchi,NE,sahel,7540663,35,2025-02-24,2025,9,559,8,1,7.413,0.106,0.013
2024/2025,Bauchi,NE,sahel,7540663,36,2025-03-03,2025,10,453,4,0,6.007,0.053,0.0
2024/2025,Bauchi,NE,sahel,7540663,37,2025-03-10,2025,11,178,5,1,2.361,0.066,0.013
2024/2025,Bauchi,NE,sahel,7540663,38,2025-03-17,2025,12,302,4,0,4.005,0.053,0.0
2024/2025,Bauchi,NE,sahel,7540663,39,2025-03-24,2025,13,370,5,1,4.907,0.066,0.013
2024/2025,Bauchi,NE,sahel,7540663,40,2025-03-31,2025,14,465,4,2,6.167,0.053,0.027
2024/2025,Bauchi,NE,sahel,7540663,41,2025-04-07,2025,15,403,0,3,5.344,0.0,0.04
2024/2025,Bauchi,NE,sahel,7540663,42,2025-04-14,2025,16,318,7,2,4.217,0.093,0.027
2024/2025,Bauchi,NE,sahel,7540663,43,2025-04-21,2025,17,393,7,0,5.212,0.093,0.0
2024/2025,Bauchi,NE,sahel,7540663,44,2025-04-28,2025,18,165,6,3,2.188,0.08,0.04
2024/2025,Bauchi,NE,sahel,7540663,45,2025-05-05,2025,19,372,3,0,4.933,0.04,0.0
2024/2025,Bauchi,NE,sahel,7540663,46,2025-05-12,2025,20,533,2,0,7.068,0.027,0.0
2024/2025,Bauchi,NE,sahel,7540663,47,2025-05-19,2025,21,267,8,1,3.541,0.106,0.013
2024/2025,Bauchi,NE,sahel,7540663,48,2025-05-26,2025,22,599,7,1,7.944,0.093,0.013
2024/2025,Bauchi,NE,sahel,7540663,49,2025-06-02,2025,23,261,9,1,3.461,0.119,0.013
2024/2025,Bauchi,NE,sahel,7540663,50,2025-06-09,2025,24,522,3,1,6.922,0.04,0.013
2024/2025,Bauchi,NE,sahel,7540663,51,2025-06-16,2025,25,298,3,0,3.952,0.04,0.0
2024/2025,Bauchi,NE,sahel,7540663,52,2025-06-23,2025,26,405,4,2,5.371,0.053,0.027
2024/2025,Oyo,SW,tropical,7512855,1,2024-07-01,2024,27,945,13,2,12.578,0.173,0.027
2024/2025,Oyo,SW,tropical,7512855,2,2024-07-08,2024,28,239,3,1,3.181,0.04,0.013
2024/2025,Oyo,SW,tropical,7512855,3,2024-07-15,2024,29,169,6,0,2.249,0.08,0.0
2024/2025,Oyo,SW,tropical,7512855,4,2024-07-22,2024,30,223,1,1,2.968,0.013,0.013
2024/2025,Oyo,SW,tropical,7512855,5,2024-07-29,2024,31,234,6,1,3.115,0.08,0.013
2024/2025,Oyo,SW,tropical,7512855,6,2024-08-05,2024,32,267,2,0,3.554,0.027,0.0
2024/2025,Oyo,SW,tropical,7512855,7,2024-08-12,2024,33,205,6,0,2.729,0.08,0.0
2024/2025,Oyo,SW,tropical,7512855,8,2024-08-19,2024,34,351,9,0,4.672,0.12,0.0
2024/2025,Oyo,SW,tropical,7512855,9,2024-08-26,2024,35,563,8,1,7.494,0.106,0.013
2024/2025,Oyo,SW,tropical,7512855,10,2024-09-02,2024,36,1534,46,5,20.418,0.612,0.067
2024/2025,Oyo,SW,tropical,7512855,11,2024-09-09,2024,37,6528,100,12,86.891,1.331,0.16
2024/2025,Oyo,SW,tropical,7512855,12,2024-09-16,2024,38,27642,381,24,367.929,5.071,0.319
2024/2025,Oyo,SW,tropical,7512855,13,2024-09-23,2024,39,86025,1281,59,1145.037,17.051,0.785
2024/2025,Oyo,SW,tropical,7512855,14,2024-09-30,2024,40,204089,1458,169,2716.531,19.407,2.249
2024/2025,Oyo,SW,tropical,7512855,15,2024-10-07,2024,41,455401,5103,296,6061.624,67.924,3.94
2024/2025,Oyo,SW,tropical,7512855,16,2024-10-14,2024,42,197182,1542,231,2624.595,20.525,3.075
2024/2025,Oyo,SW,tropical,7512855,17,2024-10-21,2024,43,89111,1136,93,1186.114,15.121,1.238
2024/2025,Oyo,SW,tropical,7512855,18,2024-10-28,2024,44,35707,506,34,475.279,6.735,0.453
2024/2025,Oyo,SW,tropical,7512855,19,2024-11-04,2024,45,3407,99,9,45.349,1.318,0.12
2024/2025,Oyo,SW,tropical,7512855,20,2024-11-11,2024,46,630,9,1,8.386,0.12,0.013
2024/2025,Oyo,SW,tropical,7512855,21,2024-11-18,2024,47,331,7,1,4.406,0.093,0.013
2024/2025,Oyo,SW,tropical,7512855,22,2024-11-25,2024,48,382,15,1,5.085,0.2,0.013
2024/2025,Oyo,SW,tropical,7512855,23,2024-12-02,2024,49,1076,14,0,14.322,0.186,0.0
2024/2025,Oyo,SW,tropical,7512855,24,2024-12-09,2024,50,1365,38,1,18.169,0.506,0.013
2024/2025,Oyo,SW,tropical,7512855,25,2024-12-16,2024,51,5086,52,1,67.697,0.692,0.013
2024/2025,Oyo,SW,tropical,7512855,26,2024-12-23,2024,52,11193,168,9,148.985,2.236,0.12
2024/2025,Oyo,SW,tropical,7512855,27,2024-12-30,2025,1,30781,622,40,409.711,8.279,0.532
2024/2025,Oyo,SW,tropical,7512855,28,2025-01-06,2025,2,46931,775,63,624.676,10.316,0.839
2024/2025,Oyo,SW,tropical,7512855,29,2025-01-13,2025,3,53880,1430,56,717.171,19.034,0.745
2024/2025,Oyo,SW,tropical,7512855,30,2025-01-20,2025,4,42668,734,105,567.933,9.77,1.398
2024/2025,Oyo,SW,tropical,7512855,31,2025-01-27,2025,5,28368,470,17,377.593,6.256,0.226
2024/2025,Oyo,SW,tropical,7512855,32,2025-02-03,2025,6,9843,78,6,131.015,1.038,0.08
2024/2025,Oyo,SW,tropical,7512855,33,2025-02-10,2025,7,905,22,0,12.046,0.293,0.0
2024/2025,Oyo,SW,tropical,7512855,34,2025-02-17,2025,8,235,3,1,3.128,0.04,0.013
2024/2025,Oyo,SW,tropical,7512855,35,2025-02-24,2025,9,137,4,0,1.824,0.053,0.0
2024/2025,Oyo,SW,tropical,7512855,36,2025-03-03,2025,10,218,2,0,2.902,0.027,0.0
2024/2025,Oyo,SW,tropical,7512855,37,2025-03-10,2025,11,316,1,1,4.206,0.013,0.013
2024/2025,Oyo,SW,tropical,7512855,38,2025-03-17,2025,12,205,3,0,2.729,0.04,0.0
2024/2025,Oyo,SW,tropical,7512855,39,2025-03-24,2025,13,343,1,2,4.566,0.013,0.027
2024/2025,Oyo,SW,tropical,7512855,40,2025-03-31,2025,14,248,4,0,3.301,0.053,0.0
2024/2025,Oyo,SW,tropical,7512855,41,2025-04-07,2025,15,138,8,0,1.837,0.106,0.0
2024/2025,Oyo,SW,tropical,7512855,42,2025-04-14,2025,16,229,6,0,3.048,0.08,0.0
2024/2025,Oyo,SW,tropical,7512855,43,2025-04-21,2025,17,187,4,0,2.489,0.053,0.0
2024/2025,Oyo,SW,tropical,7512855,44,2025-04-28,2025,18,114,9,0,1.517,0.12,0.0
2024/2025,Oyo,SW,tropical,7512855,45,2025-05-05,2025,19,229,3,0,3.048,0.04,0.0
2024/2025,Oyo,SW,tropical,7512855,46,2025-05-12,2025,20,191,5,1,2.542,0.067,0.013
2024/2025,Oyo,SW,tropical,7512855,47,2025-05-19,2025,21,161,1,0,2.143,0.013,0.0
2024/2025,Oyo,SW,tropical,7512855,48,2025-05-26,2025,22,147,4,1,1.957,0.053,0.013
2024/2025,Oyo,SW,tropical,7512855,49,2025-06-02,2025,23,166,3,0,2.21,0.04,0.0
2024/2025,Oyo,SW,tropical,7512855,50,2025-06-09,2025,24,172,5,0,2.289,0.067,0.0
2024/2025,Oyo,SW,tropical,7512855,51,2025-06-16,2025,25,286,2,0,3.807,0.027,0.0
2024/2025,Oyo,SW,tropical,7512855,52,2025-06-23,2025,26,226,4,0,3.008,0.053,0.0
2024/2025,Anambra,SE,tropical,7299910,1,2024-07-01,2024,27,581,7,2,7.959,0.096,0.027
2024/2025,Anambra,SE,tropical,7299910,2,2024-07-08,2024,28,272,1,0,3.726,0.014,0.0
2024/2025,Anambra,SE,tropical,7299910,3,2024-07-15,2024,29,314,8,0,4.301,0.11,0.0
2024/2025,Anambra,SE,tropical,7299910,4,2024-07-22,2024,30,177,4,0,2.425,0.055,0.0
2024/2025,Anambra,SE,tropical,7299910,5,2024-07-29,2024,31,266,2,0,3.644,0.027,0.0
2024/2025,Anambra,SE,tropical,7299910,6,2024-08-05,2024,32,172,2,0,2.356,0.027,0.0
2024/2025,Anambra,SE,tropical,7299910,7,2024-08-12,2024,33,160,1,0,2.192,0.014,0.0
2024/2025,Anambra,SE,tropical,7299910,8,2024-08-19,2024,34,380,8,0,5.206,0.11,0.0
2024/2025,Anambra,SE,tropical,7299910,9,2024-08-26,2024,35,423,12,1,5.795,0.164,0.014
2024/2025,Anambra,SE,tropical,7299910,10,2024-09-02,2024,36,1404,29,1,19.233,0.397,0.014
2024/2025,Anambra,SE,tropical,7299910,11,2024-09-09,2024,37,6708,42,1,91.892,0.575,0.014
2024/2025,Anambra,SE,tropical,7299910,12,2024-09-16,2024,38,24523,286,36,335.936,3.918,0.493
2024/2025,Anambra,SE,tropical,7299910,13,2024-09-23,2024,39,63049,1961,49,863.696,26.863,0.671
2024/2025,Anambra,SE,tropical,7299910,14,2024-09-30,2024,40,124116,2734,151,1700.24,37.453,2.069
2024/2025,Anambra,SE,tropical,7299910,15,2024-10-07,2024,41,187971,2713,174,2574.977,37.165,2.384
2024/2025,Anambra,SE,tropical,7299910,16,2024-10-14,2024,42,200357,3975,89,2744.65,54.453,1.219
2024/2025,Anambra,SE,tropical,7299910,17,2024-10-21,2024,43,53091,1357,86,727.283,18.589,1.178
2024/2025,Anambra,SE,tropical,7299910,18,2024-10-28,2024,44,28006,682,19,383.649,9.343,0.26
2024/2025,Anambra,SE,tropical,7299910,19,2024-11-04,2024,45,4688,56,9,64.22,0.767,0.123
2024/2025,Anambra,SE,tropical,7299910,20,2024-11-11,2024,46,772,12,0,10.575,0.164,0.0
2024/2025,Anambra,SE,tropical,7299910,21,2024-11-18,2024,47,299,16,1,4.096,0.219,0.014
2024/2025,Anambra,SE,tropical,7299910,22,2024-11-25,2024,48,579,12,0,7.932,0.164,0.0
2024/2025,Anambra,SE,tropical,7299910,23,2024-12-02,2024,49,817,7,1,11.192,0.096,0.014
2024/2025,Anambra,SE,tropical,7299910,24,2024-12-09,2024,50,1798,35,3,24.63,0.479,0.041
2024/2025,Anambra,SE,tropical,7299910,25,2024-12-16,2024,51,5370,81,6,73.563,1.11,0.082
2024/2025,Anambra,SE,tropical,7299910,26,2024-12-23,2024,52,8233,171,17,112.782,2.342,0.233
2024/2025,Anambra,SE,tropical,7299910,27,2024-12-30,2025,1,41613,626,33,570.048,8.575,0.452
2024/2025,Anambra,SE,tropical,7299910,28,2025-01-06,2025,2,40462,381,53,554.281,5.219,0.726
2024/2025,Anambra,SE,tropical,7299910,29,2025-01-13,2025,3,92235,930,78,1263.509,12.74,1.069
2024/2025,Anambra,SE,tropical,7299910,30,2025-01-20,2025,4,37594,571,51,514.993,7.822,0.699
2024/2025,Anambra,SE,tropical,7299910,31,2025-01-27,2025,5,12933,178,19,177.167,2.438,0.26
2024/2025,Anambra,SE,tropical,7299910,32,2025-02-03,2025,6,6069,97,4,83.138,1.329,0.055
2024/2025,Anambra,SE,tropical,7299910,33,2025-02-10,2025,7,661,14,3,9.055,0.192,0.041
2024/2025,Anambra,SE,tropical,7299910,34,2025-02-17,2025,8,333,5,0,4.562,0.068,0.0
2024/2025,Anambra,SE,tropical,7299910,35,2025-02-24,2025,9,152,3,1,2.082,0.041,0.014
2024/2025,Anambra,SE,tropical,7299910,36,2025-03-03,2025,10,219,2,0,3.0,0.027,0.0
2024/2025,Anambra,SE,tropical,7299910,37,2025-03-10,2025,11,146,7,0,2.0,0.096,0.0
2024/2025,Anambra,SE,tropical,7299910,38,2025-03-17,2025,12,282,2,0,3.863,0.027,0.0
2024/2025,Anambra,SE,tropical,7299910,39,2025-03-24,2025,13,265,3,0,3.63,0.041,0.0
2024/2025,Anambra,SE,tropical,7299910,40,2025-03-31,2025,14,184,13,0,2.521,0.178,0.0
2024/2025,Anambra,SE,tropical,7299910,41,2025-04-07,2025,15,207,2,0,2.836,0.027,0.0
2024/2025,Anambra,SE,tropical,7299910,42,2025-04-14,2025,16,88,0,0,1.205,0.0,0.0
2024/2025,Anambra,SE,tropical,7299910,43,2025-04-21,2025,17,162,2,0,2.219,0.027,0.0
2024/2025,Anambra,SE,tropical,7299910,44,2025-04-28,2025,18,207,7,0,2.836,0.096,0.0
2024/2025,Anambra,SE,tropical,7299910,45,2025-05-05,2025,19,296,3,0,4.055,0.041,0.0
2024/2025,Anambra,SE,tropical,7299910,46,2025-05-12,2025,20,151,3,0,2.069,0.041,0.0
2024/2025,Anambra,SE,tropical,7299910,47,2025-05-19,2025,21,248,6,1,3.397,0.082,0.014
2024/2025,Anambra,SE,tropical,7299910,48,2025-05-26,2025,22,223,4,2,3.055,0.055,0.027
2024/2025,Anambra,SE,tropical,7299910,49,2025-06-02,2025,23,120,2,1,1.644,0.027,0.014
2024/2025,Anambra,SE,tropical,7299910,50,2025-06-09,2025,24,154,6,0,2.11,0.082,0.0
2024/2025,Anambra,SE,tropical,7299910,51,2025-06-16,2025,25,236,1,0,3.233,0.014,0.0
2024/2025,Anambra,SE,tropical,7299910,52,2025-06-23,2025,26,256,4,1,3.507,0.055,0.014
2024/2025,Rivers,SS,tropical,7234973,1,2024-07-01,2024,27,582,11,3,8.044,0.152,0.041
2024/2025,Rivers,SS,tropical,7234973,2,2024-07-08,2024,28,155,5,0,2.142,0.069,0.0
2024/2025,Rivers,SS,tropical,7234973,3,2024-07-15,2024,29,168,5,0,2.322,0.069,0.0
2024/2025,Rivers,SS,tropical,7234973,4,2024-07-22,2024,30,217,4,0,2.999,0.055,0.0
2024/2025,Rivers,SS,tropical,7234973,5,2024-07-29,2024,31,252,9,0,3.483,0.124,0.0
2024/2025,Rivers,SS,tropical,7234973,6,2024-08-05,2024,32,187,1,0,2.585,0.014,0.0
2024/2025,Rivers,SS,tropical,7234973,7,2024-08-12,2024,33,299,8,1,4.133,0.111,0.014
2024/2025,Rivers,SS,tropical,7234973,8,2024-08-19,2024,34,428,8,1,5.916,0.111,0.014
2024/2025,Rivers,SS,tropical,7234973,9,2024-08-26,2024,35,1054,23,1,14.568,0.318,0.014
2024/2025,Rivers,SS,tropical,7234973,10,2024-09-02,2024,36,1653,41,3,22.847,0.567,0.041
2024/2025,Rivers,SS,tropical,7234973,11,2024-09-09,2024,37,2550,107,5,35.245,1.479,0.069
2024/2025,Rivers,SS,tropical,7234973,12,2024-09-16,2024,38,21487,243,21,296.988,3.359,0.29
2024/2025,Rivers,SS,tropical,7234973,13,2024-09-23,2024,39,59888,1085,56,827.757,14.997,0.774
2024/2025,Rivers,SS,tropical,7234973,14,2024-09-30,2024,40,101515,2200,79,1403.115,30.408,1.092
2024/2025,Rivers,SS,tropical,7234973,15,2024-10-07,2024,41,291715,2719,324,4032.012,37.581,4.478
2024/2025,Rivers,SS,tropical,7234973,16,2024-10-14,2024,42,172101,1767,232,2378.737,24.423,3.207
2024/2025,Rivers,SS,tropical,7234973,17,2024-10-21,2024,43,176943,2368,83,2445.662,32.73,1.147
2024/2025,Rivers,SS,tropical,7234973,18,2024-10-28,2024,44,24933,525,24,344.618,7.256,0.332
2024/2025,Rivers,SS,tropical,7234973,19,2024-11-04,2024,45,3827,52,7,52.896,0.719,0.097
2024/2025,Rivers,SS,tropical,7234973,20,2024-11-11,2024,46,551,8,1,7.616,0.111,0.014
2024/2025,Rivers,SS,tropical,7234973,21,2024-11-18,2024,47,532,9,0,7.353,0.124,0.0
2024/2025,Rivers,SS,tropical,7234973,22,2024-11-25,2024,48,534,9,0,7.381,0.124,0.0
2024/2025,Rivers,SS,tropical,7234973,23,2024-12-02,2024,49,909,16,1,12.564,0.221,0.014
2024/2025,Rivers,SS,tropical,7234973,24,2024-12-09,2024,50,1527,36,2,21.106,0.498,0.028
2024/2025,Rivers,SS,tropical,7234973,25,2024-12-16,2024,51,3218,38,3,44.478,0.525,0.041
2024/2025,Rivers,SS,tropical,7234973,26,2024-12-23,2024,52,12770,162,22,176.504,2.239,0.304
2024/2025,Rivers,SS,tropical,7234973,27,2024-12-30,2025,1,16461,554,32,227.52,7.657,0.442
2024/2025,Rivers,SS,tropical,7234973,28,2025-01-06,2025,2,43089,991,45,595.565,13.697,0.622
2024/2025,Rivers,SS,tropical,7234973,29,2025-01-13,2025,3,42703,1168,62,590.23,16.144,0.857
2024/2025,Rivers,SS,tropical,7234973,30,2025-01-20,2025,4,43713,577,58,604.19,7.975,0.802
2024/2025,Rivers,SS,tropical,7234973,31,2025-01-27,2025,5,9111,239,29,125.93,3.303,0.401
2024/2025,Rivers,SS,tropical,7234973,32,2025-02-03,2025,6,5299,97,9,73.241,1.341,0.124
2024/2025,Rivers,SS,tropical,7234973,33,2025-02-10,2025,7,941,13,2,13.006,0.18,0.028
2024/2025,Rivers,SS,tropical,7234973,34,2025-02-17,2025,8,418,5,0,5.777,0.069,0.0
2024/2025,Rivers,SS,tropical,7234973,35,2025-02-24,2025,9,231,3,0,3.193,0.041,0.0
2024/2025,Rivers,SS,tropical,7234973,36,2025-03-03,2025,10,168,1,0,2.322,0.014,0.0
2024/2025,Rivers,SS,tropical,7234973,37,2025-03-10,2025,11,75,3,0,1.037,0.041,0.0
2024/2025,Rivers,SS,tropical,7234973,38,2025-03-17,2025,12,217,2,0,2.999,0.028,0.0
2024/2025,Rivers,SS,tropical,7234973,39,2025-03-24,2025,13,350,2,0,4.838,0.028,0.0
2024/2025,Rivers,SS,tropical,7234973,40,2025-03-31,2025,14,209,8,0,2.889,0.111,0.0
2024/2025,Rivers,SS,tropical,7234973,41,2025-04-07,2025,15,213,3,0,2.944,0.041,0.0
2024/2025,Rivers,SS,tropical,7234973,42,2025-04-14,2025,16,131,3,0,1.811,0.041,0.0
2024/2025,Rivers,SS,tropical,7234973,43,2025-04-21,2025,17,160,4,0,2.211,0.055,0.0
2024/2025,Rivers,SS,tropical,7234973,44,2025-04-28,2025,18,134,4,0,1.852,0.055,0.0
2024/2025,Rivers,SS,tropical,7234973,45,2025-05-05,2025,19,304,4,1,4.202,0.055,0.014
2024/2025,Rivers,SS,tropical,7234973,46,2025-05-12,2025,20,391,1,0,5.404,0.014,0.0
2024/2025,Rivers,SS,tropical,7234973,47,2025-05-19,2025,21,119,2,1,1.645,0.028,0.014
2024/2025,Rivers,SS,tropical,7234973,48,2025-05-26,2025,22,249,2,1,3.442,0.028,0.014
2024/2025,Rivers,SS,tropical,7234973,49,2025-06-02,2025,23,241,1,0,3.331,0.014,0.0
2024/2025,Rivers,SS,tropical,7234973,50,2025-06-09,2025,24,259,5,0,3.58,0.069,0.0
2024/2025,Rivers,SS,tropical,7234973,51,2025-06-16,2025,25,375,4,0,5.183,0.055,0.0
2024/2025,Rivers,SS,tropical,7234973,52,2025-06-23,2025,26,95,3,0,1.313,0.041,0.0
2024/2025,Jigawa,NW,sahel,6979080,1,2024-07-01,2024,27,1231,10,2,17.638,0.143,0.029
2024/2025,Jigawa,NW,sahel,6979080,2,2024-07-08,2024,28,418,5,1,5.989,0.072,0.014
2024/2025,Jigawa,NW,sahel,6979080,3,2024-07-15,2024,29,276,8,1,3.955,0.115,0.014
2024/2025,Jigawa,NW,sahel,6979080,4,2024-07-22,2024,30,260,1,0,3.725,0.014,0.0
2024/2025,Jigawa,NW,sahel,6979080,5,2024-07-29,2024,31,468,4,0,6.706,0.057,0.0
2024/2025,Jigawa,NW,sahel,6979080,6,2024-08-05,2024,32,562,2,1,8.053,0.029,0.014
2024/2025,Jigawa,NW,sahel,6979080,7,2024-08-12,2024,33,198,0,0,2.837,0.0,0.0
2024/2025,Jigawa,NW,sahel,6979080,8,2024-08-19,2024,34,516,2,1,7.394,0.029,0.014
2024/2025,Jigawa,NW,sahel,6979080,9,2024-08-26,2024,35,201,1,2,2.88,0.014,0.029
2024/2025,Jigawa,NW,sahel,6979080,10,2024-09-02,2024,36,186,4,3,2.665,0.057,0.043
2024/2025,Jigawa,NW,sahel,6979080,11,2024-09-09,2024,37,698,7,5,10.001,0.1,0.072
2024/2025,Jigawa,NW,sahel,6979080,12,2024-09-16,2024,38,824,14,4,11.807,0.201,0.057
2024/2025,Jigawa,NW,sahel,6979080,13,2024-09-23,2024,39,1579,26,4,22.625,0.373,0.057
2024/2025,Jigawa,NW,sahel,6979080,14,2024-09-30,2024,40,7980,78,3,114.342,1.118,0.043
2024/2025,Jigawa,NW,sahel,6979080,15,2024-10-07,2024,41,37775,114,53,541.26,1.633,0.759
2024/2025,Jigawa,NW,sahel,6979080,16,2024-10-14,2024,42,59480,770,100,852.261,11.033,1.433
2024/2025,Jigawa,NW,sahel,6979080,17,2024-10-21,2024,43,148494,1808,214,2127.702,25.906,3.066
2024/2025,Jigawa,NW,sahel,6979080,18,2024-10-28,2024,44,164766,1313,230,2360.856,18.813,3.296
2024/2025,Jigawa,NW,sahel,6979080,19,2024-11-04,2024,45,172500,924,200,2471.672,13.24,2.866
2024/2025,Jigawa,NW,sahel,6979080,20,2024-11-11,2024,46,51182,440,49,733.363,6.305,0.702
2024/2025,Jigawa,NW,sahel,6979080,21,2024-11-18,2024,47,9902,167,22,141.881,2.393,0.315
2024/2025,Jigawa,NW,sahel,6979080,22,2024-11-25,2024,48,2372,20,2,33.987,0.287,0.029
2024/2025,Jigawa,NW,sahel,6979080,23,2024-12-02,2024,49,1867,18,3,26.751,0.258,0.043
2024/2025,Jigawa,NW,sahel,6979080,24,2024-12-09,2024,50,2467,33,2,35.348,0.473,0.029
2024/2025,Jigawa,NW,sahel,6979080,25,2024-12-16,2024,51,10026,70,20,143.658,1.003,0.287
2024/2025,Jigawa,NW,sahel,6979080,26,2024-12-23,2024,52,14846,286,24,212.721,4.098,0.344
2024/2025,Jigawa,NW,sahel,6979080,27,2024-12-30,2025,1,26334,619,100,377.328,8.869,1.433
2024/2025,Jigawa,NW,sahel,6979080,28,2025-01-06,2025,2,95755,1945,206,1372.029,27.869,2.952
2024/2025,Jigawa,NW,sahel,6979080,29,2025-01-13,2025,3,117243,931,159,1679.921,13.34,2.278
2024/2025,Jigawa,NW,sahel,6979080,30,2025-01-20,2025,4,108840,631,178,1559.518,9.041,2.55
2024/2025,Jigawa,NW,sahel,6979080,31,2025-01-27,2025,5,37440,663,69,536.46,9.5,0.989
2024/2025,Jigawa,NW,sahel,6979080,32,2025-02-03,2025,6,11719,76,15,167.916,1.089,0.215
2024/2025,Jigawa,NW,sahel,6979080,33,2025-02-10,2025,7,2953,27,4,42.312,0.387,0.057
2024/2025,Jigawa,NW,sahel,6979080,34,2025-02-17,2025,8,185,6,0,2.651,0.086,0.0
2024/2025,Jigawa,NW,sahel,6979080,35,2025-02-24,2025,9,405,4,2,5.803,0.057,0.029
2024/2025,Jigawa,NW,sahel,6979080,36,2025-03-03,2025,10,252,8,0,3.611,0.115,0.0
2024/2025,Jigawa,NW,sahel,6979080,37,2025-03-10,2025,11,338,1,0,4.843,0.014,0.0
2024/2025,Jigawa,NW,sahel,6979080,38,2025-03-17,2025,12,367,3,1,5.259,0.043,0.014
2024/2025,Jigawa,NW,sahel,6979080,39,2025-03-24,2025,13,232,6,0,3.324,0.086,0.0
2024/2025,Jigawa,NW,sahel,6979080,40,2025-03-31,2025,14,112,2,1,1.605,0.029,0.014
2024/2025,Jigawa,NW,sahel,6979080,41,2025-04-07,2025,15,380,1,0,5.445,0.014,0.0
2024/2025,Jigawa,NW,sahel,6979080,42,2025-04-14,2025,16,289,9,0,4.141,0.129,0.0
2024/2025,Jigawa,NW,sahel,6979080,43,2025-04-21,2025,17,258,2,0,3.697,0.029,0.0
2024/2025,Jigawa,NW,sahel,6979080,44,2025-04-28,2025,18,301,3,0,4.313,0.043,0.0
2024/2025,Jigawa,NW,sahel,6979080,45,2025-05-05,2025,19,360,3,1,5.158,0.043,0.014
2024/2025,Jigawa,NW,sahel,6979080,46,2025-05-12,2025,20,323,5,3,4.628,0.072,0.043
2024/2025,Jigawa,NW,sahel,6979080,47,2025-05-19,2025,21,238,1,0,3.41,0.014,0.0
2024/2025,Jigawa,NW,sahel,6979080,48,2025-05-26,2025,22,286,3,0,4.098,0.043,0.0
2024/2025,Jigawa,NW,sahel,6979080,49,2025-06-02,2025,23,357,4,0,5.115,0.057,0.0
2024/2025,Jigawa,NW,sahel,6979080,50,2025-06-09,2025,24,361,7,0,5.173,0.1,0.0
2024/2025,Jigawa,NW,sahel,6979080,51,2025-06-16,2025,25,210,7,0,3.009,0.1,0.0
2024/2025,Jigawa,NW,sahel,6979080,52,2025-06-23,2025,26,247,5,1,3.539,0.072,0.014
2024/2025,Niger,NC,savanna,6720617,1,2024-07-01,2024,27,983,18,0,14.627,0.268,0.0
2024/2025,Niger,NC,savanna,6720617,2,2024-07-08,2024,28,291,2,0,4.33,0.03,0.0
2024/2025,Niger,NC,savanna,6720617,3,2024-07-15,2024,29,156,1,0,2.321,0.015,0.0
2024/2025,Niger,NC,savanna,6720617,4,2024-07-22,2024,30,402,2,0,5.982,0.03,0.0
2024/2025,Niger,NC,savanna,6720617,5,2024-07-29,2024,31,189,6,0,2.812,0.089,0.0
2024/2025,Niger,NC,savanna,6720617,6,2024-08-05,2024,32,189,4,0,2.812,0.06,0.0
2024/2025,Niger,NC,savanna,6720617,7,2024-08-12,2024,33,389,6,0,5.788,0.089,0.0
2024/2025,Niger,NC,savanna,6720617,8,2024-08-19,2024,34,201,3,0,2.991,0.045,0.0
2024/2025,Niger,NC,savanna,6720617,9,2024-08-26,2024,35,670,7,0,9.969,0.104,0.0
2024/2025,Niger,NC,savanna,6720617,10,2024-09-02,2024,36,673,9,2,10.014,0.134,0.03
2024/2025,Niger,NC,savanna,6720617,11,2024-09-09,2024,37,941,23,2,14.002,0.342,0.03
2024/2025,Niger,NC,savanna,6720617,12,2024-09-16,2024,38,4785,68,9,71.199,1.012,0.134
2024/2025,Niger,NC,savanna,6720617,13,2024-09-23,2024,39,9963,224,26,148.245,3.333,0.387
2024/2025,Niger,NC,savanna,6720617,14,2024-09-30,2024,40,42352,596,104,630.18,8.868,1.547
2024/2025,Niger,NC,savanna,6720617,15,2024-10-07,2024,41,104046,1441,123,1548.161,21.441,1.83
2024/2025,Niger,NC,savanna,6720617,16,2024-10-14,2024,42,162439,1994,223,2417.025,29.67,3.318
2024/2025,Niger,NC,savanna,6720617,17,2024-10-21,2024,43,115766,1370,123,1722.55,20.385,1.83
2024/2025,Niger,NC,savanna,6720617,18,2024-10-28,2024,44,53713,831,79,799.227,12.365,1.175
2024/2025,Niger,NC,savanna,6720617,19,2024-11-04,2024,45,19061,321,41,283.62,4.776,0.61
2024/2025,Niger,NC,savanna,6720617,20,2024-11-11,2024,46,5894,55,5,87.7,0.818,0.074
2024/2025,Niger,NC,savanna,6720617,21,2024-11-18,2024,47,976,9,2,14.522,0.134,0.03
2024/2025,Niger,NC,savanna,6720617,22,2024-11-25,2024,48,1176,10,0,17.498,0.149,0.0
2024/2025,Niger,NC,savanna,6720617,23,2024-12-02,2024,49,612,35,2,9.106,0.521,0.03
2024/2025,Niger,NC,savanna,6720617,24,2024-12-09,2024,50,2670,29,4,39.728,0.432,0.06
2024/2025,Niger,NC,savanna,6720617,25,2024-12-16,2024,51,3169,38,15,47.153,0.565,0.223
2024/2025,Niger,NC,savanna,6720617,26,2024-12-23,2024,52,11410,233,24,169.776,3.467,0.357
2024/2025,Niger,NC,savanna,6720617,27,2024-12-30,2025,1,46324,758,60,689.282,11.279,0.893
2024/2025,Niger,NC,savanna,6720617,28,2025-01-06,2025,2,78344,1307,98,1165.726,19.448,1.458
2024/2025,Niger,NC,savanna,6720617,29,2025-01-13,2025,3,152407,2046,87,2267.753,30.444,1.295
2024/2025,Niger,NC,savanna,6720617,30,2025-01-20,2025,4,90099,470,148,1340.636,6.993,2.202
2024/2025,Niger,NC,savanna,6720617,31,2025-01-27,2025,5,29670,258,35,441.477,3.839,0.521
2024/2025,Niger,NC,savanna,6720617,32,2025-02-03,2025,6,7925,142,10,117.921,2.113,0.149
2024/2025,Niger,NC,savanna,6720617,33,2025-02-10,2025,7,1321,16,1,19.656,0.238,0.015
2024/2025,Niger,NC,savanna,6720617,34,2025-02-17,2025,8,369,12,0,5.491,0.179,0.0
2024/2025,Niger,NC,savanna,6720617,35,2025-02-24,2025,9,276,3,1,4.107,0.045,0.015
2024/2025,Niger,NC,savanna,6720617,36,2025-03-03,2025,10,299,2,0,4.449,0.03,0.0
2024/2025,Niger,NC,savanna,6720617,37,2025-03-10,2025,11,213,3,0,3.169,0.045,0.0
2024/2025,Niger,NC,savanna,6720617,38,2025-03-17,2025,12,327,3,1,4.866,0.045,0.015
2024/2025,Niger,NC,savanna,6720617,39,2025-03-24,2025,13,156,5,1,2.321,0.074,0.015
2024/2025,Niger,NC,savanna,6720617,40,2025-03-31,2025,14,184,2,0,2.738,0.03,0.0
2024/2025,Niger,NC,savanna,6720617,41,2025-04-07,2025,15,271,1,0,4.032,0.015,0.0
2024/2025,Niger,NC,savanna,6720617,42,2025-04-14,2025,16,169,2,0,2.515,0.03,0.0
2024/2025,Niger,NC,savanna,6720617,43,2025-04-21,2025,17,255,3,1,3.794,0.045,0.015
2024/2025,Niger,NC,savanna,6720617,44,2025-04-28,2025,18,282,6,2,4.196,0.089,0.03
2024/2025,Niger,NC,savanna,6720617,45,2025-05-05,2025,19,402,4,0,5.982,0.06,0.0
2024/2025,Niger,NC,savanna,6720617,46,2025-05-12,2025,20,93,7,1,1.384,0.104,0.015
2024/2025,Niger,NC,savanna,6720617,47,2025-05-19,2025,21,333,4,1,4.955,0.06,0.015
2024/2025,Niger,NC,savanna,6720617,48,2025-05-26,2025,22,237,3,1,3.526,0.045,0.015
2024/2025,Niger,NC,savanna,6720617,49,2025-06-02,2025,23,338,5,0,5.029,0.074,0.0
2024/2025,Niger,NC,savanna,6720617,50,2025-06-09,2025,24,286,6,0,4.256,0.089,0.0
2024/2025,Niger,NC,savanna,6720617,51,2025-06-16,2025,25,268,3,1,3.988,0.045,0.015
2024/2025,Niger,NC,savanna,6720617,52,2025-06-23,2025,26,102,5,0,1.518,0.074,0.0
2024/2025,Benue,NC,savanna,6687706,1,2024-07-01,2024,27,979,15,0,14.639,0.224,0.0
2024/2025,Benue,NC,savanna,6687706,2,2024-07-08,2024,28,250,2,0,3.738,0.03,0.0
2024/2025,Benue,NC,savanna,6687706,3,2024-07-15,2024,29,243,3,0,3.634,0.045,0.0
2024/2025,Benue,NC,savanna,6687706,4,2024-07-22,2024,30,316,3,1,4.725,0.045,0.015
2024/2025,Benue,NC,savanna,6687706,5,2024-07-29,2024,31,360,7,0,5.383,0.105,0.0
2024/2025,Benue,NC,savanna,6687706,6,2024-08-05,2024,32,232,3,1,3.469,0.045,0.015
2024/2025,Benue,NC,savanna,6687706,7,2024-08-12,2024,33,237,7,0,3.544,0.105,0.0
2024/2025,Benue,NC,savanna,6687706,8,2024-08-19,2024,34,189,11,0,2.826,0.164,0.0
2024/2025,Benue,NC,savanna,6687706,9,2024-08-26,2024,35,356,7,0,5.323,0.105,0.0
2024/2025,Benue,NC,savanna,6687706,10,2024-09-02,2024,36,828,14,1,12.381,0.209,0.015
2024/2025,Benue,NC,savanna,6687706,11,2024-09-09,2024,37,1190,28,6,17.794,0.419,0.09
2024/2025,Benue,NC,savanna,6687706,12,2024-09-16,2024,38,2951,116,10,44.126,1.735,0.15
2024/2025,Benue,NC,savanna,6687706,13,2024-09-23,2024,39,14467,183,34,216.322,2.736,0.508
2024/2025,Benue,NC,savanna,6687706,14,2024-09-30,2024,40,45395,526,55,678.783,7.865,0.822
2024/2025,Benue,NC,savanna,6687706,15,2024-10-07,2024,41,72847,1366,198,1089.267,20.426,2.961
2024/2025,Benue,NC,savanna,6687706,16,2024-10-14,2024,42,149290,1806,211,2232.305,27.005,3.155
2024/2025,Benue,NC,savanna,6687706,17,2024-10-21,2024,43,143087,2537,127,2139.553,37.935,1.899
2024/2025,Benue,NC,savanna,6687706,18,2024-10-28,2024,44,78117,731,102,1168.069,10.931,1.525
2024/2025,Benue,NC,savanna,6687706,19,2024-11-04,2024,45,30873,316,16,461.638,4.725,0.239
2024/2025,Benue,NC,savanna,6687706,20,2024-11-11,2024,46,4492,41,5,67.168,0.613,0.075
2024/2025,Benue,NC,savanna,6687706,21,2024-11-18,2024,47,485,8,0,7.252,0.12,0.0
2024/2025,Benue,NC,savanna,6687706,22,2024-11-25,2024,48,937,7,0,14.011,0.105,0.0
2024/2025,Benue,NC,savanna,6687706,23,2024-12-02,2024,49,1588,19,3,23.745,0.284,0.045
2024/2025,Benue,NC,savanna,6687706,24,2024-12-09,2024,50,1661,41,9,24.837,0.613,0.135
2024/2025,Benue,NC,savanna,6687706,25,2024-12-16,2024,51,6128,57,10,91.631,0.852,0.15
2024/2025,Benue,NC,savanna,6687706,26,2024-12-23,2024,52,17569,123,19,262.706,1.839,0.284
2024/2025,Benue,NC,savanna,6687706,27,2024-12-30,2025,1,49603,494,85,741.704,7.387,1.271
2024/2025,Benue,NC,savanna,6687706,28,2025-01-06,2025,2,90804,1160,112,1357.775,17.345,1.675
2024/2025,Benue,NC,savanna,6687706,29,2025-01-13,2025,3,94050,1332,148,1406.312,19.917,2.213
2024/2025,Benue,NC,savanna,6687706,30,2025-01-20,2025,4,100297,1035,113,1499.722,15.476,1.69
2024/2025,Benue,NC,savanna,6687706,31,2025-01-27,2025,5,29822,535,49,445.923,8.0,0.733
2024/2025,Benue,NC,savanna,6687706,32,2025-02-03,2025,6,4589,74,12,68.618,1.107,0.179
2024/2025,Benue,NC,savanna,6687706,33,2025-02-10,2025,7,1484,16,2,22.19,0.239,0.03
2024/2025,Benue,NC,savanna,6687706,34,2025-02-17,2025,8,283,6,0,4.232,0.09,0.0
2024/2025,Benue,NC,savanna,6687706,35,2025-02-24,2025,9,251,3,0,3.753,0.045,0.0
2024/2025,Benue,NC,savanna,6687706,36,2025-03-03,2025,10,170,7,0,2.542,0.105,0.0
2024/2025,Benue,NC,savanna,6687706,37,2025-03-10,2025,11,220,3,0,3.29,0.045,0.0
2024/2025,Benue,NC,savanna,6687706,38,2025-03-17,2025,12,333,7,0,4.979,0.105,0.0
2024/2025,Benue,NC,savanna,6687706,39,2025-03-24,2025,13,264,4,0,3.948,0.06,0.0
2024/2025,Benue,NC,savanna,6687706,40,2025-03-31,2025,14,126,3,4,1.884,0.045,0.06
2024/2025,Benue,NC,savanna,6687706,41,2025-04-07,2025,15,238,4,0,3.559,0.06,0.0
2024/2025,Benue,NC,savanna,6687706,42,2025-04-14,2025,16,409,6,1,6.116,0.09,0.015
2024/2025,Benue,NC,savanna,6687706,43,2025-04-21,2025,17,171,5,0,2.557,0.075,0.0
2024/2025,Benue,NC,savanna,6687706,44,2025-04-28,2025,18,251,2,0,3.753,0.03,0.0
2024/2025,Benue,NC,savanna,6687706,45,2025-05-05,2025,19,151,4,0,2.258,0.06,0.0
2024/2025,Benue,NC,savanna,6687706,46,2025-05-12,2025,20,169,4,1,2.527,0.06,0.015
2024/2025,Benue,NC,savanna,6687706,47,2025-05-19,2025,21,230,2,0,3.439,0.03,0.0
2024/2025,Benue,NC,savanna,6687706,48,2025-05-26,2025,22,296,6,0,4.426,0.09,0.0
2024/2025,Benue,NC,savanna,6687706,49,2025-06-02,2025,23,144,8,0,2.153,0.12,0.0
2024/2025,Benue,NC,savanna,6687706,50,2025-06-09,2025,24,264,4,0,3.948,0.06,0.0
2024/2025,Benue,NC,savanna,6687706,51,2025-06-16,2025,25,185,6,1,2.766,0.09,0.015
2024/2025,Benue,NC,savanna,6687706,52,2025-06-23,2025,26,242,2,1,3.619,0.03,0.015
2024/2025,Borno,NE,sahel,6651590,1,2024-07-01,2024,27,872,15,0,13.11,0.226,0.0
2024/2025,Borno,NE,sahel,6651590,2,2024-07-08,2024,28,328,2,1,4.931,0.03,0.015
2024/2025,Borno,NE,sahel,6651590,3,2024-07-15,2024,29,157,2,1,2.36,0.03,0.015
2024/2025,Borno,NE,sahel,6651590,4,2024-07-22,2024,30,256,3,0,3.849,0.045,0.0
2024/2025,Borno,NE,sahel,6651590,5,2024-07-29,2024,31,366,3,1,5.502,0.045,0.015
2024/2025,Borno,NE,sahel,6651590,6,2024-08-05,2024,32,202,6,0,3.037,0.09,0.0
2024/2025,Borno,NE,sahel,6651590,7,2024-08-12,2024,33,235,10,0,3.533,0.15,0.0
2024/2025,Borno,NE,sahel,6651590,8,2024-08-19,2024,34,209,4,1,3.142,0.06,0.015
2024/2025,Borno,NE,sahel,6651590,9,2024-08-26,2024,35,528,8,0,7.938,0.12,0.0
2024/2025,Borno,NE,sahel,6651590,10,2024-09-02,2024,36,479,5,1,7.201,0.075,0.015
2024/2025,Borno,NE,sahel,6651590,11,2024-09-09,2024,37,453,6,0,6.81,0.09,0.0
2024/2025,Borno,NE,sahel,6651590,12,2024-09-16,2024,38,973,7,2,14.628,0.105,0.03
2024/2025,Borno,NE,sahel,6651590,13,2024-09-23,2024,39,3035,28,4,45.628,0.421,0.06
2024/2025,Borno,NE,sahel,6651590,14,2024-09-30,2024,40,10821,73,18,162.683,1.097,0.271
2024/2025,Borno,NE,sahel,6651590,15,2024-10-07,2024,41,27957,167,48,420.306,2.511,0.722
2024/2025,Borno,NE,sahel,6651590,16,2024-10-14,2024,42,65346,649,96,982.412,9.757,1.443
2024/2025,Borno,NE,sahel,6651590,17,2024-10-21,2024,43,95907,655,361,1441.866,9.847,5.427
2024/2025,Borno,NE,sahel,6651590,18,2024-10-28,2024,44,156364,1428,219,2350.776,21.469,3.292
2024/2025,Borno,NE,sahel,6651590,19,2024-11-04,2024,45,123376,854,161,1854.835,12.839,2.42
2024/2025,Borno,NE,sahel,6651590,20,2024-11-11,2024,46,35236,436,82,529.738,6.555,1.233
2024/2025,Borno,NE,sahel,6651590,21,2024-11-18,2024,47,7689,130,15,115.596,1.954,0.226
2024/2025,Borno,NE,sahel,6651590,22,2024-11-25,2024,48,2288,16,5,34.398,0.241,0.075
2024/2025,Borno,NE,sahel,6651590,23,2024-12-02,2024,49,1085,24,1,16.312,0.361,0.015
2024/2025,Borno,NE,sahel,6651590,24,2024-12-09,2024,50,2875,22,6,43.223,0.331,0.09
2024/2025,Borno,NE,sahel,6651590,25,2024-12-16,2024,51,10163,78,5,152.791,1.173,0.075
2024/2025,Borno,NE,sahel,6651590,26,2024-12-23,2024,52,22286,113,45,335.048,1.699,0.677
2024/2025,Borno,NE,sahel,6651590,27,2024-12-30,2025,1,30240,852,59,454.628,12.809,0.887
2024/2025,Borno,NE,sahel,6651590,28,2025-01-06,2025,2,50652,693,110,761.502,10.419,1.654
2024/2025,Borno,NE,sahel,6651590,29,2025-01-13,2025,3,62031,1191,171,932.574,17.905,2.571
2024/2025,Borno,NE,sahel,6651590,30,2025-01-20,2025,4,93846,1021,194,1410.881,15.35,2.917
2024/2025,Borno,NE,sahel,6651590,31,2025-01-27,2025,5,43378,465,66,652.145,6.991,0.992
2024/2025,Borno,NE,sahel,6651590,32,2025-02-03,2025,6,8787,49,7,132.104,0.737,0.105
2024/2025,Borno,NE,sahel,6651590,33,2025-02-10,2025,7,2541,36,3,38.201,0.541,0.045
2024/2025,Borno,NE,sahel,6651590,34,2025-02-17,2025,8,559,6,3,8.404,0.09,0.045
2024/2025,Borno,NE,sahel,6651590,35,2025-02-24,2025,9,137,2,0,2.06,0.03,0.0
2024/2025,Borno,NE,sahel,6651590,36,2025-03-03,2025,10,494,4,0,7.427,0.06,0.0
2024/2025,Borno,NE,sahel,6651590,37,2025-03-10,2025,11,308,2,0,4.63,0.03,0.0
2024/2025,Borno,NE,sahel,6651590,38,2025-03-17,2025,12,292,4,0,4.39,0.06,0.0
2024/2025,Borno,NE,sahel,6651590,39,2025-03-24,2025,13,225,5,2,3.383,0.075,0.03
2024/2025,Borno,NE,sahel,6651590,40,2025-03-31,2025,14,212,5,0,3.187,0.075,0.0
2024/2025,Borno,NE,sahel,6651590,41,2025-04-07,2025,15,151,0,0,2.27,0.0,0.0
2024/2025,Borno,NE,sahel,6651590,42,2025-04-14,2025,16,274,4,0,4.119,0.06,0.0
2024/2025,Borno,NE,sahel,6651590,43,2025-04-21,2025,17,219,1,1,3.292,0.015,0.015
2024/2025,Borno,NE,sahel,6651590,44,2025-04-28,2025,18,369,4,0,5.548,0.06,0.0
2024/2025,Borno,NE,sahel,6651590,45,2025-05-05,2025,19,292,2,1,4.39,0.03,0.015
2024/2025,Borno,NE,sahel,6651590,46,2025-05-12,2025,20,328,5,0,4.931,0.075,0.0
2024/2025,Borno,NE,sahel,6651590,47,2025-05-19,2025,21,225,6,0,3.383,0.09,0.0
2024/2025,Borno,NE,sahel,6651590,48,2025-05-26,2025,22,387,3,1,5.818,0.045,0.015
2024/2025,Borno,NE,sahel,6651590,49,2025-06-02,2025,23,356,4,0,5.352,0.06,0.0
2024/2025,Borno,NE,sahel,6651590,50,2025-06-09,2025,24,270,1,0,4.059,0.015,0.0
2024/2025,Borno,NE,sahel,6651590,51,2025-06-16,2025,25,276,4,0,4.149,0.06,0.0
2024/2025,Borno,NE,sahel,6651590,52,2025-06-23,2025,26,182,8,1,2.736,0.12,0.015
2024/2025,Ogun,SW,tropical,6445275,1,2024-07-01,2024,27,842,8,1,13.064,0.124,0.016
2024/2025,Ogun,SW,tropical,6445275,2,2024-07-08,2024,28,199,2,0,3.088,0.031,0.0
2024/2025,Ogun,SW,tropical,6445275,3,2024-07-15,2024,29,252,1,0,3.91,0.016,0.0
2024/2025,Ogun,SW,tropical,6445275,4,2024-07-22,2024,30,165,3,0,2.56,0.047,0.0
2024/2025,Ogun,SW,tropical,6445275,5,2024-07-29,2024,31,214,4,2,3.32,0.062,0.031
2024/2025,Ogun,SW,tropical,6445275,6,2024-08-05,2024,32,286,5,0,4.437,0.078,0.0
2024/2025,Ogun,SW,tropical,6445275,7,2024-08-12,2024,33,200,5,0,3.103,0.078,0.0
2024/2025,Ogun,SW,tropical,6445275,8,2024-08-19,2024,34,480,7,0,7.447,0.109,0.0
2024/2025,Ogun,SW,tropical,6445275,9,2024-08-26,2024,35,813,17,1,12.614,0.264,0.016
2024/2025,Ogun,SW,tropical,6445275,10,2024-09-02,2024,36,1225,35,2,19.006,0.543,0.031
2024/2025,Ogun,SW,tropical,6445275,11,2024-09-09,2024,37,2465,100,5,38.245,1.552,0.078
2024/2025,Ogun,SW,tropical,6445275,12,2024-09-16,2024,38,14251,374,12,221.108,5.803,0.186
2024/2025,Ogun,SW,tropical,6445275,13,2024-09-23,2024,39,42239,637,64,655.348,9.883,0.993
2024/2025,Ogun,SW,tropical,6445275,14,2024-09-30,2024,40,156165,2100,127,2422.938,32.582,1.97
2024/2025,Ogun,SW,tropical,6445275,15,2024-10-07,2024,41,275308,2922,214,4271.47,45.336,3.32
2024/2025,Ogun,SW,tropical,6445275,16,2024-10-14,2024,42,168757,2392,220,2618.306,37.112,3.413
2024/2025,Ogun,SW,tropical,6445275,17,2024-10-21,2024,43,100218,1938,76,1554.907,30.069,1.179
2024/2025,Ogun,SW,tropical,6445275,18,2024-10-28,2024,44,22117,366,18,343.151,5.679,0.279
2024/2025,Ogun,SW,tropical,6445275,19,2024-11-04,2024,45,2716,75,1,42.139,1.164,0.016
2024/2025,Ogun,SW,tropical,6445275,20,2024-11-11,2024,46,570,16,1,8.844,0.248,0.016
2024/2025,Ogun,SW,tropical,6445275,21,2024-11-18,2024,47,278,3,0,4.313,0.047,0.0
2024/2025,Ogun,SW,tropical,6445275,22,2024-11-25,2024,48,421,5,0,6.532,0.078,0.0
2024/2025,Ogun,SW,tropical,6445275,23,2024-12-02,2024,49,951,15,0,14.755,0.233,0.0
2024/2025,Ogun,SW,tropical,6445275,24,2024-12-09,2024,50,1570,29,4,24.359,0.45,0.062
2024/2025,Ogun,SW,tropical,6445275,25,2024-12-16,2024,51,6030,67,8,93.557,1.04,0.124
2024/2025,Ogun,SW,tropical,6445275,26,2024-12-23,2024,52,5797,156,24,89.942,2.42,0.372
2024/2025,Ogun,SW,tropical,6445275,27,2024-12-30,2025,1,29996,210,38,465.395,3.258,0.59
2024/2025,Ogun,SW,tropical,6445275,28,2025-01-06,2025,2,36302,930,43,563.234,14.429,0.667
2024/2025,Ogun,SW,tropical,6445275,29,2025-01-13,2025,3,31918,763,62,495.215,11.838,0.962
2024/2025,Ogun,SW,tropical,6445275,30,2025-01-20,2025,4,32991,910,48,511.863,14.119,0.745
2024/2025,Ogun,SW,tropical,6445275,31,2025-01-27,2025,5,21752,179,28,337.488,2.777,0.434
2024/2025,Ogun,SW,tropical,6445275,32,2025-02-03,2025,6,5298,69,6,82.2,1.071,0.093
2024/2025,Ogun,SW,tropical,6445275,33,2025-02-10,2025,7,519,20,2,8.052,0.31,0.031
2024/2025,Ogun,SW,tropical,6445275,34,2025-02-17,2025,8,160,1,0,2.482,0.016,0.0
2024/2025,Ogun,SW,tropical,6445275,35,2025-02-24,2025,9,223,8,0,3.46,0.124,0.0
2024/2025,Ogun,SW,tropical,6445275,36,2025-03-03,2025,10,186,3,0,2.886,0.047,0.0
2024/2025,Ogun,SW,tropical,6445275,37,2025-03-10,2025,11,157,2,1,2.436,0.031,0.016
2024/2025,Ogun,SW,tropical,6445275,38,2025-03-17,2025,12,192,2,0,2.979,0.031,0.0
2024/2025,Ogun,SW,tropical,6445275,39,2025-03-24,2025,13,164,4,0,2.544,0.062,0.0
2024/2025,Ogun,SW,tropical,6445275,40,2025-03-31,2025,14,194,1,0,3.01,0.016,0.0
2024/2025,Ogun,SW,tropical,6445275,41,2025-04-07,2025,15,188,5,1,2.917,0.078,0.016
2024/2025,Ogun,SW,tropical,6445275,42,2025-04-14,2025,16,237,1,1,3.677,0.016,0.016
2024/2025,Ogun,SW,tropical,6445275,43,2025-04-21,2025,17,127,2,0,1.97,0.031,0.0
2024/2025,Ogun,SW,tropical,6445275,44,2025-04-28,2025,18,109,5,0,1.691,0.078,0.0
2024/2025,Ogun,SW,tropical,6445275,45,2025-05-05,2025,19,229,2,0,3.553,0.031,0.0
2024/2025,Ogun,SW,tropical,6445275,46,2025-05-12,2025,20,162,4,0,2.513,0.062,0.0
2024/2025,Ogun,SW,tropical,6445275,47,2025-05-19,2025,21,104,2,0,1.614,0.031,0.0
2024/2025,Ogun,SW,tropical,6445275,48,2025-05-26,2025,22,176,3,0,2.731,0.047,0.0
2024/2025,Ogun,SW,tropical,6445275,49,2025-06-02,2025,23,148,2,0,2.296,0.031,0.0
2024/2025,Ogun,SW,tropical,6445275,50,2025-06-09,2025,24,218,1,0,3.382,0.016,0.0
2024/2025,Ogun,SW,tropical,6445275,51,2025-06-16,2025,25,217,1,0,3.367,0.016,0.0
2024/2025,Ogun,SW,tropical,6445275,52,2025-06-23,2025,26,214,5,0,3.32,0.078,0.0
2024/2025,Sokoto,NW,sahel,6163187,1,2024-07-01,2024,27,1131,9,6,18.351,0.146,0.097
2024/2025,Sokoto,NW,sahel,6163187,2,2024-07-08,2024,28,394,3,0,6.393,0.049,0.0
2024/2025,Sokoto,NW,sahel,6163187,3,2024-07-15,2024,29,499,4,0,8.096,0.065,0.0
2024/2025,Sokoto,NW,sahel,6163187,4,2024-07-22,2024,30,266,6,0,4.316,0.097,0.0
2024/2025,Sokoto,NW,sahel,6163187,5,2024-07-29,2024,31,223,1,0,3.618,0.016,0.0
2024/2025,Sokoto,NW,sahel,6163187,6,2024-08-05,2024,32,229,3,1,3.716,0.049,0.016
2024/2025,Sokoto,NW,sahel,6163187,7,2024-08-12,2024,33,217,3,2,3.521,0.049,0.032
2024/2025,Sokoto,NW,sahel,6163187,8,2024-08-19,2024,34,367,1,0,5.955,0.016,0.0
2024/2025,Sokoto,NW,sahel,6163187,9,2024-08-26,2024,35,248,2,1,4.024,0.032,0.016
2024/2025,Sokoto,NW,sahel,6163187,10,2024-09-02,2024,36,310,7,0,5.03,0.114,0.0
2024/2025,Sokoto,NW,sahel,6163187,11,2024-09-09,2024,37,414,8,0,6.717,0.13,0.0
2024/2025,Sokoto,NW,sahel,6163187,12,2024-09-16,2024,38,1229,16,2,19.941,0.26,0.032
2024/2025,Sokoto,NW,sahel,6163187,13,2024-09-23,2024,39,1689,23,5,27.405,0.373,0.081
2024/2025,Sokoto,NW,sahel,6163187,14,2024-09-30,2024,40,6450,100,9,104.654,1.623,0.146
2024/2025,Sokoto,NW,sahel,6163187,15,2024-10-07,2024,41,13488,267,16,218.848,4.332,0.26
2024/2025,Sokoto,NW,sahel,6163187,16,2024-10-14,2024,42,59775,562,76,969.872,9.119,1.233
2024/2025,Sokoto,NW,sahel,6163187,17,2024-10-21,2024,43,101462,945,80,1646.259,15.333,1.298
2024/2025,Sokoto,NW,sahel,6163187,18,2024-10-28,2024,44,97941,1754,214,1589.129,28.459,3.472
2024/2025,Sokoto,NW,sahel,6163187,19,2024-11-04,2024,45,136477,1376,155,2214.39,22.326,2.515
2024/2025,Sokoto,NW,sahel,6163187,20,2024-11-11,2024,46,22447,326,85,364.211,5.289,1.379
2024/2025,Sokoto,NW,sahel,6163187,21,2024-11-18,2024,47,4704,70,11,76.324,1.136,0.178
2024/2025,Sokoto,NW,sahel,6163187,22,2024-11-25,2024,48,1182,19,1,19.178,0.308,0.016
2024/2025,Sokoto,NW,sahel,6163187,23,2024-12-02,2024,49,1040,9,1,16.874,0.146,0.016
2024/2025,Sokoto,NW,sahel,6163187,24,2024-12-09,2024,50,1545,31,7,25.068,0.503,0.114
2024/2025,Sokoto,NW,sahel,6163187,25,2024-12-16,2024,51,10107,85,9,163.99,1.379,0.146
2024/2025,Sokoto,NW,sahel,6163187,26,2024-12-23,2024,52,29641,268,25,480.936,4.348,0.406
2024/2025,Sokoto,NW,sahel,6163187,27,2024-12-30,2025,1,34934,926,42,566.817,15.025,0.681
2024/2025,Sokoto,NW,sahel,6163187,28,2025-01-06,2025,2,96197,1335,301,1560.832,21.661,4.884
2024/2025,Sokoto,NW,sahel,6163187,29,2025-01-13,2025,3,75000,853,189,1216.903,13.84,3.067
2024/2025,Sokoto,NW,sahel,6163187,30,2025-01-20,2025,4,41095,909,163,666.782,14.749,2.645
2024/2025,Sokoto,NW,sahel,6163187,31,2025-01-27,2025,5,27519,513,46,446.506,8.324,0.746
2024/2025,Sokoto,NW,sahel,6163187,32,2025-02-03,2025,6,11222,93,27,182.081,1.509,0.438
2024/2025,Sokoto,NW,sahel,6163187,33,2025-02-10,2025,7,1935,23,2,31.396,0.373,0.032
2024/2025,Sokoto,NW,sahel,6163187,34,2025-02-17,2025,8,383,2,0,6.214,0.032,0.0
2024/2025,Sokoto,NW,sahel,6163187,35,2025-02-24,2025,9,366,7,0,5.938,0.114,0.0
2024/2025,Sokoto,NW,sahel,6163187,36,2025-03-03,2025,10,202,3,0,3.278,0.049,0.0
2024/2025,Sokoto,NW,sahel,6163187,37,2025-03-10,2025,11,279,7,0,4.527,0.114,0.0
2024/2025,Sokoto,NW,sahel,6163187,38,2025-03-17,2025,12,356,4,0,5.776,0.065,0.0
2024/2025,Sokoto,NW,sahel,6163187,39,2025-03-24,2025,13,276,3,2,4.478,0.049,0.032
2024/2025,Sokoto,NW,sahel,6163187,40,2025-03-31,2025,14,398,2,0,6.458,0.032,0.0
2024/2025,Sokoto,NW,sahel,6163187,41,2025-04-07,2025,15,128,7,0,2.077,0.114,0.0
2024/2025,Sokoto,NW,sahel,6163187,42,2025-04-14,2025,16,259,7,1,4.202,0.114,0.016
2024/2025,Sokoto,NW,sahel,6163187,43,2025-04-21,2025,17,208,1,1,3.375,0.016,0.016
2024/2025,Sokoto,NW,sahel,6163187,44,2025-04-28,2025,18,239,8,0,3.878,0.13,0.0
2024/2025,Sokoto,NW,sahel,6163187,45,2025-05-05,2025,19,240,3,1,3.894,0.049,0.016
2024/2025,Sokoto,NW,sahel,6163187,46,2025-05-12,2025,20,223,7,2,3.618,0.114,0.032
2024/2025,Sokoto,NW,sahel,6163187,47,2025-05-19,2025,21,253,3,1,4.105,0.049,0.016
2024/2025,Sokoto,NW,sahel,6163187,48,2025-05-26,2025,22,189,5,2,3.067,0.081,0.032
2024/2025,Sokoto,NW,sahel,6163187,49,2025-06-02,2025,23,231,6,1,3.748,0.097,0.016
2024/2025,Sokoto,NW,sahel,6163187,50,2025-06-09,2025,24,261,1,0,4.235,0.016,0.0
2024/2025,Sokoto,NW,sahel,6163187,51,2025-06-16,2025,25,329,3,0,5.338,0.049,0.0
2024/2025,Sokoto,NW,sahel,6163187,52,2025-06-23,2025,26,359,4,2,5.825,0.065,0.032
2024/2025,Delta,SS,tropical,6107543,1,2024-07-01,2024,27,867,12,1,14.196,0.196,0.016
2024/2025,Delta,SS,tropical,6107543,2,2024-07-08,2024,28,212,3,0,3.471,0.049,0.0
2024/2025,Delta,SS,tropical,6107543,3,2024-07-15,2024,29,254,6,1,4.159,0.098,0.016
2024/2025,Delta,SS,tropical,6107543,4,2024-07-22,2024,30,214,5,0,3.504,0.082,0.0
2024/2025,Delta,SS,tropical,6107543,5,2024-07-29,2024,31,283,5,0,4.634,0.082,0.0
2024/2025,Delta,SS,tropical,6107543,6,2024-08-05,2024,32,225,2,0,3.684,0.033,0.0
2024/2025,Delta,SS,tropical,6107543,7,2024-08-12,2024,33,249,6,0,4.077,0.098,0.0
2024/2025,Delta,SS,tropical,6107543,8,2024-08-19,2024,34,317,6,0,5.19,0.098,0.0
2024/2025,Delta,SS,tropical,6107543,9,2024-08-26,2024,35,732,9,2,11.985,0.147,0.033
2024/2025,Delta,SS,tropical,6107543,10,2024-09-02,2024,36,1969,21,2,32.239,0.344,0.033
2024/2025,Delta,SS,tropical,6107543,11,2024-09-09,2024,37,4342,74,14,71.092,1.212,0.229
2024/2025,Delta,SS,tropical,6107543,12,2024-09-16,2024,38,13835,231,25,226.523,3.782,0.409
2024/2025,Delta,SS,tropical,6107543,13,2024-09-23,2024,39,37734,710,38,617.826,11.625,0.622
2024/2025,Delta,SS,tropical,6107543,14,2024-09-30,2024,40,93309,1544,99,1527.767,25.28,1.621
2024/2025,Delta,SS,tropical,6107543,15,2024-10-07,2024,41,151924,2322,152,2487.481,38.019,2.489
2024/2025,Delta,SS,tropical,6107543,16,2024-10-14,2024,42,233180,2151,148,3817.902,35.219,2.423
2024/2025,Delta,SS,tropical,6107543,17,2024-10-21,2024,43,100609,1036,71,1647.291,16.963,1.162
2024/2025,Delta,SS,tropical,6107543,18,2024-10-28,2024,44,21009,368,43,343.984,6.025,0.704
2024/2025,Delta,SS,tropical,6107543,19,2024-11-04,2024,45,3287,50,4,53.819,0.819,0.065
2024/2025,Delta,SS,tropical,6107543,20,2024-11-11,2024,46,737,10,0,12.067,0.164,0.0
2024/2025,Delta,SS,tropical,6107543,21,2024-11-18,2024,47,483,6,1,7.908,0.098,0.016
2024/2025,Delta,SS,tropical,6107543,22,2024-11-25,2024,48,403,5,0,6.598,0.082,0.0
2024/2025,Delta,SS,tropical,6107543,23,2024-12-02,2024,49,547,13,2,8.956,0.213,0.033
2024/2025,Delta,SS,tropical,6107543,24,2024-12-09,2024,50,850,24,2,13.917,0.393,0.033
2024/2025,Delta,SS,tropical,6107543,25,2024-12-16,2024,51,4710,68,5,77.118,1.113,0.082
2024/2025,Delta,SS,tropical,6107543,26,2024-12-23,2024,52,8227,128,11,134.702,2.096,0.18
2024/2025,Delta,SS,tropical,6107543,27,2024-12-30,2025,1,18267,383,22,299.089,6.271,0.36
2024/2025,Delta,SS,tropical,6107543,28,2025-01-06,2025,2,39848,956,34,652.439,15.653,0.557
2024/2025,Delta,SS,tropical,6107543,29,2025-01-13,2025,3,70435,1128,31,1153.246,18.469,0.508
2024/2025,Delta,SS,tropical,6107543,30,2025-01-20,2025,4,41216,612,41,674.838,10.02,0.671
2024/2025,Delta,SS,tropical,6107543,31,2025-01-27,2025,5,18927,191,14,309.895,3.127,0.229
2024/2025,Delta,SS,tropical,6107543,32,2025-02-03,2025,6,5716,44,7,93.589,0.72,0.115
2024/2025,Delta,SS,tropical,6107543,33,2025-02-10,2025,7,480,8,1,7.859,0.131,0.016
2024/2025,Delta,SS,tropical,6107543,34,2025-02-17,2025,8,306,2,1,5.01,0.033,0.016
2024/2025,Delta,SS,tropical,6107543,35,2025-02-24,2025,9,151,5,1,2.472,0.082,0.016
2024/2025,Delta,SS,tropical,6107543,36,2025-03-03,2025,10,235,1,0,3.848,0.016,0.0
2024/2025,Delta,SS,tropical,6107543,37,2025-03-10,2025,11,157,2,0,2.571,0.033,0.0
2024/2025,Delta,SS,tropical,6107543,38,2025-03-17,2025,12,85,0,0,1.392,0.0,0.0
2024/2025,Delta,SS,tropical,6107543,39,2025-03-24,2025,13,94,4,0,1.539,0.065,0.0
2024/2025,Delta,SS,tropical,6107543,40,2025-03-31,2025,14,102,8,0,1.67,0.131,0.0
2024/2025,Delta,SS,tropical,6107543,41,2025-04-07,2025,15,405,3,0,6.631,0.049,0.0
2024/2025,Delta,SS,tropical,6107543,42,2025-04-14,2025,16,217,5,0,3.553,0.082,0.0
2024/2025,Delta,SS,tropical,6107543,43,2025-04-21,2025,17,191,3,1,3.127,0.049,0.016
2024/2025,Delta,SS,tropical,6107543,44,2025-04-28,2025,18,118,4,0,1.932,0.065,0.0
2024/2025,Delta,SS,tropical,6107543,45,2025-05-05,2025,19,183,3,0,2.996,0.049,0.0
2024/2025,Delta,SS,tropical,6107543,46,2025-05-12,2025,20,151,3,0,2.472,0.049,0.0
2024/2025,Delta,SS,tropical,6107543,47,2025-05-19,2025,21,175,1,0,2.865,0.016,0.0
2024/2025,Delta,SS,tropical,6107543,48,2025-05-26,2025,22,214,2,0,3.504,0.033,0.0
2024/2025,Delta,SS,tropical,6107543,49,2025-06-02,2025,23,156,6,0,2.554,0.098,0.0
2024/2025,Delta,SS,tropical,6107543,50,2025-06-09,2025,24,186,2,0,3.045,0.033,0.0
2024/2025,Delta,SS,tropical,6107543,51,2025-06-16,2025,25,125,3,1,2.047,0.049,0.016
2024/2025,Delta,SS,tropical,6107543,52,2025-06-23,2025,26,213,3,0,3.487,0.049,0.0
2024/2025,Imo,SE,tropical,6067722,1,2024-07-01,2024,27,759,17,1,12.509,0.28,0.016
2024/2025,Imo,SE,tropical,6067722,2,2024-07-08,2024,28,268,4,0,4.417,0.066,0.0
2024/2025,Imo,SE,tropical,6067722,3,2024-07-15,2024,29,284,3,0,4.681,0.049,0.0
2024/2025,Imo,SE,tropical,6067722,4,2024-07-22,2024,30,108,2,0,1.78,0.033,0.0
2024/2025,Imo,SE,tropical,6067722,5,2024-07-29,2024,31,136,2,0,2.241,0.033,0.0
2024/2025,Imo,SE,tropical,6067722,6,2024-08-05,2024,32,112,2,0,1.846,0.033,0.0
2024/2025,Imo,SE,tropical,6067722,7,2024-08-12,2024,33,213,6,0,3.51,0.099,0.0
2024/2025,Imo,SE,tropical,6067722,8,2024-08-19,2024,34,252,7,1,4.153,0.115,0.016
2024/2025,Imo,SE,tropical,6067722,9,2024-08-26,2024,35,598,9,0,9.855,0.148,0.0
2024/2025,Imo,SE,tropical,6067722,10,2024-09-02,2024,36,2605,27,0,42.932,0.445,0.0
2024/2025,Imo,SE,tropical,6067722,11,2024-09-09,2024,37,5051,74,7,83.244,1.22,0.115
2024/2025,Imo,SE,tropical,6067722,12,2024-09-16,2024,38,11446,174,15,188.638,2.868,0.247
2024/2025,Imo,SE,tropical,6067722,13,2024-09-23,2024,39,41737,419,46,687.853,6.905,0.758
2024/2025,Imo,SE,tropical,6067722,14,2024-09-30,2024,40,140806,1867,106,2320.574,30.769,1.747
2024/2025,Imo,SE,tropical,6067722,15,2024-10-07,2024,41,190967,2671,226,3147.26,44.02,3.725
2024/2025,Imo,SE,tropical,6067722,16,2024-10-14,2024,42,224951,3478,205,3707.339,57.32,3.379
2024/2025,Imo,SE,tropical,6067722,17,2024-10-21,2024,43,91463,1654,76,1507.37,27.259,1.253
2024/2025,Imo,SE,tropical,6067722,18,2024-10-28,2024,44,25520,224,15,420.586,3.692,0.247
2024/2025,Imo,SE,tropical,6067722,19,2024-11-04,2024,45,3412,91,13,56.232,1.5,0.214
2024/2025,Imo,SE,tropical,6067722,20,2024-11-11,2024,46,718,6,1,11.833,0.099,0.016
2024/2025,Imo,SE,tropical,6067722,21,2024-11-18,2024,47,348,1,0,5.735,0.016,0.0
2024/2025,Imo,SE,tropical,6067722,22,2024-11-25,2024,48,443,8,0,7.301,0.132,0.0
2024/2025,Imo,SE,tropical,6067722,23,2024-12-02,2024,49,600,8,2,9.888,0.132,0.033
2024/2025,Imo,SE,tropical,6067722,24,2024-12-09,2024,50,1374,20,3,22.644,0.33,0.049
2024/2025,Imo,SE,tropical,6067722,25,2024-12-16,2024,51,2973,80,11,48.997,1.318,0.181
2024/2025,Imo,SE,tropical,6067722,26,2024-12-23,2024,52,12293,137,14,202.597,2.258,0.231
2024/2025,Imo,SE,tropical,6067722,27,2024-12-30,2025,1,15623,565,35,257.477,9.312,0.577
2024/2025,Imo,SE,tropical,6067722,28,2025-01-06,2025,2,33646,836,42,554.508,13.778,0.692
2024/2025,Imo,SE,tropical,6067722,29,2025-01-13,2025,3,78567,552,61,1294.835,9.097,1.005
2024/2025,Imo,SE,tropical,6067722,30,2025-01-20,2025,4,33759,541,39,556.37,8.916,0.643
2024/2025,Imo,SE,tropical,6067722,31,2025-01-27,2025,5,17578,397,27,289.697,6.543,0.445
2024/2025,Imo,SE,tropical,6067722,32,2025-02-03,2025,6,2851,42,6,46.986,0.692,0.099
2024/2025,Imo,SE,tropical,6067722,33,2025-02-10,2025,7,691,17,0,11.388,0.28,0.0
2024/2025,Imo,SE,tropical,6067722,34,2025-02-17,2025,8,254,3,1,4.186,0.049,0.016
2024/2025,Imo,SE,tropical,6067722,35,2025-02-24,2025,9,230,4,0,3.791,0.066,0.0
2024/2025,Imo,SE,tropical,6067722,36,2025-03-03,2025,10,253,5,0,4.17,0.082,0.0
2024/2025,Imo,SE,tropical,6067722,37,2025-03-10,2025,11,206,6,0,3.395,0.099,0.0
2024/2025,Imo,SE,tropical,6067722,38,2025-03-17,2025,12,132,3,1,2.175,0.049,0.016
2024/2025,Imo,SE,tropical,6067722,39,2025-03-24,2025,13,222,3,0,3.659,0.049,0.0
2024/2025,Imo,SE,tropical,6067722,40,2025-03-31,2025,14,111,0,0,1.829,0.0,0.0
2024/2025,Imo,SE,tropical,6067722,41,2025-04-07,2025,15,94,5,1,1.549,0.082,0.016
2024/2025,Imo,SE,tropical,6067722,42,2025-04-14,2025,16,116,4,0,1.912,0.066,0.0
2024/2025,Imo,SE,tropical,6067722,43,2025-04-21,2025,17,105,2,0,1.73,0.033,0.0
2024/2025,Imo,SE,tropical,6067722,44,2025-04-28,2025,18,289,8,0,4.763,0.132,0.0
2024/2025,Imo,SE,tropical,6067722,45,2025-05-05,2025,19,186,3,0,3.065,0.049,0.0
2024/2025,Imo,SE,tropical,6067722,46,2025-05-12,2025,20,196,4,0,3.23,0.066,0.0
2024/2025,Imo,SE,tropical,6067722,47,2025-05-19,2025,21,165,0,0,2.719,0.0,0.0
2024/2025,Imo,SE,tropical,6067722,48,2025-05-26,2025,22,202,1,0,3.329,0.016,0.0
2024/2025,Imo,SE,tropical,6067722,49,2025-06-02,2025,23,227,6,0,3.741,0.099,0.0
2024/2025,Imo,SE,tropical,6067722,50,2025-06-09,2025,24,274,5,0,4.516,0.082,0.0
2024/2025,Imo,SE,tropical,6067722,51,2025-06-16,2025,25,196,4,1,3.23,0.066,0.016
2024/2025,Imo,SE,tropical,6067722,52,2025-06-23,2025,26,163,6,1,2.686,0.099,0.016
2024/2025,Kebbi,NW,sahel,6001610,1,2024-07-01,2024,27,944,16,1,15.729,0.267,0.017
2024/2025,Kebbi,NW,sahel,6001610,2,2024-07-08,2024,28,361,6,0,6.015,0.1,0.0
2024/2025,Kebbi,NW,sahel,6001610,3,2024-07-15,2024,29,154,1,0,2.566,0.017,0.0
2024/2025,Kebbi,NW,sahel,6001610,4,2024-07-22,2024,30,354,3,2,5.898,0.05,0.033
2024/2025,Kebbi,NW,sahel,6001610,5,2024-07-29,2024,31,288,2,0,4.799,0.033,0.0
2024/2025,Kebbi,NW,sahel,6001610,6,2024-08-05,2024,32,234,3,0,3.899,0.05,0.0
2024/2025,Kebbi,NW,sahel,6001610,7,2024-08-12,2024,33,233,2,1,3.882,0.033,0.017
2024/2025,Kebbi,NW,sahel,6001610,8,2024-08-19,2024,34,264,1,1,4.399,0.017,0.017
2024/2025,Kebbi,NW,sahel,6001610,9,2024-08-26,2024,35,147,7,0,2.449,0.117,0.0
2024/2025,Kebbi,NW,sahel,6001610,10,2024-09-02,2024,36,309,6,1,5.149,0.1,0.017
2024/2025,Kebbi,NW,sahel,6001610,11,2024-09-09,2024,37,347,3,0,5.782,0.05,0.0
2024/2025,Kebbi,NW,sahel,6001610,12,2024-09-16,2024,38,976,4,2,16.262,0.067,0.033
2024/2025,Kebbi,NW,sahel,6001610,13,2024-09-23,2024,39,2613,19,1,43.538,0.317,0.017
2024/2025,Kebbi,NW,sahel,6001610,14,2024-09-30,2024,40,6038,76,8,100.606,1.266,0.133
2024/2025,Kebbi,NW,sahel,6001610,15,2024-10-07,2024,41,15144,282,35,252.332,4.699,0.583
2024/2025,Kebbi,NW,sahel,6001610,16,2024-10-14,2024,42,73965,1040,80,1232.419,17.329,1.333
2024/2025,Kebbi,NW,sahel,6001610,17,2024-10-21,2024,43,61077,1565,180,1017.677,26.076,2.999
2024/2025,Kebbi,NW,sahel,6001610,18,2024-10-28,2024,44,131620,1232,318,2193.078,20.528,5.299
2024/2025,Kebbi,NW,sahel,6001610,19,2024-11-04,2024,45,129775,1049,193,2162.336,17.479,3.216
2024/2025,Kebbi,NW,sahel,6001610,20,2024-11-11,2024,46,25004,302,118,416.622,5.032,1.966
2024/2025,Kebbi,NW,sahel,6001610,21,2024-11-18,2024,47,4820,67,7,80.312,1.116,0.117
2024/2025,Kebbi,NW,sahel,6001610,22,2024-11-25,2024,48,986,9,1,16.429,0.15,0.017
2024/2025,Kebbi,NW,sahel,6001610,23,2024-12-02,2024,49,904,11,0,15.063,0.183,0.0
2024/2025,Kebbi,NW,sahel,6001610,24,2024-12-09,2024,50,2416,25,4,40.256,0.417,0.067
2024/2025,Kebbi,NW,sahel,6001610,25,2024-12-16,2024,51,5209,84,7,86.793,1.4,0.117
2024/2025,Kebbi,NW,sahel,6001610,26,2024-12-23,2024,52,21094,207,38,351.472,3.449,0.633
2024/2025,Kebbi,NW,sahel,6001610,27,2024-12-30,2025,1,40486,817,139,674.586,13.613,2.316
2024/2025,Kebbi,NW,sahel,6001610,28,2025-01-06,2025,2,61713,1088,227,1028.274,18.128,3.782
2024/2025,Kebbi,NW,sahel,6001610,29,2025-01-13,2025,3,76033,1134,234,1266.877,18.895,3.899
2024/2025,Kebbi,NW,sahel,6001610,30,2025-01-20,2025,4,83563,1104,125,1392.343,18.395,2.083
2024/2025,Kebbi,NW,sahel,6001610,31,2025-01-27,2025,5,30188,409,66,502.998,6.815,1.1
2024/2025,Kebbi,NW,sahel,6001610,32,2025-02-03,2025,6,8443,117,26,140.679,1.949,0.433
2024/2025,Kebbi,NW,sahel,6001610,33,2025-02-10,2025,7,1790,15,3,29.825,0.25,0.05
2024/2025,Kebbi,NW,sahel,6001610,34,2025-02-17,2025,8,347,1,0,5.782,0.017,0.0
2024/2025,Kebbi,NW,sahel,6001610,35,2025-02-24,2025,9,271,9,0,4.515,0.15,0.0
2024/2025,Kebbi,NW,sahel,6001610,36,2025-03-03,2025,10,237,2,0,3.949,0.033,0.0
2024/2025,Kebbi,NW,sahel,6001610,37,2025-03-10,2025,11,281,2,0,4.682,0.033,0.0
2024/2025,Kebbi,NW,sahel,6001610,38,2025-03-17,2025,12,226,4,0,3.766,0.067,0.0
2024/2025,Kebbi,NW,sahel,6001610,39,2025-03-24,2025,13,221,0,0,3.682,0.0,0.0
2024/2025,Kebbi,NW,sahel,6001610,40,2025-03-31,2025,14,204,4,0,3.399,0.067,0.0
2024/2025,Kebbi,NW,sahel,6001610,41,2025-04-07,2025,15,215,6,2,3.582,0.1,0.033
2024/2025,Kebbi,NW,sahel,6001610,42,2025-04-14,2025,16,354,1,1,5.898,0.017,0.017
2024/2025,Kebbi,NW,sahel,6001610,43,2025-04-21,2025,17,223,3,0,3.716,0.05,0.0
2024/2025,Kebbi,NW,sahel,6001610,44,2025-04-28,2025,18,261,4,1,4.349,0.067,0.017
2024/2025,Kebbi,NW,sahel,6001610,45,2025-05-05,2025,19,250,2,0,4.166,0.033,0.0
2024/2025,Kebbi,NW,sahel,6001610,46,2025-05-12,2025,20,283,1,1,4.715,0.017,0.017
2024/2025,Kebbi,NW,sahel,6001610,47,2025-05-19,2025,21,272,3,0,4.532,0.05,0.0
2024/2025,Kebbi,NW,sahel,6001610,48,2025-05-26,2025,22,522,1,0,8.698,0.017,0.0
2024/2025,Kebbi,NW,sahel,6001610,49,2025-06-02,2025,23,296,2,1,4.932,0.033,0.017
2024/2025,Kebbi,NW,sahel,6001610,50,2025-06-09,2025,24,285,5,0,4.749,0.083,0.0
2024/2025,Kebbi,NW,sahel,6001610,51,2025-06-16,2025,25,167,6,0,2.783,0.1,0.0
2024/2025,Kebbi,NW,sahel,6001610,52,2025-06-23,2025,26,373,4,0,6.215,0.067,0.0
2024/2025,Akwa Ibom,SS,tropical,5780581,1,2024-07-01,2024,27,542,19,2,9.376,0.329,0.035
2024/2025,Akwa Ibom,SS,tropical,5780581,2,2024-07-08,2024,28,217,6,0,3.754,0.104,0.0
2024/2025,Akwa Ibom,SS,tropical,5780581,3,2024-07-15,2024,29,151,2,0,2.612,0.035,0.0
2024/2025,Akwa Ibom,SS,tropical,5780581,4,2024-07-22,2024,30,131,3,0,2.266,0.052,0.0
2024/2025,Akwa Ibom,SS,tropical,5780581,5,2024-07-29,2024,31,150,2,0,2.595,0.035,0.0
2024/2025,Akwa Ibom,SS,tropical,5780581,6,2024-08-05,2024,32,209,3,0,3.616,0.052,0.0
2024/2025,Akwa Ibom,SS,tropical,5780581,7,2024-08-12,2024,33,327,11,2,5.657,0.19,0.035
2024/2025,Akwa Ibom,SS,tropical,5780581,8,2024-08-19,2024,34,331,4,1,5.726,0.069,0.017
2024/2025,Akwa Ibom,SS,tropical,5780581,9,2024-08-26,2024,35,672,8,2,11.625,0.138,0.035
2024/2025,Akwa Ibom,SS,tropical,5780581,10,2024-09-02,2024,36,1955,48,1,33.82,0.83,0.017
2024/2025,Akwa Ibom,SS,tropical,5780581,11,2024-09-09,2024,37,4698,86,4,81.272,1.488,0.069
2024/2025,Akwa Ibom,SS,tropical,5780581,12,2024-09-16,2024,38,12283,251,15,212.487,4.342,0.259
2024/2025,Akwa Ibom,SS,tropical,5780581,13,2024-09-23,2024,39,66441,516,62,1149.383,8.926,1.073
2024/2025,Akwa Ibom,SS,tropical,5780581,14,2024-09-30,2024,40,121291,1550,102,2098.249,26.814,1.765
2024/2025,Akwa Ibom,SS,tropical,5780581,15,2024-10-07,2024,41,150885,2694,149,2610.205,46.604,2.578
2024/2025,Akwa Ibom,SS,tropical,5780581,16,2024-10-14,2024,42,114805,2848,356,1986.046,49.268,6.159
2024/2025,Akwa Ibom,SS,tropical,5780581,17,2024-10-21,2024,43,52827,927,57,913.87,16.036,0.986
2024/2025,Akwa Ibom,SS,tropical,5780581,18,2024-10-28,2024,44,29261,539,13,506.195,9.324,0.225
2024/2025,Akwa Ibom,SS,tropical,5780581,19,2024-11-04,2024,45,1271,49,3,21.987,0.848,0.052
2024/2025,Akwa Ibom,SS,tropical,5780581,20,2024-11-11,2024,46,354,9,0,6.124,0.156,0.0
2024/2025,Akwa Ibom,SS,tropical,5780581,21,2024-11-18,2024,47,356,4,0,6.159,0.069,0.0
2024/2025,Akwa Ibom,SS,tropical,5780581,22,2024-11-25,2024,48,467,5,1,8.079,0.086,0.017
2024/2025,Akwa Ibom,SS,tropical,5780581,23,2024-12-02,2024,49,802,10,0,13.874,0.173,0.0
2024/2025,Akwa Ibom,SS,tropical,5780581,24,2024-12-09,2024,50,1446,12,1,25.015,0.208,0.017
2024/2025,Akwa Ibom,SS,tropical,5780581,25,2024-12-16,2024,51,3425,62,2,59.25,1.073,0.035
2024/2025,Akwa Ibom,SS,tropical,5780581,26,2024-12-23,2024,52,10892,79,9,188.424,1.367,0.156
2024/2025,Akwa Ibom,SS,tropical,5780581,27,2024-12-30,2025,1,15170,292,43,262.43,5.051,0.744
2024/2025,Akwa Ibom,SS,tropical,5780581,28,2025-01-06,2025,2,46266,574,48,800.369,9.93,0.83
2024/2025,Akwa Ibom,SS,tropical,5780581,29,2025-01-13,2025,3,33698,719,54,582.952,12.438,0.934
2024/2025,Akwa Ibom,SS,tropical,5780581,30,2025-01-20,2025,4,34959,572,47,604.766,9.895,0.813
2024/2025,Akwa Ibom,SS,tropical,5780581,31,2025-01-27,2025,5,11537,286,15,199.582,4.948,0.259
2024/2025,Akwa Ibom,SS,tropical,5780581,32,2025-02-03,2025,6,4524,42,2,78.262,0.727,0.035
2024/2025,Akwa Ibom,SS,tropical,5780581,33,2025-02-10,2025,7,638,8,0,11.037,0.138,0.0
2024/2025,Akwa Ibom,SS,tropical,5780581,34,2025-02-17,2025,8,219,1,0,3.789,0.017,0.0
2024/2025,Akwa Ibom,SS,tropical,5780581,35,2025-02-24,2025,9,118,2,0,2.041,0.035,0.0
2024/2025,Akwa Ibom,SS,tropical,5780581,36,2025-03-03,2025,10,149,3,0,2.578,0.052,0.0
2024/2025,Akwa Ibom,SS,tropical,5780581,37,2025-03-10,2025,11,212,1,0,3.667,0.017,0.0
2024/2025,Akwa Ibom,SS,tropical,5780581,38,2025-03-17,2025,12,196,4,1,3.391,0.069,0.017
2024/2025,Akwa Ibom,SS,tropical,5780581,39,2025-03-24,2025,13,116,3,0,2.007,0.052,0.0
2024/2025,Akwa Ibom,SS,tropical,5780581,40,2025-03-31,2025,14,94,4,0,1.626,0.069,0.0
2024/2025,Akwa Ibom,SS,tropical,5780581,41,2025-04-07,2025,15,96,2,1,1.661,0.035,0.017
2024/2025,Akwa Ibom,SS,tropical,5780581,42,2025-04-14,2025,16,210,2,0,3.633,0.035,0.0
2024/2025,Akwa Ibom,SS,tropical,5780581,43,2025-04-21,2025,17,221,2,0,3.823,0.035,0.0
2024/2025,Akwa Ibom,SS,tropical,5780581,44,2025-04-28,2025,18,170,2,0,2.941,0.035,0.0
2024/2025,Akwa Ibom,SS,tropical,5780581,45,2025-05-05,2025,19,236,0,0,4.083,0.0,0.0
2024/2025,Akwa Ibom,SS,tropical,5780581,46,2025-05-12,2025,20,195,5,0,3.373,0.086,0.0
2024/2025,Akwa Ibom,SS,tropical,5780581,47,2025-05-19,2025,21,168,2,0,2.906,0.035,0.0
2024/2025,Akwa Ibom,SS,tropical,5780581,48,2025-05-26,2025,22,112,0,0,1.938,0.0,0.0
2024/2025,Akwa Ibom,SS,tropical,5780581,49,2025-06-02,2025,23,157,6,0,2.716,0.104,0.0
2024/2025,Akwa Ibom,SS,tropical,5780581,50,2025-06-09,2025,24,234,8,0,4.048,0.138,0.0
2024/2025,Akwa Ibom,SS,tropical,5780581,51,2025-06-16,2025,25,228,0,0,3.944,0.0,0.0
2024/2025,Akwa Ibom,SS,tropical,5780581,52,2025-06-23,2025,26,102,0,1,1.765,0.0,0.017
2024/2025,Edo,SS,tropical,5527810,1,2024-07-01,2024,27,673,9,0,12.175,0.163,0.0
2024/2025,Edo,SS,tropical,5527810,2,2024-07-08,2024,28,192,5,0,3.473,0.09,0.0
2024/2025,Edo,SS,tropical,5527810,3,2024-07-15,2024,29,176,1,1,3.184,0.018,0.018
2024/2025,Edo,SS,tropical,5527810,4,2024-07-22,2024,30,138,3,0,2.496,0.054,0.0
2024/2025,Edo,SS,tropical,5527810,5,2024-07-29,2024,31,210,2,0,3.799,0.036,0.0
2024/2025,Edo,SS,tropical,5527810,6,2024-08-05,2024,32,330,0,0,5.97,0.0,0.0
2024/2025,Edo,SS,tropical,5527810,7,2024-08-12,2024,33,225,6,0,4.07,0.109,0.0
2024/2025,Edo,SS,tropical,5527810,8,2024-08-19,2024,34,315,6,1,5.698,0.109,0.018
2024/2025,Edo,SS,tropical,5527810,9,2024-08-26,2024,35,486,13,0,8.792,0.235,0.0
2024/2025,Edo,SS,tropical,5527810,10,2024-09-02,2024,36,1619,20,3,29.288,0.362,0.054
2024/2025,Edo,SS,tropical,5527810,11,2024-09-09,2024,37,4333,76,3,78.385,1.375,0.054
2024/2025,Edo,SS,tropical,5527810,12,2024-09-16,2024,38,16507,173,8,298.617,3.13,0.145
2024/2025,Edo,SS,tropical,5527810,13,2024-09-23,2024,39,41656,1082,25,753.571,19.574,0.452
2024/2025,Edo,SS,tropical,5527810,14,2024-09-30,2024,40,92745,2248,122,1677.789,40.667,2.207
2024/2025,Edo,SS,tropical,5527810,15,2024-10-07,2024,41,181546,2807,174,3284.23,50.78,3.148
2024/2025,Edo,SS,tropical,5527810,16,2024-10-14,2024,42,127480,2294,206,2306.157,41.499,3.727
2024/2025,Edo,SS,tropical,5527810,17,2024-10-21,2024,43,69966,1263,35,1265.709,22.848,0.633
2024/2025,Edo,SS,tropical,5527810,18,2024-10-28,2024,44,30441,448,18,550.688,8.104,0.326
2024/2025,Edo,SS,tropical,5527810,19,2024-11-04,2024,45,4751,32,3,85.947,0.579,0.054
2024/2025,Edo,SS,tropical,5527810,20,2024-11-11,2024,46,706,13,0,12.772,0.235,0.0
2024/2025,Edo,SS,tropical,5527810,21,2024-11-18,2024,47,375,4,0,6.784,0.072,0.0
2024/2025,Edo,SS,tropical,5527810,22,2024-11-25,2024,48,233,5,1,4.215,0.09,0.018
2024/2025,Edo,SS,tropical,5527810,23,2024-12-02,2024,49,702,11,0,12.699,0.199,0.0
2024/2025,Edo,SS,tropical,5527810,24,2024-12-09,2024,50,1173,8,2,21.22,0.145,0.036
2024/2025,Edo,SS,tropical,5527810,25,2024-12-16,2024,51,4147,98,2,75.021,1.773,0.036
2024/2025,Edo,SS,tropical,5527810,26,2024-12-23,2024,52,8343,124,8,150.928,2.243,0.145
2024/2025,Edo,SS,tropical,5527810,27,2024-12-30,2025,1,25849,290,43,467.617,5.246,0.778
2024/2025,Edo,SS,tropical,5527810,28,2025-01-06,2025,2,43558,698,45,787.979,12.627,0.814
2024/2025,Edo,SS,tropical,5527810,29,2025-01-13,2025,3,66386,814,55,1200.946,14.726,0.995
2024/2025,Edo,SS,tropical,5527810,30,2025-01-20,2025,4,31252,528,30,565.36,9.552,0.543
2024/2025,Edo,SS,tropical,5527810,31,2025-01-27,2025,5,14410,288,20,260.682,5.21,0.362
2024/2025,Edo,SS,tropical,5527810,32,2025-02-03,2025,6,3398,37,2,61.471,0.669,0.036
2024/2025,Edo,SS,tropical,5527810,33,2025-02-10,2025,7,618,16,0,11.18,0.289,0.0
2024/2025,Edo,SS,tropical,5527810,34,2025-02-17,2025,8,163,3,1,2.949,0.054,0.018
2024/2025,Edo,SS,tropical,5527810,35,2025-02-24,2025,9,177,2,0,3.202,0.036,0.0
2024/2025,Edo,SS,tropical,5527810,36,2025-03-03,2025,10,172,2,0,3.112,0.036,0.0
2024/2025,Edo,SS,tropical,5527810,37,2025-03-10,2025,11,126,3,0,2.279,0.054,0.0
2024/2025,Edo,SS,tropical,5527810,38,2025-03-17,2025,12,166,2,0,3.003,0.036,0.0
2024/2025,Edo,SS,tropical,5527810,39,2025-03-24,2025,13,166,7,0,3.003,0.127,0.0
2024/2025,Edo,SS,tropical,5527810,40,2025-03-31,2025,14,142,2,0,2.569,0.036,0.0
2024/2025,Edo,SS,tropical,5527810,41,2025-04-07,2025,15,188,2,1,3.401,0.036,0.018
2024/2025,Edo,SS,tropical,5527810,42,2025-04-14,2025,16,185,2,0,3.347,0.036,0.0
2024/2025,Edo,SS,tropical,5527810,43,2025-04-21,2025,17,255,1,0,4.613,0.018,0.0
2024/2025,Edo,SS,tropical,5527810,44,2025-04-28,2025,18,164,5,1,2.967,0.09,0.018
2024/2025,Edo,SS,tropical,5527810,45,2025-05-05,2025,19,175,2,0,3.166,0.036,0.0
2024/2025,Edo,SS,tropical,5527810,46,2025-05-12,2025,20,117,3,0,2.117,0.054,0.0
2024/2025,Edo,SS,tropical,5527810,47,2025-05-19,2025,21,233,3,0,4.215,0.054,0.0
2024/2025,Edo,SS,tropical,5527810,48,2025-05-26,2025,22,130,5,0,2.352,0.09,0.0
2024/2025,Edo,SS,tropical,5527810,49,2025-06-02,2025,23,220,2,0,3.98,0.036,0.0
2024/2025,Edo,SS,tropical,5527810,50,2025-06-09,2025,24,110,3,0,1.99,0.054,0.0
2024/2025,Edo,SS,tropical,5527810,51,2025-06-16,2025,25,252,1,0,4.559,0.018,0.0
2024/2025,Edo,SS,tropical,5527810,52,2025-06-23,2025,26,129,4,0,2.334,0.072,0.0
2024/2025,Ondo,SW,tropical,5469707,1,2024-07-01,2024,27,829,7,1,15.156,0.128,0.018
2024/2025,Ondo,SW,tropical,5469707,2,2024-07-08,2024,28,170,4,0,3.108,0.073,0.0
2024/2025,Ondo,SW,tropical,5469707,3,2024-07-15,2024,29,198,4,0,3.62,0.073,0.0
2024/2025,Ondo,SW,tropical,5469707,4,2024-07-22,2024,30,97,2,0,1.773,0.037,0.0
2024/2025,Ondo,SW,tropical,5469707,5,2024-07-29,2024,31,204,2,1,3.73,0.037,0.018
2024/2025,Ondo,SW,tropical,5469707,6,2024-08-05,2024,32,141,5,0,2.578,0.091,0.0
2024/2025,Ondo,SW,tropical,5469707,7,2024-08-12,2024,33,229,1,0,4.187,0.018,0.0
2024/2025,Ondo,SW,tropical,5469707,8,2024-08-19,2024,34,333,6,0,6.088,0.11,0.0
2024/2025,Ondo,SW,tropical,5469707,9,2024-08-26,2024,35,807,8,0,14.754,0.146,0.0
2024/2025,Ondo,SW,tropical,5469707,10,2024-09-02,2024,36,2088,20,3,38.174,0.366,0.055
2024/2025,Ondo,SW,tropical,5469707,11,2024-09-09,2024,37,6723,71,3,122.913,1.298,0.055
2024/2025,Ondo,SW,tropical,5469707,12,2024-09-16,2024,38,14174,165,27,259.136,3.017,0.494
2024/2025,Ondo,SW,tropical,5469707,13,2024-09-23,2024,39,40809,617,80,746.091,11.28,1.463
2024/2025,Ondo,SW,tropical,5469707,14,2024-09-30,2024,40,74128,1862,117,1355.246,34.042,2.139
2024/2025,Ondo,SW,tropical,5469707,15,2024-10-07,2024,41,193379,2818,277,3535.454,51.52,5.064
2024/2025,Ondo,SW,tropical,5469707,16,2024-10-14,2024,42,132097,3146,90,2415.065,57.517,1.645
2024/2025,Ondo,SW,tropical,5469707,17,2024-10-21,2024,43,77855,1441,88,1423.385,26.345,1.609
2024/2025,Ondo,SW,tropical,5469707,18,2024-10-28,2024,44,27226,396,22,497.76,7.24,0.402
2024/2025,Ondo,SW,tropical,5469707,19,2024-11-04,2024,45,3578,46,1,65.415,0.841,0.018
2024/2025,Ondo,SW,tropical,5469707,20,2024-11-11,2024,46,563,5,0,10.293,0.091,0.0
2024/2025,Ondo,SW,tropical,5469707,21,2024-11-18,2024,47,299,3,0,5.466,0.055,0.0
2024/2025,Ondo,SW,tropical,5469707,22,2024-11-25,2024,48,322,8,2,5.887,0.146,0.037
2024/2025,Ondo,SW,tropical,5469707,23,2024-12-02,2024,49,683,4,0,12.487,0.073,0.0
2024/2025,Ondo,SW,tropical,5469707,24,2024-12-09,2024,50,1648,23,1,30.13,0.42,0.018
2024/2025,Ondo,SW,tropical,5469707,25,2024-12-16,2024,51,3776,91,3,69.035,1.664,0.055
2024/2025,Ondo,SW,tropical,5469707,26,2024-12-23,2024,52,7860,117,7,143.701,2.139,0.128
2024/2025,Ondo,SW,tropical,5469707,27,2024-12-30,2025,1,34714,464,11,634.659,8.483,0.201
2024/2025,Ondo,SW,tropical,5469707,28,2025-01-06,2025,2,45319,321,40,828.545,5.869,0.731
2024/2025,Ondo,SW,tropical,5469707,29,2025-01-13,2025,3,45853,559,50,838.308,10.22,0.914
2024/2025,Ondo,SW,tropical,5469707,30,2025-01-20,2025,4,17670,483,33,323.052,8.83,0.603
2024/2025,Ondo,SW,tropical,5469707,31,2025-01-27,2025,5,25525,167,13,466.661,3.053,0.238
2024/2025,Ondo,SW,tropical,5469707,32,2025-02-03,2025,6,2187,49,2,39.984,0.896,0.037
2024/2025,Ondo,SW,tropical,5469707,33,2025-02-10,2025,7,832,13,0,15.211,0.238,0.0
2024/2025,Ondo,SW,tropical,5469707,34,2025-02-17,2025,8,272,4,0,4.973,0.073,0.0
2024/2025,Ondo,SW,tropical,5469707,35,2025-02-24,2025,9,187,3,1,3.419,0.055,0.018
2024/2025,Ondo,SW,tropical,5469707,36,2025-03-03,2025,10,224,3,0,4.095,0.055,0.0
2024/2025,Ondo,SW,tropical,5469707,37,2025-03-10,2025,11,182,1,0,3.327,0.018,0.0
2024/2025,Ondo,SW,tropical,5469707,38,2025-03-17,2025,12,185,3,0,3.382,0.055,0.0
2024/2025,Ondo,SW,tropical,5469707,39,2025-03-24,2025,13,272,0,0,4.973,0.0,0.0
2024/2025,Ondo,SW,tropical,5469707,40,2025-03-31,2025,14,121,3,0,2.212,0.055,0.0
2024/2025,Ondo,SW,tropical,5469707,41,2025-04-07,2025,15,165,6,0,3.017,0.11,0.0
2024/2025,Ondo,SW,tropical,5469707,42,2025-04-14,2025,16,214,3,0,3.912,0.055,0.0
2024/2025,Ondo,SW,tropical,5469707,43,2025-04-21,2025,17,147,2,0,2.688,0.037,0.0
2024/2025,Ondo,SW,tropical,5469707,44,2025-04-28,2025,18,139,1,0,2.541,0.018,0.0
2024/2025,Ondo,SW,tropical,5469707,45,2025-05-05,2025,19,170,1,0,3.108,0.018,0.0
2024/2025,Ondo,SW,tropical,5469707,46,2025-05-12,2025,20,112,7,0,2.048,0.128,0.0
2024/2025,Ondo,SW,tropical,5469707,47,2025-05-19,2025,21,145,4,0,2.651,0.073,0.0
2024/2025,Ondo,SW,tropical,5469707,48,2025-05-26,2025,22,250,1,1,4.571,0.018,0.018
2024/2025,Ondo,SW,tropical,5469707,49,2025-06-02,2025,23,154,2,0,2.816,0.037,0.0
2024/2025,Ondo,SW,tropical,5469707,50,2025-06-09,2025,24,193,1,0,3.529,0.018,0.0
2024/2025,Ondo,SW,tropical,5469707,51,2025-06-16,2025,25,143,1,0,2.614,0.018,0.0
2024/2025,Ondo,SW,tropical,5469707,52,2025-06-23,2025,26,151,3,0,2.761,0.055,0.0
2024/2025,Zamfara,NW,sahel,5517793,1,2024-07-01,2024,27,1011,6,1,18.323,0.109,0.018
2024/2025,Zamfara,NW,sahel,5517793,2,2024-07-08,2024,28,295,0,0,5.346,0.0,0.0
2024/2025,Zamfara,NW,sahel,5517793,3,2024-07-15,2024,29,249,0,0,4.513,0.0,0.0
2024/2025,Zamfara,NW,sahel,5517793,4,2024-07-22,2024,30,289,2,1,5.238,0.036,0.018
2024/2025,Zamfara,NW,sahel,5517793,5,2024-07-29,2024,31,227,1,1,4.114,0.018,0.018
2024/2025,Zamfara,NW,sahel,5517793,6,2024-08-05,2024,32,134,0,2,2.429,0.0,0.036
2024/2025,Zamfara,NW,sahel,5517793,7,2024-08-12,2024,33,149,5,1,2.7,0.091,0.018
2024/2025,Zamfara,NW,sahel,5517793,8,2024-08-19,2024,34,376,2,1,6.814,0.036,0.018
2024/2025,Zamfara,NW,sahel,5517793,9,2024-08-26,2024,35,371,3,0,6.724,0.054,0.0
2024/2025,Zamfara,NW,sahel,5517793,10,2024-09-02,2024,36,437,0,0,7.92,0.0,0.0
2024/2025,Zamfara,NW,sahel,5517793,11,2024-09-09,2024,37,649,11,0,11.762,0.199,0.0
2024/2025,Zamfara,NW,sahel,5517793,12,2024-09-16,2024,38,740,10,2,13.411,0.181,0.036
2024/2025,Zamfara,NW,sahel,5517793,13,2024-09-23,2024,39,1085,22,5,19.664,0.399,0.091
2024/2025,Zamfara,NW,sahel,5517793,14,2024-09-30,2024,40,6356,135,2,115.191,2.447,0.036
2024/2025,Zamfara,NW,sahel,5517793,15,2024-10-07,2024,41,28040,293,32,508.174,5.31,0.58
2024/2025,Zamfara,NW,sahel,5517793,16,2024-10-14,2024,42,50096,805,86,907.899,14.589,1.559
2024/2025,Zamfara,NW,sahel,5517793,17,2024-10-21,2024,43,94253,1172,188,1708.165,21.24,3.407
2024/2025,Zamfara,NW,sahel,5517793,18,2024-10-28,2024,44,93425,702,332,1693.159,12.722,6.017
2024/2025,Zamfara,NW,sahel,5517793,19,2024-11-04,2024,45,92411,790,110,1674.782,14.317,1.994
2024/2025,Zamfara,NW,sahel,5517793,20,2024-11-11,2024,46,30852,281,69,559.137,5.093,1.25
2024/2025,Zamfara,NW,sahel,5517793,21,2024-11-18,2024,47,8049,82,21,145.874,1.486,0.381
2024/2025,Zamfara,NW,sahel,5517793,22,2024-11-25,2024,48,1525,14,5,27.638,0.254,0.091
2024/2025,Zamfara,NW,sahel,5517793,23,2024-12-02,2024,49,1220,13,0,22.11,0.236,0.0
2024/2025,Zamfara,NW,sahel,5517793,24,2024-12-09,2024,50,2920,38,2,52.92,0.689,0.036
2024/2025,Zamfara,NW,sahel,5517793,25,2024-12-16,2024,51,5377,91,18,97.448,1.649,0.326
2024/2025,Zamfara,NW,sahel,5517793,26,2024-12-23,2024,52,12640,136,35,229.077,2.465,0.634
2024/2025,Zamfara,NW,sahel,5517793,27,2024-12-30,2025,1,38491,377,48,697.58,6.832,0.87
2024/2025,Zamfara,NW,sahel,5517793,28,2025-01-06,2025,2,56824,811,69,1029.832,14.698,1.25
2024/2025,Zamfara,NW,sahel,5517793,29,2025-01-13,2025,3,77633,675,121,1406.957,12.233,2.193
2024/2025,Zamfara,NW,sahel,5517793,30,2025-01-20,2025,4,75742,863,143,1372.687,15.64,2.592
2024/2025,Zamfara,NW,sahel,5517793,31,2025-01-27,2025,5,26995,233,93,489.235,4.223,1.685
2024/2025,Zamfara,NW,sahel,5517793,32,2025-02-03,2025,6,10271,77,18,186.143,1.395,0.326
2024/2025,Zamfara,NW,sahel,5517793,33,2025-02-10,2025,7,1035,5,2,18.757,0.091,0.036
2024/2025,Zamfara,NW,sahel,5517793,34,2025-02-17,2025,8,556,2,0,10.076,0.036,0.0
2024/2025,Zamfara,NW,sahel,5517793,35,2025-02-24,2025,9,289,5,0,5.238,0.091,0.0
2024/2025,Zamfara,NW,sahel,5517793,36,2025-03-03,2025,10,398,0,1,7.213,0.0,0.018
2024/2025,Zamfara,NW,sahel,5517793,37,2025-03-10,2025,11,205,0,0,3.715,0.0,0.0
2024/2025,Zamfara,NW,sahel,5517793,38,2025-03-17,2025,12,166,4,1,3.008,0.072,0.018
2024/2025,Zamfara,NW,sahel,5517793,39,2025-03-24,2025,13,249,4,0,4.513,0.072,0.0
2024/2025,Zamfara,NW,sahel,5517793,40,2025-03-31,2025,14,197,1,3,3.57,0.018,0.054
2024/2025,Zamfara,NW,sahel,5517793,41,2025-04-07,2025,15,279,1,1,5.056,0.018,0.018
2024/2025,Zamfara,NW,sahel,5517793,42,2025-04-14,2025,16,302,4,0,5.473,0.072,0.0
2024/2025,Zamfara,NW,sahel,5517793,43,2025-04-21,2025,17,220,6,0,3.987,0.109,0.0
2024/2025,Zamfara,NW,sahel,5517793,44,2025-04-28,2025,18,284,2,0,5.147,0.036,0.0
2024/2025,Zamfara,NW,sahel,5517793,45,2025-05-05,2025,19,226,1,2,4.096,0.018,0.036
2024/2025,Zamfara,NW,sahel,5517793,46,2025-05-12,2025,20,202,3,0,3.661,0.054,0.0
2024/2025,Zamfara,NW,sahel,5517793,47,2025-05-19,2025,21,301,1,0,5.455,0.018,0.0
2024/2025,Zamfara,NW,sahel,5517793,48,2025-05-26,2025,22,274,2,0,4.966,0.036,0.0
2024/2025,Zamfara,NW,sahel,5517793,49,2025-06-02,2025,23,223,1,1,4.041,0.018,0.018
2024/2025,Zamfara,NW,sahel,5517793,50,2025-06-09,2025,24,288,2,1,5.219,0.036,0.018
2024/2025,Zamfara,NW,sahel,5517793,51,2025-06-16,2025,25,343,3,1,6.216,0.054,0.018
2024/2025,Zamfara,NW,sahel,5517793,52,2025-06-23,2025,26,276,3,0,5.002,0.054,0.0
2024/2025,Plateau,NC,savanna,5400974,1,2024-07-01,2024,27,773,11,1,14.312,0.204,0.019
2024/2025,Plateau,NC,savanna,5400974,2,2024-07-08,2024,28,210,1,2,3.888,0.019,0.037
2024/2025,Plateau,NC,savanna,5400974,3,2024-07-15,2024,29,231,1,1,4.277,0.019,0.019
2024/2025,Plateau,NC,savanna,5400974,4,2024-07-22,2024,30,352,3,0,6.517,0.056,0.0
2024/2025,Plateau,NC,savanna,5400974,5,2024-07-29,2024,31,157,4,1,2.907,0.074,0.019
2024/2025,Plateau,NC,savanna,5400974,6,2024-08-05,2024,32,280,1,1,5.184,0.019,0.019
2024/2025,Plateau,NC,savanna,5400974,7,2024-08-12,2024,33,253,4,0,4.684,0.074,0.0
2024/2025,Plateau,NC,savanna,5400974,8,2024-08-19,2024,34,135,6,0,2.5,0.111,0.0
2024/2025,Plateau,NC,savanna,5400974,9,2024-08-26,2024,35,368,7,0,6.814,0.13,0.0
2024/2025,Plateau,NC,savanna,5400974,10,2024-09-02,2024,36,1148,8,0,21.255,0.148,0.0
2024/2025,Plateau,NC,savanna,5400974,11,2024-09-09,2024,37,2041,9,0,37.789,0.167,0.0
2024/2025,Plateau,NC,savanna,5400974,12,2024-09-16,2024,38,3728,79,4,69.025,1.463,0.074
2024/2025,Plateau,NC,savanna,5400974,13,2024-09-23,2024,39,10581,156,23,195.909,2.888,0.426
2024/2025,Plateau,NC,savanna,5400974,14,2024-09-30,2024,40,28320,535,61,524.35,9.906,1.129
2024/2025,Plateau,NC,savanna,5400974,15,2024-10-07,2024,41,67088,1546,92,1242.146,28.624,1.703
2024/2025,Plateau,NC,savanna,5400974,16,2024-10-14,2024,42,116601,1807,135,2158.888,33.457,2.5
2024/2025,Plateau,NC,savanna,5400974,17,2024-10-21,2024,43,139082,1719,134,2575.128,31.828,2.481
2024/2025,Plateau,NC,savanna,5400974,18,2024-10-28,2024,44,82206,580,108,1522.059,10.739,2.0
2024/2025,Plateau,NC,savanna,5400974,19,2024-11-04,2024,45,16225,150,28,300.409,2.777,0.518
2024/2025,Plateau,NC,savanna,5400974,20,2024-11-11,2024,46,2405,32,3,44.529,0.592,0.056
2024/2025,Plateau,NC,savanna,5400974,21,2024-11-18,2024,47,722,9,2,13.368,0.167,0.037
2024/2025,Plateau,NC,savanna,5400974,22,2024-11-25,2024,48,460,10,1,8.517,0.185,0.019
2024/2025,Plateau,NC,savanna,5400974,23,2024-12-02,2024,49,1244,7,2,23.033,0.13,0.037
2024/2025,Plateau,NC,savanna,5400974,24,2024-12-09,2024,50,1947,20,3,36.049,0.37,0.056
2024/2025,Plateau,NC,savanna,5400974,25,2024-12-16,2024,51,5180,96,4,95.909,1.777,0.074
2024/2025,Plateau,NC,savanna,5400974,26,2024-12-23,2024,52,12239,169,19,226.607,3.129,0.352
2024/2025,Plateau,NC,savanna,5400974,27,2024-12-30,2025,1,48101,461,82,890.599,8.535,1.518
2024/2025,Plateau,NC,savanna,5400974,28,2025-01-06,2025,2,61680,1056,44,1142.016,19.552,0.815
2024/2025,Plateau,NC,savanna,5400974,29,2025-01-13,2025,3,89794,787,151,1662.552,14.571,2.796
2024/2025,Plateau,NC,savanna,5400974,30,2025-01-20,2025,4,69867,1085,86,1293.6,20.089,1.592
2024/2025,Plateau,NC,savanna,5400974,31,2025-01-27,2025,5,16234,296,39,300.575,5.48,0.722
2024/2025,Plateau,NC,savanna,5400974,32,2025-02-03,2025,6,4802,125,6,88.91,2.314,0.111
2024/2025,Plateau,NC,savanna,5400974,33,2025-02-10,2025,7,857,9,1,15.868,0.167,0.019
2024/2025,Plateau,NC,savanna,5400974,34,2025-02-17,2025,8,329,7,0,6.091,0.13,0.0
2024/2025,Plateau,NC,savanna,5400974,35,2025-02-24,2025,9,201,1,1,3.722,0.019,0.019
2024/2025,Plateau,NC,savanna,5400974,36,2025-03-03,2025,10,120,2,1,2.222,0.037,0.019
2024/2025,Plateau,NC,savanna,5400974,37,2025-03-10,2025,11,173,3,1,3.203,0.056,0.019
2024/2025,Plateau,NC,savanna,5400974,38,2025-03-17,2025,12,165,2,0,3.055,0.037,0.0
2024/2025,Plateau,NC,savanna,5400974,39,2025-03-24,2025,13,205,1,0,3.796,0.019,0.0
2024/2025,Plateau,NC,savanna,5400974,40,2025-03-31,2025,14,143,1,1,2.648,0.019,0.019
2024/2025,Plateau,NC,savanna,5400974,41,2025-04-07,2025,15,140,3,0,2.592,0.056,0.0
2024/2025,Plateau,NC,savanna,5400974,42,2025-04-14,2025,16,250,1,2,4.629,0.019,0.037
2024/2025,Plateau,NC,savanna,5400974,43,2025-04-21,2025,17,164,6,0,3.036,0.111,0.0
2024/2025,Plateau,NC,savanna,5400974,44,2025-04-28,2025,18,193,4,0,3.573,0.074,0.0
2024/2025,Plateau,NC,savanna,5400974,45,2025-05-05,2025,19,206,7,0,3.814,0.13,0.0
2024/2025,Plateau,NC,savanna,5400974,46,2025-05-12,2025,20,281,1,0,5.203,0.019,0.0
2024/2025,Plateau,NC,savanna,5400974,47,2025-05-19,2025,21,180,3,0,3.333,0.056,0.0
2024/2025,Plateau,NC,savanna,5400974,48,2025-05-26,2025,22,177,1,0,3.277,0.019,0.0
2024/2025,Plateau,NC,savanna,5400974,49,2025-06-02,2025,23,267,1,0,4.944,0.019,0.0
2024/2025,Plateau,NC,savanna,5400974,50,2025-06-09,2025,24,158,3,0,2.925,0.056,0.0
2024/2025,Plateau,NC,savanna,5400974,51,2025-06-16,2025,25,249,5,0,4.61,0.093,0.0
2024/2025,Plateau,NC,savanna,5400974,52,2025-06-23,2025,26,223,4,0,4.129,0.074,0.0
2024/2025,Enugu,SE,tropical,5396098,1,2024-07-01,2024,27,769,15,1,14.251,0.278,0.019
2024/2025,Enugu,SE,tropical,5396098,2,2024-07-08,2024,28,109,0,0,2.02,0.0,0.0
2024/2025,Enugu,SE,tropical,5396098,3,2024-07-15,2024,29,208,2,0,3.855,0.037,0.0
2024/2025,Enugu,SE,tropical,5396098,4,2024-07-22,2024,30,168,4,0,3.113,0.074,0.0
2024/2025,Enugu,SE,tropical,5396098,5,2024-07-29,2024,31,214,3,0,3.966,0.056,0.0
2024/2025,Enugu,SE,tropical,5396098,6,2024-08-05,2024,32,230,4,0,4.262,0.074,0.0
2024/2025,Enugu,SE,tropical,5396098,7,2024-08-12,2024,33,116,5,1,2.15,0.093,0.019
2024/2025,Enugu,SE,tropical,5396098,8,2024-08-19,2024,34,426,5,0,7.895,0.093,0.0
2024/2025,Enugu,SE,tropical,5396098,9,2024-08-26,2024,35,365,11,0,6.764,0.204,0.0
2024/2025,Enugu,SE,tropical,5396098,10,2024-09-02,2024,36,1187,18,0,21.997,0.334,0.0
2024/2025,Enugu,SE,tropical,5396098,11,2024-09-09,2024,37,3864,84,8,71.607,1.557,0.148
2024/2025,Enugu,SE,tropical,5396098,12,2024-09-16,2024,38,15187,266,7,281.444,4.929,0.13
2024/2025,Enugu,SE,tropical,5396098,13,2024-09-23,2024,39,48824,688,47,904.802,12.75,0.871
2024/2025,Enugu,SE,tropical,5396098,14,2024-09-30,2024,40,74009,1196,77,1371.528,22.164,1.427
2024/2025,Enugu,SE,tropical,5396098,15,2024-10-07,2024,41,114148,2367,164,2115.38,43.865,3.039
2024/2025,Enugu,SE,tropical,5396098,16,2024-10-14,2024,42,171893,2492,163,3185.506,46.182,3.021
2024/2025,Enugu,SE,tropical,5396098,17,2024-10-21,2024,43,73877,833,60,1369.082,15.437,1.112
2024/2025,Enugu,SE,tropical,5396098,18,2024-10-28,2024,44,27690,581,15,513.149,10.767,0.278
2024/2025,Enugu,SE,tropical,5396098,19,2024-11-04,2024,45,1793,99,3,33.228,1.835,0.056
2024/2025,Enugu,SE,tropical,5396098,20,2024-11-11,2024,46,326,7,3,6.041,0.13,0.056
2024/2025,Enugu,SE,tropical,5396098,21,2024-11-18,2024,47,350,5,0,6.486,0.093,0.0
2024/2025,Enugu,SE,tropical,5396098,22,2024-11-25,2024,48,312,7,0,5.782,0.13,0.0
2024/2025,Enugu,SE,tropical,5396098,23,2024-12-02,2024,49,585,10,0,10.841,0.185,0.0
2024/2025,Enugu,SE,tropical,5396098,24,2024-12-09,2024,50,1057,14,0,19.588,0.259,0.0
2024/2025,Enugu,SE,tropical,5396098,25,2024-12-16,2024,51,3313,35,5,61.396,0.649,0.093
2024/2025,Enugu,SE,tropical,5396098,26,2024-12-23,2024,52,11545,72,7,213.951,1.334,0.13
2024/2025,Enugu,SE,tropical,5396098,27,2024-12-30,2025,1,16828,372,24,311.855,6.894,0.445
2024/2025,Enugu,SE,tropical,5396098,28,2025-01-06,2025,2,19445,834,63,360.353,15.456,1.168
2024/2025,Enugu,SE,tropical,5396098,29,2025-01-13,2025,3,43821,1080,51,812.087,20.014,0.945
2024/2025,Enugu,SE,tropical,5396098,30,2025-01-20,2025,4,27361,355,50,507.052,6.579,0.927
2024/2025,Enugu,SE,tropical,5396098,31,2025-01-27,2025,5,22024,184,20,408.147,3.41,0.371
2024/2025,Enugu,SE,tropical,5396098,32,2025-02-03,2025,6,6602,75,6,122.348,1.39,0.111
2024/2025,Enugu,SE,tropical,5396098,33,2025-02-10,2025,7,943,4,1,17.476,0.074,0.019
2024/2025,Enugu,SE,tropical,5396098,34,2025-02-17,2025,8,203,1,0,3.762,0.019,0.0
2024/2025,Enugu,SE,tropical,5396098,35,2025-02-24,2025,9,101,1,1,1.872,0.019,0.019
2024/2025,Enugu,SE,tropical,5396098,36,2025-03-03,2025,10,91,2,0,1.686,0.037,0.0
2024/2025,Enugu,SE,tropical,5396098,37,2025-03-10,2025,11,111,3,0,2.057,0.056,0.0
2024/2025,Enugu,SE,tropical,5396098,38,2025-03-17,2025,12,135,4,0,2.502,0.074,0.0
2024/2025,Enugu,SE,tropical,5396098,39,2025-03-24,2025,13,153,1,0,2.835,0.019,0.0
2024/2025,Enugu,SE,tropical,5396098,40,2025-03-31,2025,14,140,4,1,2.594,0.074,0.019
2024/2025,Enugu,SE,tropical,5396098,41,2025-04-07,2025,15,179,3,0,3.317,0.056,0.0
2024/2025,Enugu,SE,tropical,5396098,42,2025-04-14,2025,16,236,0,0,4.374,0.0,0.0
2024/2025,Enugu,SE,tropical,5396098,43,2025-04-21,2025,17,133,2,0,2.465,0.037,0.0
2024/2025,Enugu,SE,tropical,5396098,44,2025-04-28,2025,18,131,4,1,2.428,0.074,0.019
2024/2025,Enugu,SE,tropical,5396098,45,2025-05-05,2025,19,140,1,1,2.594,0.019,0.019
2024/2025,Enugu,SE,tropical,5396098,46,2025-05-12,2025,20,180,3,0,3.336,0.056,0.0
2024/2025,Enugu,SE,tropical,5396098,47,2025-05-19,2025,21,198,1,0,3.669,0.019,0.0
2024/2025,Enugu,SE,tropical,5396098,48,2025-05-26,2025,22,153,1,0,2.835,0.019,0.0
2024/2025,Enugu,SE,tropical,5396098,49,2025-06-02,2025,23,128,6,1,2.372,0.111,0.019
2024/2025,Enugu,SE,tropical,5396098,50,2025-06-09,2025,24,148,3,0,2.743,0.056,0.0
2024/2025,Enugu,SE,tropical,5396098,51,2025-06-16,2025,25,76,1,0,1.408,0.019,0.0
2024/2025,Enugu,SE,tropical,5396098,52,2025-06-23,2025,26,147,2,0,2.724,0.037,0.0
2024/2025,Adamawa,NE,savanna,5236948,1,2024-07-01,2024,27,989,6,1,18.885,0.115,0.019
2024/2025,Adamawa,NE,savanna,5236948,2,2024-07-08,2024,28,149,2,0,2.845,0.038,0.0
2024/2025,Adamawa,NE,savanna,5236948,3,2024-07-15,2024,29,123,3,0,2.349,0.057,0.0
2024/2025,Adamawa,NE,savanna,5236948,4,2024-07-22,2024,30,195,1,1,3.724,0.019,0.019
2024/2025,Adamawa,NE,savanna,5236948,5,2024-07-29,2024,31,101,5,0,1.929,0.095,0.0
2024/2025,Adamawa,NE,savanna,5236948,6,2024-08-05,2024,32,204,1,0,3.895,0.019,0.0
2024/2025,Adamawa,NE,savanna,5236948,7,2024-08-12,2024,33,262,10,0,5.003,0.191,0.0
2024/2025,Adamawa,NE,savanna,5236948,8,2024-08-19,2024,34,122,4,1,2.33,0.076,0.019
2024/2025,Adamawa,NE,savanna,5236948,9,2024-08-26,2024,35,358,7,1,6.836,0.134,0.019
2024/2025,Adamawa,NE,savanna,5236948,10,2024-09-02,2024,36,231,4,0,4.411,0.076,0.0
2024/2025,Adamawa,NE,savanna,5236948,11,2024-09-09,2024,37,1571,15,1,29.998,0.286,0.019
2024/2025,Adamawa,NE,savanna,5236948,12,2024-09-16,2024,38,3729,44,4,71.206,0.84,0.076
2024/2025,Adamawa,NE,savanna,5236948,13,2024-09-23,2024,39,9807,138,28,187.266,2.635,0.535
2024/2025,Adamawa,NE,savanna,5236948,14,2024-09-30,2024,40,25153,471,29,480.299,8.994,0.554
2024/2025,Adamawa,NE,savanna,5236948,15,2024-10-07,2024,41,79435,1248,97,1516.819,23.831,1.852
2024/2025,Adamawa,NE,savanna,5236948,16,2024-10-14,2024,42,149096,1965,213,2847.002,37.522,4.067
2024/2025,Adamawa,NE,savanna,5236948,17,2024-10-21,2024,43,95670,1447,271,1826.827,27.631,5.175
2024/2025,Adamawa,NE,savanna,5236948,18,2024-10-28,2024,44,43207,756,84,825.042,14.436,1.604
2024/2025,Adamawa,NE,savanna,5236948,19,2024-11-04,2024,45,10435,84,31,199.257,1.604,0.592
2024/2025,Adamawa,NE,savanna,5236948,20,2024-11-11,2024,46,3008,30,2,57.438,0.573,0.038
2024/2025,Adamawa,NE,savanna,5236948,21,2024-11-18,2024,47,798,2,0,15.238,0.038,0.0
2024/2025,Adamawa,NE,savanna,5236948,22,2024-11-25,2024,48,522,3,2,9.968,0.057,0.038
2024/2025,Adamawa,NE,savanna,5236948,23,2024-12-02,2024,49,914,18,4,17.453,0.344,0.076
2024/2025,Adamawa,NE,savanna,5236948,24,2024-12-09,2024,50,2854,17,4,54.497,0.325,0.076
2024/2025,Adamawa,NE,savanna,5236948,25,2024-12-16,2024,51,5686,62,13,108.575,1.184,0.248
2024/2025,Adamawa,NE,savanna,5236948,26,2024-12-23,2024,52,13265,328,31,253.296,6.263,0.592
2024/2025,Adamawa,NE,savanna,5236948,27,2024-12-30,2025,1,35271,336,32,673.503,6.416,0.611
2024/2025,Adamawa,NE,savanna,5236948,28,2025-01-06,2025,2,75347,857,65,1438.758,16.364,1.241
2024/2025,Adamawa,NE,savanna,5236948,29,2025-01-13,2025,3,81092,876,83,1548.459,16.727,1.585
2024/2025,Adamawa,NE,savanna,5236948,30,2025-01-20,2025,4,46373,929,69,885.497,17.739,1.318
2024/2025,Adamawa,NE,savanna,5236948,31,2025-01-27,2025,5,24774,229,46,473.062,4.373,0.878
2024/2025,Adamawa,NE,savanna,5236948,32,2025-02-03,2025,6,5264,81,18,100.517,1.547,0.344
2024/2025,Adamawa,NE,savanna,5236948,33,2025-02-10,2025,7,774,10,1,14.78,0.191,0.019
2024/2025,Adamawa,NE,savanna,5236948,34,2025-02-17,2025,8,130,1,0,2.482,0.019,0.0
2024/2025,Adamawa,NE,savanna,5236948,35,2025-02-24,2025,9,176,3,0,3.361,0.057,0.0
2024/2025,Adamawa,NE,savanna,5236948,36,2025-03-03,2025,10,115,4,0,2.196,0.076,0.0
2024/2025,Adamawa,NE,savanna,5236948,37,2025-03-10,2025,11,173,3,0,3.303,0.057,0.0
2024/2025,Adamawa,NE,savanna,5236948,38,2025-03-17,2025,12,139,2,1,2.654,0.038,0.019
2024/2025,Adamawa,NE,savanna,5236948,39,2025-03-24,2025,13,180,1,0,3.437,0.019,0.0
2024/2025,Adamawa,NE,savanna,5236948,40,2025-03-31,2025,14,139,1,0,2.654,0.019,0.0
2024/2025,Adamawa,NE,savanna,5236948,41,2025-04-07,2025,15,160,2,0,3.055,0.038,0.0
2024/2025,Adamawa,NE,savanna,5236948,42,2025-04-14,2025,16,96,5,0,1.833,0.095,0.0
2024/2025,Adamawa,NE,savanna,5236948,43,2025-04-21,2025,17,219,3,0,4.182,0.057,0.0
2024/2025,Adamawa,NE,savanna,5236948,44,2025-04-28,2025,18,169,0,1,3.227,0.0,0.019
2024/2025,Adamawa,NE,savanna,5236948,45,2025-05-05,2025,19,174,0,2,3.323,0.0,0.038
2024/2025,Adamawa,NE,savanna,5236948,46,2025-05-12,2025,20,232,4,0,4.43,0.076,0.0
2024/2025,Adamawa,NE,savanna,5236948,47,2025-05-19,2025,21,204,2,0,3.895,0.038,0.0
2024/2025,Adamawa,NE,savanna,5236948,48,2025-05-26,2025,22,234,1,0,4.468,0.019,0.0
2024/2025,Adamawa,NE,savanna,5236948,49,2025-06-02,2025,23,220,2,0,4.201,0.038,0.0
2024/2025,Adamawa,NE,savanna,5236948,50,2025-06-09,2025,24,210,1,0,4.01,0.019,0.0
2024/2025,Adamawa,NE,savanna,5236948,51,2025-06-16,2025,25,146,0,0,2.788,0.0,0.0
2024/2025,Adamawa,NE,savanna,5236948,52,2025-06-23,2025,26,239,1,0,4.564,0.019,0.0
2024/2025,Kogi,NC,savanna,5053734,1,2024-07-01,2024,27,768,13,0,15.197,0.257,0.0
2024/2025,Kogi,NC,savanna,5053734,2,2024-07-08,2024,28,297,4,1,5.877,0.079,0.02
2024/2025,Kogi,NC,savanna,5053734,3,2024-07-15,2024,29,184,1,1,3.641,0.02,0.02
2024/2025,Kogi,NC,savanna,5053734,4,2024-07-22,2024,30,225,2,1,4.452,0.04,0.02
2024/2025,Kogi,NC,savanna,5053734,5,2024-07-29,2024,31,183,5,1,3.621,0.099,0.02
2024/2025,Kogi,NC,savanna,5053734,6,2024-08-05,2024,32,258,6,0,5.105,0.119,0.0
2024/2025,Kogi,NC,savanna,5053734,7,2024-08-12,2024,33,218,7,0,4.314,0.139,0.0
2024/2025,Kogi,NC,savanna,5053734,8,2024-08-19,2024,34,233,6,0,4.61,0.119,0.0
2024/2025,Kogi,NC,savanna,5053734,9,2024-08-26,2024,35,313,3,2,6.193,0.059,0.04
2024/2025,Kogi,NC,savanna,5053734,10,2024-09-02,2024,36,629,9,1,12.446,0.178,0.02
2024/2025,Kogi,NC,savanna,5053734,11,2024-09-09,2024,37,754,22,4,14.92,0.435,0.079
2024/2025,Kogi,NC,savanna,5053734,12,2024-09-16,2024,38,2398,37,3,47.45,0.732,0.059
2024/2025,Kogi,NC,savanna,5053734,13,2024-09-23,2024,39,10144,115,22,200.723,2.276,0.435
2024/2025,Kogi,NC,savanna,5053734,14,2024-09-30,2024,40,36433,735,16,720.912,14.544,0.317
2024/2025,Kogi,NC,savanna,5053734,15,2024-10-07,2024,41,79412,945,110,1571.353,18.699,2.177
2024/2025,Kogi,NC,savanna,5053734,16,2024-10-14,2024,42,152497,1200,130,3017.511,23.745,2.572
2024/2025,Kogi,NC,savanna,5053734,17,2024-10-21,2024,43,128304,2092,102,2538.796,41.395,2.018
2024/2025,Kogi,NC,savanna,5053734,18,2024-10-28,2024,44,64566,830,89,1277.59,16.423,1.761
2024/2025,Kogi,NC,savanna,5053734,19,2024-11-04,2024,45,19540,286,16,386.645,5.659,0.317
2024/2025,Kogi,NC,savanna,5053734,20,2024-11-11,2024,46,2882,42,4,57.027,0.831,0.079
2024/2025,Kogi,NC,savanna,5053734,21,2024-11-18,2024,47,496,7,0,9.815,0.139,0.0
2024/2025,Kogi,NC,savanna,5053734,22,2024-11-25,2024,48,606,8,1,11.991,0.158,0.02
2024/2025,Kogi,NC,savanna,5053734,23,2024-12-02,2024,49,877,19,1,17.354,0.376,0.02
2024/2025,Kogi,NC,savanna,5053734,24,2024-12-09,2024,50,1827,20,3,36.151,0.396,0.059
2024/2025,Kogi,NC,savanna,5053734,25,2024-12-16,2024,51,7662,92,9,151.611,1.82,0.178
2024/2025,Kogi,NC,savanna,5053734,26,2024-12-23,2024,52,7779,192,13,153.926,3.799,0.257
2024/2025,Kogi,NC,savanna,5053734,27,2024-12-30,2025,1,26005,439,40,514.57,8.687,0.791
2024/2025,Kogi,NC,savanna,5053734,28,2025-01-06,2025,2,49891,769,91,987.211,15.216,1.801
2024/2025,Kogi,NC,savanna,5053734,29,2025-01-13,2025,3,39433,822,101,780.275,16.265,1.999
2024/2025,Kogi,NC,savanna,5053734,30,2025-01-20,2025,4,47250,1179,41,934.952,23.329,0.811
2024/2025,Kogi,NC,savanna,5053734,31,2025-01-27,2025,5,16862,293,38,333.654,5.798,0.752
2024/2025,Kogi,NC,savanna,5053734,32,2025-02-03,2025,6,7161,97,1,141.697,1.919,0.02
2024/2025,Kogi,NC,savanna,5053734,33,2025-02-10,2025,7,1488,12,1,29.444,0.237,0.02
2024/2025,Kogi,NC,savanna,5053734,34,2025-02-17,2025,8,311,4,0,6.154,0.079,0.0
2024/2025,Kogi,NC,savanna,5053734,35,2025-02-24,2025,9,110,1,1,2.177,0.02,0.02
2024/2025,Kogi,NC,savanna,5053734,36,2025-03-03,2025,10,189,4,0,3.74,0.079,0.0
2024/2025,Kogi,NC,savanna,5053734,37,2025-03-10,2025,11,163,6,0,3.225,0.119,0.0
2024/2025,Kogi,NC,savanna,5053734,38,2025-03-17,2025,12,224,1,1,4.432,0.02,0.02
2024/2025,Kogi,NC,savanna,5053734,39,2025-03-24,2025,13,270,2,0,5.343,0.04,0.0
2024/2025,Kogi,NC,savanna,5053734,40,2025-03-31,2025,14,250,1,0,4.947,0.02,0.0
2024/2025,Kogi,NC,savanna,5053734,41,2025-04-07,2025,15,146,4,1,2.889,0.079,0.02
2024/2025,Kogi,NC,savanna,5053734,42,2025-04-14,2025,16,297,3,0,5.877,0.059,0.0
2024/2025,Kogi,NC,savanna,5053734,43,2025-04-21,2025,17,149,2,0,2.948,0.04,0.0
2024/2025,Kogi,NC,savanna,5053734,44,2025-04-28,2025,18,151,3,0,2.988,0.059,0.0
2024/2025,Kogi,NC,savanna,5053734,45,2025-05-05,2025,19,251,2,0,4.967,0.04,0.0
2024/2025,Kogi,NC,savanna,5053734,46,2025-05-12,2025,20,212,5,0,4.195,0.099,0.0
2024/2025,Kogi,NC,savanna,5053734,47,2025-05-19,2025,21,110,2,0,2.177,0.04,0.0
2024/2025,Kogi,NC,savanna,5053734,48,2025-05-26,2025,22,165,2,1,3.265,0.04,0.02
2024/2025,Kogi,NC,savanna,5053734,49,2025-06-02,2025,23,280,5,0,5.54,0.099,0.0
2024/2025,Kogi,NC,savanna,5053734,50,2025-06-09,2025,24,284,2,0,5.62,0.04,0.0
2024/2025,Kogi,NC,savanna,5053734,51,2025-06-16,2025,25,147,1,1,2.909,0.02,0.02
2024/2025,Kogi,NC,savanna,5053734,52,2025-06-23,2025,26,183,3,1,3.621,0.059,0.02
2024/2025,Abia,SE,tropical,4841943,1,2024-07-01,2024,27,721,15,0,14.891,0.31,0.0
2024/2025,Abia,SE,tropical,4841943,2,2024-07-08,2024,28,105,4,0,2.169,0.083,0.0
2024/2025,Abia,SE,tropical,4841943,3,2024-07-15,2024,29,170,2,0,3.511,0.041,0.0
2024/2025,Abia,SE,tropical,4841943,4,2024-07-22,2024,30,116,5,0,2.396,0.103,0.0
2024/2025,Abia,SE,tropical,4841943,5,2024-07-29,2024,31,135,1,1,2.788,0.021,0.021
2024/2025,Abia,SE,tropical,4841943,6,2024-08-05,2024,32,186,2,0,3.841,0.041,0.0
2024/2025,Abia,SE,tropical,4841943,7,2024-08-12,2024,33,156,3,1,3.222,0.062,0.021
2024/2025,Abia,SE,tropical,4841943,8,2024-08-19,2024,34,348,4,0,7.187,0.083,0.0
2024/2025,Abia,SE,tropical,4841943,9,2024-08-26,2024,35,565,5,0,11.669,0.103,0.0
2024/2025,Abia,SE,tropical,4841943,10,2024-09-02,2024,36,1452,16,1,29.988,0.33,0.021
2024/2025,Abia,SE,tropical,4841943,11,2024-09-09,2024,37,2886,39,8,59.604,0.805,0.165
2024/2025,Abia,SE,tropical,4841943,12,2024-09-16,2024,38,8658,214,15,178.813,4.42,0.31
2024/2025,Abia,SE,tropical,4841943,13,2024-09-23,2024,39,17457,680,35,360.537,14.044,0.723
2024/2025,Abia,SE,tropical,4841943,14,2024-09-30,2024,40,109358,1245,83,2258.556,25.713,1.714
2024/2025,Abia,SE,tropical,4841943,15,2024-10-07,2024,41,176783,1842,111,3651.076,38.043,2.292
2024/2025,Abia,SE,tropical,4841943,16,2024-10-14,2024,42,129789,1506,76,2680.515,31.103,1.57
2024/2025,Abia,SE,tropical,4841943,17,2024-10-21,2024,43,21190,1405,52,437.634,29.017,1.074
2024/2025,Abia,SE,tropical,4841943,18,2024-10-28,2024,44,12099,208,29,249.879,4.296,0.599
2024/2025,Abia,SE,tropical,4841943,19,2024-11-04,2024,45,2056,59,3,42.462,1.219,0.062
2024/2025,Abia,SE,tropical,4841943,20,2024-11-11,2024,46,376,3,0,7.765,0.062,0.0
2024/2025,Abia,SE,tropical,4841943,21,2024-11-18,2024,47,364,5,0,7.518,0.103,0.0
2024/2025,Abia,SE,tropical,4841943,22,2024-11-25,2024,48,295,6,0,6.093,0.124,0.0
2024/2025,Abia,SE,tropical,4841943,23,2024-12-02,2024,49,580,2,0,11.979,0.041,0.0
2024/2025,Abia,SE,tropical,4841943,24,2024-12-09,2024,50,712,22,1,14.705,0.454,0.021
2024/2025,Abia,SE,tropical,4841943,25,2024-12-16,2024,51,4447,67,3,91.843,1.384,0.062
2024/2025,Abia,SE,tropical,4841943,26,2024-12-23,2024,52,6020,130,7,124.33,2.685,0.145
2024/2025,Abia,SE,tropical,4841943,27,2024-12-30,2025,1,17637,233,24,364.255,4.812,0.496
2024/2025,Abia,SE,tropical,4841943,28,2025-01-06,2025,2,45521,447,47,940.139,9.232,0.971
2024/2025,Abia,SE,tropical,4841943,29,2025-01-13,2025,3,36286,764,77,749.41,15.779,1.59
2024/2025,Abia,SE,tropical,4841943,30,2025-01-20,2025,4,30309,527,28,625.968,10.884,0.578
2024/2025,Abia,SE,tropical,4841943,31,2025-01-27,2025,5,15359,285,14,317.207,5.886,0.289
2024/2025,Abia,SE,tropical,4841943,32,2025-02-03,2025,6,2349,52,6,48.514,1.074,0.124
2024/2025,Abia,SE,tropical,4841943,33,2025-02-10,2025,7,626,12,1,12.929,0.248,0.021
2024/2025,Abia,SE,tropical,4841943,34,2025-02-17,2025,8,298,2,0,6.155,0.041,0.0
2024/2025,Abia,SE,tropical,4841943,35,2025-02-24,2025,9,112,0,0,2.313,0.0,0.0
2024/2025,Abia,SE,tropical,4841943,36,2025-03-03,2025,10,112,0,0,2.313,0.0,0.0
2024/2025,Abia,SE,tropical,4841943,37,2025-03-10,2025,11,115,2,0,2.375,0.041,0.0
2024/2025,Abia,SE,tropical,4841943,38,2025-03-17,2025,12,160,3,0,3.304,0.062,0.0
2024/2025,Abia,SE,tropical,4841943,39,2025-03-24,2025,13,157,1,0,3.242,0.021,0.0
2024/2025,Abia,SE,tropical,4841943,40,2025-03-31,2025,14,195,2,1,4.027,0.041,0.021
2024/2025,Abia,SE,tropical,4841943,41,2025-04-07,2025,15,106,4,0,2.189,0.083,0.0
2024/2025,Abia,SE,tropical,4841943,42,2025-04-14,2025,16,185,0,0,3.821,0.0,0.0
2024/2025,Abia,SE,tropical,4841943,43,2025-04-21,2025,17,150,4,0,3.098,0.083,0.0
2024/2025,Abia,SE,tropical,4841943,44,2025-04-28,2025,18,170,2,1,3.511,0.041,0.021
2024/2025,Abia,SE,tropical,4841943,45,2025-05-05,2025,19,256,4,0,5.287,0.083,0.0
2024/2025,Abia,SE,tropical,4841943,46,2025-05-12,2025,20,154,1,0,3.181,0.021,0.0
2024/2025,Abia,SE,tropical,4841943,47,2025-05-19,2025,21,97,1,0,2.003,0.021,0.0
2024/2025,Abia,SE,tropical,4841943,48,2025-05-26,2025,22,191,1,0,3.945,0.021,0.0
2024/2025,Abia,SE,tropical,4841943,49,2025-06-02,2025,23,115,1,0,2.375,0.021,0.0
2024/2025,Abia,SE,tropical,4841943,50,2025-06-09,2025,24,164,4,0,3.387,0.083,0.0
2024/2025,Abia,SE,tropical,4841943,51,2025-06-16,2025,25,107,5,0,2.21,0.103,0.0
2024/2025,Abia,SE,tropical,4841943,52,2025-06-23,2025,26,172,2,0,3.552,0.041,0.0
2024/2025,FCT,NC,savanna,4802443,1,2024-07-01,2024,27,962,33,0,20.031,0.687,0.0
2024/2025,FCT,NC,savanna,4802443,2,2024-07-08,2024,28,295,3,0,6.143,0.062,0.0
2024/2025,FCT,NC,savanna,4802443,3,2024-07-15,2024,29,181,3,0,3.769,0.062,0.0
2024/2025,FCT,NC,savanna,4802443,4,2024-07-22,2024,30,244,5,0,5.081,0.104,0.0
2024/2025,FCT,NC,savanna,4802443,5,2024-07-29,2024,31,207,7,0,4.31,0.146,0.0
2024/2025,FCT,NC,savanna,4802443,6,2024-08-05,2024,32,235,7,0,4.893,0.146,0.0
2024/2025,FCT,NC,savanna,4802443,7,2024-08-12,2024,33,224,5,0,4.664,0.104,0.0
2024/2025,FCT,NC,savanna,4802443,8,2024-08-19,2024,34,340,8,0,7.08,0.167,0.0
2024/2025,FCT,NC,savanna,4802443,9,2024-08-26,2024,35,346,11,0,7.205,0.229,0.0
2024/2025,FCT,NC,savanna,4802443,10,2024-09-02,2024,36,636,10,0,13.243,0.208,0.0
2024/2025,FCT,NC,savanna,4802443,11,2024-09-09,2024,37,1138,13,2,23.696,0.271,0.042
2024/2025,FCT,NC,savanna,4802443,12,2024-09-16,2024,38,4448,87,5,92.62,1.812,0.104
2024/2025,FCT,NC,savanna,4802443,13,2024-09-23,2024,39,8616,166,10,179.409,3.457,0.208
2024/2025,FCT,NC,savanna,4802443,14,2024-09-30,2024,40,59540,724,17,1239.786,15.076,0.354
2024/2025,FCT,NC,savanna,4802443,15,2024-10-07,2024,41,83508,1050,134,1738.865,21.864,2.79
2024/2025,FCT,NC,savanna,4802443,16,2024-10-14,2024,42,91497,1734,53,1905.218,36.107,1.104
2024/2025,FCT,NC,savanna,4802443,17,2024-10-21,2024,43,103867,1664,70,2162.795,34.649,1.458
2024/2025,FCT,NC,savanna,4802443,18,2024-10-28,2024,44,55295,1282,50,1151.393,26.695,1.041
2024/2025,FCT,NC,savanna,4802443,19,2024-11-04,2024,45,19675,339,5,409.687,7.059,0.104
2024/2025,FCT,NC,savanna,4802443,20,2024-11-11,2024,46,2993,79,6,62.322,1.645,0.125
2024/2025,FCT,NC,savanna,4802443,21,2024-11-18,2024,47,697,13,0,14.513,0.271,0.0
2024/2025,FCT,NC,savanna,4802443,22,2024-11-25,2024,48,611,4,2,12.723,0.083,0.042
2024/2025,FCT,NC,savanna,4802443,23,2024-12-02,2024,49,1489,13,1,31.005,0.271,0.021
2024/2025,FCT,NC,savanna,4802443,24,2024-12-09,2024,50,2229,45,1,46.414,0.937,0.021
2024/2025,FCT,NC,savanna,4802443,25,2024-12-16,2024,51,3714,115,3,77.336,2.395,0.062
2024/2025,FCT,NC,savanna,4802443,26,2024-12-23,2024,52,7984,186,7,166.249,3.873,0.146
2024/2025,FCT,NC,savanna,4802443,27,2024-12-30,2025,1,27446,382,45,571.501,7.954,0.937
2024/2025,FCT,NC,savanna,4802443,28,2025-01-06,2025,2,63470,897,20,1321.619,18.678,0.416
2024/2025,FCT,NC,savanna,4802443,29,2025-01-13,2025,3,85473,1325,65,1779.782,27.59,1.353
2024/2025,FCT,NC,savanna,4802443,30,2025-01-20,2025,4,45267,694,46,942.583,14.451,0.958
2024/2025,FCT,NC,savanna,4802443,31,2025-01-27,2025,5,13444,230,20,279.941,4.789,0.416
2024/2025,FCT,NC,savanna,4802443,32,2025-02-03,2025,6,3976,88,7,82.791,1.832,0.146
2024/2025,FCT,NC,savanna,4802443,33,2025-02-10,2025,7,1133,17,0,23.592,0.354,0.0
2024/2025,FCT,NC,savanna,4802443,34,2025-02-17,2025,8,362,2,0,7.538,0.042,0.0
2024/2025,FCT,NC,savanna,4802443,35,2025-02-24,2025,9,211,3,0,4.394,0.062,0.0
2024/2025,FCT,NC,savanna,4802443,36,2025-03-03,2025,10,251,6,0,5.227,0.125,0.0
2024/2025,FCT,NC,savanna,4802443,37,2025-03-10,2025,11,264,8,0,5.497,0.167,0.0
2024/2025,FCT,NC,savanna,4802443,38,2025-03-17,2025,12,157,2,0,3.269,0.042,0.0
2024/2025,FCT,NC,savanna,4802443,39,2025-03-24,2025,13,209,10,0,4.352,0.208,0.0
2024/2025,FCT,NC,savanna,4802443,40,2025-03-31,2025,14,326,7,0,6.788,0.146,0.0
2024/2025,FCT,NC,savanna,4802443,41,2025-04-07,2025,15,194,2,0,4.04,0.042,0.0
2024/2025,FCT,NC,savanna,4802443,42,2025-04-14,2025,16,152,4,0,3.165,0.083,0.0
2024/2025,FCT,NC,savanna,4802443,43,2025-04-21,2025,17,201,1,0,4.185,0.021,0.0
2024/2025,FCT,NC,savanna,4802443,44,2025-04-28,2025,18,118,1,0,2.457,0.021,0.0
2024/2025,FCT,NC,savanna,4802443,45,2025-05-05,2025,19,248,6,1,5.164,0.125,0.021
2024/2025,FCT,NC,savanna,4802443,46,2025-05-12,2025,20,150,8,0,3.123,0.167,0.0
2024/2025,FCT,NC,savanna,4802443,47,2025-05-19,2025,21,164,5,0,3.415,0.104,0.0
2024/2025,FCT,NC,savanna,4802443,48,2025-05-26,2025,22,104,4,0,2.166,0.083,0.0
2024/2025,FCT,NC,savanna,4802443,49,2025-06-02,2025,23,262,6,1,5.456,0.125,0.021
2024/2025,FCT,NC,savanna,4802443,50,2025-06-09,2025,24,196,7,0,4.081,0.146,0.0
2024/2025,FCT,NC,savanna,4802443,51,2025-06-16,2025,25,347,6,0,7.225,0.125,0.0
2024/2025,FCT,NC,savanna,4802443,52,2025-06-23,2025,26,160,9,0,3.332,0.187,0.0
2024/2025,Gombe,NE,sahel,4623462,1,2024-07-01,2024,27,1092,15,5,23.619,0.324,0.108
2024/2025,Gombe,NE,sahel,4623462,2,2024-07-08,2024,28,180,4,0,3.893,0.087,0.0
2024/2025,Gombe,NE,sahel,4623462,3,2024-07-15,2024,29,145,3,0,3.136,0.065,0.0
2024/2025,Gombe,NE,sahel,4623462,4,2024-07-22,2024,30,198,2,0,4.283,0.043,0.0
2024/2025,Gombe,NE,sahel,4623462,5,2024-07-29,2024,31,293,2,0,6.337,0.043,0.0
2024/2025,Gombe,NE,sahel,4623462,6,2024-08-05,2024,32,286,4,0,6.186,0.087,0.0
2024/2025,Gombe,NE,sahel,4623462,7,2024-08-12,2024,33,208,0,0,4.499,0.0,0.0
2024/2025,Gombe,NE,sahel,4623462,8,2024-08-19,2024,34,134,5,0,2.898,0.108,0.0
2024/2025,Gombe,NE,sahel,4623462,9,2024-08-26,2024,35,212,5,3,4.585,0.108,0.065
2024/2025,Gombe,NE,sahel,4623462,10,2024-09-02,2024,36,404,4,0,8.738,0.087,0.0
2024/2025,Gombe,NE,sahel,4623462,11,2024-09-09,2024,37,485,7,0,10.49,0.151,0.0
2024/2025,Gombe,NE,sahel,4623462,12,2024-09-16,2024,38,692,7,0,14.967,0.151,0.0
2024/2025,Gombe,NE,sahel,4623462,13,2024-09-23,2024,39,1534,30,1,33.179,0.649,0.022
2024/2025,Gombe,NE,sahel,4623462,14,2024-09-30,2024,40,2806,59,10,60.69,1.276,0.216
2024/2025,Gombe,NE,sahel,4623462,15,2024-10-07,2024,41,15557,124,51,336.479,2.682,1.103
2024/2025,Gombe,NE,sahel,4623462,16,2024-10-14,2024,42,55889,314,79,1208.813,6.791,1.709
2024/2025,Gombe,NE,sahel,4623462,17,2024-10-21,2024,43,98816,998,99,2137.273,21.586,2.141
2024/2025,Gombe,NE,sahel,4623462,18,2024-10-28,2024,44,106489,1103,169,2303.231,23.857,3.655
2024/2025,Gombe,NE,sahel,4623462,19,2024-11-04,2024,45,57404,759,114,1241.58,16.416,2.466
2024/2025,Gombe,NE,sahel,4623462,20,2024-11-11,2024,46,33245,622,51,719.05,13.453,1.103
2024/2025,Gombe,NE,sahel,4623462,21,2024-11-18,2024,47,3630,73,7,78.513,1.579,0.151
2024/2025,Gombe,NE,sahel,4623462,22,2024-11-25,2024,48,1714,9,2,37.072,0.195,0.043
2024/2025,Gombe,NE,sahel,4623462,23,2024-12-02,2024,49,910,18,2,19.682,0.389,0.043
2024/2025,Gombe,NE,sahel,4623462,24,2024-12-09,2024,50,2181,44,4,47.172,0.952,0.087
2024/2025,Gombe,NE,sahel,4623462,25,2024-12-16,2024,51,5746,57,5,124.279,1.233,0.108
2024/2025,Gombe,NE,sahel,4623462,26,2024-12-23,2024,52,20124,115,12,435.258,2.487,0.26
2024/2025,Gombe,NE,sahel,4623462,27,2024-12-30,2025,1,35478,491,68,767.347,10.62,1.471
2024/2025,Gombe,NE,sahel,4623462,28,2025-01-06,2025,2,90347,1313,54,1954.098,28.399,1.168
2024/2025,Gombe,NE,sahel,4623462,29,2025-01-13,2025,3,72356,984,120,1564.974,21.283,2.595
2024/2025,Gombe,NE,sahel,4623462,30,2025-01-20,2025,4,51941,844,120,1123.422,18.255,2.595
2024/2025,Gombe,NE,sahel,4623462,31,2025-01-27,2025,5,22832,363,45,493.829,7.851,0.973
2024/2025,Gombe,NE,sahel,4623462,32,2025-02-03,2025,6,5166,137,21,111.734,2.963,0.454
2024/2025,Gombe,NE,sahel,4623462,33,2025-02-10,2025,7,1230,11,3,26.603,0.238,0.065
2024/2025,Gombe,NE,sahel,4623462,34,2025-02-17,2025,8,500,4,1,10.814,0.087,0.022
2024/2025,Gombe,NE,sahel,4623462,35,2025-02-24,2025,9,295,0,0,6.381,0.0,0.0
2024/2025,Gombe,NE,sahel,4623462,36,2025-03-03,2025,10,178,1,2,3.85,0.022,0.043
2024/2025,Gombe,NE,sahel,4623462,37,2025-03-10,2025,11,170,4,0,3.677,0.087,0.0
2024/2025,Gombe,NE,sahel,4623462,38,2025-03-17,2025,12,293,4,0,6.337,0.087,0.0
2024/2025,Gombe,NE,sahel,4623462,39,2025-03-24,2025,13,169,3,1,3.655,0.065,0.022
2024/2025,Gombe,NE,sahel,4623462,40,2025-03-31,2025,14,250,4,1,5.407,0.087,0.022
2024/2025,Gombe,NE,sahel,4623462,41,2025-04-07,2025,15,169,3,0,3.655,0.065,0.0
2024/2025,Gombe,NE,sahel,4623462,42,2025-04-14,2025,16,341,5,0,7.375,0.108,0.0
2024/2025,Gombe,NE,sahel,4623462,43,2025-04-21,2025,17,181,2,0,3.915,0.043,0.0
2024/2025,Gombe,NE,sahel,4623462,44,2025-04-28,2025,18,244,3,1,5.277,0.065,0.022
2024/2025,Gombe,NE,sahel,4623462,45,2025-05-05,2025,19,269,1,0,5.818,0.022,0.0
2024/2025,Gombe,NE,sahel,4623462,46,2025-05-12,2025,20,193,4,1,4.174,0.087,0.022
2024/2025,Gombe,NE,sahel,4623462,47,2025-05-19,2025,21,178,1,0,3.85,0.022,0.0
2024/2025,Gombe,NE,sahel,4623462,48,2025-05-26,2025,22,243,1,0,5.256,0.022,0.0
2024/2025,Gombe,NE,sahel,4623462,49,2025-06-02,2025,23,273,3,0,5.905,0.065,0.0
2024/2025,Gombe,NE,sahel,4623462,50,2025-06-09,2025,24,262,0,1,5.667,0.0,0.022
2024/2025,Gombe,NE,sahel,4623462,51,2025-06-16,2025,25,330,3,0,7.138,0.065,0.0
2024/2025,Gombe,NE,sahel,4623462,52,2025-06-23,2025,26,193,3,0,4.174,0.065,0.0
2024/2025,Yobe,NE,sahel,4350401,1,2024-07-01,2024,27,1109,9,1,25.492,0.207,0.023
2024/2025,Yobe,NE,sahel,4350401,2,2024-07-08,2024,28,186,2,0,4.275,0.046,0.0
2024/2025,Yobe,NE,sahel,4350401,3,2024-07-15,2024,29,148,0,0,3.402,0.0,0.0
2024/2025,Yobe,NE,sahel,4350401,4,2024-07-22,2024,30,129,4,0,2.965,0.092,0.0
2024/2025,Yobe,NE,sahel,4350401,5,2024-07-29,2024,31,185,1,0,4.252,0.023,0.0
2024/2025,Yobe,NE,sahel,4350401,6,2024-08-05,2024,32,298,2,0,6.85,0.046,0.0
2024/2025,Yobe,NE,sahel,4350401,7,2024-08-12,2024,33,172,4,0,3.954,0.092,0.0
2024/2025,Yobe,NE,sahel,4350401,8,2024-08-19,2024,34,158,8,2,3.632,0.184,0.046
2024/2025,Yobe,NE,sahel,4350401,9,2024-08-26,2024,35,186,4,0,4.275,0.092,0.0
2024/2025,Yobe,NE,sahel,4350401,10,2024-09-02,2024,36,313,5,1,7.195,0.115,0.023
2024/2025,Yobe,NE,sahel,4350401,11,2024-09-09,2024,37,409,10,0,9.401,0.23,0.0
2024/2025,Yobe,NE,sahel,4350401,12,2024-09-16,2024,38,511,3,3,11.746,0.069,0.069
2024/2025,Yobe,NE,sahel,4350401,13,2024-09-23,2024,39,2087,12,1,47.973,0.276,0.023
2024/2025,Yobe,NE,sahel,4350401,14,2024-09-30,2024,40,6624,46,6,152.262,1.057,0.138
2024/2025,Yobe,NE,sahel,4350401,15,2024-10-07,2024,41,17925,126,23,412.031,2.896,0.529
2024/2025,Yobe,NE,sahel,4350401,16,2024-10-14,2024,42,39503,666,91,908.031,15.309,2.092
2024/2025,Yobe,NE,sahel,4350401,17,2024-10-21,2024,43,61518,893,174,1414.077,20.527,4.0
2024/2025,Yobe,NE,sahel,4350401,18,2024-10-28,2024,44,93618,1210,186,2151.94,27.814,4.275
2024/2025,Yobe,NE,sahel,4350401,19,2024-11-04,2024,45,73629,692,103,1692.465,15.907,2.368
2024/2025,Yobe,NE,sahel,4350401,20,2024-11-11,2024,46,17723,264,43,407.388,6.068,0.988
2024/2025,Yobe,NE,sahel,4350401,21,2024-11-18,2024,47,5312,72,7,122.104,1.655,0.161
2024/2025,Yobe,NE,sahel,4350401,22,2024-11-25,2024,48,1138,16,3,26.159,0.368,0.069
2024/2025,Yobe,NE,sahel,4350401,23,2024-12-02,2024,49,662,15,2,15.217,0.345,0.046
2024/2025,Yobe,NE,sahel,4350401,24,2024-12-09,2024,50,2277,15,2,52.34,0.345,0.046
2024/2025,Yobe,NE,sahel,4350401,25,2024-12-16,2024,51,7369,61,13,169.387,1.402,0.299
2024/2025,Yobe,NE,sahel,4350401,26,2024-12-23,2024,52,11846,103,21,272.297,2.368,0.483
2024/2025,Yobe,NE,sahel,4350401,27,2024-12-30,2025,1,46564,269,53,1070.338,6.183,1.218
2024/2025,Yobe,NE,sahel,4350401,28,2025-01-06,2025,2,40033,507,76,920.214,11.654,1.747
2024/2025,Yobe,NE,sahel,4350401,29,2025-01-13,2025,3,66965,853,164,1539.283,19.607,3.77
2024/2025,Yobe,NE,sahel,4350401,30,2025-01-20,2025,4,40923,845,61,940.672,19.423,1.402
2024/2025,Yobe,NE,sahel,4350401,31,2025-01-27,2025,5,26648,240,53,612.541,5.517,1.218
2024/2025,Yobe,NE,sahel,4350401,32,2025-02-03,2025,6,5213,65,9,119.828,1.494,0.207
2024/2025,Yobe,NE,sahel,4350401,33,2025-02-10,2025,7,1677,13,4,38.548,0.299,0.092
2024/2025,Yobe,NE,sahel,4350401,34,2025-02-17,2025,8,229,2,0,5.264,0.046,0.0
2024/2025,Yobe,NE,sahel,4350401,35,2025-02-24,2025,9,231,0,0,5.31,0.0,0.0
2024/2025,Yobe,NE,sahel,4350401,36,2025-03-03,2025,10,205,0,1,4.712,0.0,0.023
2024/2025,Yobe,NE,sahel,4350401,37,2025-03-10,2025,11,140,2,0,3.218,0.046,0.0
2024/2025,Yobe,NE,sahel,4350401,38,2025-03-17,2025,12,145,1,1,3.333,0.023,0.023
2024/2025,Yobe,NE,sahel,4350401,39,2025-03-24,2025,13,208,3,0,4.781,0.069,0.0
2024/2025,Yobe,NE,sahel,4350401,40,2025-03-31,2025,14,277,3,0,6.367,0.069,0.0
2024/2025,Yobe,NE,sahel,4350401,41,2025-04-07,2025,15,267,5,1,6.137,0.115,0.023
2024/2025,Yobe,NE,sahel,4350401,42,2025-04-14,2025,16,168,3,0,3.862,0.069,0.0
2024/2025,Yobe,NE,sahel,4350401,43,2025-04-21,2025,17,269,6,0,6.183,0.138,0.0
2024/2025,Yobe,NE,sahel,4350401,44,2025-04-28,2025,18,138,4,2,3.172,0.092,0.046
2024/2025,Yobe,NE,sahel,4350401,45,2025-05-05,2025,19,278,2,1,6.39,0.046,0.023
2024/2025,Yobe,NE,sahel,4350401,46,2025-05-12,2025,20,295,2,1,6.781,0.046,0.023
2024/2025,Yobe,NE,sahel,4350401,47,2025-05-19,2025,21,140,2,0,3.218,0.046,0.0
2024/2025,Yobe,NE,sahel,4350401,48,2025-05-26,2025,22,135,2,0,3.103,0.046,0.0
2024/2025,Yobe,NE,sahel,4350401,49,2025-06-02,2025,23,100,4,1,2.299,0.092,0.023
2024/2025,Yobe,NE,sahel,4350401,50,2025-06-09,2025,24,211,3,1,4.85,0.069,0.023
2024/2025,Yobe,NE,sahel,4350401,51,2025-06-16,2025,25,268,1,0,6.16,0.023,0.0
2024/2025,Yobe,NE,sahel,4350401,52,2025-06-23,2025,26,203,4,1,4.666,0.092,0.023
2024/2025,Taraba,NE,savanna,4331885,1,2024-07-01,2024,27,1045,7,2,24.123,0.162,0.046
2024/2025,Taraba,NE,savanna,4331885,2,2024-07-08,2024,28,55,0,0,1.27,0.0,0.0
2024/2025,Taraba,NE,savanna,4331885,3,2024-07-15,2024,29,160,0,0,3.694,0.0,0.0
2024/2025,Taraba,NE,savanna,4331885,4,2024-07-22,2024,30,157,3,0,3.624,0.069,0.0
2024/2025,Taraba,NE,savanna,4331885,5,2024-07-29,2024,31,174,1,0,4.017,0.023,0.0
2024/2025,Taraba,NE,savanna,4331885,6,2024-08-05,2024,32,104,1,0,2.401,0.023,0.0
2024/2025,Taraba,NE,savanna,4331885,7,2024-08-12,2024,33,153,1,1,3.532,0.023,0.023
2024/2025,Taraba,NE,savanna,4331885,8,2024-08-19,2024,34,234,2,0,5.402,0.046,0.0
2024/2025,Taraba,NE,savanna,4331885,9,2024-08-26,2024,35,347,3,0,8.01,0.069,0.0
2024/2025,Taraba,NE,savanna,4331885,10,2024-09-02,2024,36,468,6,0,10.804,0.139,0.0
2024/2025,Taraba,NE,savanna,4331885,11,2024-09-09,2024,37,814,12,1,18.791,0.277,0.023
2024/2025,Taraba,NE,savanna,4331885,12,2024-09-16,2024,38,3103,33,2,71.632,0.762,0.046
2024/2025,Taraba,NE,savanna,4331885,13,2024-09-23,2024,39,5610,80,17,129.505,1.847,0.392
2024/2025,Taraba,NE,savanna,4331885,14,2024-09-30,2024,40,28462,355,59,657.035,8.195,1.362
2024/2025,Taraba,NE,savanna,4331885,15,2024-10-07,2024,41,40622,874,52,937.744,20.176,1.2
2024/2025,Taraba,NE,savanna,4331885,16,2024-10-14,2024,42,74263,1420,252,1714.335,32.78,5.817
2024/2025,Taraba,NE,savanna,4331885,17,2024-10-21,2024,43,74885,400,137,1728.693,9.234,3.163
2024/2025,Taraba,NE,savanna,4331885,18,2024-10-28,2024,44,27633,481,131,637.898,11.104,3.024
2024/2025,Taraba,NE,savanna,4331885,19,2024-11-04,2024,45,21979,199,32,507.377,4.594,0.739
2024/2025,Taraba,NE,savanna,4331885,20,2024-11-11,2024,46,2294,43,8,52.956,0.993,0.185
2024/2025,Taraba,NE,savanna,4331885,21,2024-11-18,2024,47,391,11,1,9.026,0.254,0.023
2024/2025,Taraba,NE,savanna,4331885,22,2024-11-25,2024,48,398,7,2,9.188,0.162,0.046
2024/2025,Taraba,NE,savanna,4331885,23,2024-12-02,2024,49,869,12,1,20.061,0.277,0.023
2024/2025,Taraba,NE,savanna,4331885,24,2024-12-09,2024,50,3708,35,3,85.598,0.808,0.069
2024/2025,Taraba,NE,savanna,4331885,25,2024-12-16,2024,51,5477,54,1,126.435,1.247,0.023
2024/2025,Taraba,NE,savanna,4331885,26,2024-12-23,2024,52,7761,192,25,179.16,4.432,0.577
2024/2025,Taraba,NE,savanna,4331885,27,2024-12-30,2025,1,17340,374,42,400.288,8.634,0.97
2024/2025,Taraba,NE,savanna,4331885,28,2025-01-06,2025,2,35168,380,113,811.841,8.772,2.609
2024/2025,Taraba,NE,savanna,4331885,29,2025-01-13,2025,3,84342,658,157,1947.005,15.19,3.624
2024/2025,Taraba,NE,savanna,4331885,30,2025-01-20,2025,4,49857,318,74,1150.931,7.341,1.708
2024/2025,Taraba,NE,savanna,4331885,31,2025-01-27,2025,5,14554,211,28,335.974,4.871,0.646
2024/2025,Taraba,NE,savanna,4331885,32,2025-02-03,2025,6,3995,94,8,92.223,2.17,0.185
2024/2025,Taraba,NE,savanna,4331885,33,2025-02-10,2025,7,692,24,1,15.975,0.554,0.023
2024/2025,Taraba,NE,savanna,4331885,34,2025-02-17,2025,8,267,5,1,6.164,0.115,0.023
2024/2025,Taraba,NE,savanna,4331885,35,2025-02-24,2025,9,132,3,0,3.047,0.069,0.0
2024/2025,Taraba,NE,savanna,4331885,36,2025-03-03,2025,10,207,2,0,4.779,0.046,0.0
2024/2025,Taraba,NE,savanna,4331885,37,2025-03-10,2025,11,171,1,1,3.947,0.023,0.023
2024/2025,Taraba,NE,savanna,4331885,38,2025-03-17,2025,12,100,3,1,2.308,0.069,0.023
2024/2025,Taraba,NE,savanna,4331885,39,2025-03-24,2025,13,109,0,2,2.516,0.0,0.046
2024/2025,Taraba,NE,savanna,4331885,40,2025-03-31,2025,14,321,2,0,7.41,0.046,0.0
2024/2025,Taraba,NE,savanna,4331885,41,2025-04-07,2025,15,69,4,0,1.593,0.092,0.0
2024/2025,Taraba,NE,savanna,4331885,42,2025-04-14,2025,16,235,4,0,5.425,0.092,0.0
2024/2025,Taraba,NE,savanna,4331885,43,2025-04-21,2025,17,206,1,0,4.755,0.023,0.0
2024/2025,Taraba,NE,savanna,4331885,44,2025-04-28,2025,18,177,0,0,4.086,0.0,0.0
2024/2025,Taraba,NE,savanna,4331885,45,2025-05-05,2025,19,88,3,0,2.031,0.069,0.0
2024/2025,Taraba,NE,savanna,4331885,46,2025-05-12,2025,20,200,0,1,4.617,0.0,0.023
2024/2025,Taraba,NE,savanna,4331885,47,2025-05-19,2025,21,238,2,1,5.494,0.046,0.023
2024/2025,Taraba,NE,savanna,4331885,48,2025-05-26,2025,22,157,2,0,3.624,0.046,0.0
2024/2025,Taraba,NE,savanna,4331885,49,2025-06-02,2025,23,174,4,0,4.017,0.092,0.0
2024/2025,Taraba,NE,savanna,4331885,50,2025-06-09,2025,24,171,2,0,3.947,0.046,0.0
2024/2025,Taraba,NE,savanna,4331885,51,2025-06-16,2025,25,309,3,0,7.133,0.069,0.0
2024/2025,Taraba,NE,savanna,4331885,52,2025-06-23,2025,26,221,0,1,5.102,0.0,0.023
2024/2025,Kwara,NC,savanna,4259613,1,2024-07-01,2024,27,1140,17,3,26.763,0.399,0.07
2024/2025,Kwara,NC,savanna,4259613,2,2024-07-08,2024,28,89,3,0,2.089,0.07,0.0
2024/2025,Kwara,NC,savanna,4259613,3,2024-07-15,2024,29,239,0,0,5.611,0.0,0.0
2024/2025,Kwara,NC,savanna,4259613,4,2024-07-22,2024,30,206,5,0,4.836,0.117,0.0
2024/2025,Kwara,NC,savanna,4259613,5,2024-07-29,2024,31,223,4,0,5.235,0.094,0.0
2024/2025,Kwara,NC,savanna,4259613,6,2024-08-05,2024,32,151,4,0,3.545,0.094,0.0
2024/2025,Kwara,NC,savanna,4259613,7,2024-08-12,2024,33,187,3,0,4.39,0.07,0.0
2024/2025,Kwara,NC,savanna,4259613,8,2024-08-19,2024,34,286,7,0,6.714,0.164,0.0
2024/2025,Kwara,NC,savanna,4259613,9,2024-08-26,2024,35,220,3,0,5.165,0.07,0.0
2024/2025,Kwara,NC,savanna,4259613,10,2024-09-02,2024,36,430,11,0,10.095,0.258,0.0
2024/2025,Kwara,NC,savanna,4259613,11,2024-09-09,2024,37,1299,18,0,30.496,0.423,0.0
2024/2025,Kwara,NC,savanna,4259613,12,2024-09-16,2024,38,2300,44,1,53.996,1.033,0.023
2024/2025,Kwara,NC,savanna,4259613,13,2024-09-23,2024,39,7348,161,9,172.504,3.78,0.211
2024/2025,Kwara,NC,savanna,4259613,14,2024-09-30,2024,40,22797,489,22,535.189,11.48,0.516
2024/2025,Kwara,NC,savanna,4259613,15,2024-10-07,2024,41,53493,950,80,1255.818,22.302,1.878
2024/2025,Kwara,NC,savanna,4259613,16,2024-10-14,2024,42,114192,1013,99,2680.807,23.782,2.324
2024/2025,Kwara,NC,savanna,4259613,17,2024-10-21,2024,43,74973,1234,137,1760.089,28.97,3.216
2024/2025,Kwara,NC,savanna,4259613,18,2024-10-28,2024,44,56309,686,40,1321.928,16.105,0.939
2024/2025,Kwara,NC,savanna,4259613,19,2024-11-04,2024,45,16236,125,16,381.161,2.935,0.376
2024/2025,Kwara,NC,savanna,4259613,20,2024-11-11,2024,46,3153,37,4,74.021,0.869,0.094
2024/2025,Kwara,NC,savanna,4259613,21,2024-11-18,2024,47,478,4,0,11.222,0.094,0.0
2024/2025,Kwara,NC,savanna,4259613,22,2024-11-25,2024,48,435,6,0,10.212,0.141,0.0
2024/2025,Kwara,NC,savanna,4259613,23,2024-12-02,2024,49,642,13,0,15.072,0.305,0.0
2024/2025,Kwara,NC,savanna,4259613,24,2024-12-09,2024,50,1559,19,1,36.6,0.446,0.023
2024/2025,Kwara,NC,savanna,4259613,25,2024-12-16,2024,51,3604,52,5,84.609,1.221,0.117
2024/2025,Kwara,NC,savanna,4259613,26,2024-12-23,2024,52,6560,129,23,154.005,3.028,0.54
2024/2025,Kwara,NC,savanna,4259613,27,2024-12-30,2025,1,30907,309,32,725.582,7.254,0.751
2024/2025,Kwara,NC,savanna,4259613,28,2025-01-06,2025,2,29776,619,37,699.031,14.532,0.869
2024/2025,Kwara,NC,savanna,4259613,29,2025-01-13,2025,3,34707,541,80,814.792,12.701,1.878
2024/2025,Kwara,NC,savanna,4259613,30,2025-01-20,2025,4,56686,1065,57,1330.778,25.002,1.338
2024/2025,Kwara,NC,savanna,4259613,31,2025-01-27,2025,5,25861,454,45,607.121,10.658,1.056
2024/2025,Kwara,NC,savanna,4259613,32,2025-02-03,2025,6,4346,65,6,102.028,1.526,0.141
2024/2025,Kwara,NC,savanna,4259613,33,2025-02-10,2025,7,849,7,0,19.931,0.164,0.0
2024/2025,Kwara,NC,savanna,4259613,34,2025-02-17,2025,8,223,4,0,5.235,0.094,0.0
2024/2025,Kwara,NC,savanna,4259613,35,2025-02-24,2025,9,107,5,0,2.512,0.117,0.0
2024/2025,Kwara,NC,savanna,4259613,36,2025-03-03,2025,10,171,0,0,4.014,0.0,0.0
2024/2025,Kwara,NC,savanna,4259613,37,2025-03-10,2025,11,241,1,0,5.658,0.023,0.0
2024/2025,Kwara,NC,savanna,4259613,38,2025-03-17,2025,12,206,1,1,4.836,0.023,0.023
2024/2025,Kwara,NC,savanna,4259613,39,2025-03-24,2025,13,234,5,0,5.493,0.117,0.0
2024/2025,Kwara,NC,savanna,4259613,40,2025-03-31,2025,14,161,2,0,3.78,0.047,0.0
2024/2025,Kwara,NC,savanna,4259613,41,2025-04-07,2025,15,115,3,1,2.7,0.07,0.023
2024/2025,Kwara,NC,savanna,4259613,42,2025-04-14,2025,16,202,1,1,4.742,0.023,0.023
2024/2025,Kwara,NC,savanna,4259613,43,2025-04-21,2025,17,173,1,0,4.061,0.023,0.0
2024/2025,Kwara,NC,savanna,4259613,44,2025-04-28,2025,18,197,4,0,4.625,0.094,0.0
2024/2025,Kwara,NC,savanna,4259613,45,2025-05-05,2025,19,190,2,0,4.46,0.047,0.0
2024/2025,Kwara,NC,savanna,4259613,46,2025-05-12,2025,20,159,4,0,3.733,0.094,0.0
2024/2025,Kwara,NC,savanna,4259613,47,2025-05-19,2025,21,187,2,0,4.39,0.047,0.0
2024/2025,Kwara,NC,savanna,4259613,48,2025-05-26,2025,22,249,1,1,5.846,0.023,0.023
2024/2025,Kwara,NC,savanna,4259613,49,2025-06-02,2025,23,172,3,0,4.038,0.07,0.0
2024/2025,Kwara,NC,savanna,4259613,50,2025-06-09,2025,24,102,2,1,2.395,0.047,0.023
2024/2025,Kwara,NC,savanna,4259613,51,2025-06-16,2025,25,226,1,0,5.306,0.023,0.0
2024/2025,Kwara,NC,savanna,4259613,52,2025-06-23,2025,26,123,2,0,2.888,0.047,0.0
2024/2025,Osun,SW,tropical,4237396,1,2024-07-01,2024,27,921,11,1,21.735,0.26,0.024
2024/2025,Osun,SW,tropical,4237396,2,2024-07-08,2024,28,129,1,1,3.044,0.024,0.024
2024/2025,Osun,SW,tropical,4237396,3,2024-07-15,2024,29,81,4,0,1.912,0.094,0.0
2024/2025,Osun,SW,tropical,4237396,4,2024-07-22,2024,30,144,4,0,3.398,0.094,0.0
2024/2025,Osun,SW,tropical,4237396,5,2024-07-29,2024,31,213,1,0,5.027,0.024,0.0
2024/2025,Osun,SW,tropical,4237396,6,2024-08-05,2024,32,258,2,0,6.089,0.047,0.0
2024/2025,Osun,SW,tropical,4237396,7,2024-08-12,2024,33,215,3,0,5.074,0.071,0.0
2024/2025,Osun,SW,tropical,4237396,8,2024-08-19,2024,34,244,1,1,5.758,0.024,0.024
2024/2025,Osun,SW,tropical,4237396,9,2024-08-26,2024,35,406,10,1,9.581,0.236,0.024
2024/2025,Osun,SW,tropical,4237396,10,2024-09-02,2024,36,1424,12,1,33.606,0.283,0.024
2024/2025,Osun,SW,tropical,4237396,11,2024-09-09,2024,37,3219,26,6,75.966,0.614,0.142
2024/2025,Osun,SW,tropical,4237396,12,2024-09-16,2024,38,15334,140,16,361.873,3.304,0.378
2024/2025,Osun,SW,tropical,4237396,13,2024-09-23,2024,39,30319,412,41,715.51,9.723,0.968
2024/2025,Osun,SW,tropical,4237396,14,2024-09-30,2024,40,82906,1178,109,1956.532,27.8,2.572
2024/2025,Osun,SW,tropical,4237396,15,2024-10-07,2024,41,162563,984,178,3836.389,23.222,4.201
2024/2025,Osun,SW,tropical,4237396,16,2024-10-14,2024,42,114312,2074,95,2697.695,48.945,2.242
2024/2025,Osun,SW,tropical,4237396,17,2024-10-21,2024,43,66452,1206,40,1568.227,28.461,0.944
2024/2025,Osun,SW,tropical,4237396,18,2024-10-28,2024,44,19608,273,34,462.737,6.443,0.802
2024/2025,Osun,SW,tropical,4237396,19,2024-11-04,2024,45,2499,29,5,58.975,0.684,0.118
2024/2025,Osun,SW,tropical,4237396,20,2024-11-11,2024,46,253,4,1,5.971,0.094,0.024
2024/2025,Osun,SW,tropical,4237396,21,2024-11-18,2024,47,157,3,0,3.705,0.071,0.0
2024/2025,Osun,SW,tropical,4237396,22,2024-11-25,2024,48,249,7,0,5.876,0.165,0.0
2024/2025,Osun,SW,tropical,4237396,23,2024-12-02,2024,49,568,11,0,13.404,0.26,0.0
2024/2025,Osun,SW,tropical,4237396,24,2024-12-09,2024,50,866,13,3,20.437,0.307,0.071
2024/2025,Osun,SW,tropical,4237396,25,2024-12-16,2024,51,1736,49,3,40.969,1.156,0.071
2024/2025,Osun,SW,tropical,4237396,26,2024-12-23,2024,52,7341,138,10,173.243,3.257,0.236
2024/2025,Osun,SW,tropical,4237396,27,2024-12-30,2025,1,22817,369,17,538.467,8.708,0.401
2024/2025,Osun,SW,tropical,4237396,28,2025-01-06,2025,2,39177,668,19,924.554,15.764,0.448
2024/2025,Osun,SW,tropical,4237396,29,2025-01-13,2025,3,44941,786,52,1060.581,18.549,1.227
2024/2025,Osun,SW,tropical,4237396,30,2025-01-20,2025,4,17113,310,26,403.857,7.316,0.614
2024/2025,Osun,SW,tropical,4237396,31,2025-01-27,2025,5,11115,101,16,262.307,2.384,0.378
2024/2025,Osun,SW,tropical,4237396,32,2025-02-03,2025,6,3634,50,1,85.76,1.18,0.024
2024/2025,Osun,SW,tropical,4237396,33,2025-02-10,2025,7,802,6,0,18.927,0.142,0.0
2024/2025,Osun,SW,tropical,4237396,34,2025-02-17,2025,8,117,3,0,2.761,0.071,0.0
2024/2025,Osun,SW,tropical,4237396,35,2025-02-24,2025,9,99,4,0,2.336,0.094,0.0
2024/2025,Osun,SW,tropical,4237396,36,2025-03-03,2025,10,115,3,0,2.714,0.071,0.0
2024/2025,Osun,SW,tropical,4237396,37,2025-03-10,2025,11,123,3,0,2.903,0.071,0.0
2024/2025,Osun,SW,tropical,4237396,38,2025-03-17,2025,12,91,2,1,2.148,0.047,0.024
2024/2025,Osun,SW,tropical,4237396,39,2025-03-24,2025,13,186,2,0,4.389,0.047,0.0
2024/2025,Osun,SW,tropical,4237396,40,2025-03-31,2025,14,75,2,0,1.77,0.047,0.0
2024/2025,Osun,SW,tropical,4237396,41,2025-04-07,2025,15,88,1,0,2.077,0.024,0.0
2024/2025,Osun,SW,tropical,4237396,42,2025-04-14,2025,16,143,0,1,3.375,0.0,0.024
2024/2025,Osun,SW,tropical,4237396,43,2025-04-21,2025,17,136,4,0,3.21,0.094,0.0
2024/2025,Osun,SW,tropical,4237396,44,2025-04-28,2025,18,95,2,0,2.242,0.047,0.0
2024/2025,Osun,SW,tropical,4237396,45,2025-05-05,2025,19,138,2,0,3.257,0.047,0.0
2024/2025,Osun,SW,tropical,4237396,46,2025-05-12,2025,20,155,1,0,3.658,0.024,0.0
2024/2025,Osun,SW,tropical,4237396,47,2025-05-19,2025,21,119,3,0,2.808,0.071,0.0
2024/2025,Osun,SW,tropical,4237396,48,2025-05-26,2025,22,194,2,0,4.578,0.047,0.0
2024/2025,Osun,SW,tropical,4237396,49,2025-06-02,2025,23,149,2,0,3.516,0.047,0.0
2024/2025,Osun,SW,tropical,4237396,50,2025-06-09,2025,24,197,2,0,4.649,0.047,0.0
2024/2025,Osun,SW,tropical,4237396,51,2025-06-16,2025,25,88,0,0,2.077,0.0,0.0
2024/2025,Osun,SW,tropical,4237396,52,2025-06-23,2025,26,129,2,0,3.044,0.047,0.0
2024/2025,Cross River,SS,tropical,4175020,1,2024-07-01,2024,27,922,6,0,22.084,0.144,0.0
2024/2025,Cross River,SS,tropical,4175020,2,2024-07-08,2024,28,102,2,0,2.443,0.048,0.0
2024/2025,Cross River,SS,tropical,4175020,3,2024-07-15,2024,29,123,3,0,2.946,0.072,0.0
2024/2025,Cross River,SS,tropical,4175020,4,2024-07-22,2024,30,119,1,1,2.85,0.024,0.024
2024/2025,Cross River,SS,tropical,4175020,5,2024-07-29,2024,31,83,0,0,1.988,0.0,0.0
2024/2025,Cross River,SS,tropical,4175020,6,2024-08-05,2024,32,180,1,0,4.311,0.024,0.0
2024/2025,Cross River,SS,tropical,4175020,7,2024-08-12,2024,33,176,3,1,4.216,0.072,0.024
2024/2025,Cross River,SS,tropical,4175020,8,2024-08-19,2024,34,233,5,0,5.581,0.12,0.0
2024/2025,Cross River,SS,tropical,4175020,9,2024-08-26,2024,35,374,8,1,8.958,0.192,0.024
2024/2025,Cross River,SS,tropical,4175020,10,2024-09-02,2024,36,804,16,2,19.257,0.383,0.048
2024/2025,Cross River,SS,tropical,4175020,11,2024-09-09,2024,37,3247,22,8,77.772,0.527,0.192
2024/2025,Cross River,SS,tropical,4175020,12,2024-09-16,2024,38,11184,206,14,267.879,4.934,0.335
2024/2025,Cross River,SS,tropical,4175020,13,2024-09-23,2024,39,24140,532,50,578.201,12.742,1.198
2024/2025,Cross River,SS,tropical,4175020,14,2024-09-30,2024,40,92561,780,141,2217.019,18.683,3.377
2024/2025,Cross River,SS,tropical,4175020,15,2024-10-07,2024,41,98026,835,130,2347.917,20.0,3.114
2024/2025,Cross River,SS,tropical,4175020,16,2024-10-14,2024,42,89047,1491,188,2132.852,35.712,4.503
2024/2025,Cross River,SS,tropical,4175020,17,2024-10-21,2024,43,43548,1233,51,1043.061,29.533,1.222
2024/2025,Cross River,SS,tropical,4175020,18,2024-10-28,2024,44,13903,229,39,333.004,5.485,0.934
2024/2025,Cross River,SS,tropical,4175020,19,2024-11-04,2024,45,2159,45,3,51.712,1.078,0.072
2024/2025,Cross River,SS,tropical,4175020,20,2024-11-11,2024,46,148,3,1,3.545,0.072,0.024
2024/2025,Cross River,SS,tropical,4175020,21,2024-11-18,2024,47,202,2,0,4.838,0.048,0.0
2024/2025,Cross River,SS,tropical,4175020,22,2024-11-25,2024,48,258,9,0,6.18,0.216,0.0
2024/2025,Cross River,SS,tropical,4175020,23,2024-12-02,2024,49,601,6,1,14.395,0.144,0.024
2024/2025,Cross River,SS,tropical,4175020,24,2024-12-09,2024,50,943,19,1,22.587,0.455,0.024
2024/2025,Cross River,SS,tropical,4175020,25,2024-12-16,2024,51,1951,26,4,46.73,0.623,0.096
2024/2025,Cross River,SS,tropical,4175020,26,2024-12-23,2024,52,8039,137,13,192.55,3.281,0.311
2024/2025,Cross River,SS,tropical,4175020,27,2024-12-30,2025,1,11957,224,23,286.394,5.365,0.551
2024/2025,Cross River,SS,tropical,4175020,28,2025-01-06,2025,2,13474,593,27,322.729,14.204,0.647
2024/2025,Cross River,SS,tropical,4175020,29,2025-01-13,2025,3,42312,655,56,1013.456,15.689,1.341
2024/2025,Cross River,SS,tropical,4175020,30,2025-01-20,2025,4,20132,307,48,482.201,7.353,1.15
2024/2025,Cross River,SS,tropical,4175020,31,2025-01-27,2025,5,10106,159,17,242.059,3.808,0.407
2024/2025,Cross River,SS,tropical,4175020,32,2025-02-03,2025,6,1212,34,3,29.03,0.814,0.072
2024/2025,Cross River,SS,tropical,4175020,33,2025-02-10,2025,7,634,8,0,15.186,0.192,0.0
2024/2025,Cross River,SS,tropical,4175020,34,2025-02-17,2025,8,188,3,0,4.503,0.072,0.0
2024/2025,Cross River,SS,tropical,4175020,35,2025-02-24,2025,9,112,3,0,2.683,0.072,0.0
2024/2025,Cross River,SS,tropical,4175020,36,2025-03-03,2025,10,176,2,0,4.216,0.048,0.0
2024/2025,Cross River,SS,tropical,4175020,37,2025-03-10,2025,11,102,3,0,2.443,0.072,0.0
2024/2025,Cross River,SS,tropical,4175020,38,2025-03-17,2025,12,154,3,0,3.689,0.072,0.0
2024/2025,Cross River,SS,tropical,4175020,39,2025-03-24,2025,13,102,3,0,2.443,0.072,0.0
2024/2025,Cross River,SS,tropical,4175020,40,2025-03-31,2025,14,97,5,0,2.323,0.12,0.0
2024/2025,Cross River,SS,tropical,4175020,41,2025-04-07,2025,15,83,1,1,1.988,0.024,0.024
2024/2025,Cross River,SS,tropical,4175020,42,2025-04-14,2025,16,124,3,0,2.97,0.072,0.0
2024/2025,Cross River,SS,tropical,4175020,43,2025-04-21,2025,17,100,1,0,2.395,0.024,0.0
2024/2025,Cross River,SS,tropical,4175020,44,2025-04-28,2025,18,116,4,0,2.778,0.096,0.0
2024/2025,Cross River,SS,tropical,4175020,45,2025-05-05,2025,19,131,1,0,3.138,0.024,0.0
2024/2025,Cross River,SS,tropical,4175020,46,2025-05-12,2025,20,109,0,0,2.611,0.0,0.0
2024/2025,Cross River,SS,tropical,4175020,47,2025-05-19,2025,21,159,2,0,3.808,0.048,0.0
2024/2025,Cross River,SS,tropical,4175020,48,2025-05-26,2025,22,127,1,0,3.042,0.024,0.0
2024/2025,Cross River,SS,tropical,4175020,49,2025-06-02,2025,23,200,0,0,4.79,0.0,0.0
2024/2025,Cross River,SS,tropical,4175020,50,2025-06-09,2025,24,120,0,0,2.874,0.0,0.0
2024/2025,Cross River,SS,tropical,4175020,51,2025-06-16,2025,25,110,2,0,2.635,0.048,0.0
2024/2025,Cross River,SS,tropical,4175020,52,2025-06-23,2025,26,93,2,1,2.228,0.048,0.024
2024/2025,Ebonyi,SE,tropical,4007155,1,2024-07-01,2024,27,1008,11,0,25.155,0.275,0.0
2024/2025,Ebonyi,SE,tropical,4007155,2,2024-07-08,2024,28,87,4,0,2.171,0.1,0.0
2024/2025,Ebonyi,SE,tropical,4007155,3,2024-07-15,2024,29,102,4,0,2.545,0.1,0.0
2024/2025,Ebonyi,SE,tropical,4007155,4,2024-07-22,2024,30,191,3,0,4.766,0.075,0.0
2024/2025,Ebonyi,SE,tropical,4007155,5,2024-07-29,2024,31,188,2,0,4.692,0.05,0.0
2024/2025,Ebonyi,SE,tropical,4007155,6,2024-08-05,2024,32,193,3,0,4.816,0.075,0.0
2024/2025,Ebonyi,SE,tropical,4007155,7,2024-08-12,2024,33,128,1,0,3.194,0.025,0.0
2024/2025,Ebonyi,SE,tropical,4007155,8,2024-08-19,2024,34,201,3,1,5.016,0.075,0.025
2024/2025,Ebonyi,SE,tropical,4007155,9,2024-08-26,2024,35,413,17,0,10.307,0.424,0.0
2024/2025,Ebonyi,SE,tropical,4007155,10,2024-09-02,2024,36,1099,12,1,27.426,0.299,0.025
2024/2025,Ebonyi,SE,tropical,4007155,11,2024-09-09,2024,37,1927,54,5,48.089,1.348,0.125
2024/2025,Ebonyi,SE,tropical,4007155,12,2024-09-16,2024,38,12539,130,12,312.915,3.244,0.299
2024/2025,Ebonyi,SE,tropical,4007155,13,2024-09-23,2024,39,24064,385,34,600.526,9.608,0.848
2024/2025,Ebonyi,SE,tropical,4007155,14,2024-09-30,2024,40,75415,1697,58,1882.009,42.349,1.447
2024/2025,Ebonyi,SE,tropical,4007155,15,2024-10-07,2024,41,152848,1885,182,3814.377,47.041,4.542
2024/2025,Ebonyi,SE,tropical,4007155,16,2024-10-14,2024,42,42110,1960,195,1050.87,48.913,4.866
2024/2025,Ebonyi,SE,tropical,4007155,17,2024-10-21,2024,43,56300,1074,76,1404.987,26.802,1.897
2024/2025,Ebonyi,SE,tropical,4007155,18,2024-10-28,2024,44,17158,333,20,428.184,8.31,0.499
2024/2025,Ebonyi,SE,tropical,4007155,19,2024-11-04,2024,45,2361,27,2,58.92,0.674,0.05
2024/2025,Ebonyi,SE,tropical,4007155,20,2024-11-11,2024,46,296,5,1,7.387,0.125,0.025
2024/2025,Ebonyi,SE,tropical,4007155,21,2024-11-18,2024,47,170,4,0,4.242,0.1,0.0
2024/2025,Ebonyi,SE,tropical,4007155,22,2024-11-25,2024,48,320,4,0,7.986,0.1,0.0
2024/2025,Ebonyi,SE,tropical,4007155,23,2024-12-02,2024,49,318,4,0,7.936,0.1,0.0
2024/2025,Ebonyi,SE,tropical,4007155,24,2024-12-09,2024,50,993,17,5,24.781,0.424,0.125
2024/2025,Ebonyi,SE,tropical,4007155,25,2024-12-16,2024,51,2723,43,1,67.953,1.073,0.025
2024/2025,Ebonyi,SE,tropical,4007155,26,2024-12-23,2024,52,7998,99,4,199.593,2.471,0.1
2024/2025,Ebonyi,SE,tropical,4007155,27,2024-12-30,2025,1,16102,249,17,401.831,6.214,0.424
2024/2025,Ebonyi,SE,tropical,4007155,28,2025-01-06,2025,2,24997,361,27,623.809,9.009,0.674
2024/2025,Ebonyi,SE,tropical,4007155,29,2025-01-13,2025,3,26651,614,66,665.085,15.323,1.647
2024/2025,Ebonyi,SE,tropical,4007155,30,2025-01-20,2025,4,21429,196,28,534.768,4.891,0.699
2024/2025,Ebonyi,SE,tropical,4007155,31,2025-01-27,2025,5,19227,82,26,479.817,2.046,0.649
2024/2025,Ebonyi,SE,tropical,4007155,32,2025-02-03,2025,6,2631,29,3,65.658,0.724,0.075
2024/2025,Ebonyi,SE,tropical,4007155,33,2025-02-10,2025,7,777,4,3,19.39,0.1,0.075
2024/2025,Ebonyi,SE,tropical,4007155,34,2025-02-17,2025,8,159,4,0,3.968,0.1,0.0
2024/2025,Ebonyi,SE,tropical,4007155,35,2025-02-24,2025,9,66,0,0,1.647,0.0,0.0
2024/2025,Ebonyi,SE,tropical,4007155,36,2025-03-03,2025,10,79,3,1,1.971,0.075,0.025
2024/2025,Ebonyi,SE,tropical,4007155,37,2025-03-10,2025,11,247,6,1,6.164,0.15,0.025
2024/2025,Ebonyi,SE,tropical,4007155,38,2025-03-17,2025,12,123,2,0,3.07,0.05,0.0
2024/2025,Ebonyi,SE,tropical,4007155,39,2025-03-24,2025,13,86,0,0,2.146,0.0,0.0
2024/2025,Ebonyi,SE,tropical,4007155,40,2025-03-31,2025,14,55,2,0,1.373,0.05,0.0
2024/2025,Ebonyi,SE,tropical,4007155,41,2025-04-07,2025,15,102,0,0,2.545,0.0,0.0
2024/2025,Ebonyi,SE,tropical,4007155,42,2025-04-14,2025,16,128,2,0,3.194,0.05,0.0
2024/2025,Ebonyi,SE,tropical,4007155,43,2025-04-21,2025,17,142,0,1,3.544,0.0,0.025
2024/2025,Ebonyi,SE,tropical,4007155,44,2025-04-28,2025,18,88,0,0,2.196,0.0,0.0
2024/2025,Ebonyi,SE,tropical,4007155,45,2025-05-05,2025,19,70,0,0,1.747,0.0,0.0
2024/2025,Ebonyi,SE,tropical,4007155,46,2025-05-12,2025,20,90,2,0,2.246,0.05,0.0
2024/2025,Ebonyi,SE,tropical,4007155,47,2025-05-19,2025,21,63,0,0,1.572,0.0,0.0
2024/2025,Ebonyi,SE,tropical,4007155,48,2025-05-26,2025,22,110,1,0,2.745,0.025,0.0
2024/2025,Ebonyi,SE,tropical,4007155,49,2025-06-02,2025,23,114,2,1,2.845,0.05,0.025
2024/2025,Ebonyi,SE,tropical,4007155,50,2025-06-09,2025,24,76,4,0,1.897,0.1,0.0
2024/2025,Ebonyi,SE,tropical,4007155,51,2025-06-16,2025,25,225,0,0,5.615,0.0,0.0
2024/2025,Ebonyi,SE,tropical,4007155,52,2025-06-23,2025,26,210,1,0,5.241,0.025,0.0
2024/2025,Nasarawa,NC,savanna,3632239,1,2024-07-01,2024,27,1166,19,2,32.101,0.523,0.055
2024/2025,Nasarawa,NC,savanna,3632239,2,2024-07-08,2024,28,145,2,0,3.992,0.055,0.0
2024/2025,Nasarawa,NC,savanna,3632239,3,2024-07-15,2024,29,66,0,0,1.817,0.0,0.0
2024/2025,Nasarawa,NC,savanna,3632239,4,2024-07-22,2024,30,128,2,0,3.524,0.055,0.0
2024/2025,Nasarawa,NC,savanna,3632239,5,2024-07-29,2024,31,158,4,0,4.35,0.11,0.0
2024/2025,Nasarawa,NC,savanna,3632239,6,2024-08-05,2024,32,96,2,0,2.643,0.055,0.0
2024/2025,Nasarawa,NC,savanna,3632239,7,2024-08-12,2024,33,178,1,0,4.901,0.028,0.0
2024/2025,Nasarawa,NC,savanna,3632239,8,2024-08-19,2024,34,142,6,0,3.909,0.165,0.0
2024/2025,Nasarawa,NC,savanna,3632239,9,2024-08-26,2024,35,305,5,0,8.397,0.138,0.0
2024/2025,Nasarawa,NC,savanna,3632239,10,2024-09-02,2024,36,336,3,2,9.25,0.083,0.055
2024/2025,Nasarawa,NC,savanna,3632239,11,2024-09-09,2024,37,1141,8,2,31.413,0.22,0.055
2024/2025,Nasarawa,NC,savanna,3632239,12,2024-09-16,2024,38,1945,30,6,53.548,0.826,0.165
2024/2025,Nasarawa,NC,savanna,3632239,13,2024-09-23,2024,39,7450,125,9,205.108,3.441,0.248
2024/2025,Nasarawa,NC,savanna,3632239,14,2024-09-30,2024,40,19455,345,21,535.62,9.498,0.578
2024/2025,Nasarawa,NC,savanna,3632239,15,2024-10-07,2024,41,41073,780,66,1130.79,21.474,1.817
2024/2025,Nasarawa,NC,savanna,3632239,16,2024-10-14,2024,42,71183,1617,193,1959.755,44.518,5.314
2024/2025,Nasarawa,NC,savanna,3632239,17,2024-10-21,2024,43,79237,858,131,2181.492,23.622,3.607
2024/2025,Nasarawa,NC,savanna,3632239,18,2024-10-28,2024,44,43201,847,50,1189.377,23.319,1.377
2024/2025,Nasarawa,NC,savanna,3632239,19,2024-11-04,2024,45,5545,221,13,152.661,6.084,0.358
2024/2025,Nasarawa,NC,savanna,3632239,20,2024-11-11,2024,46,1381,17,5,38.021,0.468,0.138
2024/2025,Nasarawa,NC,savanna,3632239,21,2024-11-18,2024,47,705,4,1,19.41,0.11,0.028
2024/2025,Nasarawa,NC,savanna,3632239,22,2024-11-25,2024,48,334,6,1,9.195,0.165,0.028
2024/2025,Nasarawa,NC,savanna,3632239,23,2024-12-02,2024,49,798,18,1,21.97,0.496,0.028
2024/2025,Nasarawa,NC,savanna,3632239,24,2024-12-09,2024,50,1126,14,2,31.0,0.385,0.055
2024/2025,Nasarawa,NC,savanna,3632239,25,2024-12-16,2024,51,5613,50,6,154.533,1.377,0.165
2024/2025,Nasarawa,NC,savanna,3632239,26,2024-12-23,2024,52,10625,164,24,292.519,4.515,0.661
2024/2025,Nasarawa,NC,savanna,3632239,27,2024-12-30,2025,1,15177,295,23,417.841,8.122,0.633
2024/2025,Nasarawa,NC,savanna,3632239,28,2025-01-06,2025,2,40980,516,74,1128.23,14.206,2.037
2024/2025,Nasarawa,NC,savanna,3632239,29,2025-01-13,2025,3,39601,591,101,1090.264,16.271,2.781
2024/2025,Nasarawa,NC,savanna,3632239,30,2025-01-20,2025,4,19253,496,37,530.059,13.655,1.019
2024/2025,Nasarawa,NC,savanna,3632239,31,2025-01-27,2025,5,17003,234,22,468.113,6.442,0.606
2024/2025,Nasarawa,NC,savanna,3632239,32,2025-02-03,2025,6,5304,54,4,146.026,1.487,0.11
2024/2025,Nasarawa,NC,savanna,3632239,33,2025-02-10,2025,7,615,5,1,16.932,0.138,0.028
2024/2025,Nasarawa,NC,savanna,3632239,34,2025-02-17,2025,8,105,3,0,2.891,0.083,0.0
2024/2025,Nasarawa,NC,savanna,3632239,35,2025-02-24,2025,9,272,1,0,7.488,0.028,0.0
2024/2025,Nasarawa,NC,savanna,3632239,36,2025-03-03,2025,10,97,1,0,2.671,0.028,0.0
2024/2025,Nasarawa,NC,savanna,3632239,37,2025-03-10,2025,11,75,2,0,2.065,0.055,0.0
2024/2025,Nasarawa,NC,savanna,3632239,38,2025-03-17,2025,12,183,0,0,5.038,0.0,0.0
2024/2025,Nasarawa,NC,savanna,3632239,39,2025-03-24,2025,13,127,3,0,3.496,0.083,0.0
2024/2025,Nasarawa,NC,savanna,3632239,40,2025-03-31,2025,14,211,5,0,5.809,0.138,0.0
2024/2025,Nasarawa,NC,savanna,3632239,41,2025-04-07,2025,15,124,2,0,3.414,0.055,0.0
2024/2025,Nasarawa,NC,savanna,3632239,42,2025-04-14,2025,16,118,3,0,3.249,0.083,0.0
2024/2025,Nasarawa,NC,savanna,3632239,43,2025-04-21,2025,17,186,2,0,5.121,0.055,0.0
2024/2025,Nasarawa,NC,savanna,3632239,44,2025-04-28,2025,18,93,2,0,2.56,0.055,0.0
2024/2025,Nasarawa,NC,savanna,3632239,45,2025-05-05,2025,19,195,3,0,5.369,0.083,0.0
2024/2025,Nasarawa,NC,savanna,3632239,46,2025-05-12,2025,20,95,2,0,2.615,0.055,0.0
2024/2025,Nasarawa,NC,savanna,3632239,47,2025-05-19,2025,21,102,0,0,2.808,0.0,0.0
2024/2025,Nasarawa,NC,savanna,3632239,48,2025-05-26,2025,22,191,2,0,5.258,0.055,0.0
2024/2025,Nasarawa,NC,savanna,3632239,49,2025-06-02,2025,23,178,2,0,4.901,0.055,0.0
2024/2025,Nasarawa,NC,savanna,3632239,50,2025-06-09,2025,24,145,5,0,3.992,0.138,0.0
2024/2025,Nasarawa,NC,savanna,3632239,51,2025-06-16,2025,25,150,3,0,4.13,0.083,0.0
2024/2025,Nasarawa,NC,savanna,3632239,52,2025-06-23,2025,26,140,0,1,3.854,0.0,0.028
2024/2025,Ekiti,SW,tropical,3398177,1,2024-07-01,2024,27,840,9,0,24.719,0.265,0.0
2024/2025,Ekiti,SW,tropical,3398177,2,2024-07-08,2024,28,124,3,0,3.649,0.088,0.0
2024/2025,Ekiti,SW,tropical,3398177,3,2024-07-15,2024,29,117,1,0,3.443,0.029,0.0
2024/2025,Ekiti,SW,tropical,3398177,4,2024-07-22,2024,30,125,3,0,3.678,0.088,0.0
2024/2025,Ekiti,SW,tropical,3398177,5,2024-07-29,2024,31,60,1,0,1.766,0.029,0.0
2024/2025,Ekiti,SW,tropical,3398177,6,2024-08-05,2024,32,112,4,0,3.296,0.118,0.0
2024/2025,Ekiti,SW,tropical,3398177,7,2024-08-12,2024,33,188,2,1,5.532,0.059,0.029
2024/2025,Ekiti,SW,tropical,3398177,8,2024-08-19,2024,34,281,1,0,8.269,0.029,0.0
2024/2025,Ekiti,SW,tropical,3398177,9,2024-08-26,2024,35,280,2,0,8.24,0.059,0.0
2024/2025,Ekiti,SW,tropical,3398177,10,2024-09-02,2024,36,907,28,1,26.691,0.824,0.029
2024/2025,Ekiti,SW,tropical,3398177,11,2024-09-09,2024,37,3061,32,2,90.078,0.942,0.059
2024/2025,Ekiti,SW,tropical,3398177,12,2024-09-16,2024,38,8749,154,23,257.462,4.532,0.677
2024/2025,Ekiti,SW,tropical,3398177,13,2024-09-23,2024,39,34352,559,42,1010.895,16.45,1.236
2024/2025,Ekiti,SW,tropical,3398177,14,2024-09-30,2024,40,93881,1426,79,2762.687,41.964,2.325
2024/2025,Ekiti,SW,tropical,3398177,15,2024-10-07,2024,41,103515,1600,89,3046.192,47.084,2.619
2024/2025,Ekiti,SW,tropical,3398177,16,2024-10-14,2024,42,67118,1596,90,1975.118,46.966,2.648
2024/2025,Ekiti,SW,tropical,3398177,17,2024-10-21,2024,43,38097,630,27,1121.101,18.539,0.795
2024/2025,Ekiti,SW,tropical,3398177,18,2024-10-28,2024,44,9235,194,14,271.763,5.709,0.412
2024/2025,Ekiti,SW,tropical,3398177,19,2024-11-04,2024,45,2088,44,4,61.445,1.295,0.118
2024/2025,Ekiti,SW,tropical,3398177,20,2024-11-11,2024,46,211,4,0,6.209,0.118,0.0
2024/2025,Ekiti,SW,tropical,3398177,21,2024-11-18,2024,47,175,3,0,5.15,0.088,0.0
2024/2025,Ekiti,SW,tropical,3398177,22,2024-11-25,2024,48,239,4,0,7.033,0.118,0.0
2024/2025,Ekiti,SW,tropical,3398177,23,2024-12-02,2024,49,453,8,0,13.331,0.235,0.0
2024/2025,Ekiti,SW,tropical,3398177,24,2024-12-09,2024,50,853,8,2,25.102,0.235,0.059
2024/2025,Ekiti,SW,tropical,3398177,25,2024-12-16,2024,51,1040,35,2,30.605,1.03,0.059
2024/2025,Ekiti,SW,tropical,3398177,26,2024-12-23,2024,52,3609,72,8,106.204,2.119,0.235
2024/2025,Ekiti,SW,tropical,3398177,27,2024-12-30,2025,1,14633,167,10,430.613,4.914,0.294
2024/2025,Ekiti,SW,tropical,3398177,28,2025-01-06,2025,2,22587,348,16,664.68,10.241,0.471
2024/2025,Ekiti,SW,tropical,3398177,29,2025-01-13,2025,3,24221,320,24,712.765,9.417,0.706
2024/2025,Ekiti,SW,tropical,3398177,30,2025-01-20,2025,4,16632,325,19,489.439,9.564,0.559
2024/2025,Ekiti,SW,tropical,3398177,31,2025-01-27,2025,5,5550,67,13,163.323,1.972,0.383
2024/2025,Ekiti,SW,tropical,3398177,32,2025-02-03,2025,6,1411,29,2,41.522,0.853,0.059
2024/2025,Ekiti,SW,tropical,3398177,33,2025-02-10,2025,7,475,13,0,13.978,0.383,0.0
2024/2025,Ekiti,SW,tropical,3398177,34,2025-02-17,2025,8,112,6,0,3.296,0.177,0.0
2024/2025,Ekiti,SW,tropical,3398177,35,2025-02-24,2025,9,87,2,0,2.56,0.059,0.0
2024/2025,Ekiti,SW,tropical,3398177,36,2025-03-03,2025,10,77,1,0,2.266,0.029,0.0
2024/2025,Ekiti,SW,tropical,3398177,37,2025-03-10,2025,11,140,2,0,4.12,0.059,0.0
2024/2025,Ekiti,SW,tropical,3398177,38,2025-03-17,2025,12,119,0,0,3.502,0.0,0.0
2024/2025,Ekiti,SW,tropical,3398177,39,2025-03-24,2025,13,120,4,0,3.531,0.118,0.0
2024/2025,Ekiti,SW,tropical,3398177,40,2025-03-31,2025,14,59,1,0,1.736,0.029,0.0
2024/2025,Ekiti,SW,tropical,3398177,41,2025-04-07,2025,15,100,3,0,2.943,0.088,0.0
2024/2025,Ekiti,SW,tropical,3398177,42,2025-04-14,2025,16,119,1,0,3.502,0.029,0.0
2024/2025,Ekiti,SW,tropical,3398177,43,2025-04-21,2025,17,101,3,0,2.972,0.088,0.0
2024/2025,Ekiti,SW,tropical,3398177,44,2025-04-28,2025,18,127,1,0,3.737,0.029,0.0
2024/2025,Ekiti,SW,tropical,3398177,45,2025-05-05,2025,19,115,2,0,3.384,0.059,0.0
2024/2025,Ekiti,SW,tropical,3398177,46,2025-05-12,2025,20,129,3,0,3.796,0.088,0.0
2024/2025,Ekiti,SW,tropical,3398177,47,2025-05-19,2025,21,64,1,0,1.883,0.029,0.0
2024/2025,Ekiti,SW,tropical,3398177,48,2025-05-26,2025,22,101,3,0,2.972,0.088,0.0
2024/2025,Ekiti,SW,tropical,3398177,49,2025-06-02,2025,23,77,2,1,2.266,0.059,0.029
2024/2025,Ekiti,SW,tropical,3398177,50,2025-06-09,2025,24,62,2,0,1.825,0.059,0.0
2024/2025,Ekiti,SW,tropical,3398177,51,2025-06-16,2025,25,74,3,0,2.178,0.088,0.0
2024/2025,Ekiti,SW,tropical,3398177,52,2025-06-23,2025,26,97,2,0,2.854,0.059,0.0
2024/2025,Bayelsa,SS,tropical,2394725,1,2024-07-01,2024,27,537,13,0,22.424,0.543,0.0
2024/2025,Bayelsa,SS,tropical,2394725,2,2024-07-08,2024,28,106,2,0,4.426,0.084,0.0
2024/2025,Bayelsa,SS,tropical,2394725,3,2024-07-15,2024,29,64,0,0,2.673,0.0,0.0
2024/2025,Bayelsa,SS,tropical,2394725,4,2024-07-22,2024,30,71,1,0,2.965,0.042,0.0
2024/2025,Bayelsa,SS,tropical,2394725,5,2024-07-29,2024,31,123,2,0,5.136,0.084,0.0
2024/2025,Bayelsa,SS,tropical,2394725,6,2024-08-05,2024,32,82,2,0,3.424,0.084,0.0
2024/2025,Bayelsa,SS,tropical,2394725,7,2024-08-12,2024,33,113,2,0,4.719,0.084,0.0
2024/2025,Bayelsa,SS,tropical,2394725,8,2024-08-19,2024,34,152,2,0,6.347,0.084,0.0
2024/2025,Bayelsa,SS,tropical,2394725,9,2024-08-26,2024,35,211,9,0,8.811,0.376,0.0
2024/2025,Bayelsa,SS,tropical,2394725,10,2024-09-02,2024,36,524,8,0,21.881,0.334,0.0
2024/2025,Bayelsa,SS,tropical,2394725,11,2024-09-09,2024,37,4815,36,5,201.067,1.503,0.209
2024/2025,Bayelsa,SS,tropical,2394725,12,2024-09-16,2024,38,6890,94,14,287.716,3.925,0.585
2024/2025,Bayelsa,SS,tropical,2394725,13,2024-09-23,2024,39,20467,265,30,854.67,11.066,1.253
2024/2025,Bayelsa,SS,tropical,2394725,14,2024-09-30,2024,40,32014,536,97,1336.855,22.383,4.051
2024/2025,Bayelsa,SS,tropical,2394725,15,2024-10-07,2024,41,66034,1151,70,2757.477,48.064,2.923
2024/2025,Bayelsa,SS,tropical,2394725,16,2024-10-14,2024,42,32636,1233,75,1362.829,51.488,3.132
2024/2025,Bayelsa,SS,tropical,2394725,17,2024-10-21,2024,43,23131,452,50,965.915,18.875,2.088
2024/2025,Bayelsa,SS,tropical,2394725,18,2024-10-28,2024,44,7387,138,10,308.47,5.763,0.418
2024/2025,Bayelsa,SS,tropical,2394725,19,2024-11-04,2024,45,1242,20,5,51.864,0.835,0.209
2024/2025,Bayelsa,SS,tropical,2394725,20,2024-11-11,2024,46,229,4,0,9.563,0.167,0.0
2024/2025,Bayelsa,SS,tropical,2394725,21,2024-11-18,2024,47,175,4,0,7.308,0.167,0.0
2024/2025,Bayelsa,SS,tropical,2394725,22,2024-11-25,2024,48,123,1,1,5.136,0.042,0.042
2024/2025,Bayelsa,SS,tropical,2394725,23,2024-12-02,2024,49,304,3,0,12.695,0.125,0.0
2024/2025,Bayelsa,SS,tropical,2394725,24,2024-12-09,2024,50,475,12,0,19.835,0.501,0.0
2024/2025,Bayelsa,SS,tropical,2394725,25,2024-12-16,2024,51,2243,40,1,93.664,1.67,0.042
2024/2025,Bayelsa,SS,tropical,2394725,26,2024-12-23,2024,52,3262,81,4,136.216,3.382,0.167
2024/2025,Bayelsa,SS,tropical,2394725,27,2024-12-30,2025,1,11972,147,18,499.932,6.138,0.752
2024/2025,Bayelsa,SS,tropical,2394725,28,2025-01-06,2025,2,11998,144,19,501.018,6.013,0.793
2024/2025,Bayelsa,SS,tropical,2394725,29,2025-01-13,2025,3,12288,279,15,513.128,11.651,0.626
2024/2025,Bayelsa,SS,tropical,2394725,30,2025-01-20,2025,4,11369,211,22,474.752,8.811,0.919
2024/2025,Bayelsa,SS,tropical,2394725,31,2025-01-27,2025,5,6650,97,13,277.694,4.051,0.543
2024/2025,Bayelsa,SS,tropical,2394725,32,2025-02-03,2025,6,724,29,4,30.233,1.211,0.167
2024/2025,Bayelsa,SS,tropical,2394725,33,2025-02-10,2025,7,437,3,0,18.248,0.125,0.0
2024/2025,Bayelsa,SS,tropical,2394725,34,2025-02-17,2025,8,107,0,0,4.468,0.0,0.0
2024/2025,Bayelsa,SS,tropical,2394725,35,2025-02-24,2025,9,75,2,1,3.132,0.084,0.042
2024/2025,Bayelsa,SS,tropical,2394725,36,2025-03-03,2025,10,42,1,1,1.754,0.042,0.042
2024/2025,Bayelsa,SS,tropical,2394725,37,2025-03-10,2025,11,49,0,0,2.046,0.0,0.0
2024/2025,Bayelsa,SS,tropical,2394725,38,2025-03-17,2025,12,84,2,0,3.508,0.084,0.0
2024/2025,Bayelsa,SS,tropical,2394725,39,2025-03-24,2025,13,73,1,0,3.048,0.042,0.0
2024/2025,Bayelsa,SS,tropical,2394725,40,2025-03-31,2025,14,81,0,0,3.382,0.0,0.0
2024/2025,Bayelsa,SS,tropical,2394725,41,2025-04-07,2025,15,72,1,0,3.007,0.042,0.0
2024/2025,Bayelsa,SS,tropical,2394725,42,2025-04-14,2025,16,67,0,0,2.798,0.0,0.0
2024/2025,Bayelsa,SS,tropical,2394725,43,2025-04-21,2025,17,35,1,0,1.462,0.042,0.0
2024/2025,Bayelsa,SS,tropical,2394725,44,2025-04-28,2025,18,65,2,0,2.714,0.084,0.0
2024/2025,Bayelsa,SS,tropical,2394725,45,2025-05-05,2025,19,82,3,0,3.424,0.125,0.0
2024/2025,Bayelsa,SS,tropical,2394725,46,2025-05-12,2025,20,68,1,0,2.84,0.042,0.0
2024/2025,Bayelsa,SS,tropical,2394725,47,2025-05-19,2025,21,50,1,0,2.088,0.042,0.0
2024/2025,Bayelsa,SS,tropical,2394725,48,2025-05-26,2025,22,56,0,0,2.338,0.0,0.0
2024/2025,Bayelsa,SS,tropical,2394725,49,2025-06-02,2025,23,51,0,1,2.13,0.0,0.042
2024/2025,Bayelsa,SS,tropical,2394725,50,2025-06-09,2025,24,100,0,0,4.176,0.0,0.0
2024/2025,Bayelsa,SS,tropical,2394725,51,2025-06-16,2025,25,44,0,0,1.837,0.0,0.0
2024/2025,Bayelsa,SS,tropical,2394725,52,2025-06-23,2025,26,54,2,0,2.255,0.084,0.0
2025/2026,Kano,NW,sahel,16253549,1,2025-06-30,2025,27,3573,59,6,21.983,0.363,0.037
2025/2026,Kano,NW,sahel,16253549,2,2025-07-07,2025,28,700,25,5,4.307,0.154,0.031
2025/2026,Kano,NW,sahel,16253549,3,2025-07-14,2025,29,2854,32,6,17.559,0.197,0.037
2025/2026,Kano,NW,sahel,16253549,4,2025-07-21,2025,30,2115,30,3,13.013,0.185,0.018
2025/2026,Kano,NW,sahel,16253549,5,2025-07-28,2025,31,1797,61,3,11.056,0.375,0.018
2025/2026,Kano,NW,sahel,16253549,6,2025-08-04,2025,32,2260,28,1,13.905,0.172,0.006
2025/2026,Kano,NW,sahel,16253549,7,2025-08-11,2025,33,2169,29,4,13.345,0.178,0.025
2025/2026,Kano,NW,sahel,16253549,8,2025-08-18,2025,34,1823,41,6,11.216,0.252,0.037
2025/2026,Kano,NW,sahel,16253549,9,2025-08-25,2025,35,1612,51,2,9.918,0.314,0.012
2025/2026,Kano,NW,sahel,16253549,10,2025-09-01,2025,36,4765,38,7,29.317,0.234,0.043
2025/2026,Kano,NW,sahel,16253549,11,2025-09-08,2025,37,2847,50,3,17.516,0.308,0.018
2025/2026,Kano,NW,sahel,16253549,12,2025-09-15,2025,38,3236,80,5,19.909,0.492,0.031
2025/2026,Kano,NW,sahel,16253549,13,2025-09-22,2025,39,4950,146,11,30.455,0.898,0.068
2025/2026,Kano,NW,sahel,16253549,14,2025-09-29,2025,40,20982,254,20,129.092,1.563,0.123
2025/2026,Kano,NW,sahel,16253549,15,2025-10-06,2025,41,51341,743,72,315.876,4.571,0.443
2025/2026,Kano,NW,sahel,16253549,16,2025-10-13,2025,42,107800,900,225,663.24,5.537,1.384
2025/2026,Kano,NW,sahel,16253549,17,2025-10-20,2025,43,169712,3130,288,1044.153,19.257,1.772
2025/2026,Kano,NW,sahel,16253549,18,2025-10-27,2025,44,385060,3098,302,2369.083,19.06,1.858
2025/2026,Kano,NW,sahel,16253549,19,2025-11-03,2025,45,159786,1787,197,983.084,10.995,1.212
2025/2026,Kano,NW,sahel,16253549,20,2025-11-10,2025,46,80915,1348,107,497.83,8.294,0.658
2025/2026,Kano,NW,sahel,16253549,21,2025-11-17,2025,47,31023,443,22,190.869,2.726,0.135
2025/2026,Kano,NW,sahel,16253549,22,2025-11-24,2025,48,12851,182,22,79.066,1.12,0.135
2025/2026,Kano,NW,sahel,16253549,23,2025-12-01,2025,49,9617,241,24,59.169,1.483,0.148
2025/2026,Kano,NW,sahel,16253549,24,2025-12-08,2025,50,24442,346,42,150.379,2.129,0.258
2025/2026,Kano,NW,sahel,16253549,25,2025-12-15,2025,51,31272,559,59,192.401,3.439,0.363
2025/2026,Kano,NW,sahel,16253549,26,2025-12-22,2025,52,52155,732,183,320.884,4.504,1.126
2025/2026,Kano,NW,sahel,16253549,27,2025-12-29,2026,1,58109,1465,153,357.516,9.013,0.941
2025/2026,Kano,NW,sahel,16253549,28,2026-01-05,2026,2,91889,1148,142,565.347,7.063,0.874
2025/2026,Kano,NW,sahel,16253549,29,2026-01-12,2026,3,43972,407,62,270.538,2.504,0.381
2025/2026,Kano,NW,sahel,16253549,30,2026-01-19,2026,4,19202,112,20,118.14,0.689,0.123
2025/2026,Kano,NW,sahel,16253549,31,2026-01-26,2026,5,6150,97,2,37.838,0.597,0.012
2025/2026,Kano,NW,sahel,16253549,32,2026-02-02,2026,6,5253,38,12,32.319,0.234,0.074
2025/2026,Kano,NW,sahel,16253549,33,2026-02-09,2026,7,2685,42,2,16.519,0.258,0.012
2025/2026,Kano,NW,sahel,16253549,34,2026-02-16,2026,8,2135,26,5,13.136,0.16,0.031
2025/2026,Kano,NW,sahel,16253549,35,2026-02-23,2026,9,1915,21,6,11.782,0.129,0.037
2025/2026,Kano,NW,sahel,16253549,36,2026-03-02,2026,10,2537,33,7,15.609,0.203,0.043
2025/2026,Kano,NW,sahel,16253549,37,2026-03-09,2026,11,3714,47,6,22.85,0.289,0.037
2025/2026,Kano,NW,sahel,16253549,38,2026-03-16,2026,12,3193,37,5,19.645,0.228,0.031
2025/2026,Kano,NW,sahel,16253549,39,2026-03-23,2026,13,3210,41,6,19.75,0.252,0.037
2025/2026,Kano,NW,sahel,16253549,40,2026-03-30,2026,14,1987,44,2,12.225,0.271,0.012
2025/2026,Kano,NW,sahel,16253549,41,2026-04-06,2026,15,2083,29,0,12.816,0.178,0.0
2025/2026,Kano,NW,sahel,16253549,42,2026-04-13,2026,16,1347,30,4,8.287,0.185,0.025
2025/2026,Kano,NW,sahel,16253549,43,2026-04-20,2026,17,2126,44,8,13.08,0.271,0.049
2025/2026,Kano,NW,sahel,16253549,44,2026-04-27,2026,18,1922,45,5,11.825,0.277,0.031
2025/2026,Kano,NW,sahel,16253549,45,2026-05-04,2026,19,2125,45,3,13.074,0.277,0.018
2025/2026,Kano,NW,sahel,16253549,46,2026-05-11,2026,20,2190,54,1,13.474,0.332,0.006
2025/2026,Kano,NW,sahel,16253549,47,2026-05-18,2026,21,2659,38,6,16.36,0.234,0.037
2025/2026,Kano,NW,sahel,16253549,48,2026-05-25,2026,22,2255,28,4,13.874,0.172,0.025
2025/2026,Kano,NW,sahel,16253549,49,2026-06-01,2026,23,2234,27,5,13.745,0.166,0.031
2025/2026,Kano,NW,sahel,16253549,50,2026-06-08,2026,24,2254,19,2,13.868,0.117,0.012
2025/2026,Kano,NW,sahel,16253549,51,2026-06-15,2026,25,1618,47,6,9.955,0.289,0.037
2025/2026,Kano,NW,sahel,16253549,52,2026-06-22,2026,26,1531,43,3,9.419,0.265,0.018
2025/2026,Lagos,SW,tropical,15772884,1,2025-06-30,2025,27,3217,49,4,20.396,0.311,0.025
2025/2026,Lagos,SW,tropical,15772884,2,2025-07-07,2025,28,1777,30,0,11.266,0.19,0.0
2025/2026,Lagos,SW,tropical,15772884,3,2025-07-14,2025,29,900,43,2,5.706,0.273,0.013
2025/2026,Lagos,SW,tropical,15772884,4,2025-07-21,2025,30,1399,36,6,8.87,0.228,0.038
2025/2026,Lagos,SW,tropical,15772884,5,2025-07-28,2025,31,1530,39,1,9.7,0.247,0.006
2025/2026,Lagos,SW,tropical,15772884,6,2025-08-04,2025,32,2829,24,1,17.936,0.152,0.006
2025/2026,Lagos,SW,tropical,15772884,7,2025-08-11,2025,33,1614,47,0,10.233,0.298,0.0
2025/2026,Lagos,SW,tropical,15772884,8,2025-08-18,2025,34,2598,35,1,16.471,0.222,0.006
2025/2026,Lagos,SW,tropical,15772884,9,2025-08-25,2025,35,3888,47,1,24.65,0.298,0.006
2025/2026,Lagos,SW,tropical,15772884,10,2025-09-01,2025,36,8058,152,9,51.088,0.964,0.057
2025/2026,Lagos,SW,tropical,15772884,11,2025-09-08,2025,37,26339,361,9,166.989,2.289,0.057
2025/2026,Lagos,SW,tropical,15772884,12,2025-09-15,2025,38,64097,645,26,406.375,4.089,0.165
2025/2026,Lagos,SW,tropical,15772884,13,2025-09-22,2025,39,175036,2302,113,1109.727,14.595,0.716
2025/2026,Lagos,SW,tropical,15772884,14,2025-09-29,2025,40,308679,2695,82,1957.023,17.086,0.52
2025/2026,Lagos,SW,tropical,15772884,15,2025-10-06,2025,41,662705,6244,122,4201.546,39.587,0.773
2025/2026,Lagos,SW,tropical,15772884,16,2025-10-13,2025,42,320081,7065,277,2029.312,44.792,1.756
2025/2026,Lagos,SW,tropical,15772884,17,2025-10-20,2025,43,141510,4286,79,897.173,27.173,0.501
2025/2026,Lagos,SW,tropical,15772884,18,2025-10-27,2025,44,51435,1301,37,326.098,8.248,0.235
2025/2026,Lagos,SW,tropical,15772884,19,2025-11-03,2025,45,14545,358,10,92.215,2.27,0.063
2025/2026,Lagos,SW,tropical,15772884,20,2025-11-10,2025,46,4763,38,5,30.197,0.241,0.032
2025/2026,Lagos,SW,tropical,15772884,21,2025-11-17,2025,47,1877,44,4,11.9,0.279,0.025
2025/2026,Lagos,SW,tropical,15772884,22,2025-11-24,2025,48,3951,81,3,25.049,0.514,0.019
2025/2026,Lagos,SW,tropical,15772884,23,2025-12-01,2025,49,5612,127,2,35.58,0.805,0.013
2025/2026,Lagos,SW,tropical,15772884,24,2025-12-08,2025,50,11775,220,14,74.653,1.395,0.089
2025/2026,Lagos,SW,tropical,15772884,25,2025-12-15,2025,51,13916,311,24,88.227,1.972,0.152
2025/2026,Lagos,SW,tropical,15772884,26,2025-12-22,2025,52,37883,1182,25,240.178,7.494,0.158
2025/2026,Lagos,SW,tropical,15772884,27,2025-12-29,2026,1,29555,920,28,187.379,5.833,0.178
2025/2026,Lagos,SW,tropical,15772884,28,2026-01-05,2026,2,48025,1011,26,304.478,6.41,0.165
2025/2026,Lagos,SW,tropical,15772884,29,2026-01-12,2026,3,15512,260,17,98.346,1.648,0.108
2025/2026,Lagos,SW,tropical,15772884,30,2026-01-19,2026,4,8147,205,4,51.652,1.3,0.025
2025/2026,Lagos,SW,tropical,15772884,31,2026-01-26,2026,5,2222,24,5,14.087,0.152,0.032
2025/2026,Lagos,SW,tropical,15772884,32,2026-02-02,2026,6,1334,21,1,8.458,0.133,0.006
2025/2026,Lagos,SW,tropical,15772884,33,2026-02-09,2026,7,1030,25,3,6.53,0.158,0.019
2025/2026,Lagos,SW,tropical,15772884,34,2026-02-16,2026,8,813,28,1,5.154,0.178,0.006
2025/2026,Lagos,SW,tropical,15772884,35,2026-02-23,2026,9,1297,13,1,8.223,0.082,0.006
2025/2026,Lagos,SW,tropical,15772884,36,2026-03-02,2026,10,1712,28,0,10.854,0.178,0.0
2025/2026,Lagos,SW,tropical,15772884,37,2026-03-09,2026,11,1410,10,1,8.939,0.063,0.006
2025/2026,Lagos,SW,tropical,15772884,38,2026-03-16,2026,12,1255,22,1,7.957,0.139,0.006
2025/2026,Lagos,SW,tropical,15772884,39,2026-03-23,2026,13,1272,35,2,8.064,0.222,0.013
2025/2026,Lagos,SW,tropical,15772884,40,2026-03-30,2026,14,985,25,2,6.245,0.158,0.013
2025/2026,Lagos,SW,tropical,15772884,41,2026-04-06,2026,15,2284,19,1,14.481,0.12,0.006
2025/2026,Lagos,SW,tropical,15772884,42,2026-04-13,2026,16,1433,35,2,9.085,0.222,0.013
2025/2026,Lagos,SW,tropical,15772884,43,2026-04-20,2026,17,964,26,1,6.112,0.165,0.006
2025/2026,Lagos,SW,tropical,15772884,44,2026-04-27,2026,18,1104,24,1,6.999,0.152,0.006
2025/2026,Lagos,SW,tropical,15772884,45,2026-05-04,2026,19,1430,9,4,9.066,0.057,0.025
2025/2026,Lagos,SW,tropical,15772884,46,2026-05-11,2026,20,1048,19,0,6.644,0.12,0.0
2025/2026,Lagos,SW,tropical,15772884,47,2026-05-18,2026,21,824,38,2,5.224,0.241,0.013
2025/2026,Lagos,SW,tropical,15772884,48,2026-05-25,2026,22,1990,27,0,12.617,0.171,0.0
2025/2026,Lagos,SW,tropical,15772884,49,2026-06-01,2026,23,1422,31,1,9.015,0.197,0.006
2025/2026,Lagos,SW,tropical,15772884,50,2026-06-08,2026,24,1359,16,2,8.616,0.101,0.013
2025/2026,Lagos,SW,tropical,15772884,51,2026-06-15,2026,25,797,7,0,5.053,0.044,0.0
2025/2026,Lagos,SW,tropical,15772884,52,2026-06-22,2026,26,985,28,0,6.245,0.178,0.0
2025/2026,Katsina,NW,sahel,9300382,1,2025-06-30,2025,27,5924,78,4,63.696,0.839,0.043
2025/2026,Katsina,NW,sahel,9300382,2,2025-07-07,2025,28,1629,40,0,17.515,0.43,0.0
2025/2026,Katsina,NW,sahel,9300382,3,2025-07-14,2025,29,1214,13,2,13.053,0.14,0.022
2025/2026,Katsina,NW,sahel,9300382,4,2025-07-21,2025,30,1685,14,1,18.118,0.151,0.011
2025/2026,Katsina,NW,sahel,9300382,5,2025-07-28,2025,31,2032,22,1,21.849,0.237,0.011
2025/2026,Katsina,NW,sahel,9300382,6,2025-08-04,2025,32,2209,13,2,23.752,0.14,0.022
2025/2026,Katsina,NW,sahel,9300382,7,2025-08-11,2025,33,2729,26,0,29.343,0.28,0.0
2025/2026,Katsina,NW,sahel,9300382,8,2025-08-18,2025,34,1048,20,1,11.268,0.215,0.011
2025/2026,Katsina,NW,sahel,9300382,9,2025-08-25,2025,35,1946,13,4,20.924,0.14,0.043
2025/2026,Katsina,NW,sahel,9300382,10,2025-09-01,2025,36,1738,18,1,18.687,0.194,0.011
2025/2026,Katsina,NW,sahel,9300382,11,2025-09-08,2025,37,1226,13,0,13.182,0.14,0.0
2025/2026,Katsina,NW,sahel,9300382,12,2025-09-15,2025,38,2988,42,6,32.128,0.452,0.065
2025/2026,Katsina,NW,sahel,9300382,13,2025-09-22,2025,39,3998,99,12,42.987,1.064,0.129
2025/2026,Katsina,NW,sahel,9300382,14,2025-09-29,2025,40,10146,88,13,109.092,0.946,0.14
2025/2026,Katsina,NW,sahel,9300382,15,2025-10-06,2025,41,43145,250,33,463.906,2.688,0.355
2025/2026,Katsina,NW,sahel,9300382,16,2025-10-13,2025,42,50087,884,176,538.548,9.505,1.892
2025/2026,Katsina,NW,sahel,9300382,17,2025-10-20,2025,43,125239,1934,246,1346.601,20.795,2.645
2025/2026,Katsina,NW,sahel,9300382,18,2025-10-27,2025,44,181052,2516,239,1946.716,27.053,2.57
2025/2026,Katsina,NW,sahel,9300382,19,2025-11-03,2025,45,73708,807,141,792.527,8.677,1.516
2025/2026,Katsina,NW,sahel,9300382,20,2025-11-10,2025,46,37579,799,40,404.059,8.591,0.43
2025/2026,Katsina,NW,sahel,9300382,21,2025-11-17,2025,47,15988,104,15,171.907,1.118,0.161
2025/2026,Katsina,NW,sahel,9300382,22,2025-11-24,2025,48,7278,59,6,78.255,0.634,0.065
2025/2026,Katsina,NW,sahel,9300382,23,2025-12-01,2025,49,4008,80,9,43.095,0.86,0.097
2025/2026,Katsina,NW,sahel,9300382,24,2025-12-08,2025,50,9578,219,10,102.985,2.355,0.108
2025/2026,Katsina,NW,sahel,9300382,25,2025-12-15,2025,51,21882,367,47,235.281,3.946,0.505
2025/2026,Katsina,NW,sahel,9300382,26,2025-12-22,2025,52,51524,603,36,553.999,6.484,0.387
2025/2026,Katsina,NW,sahel,9300382,27,2025-12-29,2026,1,58929,532,122,633.619,5.72,1.312
2025/2026,Katsina,NW,sahel,9300382,28,2026-01-05,2026,2,36598,624,72,393.511,6.709,0.774
2025/2026,Katsina,NW,sahel,9300382,29,2026-01-12,2026,3,30610,351,44,329.126,3.774,0.473
2025/2026,Katsina,NW,sahel,9300382,30,2026-01-19,2026,4,6731,66,17,72.373,0.71,0.183
2025/2026,Katsina,NW,sahel,9300382,31,2026-01-26,2026,5,2286,51,3,24.58,0.548,0.032
2025/2026,Katsina,NW,sahel,9300382,32,2026-02-02,2026,6,2519,8,4,27.085,0.086,0.043
2025/2026,Katsina,NW,sahel,9300382,33,2026-02-09,2026,7,1112,7,2,11.956,0.075,0.022
2025/2026,Katsina,NW,sahel,9300382,34,2026-02-16,2026,8,1258,14,1,13.526,0.151,0.011
2025/2026,Katsina,NW,sahel,9300382,35,2026-02-23,2026,9,1032,24,2,11.096,0.258,0.022
2025/2026,Katsina,NW,sahel,9300382,36,2026-03-02,2026,10,1755,24,3,18.87,0.258,0.032
2025/2026,Katsina,NW,sahel,9300382,37,2026-03-09,2026,11,1569,14,2,16.87,0.151,0.022
2025/2026,Katsina,NW,sahel,9300382,38,2026-03-16,2026,12,834,11,7,8.967,0.118,0.075
2025/2026,Katsina,NW,sahel,9300382,39,2026-03-23,2026,13,1445,13,2,15.537,0.14,0.022
2025/2026,Katsina,NW,sahel,9300382,40,2026-03-30,2026,14,1439,32,3,15.472,0.344,0.032
2025/2026,Katsina,NW,sahel,9300382,41,2026-04-06,2026,15,1503,12,6,16.161,0.129,0.065
2025/2026,Katsina,NW,sahel,9300382,42,2026-04-13,2026,16,1461,7,0,15.709,0.075,0.0
2025/2026,Katsina,NW,sahel,9300382,43,2026-04-20,2026,17,1824,18,2,19.612,0.194,0.022
2025/2026,Katsina,NW,sahel,9300382,44,2026-04-27,2026,18,791,14,3,8.505,0.151,0.032
2025/2026,Katsina,NW,sahel,9300382,45,2026-05-04,2026,19,1821,18,2,19.58,0.194,0.022
2025/2026,Katsina,NW,sahel,9300382,46,2026-05-11,2026,20,1606,22,3,17.268,0.237,0.032
2025/2026,Katsina,NW,sahel,9300382,47,2026-05-18,2026,21,1039,22,1,11.172,0.237,0.011
2025/2026,Katsina,NW,sahel,9300382,48,2026-05-25,2026,22,475,23,2,5.107,0.247,0.022
2025/2026,Katsina,NW,sahel,9300382,49,2026-06-01,2026,23,1309,20,0,14.075,0.215,0.0
2025/2026,Katsina,NW,sahel,9300382,50,2026-06-08,2026,24,1377,22,3,14.806,0.237,0.032
2025/2026,Katsina,NW,sahel,9300382,51,2026-06-15,2026,25,1328,18,3,14.279,0.194,0.032
2025/2026,Katsina,NW,sahel,9300382,52,2026-06-22,2026,26,1451,10,1,15.602,0.108,0.011
2025/2026,Kaduna,NW,savanna,8324285,1,2025-06-30,2025,27,3322,64,5,39.907,0.769,0.06
2025/2026,Kaduna,NW,savanna,8324285,2,2025-07-07,2025,28,962,11,0,11.557,0.132,0.0
2025/2026,Kaduna,NW,savanna,8324285,3,2025-07-14,2025,29,833,17,1,10.007,0.204,0.012
2025/2026,Kaduna,NW,savanna,8324285,4,2025-07-21,2025,30,1538,12,3,18.476,0.144,0.036
2025/2026,Kaduna,NW,savanna,8324285,5,2025-07-28,2025,31,1071,29,2,12.866,0.348,0.024
2025/2026,Kaduna,NW,savanna,8324285,6,2025-08-04,2025,32,798,15,1,9.586,0.18,0.012
2025/2026,Kaduna,NW,savanna,8324285,7,2025-08-11,2025,33,820,22,1,9.851,0.264,0.012
2025/2026,Kaduna,NW,savanna,8324285,8,2025-08-18,2025,34,1340,19,1,16.097,0.228,0.012
2025/2026,Kaduna,NW,savanna,8324285,9,2025-08-25,2025,35,1038,23,4,12.47,0.276,0.048
2025/2026,Kaduna,NW,savanna,8324285,10,2025-09-01,2025,36,2660,19,2,31.955,0.228,0.024
2025/2026,Kaduna,NW,savanna,8324285,11,2025-09-08,2025,37,3301,83,11,39.655,0.997,0.132
2025/2026,Kaduna,NW,savanna,8324285,12,2025-09-15,2025,38,4643,77,8,55.777,0.925,0.096
2025/2026,Kaduna,NW,savanna,8324285,13,2025-09-22,2025,39,19049,402,36,228.836,4.829,0.432
2025/2026,Kaduna,NW,savanna,8324285,14,2025-09-29,2025,40,35767,451,117,429.671,5.418,1.406
2025/2026,Kaduna,NW,savanna,8324285,15,2025-10-06,2025,41,73540,1318,124,883.439,15.833,1.49
2025/2026,Kaduna,NW,savanna,8324285,16,2025-10-13,2025,42,181963,3019,217,2185.929,36.267,2.607
2025/2026,Kaduna,NW,savanna,8324285,17,2025-10-20,2025,43,199737,1512,201,2399.449,18.164,2.415
2025/2026,Kaduna,NW,savanna,8324285,18,2025-10-27,2025,44,59088,1043,90,709.827,12.53,1.081
2025/2026,Kaduna,NW,savanna,8324285,19,2025-11-03,2025,45,23746,388,30,285.262,4.661,0.36
2025/2026,Kaduna,NW,savanna,8324285,20,2025-11-10,2025,46,6911,47,9,83.022,0.565,0.108
2025/2026,Kaduna,NW,savanna,8324285,21,2025-11-17,2025,47,3520,30,4,42.286,0.36,0.048
2025/2026,Kaduna,NW,savanna,8324285,22,2025-11-24,2025,48,2736,69,8,32.868,0.829,0.096
2025/2026,Kaduna,NW,savanna,8324285,23,2025-12-01,2025,49,3965,64,9,47.632,0.769,0.108
2025/2026,Kaduna,NW,savanna,8324285,24,2025-12-08,2025,50,12834,79,8,154.175,0.949,0.096
2025/2026,Kaduna,NW,savanna,8324285,25,2025-12-15,2025,51,24373,302,25,292.794,3.628,0.3
2025/2026,Kaduna,NW,savanna,8324285,26,2025-12-22,2025,52,20505,426,33,246.327,5.118,0.396
2025/2026,Kaduna,NW,savanna,8324285,27,2025-12-29,2026,1,37341,968,70,448.579,11.629,0.841
2025/2026,Kaduna,NW,savanna,8324285,28,2026-01-05,2026,2,73775,574,88,886.262,6.895,1.057
2025/2026,Kaduna,NW,savanna,8324285,29,2026-01-12,2026,3,24760,194,18,297.443,2.331,0.216
2025/2026,Kaduna,NW,savanna,8324285,30,2026-01-19,2026,4,6425,29,16,77.184,0.348,0.192
2025/2026,Kaduna,NW,savanna,8324285,31,2026-01-26,2026,5,1876,36,2,22.536,0.432,0.024
2025/2026,Kaduna,NW,savanna,8324285,32,2026-02-02,2026,6,1195,21,0,14.356,0.252,0.0
2025/2026,Kaduna,NW,savanna,8324285,33,2026-02-09,2026,7,1602,17,0,19.245,0.204,0.0
2025/2026,Kaduna,NW,savanna,8324285,34,2026-02-16,2026,8,907,16,1,10.896,0.192,0.012
2025/2026,Kaduna,NW,savanna,8324285,35,2026-02-23,2026,9,829,16,2,9.959,0.192,0.024
2025/2026,Kaduna,NW,savanna,8324285,36,2026-03-02,2026,10,656,21,1,7.881,0.252,0.012
2025/2026,Kaduna,NW,savanna,8324285,37,2026-03-09,2026,11,1156,26,2,13.887,0.312,0.024
2025/2026,Kaduna,NW,savanna,8324285,38,2026-03-16,2026,12,1528,13,2,18.356,0.156,0.024
2025/2026,Kaduna,NW,savanna,8324285,39,2026-03-23,2026,13,820,26,3,9.851,0.312,0.036
2025/2026,Kaduna,NW,savanna,8324285,40,2026-03-30,2026,14,648,12,1,7.784,0.144,0.012
2025/2026,Kaduna,NW,savanna,8324285,41,2026-04-06,2026,15,894,21,1,10.74,0.252,0.012
2025/2026,Kaduna,NW,savanna,8324285,42,2026-04-13,2026,16,1219,10,3,14.644,0.12,0.036
2025/2026,Kaduna,NW,savanna,8324285,43,2026-04-20,2026,17,1096,12,2,13.166,0.144,0.024
2025/2026,Kaduna,NW,savanna,8324285,44,2026-04-27,2026,18,703,13,1,8.445,0.156,0.012
2025/2026,Kaduna,NW,savanna,8324285,45,2026-05-04,2026,19,738,9,2,8.866,0.108,0.024
2025/2026,Kaduna,NW,savanna,8324285,46,2026-05-11,2026,20,1878,18,4,22.56,0.216,0.048
2025/2026,Kaduna,NW,savanna,8324285,47,2026-05-18,2026,21,1155,18,2,13.875,0.216,0.024
2025/2026,Kaduna,NW,savanna,8324285,48,2026-05-25,2026,22,850,11,1,10.211,0.132,0.012
2025/2026,Kaduna,NW,savanna,8324285,49,2026-06-01,2026,23,677,13,1,8.133,0.156,0.012
2025/2026,Kaduna,NW,savanna,8324285,50,2026-06-08,2026,24,1103,13,4,13.25,0.156,0.048
2025/2026,Kaduna,NW,savanna,8324285,51,2026-06-15,2026,25,1454,7,2,17.467,0.084,0.024
2025/2026,Kaduna,NW,savanna,8324285,52,2026-06-22,2026,26,1477,16,0,17.743,0.192,0.0
2025/2026,Bauchi,NE,sahel,7540663,1,2025-06-30,2025,27,3004,38,6,39.837,0.504,0.08
2025/2026,Bauchi,NE,sahel,7540663,2,2025-07-07,2025,28,961,12,1,12.744,0.159,0.013
2025/2026,Bauchi,NE,sahel,7540663,3,2025-07-14,2025,29,1287,16,5,17.067,0.212,0.066
2025/2026,Bauchi,NE,sahel,7540663,4,2025-07-21,2025,30,1422,15,2,18.858,0.199,0.027
2025/2026,Bauchi,NE,sahel,7540663,5,2025-07-28,2025,31,1034,18,2,13.712,0.239,0.027
2025/2026,Bauchi,NE,sahel,7540663,6,2025-08-04,2025,32,1419,17,1,18.818,0.225,0.013
2025/2026,Bauchi,NE,sahel,7540663,7,2025-08-11,2025,33,1684,9,0,22.332,0.119,0.0
2025/2026,Bauchi,NE,sahel,7540663,8,2025-08-18,2025,34,543,10,1,7.201,0.133,0.013
2025/2026,Bauchi,NE,sahel,7540663,9,2025-08-25,2025,35,1585,15,2,21.019,0.199,0.027
2025/2026,Bauchi,NE,sahel,7540663,10,2025-09-01,2025,36,968,24,3,12.837,0.318,0.04
2025/2026,Bauchi,NE,sahel,7540663,11,2025-09-08,2025,37,2355,31,2,31.231,0.411,0.027
2025/2026,Bauchi,NE,sahel,7540663,12,2025-09-15,2025,38,2403,17,4,31.867,0.225,0.053
2025/2026,Bauchi,NE,sahel,7540663,13,2025-09-22,2025,39,5181,20,13,68.707,0.265,0.172
2025/2026,Bauchi,NE,sahel,7540663,14,2025-09-29,2025,40,6836,70,19,90.655,0.928,0.252
2025/2026,Bauchi,NE,sahel,7540663,15,2025-10-06,2025,41,25986,388,41,344.612,5.145,0.544
2025/2026,Bauchi,NE,sahel,7540663,16,2025-10-13,2025,42,53448,454,111,708.797,6.021,1.472
2025/2026,Bauchi,NE,sahel,7540663,17,2025-10-20,2025,43,147371,1806,198,1954.351,23.95,2.626
2025/2026,Bauchi,NE,sahel,7540663,18,2025-10-27,2025,44,126857,1390,198,1682.306,18.433,2.626
2025/2026,Bauchi,NE,sahel,7540663,19,2025-11-03,2025,45,90867,1830,94,1205.027,24.268,1.247
2025/2026,Bauchi,NE,sahel,7540663,20,2025-11-10,2025,46,27649,503,63,366.665,6.671,0.835
2025/2026,Bauchi,NE,sahel,7540663,21,2025-11-17,2025,47,12648,156,16,167.731,2.069,0.212
2025/2026,Bauchi,NE,sahel,7540663,22,2025-11-24,2025,48,5905,74,6,78.309,0.981,0.08
2025/2026,Bauchi,NE,sahel,7540663,23,2025-12-01,2025,49,8658,72,3,114.817,0.955,0.04
2025/2026,Bauchi,NE,sahel,7540663,24,2025-12-08,2025,50,8163,178,24,108.253,2.361,0.318
2025/2026,Bauchi,NE,sahel,7540663,25,2025-12-15,2025,51,16209,312,44,214.955,4.138,0.584
2025/2026,Bauchi,NE,sahel,7540663,26,2025-12-22,2025,52,24484,453,27,324.693,6.007,0.358
2025/2026,Bauchi,NE,sahel,7540663,27,2025-12-29,2026,1,41401,455,63,549.037,6.034,0.835
2025/2026,Bauchi,NE,sahel,7540663,28,2026-01-05,2026,2,36993,538,49,490.58,7.135,0.65
2025/2026,Bauchi,NE,sahel,7540663,29,2026-01-12,2026,3,18042,316,45,239.263,4.191,0.597
2025/2026,Bauchi,NE,sahel,7540663,30,2026-01-19,2026,4,5153,95,10,68.336,1.26,0.133
2025/2026,Bauchi,NE,sahel,7540663,31,2026-01-26,2026,5,2432,22,7,32.252,0.292,0.093
2025/2026,Bauchi,NE,sahel,7540663,32,2026-02-02,2026,6,1437,19,1,19.057,0.252,0.013
2025/2026,Bauchi,NE,sahel,7540663,33,2026-02-09,2026,7,806,19,3,10.689,0.252,0.04
2025/2026,Bauchi,NE,sahel,7540663,34,2026-02-16,2026,8,1191,18,3,15.794,0.239,0.04
2025/2026,Bauchi,NE,sahel,7540663,35,2026-02-23,2026,9,1314,8,3,17.426,0.106,0.04
2025/2026,Bauchi,NE,sahel,7540663,36,2026-03-02,2026,10,1379,7,1,18.288,0.093,0.013
2025/2026,Bauchi,NE,sahel,7540663,37,2026-03-09,2026,11,600,14,1,7.957,0.186,0.013
2025/2026,Bauchi,NE,sahel,7540663,38,2026-03-16,2026,12,1288,12,4,17.081,0.159,0.053
2025/2026,Bauchi,NE,sahel,7540663,39,2026-03-23,2026,13,2072,14,1,27.478,0.186,0.013
2025/2026,Bauchi,NE,sahel,7540663,40,2026-03-30,2026,14,1961,12,0,26.006,0.159,0.0
2025/2026,Bauchi,NE,sahel,7540663,41,2026-04-06,2026,15,1012,31,1,13.421,0.411,0.013
2025/2026,Bauchi,NE,sahel,7540663,42,2026-04-13,2026,16,1541,21,1,20.436,0.278,0.013
2025/2026,Bauchi,NE,sahel,7540663,43,2026-04-20,2026,17,1042,16,0,13.818,0.212,0.0
2025/2026,Bauchi,NE,sahel,7540663,44,2026-04-27,2026,18,1019,19,4,13.513,0.252,0.053
2025/2026,Bauchi,NE,sahel,7540663,45,2026-05-04,2026,19,1529,23,2,20.277,0.305,0.027
2025/2026,Bauchi,NE,sahel,7540663,46,2026-05-11,2026,20,934,14,7,12.386,0.186,0.093
2025/2026,Bauchi,NE,sahel,7540663,47,2026-05-18,2026,21,1031,12,2,13.673,0.159,0.027
2025/2026,Bauchi,NE,sahel,7540663,48,2026-05-25,2026,22,1448,11,2,19.203,0.146,0.027
2025/2026,Bauchi,NE,sahel,7540663,49,2026-06-01,2026,23,905,14,4,12.002,0.186,0.053
2025/2026,Bauchi,NE,sahel,7540663,50,2026-06-08,2026,24,1314,16,0,17.426,0.212,0.0
2025/2026,Bauchi,NE,sahel,7540663,51,2026-06-15,2026,25,1206,13,1,15.993,0.172,0.013
2025/2026,Bauchi,NE,sahel,7540663,52,2026-06-22,2026,26,1213,14,0,16.086,0.186,0.0
2025/2026,Oyo,SW,tropical,7512855,1,2025-06-30,2025,27,3005,32,1,39.998,0.426,0.013
2025/2026,Oyo,SW,tropical,7512855,2,2025-07-07,2025,28,344,16,1,4.579,0.213,0.013
2025/2026,Oyo,SW,tropical,7512855,3,2025-07-14,2025,29,726,5,0,9.663,0.067,0.0
2025/2026,Oyo,SW,tropical,7512855,4,2025-07-21,2025,30,739,9,2,9.836,0.12,0.027
2025/2026,Oyo,SW,tropical,7512855,5,2025-07-28,2025,31,366,11,0,4.872,0.146,0.0
2025/2026,Oyo,SW,tropical,7512855,6,2025-08-04,2025,32,710,14,0,9.45,0.186,0.0
2025/2026,Oyo,SW,tropical,7512855,7,2025-08-11,2025,33,750,7,0,9.983,0.093,0.0
2025/2026,Oyo,SW,tropical,7512855,8,2025-08-18,2025,34,883,20,0,11.753,0.266,0.0
2025/2026,Oyo,SW,tropical,7512855,9,2025-08-25,2025,35,747,26,1,9.943,0.346,0.013
2025/2026,Oyo,SW,tropical,7512855,10,2025-09-01,2025,36,1199,59,2,15.959,0.785,0.027
2025/2026,Oyo,SW,tropical,7512855,11,2025-09-08,2025,37,4955,198,5,65.954,2.635,0.067
2025/2026,Oyo,SW,tropical,7512855,12,2025-09-15,2025,38,21748,384,17,289.477,5.111,0.226
2025/2026,Oyo,SW,tropical,7512855,13,2025-09-22,2025,39,52171,1348,44,694.423,17.943,0.586
2025/2026,Oyo,SW,tropical,7512855,14,2025-09-29,2025,40,55267,1480,92,735.632,19.7,1.225
2025/2026,Oyo,SW,tropical,7512855,15,2025-10-06,2025,41,189811,2325,215,2526.483,30.947,2.862
2025/2026,Oyo,SW,tropical,7512855,16,2025-10-13,2025,42,93318,2798,198,1242.111,37.243,2.635
2025/2026,Oyo,SW,tropical,7512855,17,2025-10-20,2025,43,92684,1319,84,1233.672,17.557,1.118
2025/2026,Oyo,SW,tropical,7512855,18,2025-10-27,2025,44,24101,340,25,320.797,4.526,0.333
2025/2026,Oyo,SW,tropical,7512855,19,2025-11-03,2025,45,4705,115,5,62.626,1.531,0.067
2025/2026,Oyo,SW,tropical,7512855,20,2025-11-10,2025,46,1325,19,3,17.636,0.253,0.04
2025/2026,Oyo,SW,tropical,7512855,21,2025-11-17,2025,47,1276,22,3,16.984,0.293,0.04
2025/2026,Oyo,SW,tropical,7512855,22,2025-11-24,2025,48,1384,41,1,18.422,0.546,0.013
2025/2026,Oyo,SW,tropical,7512855,23,2025-12-01,2025,49,2758,32,2,36.71,0.426,0.027
2025/2026,Oyo,SW,tropical,7512855,24,2025-12-08,2025,50,3679,46,6,48.969,0.612,0.08
2025/2026,Oyo,SW,tropical,7512855,25,2025-12-15,2025,51,7174,179,4,95.49,2.383,0.053
2025/2026,Oyo,SW,tropical,7512855,26,2025-12-22,2025,52,12514,143,21,166.568,1.903,0.28
2025/2026,Oyo,SW,tropical,7512855,27,2025-12-29,2026,1,13058,486,13,173.809,6.469,0.173
2025/2026,Oyo,SW,tropical,7512855,28,2026-01-05,2026,2,19088,363,15,254.071,4.832,0.2
2025/2026,Oyo,SW,tropical,7512855,29,2026-01-12,2026,3,6560,146,7,87.317,1.943,0.093
2025/2026,Oyo,SW,tropical,7512855,30,2026-01-19,2026,4,2516,80,3,33.489,1.065,0.04
2025/2026,Oyo,SW,tropical,7512855,31,2026-01-26,2026,5,901,20,0,11.993,0.266,0.0
2025/2026,Oyo,SW,tropical,7512855,32,2026-02-02,2026,6,690,4,0,9.184,0.053,0.0
2025/2026,Oyo,SW,tropical,7512855,33,2026-02-09,2026,7,541,12,1,7.201,0.16,0.013
2025/2026,Oyo,SW,tropical,7512855,34,2026-02-16,2026,8,879,11,0,11.7,0.146,0.0
2025/2026,Oyo,SW,tropical,7512855,35,2026-02-23,2026,9,1061,7,1,14.122,0.093,0.013
2025/2026,Oyo,SW,tropical,7512855,36,2026-03-02,2026,10,762,18,1,10.143,0.24,0.013
2025/2026,Oyo,SW,tropical,7512855,37,2026-03-09,2026,11,681,11,2,9.064,0.146,0.027
2025/2026,Oyo,SW,tropical,7512855,38,2026-03-16,2026,12,645,10,1,8.585,0.133,0.013
2025/2026,Oyo,SW,tropical,7512855,39,2026-03-23,2026,13,695,8,0,9.251,0.106,0.0
2025/2026,Oyo,SW,tropical,7512855,40,2026-03-30,2026,14,607,6,0,8.079,0.08,0.0
2025/2026,Oyo,SW,tropical,7512855,41,2026-04-06,2026,15,852,11,0,11.341,0.146,0.0
2025/2026,Oyo,SW,tropical,7512855,42,2026-04-13,2026,16,403,13,1,5.364,0.173,0.013
2025/2026,Oyo,SW,tropical,7512855,43,2026-04-20,2026,17,808,7,1,10.755,0.093,0.013
2025/2026,Oyo,SW,tropical,7512855,44,2026-04-27,2026,18,628,13,1,8.359,0.173,0.013
2025/2026,Oyo,SW,tropical,7512855,45,2026-05-04,2026,19,637,25,0,8.479,0.333,0.0
2025/2026,Oyo,SW,tropical,7512855,46,2026-05-11,2026,20,450,6,1,5.99,0.08,0.013
2025/2026,Oyo,SW,tropical,7512855,47,2026-05-18,2026,21,928,24,1,12.352,0.319,0.013
2025/2026,Oyo,SW,tropical,7512855,48,2026-05-25,2026,22,502,6,0,6.682,0.08,0.0
2025/2026,Oyo,SW,tropical,7512855,49,2026-06-01,2026,23,546,10,0,7.268,0.133,0.0
2025/2026,Oyo,SW,tropical,7512855,50,2026-06-08,2026,24,1094,10,0,14.562,0.133,0.0
2025/2026,Oyo,SW,tropical,7512855,51,2026-06-15,2026,25,791,12,0,10.529,0.16,0.0
2025/2026,Oyo,SW,tropical,7512855,52,2026-06-22,2026,26,600,17,1,7.986,0.226,0.013
2025/2026,Anambra,SE,tropical,7299910,1,2025-06-30,2025,27,2463,35,2,33.74,0.479,0.027
2025/2026,Anambra,SE,tropical,7299910,2,2025-07-07,2025,28,976,12,0,13.37,0.164,0.0
2025/2026,Anambra,SE,tropical,7299910,3,2025-07-14,2025,29,339,6,1,4.644,0.082,0.014
2025/2026,Anambra,SE,tropical,7299910,4,2025-07-21,2025,30,938,7,2,12.849,0.096,0.027
2025/2026,Anambra,SE,tropical,7299910,5,2025-07-28,2025,31,379,11,1,5.192,0.151,0.014
2025/2026,Anambra,SE,tropical,7299910,6,2025-08-04,2025,32,602,10,0,8.247,0.137,0.0
2025/2026,Anambra,SE,tropical,7299910,7,2025-08-11,2025,33,827,21,0,11.329,0.288,0.0
2025/2026,Anambra,SE,tropical,7299910,8,2025-08-18,2025,34,722,12,1,9.891,0.164,0.014
2025/2026,Anambra,SE,tropical,7299910,9,2025-08-25,2025,35,1862,26,1,25.507,0.356,0.014
2025/2026,Anambra,SE,tropical,7299910,10,2025-09-01,2025,36,3962,27,5,54.275,0.37,0.068
2025/2026,Anambra,SE,tropical,7299910,11,2025-09-08,2025,37,6615,99,13,90.618,1.356,0.178
2025/2026,Anambra,SE,tropical,7299910,12,2025-09-15,2025,38,20998,592,36,287.647,8.11,0.493
2025/2026,Anambra,SE,tropical,7299910,13,2025-09-22,2025,39,62254,917,131,852.805,12.562,1.795
2025/2026,Anambra,SE,tropical,7299910,14,2025-09-29,2025,40,136910,768,104,1875.503,10.521,1.425
2025/2026,Anambra,SE,tropical,7299910,15,2025-10-06,2025,41,143694,2706,157,1968.435,37.069,2.151
2025/2026,Anambra,SE,tropical,7299910,16,2025-10-13,2025,42,118690,1918,178,1625.91,26.274,2.438
2025/2026,Anambra,SE,tropical,7299910,17,2025-10-20,2025,43,100722,1928,107,1379.77,26.411,1.466
2025/2026,Anambra,SE,tropical,7299910,18,2025-10-27,2025,44,33793,354,35,462.924,4.849,0.479
2025/2026,Anambra,SE,tropical,7299910,19,2025-11-03,2025,45,4329,113,9,59.302,1.548,0.123
2025/2026,Anambra,SE,tropical,7299910,20,2025-11-10,2025,46,1022,35,0,14.0,0.479,0.0
2025/2026,Anambra,SE,tropical,7299910,21,2025-11-17,2025,47,1233,12,1,16.891,0.164,0.014
2025/2026,Anambra,SE,tropical,7299910,22,2025-11-24,2025,48,2370,15,0,32.466,0.205,0.0
2025/2026,Anambra,SE,tropical,7299910,23,2025-12-01,2025,49,1954,62,1,26.767,0.849,0.014
2025/2026,Anambra,SE,tropical,7299910,24,2025-12-08,2025,50,4505,165,6,61.713,2.26,0.082
2025/2026,Anambra,SE,tropical,7299910,25,2025-12-15,2025,51,7948,243,9,108.878,3.329,0.123
2025/2026,Anambra,SE,tropical,7299910,26,2025-12-22,2025,52,11300,185,14,154.796,2.534,0.192
2025/2026,Anambra,SE,tropical,7299910,27,2025-12-29,2026,1,14381,235,37,197.002,3.219,0.507
2025/2026,Anambra,SE,tropical,7299910,28,2026-01-05,2026,2,16260,244,18,222.742,3.343,0.247
2025/2026,Anambra,SE,tropical,7299910,29,2026-01-12,2026,3,8526,166,8,116.796,2.274,0.11
2025/2026,Anambra,SE,tropical,7299910,30,2026-01-19,2026,4,2969,73,10,40.672,1.0,0.137
2025/2026,Anambra,SE,tropical,7299910,31,2026-01-26,2026,5,494,10,2,6.767,0.137,0.027
2025/2026,Anambra,SE,tropical,7299910,32,2026-02-02,2026,6,526,11,1,7.206,0.151,0.014
2025/2026,Anambra,SE,tropical,7299910,33,2026-02-09,2026,7,606,9,1,8.301,0.123,0.014
2025/2026,Anambra,SE,tropical,7299910,34,2026-02-16,2026,8,728,7,2,9.973,0.096,0.027
2025/2026,Anambra,SE,tropical,7299910,35,2026-02-23,2026,9,740,14,3,10.137,0.192,0.041
2025/2026,Anambra,SE,tropical,7299910,36,2026-03-02,2026,10,722,5,0,9.891,0.068,0.0
2025/2026,Anambra,SE,tropical,7299910,37,2026-03-09,2026,11,556,11,0,7.617,0.151,0.0
2025/2026,Anambra,SE,tropical,7299910,38,2026-03-16,2026,12,617,12,0,8.452,0.164,0.0
2025/2026,Anambra,SE,tropical,7299910,39,2026-03-23,2026,13,560,11,0,7.671,0.151,0.0
2025/2026,Anambra,SE,tropical,7299910,40,2026-03-30,2026,14,396,12,0,5.425,0.164,0.0
2025/2026,Anambra,SE,tropical,7299910,41,2026-04-06,2026,15,562,12,0,7.699,0.164,0.0
2025/2026,Anambra,SE,tropical,7299910,42,2026-04-13,2026,16,685,17,3,9.384,0.233,0.041
2025/2026,Anambra,SE,tropical,7299910,43,2026-04-20,2026,17,893,7,0,12.233,0.096,0.0
2025/2026,Anambra,SE,tropical,7299910,44,2026-04-27,2026,18,598,4,0,8.192,0.055,0.0
2025/2026,Anambra,SE,tropical,7299910,45,2026-05-04,2026,19,565,10,0,7.74,0.137,0.0
2025/2026,Anambra,SE,tropical,7299910,46,2026-05-11,2026,20,762,13,2,10.438,0.178,0.027
2025/2026,Anambra,SE,tropical,7299910,47,2026-05-18,2026,21,967,9,1,13.247,0.123,0.014
2025/2026,Anambra,SE,tropical,7299910,48,2026-05-25,2026,22,637,12,0,8.726,0.164,0.0
2025/2026,Anambra,SE,tropical,7299910,49,2026-06-01,2026,23,878,9,0,12.028,0.123,0.0
2025/2026,Anambra,SE,tropical,7299910,50,2026-06-08,2026,24,464,13,1,6.356,0.178,0.014
2025/2026,Anambra,SE,tropical,7299910,51,2026-06-15,2026,25,858,3,0,11.754,0.041,0.0
2025/2026,Anambra,SE,tropical,7299910,52,2026-06-22,2026,26,441,6,1,6.041,0.082,0.014
2025/2026,Rivers,SS,tropical,7234973,1,2025-06-30,2025,27,2371,39,6,32.771,0.539,0.083
2025/2026,Rivers,SS,tropical,7234973,2,2025-07-07,2025,28,493,9,2,6.814,0.124,0.028
2025/2026,Rivers,SS,tropical,7234973,3,2025-07-14,2025,29,599,1,2,8.279,0.014,0.028
2025/2026,Rivers,SS,tropical,7234973,4,2025-07-21,2025,30,509,6,0,7.035,0.083,0.0
2025/2026,Rivers,SS,tropical,7234973,5,2025-07-28,2025,31,491,4,0,6.786,0.055,0.0
2025/2026,Rivers,SS,tropical,7234973,6,2025-08-04,2025,32,669,8,2,9.247,0.111,0.028
2025/2026,Rivers,SS,tropical,7234973,7,2025-08-11,2025,33,1101,19,1,15.218,0.263,0.014
2025/2026,Rivers,SS,tropical,7234973,8,2025-08-18,2025,34,790,12,1,10.919,0.166,0.014
2025/2026,Rivers,SS,tropical,7234973,9,2025-08-25,2025,35,1263,25,0,17.457,0.346,0.0
2025/2026,Rivers,SS,tropical,7234973,10,2025-09-01,2025,36,3170,50,5,43.815,0.691,0.069
2025/2026,Rivers,SS,tropical,7234973,11,2025-09-08,2025,37,11228,135,4,155.191,1.866,0.055
2025/2026,Rivers,SS,tropical,7234973,12,2025-09-15,2025,38,23473,268,26,324.438,3.704,0.359
2025/2026,Rivers,SS,tropical,7234973,13,2025-09-22,2025,39,35791,892,33,494.694,12.329,0.456
2025/2026,Rivers,SS,tropical,7234973,14,2025-09-29,2025,40,114424,2635,129,1581.54,36.42,1.783
2025/2026,Rivers,SS,tropical,7234973,15,2025-10-06,2025,41,126566,2510,260,1749.364,34.693,3.594
2025/2026,Rivers,SS,tropical,7234973,16,2025-10-13,2025,42,107245,2048,215,1482.314,28.307,2.972
2025/2026,Rivers,SS,tropical,7234973,17,2025-10-20,2025,43,68532,1122,86,947.232,15.508,1.189
2025/2026,Rivers,SS,tropical,7234973,18,2025-10-27,2025,44,22246,429,39,307.479,5.93,0.539
2025/2026,Rivers,SS,tropical,7234973,19,2025-11-03,2025,45,7046,115,9,97.388,1.59,0.124
2025/2026,Rivers,SS,tropical,7234973,20,2025-11-10,2025,46,1476,40,0,20.401,0.553,0.0
2025/2026,Rivers,SS,tropical,7234973,21,2025-11-17,2025,47,1632,23,2,22.557,0.318,0.028
2025/2026,Rivers,SS,tropical,7234973,22,2025-11-24,2025,48,1750,35,3,24.188,0.484,0.041
2025/2026,Rivers,SS,tropical,7234973,23,2025-12-01,2025,49,2477,69,2,34.236,0.954,0.028
2025/2026,Rivers,SS,tropical,7234973,24,2025-12-08,2025,50,7061,48,4,97.595,0.663,0.055
2025/2026,Rivers,SS,tropical,7234973,25,2025-12-15,2025,51,10807,139,21,149.372,1.921,0.29
2025/2026,Rivers,SS,tropical,7234973,26,2025-12-22,2025,52,11117,321,18,153.656,4.437,0.249
2025/2026,Rivers,SS,tropical,7234973,27,2025-12-29,2026,1,30101,200,15,416.049,2.764,0.207
2025/2026,Rivers,SS,tropical,7234973,28,2026-01-05,2026,2,9471,515,12,130.906,7.118,0.166
2025/2026,Rivers,SS,tropical,7234973,29,2026-01-12,2026,3,6836,128,13,94.485,1.769,0.18
2025/2026,Rivers,SS,tropical,7234973,30,2026-01-19,2026,4,2886,96,2,39.89,1.327,0.028
2025/2026,Rivers,SS,tropical,7234973,31,2026-01-26,2026,5,1537,14,1,21.244,0.194,0.014
2025/2026,Rivers,SS,tropical,7234973,32,2026-02-02,2026,6,817,9,0,11.292,0.124,0.0
2025/2026,Rivers,SS,tropical,7234973,33,2026-02-09,2026,7,502,9,0,6.939,0.124,0.0
2025/2026,Rivers,SS,tropical,7234973,34,2026-02-16,2026,8,570,6,3,7.878,0.083,0.041
2025/2026,Rivers,SS,tropical,7234973,35,2026-02-23,2026,9,353,12,0,4.879,0.166,0.0
2025/2026,Rivers,SS,tropical,7234973,36,2026-03-02,2026,10,289,11,1,3.994,0.152,0.014
2025/2026,Rivers,SS,tropical,7234973,37,2026-03-09,2026,11,623,10,2,8.611,0.138,0.028
2025/2026,Rivers,SS,tropical,7234973,38,2026-03-16,2026,12,484,4,1,6.69,0.055,0.014
2025/2026,Rivers,SS,tropical,7234973,39,2026-03-23,2026,13,465,16,0,6.427,0.221,0.0
2025/2026,Rivers,SS,tropical,7234973,40,2026-03-30,2026,14,602,8,2,8.321,0.111,0.028
2025/2026,Rivers,SS,tropical,7234973,41,2026-04-06,2026,15,582,6,0,8.044,0.083,0.0
2025/2026,Rivers,SS,tropical,7234973,42,2026-04-13,2026,16,417,11,0,5.764,0.152,0.0
2025/2026,Rivers,SS,tropical,7234973,43,2026-04-20,2026,17,713,9,0,9.855,0.124,0.0
2025/2026,Rivers,SS,tropical,7234973,44,2026-04-27,2026,18,597,9,1,8.252,0.124,0.014
2025/2026,Rivers,SS,tropical,7234973,45,2026-05-04,2026,19,848,11,0,11.721,0.152,0.0
2025/2026,Rivers,SS,tropical,7234973,46,2026-05-11,2026,20,492,15,0,6.8,0.207,0.0
2025/2026,Rivers,SS,tropical,7234973,47,2026-05-18,2026,21,586,8,1,8.1,0.111,0.014
2025/2026,Rivers,SS,tropical,7234973,48,2026-05-25,2026,22,476,8,0,6.579,0.111,0.0
2025/2026,Rivers,SS,tropical,7234973,49,2026-06-01,2026,23,499,19,1,6.897,0.263,0.014
2025/2026,Rivers,SS,tropical,7234973,50,2026-06-08,2026,24,795,21,2,10.988,0.29,0.028
2025/2026,Rivers,SS,tropical,7234973,51,2026-06-15,2026,25,662,10,1,9.15,0.138,0.014
2025/2026,Rivers,SS,tropical,7234973,52,2026-06-22,2026,26,540,18,0,7.464,0.249,0.0
2025/2026,Jigawa,NW,sahel,6979080,1,2025-06-30,2025,27,1922,75,7,27.539,1.075,0.1
2025/2026,Jigawa,NW,sahel,6979080,2,2025-07-07,2025,28,1044,12,3,14.959,0.172,0.043
2025/2026,Jigawa,NW,sahel,6979080,3,2025-07-14,2025,29,691,14,1,9.901,0.201,0.014
2025/2026,Jigawa,NW,sahel,6979080,4,2025-07-21,2025,30,1796,13,4,25.734,0.186,0.057
2025/2026,Jigawa,NW,sahel,6979080,5,2025-07-28,2025,31,1291,12,1,18.498,0.172,0.014
2025/2026,Jigawa,NW,sahel,6979080,6,2025-08-04,2025,32,1275,4,1,18.269,0.057,0.014
2025/2026,Jigawa,NW,sahel,6979080,7,2025-08-11,2025,33,1285,17,2,18.412,0.244,0.029
2025/2026,Jigawa,NW,sahel,6979080,8,2025-08-18,2025,34,1093,21,1,15.661,0.301,0.014
2025/2026,Jigawa,NW,sahel,6979080,9,2025-08-25,2025,35,1448,11,3,20.748,0.158,0.043
2025/2026,Jigawa,NW,sahel,6979080,10,2025-09-01,2025,36,1138,21,2,16.306,0.301,0.029
2025/2026,Jigawa,NW,sahel,6979080,11,2025-09-08,2025,37,1100,20,4,15.761,0.287,0.057
2025/2026,Jigawa,NW,sahel,6979080,12,2025-09-15,2025,38,3267,34,4,46.811,0.487,0.057
2025/2026,Jigawa,NW,sahel,6979080,13,2025-09-22,2025,39,3314,31,9,47.485,0.444,0.129
2025/2026,Jigawa,NW,sahel,6979080,14,2025-09-29,2025,40,7332,136,19,105.057,1.949,0.272
2025/2026,Jigawa,NW,sahel,6979080,15,2025-10-06,2025,41,19705,294,26,282.344,4.213,0.373
2025/2026,Jigawa,NW,sahel,6979080,16,2025-10-13,2025,42,56937,502,96,815.824,7.193,1.376
2025/2026,Jigawa,NW,sahel,6979080,17,2025-10-20,2025,43,90434,1639,345,1295.787,23.484,4.943
2025/2026,Jigawa,NW,sahel,6979080,18,2025-10-27,2025,44,81354,1017,199,1165.684,14.572,2.851
2025/2026,Jigawa,NW,sahel,6979080,19,2025-11-03,2025,45,128232,1002,152,1837.377,14.357,2.178
2025/2026,Jigawa,NW,sahel,6979080,20,2025-11-10,2025,46,48655,503,59,697.155,7.207,0.845
2025/2026,Jigawa,NW,sahel,6979080,21,2025-11-17,2025,47,6740,91,29,96.574,1.304,0.416
2025/2026,Jigawa,NW,sahel,6979080,22,2025-11-24,2025,48,5955,23,11,85.326,0.33,0.158
2025/2026,Jigawa,NW,sahel,6979080,23,2025-12-01,2025,49,5588,63,14,80.068,0.903,0.201
2025/2026,Jigawa,NW,sahel,6979080,24,2025-12-08,2025,50,12197,91,27,174.765,1.304,0.387
2025/2026,Jigawa,NW,sahel,6979080,25,2025-12-15,2025,51,15656,124,14,224.328,1.777,0.201
2025/2026,Jigawa,NW,sahel,6979080,26,2025-12-22,2025,52,24786,583,84,355.147,8.354,1.204
2025/2026,Jigawa,NW,sahel,6979080,27,2025-12-29,2026,1,34873,491,93,499.679,7.035,1.333
2025/2026,Jigawa,NW,sahel,6979080,28,2026-01-05,2026,2,25740,636,53,368.817,9.113,0.759
2025/2026,Jigawa,NW,sahel,6979080,29,2026-01-12,2026,3,22327,148,37,319.913,2.121,0.53
2025/2026,Jigawa,NW,sahel,6979080,30,2026-01-19,2026,4,7609,82,10,109.026,1.175,0.143
2025/2026,Jigawa,NW,sahel,6979080,31,2026-01-26,2026,5,1300,13,4,18.627,0.186,0.057
2025/2026,Jigawa,NW,sahel,6979080,32,2026-02-02,2026,6,984,14,1,14.099,0.201,0.014
2025/2026,Jigawa,NW,sahel,6979080,33,2026-02-09,2026,7,948,16,1,13.583,0.229,0.014
2025/2026,Jigawa,NW,sahel,6979080,34,2026-02-16,2026,8,1131,15,1,16.206,0.215,0.014
2025/2026,Jigawa,NW,sahel,6979080,35,2026-02-23,2026,9,713,16,2,10.216,0.229,0.029
2025/2026,Jigawa,NW,sahel,6979080,36,2026-03-02,2026,10,1110,16,1,15.905,0.229,0.014
2025/2026,Jigawa,NW,sahel,6979080,37,2026-03-09,2026,11,855,10,2,12.251,0.143,0.029
2025/2026,Jigawa,NW,sahel,6979080,38,2026-03-16,2026,12,1158,14,2,16.592,0.201,0.029
2025/2026,Jigawa,NW,sahel,6979080,39,2026-03-23,2026,13,1759,15,3,25.204,0.215,0.043
2025/2026,Jigawa,NW,sahel,6979080,40,2026-03-30,2026,14,1184,7,3,16.965,0.1,0.043
2025/2026,Jigawa,NW,sahel,6979080,41,2026-04-06,2026,15,529,14,1,7.58,0.201,0.014
2025/2026,Jigawa,NW,sahel,6979080,42,2026-04-13,2026,16,943,10,0,13.512,0.143,0.0
2025/2026,Jigawa,NW,sahel,6979080,43,2026-04-20,2026,17,889,15,0,12.738,0.215,0.0
2025/2026,Jigawa,NW,sahel,6979080,44,2026-04-27,2026,18,697,19,0,9.987,0.272,0.0
2025/2026,Jigawa,NW,sahel,6979080,45,2026-05-04,2026,19,776,10,1,11.119,0.143,0.014
2025/2026,Jigawa,NW,sahel,6979080,46,2026-05-11,2026,20,966,9,2,13.841,0.129,0.029
2025/2026,Jigawa,NW,sahel,6979080,47,2026-05-18,2026,21,1258,21,2,18.025,0.301,0.029
2025/2026,Jigawa,NW,sahel,6979080,48,2026-05-25,2026,22,1483,7,1,21.249,0.1,0.014
2025/2026,Jigawa,NW,sahel,6979080,49,2026-06-01,2026,23,1426,8,0,20.432,0.115,0.0
2025/2026,Jigawa,NW,sahel,6979080,50,2026-06-08,2026,24,1194,18,3,17.108,0.258,0.043
2025/2026,Jigawa,NW,sahel,6979080,51,2026-06-15,2026,25,926,8,1,13.268,0.115,0.014
2025/2026,Jigawa,NW,sahel,6979080,52,2026-06-22,2026,26,867,6,0,12.423,0.086,0.0
2025/2026,Niger,NC,savanna,6720617,1,2025-06-30,2025,27,6087,41,5,90.572,0.61,0.074
2025/2026,Niger,NC,savanna,6720617,2,2025-07-07,2025,28,734,4,0,10.922,0.06,0.0
2025/2026,Niger,NC,savanna,6720617,3,2025-07-14,2025,29,829,11,2,12.335,0.164,0.03
2025/2026,Niger,NC,savanna,6720617,4,2025-07-21,2025,30,912,12,1,13.57,0.179,0.015
2025/2026,Niger,NC,savanna,6720617,5,2025-07-28,2025,31,655,11,0,9.746,0.164,0.0
2025/2026,Niger,NC,savanna,6720617,6,2025-08-04,2025,32,787,7,1,11.71,0.104,0.015
2025/2026,Niger,NC,savanna,6720617,7,2025-08-11,2025,33,935,9,3,13.912,0.134,0.045
2025/2026,Niger,NC,savanna,6720617,8,2025-08-18,2025,34,734,11,0,10.922,0.164,0.0
2025/2026,Niger,NC,savanna,6720617,9,2025-08-25,2025,35,1195,21,0,17.781,0.312,0.0
2025/2026,Niger,NC,savanna,6720617,10,2025-09-01,2025,36,1123,14,2,16.71,0.208,0.03
2025/2026,Niger,NC,savanna,6720617,11,2025-09-08,2025,37,1949,39,6,29.0,0.58,0.089
2025/2026,Niger,NC,savanna,6720617,12,2025-09-15,2025,38,7448,76,11,110.823,1.131,0.164
2025/2026,Niger,NC,savanna,6720617,13,2025-09-22,2025,39,16095,155,44,239.487,2.306,0.655
2025/2026,Niger,NC,savanna,6720617,14,2025-09-29,2025,40,44049,509,56,655.431,7.574,0.833
2025/2026,Niger,NC,savanna,6720617,15,2025-10-06,2025,41,98553,621,81,1466.428,9.24,1.205
2025/2026,Niger,NC,savanna,6720617,16,2025-10-13,2025,42,82891,1729,145,1233.384,25.727,2.158
2025/2026,Niger,NC,savanna,6720617,17,2025-10-20,2025,43,117784,1573,226,1752.577,23.406,3.363
2025/2026,Niger,NC,savanna,6720617,18,2025-10-27,2025,44,74326,1042,50,1105.94,15.505,0.744
2025/2026,Niger,NC,savanna,6720617,19,2025-11-03,2025,45,14439,411,45,214.846,6.116,0.67
2025/2026,Niger,NC,savanna,6720617,20,2025-11-10,2025,46,3276,65,9,48.746,0.967,0.134
2025/2026,Niger,NC,savanna,6720617,21,2025-11-17,2025,47,1828,28,2,27.2,0.417,0.03
2025/2026,Niger,NC,savanna,6720617,22,2025-11-24,2025,48,3679,38,2,54.742,0.565,0.03
2025/2026,Niger,NC,savanna,6720617,23,2025-12-01,2025,49,4043,72,10,60.158,1.071,0.149
2025/2026,Niger,NC,savanna,6720617,24,2025-12-08,2025,50,10237,99,24,152.322,1.473,0.357
2025/2026,Niger,NC,savanna,6720617,25,2025-12-15,2025,51,10662,148,23,158.646,2.202,0.342
2025/2026,Niger,NC,savanna,6720617,26,2025-12-22,2025,52,21180,272,31,315.15,4.047,0.461
2025/2026,Niger,NC,savanna,6720617,27,2025-12-29,2026,1,40152,385,30,597.445,5.729,0.446
2025/2026,Niger,NC,savanna,6720617,28,2026-01-05,2026,2,22627,647,55,336.68,9.627,0.818
2025/2026,Niger,NC,savanna,6720617,29,2026-01-12,2026,3,14609,226,17,217.376,3.363,0.253
2025/2026,Niger,NC,savanna,6720617,30,2026-01-19,2026,4,4623,46,8,68.788,0.684,0.119
2025/2026,Niger,NC,savanna,6720617,31,2026-01-26,2026,5,1255,19,0,18.674,0.283,0.0
2025/2026,Niger,NC,savanna,6720617,32,2026-02-02,2026,6,1082,3,3,16.1,0.045,0.045
2025/2026,Niger,NC,savanna,6720617,33,2026-02-09,2026,7,796,10,0,11.844,0.149,0.0
2025/2026,Niger,NC,savanna,6720617,34,2026-02-16,2026,8,976,4,3,14.522,0.06,0.045
2025/2026,Niger,NC,savanna,6720617,35,2026-02-23,2026,9,606,2,3,9.017,0.03,0.045
2025/2026,Niger,NC,savanna,6720617,36,2026-03-02,2026,10,684,17,0,10.178,0.253,0.0
2025/2026,Niger,NC,savanna,6720617,37,2026-03-09,2026,11,1196,5,3,17.796,0.074,0.045
2025/2026,Niger,NC,savanna,6720617,38,2026-03-16,2026,12,901,8,0,13.407,0.119,0.0
2025/2026,Niger,NC,savanna,6720617,39,2026-03-23,2026,13,919,13,1,13.674,0.193,0.015
2025/2026,Niger,NC,savanna,6720617,40,2026-03-30,2026,14,1002,3,0,14.909,0.045,0.0
2025/2026,Niger,NC,savanna,6720617,41,2026-04-06,2026,15,934,8,1,13.898,0.119,0.015
2025/2026,Niger,NC,savanna,6720617,42,2026-04-13,2026,16,809,7,2,12.038,0.104,0.03
2025/2026,Niger,NC,savanna,6720617,43,2026-04-20,2026,17,696,13,1,10.356,0.193,0.015
2025/2026,Niger,NC,savanna,6720617,44,2026-04-27,2026,18,546,7,0,8.124,0.104,0.0
2025/2026,Niger,NC,savanna,6720617,45,2026-05-04,2026,19,1378,8,2,20.504,0.119,0.03
2025/2026,Niger,NC,savanna,6720617,46,2026-05-11,2026,20,590,11,1,8.779,0.164,0.015
2025/2026,Niger,NC,savanna,6720617,47,2026-05-18,2026,21,547,18,0,8.139,0.268,0.0
2025/2026,Niger,NC,savanna,6720617,48,2026-05-25,2026,22,706,5,0,10.505,0.074,0.0
2025/2026,Niger,NC,savanna,6720617,49,2026-06-01,2026,23,756,12,1,11.249,0.179,0.015
2025/2026,Niger,NC,savanna,6720617,50,2026-06-08,2026,24,791,11,1,11.77,0.164,0.015
2025/2026,Niger,NC,savanna,6720617,51,2026-06-15,2026,25,870,11,2,12.945,0.164,0.03
2025/2026,Niger,NC,savanna,6720617,52,2026-06-22,2026,26,474,8,1,7.053,0.119,0.015
2025/2026,Benue,NC,savanna,6687706,1,2025-06-30,2025,27,3802,48,5,56.851,0.718,0.075
2025/2026,Benue,NC,savanna,6687706,2,2025-07-07,2025,28,710,5,0,10.616,0.075,0.0
2025/2026,Benue,NC,savanna,6687706,3,2025-07-14,2025,29,1172,19,2,17.525,0.284,0.03
2025/2026,Benue,NC,savanna,6687706,4,2025-07-21,2025,30,341,9,0,5.099,0.135,0.0
2025/2026,Benue,NC,savanna,6687706,5,2025-07-28,2025,31,601,16,2,8.987,0.239,0.03
2025/2026,Benue,NC,savanna,6687706,6,2025-08-04,2025,32,593,11,1,8.867,0.164,0.015
2025/2026,Benue,NC,savanna,6687706,7,2025-08-11,2025,33,661,11,2,9.884,0.164,0.03
2025/2026,Benue,NC,savanna,6687706,8,2025-08-18,2025,34,833,15,2,12.456,0.224,0.03
2025/2026,Benue,NC,savanna,6687706,9,2025-08-25,2025,35,850,17,1,12.71,0.254,0.015
2025/2026,Benue,NC,savanna,6687706,10,2025-09-01,2025,36,887,34,1,13.263,0.508,0.015
2025/2026,Benue,NC,savanna,6687706,11,2025-09-08,2025,37,2795,32,2,41.793,0.478,0.03
2025/2026,Benue,NC,savanna,6687706,12,2025-09-15,2025,38,5290,112,6,79.1,1.675,0.09
2025/2026,Benue,NC,savanna,6687706,13,2025-09-22,2025,39,11241,87,29,168.085,1.301,0.434
2025/2026,Benue,NC,savanna,6687706,14,2025-09-29,2025,40,31486,885,42,470.804,13.233,0.628
2025/2026,Benue,NC,savanna,6687706,15,2025-10-06,2025,41,84287,998,131,1260.328,14.923,1.959
2025/2026,Benue,NC,savanna,6687706,16,2025-10-13,2025,42,116955,870,190,1748.806,13.009,2.841
2025/2026,Benue,NC,savanna,6687706,17,2025-10-20,2025,43,133975,1276,153,2003.303,19.08,2.288
2025/2026,Benue,NC,savanna,6687706,18,2025-10-27,2025,44,59679,1265,72,892.369,18.915,1.077
2025/2026,Benue,NC,savanna,6687706,19,2025-11-03,2025,45,23635,140,30,353.41,2.093,0.449
2025/2026,Benue,NC,savanna,6687706,20,2025-11-10,2025,46,3583,73,6,53.576,1.092,0.09
2025/2026,Benue,NC,savanna,6687706,21,2025-11-17,2025,47,1664,30,3,24.881,0.449,0.045
2025/2026,Benue,NC,savanna,6687706,22,2025-11-24,2025,48,2773,27,2,41.464,0.404,0.03
2025/2026,Benue,NC,savanna,6687706,23,2025-12-01,2025,49,1903,81,10,28.455,1.211,0.15
2025/2026,Benue,NC,savanna,6687706,24,2025-12-08,2025,50,5934,156,11,88.73,2.333,0.164
2025/2026,Benue,NC,savanna,6687706,25,2025-12-15,2025,51,16586,270,16,248.007,4.037,0.239
2025/2026,Benue,NC,savanna,6687706,26,2025-12-22,2025,52,21096,236,27,315.444,3.529,0.404
2025/2026,Benue,NC,savanna,6687706,27,2025-12-29,2026,1,21156,500,56,316.342,7.476,0.837
2025/2026,Benue,NC,savanna,6687706,28,2026-01-05,2026,2,15473,478,23,231.365,7.147,0.344
2025/2026,Benue,NC,savanna,6687706,29,2026-01-12,2026,3,11633,166,22,173.946,2.482,0.329
2025/2026,Benue,NC,savanna,6687706,30,2026-01-19,2026,4,4291,79,8,64.163,1.181,0.12
2025/2026,Benue,NC,savanna,6687706,31,2026-01-26,2026,5,892,23,2,13.338,0.344,0.03
2025/2026,Benue,NC,savanna,6687706,32,2026-02-02,2026,6,737,20,1,11.02,0.299,0.015
2025/2026,Benue,NC,savanna,6687706,33,2026-02-09,2026,7,1107,13,1,16.553,0.194,0.015
2025/2026,Benue,NC,savanna,6687706,34,2026-02-16,2026,8,646,11,1,9.66,0.164,0.015
2025/2026,Benue,NC,savanna,6687706,35,2026-02-23,2026,9,461,10,0,6.893,0.15,0.0
2025/2026,Benue,NC,savanna,6687706,36,2026-03-02,2026,10,981,3,0,14.669,0.045,0.0
2025/2026,Benue,NC,savanna,6687706,37,2026-03-09,2026,11,834,18,0,12.471,0.269,0.0
2025/2026,Benue,NC,savanna,6687706,38,2026-03-16,2026,12,1286,10,1,19.229,0.15,0.015
2025/2026,Benue,NC,savanna,6687706,39,2026-03-23,2026,13,740,10,1,11.065,0.15,0.015
2025/2026,Benue,NC,savanna,6687706,40,2026-03-30,2026,14,1287,12,0,19.244,0.179,0.0
2025/2026,Benue,NC,savanna,6687706,41,2026-04-06,2026,15,408,12,1,6.101,0.179,0.015
2025/2026,Benue,NC,savanna,6687706,42,2026-04-13,2026,16,722,10,2,10.796,0.15,0.03
2025/2026,Benue,NC,savanna,6687706,43,2026-04-20,2026,17,1212,9,0,18.123,0.135,0.0
2025/2026,Benue,NC,savanna,6687706,44,2026-04-27,2026,18,887,15,2,13.263,0.224,0.03
2025/2026,Benue,NC,savanna,6687706,45,2026-05-04,2026,19,759,10,0,11.349,0.15,0.0
2025/2026,Benue,NC,savanna,6687706,46,2026-05-11,2026,20,679,10,3,10.153,0.15,0.045
2025/2026,Benue,NC,savanna,6687706,47,2026-05-18,2026,21,577,8,2,8.628,0.12,0.03
2025/2026,Benue,NC,savanna,6687706,48,2026-05-25,2026,22,671,12,3,10.033,0.179,0.045
2025/2026,Benue,NC,savanna,6687706,49,2026-06-01,2026,23,502,12,2,7.506,0.179,0.03
2025/2026,Benue,NC,savanna,6687706,50,2026-06-08,2026,24,860,15,2,12.859,0.224,0.03
2025/2026,Benue,NC,savanna,6687706,51,2026-06-15,2026,25,402,11,0,6.011,0.164,0.0
2025/2026,Benue,NC,savanna,6687706,52,2026-06-22,2026,26,868,17,2,12.979,0.254,0.03
2025/2026,Borno,NE,sahel,6651590,1,2025-06-30,2025,27,3916,43,4,58.873,0.646,0.06
2025/2026,Borno,NE,sahel,6651590,2,2025-07-07,2025,28,751,19,0,11.291,0.286,0.0
2025/2026,Borno,NE,sahel,6651590,3,2025-07-14,2025,29,953,13,1,14.327,0.195,0.015
2025/2026,Borno,NE,sahel,6651590,4,2025-07-21,2025,30,830,6,2,12.478,0.09,0.03
2025/2026,Borno,NE,sahel,6651590,5,2025-07-28,2025,31,647,15,1,9.727,0.226,0.015
2025/2026,Borno,NE,sahel,6651590,6,2025-08-04,2025,32,1280,12,1,19.244,0.18,0.015
2025/2026,Borno,NE,sahel,6651590,7,2025-08-11,2025,33,942,14,1,14.162,0.21,0.015
2025/2026,Borno,NE,sahel,6651590,8,2025-08-18,2025,34,840,3,1,12.629,0.045,0.015
2025/2026,Borno,NE,sahel,6651590,9,2025-08-25,2025,35,854,19,2,12.839,0.286,0.03
2025/2026,Borno,NE,sahel,6651590,10,2025-09-01,2025,36,1528,9,0,22.972,0.135,0.0
2025/2026,Borno,NE,sahel,6651590,11,2025-09-08,2025,37,742,9,3,11.155,0.135,0.045
2025/2026,Borno,NE,sahel,6651590,12,2025-09-15,2025,38,1872,30,1,28.144,0.451,0.015
2025/2026,Borno,NE,sahel,6651590,13,2025-09-22,2025,39,4043,47,6,60.782,0.707,0.09
2025/2026,Borno,NE,sahel,6651590,14,2025-09-29,2025,40,9684,132,24,145.589,1.984,0.361
2025/2026,Borno,NE,sahel,6651590,15,2025-10-06,2025,41,26936,259,55,404.956,3.894,0.827
2025/2026,Borno,NE,sahel,6651590,16,2025-10-13,2025,42,39279,662,156,590.52,9.953,2.345
2025/2026,Borno,NE,sahel,6651590,17,2025-10-20,2025,43,74319,634,131,1117.312,9.532,1.969
2025/2026,Borno,NE,sahel,6651590,18,2025-10-27,2025,44,85615,1206,141,1287.136,18.131,2.12
2025/2026,Borno,NE,sahel,6651590,19,2025-11-03,2025,45,73706,1472,106,1108.096,22.13,1.594
2025/2026,Borno,NE,sahel,6651590,20,2025-11-10,2025,46,30955,503,65,465.377,7.562,0.977
2025/2026,Borno,NE,sahel,6651590,21,2025-11-17,2025,47,6570,172,16,98.773,2.586,0.241
2025/2026,Borno,NE,sahel,6651590,22,2025-11-24,2025,48,4002,25,16,60.166,0.376,0.241
2025/2026,Borno,NE,sahel,6651590,23,2025-12-01,2025,49,6368,54,13,95.737,0.812,0.195
2025/2026,Borno,NE,sahel,6651590,24,2025-12-08,2025,50,10148,81,16,152.565,1.218,0.241
2025/2026,Borno,NE,sahel,6651590,25,2025-12-15,2025,51,26614,294,50,400.115,4.42,0.752
2025/2026,Borno,NE,sahel,6651590,26,2025-12-22,2025,52,23716,221,73,356.546,3.323,1.097
2025/2026,Borno,NE,sahel,6651590,27,2025-12-29,2026,1,36186,491,99,544.02,7.382,1.488
2025/2026,Borno,NE,sahel,6651590,28,2026-01-05,2026,2,20398,530,60,306.664,7.968,0.902
2025/2026,Borno,NE,sahel,6651590,29,2026-01-12,2026,3,18120,125,19,272.416,1.879,0.286
2025/2026,Borno,NE,sahel,6651590,30,2026-01-19,2026,4,5530,110,10,83.138,1.654,0.15
2025/2026,Borno,NE,sahel,6651590,31,2026-01-26,2026,5,2074,11,4,31.181,0.165,0.06
2025/2026,Borno,NE,sahel,6651590,32,2026-02-02,2026,6,860,5,1,12.929,0.075,0.015
2025/2026,Borno,NE,sahel,6651590,33,2026-02-09,2026,7,1287,7,4,19.349,0.105,0.06
2025/2026,Borno,NE,sahel,6651590,34,2026-02-16,2026,8,1028,10,4,15.455,0.15,0.06
2025/2026,Borno,NE,sahel,6651590,35,2026-02-23,2026,9,1139,10,3,17.124,0.15,0.045
2025/2026,Borno,NE,sahel,6651590,36,2026-03-02,2026,10,1103,12,2,16.583,0.18,0.03
2025/2026,Borno,NE,sahel,6651590,37,2026-03-09,2026,11,680,5,3,10.223,0.075,0.045
2025/2026,Borno,NE,sahel,6651590,38,2026-03-16,2026,12,1095,7,1,16.462,0.105,0.015
2025/2026,Borno,NE,sahel,6651590,39,2026-03-23,2026,13,1745,18,1,26.234,0.271,0.015
2025/2026,Borno,NE,sahel,6651590,40,2026-03-30,2026,14,1029,11,1,15.47,0.165,0.015
2025/2026,Borno,NE,sahel,6651590,41,2026-04-06,2026,15,589,15,0,8.855,0.226,0.0
2025/2026,Borno,NE,sahel,6651590,42,2026-04-13,2026,16,1186,12,2,17.83,0.18,0.03
2025/2026,Borno,NE,sahel,6651590,43,2026-04-20,2026,17,896,7,3,13.47,0.105,0.045
2025/2026,Borno,NE,sahel,6651590,44,2026-04-27,2026,18,575,5,0,8.645,0.075,0.0
2025/2026,Borno,NE,sahel,6651590,45,2026-05-04,2026,19,1292,21,1,19.424,0.316,0.015
2025/2026,Borno,NE,sahel,6651590,46,2026-05-11,2026,20,773,15,3,11.621,0.226,0.045
2025/2026,Borno,NE,sahel,6651590,47,2026-05-18,2026,21,1225,11,1,18.417,0.165,0.015
2025/2026,Borno,NE,sahel,6651590,48,2026-05-25,2026,22,938,5,3,14.102,0.075,0.045
2025/2026,Borno,NE,sahel,6651590,49,2026-06-01,2026,23,632,9,2,9.501,0.135,0.03
2025/2026,Borno,NE,sahel,6651590,50,2026-06-08,2026,24,1360,25,2,20.446,0.376,0.03
2025/2026,Borno,NE,sahel,6651590,51,2026-06-15,2026,25,1256,9,3,18.883,0.135,0.045
2025/2026,Borno,NE,sahel,6651590,52,2026-06-22,2026,26,1016,17,3,15.275,0.256,0.045
2025/2026,Ogun,SW,tropical,6445275,1,2025-06-30,2025,27,2164,27,6,33.575,0.419,0.093
2025/2026,Ogun,SW,tropical,6445275,2,2025-07-07,2025,28,802,9,1,12.443,0.14,0.016
2025/2026,Ogun,SW,tropical,6445275,3,2025-07-14,2025,29,475,7,0,7.37,0.109,0.0
2025/2026,Ogun,SW,tropical,6445275,4,2025-07-21,2025,30,457,4,0,7.09,0.062,0.0
2025/2026,Ogun,SW,tropical,6445275,5,2025-07-28,2025,31,483,8,2,7.494,0.124,0.031
2025/2026,Ogun,SW,tropical,6445275,6,2025-08-04,2025,32,906,10,2,14.057,0.155,0.031
2025/2026,Ogun,SW,tropical,6445275,7,2025-08-11,2025,33,609,11,0,9.449,0.171,0.0
2025/2026,Ogun,SW,tropical,6445275,8,2025-08-18,2025,34,975,10,1,15.127,0.155,0.016
2025/2026,Ogun,SW,tropical,6445275,9,2025-08-25,2025,35,1467,29,1,22.761,0.45,0.016
2025/2026,Ogun,SW,tropical,6445275,10,2025-09-01,2025,36,2177,41,9,33.777,0.636,0.14
2025/2026,Ogun,SW,tropical,6445275,11,2025-09-08,2025,37,3904,113,5,60.572,1.753,0.078
2025/2026,Ogun,SW,tropical,6445275,12,2025-09-15,2025,38,16474,285,26,255.598,4.422,0.403
2025/2026,Ogun,SW,tropical,6445275,13,2025-09-22,2025,39,42598,758,61,660.918,11.761,0.946
2025/2026,Ogun,SW,tropical,6445275,14,2025-09-29,2025,40,129590,1539,75,2010.62,23.878,1.164
2025/2026,Ogun,SW,tropical,6445275,15,2025-10-06,2025,41,238288,1854,246,3697.096,28.765,3.817
2025/2026,Ogun,SW,tropical,6445275,16,2025-10-13,2025,42,131370,1733,163,2038.237,26.888,2.529
2025/2026,Ogun,SW,tropical,6445275,17,2025-10-20,2025,43,47682,783,63,739.798,12.148,0.977
2025/2026,Ogun,SW,tropical,6445275,18,2025-10-27,2025,44,29119,296,30,451.788,4.593,0.465
2025/2026,Ogun,SW,tropical,6445275,19,2025-11-03,2025,45,4072,80,3,63.178,1.241,0.047
2025/2026,Ogun,SW,tropical,6445275,20,2025-11-10,2025,46,883,23,1,13.7,0.357,0.016
2025/2026,Ogun,SW,tropical,6445275,21,2025-11-17,2025,47,1310,21,0,20.325,0.326,0.0
2025/2026,Ogun,SW,tropical,6445275,22,2025-11-24,2025,48,826,34,4,12.816,0.528,0.062
2025/2026,Ogun,SW,tropical,6445275,23,2025-12-01,2025,49,1345,40,3,20.868,0.621,0.047
2025/2026,Ogun,SW,tropical,6445275,24,2025-12-08,2025,50,4448,61,5,69.012,0.946,0.078
2025/2026,Ogun,SW,tropical,6445275,25,2025-12-15,2025,51,8832,127,14,137.031,1.97,0.217
2025/2026,Ogun,SW,tropical,6445275,26,2025-12-22,2025,52,13876,353,12,215.289,5.477,0.186
2025/2026,Ogun,SW,tropical,6445275,27,2025-12-29,2026,1,13561,302,25,210.402,4.686,0.388
2025/2026,Ogun,SW,tropical,6445275,28,2026-01-05,2026,2,12025,336,23,186.571,5.213,0.357
2025/2026,Ogun,SW,tropical,6445275,29,2026-01-12,2026,3,6331,102,7,98.227,1.583,0.109
2025/2026,Ogun,SW,tropical,6445275,30,2026-01-19,2026,4,3254,32,2,50.487,0.496,0.031
2025/2026,Ogun,SW,tropical,6445275,31,2026-01-26,2026,5,864,9,0,13.405,0.14,0.0
2025/2026,Ogun,SW,tropical,6445275,32,2026-02-02,2026,6,857,9,0,13.297,0.14,0.0
2025/2026,Ogun,SW,tropical,6445275,33,2026-02-09,2026,7,765,6,0,11.869,0.093,0.0
2025/2026,Ogun,SW,tropical,6445275,34,2026-02-16,2026,8,608,12,0,9.433,0.186,0.0
2025/2026,Ogun,SW,tropical,6445275,35,2026-02-23,2026,9,590,9,0,9.154,0.14,0.0
2025/2026,Ogun,SW,tropical,6445275,36,2026-03-02,2026,10,650,18,0,10.085,0.279,0.0
2025/2026,Ogun,SW,tropical,6445275,37,2026-03-09,2026,11,626,6,1,9.713,0.093,0.016
2025/2026,Ogun,SW,tropical,6445275,38,2026-03-16,2026,12,538,9,1,8.347,0.14,0.016
2025/2026,Ogun,SW,tropical,6445275,39,2026-03-23,2026,13,551,9,0,8.549,0.14,0.0
2025/2026,Ogun,SW,tropical,6445275,40,2026-03-30,2026,14,592,7,2,9.185,0.109,0.031
2025/2026,Ogun,SW,tropical,6445275,41,2026-04-06,2026,15,738,13,2,11.45,0.202,0.031
2025/2026,Ogun,SW,tropical,6445275,42,2026-04-13,2026,16,605,11,1,9.387,0.171,0.016
2025/2026,Ogun,SW,tropical,6445275,43,2026-04-20,2026,17,617,9,0,9.573,0.14,0.0
2025/2026,Ogun,SW,tropical,6445275,44,2026-04-27,2026,18,494,21,0,7.665,0.326,0.0
2025/2026,Ogun,SW,tropical,6445275,45,2026-05-04,2026,19,692,7,1,10.737,0.109,0.016
2025/2026,Ogun,SW,tropical,6445275,46,2026-05-11,2026,20,523,20,0,8.114,0.31,0.0
2025/2026,Ogun,SW,tropical,6445275,47,2026-05-18,2026,21,433,7,1,6.718,0.109,0.016
2025/2026,Ogun,SW,tropical,6445275,48,2026-05-25,2026,22,541,8,0,8.394,0.124,0.0
2025/2026,Ogun,SW,tropical,6445275,49,2026-06-01,2026,23,745,5,0,11.559,0.078,0.0
2025/2026,Ogun,SW,tropical,6445275,50,2026-06-08,2026,24,528,3,0,8.192,0.047,0.0
2025/2026,Ogun,SW,tropical,6445275,51,2026-06-15,2026,25,551,3,0,8.549,0.047,0.0
2025/2026,Ogun,SW,tropical,6445275,52,2026-06-22,2026,26,601,10,0,9.325,0.155,0.0
2025/2026,Sokoto,NW,sahel,6163187,1,2025-06-30,2025,27,2708,36,5,43.938,0.584,0.081
2025/2026,Sokoto,NW,sahel,6163187,2,2025-07-07,2025,28,632,11,0,10.254,0.178,0.0
2025/2026,Sokoto,NW,sahel,6163187,3,2025-07-14,2025,29,771,14,2,12.51,0.227,0.032
2025/2026,Sokoto,NW,sahel,6163187,4,2025-07-21,2025,30,1233,9,0,20.006,0.146,0.0
2025/2026,Sokoto,NW,sahel,6163187,5,2025-07-28,2025,31,563,20,0,9.135,0.325,0.0
2025/2026,Sokoto,NW,sahel,6163187,6,2025-08-04,2025,32,1140,16,5,18.497,0.26,0.081
2025/2026,Sokoto,NW,sahel,6163187,7,2025-08-11,2025,33,1368,13,2,22.196,0.211,0.032
2025/2026,Sokoto,NW,sahel,6163187,8,2025-08-18,2025,34,862,13,3,13.986,0.211,0.049
2025/2026,Sokoto,NW,sahel,6163187,9,2025-08-25,2025,35,1340,5,3,21.742,0.081,0.049
2025/2026,Sokoto,NW,sahel,6163187,10,2025-09-01,2025,36,935,14,2,15.171,0.227,0.032
2025/2026,Sokoto,NW,sahel,6163187,11,2025-09-08,2025,37,2343,32,0,38.016,0.519,0.0
2025/2026,Sokoto,NW,sahel,6163187,12,2025-09-15,2025,38,1641,35,3,26.626,0.568,0.049
2025/2026,Sokoto,NW,sahel,6163187,13,2025-09-22,2025,39,3213,59,14,52.132,0.957,0.227
2025/2026,Sokoto,NW,sahel,6163187,14,2025-09-29,2025,40,5539,131,14,89.872,2.126,0.227
2025/2026,Sokoto,NW,sahel,6163187,15,2025-10-06,2025,41,28495,170,49,462.342,2.758,0.795
2025/2026,Sokoto,NW,sahel,6163187,16,2025-10-13,2025,42,33356,617,76,541.213,10.011,1.233
2025/2026,Sokoto,NW,sahel,6163187,17,2025-10-20,2025,43,47852,742,63,776.416,12.039,1.022
2025/2026,Sokoto,NW,sahel,6163187,18,2025-10-27,2025,44,148251,1025,170,2405.428,16.631,2.758
2025/2026,Sokoto,NW,sahel,6163187,19,2025-11-03,2025,45,52669,647,134,854.574,10.498,2.174
2025/2026,Sokoto,NW,sahel,6163187,20,2025-11-10,2025,46,26088,259,33,423.287,4.202,0.535
2025/2026,Sokoto,NW,sahel,6163187,21,2025-11-17,2025,47,8174,93,21,132.626,1.509,0.341
2025/2026,Sokoto,NW,sahel,6163187,22,2025-11-24,2025,48,5189,77,8,84.193,1.249,0.13
2025/2026,Sokoto,NW,sahel,6163187,23,2025-12-01,2025,49,6631,54,6,107.59,0.876,0.097
2025/2026,Sokoto,NW,sahel,6163187,24,2025-12-08,2025,50,8877,135,11,144.033,2.19,0.178
2025/2026,Sokoto,NW,sahel,6163187,25,2025-12-15,2025,51,10846,229,29,175.98,3.716,0.471
2025/2026,Sokoto,NW,sahel,6163187,26,2025-12-22,2025,52,31545,231,56,511.829,3.748,0.909
2025/2026,Sokoto,NW,sahel,6163187,27,2025-12-29,2026,1,20137,534,54,326.73,8.664,0.876
2025/2026,Sokoto,NW,sahel,6163187,28,2026-01-05,2026,2,36352,394,45,589.825,6.393,0.73
2025/2026,Sokoto,NW,sahel,6163187,29,2026-01-12,2026,3,7512,193,27,121.885,3.131,0.438
2025/2026,Sokoto,NW,sahel,6163187,30,2026-01-19,2026,4,4416,48,13,71.651,0.779,0.211
2025/2026,Sokoto,NW,sahel,6163187,31,2026-01-26,2026,5,1425,20,4,23.121,0.325,0.065
2025/2026,Sokoto,NW,sahel,6163187,32,2026-02-02,2026,6,876,5,4,14.213,0.081,0.065
2025/2026,Sokoto,NW,sahel,6163187,33,2026-02-09,2026,7,924,9,1,14.992,0.146,0.016
2025/2026,Sokoto,NW,sahel,6163187,34,2026-02-16,2026,8,634,6,4,10.287,0.097,0.065
2025/2026,Sokoto,NW,sahel,6163187,35,2026-02-23,2026,9,1031,13,0,16.728,0.211,0.0
2025/2026,Sokoto,NW,sahel,6163187,36,2026-03-02,2026,10,767,9,1,12.445,0.146,0.016
2025/2026,Sokoto,NW,sahel,6163187,37,2026-03-09,2026,11,837,20,0,13.581,0.325,0.0
2025/2026,Sokoto,NW,sahel,6163187,38,2026-03-16,2026,12,1066,7,2,17.296,0.114,0.032
2025/2026,Sokoto,NW,sahel,6163187,39,2026-03-23,2026,13,495,7,3,8.032,0.114,0.049
2025/2026,Sokoto,NW,sahel,6163187,40,2026-03-30,2026,14,1116,21,1,18.108,0.341,0.016
2025/2026,Sokoto,NW,sahel,6163187,41,2026-04-06,2026,15,1182,11,2,19.178,0.178,0.032
2025/2026,Sokoto,NW,sahel,6163187,42,2026-04-13,2026,16,618,17,0,10.027,0.276,0.0
2025/2026,Sokoto,NW,sahel,6163187,43,2026-04-20,2026,17,1029,19,3,16.696,0.308,0.049
2025/2026,Sokoto,NW,sahel,6163187,44,2026-04-27,2026,18,976,10,1,15.836,0.162,0.016
2025/2026,Sokoto,NW,sahel,6163187,45,2026-05-04,2026,19,824,15,2,13.37,0.243,0.032
2025/2026,Sokoto,NW,sahel,6163187,46,2026-05-11,2026,20,664,5,2,10.774,0.081,0.032
2025/2026,Sokoto,NW,sahel,6163187,47,2026-05-18,2026,21,1285,16,0,20.85,0.26,0.0
2025/2026,Sokoto,NW,sahel,6163187,48,2026-05-25,2026,22,1256,5,2,20.379,0.081,0.032
2025/2026,Sokoto,NW,sahel,6163187,49,2026-06-01,2026,23,839,10,1,13.613,0.162,0.016
2025/2026,Sokoto,NW,sahel,6163187,50,2026-06-08,2026,24,1436,8,1,23.3,0.13,0.016
2025/2026,Sokoto,NW,sahel,6163187,51,2026-06-15,2026,25,808,10,2,13.11,0.162,0.032
2025/2026,Sokoto,NW,sahel,6163187,52,2026-06-22,2026,26,759,6,5,12.315,0.097,0.081
2025/2026,Delta,SS,tropical,6107543,1,2025-06-30,2025,27,2891,47,2,47.335,0.77,0.033
2025/2026,Delta,SS,tropical,6107543,2,2025-07-07,2025,28,412,16,0,6.746,0.262,0.0
2025/2026,Delta,SS,tropical,6107543,3,2025-07-14,2025,29,509,7,2,8.334,0.115,0.033
2025/2026,Delta,SS,tropical,6107543,4,2025-07-21,2025,30,423,6,2,6.926,0.098,0.033
2025/2026,Delta,SS,tropical,6107543,5,2025-07-28,2025,31,431,3,1,7.057,0.049,0.016
2025/2026,Delta,SS,tropical,6107543,6,2025-08-04,2025,32,596,12,0,9.758,0.196,0.0
2025/2026,Delta,SS,tropical,6107543,7,2025-08-11,2025,33,477,12,0,7.81,0.196,0.0
2025/2026,Delta,SS,tropical,6107543,8,2025-08-18,2025,34,602,20,3,9.857,0.327,0.049
2025/2026,Delta,SS,tropical,6107543,9,2025-08-25,2025,35,821,19,1,13.442,0.311,0.016
2025/2026,Delta,SS,tropical,6107543,10,2025-09-01,2025,36,3381,76,0,55.358,1.244,0.0
2025/2026,Delta,SS,tropical,6107543,11,2025-09-08,2025,37,5852,121,10,95.816,1.981,0.164
2025/2026,Delta,SS,tropical,6107543,12,2025-09-15,2025,38,20563,361,25,336.682,5.911,0.409
2025/2026,Delta,SS,tropical,6107543,13,2025-09-22,2025,39,31149,629,30,510.009,10.299,0.491
2025/2026,Delta,SS,tropical,6107543,14,2025-09-29,2025,40,98148,1834,70,1606.996,30.028,1.146
2025/2026,Delta,SS,tropical,6107543,15,2025-10-06,2025,41,146268,1524,195,2394.875,24.953,3.193
2025/2026,Delta,SS,tropical,6107543,16,2025-10-13,2025,42,83639,1919,236,1369.438,31.42,3.864
2025/2026,Delta,SS,tropical,6107543,17,2025-10-20,2025,43,97663,758,89,1599.055,12.411,1.457
2025/2026,Delta,SS,tropical,6107543,18,2025-10-27,2025,44,26824,473,13,439.195,7.745,0.213
2025/2026,Delta,SS,tropical,6107543,19,2025-11-03,2025,45,6704,72,6,109.766,1.179,0.098
2025/2026,Delta,SS,tropical,6107543,20,2025-11-10,2025,46,1235,18,2,20.221,0.295,0.033
2025/2026,Delta,SS,tropical,6107543,21,2025-11-17,2025,47,1018,29,0,16.668,0.475,0.0
2025/2026,Delta,SS,tropical,6107543,22,2025-11-24,2025,48,979,34,2,16.029,0.557,0.033
2025/2026,Delta,SS,tropical,6107543,23,2025-12-01,2025,49,2759,29,5,45.174,0.475,0.082
2025/2026,Delta,SS,tropical,6107543,24,2025-12-08,2025,50,3968,95,5,64.969,1.555,0.082
2025/2026,Delta,SS,tropical,6107543,25,2025-12-15,2025,51,8324,85,9,136.29,1.392,0.147
2025/2026,Delta,SS,tropical,6107543,26,2025-12-22,2025,52,14515,147,23,237.657,2.407,0.377
2025/2026,Delta,SS,tropical,6107543,27,2025-12-29,2026,1,12922,369,14,211.574,6.042,0.229
2025/2026,Delta,SS,tropical,6107543,28,2026-01-05,2026,2,12246,326,19,200.506,5.338,0.311
2025/2026,Delta,SS,tropical,6107543,29,2026-01-12,2026,3,4239,114,9,69.406,1.867,0.147
2025/2026,Delta,SS,tropical,6107543,30,2026-01-19,2026,4,1334,31,2,21.842,0.508,0.033
2025/2026,Delta,SS,tropical,6107543,31,2026-01-26,2026,5,776,8,1,12.706,0.131,0.016
2025/2026,Delta,SS,tropical,6107543,32,2026-02-02,2026,6,557,6,0,9.12,0.098,0.0
2025/2026,Delta,SS,tropical,6107543,33,2026-02-09,2026,7,533,7,1,8.727,0.115,0.016
2025/2026,Delta,SS,tropical,6107543,34,2026-02-16,2026,8,362,12,0,5.927,0.196,0.0
2025/2026,Delta,SS,tropical,6107543,35,2026-02-23,2026,9,420,12,0,6.877,0.196,0.0
2025/2026,Delta,SS,tropical,6107543,36,2026-03-02,2026,10,420,6,0,6.877,0.098,0.0
2025/2026,Delta,SS,tropical,6107543,37,2026-03-09,2026,11,268,6,0,4.388,0.098,0.0
2025/2026,Delta,SS,tropical,6107543,38,2026-03-16,2026,12,470,6,0,7.695,0.098,0.0
2025/2026,Delta,SS,tropical,6107543,39,2026-03-23,2026,13,647,5,0,10.593,0.082,0.0
2025/2026,Delta,SS,tropical,6107543,40,2026-03-30,2026,14,454,4,1,7.433,0.065,0.016
2025/2026,Delta,SS,tropical,6107543,41,2026-04-06,2026,15,222,14,0,3.635,0.229,0.0
2025/2026,Delta,SS,tropical,6107543,42,2026-04-13,2026,16,650,11,0,10.643,0.18,0.0
2025/2026,Delta,SS,tropical,6107543,43,2026-04-20,2026,17,462,6,1,7.564,0.098,0.016
2025/2026,Delta,SS,tropical,6107543,44,2026-04-27,2026,18,414,7,2,6.779,0.115,0.033
2025/2026,Delta,SS,tropical,6107543,45,2026-05-04,2026,19,681,7,1,11.15,0.115,0.016
2025/2026,Delta,SS,tropical,6107543,46,2026-05-11,2026,20,462,3,1,7.564,0.049,0.016
2025/2026,Delta,SS,tropical,6107543,47,2026-05-18,2026,21,625,4,1,10.233,0.065,0.016
2025/2026,Delta,SS,tropical,6107543,48,2026-05-25,2026,22,483,13,0,7.908,0.213,0.0
2025/2026,Delta,SS,tropical,6107543,49,2026-06-01,2026,23,472,11,0,7.728,0.18,0.0
2025/2026,Delta,SS,tropical,6107543,50,2026-06-08,2026,24,374,3,0,6.124,0.049,0.0
2025/2026,Delta,SS,tropical,6107543,51,2026-06-15,2026,25,429,10,1,7.024,0.164,0.016
2025/2026,Delta,SS,tropical,6107543,52,2026-06-22,2026,26,469,7,0,7.679,0.115,0.0
2025/2026,Imo,SE,tropical,6067722,1,2025-06-30,2025,27,2037,27,1,33.571,0.445,0.016
2025/2026,Imo,SE,tropical,6067722,2,2025-07-07,2025,28,605,12,0,9.971,0.198,0.0
2025/2026,Imo,SE,tropical,6067722,3,2025-07-14,2025,29,404,7,0,6.658,0.115,0.0
2025/2026,Imo,SE,tropical,6067722,4,2025-07-21,2025,30,468,15,0,7.713,0.247,0.0
2025/2026,Imo,SE,tropical,6067722,5,2025-07-28,2025,31,665,0,1,10.96,0.0,0.016
2025/2026,Imo,SE,tropical,6067722,6,2025-08-04,2025,32,512,5,0,8.438,0.082,0.0
2025/2026,Imo,SE,tropical,6067722,7,2025-08-11,2025,33,536,13,0,8.834,0.214,0.0
2025/2026,Imo,SE,tropical,6067722,8,2025-08-18,2025,34,1039,14,1,17.123,0.231,0.016
2025/2026,Imo,SE,tropical,6067722,9,2025-08-25,2025,35,1352,35,2,22.282,0.577,0.033
2025/2026,Imo,SE,tropical,6067722,10,2025-09-01,2025,36,1474,45,2,24.292,0.742,0.033
2025/2026,Imo,SE,tropical,6067722,11,2025-09-08,2025,37,5095,111,13,83.969,1.829,0.214
2025/2026,Imo,SE,tropical,6067722,12,2025-09-15,2025,38,18212,251,16,300.146,4.137,0.264
2025/2026,Imo,SE,tropical,6067722,13,2025-09-22,2025,39,68204,609,64,1124.046,10.037,1.055
2025/2026,Imo,SE,tropical,6067722,14,2025-09-29,2025,40,115426,813,84,1902.295,13.399,1.384
2025/2026,Imo,SE,tropical,6067722,15,2025-10-06,2025,41,146974,2724,166,2422.227,44.893,2.736
2025/2026,Imo,SE,tropical,6067722,16,2025-10-13,2025,42,118704,1443,218,1956.319,23.782,3.593
2025/2026,Imo,SE,tropical,6067722,17,2025-10-20,2025,43,69832,999,95,1150.877,16.464,1.566
2025/2026,Imo,SE,tropical,6067722,18,2025-10-27,2025,44,30894,398,34,509.153,6.559,0.56
2025/2026,Imo,SE,tropical,6067722,19,2025-11-03,2025,45,5814,90,4,95.818,1.483,0.066
2025/2026,Imo,SE,tropical,6067722,20,2025-11-10,2025,46,1125,23,1,18.541,0.379,0.016
2025/2026,Imo,SE,tropical,6067722,21,2025-11-17,2025,47,970,23,0,15.986,0.379,0.0
2025/2026,Imo,SE,tropical,6067722,22,2025-11-24,2025,48,887,12,2,14.618,0.198,0.033
2025/2026,Imo,SE,tropical,6067722,23,2025-12-01,2025,49,2365,34,1,38.977,0.56,0.016
2025/2026,Imo,SE,tropical,6067722,24,2025-12-08,2025,50,6298,34,1,103.795,0.56,0.016
2025/2026,Imo,SE,tropical,6067722,25,2025-12-15,2025,51,6086,143,13,100.301,2.357,0.214
2025/2026,Imo,SE,tropical,6067722,26,2025-12-22,2025,52,15641,310,10,257.774,5.109,0.165
2025/2026,Imo,SE,tropical,6067722,27,2025-12-29,2026,1,11549,330,8,190.335,5.439,0.132
2025/2026,Imo,SE,tropical,6067722,28,2026-01-05,2026,2,16561,235,22,272.936,3.873,0.363
2025/2026,Imo,SE,tropical,6067722,29,2026-01-12,2026,3,7166,116,12,118.1,1.912,0.198
2025/2026,Imo,SE,tropical,6067722,30,2026-01-19,2026,4,1962,49,0,32.335,0.808,0.0
2025/2026,Imo,SE,tropical,6067722,31,2026-01-26,2026,5,1189,19,0,19.595,0.313,0.0
2025/2026,Imo,SE,tropical,6067722,32,2026-02-02,2026,6,538,6,0,8.867,0.099,0.0
2025/2026,Imo,SE,tropical,6067722,33,2026-02-09,2026,7,581,3,0,9.575,0.049,0.0
2025/2026,Imo,SE,tropical,6067722,34,2026-02-16,2026,8,483,8,0,7.96,0.132,0.0
2025/2026,Imo,SE,tropical,6067722,35,2026-02-23,2026,9,806,12,2,13.283,0.198,0.033
2025/2026,Imo,SE,tropical,6067722,36,2026-03-02,2026,10,420,4,0,6.922,0.066,0.0
2025/2026,Imo,SE,tropical,6067722,37,2026-03-09,2026,11,486,4,1,8.01,0.066,0.016
2025/2026,Imo,SE,tropical,6067722,38,2026-03-16,2026,12,499,4,0,8.224,0.066,0.0
2025/2026,Imo,SE,tropical,6067722,39,2026-03-23,2026,13,516,9,1,8.504,0.148,0.016
2025/2026,Imo,SE,tropical,6067722,40,2026-03-30,2026,14,454,5,0,7.482,0.082,0.0
2025/2026,Imo,SE,tropical,6067722,41,2026-04-06,2026,15,931,4,1,15.343,0.066,0.016
2025/2026,Imo,SE,tropical,6067722,42,2026-04-13,2026,16,513,11,0,8.455,0.181,0.0
2025/2026,Imo,SE,tropical,6067722,43,2026-04-20,2026,17,576,11,1,9.493,0.181,0.016
2025/2026,Imo,SE,tropical,6067722,44,2026-04-27,2026,18,381,15,0,6.279,0.247,0.0
2025/2026,Imo,SE,tropical,6067722,45,2026-05-04,2026,19,699,11,0,11.52,0.181,0.0
2025/2026,Imo,SE,tropical,6067722,46,2026-05-11,2026,20,400,14,0,6.592,0.231,0.0
2025/2026,Imo,SE,tropical,6067722,47,2026-05-18,2026,21,647,12,0,10.663,0.198,0.0
2025/2026,Imo,SE,tropical,6067722,48,2026-05-25,2026,22,329,15,0,5.422,0.247,0.0
2025/2026,Imo,SE,tropical,6067722,49,2026-06-01,2026,23,571,7,1,9.41,0.115,0.016
2025/2026,Imo,SE,tropical,6067722,50,2026-06-08,2026,24,322,17,0,5.307,0.28,0.0
2025/2026,Imo,SE,tropical,6067722,51,2026-06-15,2026,25,665,15,3,10.96,0.247,0.049
2025/2026,Imo,SE,tropical,6067722,52,2026-06-22,2026,26,370,15,0,6.098,0.247,0.0
2025/2026,Kebbi,NW,sahel,6001610,1,2025-06-30,2025,27,2588,32,5,43.122,0.533,0.083
2025/2026,Kebbi,NW,sahel,6001610,2,2025-07-07,2025,28,1012,22,1,16.862,0.367,0.017
2025/2026,Kebbi,NW,sahel,6001610,3,2025-07-14,2025,29,984,22,1,16.396,0.367,0.017
2025/2026,Kebbi,NW,sahel,6001610,4,2025-07-21,2025,30,1049,6,0,17.479,0.1,0.0
2025/2026,Kebbi,NW,sahel,6001610,5,2025-07-28,2025,31,1006,13,1,16.762,0.217,0.017
2025/2026,Kebbi,NW,sahel,6001610,6,2025-08-04,2025,32,771,14,4,12.847,0.233,0.067
2025/2026,Kebbi,NW,sahel,6001610,7,2025-08-11,2025,33,1064,21,2,17.729,0.35,0.033
2025/2026,Kebbi,NW,sahel,6001610,8,2025-08-18,2025,34,1092,3,3,18.195,0.05,0.05
2025/2026,Kebbi,NW,sahel,6001610,9,2025-08-25,2025,35,973,11,1,16.212,0.183,0.017
2025/2026,Kebbi,NW,sahel,6001610,10,2025-09-01,2025,36,818,18,0,13.63,0.3,0.0
2025/2026,Kebbi,NW,sahel,6001610,11,2025-09-08,2025,37,886,20,2,14.763,0.333,0.033
2025/2026,Kebbi,NW,sahel,6001610,12,2025-09-15,2025,38,1374,28,1,22.894,0.467,0.017
2025/2026,Kebbi,NW,sahel,6001610,13,2025-09-22,2025,39,2867,43,8,47.771,0.716,0.133
2025/2026,Kebbi,NW,sahel,6001610,14,2025-09-29,2025,40,8540,72,18,142.295,1.2,0.3
2025/2026,Kebbi,NW,sahel,6001610,15,2025-10-06,2025,41,24921,257,19,415.239,4.282,0.317
2025/2026,Kebbi,NW,sahel,6001610,16,2025-10-13,2025,42,42237,965,88,703.761,16.079,1.466
2025/2026,Kebbi,NW,sahel,6001610,17,2025-10-20,2025,43,83973,824,170,1399.175,13.73,2.833
2025/2026,Kebbi,NW,sahel,6001610,18,2025-10-27,2025,44,61558,1201,204,1025.691,20.011,3.399
2025/2026,Kebbi,NW,sahel,6001610,19,2025-11-03,2025,45,56055,995,131,933.999,16.579,2.183
2025/2026,Kebbi,NW,sahel,6001610,20,2025-11-10,2025,46,40823,273,66,680.201,4.549,1.1
2025/2026,Kebbi,NW,sahel,6001610,21,2025-11-17,2025,47,6576,152,22,109.571,2.533,0.367
2025/2026,Kebbi,NW,sahel,6001610,22,2025-11-24,2025,48,4500,57,11,74.98,0.95,0.183
2025/2026,Kebbi,NW,sahel,6001610,23,2025-12-01,2025,49,5538,58,15,92.275,0.966,0.25
2025/2026,Kebbi,NW,sahel,6001610,24,2025-12-08,2025,50,5140,198,16,85.644,3.299,0.267
2025/2026,Kebbi,NW,sahel,6001610,25,2025-12-15,2025,51,10978,214,48,182.918,3.566,0.8
2025/2026,Kebbi,NW,sahel,6001610,26,2025-12-22,2025,52,22254,235,51,370.801,3.916,0.85
2025/2026,Kebbi,NW,sahel,6001610,27,2025-12-29,2026,1,30910,312,68,515.028,5.199,1.133
2025/2026,Kebbi,NW,sahel,6001610,28,2026-01-05,2026,2,26354,321,65,439.116,5.349,1.083
2025/2026,Kebbi,NW,sahel,6001610,29,2026-01-12,2026,3,13631,170,33,227.122,2.833,0.55
2025/2026,Kebbi,NW,sahel,6001610,30,2026-01-19,2026,4,7159,89,12,119.285,1.483,0.2
2025/2026,Kebbi,NW,sahel,6001610,31,2026-01-26,2026,5,1285,20,2,21.411,0.333,0.033
2025/2026,Kebbi,NW,sahel,6001610,32,2026-02-02,2026,6,997,10,0,16.612,0.167,0.0
2025/2026,Kebbi,NW,sahel,6001610,33,2026-02-09,2026,7,1204,12,3,20.061,0.2,0.05
2025/2026,Kebbi,NW,sahel,6001610,34,2026-02-16,2026,8,1117,12,2,18.612,0.2,0.033
2025/2026,Kebbi,NW,sahel,6001610,35,2026-02-23,2026,9,712,10,1,11.863,0.167,0.017
2025/2026,Kebbi,NW,sahel,6001610,36,2026-03-02,2026,10,797,6,4,13.28,0.1,0.067
2025/2026,Kebbi,NW,sahel,6001610,37,2026-03-09,2026,11,923,14,0,15.379,0.233,0.0
2025/2026,Kebbi,NW,sahel,6001610,38,2026-03-16,2026,12,846,3,3,14.096,0.05,0.05
2025/2026,Kebbi,NW,sahel,6001610,39,2026-03-23,2026,13,582,18,1,9.697,0.3,0.017
2025/2026,Kebbi,NW,sahel,6001610,40,2026-03-30,2026,14,875,18,0,14.579,0.3,0.0
2025/2026,Kebbi,NW,sahel,6001610,41,2026-04-06,2026,15,626,6,4,10.431,0.1,0.067
2025/2026,Kebbi,NW,sahel,6001610,42,2026-04-13,2026,16,965,16,2,16.079,0.267,0.033
2025/2026,Kebbi,NW,sahel,6001610,43,2026-04-20,2026,17,878,5,0,14.629,0.083,0.0
2025/2026,Kebbi,NW,sahel,6001610,44,2026-04-27,2026,18,836,15,3,13.93,0.25,0.05
2025/2026,Kebbi,NW,sahel,6001610,45,2026-05-04,2026,19,1726,7,1,28.759,0.117,0.017
2025/2026,Kebbi,NW,sahel,6001610,46,2026-05-11,2026,20,1275,12,0,21.244,0.2,0.0
2025/2026,Kebbi,NW,sahel,6001610,47,2026-05-18,2026,21,1535,12,3,25.576,0.2,0.05
2025/2026,Kebbi,NW,sahel,6001610,48,2026-05-25,2026,22,1029,6,3,17.145,0.1,0.05
2025/2026,Kebbi,NW,sahel,6001610,49,2026-06-01,2026,23,939,13,0,15.646,0.217,0.0
2025/2026,Kebbi,NW,sahel,6001610,50,2026-06-08,2026,24,634,13,2,10.564,0.217,0.033
2025/2026,Kebbi,NW,sahel,6001610,51,2026-06-15,2026,25,855,11,0,14.246,0.183,0.0
2025/2026,Kebbi,NW,sahel,6001610,52,2026-06-22,2026,26,930,5,3,15.496,0.083,0.05
2025/2026,Akwa Ibom,SS,tropical,5780581,1,2025-06-30,2025,27,923,63,4,15.967,1.09,0.069
2025/2026,Akwa Ibom,SS,tropical,5780581,2,2025-07-07,2025,28,431,11,1,7.456,0.19,0.017
2025/2026,Akwa Ibom,SS,tropical,5780581,3,2025-07-14,2025,29,648,8,0,11.21,0.138,0.0
2025/2026,Akwa Ibom,SS,tropical,5780581,4,2025-07-21,2025,30,651,4,0,11.262,0.069,0.0
2025/2026,Akwa Ibom,SS,tropical,5780581,5,2025-07-28,2025,31,427,8,2,7.387,0.138,0.035
2025/2026,Akwa Ibom,SS,tropical,5780581,6,2025-08-04,2025,32,526,14,0,9.099,0.242,0.0
2025/2026,Akwa Ibom,SS,tropical,5780581,7,2025-08-11,2025,33,738,17,1,12.767,0.294,0.017
2025/2026,Akwa Ibom,SS,tropical,5780581,8,2025-08-18,2025,34,1085,12,0,18.77,0.208,0.0
2025/2026,Akwa Ibom,SS,tropical,5780581,9,2025-08-25,2025,35,841,29,0,14.549,0.502,0.0
2025/2026,Akwa Ibom,SS,tropical,5780581,10,2025-09-01,2025,36,1750,29,4,30.274,0.502,0.069
2025/2026,Akwa Ibom,SS,tropical,5780581,11,2025-09-08,2025,37,5907,88,6,102.187,1.522,0.104
2025/2026,Akwa Ibom,SS,tropical,5780581,12,2025-09-15,2025,38,18434,307,10,318.895,5.311,0.173
2025/2026,Akwa Ibom,SS,tropical,5780581,13,2025-09-22,2025,39,42672,703,94,738.196,12.161,1.626
2025/2026,Akwa Ibom,SS,tropical,5780581,14,2025-09-29,2025,40,129895,1231,93,2247.092,21.295,1.609
2025/2026,Akwa Ibom,SS,tropical,5780581,15,2025-10-06,2025,41,126216,1935,131,2183.448,33.474,2.266
2025/2026,Akwa Ibom,SS,tropical,5780581,16,2025-10-13,2025,42,110406,1149,174,1909.946,19.877,3.01
2025/2026,Akwa Ibom,SS,tropical,5780581,17,2025-10-20,2025,43,63190,1204,76,1093.143,20.828,1.315
2025/2026,Akwa Ibom,SS,tropical,5780581,18,2025-10-27,2025,44,11453,344,20,198.129,5.951,0.346
2025/2026,Akwa Ibom,SS,tropical,5780581,19,2025-11-03,2025,45,6068,60,6,104.972,1.038,0.104
2025/2026,Akwa Ibom,SS,tropical,5780581,20,2025-11-10,2025,46,871,11,1,15.068,0.19,0.017
2025/2026,Akwa Ibom,SS,tropical,5780581,21,2025-11-17,2025,47,643,5,0,11.123,0.086,0.0
2025/2026,Akwa Ibom,SS,tropical,5780581,22,2025-11-24,2025,48,1631,13,2,28.215,0.225,0.035
2025/2026,Akwa Ibom,SS,tropical,5780581,23,2025-12-01,2025,49,2334,43,1,40.377,0.744,0.017
2025/2026,Akwa Ibom,SS,tropical,5780581,24,2025-12-08,2025,50,4070,67,11,70.408,1.159,0.19
2025/2026,Akwa Ibom,SS,tropical,5780581,25,2025-12-15,2025,51,5990,54,9,103.623,0.934,0.156
2025/2026,Akwa Ibom,SS,tropical,5780581,26,2025-12-22,2025,52,9872,130,6,170.779,2.249,0.104
2025/2026,Akwa Ibom,SS,tropical,5780581,27,2025-12-29,2026,1,9647,316,23,166.886,5.467,0.398
2025/2026,Akwa Ibom,SS,tropical,5780581,28,2026-01-05,2026,2,7498,276,7,129.71,4.775,0.121
2025/2026,Akwa Ibom,SS,tropical,5780581,29,2026-01-12,2026,3,7650,72,6,132.34,1.246,0.104
2025/2026,Akwa Ibom,SS,tropical,5780581,30,2026-01-19,2026,4,936,44,1,16.192,0.761,0.017
2025/2026,Akwa Ibom,SS,tropical,5780581,31,2026-01-26,2026,5,841,7,0,14.549,0.121,0.0
2025/2026,Akwa Ibom,SS,tropical,5780581,32,2026-02-02,2026,6,351,16,1,6.072,0.277,0.017
2025/2026,Akwa Ibom,SS,tropical,5780581,33,2026-02-09,2026,7,440,4,0,7.612,0.069,0.0
2025/2026,Akwa Ibom,SS,tropical,5780581,34,2026-02-16,2026,8,625,14,0,10.812,0.242,0.0
2025/2026,Akwa Ibom,SS,tropical,5780581,35,2026-02-23,2026,9,600,13,1,10.38,0.225,0.017
2025/2026,Akwa Ibom,SS,tropical,5780581,36,2026-03-02,2026,10,685,4,0,11.85,0.069,0.0
2025/2026,Akwa Ibom,SS,tropical,5780581,37,2026-03-09,2026,11,425,8,0,7.352,0.138,0.0
2025/2026,Akwa Ibom,SS,tropical,5780581,38,2026-03-16,2026,12,412,6,1,7.127,0.104,0.017
2025/2026,Akwa Ibom,SS,tropical,5780581,39,2026-03-23,2026,13,642,8,0,11.106,0.138,0.0
2025/2026,Akwa Ibom,SS,tropical,5780581,40,2026-03-30,2026,14,417,12,2,7.214,0.208,0.035
2025/2026,Akwa Ibom,SS,tropical,5780581,41,2026-04-06,2026,15,460,4,2,7.958,0.069,0.035
2025/2026,Akwa Ibom,SS,tropical,5780581,42,2026-04-13,2026,16,562,9,0,9.722,0.156,0.0
2025/2026,Akwa Ibom,SS,tropical,5780581,43,2026-04-20,2026,17,663,10,0,11.469,0.173,0.0
2025/2026,Akwa Ibom,SS,tropical,5780581,44,2026-04-27,2026,18,582,6,1,10.068,0.104,0.017
2025/2026,Akwa Ibom,SS,tropical,5780581,45,2026-05-04,2026,19,377,11,0,6.522,0.19,0.0
2025/2026,Akwa Ibom,SS,tropical,5780581,46,2026-05-11,2026,20,346,14,2,5.986,0.242,0.035
2025/2026,Akwa Ibom,SS,tropical,5780581,47,2026-05-18,2026,21,569,6,0,9.843,0.104,0.0
2025/2026,Akwa Ibom,SS,tropical,5780581,48,2026-05-25,2026,22,349,12,0,6.037,0.208,0.0
2025/2026,Akwa Ibom,SS,tropical,5780581,49,2026-06-01,2026,23,628,13,1,10.864,0.225,0.017
2025/2026,Akwa Ibom,SS,tropical,5780581,50,2026-06-08,2026,24,343,11,2,5.934,0.19,0.035
2025/2026,Akwa Ibom,SS,tropical,5780581,51,2026-06-15,2026,25,500,3,0,8.65,0.052,0.0
2025/2026,Akwa Ibom,SS,tropical,5780581,52,2026-06-22,2026,26,615,6,1,10.639,0.104,0.017
2025/2026,Edo,SS,tropical,5527810,1,2025-06-30,2025,27,2742,50,3,49.604,0.905,0.054
2025/2026,Edo,SS,tropical,5527810,2,2025-07-07,2025,28,367,12,0,6.639,0.217,0.0
2025/2026,Edo,SS,tropical,5527810,3,2025-07-14,2025,29,551,7,1,9.968,0.127,0.018
2025/2026,Edo,SS,tropical,5527810,4,2025-07-21,2025,30,730,10,1,13.206,0.181,0.018
2025/2026,Edo,SS,tropical,5527810,5,2025-07-28,2025,31,510,7,1,9.226,0.127,0.018
2025/2026,Edo,SS,tropical,5527810,6,2025-08-04,2025,32,241,4,0,4.36,0.072,0.0
2025/2026,Edo,SS,tropical,5527810,7,2025-08-11,2025,33,905,8,1,16.372,0.145,0.018
2025/2026,Edo,SS,tropical,5527810,8,2025-08-18,2025,34,775,14,0,14.02,0.253,0.0
2025/2026,Edo,SS,tropical,5527810,9,2025-08-25,2025,35,1354,25,0,24.494,0.452,0.0
2025/2026,Edo,SS,tropical,5527810,10,2025-09-01,2025,36,2319,39,2,41.952,0.706,0.036
2025/2026,Edo,SS,tropical,5527810,11,2025-09-08,2025,37,3626,129,7,65.596,2.334,0.127
2025/2026,Edo,SS,tropical,5527810,12,2025-09-15,2025,38,15385,220,20,278.32,3.98,0.362
2025/2026,Edo,SS,tropical,5527810,13,2025-09-22,2025,39,44915,498,34,812.528,9.009,0.615
2025/2026,Edo,SS,tropical,5527810,14,2025-09-29,2025,40,67011,1301,103,1212.252,23.536,1.863
2025/2026,Edo,SS,tropical,5527810,15,2025-10-06,2025,41,134771,1997,114,2438.054,36.126,2.062
2025/2026,Edo,SS,tropical,5527810,16,2025-10-13,2025,42,155242,1933,100,2808.382,34.969,1.809
2025/2026,Edo,SS,tropical,5527810,17,2025-10-20,2025,43,78433,790,59,1418.88,14.291,1.067
2025/2026,Edo,SS,tropical,5527810,18,2025-10-27,2025,44,15675,788,19,283.566,14.255,0.344
2025/2026,Edo,SS,tropical,5527810,19,2025-11-03,2025,45,2523,63,8,45.642,1.14,0.145
2025/2026,Edo,SS,tropical,5527810,20,2025-11-10,2025,46,1594,20,0,28.836,0.362,0.0
2025/2026,Edo,SS,tropical,5527810,21,2025-11-17,2025,47,756,4,0,13.676,0.072,0.0
2025/2026,Edo,SS,tropical,5527810,22,2025-11-24,2025,48,1354,21,3,24.494,0.38,0.054
2025/2026,Edo,SS,tropical,5527810,23,2025-12-01,2025,49,2106,37,4,38.098,0.669,0.072
2025/2026,Edo,SS,tropical,5527810,24,2025-12-08,2025,50,5278,87,1,95.481,1.574,0.018
2025/2026,Edo,SS,tropical,5527810,25,2025-12-15,2025,51,5004,119,6,90.524,2.153,0.109
2025/2026,Edo,SS,tropical,5527810,26,2025-12-22,2025,52,12207,286,13,220.829,5.174,0.235
2025/2026,Edo,SS,tropical,5527810,27,2025-12-29,2026,1,12587,224,16,227.703,4.052,0.289
2025/2026,Edo,SS,tropical,5527810,28,2026-01-05,2026,2,7619,93,11,137.83,1.682,0.199
2025/2026,Edo,SS,tropical,5527810,29,2026-01-12,2026,3,6138,100,7,111.039,1.809,0.127
2025/2026,Edo,SS,tropical,5527810,30,2026-01-19,2026,4,1790,32,3,32.382,0.579,0.054
2025/2026,Edo,SS,tropical,5527810,31,2026-01-26,2026,5,1188,19,2,21.491,0.344,0.036
2025/2026,Edo,SS,tropical,5527810,32,2026-02-02,2026,6,469,17,2,8.484,0.308,0.036
2025/2026,Edo,SS,tropical,5527810,33,2026-02-09,2026,7,530,11,1,9.588,0.199,0.018
2025/2026,Edo,SS,tropical,5527810,34,2026-02-16,2026,8,332,10,0,6.006,0.181,0.0
2025/2026,Edo,SS,tropical,5527810,35,2026-02-23,2026,9,340,6,0,6.151,0.109,0.0
2025/2026,Edo,SS,tropical,5527810,36,2026-03-02,2026,10,623,9,1,11.27,0.163,0.018
2025/2026,Edo,SS,tropical,5527810,37,2026-03-09,2026,11,335,9,0,6.06,0.163,0.0
2025/2026,Edo,SS,tropical,5527810,38,2026-03-16,2026,12,292,5,1,5.282,0.09,0.018
2025/2026,Edo,SS,tropical,5527810,39,2026-03-23,2026,13,343,7,0,6.205,0.127,0.0
2025/2026,Edo,SS,tropical,5527810,40,2026-03-30,2026,14,305,9,0,5.518,0.163,0.0
2025/2026,Edo,SS,tropical,5527810,41,2026-04-06,2026,15,404,8,0,7.309,0.145,0.0
2025/2026,Edo,SS,tropical,5527810,42,2026-04-13,2026,16,444,7,0,8.032,0.127,0.0
2025/2026,Edo,SS,tropical,5527810,43,2026-04-20,2026,17,275,5,0,4.975,0.09,0.0
2025/2026,Edo,SS,tropical,5527810,44,2026-04-27,2026,18,416,12,0,7.526,0.217,0.0
2025/2026,Edo,SS,tropical,5527810,45,2026-05-04,2026,19,513,6,1,9.28,0.109,0.018
2025/2026,Edo,SS,tropical,5527810,46,2026-05-11,2026,20,289,7,0,5.228,0.127,0.0
2025/2026,Edo,SS,tropical,5527810,47,2026-05-18,2026,21,215,11,0,3.889,0.199,0.0
2025/2026,Edo,SS,tropical,5527810,48,2026-05-25,2026,22,440,8,1,7.96,0.145,0.018
2025/2026,Edo,SS,tropical,5527810,49,2026-06-01,2026,23,307,4,1,5.554,0.072,0.018
2025/2026,Edo,SS,tropical,5527810,50,2026-06-08,2026,24,352,11,0,6.368,0.199,0.0
2025/2026,Edo,SS,tropical,5527810,51,2026-06-15,2026,25,448,6,0,8.104,0.109,0.0
2025/2026,Edo,SS,tropical,5527810,52,2026-06-22,2026,26,317,8,0,5.735,0.145,0.0
2025/2026,Ondo,SW,tropical,5469707,1,2025-06-30,2025,27,1519,29,2,27.771,0.53,0.037
2025/2026,Ondo,SW,tropical,5469707,2,2025-07-07,2025,28,509,11,0,9.306,0.201,0.0
2025/2026,Ondo,SW,tropical,5469707,3,2025-07-14,2025,29,367,10,1,6.71,0.183,0.018
2025/2026,Ondo,SW,tropical,5469707,4,2025-07-21,2025,30,673,21,0,12.304,0.384,0.0
2025/2026,Ondo,SW,tropical,5469707,5,2025-07-28,2025,31,509,9,0,9.306,0.165,0.0
2025/2026,Ondo,SW,tropical,5469707,6,2025-08-04,2025,32,373,4,0,6.819,0.073,0.0
2025/2026,Ondo,SW,tropical,5469707,7,2025-08-11,2025,33,829,3,1,15.156,0.055,0.018
2025/2026,Ondo,SW,tropical,5469707,8,2025-08-18,2025,34,651,22,0,11.902,0.402,0.0
2025/2026,Ondo,SW,tropical,5469707,9,2025-08-25,2025,35,975,30,0,17.825,0.548,0.0
2025/2026,Ondo,SW,tropical,5469707,10,2025-09-01,2025,36,1419,33,2,25.943,0.603,0.037
2025/2026,Ondo,SW,tropical,5469707,11,2025-09-08,2025,37,4468,103,6,81.686,1.883,0.11
2025/2026,Ondo,SW,tropical,5469707,12,2025-09-15,2025,38,16929,409,22,309.505,7.478,0.402
2025/2026,Ondo,SW,tropical,5469707,13,2025-09-22,2025,39,19888,552,37,363.603,10.092,0.676
2025/2026,Ondo,SW,tropical,5469707,14,2025-09-29,2025,40,86846,1797,65,1587.763,32.854,1.188
2025/2026,Ondo,SW,tropical,5469707,15,2025-10-06,2025,41,132641,1745,62,2425.011,31.903,1.134
2025/2026,Ondo,SW,tropical,5469707,16,2025-10-13,2025,42,176702,1688,127,3230.557,30.861,2.322
2025/2026,Ondo,SW,tropical,5469707,17,2025-10-20,2025,43,56450,1199,106,1032.048,21.921,1.938
2025/2026,Ondo,SW,tropical,5469707,18,2025-10-27,2025,44,21259,483,20,388.668,8.83,0.366
2025/2026,Ondo,SW,tropical,5469707,19,2025-11-03,2025,45,4592,48,3,83.953,0.878,0.055
2025/2026,Ondo,SW,tropical,5469707,20,2025-11-10,2025,46,942,22,1,17.222,0.402,0.018
2025/2026,Ondo,SW,tropical,5469707,21,2025-11-17,2025,47,960,9,2,17.551,0.165,0.037
2025/2026,Ondo,SW,tropical,5469707,22,2025-11-24,2025,48,1134,32,0,20.732,0.585,0.0
2025/2026,Ondo,SW,tropical,5469707,23,2025-12-01,2025,49,2578,63,0,47.132,1.152,0.0
2025/2026,Ondo,SW,tropical,5469707,24,2025-12-08,2025,50,5594,45,5,102.272,0.823,0.091
2025/2026,Ondo,SW,tropical,5469707,25,2025-12-15,2025,51,4240,77,4,77.518,1.408,0.073
2025/2026,Ondo,SW,tropical,5469707,26,2025-12-22,2025,52,14800,100,27,270.581,1.828,0.494
2025/2026,Ondo,SW,tropical,5469707,27,2025-12-29,2026,1,14559,277,20,266.175,5.064,0.366
2025/2026,Ondo,SW,tropical,5469707,28,2026-01-05,2026,2,17516,175,8,320.237,3.199,0.146
2025/2026,Ondo,SW,tropical,5469707,29,2026-01-12,2026,3,6310,109,7,115.363,1.993,0.128
2025/2026,Ondo,SW,tropical,5469707,30,2026-01-19,2026,4,2401,46,1,43.896,0.841,0.018
2025/2026,Ondo,SW,tropical,5469707,31,2026-01-26,2026,5,382,14,0,6.984,0.256,0.0
2025/2026,Ondo,SW,tropical,5469707,32,2026-02-02,2026,6,531,8,0,9.708,0.146,0.0
2025/2026,Ondo,SW,tropical,5469707,33,2026-02-09,2026,7,402,6,0,7.35,0.11,0.0
2025/2026,Ondo,SW,tropical,5469707,34,2026-02-16,2026,8,419,7,1,7.66,0.128,0.018
2025/2026,Ondo,SW,tropical,5469707,35,2026-02-23,2026,9,391,9,0,7.148,0.165,0.0
2025/2026,Ondo,SW,tropical,5469707,36,2026-03-02,2026,10,280,8,1,5.119,0.146,0.018
2025/2026,Ondo,SW,tropical,5469707,37,2026-03-09,2026,11,737,12,3,13.474,0.219,0.055
2025/2026,Ondo,SW,tropical,5469707,38,2026-03-16,2026,12,375,4,0,6.856,0.073,0.0
2025/2026,Ondo,SW,tropical,5469707,39,2026-03-23,2026,13,338,7,0,6.179,0.128,0.0
2025/2026,Ondo,SW,tropical,5469707,40,2026-03-30,2026,14,384,12,1,7.02,0.219,0.018
2025/2026,Ondo,SW,tropical,5469707,41,2026-04-06,2026,15,284,13,0,5.192,0.238,0.0
2025/2026,Ondo,SW,tropical,5469707,42,2026-04-13,2026,16,541,1,1,9.891,0.018,0.018
2025/2026,Ondo,SW,tropical,5469707,43,2026-04-20,2026,17,483,7,0,8.83,0.128,0.0
2025/2026,Ondo,SW,tropical,5469707,44,2026-04-27,2026,18,459,15,0,8.392,0.274,0.0
2025/2026,Ondo,SW,tropical,5469707,45,2026-05-04,2026,19,384,9,1,7.02,0.165,0.018
2025/2026,Ondo,SW,tropical,5469707,46,2026-05-11,2026,20,702,5,0,12.834,0.091,0.0
2025/2026,Ondo,SW,tropical,5469707,47,2026-05-18,2026,21,373,8,0,6.819,0.146,0.0
2025/2026,Ondo,SW,tropical,5469707,48,2026-05-25,2026,22,491,8,1,8.977,0.146,0.018
2025/2026,Ondo,SW,tropical,5469707,49,2026-06-01,2026,23,562,6,0,10.275,0.11,0.0
2025/2026,Ondo,SW,tropical,5469707,50,2026-06-08,2026,24,609,15,1,11.134,0.274,0.018
2025/2026,Ondo,SW,tropical,5469707,51,2026-06-15,2026,25,519,7,0,9.489,0.128,0.0
2025/2026,Ondo,SW,tropical,5469707,52,2026-06-22,2026,26,616,6,1,11.262,0.11,0.018
2025/2026,Zamfara,NW,sahel,5517793,1,2025-06-30,2025,27,3339,61,11,60.513,1.106,0.199
2025/2026,Zamfara,NW,sahel,5517793,2,2025-07-07,2025,28,512,5,1,9.279,0.091,0.018
2025/2026,Zamfara,NW,sahel,5517793,3,2025-07-14,2025,29,1290,7,1,23.379,0.127,0.018
2025/2026,Zamfara,NW,sahel,5517793,4,2025-07-21,2025,30,746,11,1,13.52,0.199,0.018
2025/2026,Zamfara,NW,sahel,5517793,5,2025-07-28,2025,31,586,14,1,10.62,0.254,0.018
2025/2026,Zamfara,NW,sahel,5517793,6,2025-08-04,2025,32,1078,5,1,19.537,0.091,0.018
2025/2026,Zamfara,NW,sahel,5517793,7,2025-08-11,2025,33,1169,10,2,21.186,0.181,0.036
2025/2026,Zamfara,NW,sahel,5517793,8,2025-08-18,2025,34,1129,15,0,20.461,0.272,0.0
2025/2026,Zamfara,NW,sahel,5517793,9,2025-08-25,2025,35,552,19,2,10.004,0.344,0.036
2025/2026,Zamfara,NW,sahel,5517793,10,2025-09-01,2025,36,750,16,3,13.592,0.29,0.054
2025/2026,Zamfara,NW,sahel,5517793,11,2025-09-08,2025,37,901,10,2,16.329,0.181,0.036
2025/2026,Zamfara,NW,sahel,5517793,12,2025-09-15,2025,38,1299,13,3,23.542,0.236,0.054
2025/2026,Zamfara,NW,sahel,5517793,13,2025-09-22,2025,39,2569,26,7,46.558,0.471,0.127
2025/2026,Zamfara,NW,sahel,5517793,14,2025-09-29,2025,40,8948,201,11,162.166,3.643,0.199
2025/2026,Zamfara,NW,sahel,5517793,15,2025-10-06,2025,41,15951,367,38,289.083,6.651,0.689
2025/2026,Zamfara,NW,sahel,5517793,16,2025-10-13,2025,42,30655,629,79,555.566,11.399,1.432
2025/2026,Zamfara,NW,sahel,5517793,17,2025-10-20,2025,43,94288,547,214,1708.799,9.913,3.878
2025/2026,Zamfara,NW,sahel,5517793,18,2025-10-27,2025,44,41955,1659,185,760.358,30.066,3.353
2025/2026,Zamfara,NW,sahel,5517793,19,2025-11-03,2025,45,50299,567,114,911.578,10.276,2.066
2025/2026,Zamfara,NW,sahel,5517793,20,2025-11-10,2025,46,13377,344,35,242.434,6.234,0.634
2025/2026,Zamfara,NW,sahel,5517793,21,2025-11-17,2025,47,4601,37,19,83.385,0.671,0.344
2025/2026,Zamfara,NW,sahel,5517793,22,2025-11-24,2025,48,4533,22,6,82.152,0.399,0.109
2025/2026,Zamfara,NW,sahel,5517793,23,2025-12-01,2025,49,5424,44,9,98.3,0.797,0.163
2025/2026,Zamfara,NW,sahel,5517793,24,2025-12-08,2025,50,7187,172,16,130.251,3.117,0.29
2025/2026,Zamfara,NW,sahel,5517793,25,2025-12-15,2025,51,10806,201,36,195.839,3.643,0.652
2025/2026,Zamfara,NW,sahel,5517793,26,2025-12-22,2025,52,36236,289,54,656.712,5.238,0.979
2025/2026,Zamfara,NW,sahel,5517793,27,2025-12-29,2026,1,24583,353,46,445.522,6.397,0.834
2025/2026,Zamfara,NW,sahel,5517793,28,2026-01-05,2026,2,25644,245,13,464.751,4.44,0.236
2025/2026,Zamfara,NW,sahel,5517793,29,2026-01-12,2026,3,6381,198,19,115.644,3.588,0.344
2025/2026,Zamfara,NW,sahel,5517793,30,2026-01-19,2026,4,2591,61,6,46.957,1.106,0.109
2025/2026,Zamfara,NW,sahel,5517793,31,2026-01-26,2026,5,1536,33,1,27.837,0.598,0.018
2025/2026,Zamfara,NW,sahel,5517793,32,2026-02-02,2026,6,858,7,0,15.55,0.127,0.0
2025/2026,Zamfara,NW,sahel,5517793,33,2026-02-09,2026,7,596,16,2,10.801,0.29,0.036
2025/2026,Zamfara,NW,sahel,5517793,34,2026-02-16,2026,8,905,11,2,16.401,0.199,0.036
2025/2026,Zamfara,NW,sahel,5517793,35,2026-02-23,2026,9,1132,9,2,20.515,0.163,0.036
2025/2026,Zamfara,NW,sahel,5517793,36,2026-03-02,2026,10,1014,8,2,18.377,0.145,0.036
2025/2026,Zamfara,NW,sahel,5517793,37,2026-03-09,2026,11,1306,15,2,23.669,0.272,0.036
2025/2026,Zamfara,NW,sahel,5517793,38,2026-03-16,2026,12,716,8,1,12.976,0.145,0.018
2025/2026,Zamfara,NW,sahel,5517793,39,2026-03-23,2026,13,610,8,1,11.055,0.145,0.018
2025/2026,Zamfara,NW,sahel,5517793,40,2026-03-30,2026,14,1249,8,0,22.636,0.145,0.0
2025/2026,Zamfara,NW,sahel,5517793,41,2026-04-06,2026,15,869,4,0,15.749,0.072,0.0
2025/2026,Zamfara,NW,sahel,5517793,42,2026-04-13,2026,16,1125,11,1,20.389,0.199,0.018
2025/2026,Zamfara,NW,sahel,5517793,43,2026-04-20,2026,17,782,8,3,14.172,0.145,0.054
2025/2026,Zamfara,NW,sahel,5517793,44,2026-04-27,2026,18,832,3,2,15.078,0.054,0.036
2025/2026,Zamfara,NW,sahel,5517793,45,2026-05-04,2026,19,1106,11,3,20.044,0.199,0.054
2025/2026,Zamfara,NW,sahel,5517793,46,2026-05-11,2026,20,767,11,1,13.9,0.199,0.018
2025/2026,Zamfara,NW,sahel,5517793,47,2026-05-18,2026,21,1277,8,2,23.143,0.145,0.036
2025/2026,Zamfara,NW,sahel,5517793,48,2026-05-25,2026,22,1191,9,5,21.585,0.163,0.091
2025/2026,Zamfara,NW,sahel,5517793,49,2026-06-01,2026,23,494,12,2,8.953,0.217,0.036
2025/2026,Zamfara,NW,sahel,5517793,50,2026-06-08,2026,24,884,8,0,16.021,0.145,0.0
2025/2026,Zamfara,NW,sahel,5517793,51,2026-06-15,2026,25,860,9,4,15.586,0.163,0.072
2025/2026,Zamfara,NW,sahel,5517793,52,2026-06-22,2026,26,554,14,3,10.04,0.254,0.054
2025/2026,Plateau,NC,savanna,5400974,1,2025-06-30,2025,27,2862,55,5,52.99,1.018,0.093
2025/2026,Plateau,NC,savanna,5400974,2,2025-07-07,2025,28,498,13,0,9.221,0.241,0.0
2025/2026,Plateau,NC,savanna,5400974,3,2025-07-14,2025,29,921,11,1,17.052,0.204,0.019
2025/2026,Plateau,NC,savanna,5400974,4,2025-07-21,2025,30,646,11,0,11.961,0.204,0.0
2025/2026,Plateau,NC,savanna,5400974,5,2025-07-28,2025,31,686,9,0,12.701,0.167,0.0
2025/2026,Plateau,NC,savanna,5400974,6,2025-08-04,2025,32,342,8,2,6.332,0.148,0.037
2025/2026,Plateau,NC,savanna,5400974,7,2025-08-11,2025,33,928,10,2,17.182,0.185,0.037
2025/2026,Plateau,NC,savanna,5400974,8,2025-08-18,2025,34,618,10,1,11.442,0.185,0.019
2025/2026,Plateau,NC,savanna,5400974,9,2025-08-25,2025,35,698,12,3,12.924,0.222,0.056
2025/2026,Plateau,NC,savanna,5400974,10,2025-09-01,2025,36,1071,32,0,19.83,0.592,0.0
2025/2026,Plateau,NC,savanna,5400974,11,2025-09-08,2025,37,2513,42,2,46.529,0.778,0.037
2025/2026,Plateau,NC,savanna,5400974,12,2025-09-15,2025,38,4515,68,16,83.596,1.259,0.296
2025/2026,Plateau,NC,savanna,5400974,13,2025-09-22,2025,39,9052,224,23,167.599,4.147,0.426
2025/2026,Plateau,NC,savanna,5400974,14,2025-09-29,2025,40,59008,556,38,1092.544,10.294,0.704
2025/2026,Plateau,NC,savanna,5400974,15,2025-10-06,2025,41,88001,833,104,1629.354,15.423,1.926
2025/2026,Plateau,NC,savanna,5400974,16,2025-10-13,2025,42,79156,1371,101,1465.588,25.384,1.87
2025/2026,Plateau,NC,savanna,5400974,17,2025-10-20,2025,43,94813,947,173,1755.48,17.534,3.203
2025/2026,Plateau,NC,savanna,5400974,18,2025-10-27,2025,44,91793,684,59,1699.564,12.664,1.092
2025/2026,Plateau,NC,savanna,5400974,19,2025-11-03,2025,45,20074,314,19,371.674,5.814,0.352
2025/2026,Plateau,NC,savanna,5400974,20,2025-11-10,2025,46,3583,39,10,66.34,0.722,0.185
2025/2026,Plateau,NC,savanna,5400974,21,2025-11-17,2025,47,2449,24,3,45.344,0.444,0.056
2025/2026,Plateau,NC,savanna,5400974,22,2025-11-24,2025,48,1779,13,1,32.939,0.241,0.019
2025/2026,Plateau,NC,savanna,5400974,23,2025-12-01,2025,49,4334,54,8,80.245,1.0,0.148
2025/2026,Plateau,NC,savanna,5400974,24,2025-12-08,2025,50,6898,136,8,127.718,2.518,0.148
2025/2026,Plateau,NC,savanna,5400974,25,2025-12-15,2025,51,7573,270,15,140.215,4.999,0.278
2025/2026,Plateau,NC,savanna,5400974,26,2025-12-22,2025,52,11310,369,18,209.407,6.832,0.333
2025/2026,Plateau,NC,savanna,5400974,27,2025-12-29,2026,1,21472,255,43,397.558,4.721,0.796
2025/2026,Plateau,NC,savanna,5400974,28,2026-01-05,2026,2,14582,224,23,269.988,4.147,0.426
2025/2026,Plateau,NC,savanna,5400974,29,2026-01-12,2026,3,10980,66,16,203.297,1.222,0.296
2025/2026,Plateau,NC,savanna,5400974,30,2026-01-19,2026,4,4818,39,2,89.206,0.722,0.037
2025/2026,Plateau,NC,savanna,5400974,31,2026-01-26,2026,5,1298,13,3,24.033,0.241,0.056
2025/2026,Plateau,NC,savanna,5400974,32,2026-02-02,2026,6,838,7,2,15.516,0.13,0.037
2025/2026,Plateau,NC,savanna,5400974,33,2026-02-09,2026,7,631,7,1,11.683,0.13,0.019
2025/2026,Plateau,NC,savanna,5400974,34,2026-02-16,2026,8,498,9,0,9.221,0.167,0.0
2025/2026,Plateau,NC,savanna,5400974,35,2026-02-23,2026,9,464,8,0,8.591,0.148,0.0
2025/2026,Plateau,NC,savanna,5400974,36,2026-03-02,2026,10,478,15,2,8.85,0.278,0.037
2025/2026,Plateau,NC,savanna,5400974,37,2026-03-09,2026,11,1157,8,4,21.422,0.148,0.074
2025/2026,Plateau,NC,savanna,5400974,38,2026-03-16,2026,12,598,11,2,11.072,0.204,0.037
2025/2026,Plateau,NC,savanna,5400974,39,2026-03-23,2026,13,740,14,1,13.701,0.259,0.019
2025/2026,Plateau,NC,savanna,5400974,40,2026-03-30,2026,14,533,8,1,9.869,0.148,0.019
2025/2026,Plateau,NC,savanna,5400974,41,2026-04-06,2026,15,890,14,0,16.479,0.259,0.0
2025/2026,Plateau,NC,savanna,5400974,42,2026-04-13,2026,16,801,10,4,14.831,0.185,0.074
2025/2026,Plateau,NC,savanna,5400974,43,2026-04-20,2026,17,704,14,3,13.035,0.259,0.056
2025/2026,Plateau,NC,savanna,5400974,44,2026-04-27,2026,18,670,8,0,12.405,0.148,0.0
2025/2026,Plateau,NC,savanna,5400974,45,2026-05-04,2026,19,780,10,0,14.442,0.185,0.0
2025/2026,Plateau,NC,savanna,5400974,46,2026-05-11,2026,20,520,3,3,9.628,0.056,0.056
2025/2026,Plateau,NC,savanna,5400974,47,2026-05-18,2026,21,603,16,1,11.165,0.296,0.019
2025/2026,Plateau,NC,savanna,5400974,48,2026-05-25,2026,22,313,7,2,5.795,0.13,0.037
2025/2026,Plateau,NC,savanna,5400974,49,2026-06-01,2026,23,461,11,0,8.535,0.204,0.0
2025/2026,Plateau,NC,savanna,5400974,50,2026-06-08,2026,24,647,9,1,11.979,0.167,0.019
2025/2026,Plateau,NC,savanna,5400974,51,2026-06-15,2026,25,608,14,0,11.257,0.259,0.0
2025/2026,Plateau,NC,savanna,5400974,52,2026-06-22,2026,26,787,5,1,14.571,0.093,0.019
2025/2026,Enugu,SE,tropical,5396098,1,2025-06-30,2025,27,2619,14,0,48.535,0.259,0.0
2025/2026,Enugu,SE,tropical,5396098,2,2025-07-07,2025,28,608,21,0,11.267,0.389,0.0
2025/2026,Enugu,SE,tropical,5396098,3,2025-07-14,2025,29,455,5,0,8.432,0.093,0.0
2025/2026,Enugu,SE,tropical,5396098,4,2025-07-21,2025,30,422,0,0,7.82,0.0,0.0
2025/2026,Enugu,SE,tropical,5396098,5,2025-07-28,2025,31,582,2,0,10.786,0.037,0.0
2025/2026,Enugu,SE,tropical,5396098,6,2025-08-04,2025,32,388,7,0,7.19,0.13,0.0
2025/2026,Enugu,SE,tropical,5396098,7,2025-08-11,2025,33,470,13,0,8.71,0.241,0.0
2025/2026,Enugu,SE,tropical,5396098,8,2025-08-18,2025,34,1249,8,2,23.146,0.148,0.037
2025/2026,Enugu,SE,tropical,5396098,9,2025-08-25,2025,35,1851,13,0,34.303,0.241,0.0
2025/2026,Enugu,SE,tropical,5396098,10,2025-09-01,2025,36,1673,46,2,31.004,0.852,0.037
2025/2026,Enugu,SE,tropical,5396098,11,2025-09-08,2025,37,5420,98,8,100.443,1.816,0.148
2025/2026,Enugu,SE,tropical,5396098,12,2025-09-15,2025,38,14221,240,8,263.542,4.448,0.148
2025/2026,Enugu,SE,tropical,5396098,13,2025-09-22,2025,39,29490,715,28,546.506,13.25,0.519
2025/2026,Enugu,SE,tropical,5396098,14,2025-09-29,2025,40,81508,1605,74,1510.499,29.744,1.371
2025/2026,Enugu,SE,tropical,5396098,15,2025-10-06,2025,41,107549,1979,269,1993.088,36.675,4.985
2025/2026,Enugu,SE,tropical,5396098,16,2025-10-13,2025,42,103448,1706,94,1917.089,31.615,1.742
2025/2026,Enugu,SE,tropical,5396098,17,2025-10-20,2025,43,109500,726,59,2029.244,13.454,1.093
2025/2026,Enugu,SE,tropical,5396098,18,2025-10-27,2025,44,27232,198,11,504.661,3.669,0.204
2025/2026,Enugu,SE,tropical,5396098,19,2025-11-03,2025,45,3571,44,4,66.177,0.815,0.074
2025/2026,Enugu,SE,tropical,5396098,20,2025-11-10,2025,46,916,13,4,16.975,0.241,0.074
2025/2026,Enugu,SE,tropical,5396098,21,2025-11-17,2025,47,756,7,0,14.01,0.13,0.0
2025/2026,Enugu,SE,tropical,5396098,22,2025-11-24,2025,48,827,20,1,15.326,0.371,0.019
2025/2026,Enugu,SE,tropical,5396098,23,2025-12-01,2025,49,2306,47,2,42.735,0.871,0.037
2025/2026,Enugu,SE,tropical,5396098,24,2025-12-08,2025,50,4182,39,2,77.5,0.723,0.037
2025/2026,Enugu,SE,tropical,5396098,25,2025-12-15,2025,51,6332,95,14,117.344,1.761,0.259
2025/2026,Enugu,SE,tropical,5396098,26,2025-12-22,2025,52,13832,269,17,256.333,4.985,0.315
2025/2026,Enugu,SE,tropical,5396098,27,2025-12-29,2026,1,15808,220,18,292.952,4.077,0.334
2025/2026,Enugu,SE,tropical,5396098,28,2026-01-05,2026,2,10389,244,15,192.528,4.522,0.278
2025/2026,Enugu,SE,tropical,5396098,29,2026-01-12,2026,3,4126,70,6,76.463,1.297,0.111
2025/2026,Enugu,SE,tropical,5396098,30,2026-01-19,2026,4,1805,45,2,33.45,0.834,0.037
2025/2026,Enugu,SE,tropical,5396098,31,2026-01-26,2026,5,590,19,1,10.934,0.352,0.019
2025/2026,Enugu,SE,tropical,5396098,32,2026-02-02,2026,6,850,9,0,15.752,0.167,0.0
2025/2026,Enugu,SE,tropical,5396098,33,2026-02-09,2026,7,193,10,1,3.577,0.185,0.019
2025/2026,Enugu,SE,tropical,5396098,34,2026-02-16,2026,8,482,10,1,8.932,0.185,0.019
2025/2026,Enugu,SE,tropical,5396098,35,2026-02-23,2026,9,279,9,1,5.17,0.167,0.019
2025/2026,Enugu,SE,tropical,5396098,36,2026-03-02,2026,10,527,6,0,9.766,0.111,0.0
2025/2026,Enugu,SE,tropical,5396098,37,2026-03-09,2026,11,299,3,0,5.541,0.056,0.0
2025/2026,Enugu,SE,tropical,5396098,38,2026-03-16,2026,12,385,2,0,7.135,0.037,0.0
2025/2026,Enugu,SE,tropical,5396098,39,2026-03-23,2026,13,729,5,1,13.51,0.093,0.019
2025/2026,Enugu,SE,tropical,5396098,40,2026-03-30,2026,14,414,10,1,7.672,0.185,0.019
2025/2026,Enugu,SE,tropical,5396098,41,2026-04-06,2026,15,292,6,0,5.411,0.111,0.0
2025/2026,Enugu,SE,tropical,5396098,42,2026-04-13,2026,16,304,5,0,5.634,0.093,0.0
2025/2026,Enugu,SE,tropical,5396098,43,2026-04-20,2026,17,486,12,1,9.007,0.222,0.019
2025/2026,Enugu,SE,tropical,5396098,44,2026-04-27,2026,18,469,5,1,8.691,0.093,0.019
2025/2026,Enugu,SE,tropical,5396098,45,2026-05-04,2026,19,574,6,0,10.637,0.111,0.0
2025/2026,Enugu,SE,tropical,5396098,46,2026-05-11,2026,20,392,3,0,7.265,0.056,0.0
2025/2026,Enugu,SE,tropical,5396098,47,2026-05-18,2026,21,378,9,1,7.005,0.167,0.019
2025/2026,Enugu,SE,tropical,5396098,48,2026-05-25,2026,22,495,3,1,9.173,0.056,0.019
2025/2026,Enugu,SE,tropical,5396098,49,2026-06-01,2026,23,300,4,0,5.56,0.074,0.0
2025/2026,Enugu,SE,tropical,5396098,50,2026-06-08,2026,24,281,16,0,5.207,0.297,0.0
2025/2026,Enugu,SE,tropical,5396098,51,2026-06-15,2026,25,287,8,1,5.319,0.148,0.019
2025/2026,Enugu,SE,tropical,5396098,52,2026-06-22,2026,26,610,4,0,11.304,0.074,0.0
2025/2026,Adamawa,NE,savanna,5236948,1,2025-06-30,2025,27,2966,43,6,56.636,0.821,0.115
2025/2026,Adamawa,NE,savanna,5236948,2,2025-07-07,2025,28,646,4,1,12.335,0.076,0.019
2025/2026,Adamawa,NE,savanna,5236948,3,2025-07-14,2025,29,929,13,0,17.739,0.248,0.0
2025/2026,Adamawa,NE,savanna,5236948,4,2025-07-21,2025,30,553,11,0,10.56,0.21,0.0
2025/2026,Adamawa,NE,savanna,5236948,5,2025-07-28,2025,31,546,5,0,10.426,0.095,0.0
2025/2026,Adamawa,NE,savanna,5236948,6,2025-08-04,2025,32,395,9,0,7.543,0.172,0.0
2025/2026,Adamawa,NE,savanna,5236948,7,2025-08-11,2025,33,638,7,2,12.183,0.134,0.038
2025/2026,Adamawa,NE,savanna,5236948,8,2025-08-18,2025,34,903,8,1,17.243,0.153,0.019
2025/2026,Adamawa,NE,savanna,5236948,9,2025-08-25,2025,35,487,19,1,9.299,0.363,0.019
2025/2026,Adamawa,NE,savanna,5236948,10,2025-09-01,2025,36,1260,17,2,24.06,0.325,0.038
2025/2026,Adamawa,NE,savanna,5236948,11,2025-09-08,2025,37,2268,20,4,43.308,0.382,0.076
2025/2026,Adamawa,NE,savanna,5236948,12,2025-09-15,2025,38,5036,91,8,96.163,1.738,0.153
2025/2026,Adamawa,NE,savanna,5236948,13,2025-09-22,2025,39,12497,236,25,238.631,4.506,0.477
2025/2026,Adamawa,NE,savanna,5236948,14,2025-09-29,2025,40,23842,529,38,455.265,10.101,0.726
2025/2026,Adamawa,NE,savanna,5236948,15,2025-10-06,2025,41,73697,894,89,1407.251,17.071,1.699
2025/2026,Adamawa,NE,savanna,5236948,16,2025-10-13,2025,42,67134,1153,243,1281.93,22.017,4.64
2025/2026,Adamawa,NE,savanna,5236948,17,2025-10-20,2025,43,102301,1423,128,1953.447,27.172,2.444
2025/2026,Adamawa,NE,savanna,5236948,18,2025-10-27,2025,44,51337,509,63,980.285,9.719,1.203
2025/2026,Adamawa,NE,savanna,5236948,19,2025-11-03,2025,45,26638,271,32,508.655,5.175,0.611
2025/2026,Adamawa,NE,savanna,5236948,20,2025-11-10,2025,46,2597,49,3,49.59,0.936,0.057
2025/2026,Adamawa,NE,savanna,5236948,21,2025-11-17,2025,47,1317,22,1,25.148,0.42,0.019
2025/2026,Adamawa,NE,savanna,5236948,22,2025-11-24,2025,48,3494,23,6,66.718,0.439,0.115
2025/2026,Adamawa,NE,savanna,5236948,23,2025-12-01,2025,49,4625,45,3,88.315,0.859,0.057
2025/2026,Adamawa,NE,savanna,5236948,24,2025-12-08,2025,50,6495,49,7,124.023,0.936,0.134
2025/2026,Adamawa,NE,savanna,5236948,25,2025-12-15,2025,51,12961,163,17,247.491,3.112,0.325
2025/2026,Adamawa,NE,savanna,5236948,26,2025-12-22,2025,52,26131,231,31,498.974,4.411,0.592
2025/2026,Adamawa,NE,savanna,5236948,27,2025-12-29,2026,1,23178,401,34,442.586,7.657,0.649
2025/2026,Adamawa,NE,savanna,5236948,28,2026-01-05,2026,2,18494,169,19,353.145,3.227,0.363
2025/2026,Adamawa,NE,savanna,5236948,29,2026-01-12,2026,3,10408,193,25,198.742,3.685,0.477
2025/2026,Adamawa,NE,savanna,5236948,30,2026-01-19,2026,4,2737,41,5,52.263,0.783,0.095
2025/2026,Adamawa,NE,savanna,5236948,31,2026-01-26,2026,5,934,13,2,17.835,0.248,0.038
2025/2026,Adamawa,NE,savanna,5236948,32,2026-02-02,2026,6,482,12,1,9.204,0.229,0.019
2025/2026,Adamawa,NE,savanna,5236948,33,2026-02-09,2026,7,616,10,0,11.763,0.191,0.0
2025/2026,Adamawa,NE,savanna,5236948,34,2026-02-16,2026,8,554,6,2,10.579,0.115,0.038
2025/2026,Adamawa,NE,savanna,5236948,35,2026-02-23,2026,9,488,6,3,9.318,0.115,0.057
2025/2026,Adamawa,NE,savanna,5236948,36,2026-03-02,2026,10,655,17,1,12.507,0.325,0.019
2025/2026,Adamawa,NE,savanna,5236948,37,2026-03-09,2026,11,821,4,0,15.677,0.076,0.0
2025/2026,Adamawa,NE,savanna,5236948,38,2026-03-16,2026,12,777,13,1,14.837,0.248,0.019
2025/2026,Adamawa,NE,savanna,5236948,39,2026-03-23,2026,13,832,8,1,15.887,0.153,0.019
2025/2026,Adamawa,NE,savanna,5236948,40,2026-03-30,2026,14,605,12,2,11.553,0.229,0.038
2025/2026,Adamawa,NE,savanna,5236948,41,2026-04-06,2026,15,505,6,0,9.643,0.115,0.0
2025/2026,Adamawa,NE,savanna,5236948,42,2026-04-13,2026,16,292,3,0,5.576,0.057,0.0
2025/2026,Adamawa,NE,savanna,5236948,43,2026-04-20,2026,17,852,5,1,16.269,0.095,0.019
2025/2026,Adamawa,NE,savanna,5236948,44,2026-04-27,2026,18,748,9,0,14.283,0.172,0.0
2025/2026,Adamawa,NE,savanna,5236948,45,2026-05-04,2026,19,685,8,0,13.08,0.153,0.0
2025/2026,Adamawa,NE,savanna,5236948,46,2026-05-11,2026,20,758,13,1,14.474,0.248,0.019
2025/2026,Adamawa,NE,savanna,5236948,47,2026-05-18,2026,21,467,2,2,8.917,0.038,0.038
2025/2026,Adamawa,NE,savanna,5236948,48,2026-05-25,2026,22,921,9,0,17.587,0.172,0.0
2025/2026,Adamawa,NE,savanna,5236948,49,2026-06-01,2026,23,595,1,2,11.362,0.019,0.038
2025/2026,Adamawa,NE,savanna,5236948,50,2026-06-08,2026,24,1017,7,1,19.42,0.134,0.019
2025/2026,Adamawa,NE,savanna,5236948,51,2026-06-15,2026,25,528,11,0,10.082,0.21,0.0
2025/2026,Adamawa,NE,savanna,5236948,52,2026-06-22,2026,26,676,17,0,12.908,0.325,0.0
2025/2026,Kogi,NC,savanna,5053734,1,2025-06-30,2025,27,2756,50,7,54.534,0.989,0.139
2025/2026,Kogi,NC,savanna,5053734,2,2025-07-07,2025,28,639,5,0,12.644,0.099,0.0
2025/2026,Kogi,NC,savanna,5053734,3,2025-07-14,2025,29,1196,4,3,23.666,0.079,0.059
2025/2026,Kogi,NC,savanna,5053734,4,2025-07-21,2025,30,438,7,1,8.667,0.139,0.02
2025/2026,Kogi,NC,savanna,5053734,5,2025-07-28,2025,31,641,16,1,12.684,0.317,0.02
2025/2026,Kogi,NC,savanna,5053734,6,2025-08-04,2025,32,585,15,2,11.576,0.297,0.04
2025/2026,Kogi,NC,savanna,5053734,7,2025-08-11,2025,33,343,5,1,6.787,0.099,0.02
2025/2026,Kogi,NC,savanna,5053734,8,2025-08-18,2025,34,837,5,0,16.562,0.099,0.0
2025/2026,Kogi,NC,savanna,5053734,9,2025-08-25,2025,35,1024,12,0,20.262,0.237,0.0
2025/2026,Kogi,NC,savanna,5053734,10,2025-09-01,2025,36,935,15,1,18.501,0.297,0.02
2025/2026,Kogi,NC,savanna,5053734,11,2025-09-08,2025,37,1334,49,5,26.396,0.97,0.099
2025/2026,Kogi,NC,savanna,5053734,12,2025-09-15,2025,38,3720,61,6,73.609,1.207,0.119
2025/2026,Kogi,NC,savanna,5053734,13,2025-09-22,2025,39,16592,108,24,328.312,2.137,0.475
2025/2026,Kogi,NC,savanna,5053734,14,2025-09-29,2025,40,28053,398,29,555.095,7.875,0.574
2025/2026,Kogi,NC,savanna,5053734,15,2025-10-06,2025,41,60124,1246,115,1189.695,24.655,2.276
2025/2026,Kogi,NC,savanna,5053734,16,2025-10-13,2025,42,75734,2043,165,1498.575,40.426,3.265
2025/2026,Kogi,NC,savanna,5053734,17,2025-10-20,2025,43,73821,980,145,1460.722,19.392,2.869
2025/2026,Kogi,NC,savanna,5053734,18,2025-10-27,2025,44,42930,930,65,849.471,18.402,1.286
2025/2026,Kogi,NC,savanna,5053734,19,2025-11-03,2025,45,14926,261,47,295.346,5.164,0.93
2025/2026,Kogi,NC,savanna,5053734,20,2025-11-10,2025,46,2417,76,7,47.826,1.504,0.139
2025/2026,Kogi,NC,savanna,5053734,21,2025-11-17,2025,47,1890,28,1,37.398,0.554,0.02
2025/2026,Kogi,NC,savanna,5053734,22,2025-11-24,2025,48,3488,33,1,69.018,0.653,0.02
2025/2026,Kogi,NC,savanna,5053734,23,2025-12-01,2025,49,3626,57,7,71.749,1.128,0.139
2025/2026,Kogi,NC,savanna,5053734,24,2025-12-08,2025,50,4871,109,9,96.384,2.157,0.178
2025/2026,Kogi,NC,savanna,5053734,25,2025-12-15,2025,51,10878,171,18,215.247,3.384,0.356
2025/2026,Kogi,NC,savanna,5053734,26,2025-12-22,2025,52,14157,259,24,280.13,5.125,0.475
2025/2026,Kogi,NC,savanna,5053734,27,2025-12-29,2026,1,29324,236,34,580.244,4.67,0.673
2025/2026,Kogi,NC,savanna,5053734,28,2026-01-05,2026,2,16491,322,53,326.313,6.372,1.049
2025/2026,Kogi,NC,savanna,5053734,29,2026-01-12,2026,3,7705,116,12,152.462,2.295,0.237
2025/2026,Kogi,NC,savanna,5053734,30,2026-01-19,2026,4,2287,55,6,45.254,1.088,0.119
2025/2026,Kogi,NC,savanna,5053734,31,2026-01-26,2026,5,815,15,3,16.127,0.297,0.059
2025/2026,Kogi,NC,savanna,5053734,32,2026-02-02,2026,6,850,9,0,16.819,0.178,0.0
2025/2026,Kogi,NC,savanna,5053734,33,2026-02-09,2026,7,637,14,0,12.605,0.277,0.0
2025/2026,Kogi,NC,savanna,5053734,34,2026-02-16,2026,8,760,14,1,15.038,0.277,0.02
2025/2026,Kogi,NC,savanna,5053734,35,2026-02-23,2026,9,490,10,1,9.696,0.198,0.02
2025/2026,Kogi,NC,savanna,5053734,36,2026-03-02,2026,10,380,10,2,7.519,0.198,0.04
2025/2026,Kogi,NC,savanna,5053734,37,2026-03-09,2026,11,593,8,1,11.734,0.158,0.02
2025/2026,Kogi,NC,savanna,5053734,38,2026-03-16,2026,12,766,21,2,15.157,0.416,0.04
2025/2026,Kogi,NC,savanna,5053734,39,2026-03-23,2026,13,568,15,2,11.239,0.297,0.04
2025/2026,Kogi,NC,savanna,5053734,40,2026-03-30,2026,14,685,8,0,13.554,0.158,0.0
2025/2026,Kogi,NC,savanna,5053734,41,2026-04-06,2026,15,310,10,1,6.134,0.198,0.02
2025/2026,Kogi,NC,savanna,5053734,42,2026-04-13,2026,16,466,8,0,9.221,0.158,0.0
2025/2026,Kogi,NC,savanna,5053734,43,2026-04-20,2026,17,644,10,0,12.743,0.198,0.0
2025/2026,Kogi,NC,savanna,5053734,44,2026-04-27,2026,18,435,15,1,8.607,0.297,0.02
2025/2026,Kogi,NC,savanna,5053734,45,2026-05-04,2026,19,577,16,0,11.417,0.317,0.0
2025/2026,Kogi,NC,savanna,5053734,46,2026-05-11,2026,20,360,8,0,7.123,0.158,0.0
2025/2026,Kogi,NC,savanna,5053734,47,2026-05-18,2026,21,428,4,0,8.469,0.079,0.0
2025/2026,Kogi,NC,savanna,5053734,48,2026-05-25,2026,22,473,16,0,9.359,0.317,0.0
2025/2026,Kogi,NC,savanna,5053734,49,2026-06-01,2026,23,521,13,1,10.309,0.257,0.02
2025/2026,Kogi,NC,savanna,5053734,50,2026-06-08,2026,24,415,8,1,8.212,0.158,0.02
2025/2026,Kogi,NC,savanna,5053734,51,2026-06-15,2026,25,820,13,0,16.226,0.257,0.0
2025/2026,Kogi,NC,savanna,5053734,52,2026-06-22,2026,26,468,8,0,9.26,0.158,0.0
2025/2026,Abia,SE,tropical,4841943,1,2025-06-30,2025,27,1859,32,2,38.394,0.661,0.041
2025/2026,Abia,SE,tropical,4841943,2,2025-07-07,2025,28,401,10,0,8.282,0.207,0.0
2025/2026,Abia,SE,tropical,4841943,3,2025-07-14,2025,29,564,12,0,11.648,0.248,0.0
2025/2026,Abia,SE,tropical,4841943,4,2025-07-21,2025,30,545,7,0,11.256,0.145,0.0
2025/2026,Abia,SE,tropical,4841943,5,2025-07-28,2025,31,355,8,1,7.332,0.165,0.021
2025/2026,Abia,SE,tropical,4841943,6,2025-08-04,2025,32,333,14,2,6.877,0.289,0.041
2025/2026,Abia,SE,tropical,4841943,7,2025-08-11,2025,33,450,6,0,9.294,0.124,0.0
2025/2026,Abia,SE,tropical,4841943,8,2025-08-18,2025,34,708,9,0,14.622,0.186,0.0
2025/2026,Abia,SE,tropical,4841943,9,2025-08-25,2025,35,761,16,0,15.717,0.33,0.0
2025/2026,Abia,SE,tropical,4841943,10,2025-09-01,2025,36,2183,12,4,45.085,0.248,0.083
2025/2026,Abia,SE,tropical,4841943,11,2025-09-08,2025,37,3187,101,2,65.821,2.086,0.041
2025/2026,Abia,SE,tropical,4841943,12,2025-09-15,2025,38,10053,169,13,207.623,3.49,0.268
2025/2026,Abia,SE,tropical,4841943,13,2025-09-22,2025,39,38780,660,64,800.918,13.631,1.322
2025/2026,Abia,SE,tropical,4841943,14,2025-09-29,2025,40,85110,1593,99,1757.765,32.9,2.045
2025/2026,Abia,SE,tropical,4841943,15,2025-10-06,2025,41,121711,2070,199,2513.681,42.751,4.11
2025/2026,Abia,SE,tropical,4841943,16,2025-10-13,2025,42,134296,957,138,2773.597,19.765,2.85
2025/2026,Abia,SE,tropical,4841943,17,2025-10-20,2025,43,44296,412,37,914.839,8.509,0.764
2025/2026,Abia,SE,tropical,4841943,18,2025-10-27,2025,44,18750,342,24,387.241,7.063,0.496
2025/2026,Abia,SE,tropical,4841943,19,2025-11-03,2025,45,2418,59,6,49.939,1.219,0.124
2025/2026,Abia,SE,tropical,4841943,20,2025-11-10,2025,46,885,13,2,18.278,0.268,0.041
2025/2026,Abia,SE,tropical,4841943,21,2025-11-17,2025,47,1127,10,4,23.276,0.207,0.083
2025/2026,Abia,SE,tropical,4841943,22,2025-11-24,2025,48,699,22,1,14.436,0.454,0.021
2025/2026,Abia,SE,tropical,4841943,23,2025-12-01,2025,49,1845,29,4,38.105,0.599,0.083
2025/2026,Abia,SE,tropical,4841943,24,2025-12-08,2025,50,4622,46,6,95.458,0.95,0.124
2025/2026,Abia,SE,tropical,4841943,25,2025-12-15,2025,51,8861,145,9,183.005,2.995,0.186
2025/2026,Abia,SE,tropical,4841943,26,2025-12-22,2025,52,9512,153,7,196.45,3.16,0.145
2025/2026,Abia,SE,tropical,4841943,27,2025-12-29,2026,1,11841,184,17,244.551,3.8,0.351
2025/2026,Abia,SE,tropical,4841943,28,2026-01-05,2026,2,8795,128,10,181.642,2.644,0.207
2025/2026,Abia,SE,tropical,4841943,29,2026-01-12,2026,3,3593,143,14,74.206,2.953,0.289
2025/2026,Abia,SE,tropical,4841943,30,2026-01-19,2026,4,3208,36,3,66.254,0.744,0.062
2025/2026,Abia,SE,tropical,4841943,31,2026-01-26,2026,5,681,19,2,14.065,0.392,0.041
2025/2026,Abia,SE,tropical,4841943,32,2026-02-02,2026,6,273,9,0,5.638,0.186,0.0
2025/2026,Abia,SE,tropical,4841943,33,2026-02-09,2026,7,489,9,0,10.099,0.186,0.0
2025/2026,Abia,SE,tropical,4841943,34,2026-02-16,2026,8,342,6,0,7.063,0.124,0.0
2025/2026,Abia,SE,tropical,4841943,35,2026-02-23,2026,9,452,4,0,9.335,0.083,0.0
2025/2026,Abia,SE,tropical,4841943,36,2026-03-02,2026,10,361,1,0,7.456,0.021,0.0
2025/2026,Abia,SE,tropical,4841943,37,2026-03-09,2026,11,248,2,1,5.122,0.041,0.021
2025/2026,Abia,SE,tropical,4841943,38,2026-03-16,2026,12,430,9,0,8.881,0.186,0.0
2025/2026,Abia,SE,tropical,4841943,39,2026-03-23,2026,13,458,6,0,9.459,0.124,0.0
2025/2026,Abia,SE,tropical,4841943,40,2026-03-30,2026,14,427,18,0,8.819,0.372,0.0
2025/2026,Abia,SE,tropical,4841943,41,2026-04-06,2026,15,743,4,0,15.345,0.083,0.0
2025/2026,Abia,SE,tropical,4841943,42,2026-04-13,2026,16,441,7,0,9.108,0.145,0.0
2025/2026,Abia,SE,tropical,4841943,43,2026-04-20,2026,17,330,5,1,6.815,0.103,0.021
2025/2026,Abia,SE,tropical,4841943,44,2026-04-27,2026,18,315,9,1,6.506,0.186,0.021
2025/2026,Abia,SE,tropical,4841943,45,2026-05-04,2026,19,331,9,1,6.836,0.186,0.021
2025/2026,Abia,SE,tropical,4841943,46,2026-05-11,2026,20,445,5,0,9.191,0.103,0.0
2025/2026,Abia,SE,tropical,4841943,47,2026-05-18,2026,21,433,6,1,8.943,0.124,0.021
2025/2026,Abia,SE,tropical,4841943,48,2026-05-25,2026,22,516,5,1,10.657,0.103,0.021
2025/2026,Abia,SE,tropical,4841943,49,2026-06-01,2026,23,360,4,0,7.435,0.083,0.0
2025/2026,Abia,SE,tropical,4841943,50,2026-06-08,2026,24,527,8,0,10.884,0.165,0.0
2025/2026,Abia,SE,tropical,4841943,51,2026-06-15,2026,25,345,10,0,7.125,0.207,0.0
2025/2026,Abia,SE,tropical,4841943,52,2026-06-22,2026,26,327,1,0,6.753,0.021,0.0
2025/2026,FCT,NC,savanna,4802443,1,2025-06-30,2025,27,2922,76,1,60.844,1.583,0.021
2025/2026,FCT,NC,savanna,4802443,2,2025-07-07,2025,28,440,8,1,9.162,0.167,0.021
2025/2026,FCT,NC,savanna,4802443,3,2025-07-14,2025,29,885,10,1,18.428,0.208,0.021
2025/2026,FCT,NC,savanna,4802443,4,2025-07-21,2025,30,565,11,2,11.765,0.229,0.042
2025/2026,FCT,NC,savanna,4802443,5,2025-07-28,2025,31,748,12,0,15.575,0.25,0.0
2025/2026,FCT,NC,savanna,4802443,6,2025-08-04,2025,32,837,20,0,17.429,0.416,0.0
2025/2026,FCT,NC,savanna,4802443,7,2025-08-11,2025,33,518,18,1,10.786,0.375,0.021
2025/2026,FCT,NC,savanna,4802443,8,2025-08-18,2025,34,384,10,2,7.996,0.208,0.042
2025/2026,FCT,NC,savanna,4802443,9,2025-08-25,2025,35,898,32,0,18.699,0.666,0.0
2025/2026,FCT,NC,savanna,4802443,10,2025-09-01,2025,36,1143,16,1,23.8,0.333,0.021
2025/2026,FCT,NC,savanna,4802443,11,2025-09-08,2025,37,1901,44,3,39.584,0.916,0.062
2025/2026,FCT,NC,savanna,4802443,12,2025-09-15,2025,38,3114,56,1,64.842,1.166,0.021
2025/2026,FCT,NC,savanna,4802443,13,2025-09-22,2025,39,9829,205,5,204.667,4.269,0.104
2025/2026,FCT,NC,savanna,4802443,14,2025-09-29,2025,40,34522,273,32,718.842,5.685,0.666
2025/2026,FCT,NC,savanna,4802443,15,2025-10-06,2025,41,25941,1681,69,540.163,35.003,1.437
2025/2026,FCT,NC,savanna,4802443,16,2025-10-13,2025,42,149814,2215,86,3119.537,46.122,1.791
2025/2026,FCT,NC,savanna,4802443,17,2025-10-20,2025,43,52059,1276,81,1084.011,26.57,1.687
2025/2026,FCT,NC,savanna,4802443,18,2025-10-27,2025,44,55614,1327,51,1158.036,27.632,1.062
2025/2026,FCT,NC,savanna,4802443,19,2025-11-03,2025,45,23083,240,13,480.651,4.997,0.271
2025/2026,FCT,NC,savanna,4802443,20,2025-11-10,2025,46,3887,68,4,80.938,1.416,0.083
2025/2026,FCT,NC,savanna,4802443,21,2025-11-17,2025,47,1713,36,1,35.669,0.75,0.021
2025/2026,FCT,NC,savanna,4802443,22,2025-11-24,2025,48,1987,11,3,41.375,0.229,0.062
2025/2026,FCT,NC,savanna,4802443,23,2025-12-01,2025,49,2397,55,4,49.912,1.145,0.083
2025/2026,FCT,NC,savanna,4802443,24,2025-12-08,2025,50,6384,146,2,132.932,3.04,0.042
2025/2026,FCT,NC,savanna,4802443,25,2025-12-15,2025,51,13723,180,5,285.75,3.748,0.104
2025/2026,FCT,NC,savanna,4802443,26,2025-12-22,2025,52,17050,282,9,355.028,5.872,0.187
2025/2026,FCT,NC,savanna,4802443,27,2025-12-29,2026,1,27297,460,23,568.398,9.578,0.479
2025/2026,FCT,NC,savanna,4802443,28,2026-01-05,2026,2,19910,537,16,414.581,11.182,0.333
2025/2026,FCT,NC,savanna,4802443,29,2026-01-12,2026,3,3945,169,6,82.146,3.519,0.125
2025/2026,FCT,NC,savanna,4802443,30,2026-01-19,2026,4,2225,98,3,46.331,2.041,0.062
2025/2026,FCT,NC,savanna,4802443,31,2026-01-26,2026,5,761,22,0,15.846,0.458,0.0
2025/2026,FCT,NC,savanna,4802443,32,2026-02-02,2026,6,585,12,0,12.181,0.25,0.0
2025/2026,FCT,NC,savanna,4802443,33,2026-02-09,2026,7,619,8,0,12.889,0.167,0.0
2025/2026,FCT,NC,savanna,4802443,34,2026-02-16,2026,8,921,16,1,19.178,0.333,0.021
2025/2026,FCT,NC,savanna,4802443,35,2026-02-23,2026,9,899,11,1,18.72,0.229,0.021
2025/2026,FCT,NC,savanna,4802443,36,2026-03-02,2026,10,613,12,0,12.764,0.25,0.0
2025/2026,FCT,NC,savanna,4802443,37,2026-03-09,2026,11,1034,6,1,21.531,0.125,0.021
2025/2026,FCT,NC,savanna,4802443,38,2026-03-16,2026,12,406,13,1,8.454,0.271,0.021
2025/2026,FCT,NC,savanna,4802443,39,2026-03-23,2026,13,366,15,1,7.621,0.312,0.021
2025/2026,FCT,NC,savanna,4802443,40,2026-03-30,2026,14,571,8,1,11.89,0.167,0.021
2025/2026,FCT,NC,savanna,4802443,41,2026-04-06,2026,15,639,9,1,13.306,0.187,0.021
2025/2026,FCT,NC,savanna,4802443,42,2026-04-13,2026,16,393,8,1,8.183,0.167,0.021
2025/2026,FCT,NC,savanna,4802443,43,2026-04-20,2026,17,584,9,1,12.16,0.187,0.021
2025/2026,FCT,NC,savanna,4802443,44,2026-04-27,2026,18,639,11,0,13.306,0.229,0.0
2025/2026,FCT,NC,savanna,4802443,45,2026-05-04,2026,19,496,12,0,10.328,0.25,0.0
2025/2026,FCT,NC,savanna,4802443,46,2026-05-11,2026,20,743,15,2,15.471,0.312,0.042
2025/2026,FCT,NC,savanna,4802443,47,2026-05-18,2026,21,361,14,0,7.517,0.292,0.0
2025/2026,FCT,NC,savanna,4802443,48,2026-05-25,2026,22,380,12,1,7.913,0.25,0.021
2025/2026,FCT,NC,savanna,4802443,49,2026-06-01,2026,23,773,20,0,16.096,0.416,0.0
2025/2026,FCT,NC,savanna,4802443,50,2026-06-08,2026,24,344,9,0,7.163,0.187,0.0
2025/2026,FCT,NC,savanna,4802443,51,2026-06-15,2026,25,544,8,1,11.328,0.167,0.021
2025/2026,FCT,NC,savanna,4802443,52,2026-06-22,2026,26,376,13,1,7.829,0.271,0.021
2025/2026,Gombe,NE,sahel,4623462,1,2025-06-30,2025,27,3192,54,11,69.039,1.168,0.238
2025/2026,Gombe,NE,sahel,4623462,2,2025-07-07,2025,28,487,11,0,10.533,0.238,0.0
2025/2026,Gombe,NE,sahel,4623462,3,2025-07-14,2025,29,407,2,1,8.803,0.043,0.022
2025/2026,Gombe,NE,sahel,4623462,4,2025-07-21,2025,30,992,3,1,21.456,0.065,0.022
2025/2026,Gombe,NE,sahel,4623462,5,2025-07-28,2025,31,634,8,2,13.713,0.173,0.043
2025/2026,Gombe,NE,sahel,4623462,6,2025-08-04,2025,32,528,15,0,11.42,0.324,0.0
2025/2026,Gombe,NE,sahel,4623462,7,2025-08-11,2025,33,728,7,1,15.746,0.151,0.022
2025/2026,Gombe,NE,sahel,4623462,8,2025-08-18,2025,34,646,5,2,13.972,0.108,0.043
2025/2026,Gombe,NE,sahel,4623462,9,2025-08-25,2025,35,948,13,0,20.504,0.281,0.0
2025/2026,Gombe,NE,sahel,4623462,10,2025-09-01,2025,36,520,20,1,11.247,0.433,0.022
2025/2026,Gombe,NE,sahel,4623462,11,2025-09-08,2025,37,1483,8,2,32.076,0.173,0.043
2025/2026,Gombe,NE,sahel,4623462,12,2025-09-15,2025,38,1562,19,1,33.784,0.411,0.022
2025/2026,Gombe,NE,sahel,4623462,13,2025-09-22,2025,39,2451,21,5,53.012,0.454,0.108
2025/2026,Gombe,NE,sahel,4623462,14,2025-09-29,2025,40,5214,60,11,112.773,1.298,0.238
2025/2026,Gombe,NE,sahel,4623462,15,2025-10-06,2025,41,13289,217,25,287.425,4.693,0.541
2025/2026,Gombe,NE,sahel,4623462,16,2025-10-13,2025,42,33236,298,110,718.855,6.445,2.379
2025/2026,Gombe,NE,sahel,4623462,17,2025-10-20,2025,43,50928,866,191,1101.512,18.731,4.131
2025/2026,Gombe,NE,sahel,4623462,18,2025-10-27,2025,44,65961,633,80,1426.658,13.691,1.73
2025/2026,Gombe,NE,sahel,4623462,19,2025-11-03,2025,45,52941,933,113,1145.051,20.18,2.444
2025/2026,Gombe,NE,sahel,4623462,20,2025-11-10,2025,46,16188,421,26,350.127,9.106,0.562
2025/2026,Gombe,NE,sahel,4623462,21,2025-11-17,2025,47,6805,116,8,147.184,2.509,0.173
2025/2026,Gombe,NE,sahel,4623462,22,2025-11-24,2025,48,3857,48,2,83.422,1.038,0.043
2025/2026,Gombe,NE,sahel,4623462,23,2025-12-01,2025,49,2478,23,7,53.596,0.497,0.151
2025/2026,Gombe,NE,sahel,4623462,24,2025-12-08,2025,50,3951,81,8,85.455,1.752,0.173
2025/2026,Gombe,NE,sahel,4623462,25,2025-12-15,2025,51,8142,222,22,176.102,4.802,0.476
2025/2026,Gombe,NE,sahel,4623462,26,2025-12-22,2025,52,7906,221,39,170.997,4.78,0.844
2025/2026,Gombe,NE,sahel,4623462,27,2025-12-29,2026,1,17783,352,41,384.625,7.613,0.887
2025/2026,Gombe,NE,sahel,4623462,28,2026-01-05,2026,2,19048,398,71,411.986,8.608,1.536
2025/2026,Gombe,NE,sahel,4623462,29,2026-01-12,2026,3,9039,190,22,195.503,4.109,0.476
2025/2026,Gombe,NE,sahel,4623462,30,2026-01-19,2026,4,3268,52,7,70.683,1.125,0.151
2025/2026,Gombe,NE,sahel,4623462,31,2026-01-26,2026,5,1000,19,3,21.629,0.411,0.065
2025/2026,Gombe,NE,sahel,4623462,32,2026-02-02,2026,6,649,7,2,14.037,0.151,0.043
2025/2026,Gombe,NE,sahel,4623462,33,2026-02-09,2026,7,657,18,0,14.21,0.389,0.0
2025/2026,Gombe,NE,sahel,4623462,34,2026-02-16,2026,8,1148,12,1,24.83,0.26,0.022
2025/2026,Gombe,NE,sahel,4623462,35,2026-02-23,2026,9,412,7,0,8.911,0.151,0.0
2025/2026,Gombe,NE,sahel,4623462,36,2026-03-02,2026,10,788,16,2,17.044,0.346,0.043
2025/2026,Gombe,NE,sahel,4623462,37,2026-03-09,2026,11,1076,11,1,23.273,0.238,0.022
2025/2026,Gombe,NE,sahel,4623462,38,2026-03-16,2026,12,911,8,1,19.704,0.173,0.022
2025/2026,Gombe,NE,sahel,4623462,39,2026-03-23,2026,13,758,8,0,16.395,0.173,0.0
2025/2026,Gombe,NE,sahel,4623462,40,2026-03-30,2026,14,703,5,0,15.205,0.108,0.0
2025/2026,Gombe,NE,sahel,4623462,41,2026-04-06,2026,15,522,18,1,11.29,0.389,0.022
2025/2026,Gombe,NE,sahel,4623462,42,2026-04-13,2026,16,854,10,2,18.471,0.216,0.043
2025/2026,Gombe,NE,sahel,4623462,43,2026-04-20,2026,17,839,11,0,18.147,0.238,0.0
2025/2026,Gombe,NE,sahel,4623462,44,2026-04-27,2026,18,316,12,0,6.835,0.26,0.0
2025/2026,Gombe,NE,sahel,4623462,45,2026-05-04,2026,19,842,6,0,18.211,0.13,0.0
2025/2026,Gombe,NE,sahel,4623462,46,2026-05-11,2026,20,524,13,1,11.333,0.281,0.022
2025/2026,Gombe,NE,sahel,4623462,47,2026-05-18,2026,21,599,9,0,12.956,0.195,0.0
2025/2026,Gombe,NE,sahel,4623462,48,2026-05-25,2026,22,739,4,1,15.984,0.087,0.022
2025/2026,Gombe,NE,sahel,4623462,49,2026-06-01,2026,23,431,11,1,9.322,0.238,0.022
2025/2026,Gombe,NE,sahel,4623462,50,2026-06-08,2026,24,696,16,1,15.054,0.346,0.022
2025/2026,Gombe,NE,sahel,4623462,51,2026-06-15,2026,25,766,4,1,16.568,0.087,0.022
2025/2026,Gombe,NE,sahel,4623462,52,2026-06-22,2026,26,620,12,0,13.41,0.26,0.0
2025/2026,Yobe,NE,sahel,4350401,1,2025-06-30,2025,27,2246,35,16,51.627,0.805,0.368
2025/2026,Yobe,NE,sahel,4350401,2,2025-07-07,2025,28,401,6,1,9.218,0.138,0.023
2025/2026,Yobe,NE,sahel,4350401,3,2025-07-14,2025,29,571,5,2,13.125,0.115,0.046
2025/2026,Yobe,NE,sahel,4350401,4,2025-07-21,2025,30,801,7,3,18.412,0.161,0.069
2025/2026,Yobe,NE,sahel,4350401,5,2025-07-28,2025,31,646,7,0,14.849,0.161,0.0
2025/2026,Yobe,NE,sahel,4350401,6,2025-08-04,2025,32,501,10,1,11.516,0.23,0.023
2025/2026,Yobe,NE,sahel,4350401,7,2025-08-11,2025,33,432,10,0,9.93,0.23,0.0
2025/2026,Yobe,NE,sahel,4350401,8,2025-08-18,2025,34,659,6,2,15.148,0.138,0.046
2025/2026,Yobe,NE,sahel,4350401,9,2025-08-25,2025,35,567,4,3,13.033,0.092,0.069
2025/2026,Yobe,NE,sahel,4350401,10,2025-09-01,2025,36,408,9,1,9.378,0.207,0.023
2025/2026,Yobe,NE,sahel,4350401,11,2025-09-08,2025,37,814,14,1,18.711,0.322,0.023
2025/2026,Yobe,NE,sahel,4350401,12,2025-09-15,2025,38,846,22,1,19.446,0.506,0.023
2025/2026,Yobe,NE,sahel,4350401,13,2025-09-22,2025,39,1698,23,5,39.031,0.529,0.115
2025/2026,Yobe,NE,sahel,4350401,14,2025-09-29,2025,40,4522,40,8,103.944,0.919,0.184
2025/2026,Yobe,NE,sahel,4350401,15,2025-10-06,2025,41,10611,216,11,243.909,4.965,0.253
2025/2026,Yobe,NE,sahel,4350401,16,2025-10-13,2025,42,36343,279,55,835.394,6.413,1.264
2025/2026,Yobe,NE,sahel,4350401,17,2025-10-20,2025,43,75284,600,199,1730.507,13.792,4.574
2025/2026,Yobe,NE,sahel,4350401,18,2025-10-27,2025,44,69362,584,103,1594.382,13.424,2.368
2025/2026,Yobe,NE,sahel,4350401,19,2025-11-03,2025,45,20916,755,115,480.783,17.355,2.643
2025/2026,Yobe,NE,sahel,4350401,20,2025-11-10,2025,46,17595,198,52,404.445,4.551,1.195
2025/2026,Yobe,NE,sahel,4350401,21,2025-11-17,2025,47,8709,83,9,200.188,1.908,0.207
2025/2026,Yobe,NE,sahel,4350401,22,2025-11-24,2025,48,3076,36,6,70.706,0.828,0.138
2025/2026,Yobe,NE,sahel,4350401,23,2025-12-01,2025,49,2676,33,2,61.512,0.759,0.046
2025/2026,Yobe,NE,sahel,4350401,24,2025-12-08,2025,50,3914,106,11,89.969,2.437,0.253
2025/2026,Yobe,NE,sahel,4350401,25,2025-12-15,2025,51,6191,160,35,142.309,3.678,0.805
2025/2026,Yobe,NE,sahel,4350401,26,2025-12-22,2025,52,26809,209,33,616.242,4.804,0.759
2025/2026,Yobe,NE,sahel,4350401,27,2025-12-29,2026,1,26086,237,18,599.623,5.448,0.414
2025/2026,Yobe,NE,sahel,4350401,28,2026-01-05,2026,2,23250,184,51,534.433,4.229,1.172
2025/2026,Yobe,NE,sahel,4350401,29,2026-01-12,2026,3,9283,117,13,213.383,2.689,0.299
2025/2026,Yobe,NE,sahel,4350401,30,2026-01-19,2026,4,3894,27,4,89.509,0.621,0.092
2025/2026,Yobe,NE,sahel,4350401,31,2026-01-26,2026,5,1576,9,3,36.227,0.207,0.069
2025/2026,Yobe,NE,sahel,4350401,32,2026-02-02,2026,6,788,7,1,18.113,0.161,0.023
2025/2026,Yobe,NE,sahel,4350401,33,2026-02-09,2026,7,686,5,0,15.769,0.115,0.0
2025/2026,Yobe,NE,sahel,4350401,34,2026-02-16,2026,8,536,5,2,12.321,0.115,0.046
2025/2026,Yobe,NE,sahel,4350401,35,2026-02-23,2026,9,496,10,0,11.401,0.23,0.0
2025/2026,Yobe,NE,sahel,4350401,36,2026-03-02,2026,10,357,9,1,8.206,0.207,0.023
2025/2026,Yobe,NE,sahel,4350401,37,2026-03-09,2026,11,642,7,2,14.757,0.161,0.046
2025/2026,Yobe,NE,sahel,4350401,38,2026-03-16,2026,12,425,11,1,9.769,0.253,0.023
2025/2026,Yobe,NE,sahel,4350401,39,2026-03-23,2026,13,931,8,3,21.4,0.184,0.069
2025/2026,Yobe,NE,sahel,4350401,40,2026-03-30,2026,14,474,12,1,10.896,0.276,0.023
2025/2026,Yobe,NE,sahel,4350401,41,2026-04-06,2026,15,468,7,3,10.758,0.161,0.069
2025/2026,Yobe,NE,sahel,4350401,42,2026-04-13,2026,16,737,8,3,16.941,0.184,0.069
2025/2026,Yobe,NE,sahel,4350401,43,2026-04-20,2026,17,644,12,1,14.803,0.276,0.023
2025/2026,Yobe,NE,sahel,4350401,44,2026-04-27,2026,18,704,15,4,16.182,0.345,0.092
2025/2026,Yobe,NE,sahel,4350401,45,2026-05-04,2026,19,668,6,3,15.355,0.138,0.069
2025/2026,Yobe,NE,sahel,4350401,46,2026-05-11,2026,20,787,4,2,18.09,0.092,0.046
2025/2026,Yobe,NE,sahel,4350401,47,2026-05-18,2026,21,1037,9,2,23.837,0.207,0.046
2025/2026,Yobe,NE,sahel,4350401,48,2026-05-25,2026,22,790,6,2,18.159,0.138,0.046
2025/2026,Yobe,NE,sahel,4350401,49,2026-06-01,2026,23,628,6,1,14.435,0.138,0.023
2025/2026,Yobe,NE,sahel,4350401,50,2026-06-08,2026,24,462,5,2,10.62,0.115,0.046
2025/2026,Yobe,NE,sahel,4350401,51,2026-06-15,2026,25,666,6,0,15.309,0.138,0.0
2025/2026,Yobe,NE,sahel,4350401,52,2026-06-22,2026,26,458,9,2,10.528,0.207,0.046
2025/2026,Taraba,NE,savanna,4331885,1,2025-06-30,2025,27,2893,19,7,66.784,0.439,0.162
2025/2026,Taraba,NE,savanna,4331885,2,2025-07-07,2025,28,337,10,1,7.78,0.231,0.023
2025/2026,Taraba,NE,savanna,4331885,3,2025-07-14,2025,29,459,6,2,10.596,0.139,0.046
2025/2026,Taraba,NE,savanna,4331885,4,2025-07-21,2025,30,826,8,1,19.068,0.185,0.023
2025/2026,Taraba,NE,savanna,4331885,5,2025-07-28,2025,31,491,5,1,11.335,0.115,0.023
2025/2026,Taraba,NE,savanna,4331885,6,2025-08-04,2025,32,353,4,2,8.149,0.092,0.046
2025/2026,Taraba,NE,savanna,4331885,7,2025-08-11,2025,33,582,5,1,13.435,0.115,0.023
2025/2026,Taraba,NE,savanna,4331885,8,2025-08-18,2025,34,596,3,1,13.758,0.069,0.023
2025/2026,Taraba,NE,savanna,4331885,9,2025-08-25,2025,35,1000,11,0,23.085,0.254,0.0
2025/2026,Taraba,NE,savanna,4331885,10,2025-09-01,2025,36,769,18,1,17.752,0.416,0.023
2025/2026,Taraba,NE,savanna,4331885,11,2025-09-08,2025,37,1830,13,2,42.245,0.3,0.046
2025/2026,Taraba,NE,savanna,4331885,12,2025-09-15,2025,38,2895,18,6,66.83,0.416,0.139
2025/2026,Taraba,NE,savanna,4331885,13,2025-09-22,2025,39,6566,199,15,151.574,4.594,0.346
2025/2026,Taraba,NE,savanna,4331885,14,2025-09-29,2025,40,20161,318,43,465.409,7.341,0.993
2025/2026,Taraba,NE,savanna,4331885,15,2025-10-06,2025,41,74567,806,60,1721.352,18.606,1.385
2025/2026,Taraba,NE,savanna,4331885,16,2025-10-13,2025,42,80795,831,144,1865.123,19.183,3.324
2025/2026,Taraba,NE,savanna,4331885,17,2025-10-20,2025,43,112654,1043,149,2600.577,24.077,3.44
2025/2026,Taraba,NE,savanna,4331885,18,2025-10-27,2025,44,35547,567,122,820.59,13.089,2.816
2025/2026,Taraba,NE,savanna,4331885,19,2025-11-03,2025,45,13737,252,29,317.114,5.817,0.669
2025/2026,Taraba,NE,savanna,4331885,20,2025-11-10,2025,46,2328,36,1,53.741,0.831,0.023
2025/2026,Taraba,NE,savanna,4331885,21,2025-11-17,2025,47,2148,13,2,49.586,0.3,0.046
2025/2026,Taraba,NE,savanna,4331885,22,2025-11-24,2025,48,2993,8,1,69.092,0.185,0.023
2025/2026,Taraba,NE,savanna,4331885,23,2025-12-01,2025,49,2999,21,2,69.231,0.485,0.046
2025/2026,Taraba,NE,savanna,4331885,24,2025-12-08,2025,50,4255,89,7,98.225,2.055,0.162
2025/2026,Taraba,NE,savanna,4331885,25,2025-12-15,2025,51,9994,91,10,230.708,2.101,0.231
2025/2026,Taraba,NE,savanna,4331885,26,2025-12-22,2025,52,21946,166,28,506.615,3.832,0.646
2025/2026,Taraba,NE,savanna,4331885,27,2025-12-29,2026,1,18491,229,15,426.858,5.286,0.346
2025/2026,Taraba,NE,savanna,4331885,28,2026-01-05,2026,2,13359,179,22,308.388,4.132,0.508
2025/2026,Taraba,NE,savanna,4331885,29,2026-01-12,2026,3,5590,76,20,129.043,1.754,0.462
2025/2026,Taraba,NE,savanna,4331885,30,2026-01-19,2026,4,2096,27,6,48.385,0.623,0.139
2025/2026,Taraba,NE,savanna,4331885,31,2026-01-26,2026,5,1106,15,1,25.532,0.346,0.023
2025/2026,Taraba,NE,savanna,4331885,32,2026-02-02,2026,6,608,12,1,14.035,0.277,0.023
2025/2026,Taraba,NE,savanna,4331885,33,2026-02-09,2026,7,712,5,0,16.436,0.115,0.0
2025/2026,Taraba,NE,savanna,4331885,34,2026-02-16,2026,8,657,7,2,15.167,0.162,0.046
2025/2026,Taraba,NE,savanna,4331885,35,2026-02-23,2026,9,654,11,1,15.097,0.254,0.023
2025/2026,Taraba,NE,savanna,4331885,36,2026-03-02,2026,10,348,3,0,8.033,0.069,0.0
2025/2026,Taraba,NE,savanna,4331885,37,2026-03-09,2026,11,270,4,1,6.233,0.092,0.023
2025/2026,Taraba,NE,savanna,4331885,38,2026-03-16,2026,12,597,2,1,13.782,0.046,0.023
2025/2026,Taraba,NE,savanna,4331885,39,2026-03-23,2026,13,155,7,0,3.578,0.162,0.0
2025/2026,Taraba,NE,savanna,4331885,40,2026-03-30,2026,14,545,6,2,12.581,0.139,0.046
2025/2026,Taraba,NE,savanna,4331885,41,2026-04-06,2026,15,439,4,0,10.134,0.092,0.0
2025/2026,Taraba,NE,savanna,4331885,42,2026-04-13,2026,16,365,7,2,8.426,0.162,0.046
2025/2026,Taraba,NE,savanna,4331885,43,2026-04-20,2026,17,521,10,1,12.027,0.231,0.023
2025/2026,Taraba,NE,savanna,4331885,44,2026-04-27,2026,18,404,6,1,9.326,0.139,0.023
2025/2026,Taraba,NE,savanna,4331885,45,2026-05-04,2026,19,383,8,2,8.841,0.185,0.046
2025/2026,Taraba,NE,savanna,4331885,46,2026-05-11,2026,20,616,8,1,14.22,0.185,0.023
2025/2026,Taraba,NE,savanna,4331885,47,2026-05-18,2026,21,687,11,2,15.859,0.254,0.046
2025/2026,Taraba,NE,savanna,4331885,48,2026-05-25,2026,22,335,11,0,7.733,0.254,0.0
2025/2026,Taraba,NE,savanna,4331885,49,2026-06-01,2026,23,492,3,2,11.358,0.069,0.046
2025/2026,Taraba,NE,savanna,4331885,50,2026-06-08,2026,24,853,7,2,19.691,0.162,0.046
2025/2026,Taraba,NE,savanna,4331885,51,2026-06-15,2026,25,377,7,1,8.703,0.162,0.023
2025/2026,Taraba,NE,savanna,4331885,52,2026-06-22,2026,26,336,9,0,7.756,0.208,0.0
2025/2026,Kwara,NC,savanna,4259613,1,2025-06-30,2025,27,2127,45,3,49.934,1.056,0.07
2025/2026,Kwara,NC,savanna,4259613,2,2025-07-07,2025,28,774,10,0,18.171,0.235,0.0
2025/2026,Kwara,NC,savanna,4259613,3,2025-07-14,2025,29,951,9,0,22.326,0.211,0.0
2025/2026,Kwara,NC,savanna,4259613,4,2025-07-21,2025,30,426,5,0,10.001,0.117,0.0
2025/2026,Kwara,NC,savanna,4259613,5,2025-07-28,2025,31,623,8,0,14.626,0.188,0.0
2025/2026,Kwara,NC,savanna,4259613,6,2025-08-04,2025,32,591,10,3,13.874,0.235,0.07
2025/2026,Kwara,NC,savanna,4259613,7,2025-08-11,2025,33,422,5,1,9.907,0.117,0.023
2025/2026,Kwara,NC,savanna,4259613,8,2025-08-18,2025,34,894,2,1,20.988,0.047,0.023
2025/2026,Kwara,NC,savanna,4259613,9,2025-08-25,2025,35,581,6,1,13.64,0.141,0.023
2025/2026,Kwara,NC,savanna,4259613,10,2025-09-01,2025,36,806,17,1,18.922,0.399,0.023
2025/2026,Kwara,NC,savanna,4259613,11,2025-09-08,2025,37,894,15,3,20.988,0.352,0.07
2025/2026,Kwara,NC,savanna,4259613,12,2025-09-15,2025,38,5071,37,8,119.048,0.869,0.188
2025/2026,Kwara,NC,savanna,4259613,13,2025-09-22,2025,39,13101,122,14,307.563,2.864,0.329
2025/2026,Kwara,NC,savanna,4259613,14,2025-09-29,2025,40,38280,478,27,898.673,11.222,0.634
2025/2026,Kwara,NC,savanna,4259613,15,2025-10-06,2025,41,51584,879,73,1211.002,20.636,1.714
2025/2026,Kwara,NC,savanna,4259613,16,2025-10-13,2025,42,65404,1034,136,1535.445,24.275,3.193
2025/2026,Kwara,NC,savanna,4259613,17,2025-10-20,2025,43,88274,1009,85,2072.348,23.688,1.995
2025/2026,Kwara,NC,savanna,4259613,18,2025-10-27,2025,44,53138,790,110,1247.484,18.546,2.582
2025/2026,Kwara,NC,savanna,4259613,19,2025-11-03,2025,45,14925,156,17,350.384,3.662,0.399
2025/2026,Kwara,NC,savanna,4259613,20,2025-11-10,2025,46,3848,35,4,90.337,0.822,0.094
2025/2026,Kwara,NC,savanna,4259613,21,2025-11-17,2025,47,1126,13,2,26.434,0.305,0.047
2025/2026,Kwara,NC,savanna,4259613,22,2025-11-24,2025,48,1414,44,5,33.196,1.033,0.117
2025/2026,Kwara,NC,savanna,4259613,23,2025-12-01,2025,49,3201,58,3,75.148,1.362,0.07
2025/2026,Kwara,NC,savanna,4259613,24,2025-12-08,2025,50,3235,118,1,75.946,2.77,0.023
2025/2026,Kwara,NC,savanna,4259613,25,2025-12-15,2025,51,7958,114,9,186.824,2.676,0.211
2025/2026,Kwara,NC,savanna,4259613,26,2025-12-22,2025,52,11527,244,13,270.611,5.728,0.305
2025/2026,Kwara,NC,savanna,4259613,27,2025-12-29,2026,1,16605,206,32,389.824,4.836,0.751
2025/2026,Kwara,NC,savanna,4259613,28,2026-01-05,2026,2,16373,174,35,384.378,4.085,0.822
2025/2026,Kwara,NC,savanna,4259613,29,2026-01-12,2026,3,10900,147,4,255.892,3.451,0.094
2025/2026,Kwara,NC,savanna,4259613,30,2026-01-19,2026,4,2378,52,5,55.827,1.221,0.117
2025/2026,Kwara,NC,savanna,4259613,31,2026-01-26,2026,5,1026,8,0,24.087,0.188,0.0
2025/2026,Kwara,NC,savanna,4259613,32,2026-02-02,2026,6,689,3,2,16.175,0.07,0.047
2025/2026,Kwara,NC,savanna,4259613,33,2026-02-09,2026,7,287,4,0,6.738,0.094,0.0
2025/2026,Kwara,NC,savanna,4259613,34,2026-02-16,2026,8,455,5,0,10.682,0.117,0.0
2025/2026,Kwara,NC,savanna,4259613,35,2026-02-23,2026,9,498,4,2,11.691,0.094,0.047
2025/2026,Kwara,NC,savanna,4259613,36,2026-03-02,2026,10,368,5,0,8.639,0.117,0.0
2025/2026,Kwara,NC,savanna,4259613,37,2026-03-09,2026,11,721,11,1,16.926,0.258,0.023
2025/2026,Kwara,NC,savanna,4259613,38,2026-03-16,2026,12,400,7,0,9.391,0.164,0.0
2025/2026,Kwara,NC,savanna,4259613,39,2026-03-23,2026,13,384,8,1,9.015,0.188,0.023
2025/2026,Kwara,NC,savanna,4259613,40,2026-03-30,2026,14,828,7,1,19.438,0.164,0.023
2025/2026,Kwara,NC,savanna,4259613,41,2026-04-06,2026,15,665,7,0,15.612,0.164,0.0
2025/2026,Kwara,NC,savanna,4259613,42,2026-04-13,2026,16,495,6,0,11.621,0.141,0.0
2025/2026,Kwara,NC,savanna,4259613,43,2026-04-20,2026,17,468,16,0,10.987,0.376,0.0
2025/2026,Kwara,NC,savanna,4259613,44,2026-04-27,2026,18,686,4,1,16.105,0.094,0.023
2025/2026,Kwara,NC,savanna,4259613,45,2026-05-04,2026,19,250,16,1,5.869,0.376,0.023
2025/2026,Kwara,NC,savanna,4259613,46,2026-05-11,2026,20,560,5,1,13.147,0.117,0.023
2025/2026,Kwara,NC,savanna,4259613,47,2026-05-18,2026,21,659,10,0,15.471,0.235,0.0
2025/2026,Kwara,NC,savanna,4259613,48,2026-05-25,2026,22,662,3,0,15.541,0.07,0.0
2025/2026,Kwara,NC,savanna,4259613,49,2026-06-01,2026,23,643,15,0,15.095,0.352,0.0
2025/2026,Kwara,NC,savanna,4259613,50,2026-06-08,2026,24,534,7,0,12.536,0.164,0.0
2025/2026,Kwara,NC,savanna,4259613,51,2026-06-15,2026,25,425,4,0,9.977,0.094,0.0
2025/2026,Kwara,NC,savanna,4259613,52,2026-06-22,2026,26,398,12,3,9.344,0.282,0.07
2025/2026,Osun,SW,tropical,4237396,1,2025-06-30,2025,27,1098,32,1,25.912,0.755,0.024
2025/2026,Osun,SW,tropical,4237396,2,2025-07-07,2025,28,446,5,0,10.525,0.118,0.0
2025/2026,Osun,SW,tropical,4237396,3,2025-07-14,2025,29,278,7,0,6.561,0.165,0.0
2025/2026,Osun,SW,tropical,4237396,4,2025-07-21,2025,30,216,4,0,5.097,0.094,0.0
2025/2026,Osun,SW,tropical,4237396,5,2025-07-28,2025,31,366,14,0,8.637,0.33,0.0
2025/2026,Osun,SW,tropical,4237396,6,2025-08-04,2025,32,418,5,0,9.865,0.118,0.0
2025/2026,Osun,SW,tropical,4237396,7,2025-08-11,2025,33,348,3,0,8.213,0.071,0.0
2025/2026,Osun,SW,tropical,4237396,8,2025-08-18,2025,34,742,9,0,17.511,0.212,0.0
2025/2026,Osun,SW,tropical,4237396,9,2025-08-25,2025,35,1158,12,2,27.328,0.283,0.047
2025/2026,Osun,SW,tropical,4237396,10,2025-09-01,2025,36,2213,17,4,52.225,0.401,0.094
2025/2026,Osun,SW,tropical,4237396,11,2025-09-08,2025,37,4669,51,5,110.186,1.204,0.118
2025/2026,Osun,SW,tropical,4237396,12,2025-09-15,2025,38,15153,111,10,357.602,2.62,0.236
2025/2026,Osun,SW,tropical,4237396,13,2025-09-22,2025,39,28153,508,53,664.394,11.988,1.251
2025/2026,Osun,SW,tropical,4237396,14,2025-09-29,2025,40,52266,1081,118,1233.446,25.511,2.785
2025/2026,Osun,SW,tropical,4237396,15,2025-10-06,2025,41,58097,2130,163,1371.054,50.267,3.847
2025/2026,Osun,SW,tropical,4237396,16,2025-10-13,2025,42,80190,1261,107,1892.436,29.759,2.525
2025/2026,Osun,SW,tropical,4237396,17,2025-10-20,2025,43,32194,442,74,759.759,10.431,1.746
2025/2026,Osun,SW,tropical,4237396,18,2025-10-27,2025,44,16567,226,42,390.971,5.333,0.991
2025/2026,Osun,SW,tropical,4237396,19,2025-11-03,2025,45,3996,44,5,94.303,1.038,0.118
2025/2026,Osun,SW,tropical,4237396,20,2025-11-10,2025,46,931,18,1,21.971,0.425,0.024
2025/2026,Osun,SW,tropical,4237396,21,2025-11-17,2025,47,625,9,1,14.75,0.212,0.024
2025/2026,Osun,SW,tropical,4237396,22,2025-11-24,2025,48,510,8,2,12.036,0.189,0.047
2025/2026,Osun,SW,tropical,4237396,23,2025-12-01,2025,49,2496,11,1,58.904,0.26,0.024
2025/2026,Osun,SW,tropical,4237396,24,2025-12-08,2025,50,3632,63,6,85.713,1.487,0.142
2025/2026,Osun,SW,tropical,4237396,25,2025-12-15,2025,51,4775,169,7,112.687,3.988,0.165
2025/2026,Osun,SW,tropical,4237396,26,2025-12-22,2025,52,8426,150,4,198.849,3.54,0.094
2025/2026,Osun,SW,tropical,4237396,27,2025-12-29,2026,1,9540,113,24,225.138,2.667,0.566
2025/2026,Osun,SW,tropical,4237396,28,2026-01-05,2026,2,6532,124,8,154.151,2.926,0.189
2025/2026,Osun,SW,tropical,4237396,29,2026-01-12,2026,3,3553,64,5,83.849,1.51,0.118
2025/2026,Osun,SW,tropical,4237396,30,2026-01-19,2026,4,1259,20,0,29.712,0.472,0.0
2025/2026,Osun,SW,tropical,4237396,31,2026-01-26,2026,5,500,14,1,11.8,0.33,0.024
2025/2026,Osun,SW,tropical,4237396,32,2026-02-02,2026,6,456,7,0,10.761,0.165,0.0
2025/2026,Osun,SW,tropical,4237396,33,2026-02-09,2026,7,232,10,0,5.475,0.236,0.0
2025/2026,Osun,SW,tropical,4237396,34,2026-02-16,2026,8,457,4,0,10.785,0.094,0.0
2025/2026,Osun,SW,tropical,4237396,35,2026-02-23,2026,9,192,6,0,4.531,0.142,0.0
2025/2026,Osun,SW,tropical,4237396,36,2026-03-02,2026,10,500,6,1,11.8,0.142,0.024
2025/2026,Osun,SW,tropical,4237396,37,2026-03-09,2026,11,288,9,0,6.797,0.212,0.0
2025/2026,Osun,SW,tropical,4237396,38,2026-03-16,2026,12,255,10,1,6.018,0.236,0.024
2025/2026,Osun,SW,tropical,4237396,39,2026-03-23,2026,13,259,1,1,6.112,0.024,0.024
2025/2026,Osun,SW,tropical,4237396,40,2026-03-30,2026,14,370,5,0,8.732,0.118,0.0
2025/2026,Osun,SW,tropical,4237396,41,2026-04-06,2026,15,395,3,0,9.322,0.071,0.0
2025/2026,Osun,SW,tropical,4237396,42,2026-04-13,2026,16,227,9,0,5.357,0.212,0.0
2025/2026,Osun,SW,tropical,4237396,43,2026-04-20,2026,17,403,4,0,9.511,0.094,0.0
2025/2026,Osun,SW,tropical,4237396,44,2026-04-27,2026,18,190,6,0,4.484,0.142,0.0
2025/2026,Osun,SW,tropical,4237396,45,2026-05-04,2026,19,326,3,0,7.693,0.071,0.0
2025/2026,Osun,SW,tropical,4237396,46,2026-05-11,2026,20,492,7,0,11.611,0.165,0.0
2025/2026,Osun,SW,tropical,4237396,47,2026-05-18,2026,21,365,4,0,8.614,0.094,0.0
2025/2026,Osun,SW,tropical,4237396,48,2026-05-25,2026,22,251,12,0,5.923,0.283,0.0
2025/2026,Osun,SW,tropical,4237396,49,2026-06-01,2026,23,426,8,0,10.053,0.189,0.0
2025/2026,Osun,SW,tropical,4237396,50,2026-06-08,2026,24,248,3,3,5.853,0.071,0.071
2025/2026,Osun,SW,tropical,4237396,51,2026-06-15,2026,25,405,0,1,9.558,0.0,0.024
2025/2026,Osun,SW,tropical,4237396,52,2026-06-22,2026,26,384,8,1,9.062,0.189,0.024
2025/2026,Cross River,SS,tropical,4175020,1,2025-06-30,2025,27,1369,29,2,32.79,0.695,0.048
2025/2026,Cross River,SS,tropical,4175020,2,2025-07-07,2025,28,367,13,0,8.79,0.311,0.0
2025/2026,Cross River,SS,tropical,4175020,3,2025-07-14,2025,29,398,2,0,9.533,0.048,0.0
2025/2026,Cross River,SS,tropical,4175020,4,2025-07-21,2025,30,361,9,1,8.647,0.216,0.024
2025/2026,Cross River,SS,tropical,4175020,5,2025-07-28,2025,31,288,7,0,6.898,0.168,0.0
2025/2026,Cross River,SS,tropical,4175020,6,2025-08-04,2025,32,355,7,0,8.503,0.168,0.0
2025/2026,Cross River,SS,tropical,4175020,7,2025-08-11,2025,33,469,8,2,11.233,0.192,0.048
2025/2026,Cross River,SS,tropical,4175020,8,2025-08-18,2025,34,254,5,1,6.084,0.12,0.024
2025/2026,Cross River,SS,tropical,4175020,9,2025-08-25,2025,35,883,9,1,21.15,0.216,0.024
2025/2026,Cross River,SS,tropical,4175020,10,2025-09-01,2025,36,1880,34,5,45.03,0.814,0.12
2025/2026,Cross River,SS,tropical,4175020,11,2025-09-08,2025,37,4334,49,3,103.808,1.174,0.072
2025/2026,Cross River,SS,tropical,4175020,12,2025-09-15,2025,38,9438,312,5,226.059,7.473,0.12
2025/2026,Cross River,SS,tropical,4175020,13,2025-09-22,2025,39,32481,444,37,777.984,10.635,0.886
2025/2026,Cross River,SS,tropical,4175020,14,2025-09-29,2025,40,40116,933,54,960.858,22.347,1.293
2025/2026,Cross River,SS,tropical,4175020,15,2025-10-06,2025,41,70749,1740,132,1694.579,41.676,3.162
2025/2026,Cross River,SS,tropical,4175020,16,2025-10-13,2025,42,87540,971,162,2096.756,23.257,3.88
2025/2026,Cross River,SS,tropical,4175020,17,2025-10-20,2025,43,52026,1308,20,1246.126,31.329,0.479
2025/2026,Cross River,SS,tropical,4175020,18,2025-10-27,2025,44,15439,306,19,369.795,7.329,0.455
2025/2026,Cross River,SS,tropical,4175020,19,2025-11-03,2025,45,4065,65,6,97.365,1.557,0.144
2025/2026,Cross River,SS,tropical,4175020,20,2025-11-10,2025,46,760,13,1,18.204,0.311,0.024
2025/2026,Cross River,SS,tropical,4175020,21,2025-11-17,2025,47,567,8,0,13.581,0.192,0.0
2025/2026,Cross River,SS,tropical,4175020,22,2025-11-24,2025,48,1367,14,1,32.742,0.335,0.024
2025/2026,Cross River,SS,tropical,4175020,23,2025-12-01,2025,49,1841,25,2,44.096,0.599,0.048
2025/2026,Cross River,SS,tropical,4175020,24,2025-12-08,2025,50,3052,42,1,73.101,1.006,0.024
2025/2026,Cross River,SS,tropical,4175020,25,2025-12-15,2025,51,4856,70,7,116.311,1.677,0.168
2025/2026,Cross River,SS,tropical,4175020,26,2025-12-22,2025,52,12686,111,7,303.855,2.659,0.168
2025/2026,Cross River,SS,tropical,4175020,27,2025-12-29,2026,1,12457,197,16,298.37,4.719,0.383
2025/2026,Cross River,SS,tropical,4175020,28,2026-01-05,2026,2,9359,125,15,224.167,2.994,0.359
2025/2026,Cross River,SS,tropical,4175020,29,2026-01-12,2026,3,4930,94,8,118.083,2.251,0.192
2025/2026,Cross River,SS,tropical,4175020,30,2026-01-19,2026,4,1589,20,3,38.06,0.479,0.072
2025/2026,Cross River,SS,tropical,4175020,31,2026-01-26,2026,5,725,11,2,17.365,0.263,0.048
2025/2026,Cross River,SS,tropical,4175020,32,2026-02-02,2026,6,312,2,1,7.473,0.048,0.024
2025/2026,Cross River,SS,tropical,4175020,33,2026-02-09,2026,7,458,5,0,10.97,0.12,0.0
2025/2026,Cross River,SS,tropical,4175020,34,2026-02-16,2026,8,354,5,0,8.479,0.12,0.0
2025/2026,Cross River,SS,tropical,4175020,35,2026-02-23,2026,9,394,1,2,9.437,0.024,0.048
2025/2026,Cross River,SS,tropical,4175020,36,2026-03-02,2026,10,283,10,0,6.778,0.24,0.0
2025/2026,Cross River,SS,tropical,4175020,37,2026-03-09,2026,11,339,7,0,8.12,0.168,0.0
2025/2026,Cross River,SS,tropical,4175020,38,2026-03-16,2026,12,270,6,0,6.467,0.144,0.0
2025/2026,Cross River,SS,tropical,4175020,39,2026-03-23,2026,13,375,6,0,8.982,0.144,0.0
2025/2026,Cross River,SS,tropical,4175020,40,2026-03-30,2026,14,437,4,0,10.467,0.096,0.0
2025/2026,Cross River,SS,tropical,4175020,41,2026-04-06,2026,15,348,5,0,8.335,0.12,0.0
2025/2026,Cross River,SS,tropical,4175020,42,2026-04-13,2026,16,350,4,1,8.383,0.096,0.024
2025/2026,Cross River,SS,tropical,4175020,43,2026-04-20,2026,17,302,5,1,7.233,0.12,0.024
2025/2026,Cross River,SS,tropical,4175020,44,2026-04-27,2026,18,361,4,0,8.647,0.096,0.0
2025/2026,Cross River,SS,tropical,4175020,45,2026-05-04,2026,19,254,2,1,6.084,0.048,0.024
2025/2026,Cross River,SS,tropical,4175020,46,2026-05-11,2026,20,329,2,1,7.88,0.048,0.024
2025/2026,Cross River,SS,tropical,4175020,47,2026-05-18,2026,21,322,11,0,7.713,0.263,0.0
2025/2026,Cross River,SS,tropical,4175020,48,2026-05-25,2026,22,385,5,1,9.222,0.12,0.024
2025/2026,Cross River,SS,tropical,4175020,49,2026-06-01,2026,23,161,3,1,3.856,0.072,0.024
2025/2026,Cross River,SS,tropical,4175020,50,2026-06-08,2026,24,435,8,0,10.419,0.192,0.0
2025/2026,Cross River,SS,tropical,4175020,51,2026-06-15,2026,25,157,6,1,3.76,0.144,0.024
2025/2026,Cross River,SS,tropical,4175020,52,2026-06-22,2026,26,418,5,1,10.012,0.12,0.024
2025/2026,Ebonyi,SE,tropical,4007155,1,2025-06-30,2025,27,1568,34,5,39.13,0.848,0.125
2025/2026,Ebonyi,SE,tropical,4007155,2,2025-07-07,2025,28,465,7,0,11.604,0.175,0.0
2025/2026,Ebonyi,SE,tropical,4007155,3,2025-07-14,2025,29,337,2,1,8.41,0.05,0.025
2025/2026,Ebonyi,SE,tropical,4007155,4,2025-07-21,2025,30,301,4,0,7.512,0.1,0.0
2025/2026,Ebonyi,SE,tropical,4007155,5,2025-07-28,2025,31,268,8,0,6.688,0.2,0.0
2025/2026,Ebonyi,SE,tropical,4007155,6,2025-08-04,2025,32,410,5,1,10.232,0.125,0.025
2025/2026,Ebonyi,SE,tropical,4007155,7,2025-08-11,2025,33,568,9,0,14.175,0.225,0.0
2025/2026,Ebonyi,SE,tropical,4007155,8,2025-08-18,2025,34,502,12,1,12.528,0.299,0.025
2025/2026,Ebonyi,SE,tropical,4007155,9,2025-08-25,2025,35,795,11,0,19.84,0.275,0.0
2025/2026,Ebonyi,SE,tropical,4007155,10,2025-09-01,2025,36,1693,28,6,42.249,0.699,0.15
2025/2026,Ebonyi,SE,tropical,4007155,11,2025-09-08,2025,37,2946,73,2,73.518,1.822,0.05
2025/2026,Ebonyi,SE,tropical,4007155,12,2025-09-15,2025,38,10312,223,14,257.34,5.565,0.349
2025/2026,Ebonyi,SE,tropical,4007155,13,2025-09-22,2025,39,39323,297,37,981.32,7.412,0.923
2025/2026,Ebonyi,SE,tropical,4007155,14,2025-09-29,2025,40,57891,1144,77,1444.691,28.549,1.922
2025/2026,Ebonyi,SE,tropical,4007155,15,2025-10-06,2025,41,114085,1235,64,2847.032,30.82,1.597
2025/2026,Ebonyi,SE,tropical,4007155,16,2025-10-13,2025,42,63843,951,105,1593.225,23.733,2.62
2025/2026,Ebonyi,SE,tropical,4007155,17,2025-10-20,2025,43,72289,741,54,1803.998,18.492,1.348
2025/2026,Ebonyi,SE,tropical,4007155,18,2025-10-27,2025,44,31875,260,26,795.452,6.488,0.649
2025/2026,Ebonyi,SE,tropical,4007155,19,2025-11-03,2025,45,2924,47,3,72.969,1.173,0.075
2025/2026,Ebonyi,SE,tropical,4007155,20,2025-11-10,2025,46,1069,14,2,26.677,0.349,0.05
2025/2026,Ebonyi,SE,tropical,4007155,21,2025-11-17,2025,47,352,5,0,8.784,0.125,0.0
2025/2026,Ebonyi,SE,tropical,4007155,22,2025-11-24,2025,48,1029,18,0,25.679,0.449,0.0
2025/2026,Ebonyi,SE,tropical,4007155,23,2025-12-01,2025,49,1420,20,1,35.437,0.499,0.025
2025/2026,Ebonyi,SE,tropical,4007155,24,2025-12-08,2025,50,2834,44,1,70.723,1.098,0.025
2025/2026,Ebonyi,SE,tropical,4007155,25,2025-12-15,2025,51,4944,67,10,123.379,1.672,0.25
2025/2026,Ebonyi,SE,tropical,4007155,26,2025-12-22,2025,52,6656,200,13,166.103,4.991,0.324
2025/2026,Ebonyi,SE,tropical,4007155,27,2025-12-29,2026,1,6321,267,14,157.743,6.663,0.349
2025/2026,Ebonyi,SE,tropical,4007155,28,2026-01-05,2026,2,9035,83,6,225.472,2.071,0.15
2025/2026,Ebonyi,SE,tropical,4007155,29,2026-01-12,2026,3,5088,72,8,126.973,1.797,0.2
2025/2026,Ebonyi,SE,tropical,4007155,30,2026-01-19,2026,4,2625,22,4,65.508,0.549,0.1
2025/2026,Ebonyi,SE,tropical,4007155,31,2026-01-26,2026,5,877,18,0,21.886,0.449,0.0
2025/2026,Ebonyi,SE,tropical,4007155,32,2026-02-02,2026,6,327,9,0,8.16,0.225,0.0
2025/2026,Ebonyi,SE,tropical,4007155,33,2026-02-09,2026,7,487,6,0,12.153,0.15,0.0
2025/2026,Ebonyi,SE,tropical,4007155,34,2026-02-16,2026,8,334,12,1,8.335,0.299,0.025
2025/2026,Ebonyi,SE,tropical,4007155,35,2026-02-23,2026,9,452,1,0,11.28,0.025,0.0
2025/2026,Ebonyi,SE,tropical,4007155,36,2026-03-02,2026,10,420,5,1,10.481,0.125,0.025
2025/2026,Ebonyi,SE,tropical,4007155,37,2026-03-09,2026,11,245,3,0,6.114,0.075,0.0
2025/2026,Ebonyi,SE,tropical,4007155,38,2026-03-16,2026,12,210,3,0,5.241,0.075,0.0
2025/2026,Ebonyi,SE,tropical,4007155,39,2026-03-23,2026,13,317,3,1,7.911,0.075,0.025
2025/2026,Ebonyi,SE,tropical,4007155,40,2026-03-30,2026,14,247,8,0,6.164,0.2,0.0
2025/2026,Ebonyi,SE,tropical,4007155,41,2026-04-06,2026,15,265,5,0,6.613,0.125,0.0
2025/2026,Ebonyi,SE,tropical,4007155,42,2026-04-13,2026,16,325,3,1,8.11,0.075,0.025
2025/2026,Ebonyi,SE,tropical,4007155,43,2026-04-20,2026,17,338,6,0,8.435,0.15,0.0
2025/2026,Ebonyi,SE,tropical,4007155,44,2026-04-27,2026,18,265,4,0,6.613,0.1,0.0
2025/2026,Ebonyi,SE,tropical,4007155,45,2026-05-04,2026,19,309,7,0,7.711,0.175,0.0
2025/2026,Ebonyi,SE,tropical,4007155,46,2026-05-11,2026,20,375,3,0,9.358,0.075,0.0
2025/2026,Ebonyi,SE,tropical,4007155,47,2026-05-18,2026,21,281,6,0,7.012,0.15,0.0
2025/2026,Ebonyi,SE,tropical,4007155,48,2026-05-25,2026,22,320,7,0,7.986,0.175,0.0
2025/2026,Ebonyi,SE,tropical,4007155,49,2026-06-01,2026,23,341,6,1,8.51,0.15,0.025
2025/2026,Ebonyi,SE,tropical,4007155,50,2026-06-08,2026,24,250,1,1,6.239,0.025,0.025
2025/2026,Ebonyi,SE,tropical,4007155,51,2026-06-15,2026,25,417,5,0,10.406,0.125,0.0
2025/2026,Ebonyi,SE,tropical,4007155,52,2026-06-22,2026,26,275,6,0,6.863,0.15,0.0
2025/2026,Nasarawa,NC,savanna,3632239,1,2025-06-30,2025,27,1603,50,3,44.133,1.377,0.083
2025/2026,Nasarawa,NC,savanna,3632239,2,2025-07-07,2025,28,201,1,2,5.534,0.028,0.055
2025/2026,Nasarawa,NC,savanna,3632239,3,2025-07-14,2025,29,524,3,0,14.426,0.083,0.0
2025/2026,Nasarawa,NC,savanna,3632239,4,2025-07-21,2025,30,274,1,2,7.544,0.028,0.055
2025/2026,Nasarawa,NC,savanna,3632239,5,2025-07-28,2025,31,383,7,0,10.544,0.193,0.0
2025/2026,Nasarawa,NC,savanna,3632239,6,2025-08-04,2025,32,531,14,0,14.619,0.385,0.0
2025/2026,Nasarawa,NC,savanna,3632239,7,2025-08-11,2025,33,422,7,2,11.618,0.193,0.055
2025/2026,Nasarawa,NC,savanna,3632239,8,2025-08-18,2025,34,761,1,1,20.951,0.028,0.028
2025/2026,Nasarawa,NC,savanna,3632239,9,2025-08-25,2025,35,236,9,1,6.497,0.248,0.028
2025/2026,Nasarawa,NC,savanna,3632239,10,2025-09-01,2025,36,693,12,2,19.079,0.33,0.055
2025/2026,Nasarawa,NC,savanna,3632239,11,2025-09-08,2025,37,1531,14,3,42.15,0.385,0.083
2025/2026,Nasarawa,NC,savanna,3632239,12,2025-09-15,2025,38,3094,54,5,85.182,1.487,0.138
2025/2026,Nasarawa,NC,savanna,3632239,13,2025-09-22,2025,39,8884,112,14,244.587,3.083,0.385
2025/2026,Nasarawa,NC,savanna,3632239,14,2025-09-29,2025,40,22600,268,25,622.206,7.378,0.688
2025/2026,Nasarawa,NC,savanna,3632239,15,2025-10-06,2025,41,24572,986,65,676.497,27.146,1.79
2025/2026,Nasarawa,NC,savanna,3632239,16,2025-10-13,2025,42,73960,1209,83,2036.21,33.285,2.285
2025/2026,Nasarawa,NC,savanna,3632239,17,2025-10-20,2025,43,49027,1121,71,1349.774,30.863,1.955
2025/2026,Nasarawa,NC,savanna,3632239,18,2025-10-27,2025,44,30060,698,31,827.589,19.217,0.853
2025/2026,Nasarawa,NC,savanna,3632239,19,2025-11-03,2025,45,13129,296,7,361.457,8.149,0.193
2025/2026,Nasarawa,NC,savanna,3632239,20,2025-11-10,2025,46,2510,33,4,69.103,0.909,0.11
2025/2026,Nasarawa,NC,savanna,3632239,21,2025-11-17,2025,47,1469,26,2,40.443,0.716,0.055
2025/2026,Nasarawa,NC,savanna,3632239,22,2025-11-24,2025,48,931,17,4,25.632,0.468,0.11
2025/2026,Nasarawa,NC,savanna,3632239,23,2025-12-01,2025,49,1857,30,2,51.125,0.826,0.055
2025/2026,Nasarawa,NC,savanna,3632239,24,2025-12-08,2025,50,5096,67,9,140.299,1.845,0.248
2025/2026,Nasarawa,NC,savanna,3632239,25,2025-12-15,2025,51,11197,72,6,308.267,1.982,0.165
2025/2026,Nasarawa,NC,savanna,3632239,26,2025-12-22,2025,52,15937,185,25,438.765,5.093,0.688
2025/2026,Nasarawa,NC,savanna,3632239,27,2025-12-29,2026,1,17511,313,12,482.099,8.617,0.33
2025/2026,Nasarawa,NC,savanna,3632239,28,2026-01-05,2026,2,11828,227,13,325.639,6.25,0.358
2025/2026,Nasarawa,NC,savanna,3632239,29,2026-01-12,2026,3,7713,106,9,212.348,2.918,0.248
2025/2026,Nasarawa,NC,savanna,3632239,30,2026-01-19,2026,4,2097,25,9,57.733,0.688,0.248
2025/2026,Nasarawa,NC,savanna,3632239,31,2026-01-26,2026,5,517,14,0,14.234,0.385,0.0
2025/2026,Nasarawa,NC,savanna,3632239,32,2026-02-02,2026,6,420,4,2,11.563,0.11,0.055
2025/2026,Nasarawa,NC,savanna,3632239,33,2026-02-09,2026,7,649,8,0,17.868,0.22,0.0
2025/2026,Nasarawa,NC,savanna,3632239,34,2026-02-16,2026,8,240,7,2,6.607,0.193,0.055
2025/2026,Nasarawa,NC,savanna,3632239,35,2026-02-23,2026,9,263,5,0,7.241,0.138,0.0
2025/2026,Nasarawa,NC,savanna,3632239,36,2026-03-02,2026,10,436,12,2,12.004,0.33,0.055
2025/2026,Nasarawa,NC,savanna,3632239,37,2026-03-09,2026,11,486,3,1,13.38,0.083,0.028
2025/2026,Nasarawa,NC,savanna,3632239,38,2026-03-16,2026,12,614,13,1,16.904,0.358,0.028
2025/2026,Nasarawa,NC,savanna,3632239,39,2026-03-23,2026,13,430,1,0,11.838,0.028,0.0
2025/2026,Nasarawa,NC,savanna,3632239,40,2026-03-30,2026,14,269,7,0,7.406,0.193,0.0
2025/2026,Nasarawa,NC,savanna,3632239,41,2026-04-06,2026,15,409,4,1,11.26,0.11,0.028
2025/2026,Nasarawa,NC,savanna,3632239,42,2026-04-13,2026,16,239,9,2,6.58,0.248,0.055
2025/2026,Nasarawa,NC,savanna,3632239,43,2026-04-20,2026,17,632,12,0,17.4,0.33,0.0
2025/2026,Nasarawa,NC,savanna,3632239,44,2026-04-27,2026,18,386,7,1,10.627,0.193,0.028
2025/2026,Nasarawa,NC,savanna,3632239,45,2026-05-04,2026,19,459,7,1,12.637,0.193,0.028
2025/2026,Nasarawa,NC,savanna,3632239,46,2026-05-11,2026,20,223,8,1,6.139,0.22,0.028
2025/2026,Nasarawa,NC,savanna,3632239,47,2026-05-18,2026,21,289,8,1,7.957,0.22,0.028
2025/2026,Nasarawa,NC,savanna,3632239,48,2026-05-25,2026,22,593,5,0,16.326,0.138,0.0
2025/2026,Nasarawa,NC,savanna,3632239,49,2026-06-01,2026,23,460,3,0,12.664,0.083,0.0
2025/2026,Nasarawa,NC,savanna,3632239,50,2026-06-08,2026,24,385,7,0,10.6,0.193,0.0
2025/2026,Nasarawa,NC,savanna,3632239,51,2026-06-15,2026,25,279,12,0,7.681,0.33,0.0
2025/2026,Nasarawa,NC,savanna,3632239,52,2026-06-22,2026,26,276,8,1,7.599,0.22,0.028
2025/2026,Ekiti,SW,tropical,3398177,1,2025-06-30,2025,27,1042,33,3,30.663,0.971,0.088
2025/2026,Ekiti,SW,tropical,3398177,2,2025-07-07,2025,28,459,5,0,13.507,0.147,0.0
2025/2026,Ekiti,SW,tropical,3398177,3,2025-07-14,2025,29,214,2,1,6.297,0.059,0.029
2025/2026,Ekiti,SW,tropical,3398177,4,2025-07-21,2025,30,199,4,0,5.856,0.118,0.0
2025/2026,Ekiti,SW,tropical,3398177,5,2025-07-28,2025,31,443,4,0,13.036,0.118,0.0
2025/2026,Ekiti,SW,tropical,3398177,6,2025-08-04,2025,32,326,4,0,9.593,0.118,0.0
2025/2026,Ekiti,SW,tropical,3398177,7,2025-08-11,2025,33,191,4,0,5.621,0.118,0.0
2025/2026,Ekiti,SW,tropical,3398177,8,2025-08-18,2025,34,409,10,0,12.036,0.294,0.0
2025/2026,Ekiti,SW,tropical,3398177,9,2025-08-25,2025,35,550,21,1,16.185,0.618,0.029
2025/2026,Ekiti,SW,tropical,3398177,10,2025-09-01,2025,36,955,33,3,28.103,0.971,0.088
2025/2026,Ekiti,SW,tropical,3398177,11,2025-09-08,2025,37,2694,46,3,79.278,1.354,0.088
2025/2026,Ekiti,SW,tropical,3398177,12,2025-09-15,2025,38,11274,199,13,331.766,5.856,0.383
2025/2026,Ekiti,SW,tropical,3398177,13,2025-09-22,2025,39,47281,301,24,1391.364,8.858,0.706
2025/2026,Ekiti,SW,tropical,3398177,14,2025-09-29,2025,40,64479,816,47,1897.459,24.013,1.383
2025/2026,Ekiti,SW,tropical,3398177,15,2025-10-06,2025,41,99213,1312,86,2919.595,38.609,2.531
2025/2026,Ekiti,SW,tropical,3398177,16,2025-10-13,2025,42,59736,1097,77,1757.884,32.282,2.266
2025/2026,Ekiti,SW,tropical,3398177,17,2025-10-20,2025,43,35621,742,47,1048.239,21.835,1.383
2025/2026,Ekiti,SW,tropical,3398177,18,2025-10-27,2025,44,16016,233,22,471.312,6.857,0.647
2025/2026,Ekiti,SW,tropical,3398177,19,2025-11-03,2025,45,3148,42,3,92.638,1.236,0.088
2025/2026,Ekiti,SW,tropical,3398177,20,2025-11-10,2025,46,912,4,2,26.838,0.118,0.059
2025/2026,Ekiti,SW,tropical,3398177,21,2025-11-17,2025,47,660,8,1,19.422,0.235,0.029
2025/2026,Ekiti,SW,tropical,3398177,22,2025-11-24,2025,48,559,11,2,16.45,0.324,0.059
2025/2026,Ekiti,SW,tropical,3398177,23,2025-12-01,2025,49,1082,19,4,31.841,0.559,0.118
2025/2026,Ekiti,SW,tropical,3398177,24,2025-12-08,2025,50,1600,45,4,47.084,1.324,0.118
2025/2026,Ekiti,SW,tropical,3398177,25,2025-12-15,2025,51,3078,55,5,90.578,1.619,0.147
2025/2026,Ekiti,SW,tropical,3398177,26,2025-12-22,2025,52,6368,61,11,187.395,1.795,0.324
2025/2026,Ekiti,SW,tropical,3398177,27,2025-12-29,2026,1,7001,84,9,206.022,2.472,0.265
2025/2026,Ekiti,SW,tropical,3398177,28,2026-01-05,2026,2,9825,177,9,289.126,5.209,0.265
2025/2026,Ekiti,SW,tropical,3398177,29,2026-01-12,2026,3,5545,59,7,163.176,1.736,0.206
2025/2026,Ekiti,SW,tropical,3398177,30,2026-01-19,2026,4,1079,19,2,31.752,0.559,0.059
2025/2026,Ekiti,SW,tropical,3398177,31,2026-01-26,2026,5,379,8,1,11.153,0.235,0.029
2025/2026,Ekiti,SW,tropical,3398177,32,2026-02-02,2026,6,321,5,0,9.446,0.147,0.0
2025/2026,Ekiti,SW,tropical,3398177,33,2026-02-09,2026,7,382,5,1,11.241,0.147,0.029
2025/2026,Ekiti,SW,tropical,3398177,34,2026-02-16,2026,8,188,4,0,5.532,0.118,0.0
2025/2026,Ekiti,SW,tropical,3398177,35,2026-02-23,2026,9,329,3,0,9.682,0.088,0.0
2025/2026,Ekiti,SW,tropical,3398177,36,2026-03-02,2026,10,241,5,0,7.092,0.147,0.0
2025/2026,Ekiti,SW,tropical,3398177,37,2026-03-09,2026,11,172,0,1,5.062,0.0,0.029
2025/2026,Ekiti,SW,tropical,3398177,38,2026-03-16,2026,12,252,2,1,7.416,0.059,0.029
2025/2026,Ekiti,SW,tropical,3398177,39,2026-03-23,2026,13,370,5,1,10.888,0.147,0.029
2025/2026,Ekiti,SW,tropical,3398177,40,2026-03-30,2026,14,238,6,1,7.004,0.177,0.029
2025/2026,Ekiti,SW,tropical,3398177,41,2026-04-06,2026,15,396,7,0,11.653,0.206,0.0
2025/2026,Ekiti,SW,tropical,3398177,42,2026-04-13,2026,16,354,8,0,10.417,0.235,0.0
2025/2026,Ekiti,SW,tropical,3398177,43,2026-04-20,2026,17,333,4,1,9.799,0.118,0.029
2025/2026,Ekiti,SW,tropical,3398177,44,2026-04-27,2026,18,255,5,0,7.504,0.147,0.0
2025/2026,Ekiti,SW,tropical,3398177,45,2026-05-04,2026,19,312,3,0,9.181,0.088,0.0
2025/2026,Ekiti,SW,tropical,3398177,46,2026-05-11,2026,20,194,7,0,5.709,0.206,0.0
2025/2026,Ekiti,SW,tropical,3398177,47,2026-05-18,2026,21,325,7,1,9.564,0.206,0.029
2025/2026,Ekiti,SW,tropical,3398177,48,2026-05-25,2026,22,280,6,0,8.24,0.177,0.0
2025/2026,Ekiti,SW,tropical,3398177,49,2026-06-01,2026,23,318,8,0,9.358,0.235,0.0
2025/2026,Ekiti,SW,tropical,3398177,50,2026-06-08,2026,24,182,2,1,5.356,0.059,0.029
2025/2026,Ekiti,SW,tropical,3398177,51,2026-06-15,2026,25,232,7,1,6.827,0.206,0.029
2025/2026,Ekiti,SW,tropical,3398177,52,2026-06-22,2026,26,268,6,0,7.887,0.177,0.0
2025/2026,Bayelsa,SS,tropical,2394725,1,2025-06-30,2025,27,2295,25,3,95.836,1.044,0.125
2025/2026,Bayelsa,SS,tropical,2394725,2,2025-07-07,2025,28,393,0,0,16.411,0.0,0.0
2025/2026,Bayelsa,SS,tropical,2394725,3,2025-07-14,2025,29,102,2,0,4.259,0.084,0.0
2025/2026,Bayelsa,SS,tropical,2394725,4,2025-07-21,2025,30,264,7,0,11.024,0.292,0.0
2025/2026,Bayelsa,SS,tropical,2394725,5,2025-07-28,2025,31,163,2,0,6.807,0.084,0.0
2025/2026,Bayelsa,SS,tropical,2394725,6,2025-08-04,2025,32,280,0,0,11.692,0.0,0.0
2025/2026,Bayelsa,SS,tropical,2394725,7,2025-08-11,2025,33,156,3,0,6.514,0.125,0.0
2025/2026,Bayelsa,SS,tropical,2394725,8,2025-08-18,2025,34,374,4,1,15.618,0.167,0.042
2025/2026,Bayelsa,SS,tropical,2394725,9,2025-08-25,2025,35,365,8,0,15.242,0.334,0.0
2025/2026,Bayelsa,SS,tropical,2394725,10,2025-09-01,2025,36,980,12,0,40.923,0.501,0.0
2025/2026,Bayelsa,SS,tropical,2394725,11,2025-09-08,2025,37,2753,44,4,114.961,1.837,0.167
2025/2026,Bayelsa,SS,tropical,2394725,12,2025-09-15,2025,38,5950,84,10,248.463,3.508,0.418
2025/2026,Bayelsa,SS,tropical,2394725,13,2025-09-22,2025,39,16497,219,26,688.889,9.145,1.086
2025/2026,Bayelsa,SS,tropical,2394725,14,2025-09-29,2025,40,32055,330,44,1338.567,13.78,1.837
2025/2026,Bayelsa,SS,tropical,2394725,15,2025-10-06,2025,41,48473,1312,66,2024.157,54.787,2.756
2025/2026,Bayelsa,SS,tropical,2394725,16,2025-10-13,2025,42,23145,554,93,966.499,23.134,3.884
2025/2026,Bayelsa,SS,tropical,2394725,17,2025-10-20,2025,43,23876,405,55,997.025,16.912,2.297
2025/2026,Bayelsa,SS,tropical,2394725,18,2025-10-27,2025,44,9681,214,23,404.264,8.936,0.96
2025/2026,Bayelsa,SS,tropical,2394725,19,2025-11-03,2025,45,1716,33,9,71.657,1.378,0.376
2025/2026,Bayelsa,SS,tropical,2394725,20,2025-11-10,2025,46,348,11,0,14.532,0.459,0.0
2025/2026,Bayelsa,SS,tropical,2394725,21,2025-11-17,2025,47,530,6,0,22.132,0.251,0.0
2025/2026,Bayelsa,SS,tropical,2394725,22,2025-11-24,2025,48,650,6,0,27.143,0.251,0.0
2025/2026,Bayelsa,SS,tropical,2394725,23,2025-12-01,2025,49,1329,18,0,55.497,0.752,0.0
2025/2026,Bayelsa,SS,tropical,2394725,24,2025-12-08,2025,50,1873,20,3,78.214,0.835,0.125
2025/2026,Bayelsa,SS,tropical,2394725,25,2025-12-15,2025,51,2722,69,3,113.666,2.881,0.125
2025/2026,Bayelsa,SS,tropical,2394725,26,2025-12-22,2025,52,9688,55,9,404.556,2.297,0.376
2025/2026,Bayelsa,SS,tropical,2394725,27,2025-12-29,2026,1,5164,122,7,215.641,5.095,0.292
2025/2026,Bayelsa,SS,tropical,2394725,28,2026-01-05,2026,2,5467,65,11,228.293,2.714,0.459
2025/2026,Bayelsa,SS,tropical,2394725,29,2026-01-12,2026,3,1713,32,5,71.532,1.336,0.209
2025/2026,Bayelsa,SS,tropical,2394725,30,2026-01-19,2026,4,971,13,1,40.547,0.543,0.042
2025/2026,Bayelsa,SS,tropical,2394725,31,2026-01-26,2026,5,293,13,0,12.235,0.543,0.0
2025/2026,Bayelsa,SS,tropical,2394725,32,2026-02-02,2026,6,268,5,1,11.191,0.209,0.042
2025/2026,Bayelsa,SS,tropical,2394725,33,2026-02-09,2026,7,190,7,0,7.934,0.292,0.0
2025/2026,Bayelsa,SS,tropical,2394725,34,2026-02-16,2026,8,350,2,0,14.615,0.084,0.0
2025/2026,Bayelsa,SS,tropical,2394725,35,2026-02-23,2026,9,193,2,0,8.059,0.084,0.0
2025/2026,Bayelsa,SS,tropical,2394725,36,2026-03-02,2026,10,191,5,0,7.976,0.209,0.0
2025/2026,Bayelsa,SS,tropical,2394725,37,2026-03-09,2026,11,206,7,0,8.602,0.292,0.0
2025/2026,Bayelsa,SS,tropical,2394725,38,2026-03-16,2026,12,180,2,0,7.517,0.084,0.0
2025/2026,Bayelsa,SS,tropical,2394725,39,2026-03-23,2026,13,232,0,0,9.688,0.0,0.0
2025/2026,Bayelsa,SS,tropical,2394725,40,2026-03-30,2026,14,263,1,0,10.982,0.042,0.0
2025/2026,Bayelsa,SS,tropical,2394725,41,2026-04-06,2026,15,203,3,0,8.477,0.125,0.0
2025/2026,Bayelsa,SS,tropical,2394725,42,2026-04-13,2026,16,118,2,1,4.927,0.084,0.042
2025/2026,Bayelsa,SS,tropical,2394725,43,2026-04-20,2026,17,232,2,0,9.688,0.084,0.0
2025/2026,Bayelsa,SS,tropical,2394725,44,2026-04-27,2026,18,301,3,0,12.569,0.125,0.0
2025/2026,Bayelsa,SS,tropical,2394725,45,2026-05-04,2026,19,286,4,0,11.943,0.167,0.0
2025/2026,Bayelsa,SS,tropical,2394725,46,2026-05-11,2026,20,188,0,0,7.851,0.0,0.0
2025/2026,Bayelsa,SS,tropical,2394725,47,2026-05-18,2026,21,180,7,0,7.517,0.292,0.0
2025/2026,Bayelsa,SS,tropical,2394725,48,2026-05-25,2026,22,221,4,0,9.229,0.167,0.0
2025/2026,Bayelsa,SS,tropical,2394725,49,2026-06-01,2026,23,172,3,2,7.182,0.125,0.084
2025/2026,Bayelsa,SS,tropical,2394725,50,2026-06-08,2026,24,186,5,0,7.767,0.209,0.0
2025/2026,Bayelsa,SS,tropical,2394725,51,2026-06-15,2026,25,173,1,0,7.224,0.042,0.0
2025/2026,Bayelsa,SS,tropical,2394725,52,2026-06-22,2026,26,237,6,0,9.897,0.251,0.0
