season,location,location_type,quantity,reference_date,probability
2026/2027,Nigeria,national,P(peak in season weeks 1-4),2026-06-28,0.0
2026/2027,Nigeria,national,P(peak in season weeks 5-8),2026-07-26,0.0035
2026/2027,Nigeria,national,P(peak in season weeks 9-12),2026-08-23,0.0025
2026/2027,Nigeria,national,P(peak in season weeks 13-16),2026-09-20,0.922
2026/2027,Nigeria,national,P(peak in season weeks 17-20),2026-10-18,0.046
2026/2027,Nigeria,national,P(peak in season weeks 21-24),2026-11-15,0.015
2026/2027,Nigeria,national,P(peak in season weeks 25-28),2026-12-13,0.009
2026/2027,Nigeria,national,P(peak in season weeks 29-32),2027-01-10,0.002
2026/2027,Nigeria,national,P(peak in season weeks 33-36),2027-02-07,0.0
2026/2027,Nigeria,national,P(peak in season weeks 37-40),2027-03-07,0.0
2026/2027,Nigeria,national,P(peak in season weeks 41-44),2027-04-04,0.0
2026/2027,Nigeria,national,P(peak in season weeks 45-48),2027-05-02,0.0
2026/2027,Nigeria,national,P(peak in season weeks 49-52),2027-05-30,0.0
2026/2027,Nigeria,national,P(increase) week 1->2,2026-07-05,0.0
2026/2027,Nigeria,national,P(decrease) week 1->2,2026-07-05,1.0
2026/2027,Nigeria,national,P(increase) week 2->3,2026-07-12,0.527
2026/2027,Nigeria,national,P(decrease) week 2->3,2026-07-12,0.473
2026/2027,Nigeria,national,P(increase) week 3->4,2026-07-19,0.515
2026/2027,Nigeria,national,P(decrease) week 3->4,2026-07-19,0.485
2026/2027,Nigeria,national,P(increase) week 4->5,2026-07-26,0.654
2026/2027,Nigeria,national,P(decrease) week 4->5,2026-07-26,0.346
2026/2027,Nigeria,national,P(increase) week 5->6,2026-08-02,0.6305
2026/2027,Nigeria,national,P(decrease) week 5->6,2026-08-02,0.3695
2026/2027,Nigeria,national,P(increase) week 6->7,2026-08-09,0.8515
2026/2027,Nigeria,national,P(decrease) week 6->7,2026-08-09,0.1485
2026/2027,Nigeria,national,P(increase) week 7->8,2026-08-16,0.9175
2026/2027,Nigeria,national,P(decrease) week 7->8,2026-08-16,0.0825
2026/2027,Nigeria,national,P(increase) week 8->9,2026-08-23,0.972
2026/2027,Nigeria,national,P(decrease) week 8->9,2026-08-23,0.028
2026/2027,Nigeria,national,P(increase) week 9->10,2026-08-30,0.9865
2026/2027,Nigeria,national,P(decrease) week 9->10,2026-08-30,0.0135
2026/2027,Nigeria,national,P(increase) week 10->11,2026-09-06,0.995
2026/2027,Nigeria,national,P(decrease) week 10->11,2026-09-06,0.005
2026/2027,Nigeria,national,P(increase) week 11->12,2026-09-13,0.9935
2026/2027,Nigeria,national,P(decrease) week 11->12,2026-09-13,0.0065
2026/2027,Nigeria,national,P(increase) week 12->13,2026-09-20,0.9965
2026/2027,Nigeria,national,P(decrease) week 12->13,2026-09-20,0.0035
2026/2027,Nigeria,national,P(increase) week 13->14,2026-09-27,0.9875
2026/2027,Nigeria,national,P(decrease) week 13->14,2026-09-27,0.0125
2026/2027,Nigeria,national,P(increase) week 14->15,2026-10-04,0.93
2026/2027,Nigeria,national,P(decrease) week 14->15,2026-10-04,0.07
2026/2027,Nigeria,national,P(increase) week 15->16,2026-10-11,0.4585
2026/2027,Nigeria,national,P(decrease) week 15->16,2026-10-11,0.5415
2026/2027,Nigeria,national,P(increase) week 16->17,2026-10-18,0.063
2026/2027,Nigeria,national,P(decrease) week 16->17,2026-10-18,0.937
2026/2027,Nigeria,national,P(increase) week 17->18,2026-10-25,0.0285
2026/2027,Nigeria,national,P(decrease) week 17->18,2026-10-25,0.9715
2026/2027,Nigeria,national,P(increase) week 18->19,2026-11-01,0.0145
2026/2027,Nigeria,national,P(decrease) week 18->19,2026-11-01,0.9855
2026/2027,Nigeria,national,P(increase) week 19->20,2026-11-08,0.0115
2026/2027,Nigeria,national,P(decrease) week 19->20,2026-11-08,0.9885
2026/2027,Nigeria,national,P(increase) week 20->21,2026-11-15,0.0135
2026/2027,Nigeria,national,P(decrease) week 20->21,2026-11-15,0.9865
2026/2027,Nigeria,national,P(increase) week 21->22,2026-11-22,0.427
2026/2027,Nigeria,national,P(decrease) week 21->22,2026-11-22,0.573
2026/2027,Nigeria,national,P(increase) week 22->23,2026-11-29,0.757
2026/2027,Nigeria,national,P(decrease) week 22->23,2026-11-29,0.243
2026/2027,Nigeria,national,P(increase) week 23->24,2026-12-06,0.981
2026/2027,Nigeria,national,P(decrease) week 23->24,2026-12-06,0.019
2026/2027,Nigeria,national,P(increase) week 24->25,2026-12-13,0.9775
2026/2027,Nigeria,national,P(decrease) week 24->25,2026-12-13,0.0225
2026/2027,Nigeria,national,P(increase) week 25->26,2026-12-20,0.963
2026/2027,Nigeria,national,P(decrease) week 25->26,2026-12-20,0.037
2026/2027,Nigeria,national,P(increase) week 26->27,2026-12-27,0.774
2026/2027,Nigeria,national,P(decrease) week 26->27,2026-12-27,0.226
2026/2027,Nigeria,national,P(increase) week 27->28,2027-01-03,0.4165
2026/2027,Nigeria,national,P(decrease) week 27->28,2027-01-03,0.5835
2026/2027,Nigeria,national,P(increase) week 28->29,2027-01-10,0.088
2026/2027,Nigeria,national,P(decrease) week 28->29,2027-01-10,0.912
2026/2027,Nigeria,national,P(increase) week 29->30,2027-01-17,0.0045
2026/2027,Nigeria,national,P(decrease) week 29->30,2027-01-17,0.9955
2026/2027,Nigeria,national,P(increase) week 30->31,2027-01-24,0.0025
2026/2027,Nigeria,national,P(decrease) week 30->31,2027-01-24,0.9975
2026/2027,Nigeria,national,P(increase) week 31->32,2027-01-31,0.0105
2026/2027,Nigeria,national,P(decrease) week 31->32,2027-01-31,0.9895
2026/2027,Nigeria,national,P(increase) week 32->33,2027-02-07,0.0265
2026/2027,Nigeria,national,P(decrease) week 32->33,2027-02-07,0.9735
2026/2027,Nigeria,national,P(increase) week 33->34,2027-02-14,0.0915
2026/2027,Nigeria,national,P(decrease) week 33->34,2027-02-14,0.9085
2026/2027,Nigeria,national,P(increase) week 34->35,2027-02-21,0.249
2026/2027,Nigeria,national,P(decrease) week 34->35,2027-02-21,0.751
2026/2027,Nigeria,national,P(increase) week 35->36,2027-02-28,0.501
2026/2027,Nigeria,national,P(decrease) week 35->36,2027-02-28,0.499
2026/2027,Nigeria,national,P(increase) week 36->37,2027-03-07,0.5655
2026/2027,Nigeria,national,P(decrease) week 36->37,2027-03-07,0.4345
2026/2027,Nigeria,national,P(increase) week 37->38,2027-03-14,0.5435
2026/2027,Nigeria,national,P(decrease) week 37->38,2027-03-14,0.4565
2026/2027,Nigeria,national,P(increase) week 38->39,2027-03-21,0.447
2026/2027,Nigeria,national,P(decrease) week 38->39,2027-03-21,0.553
2026/2027,Nigeria,national,P(increase) week 39->40,2027-03-28,0.4605
2026/2027,Nigeria,national,P(decrease) week 39->40,2027-03-28,0.5395
2026/2027,Nigeria,national,P(increase) week 40->41,2027-04-04,0.391
2026/2027,Nigeria,national,P(decrease) week 40->41,2027-04-04,0.609
2026/2027,Nigeria,national,P(increase) week 41->42,2027-04-11,0.505
2026/2027,Nigeria,national,P(decrease) week 41->42,2027-04-11,0.495
2026/2027,Nigeria,national,P(increase) week 42->43,2027-04-18,0.307
2026/2027,Nigeria,national,P(decrease) week 42->43,2027-04-18,0.693
2026/2027,Nigeria,national,P(increase) week 43->44,2027-04-25,0.5625
2026/2027,Nigeria,national,P(decrease) week 43->44,2027-04-25,0.4375
2026/2027,Nigeria,national,P(increase) week 44->45,2027-05-02,0.4755
2026/2027,Nigeria,national,P(decrease) week 44->45,2027-05-02,0.5245
2026/2027,Nigeria,national,P(increase) week 45->46,2027-05-09,0.614
2026/2027,Nigeria,national,P(decrease) week 45->46,2027-05-09,0.386
2026/2027,Nigeria,national,P(increase) week 46->47,2027-05-16,0.472
2026/2027,Nigeria,national,P(decrease) week 46->47,2027-05-16,0.528
2026/2027,Nigeria,national,P(increase) week 47->48,2027-05-23,0.522
2026/2027,Nigeria,national,P(decrease) week 47->48,2027-05-23,0.478
2026/2027,Nigeria,national,P(increase) week 48->49,2027-05-30,0.481
2026/2027,Nigeria,national,P(decrease) week 48->49,2027-05-30,0.519
2026/2027,Nigeria,national,P(increase) week 49->50,2027-06-06,0.439
2026/2027,Nigeria,national,P(decrease) week 49->50,2027-06-06,0.561
2026/2027,Nigeria,national,P(increase) week 50->51,2027-06-13,0.4485
2026/2027,Nigeria,national,P(decrease) week 50->51,2027-06-13,0.5515
2026/2027,Nigeria,national,P(increase) week 51->52,2027-06-20,0.4675
2026/2027,Nigeria,national,P(decrease) week 51->52,2027-06-20,0.5325
2026/2027,North,region,P(peak in season weeks 1-4),2026-06-28,0.0
2026/2027,North,region,P(peak in season weeks 5-8),2026-07-26,0.003
2026/2027,North,region,P(peak in season weeks 9-12),2026-08-23,0.0005
2026/2027,North,region,P(peak in season weeks 13-16),2026-09-20,0.363
2026/2027,North,region,P(peak in season weeks 17-20),2026-10-18,0.5755
2026/2027,North,region,P(peak in season weeks 21-24),2026-11-15,0.0115
2026/2027,North,region,P(peak in season weeks 25-28),2026-12-13,0.0415
2026/2027,North,region,P(peak in season weeks 29-32),2027-01-10,0.005
2026/2027,North,region,P(peak in season weeks 33-36),2027-02-07,0.0
2026/2027,North,region,P(peak in season weeks 37-40),2027-03-07,0.0
2026/2027,North,region,P(peak in season weeks 41-44),2027-04-04,0.0
2026/2027,North,region,P(peak in season weeks 45-48),2027-05-02,0.0
2026/2027,North,region,P(peak in season weeks 49-52),2027-05-30,0.0
2026/2027,North,region,P(increase) week 1->2,2026-07-05,0.0
2026/2027,North,region,P(decrease) week 1->2,2026-07-05,1.0
2026/2027,North,region,P(increase) week 2->3,2026-07-12,0.5295
2026/2027,North,region,P(decrease) week 2->3,2026-07-12,0.4705
2026/2027,North,region,P(increase) week 3->4,2026-07-19,0.5455
2026/2027,North,region,P(decrease) week 3->4,2026-07-19,0.4545
2026/2027,North,region,P(increase) week 4->5,2026-07-26,0.538
2026/2027,North,region,P(decrease) week 4->5,2026-07-26,0.462
2026/2027,North,region,P(increase) week 5->6,2026-08-02,0.514
2026/2027,North,region,P(decrease) week 5->6,2026-08-02,0.486
2026/2027,North,region,P(increase) week 6->7,2026-08-09,0.636
2026/2027,North,region,P(decrease) week 6->7,2026-08-09,0.364
2026/2027,North,region,P(increase) week 7->8,2026-08-16,0.761
2026/2027,North,region,P(decrease) week 7->8,2026-08-16,0.239
2026/2027,North,region,P(increase) week 8->9,2026-08-23,0.87
2026/2027,North,region,P(decrease) week 8->9,2026-08-23,0.13
2026/2027,North,region,P(increase) week 9->10,2026-08-30,0.89
2026/2027,North,region,P(decrease) week 9->10,2026-08-30,0.11
2026/2027,North,region,P(increase) week 10->11,2026-09-06,0.972
2026/2027,North,region,P(decrease) week 10->11,2026-09-06,0.028
2026/2027,North,region,P(increase) week 11->12,2026-09-13,0.99
2026/2027,North,region,P(decrease) week 11->12,2026-09-13,0.01
2026/2027,North,region,P(increase) week 12->13,2026-09-20,0.9985
2026/2027,North,region,P(decrease) week 12->13,2026-09-20,0.0015
2026/2027,North,region,P(increase) week 13->14,2026-09-27,1.0
2026/2027,North,region,P(decrease) week 13->14,2026-09-27,0.0
2026/2027,North,region,P(increase) week 14->15,2026-10-04,0.973
2026/2027,North,region,P(decrease) week 14->15,2026-10-04,0.027
2026/2027,North,region,P(increase) week 15->16,2026-10-11,0.8795
2026/2027,North,region,P(decrease) week 15->16,2026-10-11,0.1205
2026/2027,North,region,P(increase) week 16->17,2026-10-18,0.604
2026/2027,North,region,P(decrease) week 16->17,2026-10-18,0.396
2026/2027,North,region,P(increase) week 17->18,2026-10-25,0.1735
2026/2027,North,region,P(decrease) week 17->18,2026-10-25,0.8265
2026/2027,North,region,P(increase) week 18->19,2026-11-01,0.0225
2026/2027,North,region,P(decrease) week 18->19,2026-11-01,0.9775
2026/2027,North,region,P(increase) week 19->20,2026-11-08,0.014
2026/2027,North,region,P(decrease) week 19->20,2026-11-08,0.986
2026/2027,North,region,P(increase) week 20->21,2026-11-15,0.011
2026/2027,North,region,P(decrease) week 20->21,2026-11-15,0.989
2026/2027,North,region,P(increase) week 21->22,2026-11-22,0.297
2026/2027,North,region,P(decrease) week 21->22,2026-11-22,0.703
2026/2027,North,region,P(increase) week 22->23,2026-11-29,0.707
2026/2027,North,region,P(decrease) week 22->23,2026-11-29,0.293
2026/2027,North,region,P(increase) week 23->24,2026-12-06,0.9755
2026/2027,North,region,P(decrease) week 23->24,2026-12-06,0.0245
2026/2027,North,region,P(increase) week 24->25,2026-12-13,0.978
2026/2027,North,region,P(decrease) week 24->25,2026-12-13,0.022
2026/2027,North,region,P(increase) week 25->26,2026-12-20,0.963
2026/2027,North,region,P(decrease) week 25->26,2026-12-20,0.037
2026/2027,North,region,P(increase) week 26->27,2026-12-27,0.773
2026/2027,North,region,P(decrease) week 26->27,2026-12-27,0.227
2026/2027,North,region,P(increase) week 27->28,2027-01-03,0.4345
2026/2027,North,region,P(decrease) week 27->28,2027-01-03,0.5655
2026/2027,North,region,P(increase) week 28->29,2027-01-10,0.0925
2026/2027,North,region,P(decrease) week 28->29,2027-01-10,0.9075
2026/2027,North,region,P(increase) week 29->30,2027-01-17,0.0045
2026/2027,North,region,P(decrease) week 29->30,2027-01-17,0.9955
2026/2027,North,region,P(increase) week 30->31,2027-01-24,0.002
2026/2027,North,region,P(decrease) week 30->31,2027-01-24,0.998
2026/2027,North,region,P(increase) week 31->32,2027-01-31,0.01
2026/2027,North,region,P(decrease) week 31->32,2027-01-31,0.99
2026/2027,North,region,P(increase) week 32->33,2027-02-07,0.035
2026/2027,North,region,P(decrease) week 32->33,2027-02-07,0.965
2026/2027,North,region,P(increase) week 33->34,2027-02-14,0.1335
2026/2027,North,region,P(decrease) week 33->34,2027-02-14,0.8665
2026/2027,North,region,P(increase) week 34->35,2027-02-21,0.263
2026/2027,North,region,P(decrease) week 34->35,2027-02-21,0.737
2026/2027,North,region,P(increase) week 35->36,2027-02-28,0.458
2026/2027,North,region,P(decrease) week 35->36,2027-02-28,0.542
2026/2027,North,region,P(increase) week 36->37,2027-03-07,0.6045
2026/2027,North,region,P(decrease) week 36->37,2027-03-07,0.3955
2026/2027,North,region,P(increase) week 37->38,2027-03-14,0.556
2026/2027,North,region,P(decrease) week 37->38,2027-03-14,0.444
2026/2027,North,region,P(increase) week 38->39,2027-03-21,0.4735
2026/2027,North,region,P(decrease) week 38->39,2027-03-21,0.5265
2026/2027,North,region,P(increase) week 39->40,2027-03-28,0.348
2026/2027,North,region,P(decrease) week 39->40,2027-03-28,0.652
2026/2027,North,region,P(increase) week 40->41,2027-04-04,0.431
2026/2027,North,region,P(decrease) week 40->41,2027-04-04,0.569
2026/2027,North,region,P(increase) week 41->42,2027-04-11,0.4565
2026/2027,North,region,P(decrease) week 41->42,2027-04-11,0.5435
2026/2027,North,region,P(increase) week 42->43,2027-04-18,0.404
2026/2027,North,region,P(decrease) week 42->43,2027-04-18,0.596
2026/2027,North,region,P(increase) week 43->44,2027-04-25,0.593
2026/2027,North,region,P(decrease) week 43->44,2027-04-25,0.407
2026/2027,North,region,P(increase) week 44->45,2027-05-02,0.516
2026/2027,North,region,P(decrease) week 44->45,2027-05-02,0.484
2026/2027,North,region,P(increase) week 45->46,2027-05-09,0.6075
2026/2027,North,region,P(decrease) week 45->46,2027-05-09,0.3925
2026/2027,North,region,P(increase) week 46->47,2027-05-16,0.52
2026/2027,North,region,P(decrease) week 46->47,2027-05-16,0.48
2026/2027,North,region,P(increase) week 47->48,2027-05-23,0.5095
2026/2027,North,region,P(decrease) week 47->48,2027-05-23,0.4905
2026/2027,North,region,P(increase) week 48->49,2027-05-30,0.4455
2026/2027,North,region,P(decrease) week 48->49,2027-05-30,0.5545
2026/2027,North,region,P(increase) week 49->50,2027-06-06,0.4365
2026/2027,North,region,P(decrease) week 49->50,2027-06-06,0.5635
2026/2027,North,region,P(increase) week 50->51,2027-06-13,0.459
2026/2027,North,region,P(decrease) week 50->51,2027-06-13,0.541
2026/2027,North,region,P(increase) week 51->52,2027-06-20,0.49
2026/2027,North,region,P(decrease) week 51->52,2027-06-20,0.51
2026/2027,South,region,P(peak in season weeks 1-4),2026-06-28,0.0
2026/2027,South,region,P(peak in season weeks 5-8),2026-07-26,0.0035
2026/2027,South,region,P(peak in season weeks 9-12),2026-08-23,0.004
2026/2027,South,region,P(peak in season weeks 13-16),2026-09-20,0.971
2026/2027,South,region,P(peak in season weeks 17-20),2026-10-18,0.004
2026/2027,South,region,P(peak in season weeks 21-24),2026-11-15,0.013
2026/2027,South,region,P(peak in season weeks 25-28),2026-12-13,0.0045
2026/2027,South,region,P(peak in season weeks 29-32),2027-01-10,0.0
2026/2027,South,region,P(peak in season weeks 33-36),2027-02-07,0.0
2026/2027,South,region,P(peak in season weeks 37-40),2027-03-07,0.0
2026/2027,South,region,P(peak in season weeks 41-44),2027-04-04,0.0
2026/2027,South,region,P(peak in season weeks 45-48),2027-05-02,0.0
2026/2027,South,region,P(peak in season weeks 49-52),2027-05-30,0.0
2026/2027,South,region,P(increase) week 1->2,2026-07-05,0.0
2026/2027,South,region,P(decrease) week 1->2,2026-07-05,1.0
2026/2027,South,region,P(increase) week 2->3,2026-07-12,0.4675
2026/2027,South,region,P(decrease) week 2->3,2026-07-12,0.5325
2026/2027,South,region,P(increase) week 3->4,2026-07-19,0.466
2026/2027,South,region,P(decrease) week 3->4,2026-07-19,0.534
2026/2027,South,region,P(increase) week 4->5,2026-07-26,0.695
2026/2027,South,region,P(decrease) week 4->5,2026-07-26,0.305
2026/2027,South,region,P(increase) week 5->6,2026-08-02,0.7135
2026/2027,South,region,P(decrease) week 5->6,2026-08-02,0.2865
2026/2027,South,region,P(increase) week 6->7,2026-08-09,0.8825
2026/2027,South,region,P(decrease) week 6->7,2026-08-09,0.1175
2026/2027,South,region,P(increase) week 7->8,2026-08-16,0.947
2026/2027,South,region,P(decrease) week 7->8,2026-08-16,0.053
2026/2027,South,region,P(increase) week 8->9,2026-08-23,0.988
2026/2027,South,region,P(decrease) week 8->9,2026-08-23,0.012
2026/2027,South,region,P(increase) week 9->10,2026-08-30,0.9955
2026/2027,South,region,P(decrease) week 9->10,2026-08-30,0.0045
2026/2027,South,region,P(increase) week 10->11,2026-09-06,0.996
2026/2027,South,region,P(decrease) week 10->11,2026-09-06,0.004
2026/2027,South,region,P(increase) week 11->12,2026-09-13,0.9935
2026/2027,South,region,P(decrease) week 11->12,2026-09-13,0.0065
2026/2027,South,region,P(increase) week 12->13,2026-09-20,0.9965
2026/2027,South,region,P(decrease) week 12->13,2026-09-20,0.0035
2026/2027,South,region,P(increase) week 13->14,2026-09-27,0.927
2026/2027,South,region,P(decrease) week 13->14,2026-09-27,0.073
2026/2027,South,region,P(increase) week 14->15,2026-10-04,0.6015
2026/2027,South,region,P(decrease) week 14->15,2026-10-04,0.3985
2026/2027,South,region,P(increase) week 15->16,2026-10-11,0.2145
2026/2027,South,region,P(decrease) week 15->16,2026-10-11,0.7855
2026/2027,South,region,P(increase) week 16->17,2026-10-18,0.0065
2026/2027,South,region,P(decrease) week 16->17,2026-10-18,0.9935
2026/2027,South,region,P(increase) week 17->18,2026-10-25,0.0005
2026/2027,South,region,P(decrease) week 17->18,2026-10-25,0.9995
2026/2027,South,region,P(increase) week 18->19,2026-11-01,0.0
2026/2027,South,region,P(decrease) week 18->19,2026-11-01,1.0
2026/2027,South,region,P(increase) week 19->20,2026-11-08,0.007
2026/2027,South,region,P(decrease) week 19->20,2026-11-08,0.993
2026/2027,South,region,P(increase) week 20->21,2026-11-15,0.602
2026/2027,South,region,P(decrease) week 20->21,2026-11-15,0.398
2026/2027,South,region,P(increase) week 21->22,2026-11-22,0.849
2026/2027,South,region,P(decrease) week 21->22,2026-11-22,0.151
2026/2027,South,region,P(increase) week 22->23,2026-11-29,0.979
2026/2027,South,region,P(decrease) week 22->23,2026-11-29,0.021
2026/2027,South,region,P(increase) week 23->24,2026-12-06,0.9855
2026/2027,South,region,P(decrease) week 23->24,2026-12-06,0.0145
2026/2027,South,region,P(increase) week 24->25,2026-12-13,0.973
2026/2027,South,region,P(decrease) week 24->25,2026-12-13,0.027
2026/2027,South,region,P(increase) week 25->26,2026-12-20,0.9615
2026/2027,South,region,P(decrease) week 25->26,2026-12-20,0.0385
2026/2027,South,region,P(increase) week 26->27,2026-12-27,0.799
2026/2027,South,region,P(decrease) week 26->27,2026-12-27,0.201
2026/2027,South,region,P(increase) week 27->28,2027-01-03,0.299
2026/2027,South,region,P(decrease) week 27->28,2027-01-03,0.701
2026/2027,South,region,P(increase) week 28->29,2027-01-10,0.096
2026/2027,South,region,P(decrease) week 28->29,2027-01-10,0.904
2026/2027,South,region,P(increase) week 29->30,2027-01-17,0.0045
2026/2027,South,region,P(decrease) week 29->30,2027-01-17,0.9955
2026/2027,South,region,P(increase) week 30->31,2027-01-24,0.0025
2026/2027,South,region,P(decrease) week 30->31,2027-01-24,0.9975
2026/2027,South,region,P(increase) week 31->32,2027-01-31,0.0175
2026/2027,South,region,P(decrease) week 31->32,2027-01-31,0.9825
2026/2027,South,region,P(increase) week 32->33,2027-02-07,0.0445
2026/2027,South,region,P(decrease) week 32->33,2027-02-07,0.9555
2026/2027,South,region,P(increase) week 33->34,2027-02-14,0.175
2026/2027,South,region,P(decrease) week 33->34,2027-02-14,0.825
2026/2027,South,region,P(increase) week 34->35,2027-02-21,0.307
2026/2027,South,region,P(decrease) week 34->35,2027-02-21,0.693
2026/2027,South,region,P(increase) week 35->36,2027-02-28,0.4315
2026/2027,South,region,P(decrease) week 35->36,2027-02-28,0.5685
2026/2027,South,region,P(increase) week 36->37,2027-03-07,0.412
2026/2027,South,region,P(decrease) week 36->37,2027-03-07,0.588
2026/2027,South,region,P(increase) week 37->38,2027-03-14,0.4925
2026/2027,South,region,P(decrease) week 37->38,2027-03-14,0.5075
2026/2027,South,region,P(increase) week 38->39,2027-03-21,0.443
2026/2027,South,region,P(decrease) week 38->39,2027-03-21,0.557
2026/2027,South,region,P(increase) week 39->40,2027-03-28,0.641
2026/2027,South,region,P(decrease) week 39->40,2027-03-28,0.359
2026/2027,South,region,P(increase) week 40->41,2027-04-04,0.4355
2026/2027,South,region,P(decrease) week 40->41,2027-04-04,0.5645
2026/2027,South,region,P(increase) week 41->42,2027-04-11,0.592
2026/2027,South,region,P(decrease) week 41->42,2027-04-11,0.408
2026/2027,South,region,P(increase) week 42->43,2027-04-18,0.313
2026/2027,South,region,P(decrease) week 42->43,2027-04-18,0.687
2026/2027,South,region,P(increase) week 43->44,2027-04-25,0.558
2026/2027,South,region,P(decrease) week 43->44,2027-04-25,0.442
2026/2027,South,region,P(increase) week 44->45,2027-05-02,0.444
2026/2027,South,region,P(decrease) week 44->45,2027-05-02,0.556
2026/2027,South,region,P(increase) week 45->46,2027-05-09,0.589
2026/2027,South,region,P(decrease) week 45->46,2027-05-09,0.411
2026/2027,South,region,P(increase) week 46->47,2027-05-16,0.421
2026/2027,South,region,P(decrease) week 46->47,2027-05-16,0.579
2026/2027,South,region,P(increase) week 47->48,2027-05-23,0.561
2026/2027,South,region,P(decrease) week 47->48,2027-05-23,0.439
2026/2027,South,region,P(increase) week 48->49,2027-05-30,0.548
2026/2027,South,region,P(decrease) week 48->49,2027-05-30,0.452
2026/2027,South,region,P(increase) week 49->50,2027-06-06,0.4995
2026/2027,South,region,P(decrease) week 49->50,2027-06-06,0.5005
2026/2027,South,region,P(increase) week 50->51,2027-06-13,0.452
2026/2027,South,region,P(decrease) week 50->51,2027-06-13,0.548
2026/2027,South,region,P(increase) week 51->52,2027-06-20,0.482
2026/2027,South,region,P(decrease) week 51->52,2027-06-20,0.518
2026/2027,Abia,state,P(peak in season weeks 1-4),2026-06-28,0.0
2026/2027,Abia,state,P(peak in season weeks 5-8),2026-07-26,0.0035
2026/2027,Abia,state,P(peak in season weeks 9-12),2026-08-23,0.006
2026/2027,Abia,state,P(peak in season weeks 13-16),2026-09-20,0.969
2026/2027,Abia,state,P(peak in season weeks 17-20),2026-10-18,0.002
2026/2027,Abia,state,P(peak in season weeks 21-24),2026-11-15,0.012
2026/2027,Abia,state,P(peak in season weeks 25-28),2026-12-13,0.007
2026/2027,Abia,state,P(peak in season weeks 29-32),2027-01-10,0.0005
2026/2027,Abia,state,P(peak in season weeks 33-36),2027-02-07,0.0
2026/2027,Abia,state,P(peak in season weeks 37-40),2027-03-07,0.0
2026/2027,Abia,state,P(peak in season weeks 41-44),2027-04-04,0.0
2026/2027,Abia,state,P(peak in season weeks 45-48),2027-05-02,0.0
2026/2027,Abia,state,P(peak in season weeks 49-52),2027-05-30,0.0
2026/2027,Abia,state,P(increase) week 1->2,2026-07-05,0.0
2026/2027,Abia,state,P(decrease) week 1->2,2026-07-05,1.0
2026/2027,Abia,state,P(increase) week 2->3,2026-07-12,0.5775
2026/2027,Abia,state,P(decrease) week 2->3,2026-07-12,0.4225
2026/2027,Abia,state,P(increase) week 3->4,2026-07-19,0.476
2026/2027,Abia,state,P(decrease) week 3->4,2026-07-19,0.524
2026/2027,Abia,state,P(increase) week 4->5,2026-07-26,0.5165
2026/2027,Abia,state,P(decrease) week 4->5,2026-07-26,0.4825
2026/2027,Abia,state,P(increase) week 5->6,2026-08-02,0.483
2026/2027,Abia,state,P(decrease) week 5->6,2026-08-02,0.517
2026/2027,Abia,state,P(increase) week 6->7,2026-08-09,0.7555
2026/2027,Abia,state,P(decrease) week 6->7,2026-08-09,0.2445
2026/2027,Abia,state,P(increase) week 7->8,2026-08-16,0.794
2026/2027,Abia,state,P(decrease) week 7->8,2026-08-16,0.206
2026/2027,Abia,state,P(increase) week 8->9,2026-08-23,0.9135
2026/2027,Abia,state,P(decrease) week 8->9,2026-08-23,0.0865
2026/2027,Abia,state,P(increase) week 9->10,2026-08-30,0.97
2026/2027,Abia,state,P(decrease) week 9->10,2026-08-30,0.03
2026/2027,Abia,state,P(increase) week 10->11,2026-09-06,0.98
2026/2027,Abia,state,P(decrease) week 10->11,2026-09-06,0.02
2026/2027,Abia,state,P(increase) week 11->12,2026-09-13,0.996
2026/2027,Abia,state,P(decrease) week 11->12,2026-09-13,0.004
2026/2027,Abia,state,P(increase) week 12->13,2026-09-20,0.979
2026/2027,Abia,state,P(decrease) week 12->13,2026-09-20,0.021
2026/2027,Abia,state,P(increase) week 13->14,2026-09-27,0.8865
2026/2027,Abia,state,P(decrease) week 13->14,2026-09-27,0.1135
2026/2027,Abia,state,P(increase) week 14->15,2026-10-04,0.667
2026/2027,Abia,state,P(decrease) week 14->15,2026-10-04,0.333
2026/2027,Abia,state,P(increase) week 15->16,2026-10-11,0.197
2026/2027,Abia,state,P(decrease) week 15->16,2026-10-11,0.803
2026/2027,Abia,state,P(increase) week 16->17,2026-10-18,0.0135
2026/2027,Abia,state,P(decrease) week 16->17,2026-10-18,0.9865
2026/2027,Abia,state,P(increase) week 17->18,2026-10-25,0.0055
2026/2027,Abia,state,P(decrease) week 17->18,2026-10-25,0.9945
2026/2027,Abia,state,P(increase) week 18->19,2026-11-01,0.0
2026/2027,Abia,state,P(decrease) week 18->19,2026-11-01,1.0
2026/2027,Abia,state,P(increase) week 19->20,2026-11-08,0.1145
2026/2027,Abia,state,P(decrease) week 19->20,2026-11-08,0.8855
2026/2027,Abia,state,P(increase) week 20->21,2026-11-15,0.41
2026/2027,Abia,state,P(decrease) week 20->21,2026-11-15,0.59
2026/2027,Abia,state,P(increase) week 21->22,2026-11-22,0.7055
2026/2027,Abia,state,P(decrease) week 21->22,2026-11-22,0.2945
2026/2027,Abia,state,P(increase) week 22->23,2026-11-29,0.9035
2026/2027,Abia,state,P(decrease) week 22->23,2026-11-29,0.0965
2026/2027,Abia,state,P(increase) week 23->24,2026-12-06,0.99
2026/2027,Abia,state,P(decrease) week 23->24,2026-12-06,0.01
2026/2027,Abia,state,P(increase) week 24->25,2026-12-13,0.8645
2026/2027,Abia,state,P(decrease) week 24->25,2026-12-13,0.1355
2026/2027,Abia,state,P(increase) week 25->26,2026-12-20,0.796
2026/2027,Abia,state,P(decrease) week 25->26,2026-12-20,0.204
2026/2027,Abia,state,P(increase) week 26->27,2026-12-27,0.671
2026/2027,Abia,state,P(decrease) week 26->27,2026-12-27,0.329
2026/2027,Abia,state,P(increase) week 27->28,2027-01-03,0.386
2026/2027,Abia,state,P(decrease) week 27->28,2027-01-03,0.614
2026/2027,Abia,state,P(increase) week 28->29,2027-01-10,0.09
2026/2027,Abia,state,P(decrease) week 28->29,2027-01-10,0.91
2026/2027,Abia,state,P(increase) week 29->30,2027-01-17,0.071
2026/2027,Abia,state,P(decrease) week 29->30,2027-01-17,0.929
2026/2027,Abia,state,P(increase) week 30->31,2027-01-24,0.035
2026/2027,Abia,state,P(decrease) week 30->31,2027-01-24,0.965
2026/2027,Abia,state,P(increase) week 31->32,2027-01-31,0.139
2026/2027,Abia,state,P(decrease) week 31->32,2027-01-31,0.861
2026/2027,Abia,state,P(increase) week 32->33,2027-02-07,0.2725
2026/2027,Abia,state,P(decrease) week 32->33,2027-02-07,0.7275
2026/2027,Abia,state,P(increase) week 33->34,2027-02-14,0.297
2026/2027,Abia,state,P(decrease) week 33->34,2027-02-14,0.703
2026/2027,Abia,state,P(increase) week 34->35,2027-02-21,0.3115
2026/2027,Abia,state,P(decrease) week 34->35,2027-02-21,0.6885
2026/2027,Abia,state,P(increase) week 35->36,2027-02-28,0.4935
2026/2027,Abia,state,P(decrease) week 35->36,2027-02-28,0.5065
2026/2027,Abia,state,P(increase) week 36->37,2027-03-07,0.507
2026/2027,Abia,state,P(decrease) week 36->37,2027-03-07,0.493
2026/2027,Abia,state,P(increase) week 37->38,2027-03-14,0.507
2026/2027,Abia,state,P(decrease) week 37->38,2027-03-14,0.493
2026/2027,Abia,state,P(increase) week 38->39,2027-03-21,0.444
2026/2027,Abia,state,P(decrease) week 38->39,2027-03-21,0.556
2026/2027,Abia,state,P(increase) week 39->40,2027-03-28,0.5855
2026/2027,Abia,state,P(decrease) week 39->40,2027-03-28,0.4145
2026/2027,Abia,state,P(increase) week 40->41,2027-04-04,0.501
2026/2027,Abia,state,P(decrease) week 40->41,2027-04-04,0.499
2026/2027,Abia,state,P(increase) week 41->42,2027-04-11,0.485
2026/2027,Abia,state,P(decrease) week 41->42,2027-04-11,0.515
2026/2027,Abia,state,P(increase) week 42->43,2027-04-18,0.394
2026/2027,Abia,state,P(decrease) week 42->43,2027-04-18,0.606
2026/2027,Abia,state,P(increase) week 43->44,2027-04-25,0.519
2026/2027,Abia,state,P(decrease) week 43->44,2027-04-25,0.481
2026/2027,Abia,state,P(increase) week 44->45,2027-05-02,0.546
2026/2027,Abia,state,P(decrease) week 44->45,2027-05-02,0.454
2026/2027,Abia,state,P(increase) week 45->46,2027-05-09,0.4745
2026/2027,Abia,state,P(decrease) week 45->46,2027-05-09,0.5255
2026/2027,Abia,state,P(increase) week 46->47,2027-05-16,0.508
2026/2027,Abia,state,P(decrease) week 46->47,2027-05-16,0.492
2026/2027,Abia,state,P(increase) week 47->48,2027-05-23,0.497
2026/2027,Abia,state,P(decrease) week 47->48,2027-05-23,0.503
2026/2027,Abia,state,P(increase) week 48->49,2027-05-30,0.536
2026/2027,Abia,state,P(decrease) week 48->49,2027-05-30,0.464
2026/2027,Abia,state,P(increase) week 49->50,2027-06-06,0.416
2026/2027,Abia,state,P(decrease) week 49->50,2027-06-06,0.584
2026/2027,Abia,state,P(increase) week 50->51,2027-06-13,0.517
2026/2027,Abia,state,P(decrease) week 50->51,2027-06-13,0.483
2026/2027,Abia,state,P(increase) week 51->52,2027-06-20,0.4705
2026/2027,Abia,state,P(decrease) week 51->52,2027-06-20,0.5295
2026/2027,Adamawa,state,P(peak in season weeks 1-4),2026-06-28,0.0
2026/2027,Adamawa,state,P(peak in season weeks 5-8),2026-07-26,0.0035
2026/2027,Adamawa,state,P(peak in season weeks 9-12),2026-08-23,0.0005
2026/2027,Adamawa,state,P(peak in season weeks 13-16),2026-09-20,0.7375
2026/2027,Adamawa,state,P(peak in season weeks 17-20),2026-10-18,0.22
2026/2027,Adamawa,state,P(peak in season weeks 21-24),2026-11-15,0.017
2026/2027,Adamawa,state,P(peak in season weeks 25-28),2026-12-13,0.0185
2026/2027,Adamawa,state,P(peak in season weeks 29-32),2027-01-10,0.003
2026/2027,Adamawa,state,P(peak in season weeks 33-36),2027-02-07,0.0
2026/2027,Adamawa,state,P(peak in season weeks 37-40),2027-03-07,0.0
2026/2027,Adamawa,state,P(peak in season weeks 41-44),2027-04-04,0.0
2026/2027,Adamawa,state,P(peak in season weeks 45-48),2027-05-02,0.0
2026/2027,Adamawa,state,P(peak in season weeks 49-52),2027-05-30,0.0
2026/2027,Adamawa,state,P(increase) week 1->2,2026-07-05,0.0
2026/2027,Adamawa,state,P(decrease) week 1->2,2026-07-05,1.0
2026/2027,Adamawa,state,P(increase) week 2->3,2026-07-12,0.592
2026/2027,Adamawa,state,P(decrease) week 2->3,2026-07-12,0.408
2026/2027,Adamawa,state,P(increase) week 3->4,2026-07-19,0.5035
2026/2027,Adamawa,state,P(decrease) week 3->4,2026-07-19,0.4965
2026/2027,Adamawa,state,P(increase) week 4->5,2026-07-26,0.482
2026/2027,Adamawa,state,P(decrease) week 4->5,2026-07-26,0.518
2026/2027,Adamawa,state,P(increase) week 5->6,2026-08-02,0.5325
2026/2027,Adamawa,state,P(decrease) week 5->6,2026-08-02,0.4675
2026/2027,Adamawa,state,P(increase) week 6->7,2026-08-09,0.6655
2026/2027,Adamawa,state,P(decrease) week 6->7,2026-08-09,0.3345
2026/2027,Adamawa,state,P(increase) week 7->8,2026-08-16,0.662
2026/2027,Adamawa,state,P(decrease) week 7->8,2026-08-16,0.338
2026/2027,Adamawa,state,P(increase) week 8->9,2026-08-23,0.66
2026/2027,Adamawa,state,P(decrease) week 8->9,2026-08-23,0.34
2026/2027,Adamawa,state,P(increase) week 9->10,2026-08-30,0.7345
2026/2027,Adamawa,state,P(decrease) week 9->10,2026-08-30,0.2655
2026/2027,Adamawa,state,P(increase) week 10->11,2026-09-06,0.925
2026/2027,Adamawa,state,P(decrease) week 10->11,2026-09-06,0.075
2026/2027,Adamawa,state,P(increase) week 11->12,2026-09-13,0.9855
2026/2027,Adamawa,state,P(decrease) week 11->12,2026-09-13,0.0145
2026/2027,Adamawa,state,P(increase) week 12->13,2026-09-20,0.996
2026/2027,Adamawa,state,P(decrease) week 12->13,2026-09-20,0.004
2026/2027,Adamawa,state,P(increase) week 13->14,2026-09-27,0.9795
2026/2027,Adamawa,state,P(decrease) week 13->14,2026-09-27,0.0205
2026/2027,Adamawa,state,P(increase) week 14->15,2026-10-04,0.9385
2026/2027,Adamawa,state,P(decrease) week 14->15,2026-10-04,0.0615
2026/2027,Adamawa,state,P(increase) week 15->16,2026-10-11,0.69
2026/2027,Adamawa,state,P(decrease) week 15->16,2026-10-11,0.31
2026/2027,Adamawa,state,P(increase) week 16->17,2026-10-18,0.2375
2026/2027,Adamawa,state,P(decrease) week 16->17,2026-10-18,0.7625
2026/2027,Adamawa,state,P(increase) week 17->18,2026-10-25,0.047
2026/2027,Adamawa,state,P(decrease) week 17->18,2026-10-25,0.953
2026/2027,Adamawa,state,P(increase) week 18->19,2026-11-01,0.004
2026/2027,Adamawa,state,P(decrease) week 18->19,2026-11-01,0.996
2026/2027,Adamawa,state,P(increase) week 19->20,2026-11-08,0.0025
2026/2027,Adamawa,state,P(decrease) week 19->20,2026-11-08,0.9975
2026/2027,Adamawa,state,P(increase) week 20->21,2026-11-15,0.2815
2026/2027,Adamawa,state,P(decrease) week 20->21,2026-11-15,0.7185
2026/2027,Adamawa,state,P(increase) week 21->22,2026-11-22,0.6705
2026/2027,Adamawa,state,P(decrease) week 21->22,2026-11-22,0.3295
2026/2027,Adamawa,state,P(increase) week 22->23,2026-11-29,0.8135
2026/2027,Adamawa,state,P(decrease) week 22->23,2026-11-29,0.1865
2026/2027,Adamawa,state,P(increase) week 23->24,2026-12-06,0.918
2026/2027,Adamawa,state,P(decrease) week 23->24,2026-12-06,0.082
2026/2027,Adamawa,state,P(increase) week 24->25,2026-12-13,0.913
2026/2027,Adamawa,state,P(decrease) week 24->25,2026-12-13,0.087
2026/2027,Adamawa,state,P(increase) week 25->26,2026-12-20,0.871
2026/2027,Adamawa,state,P(decrease) week 25->26,2026-12-20,0.129
2026/2027,Adamawa,state,P(increase) week 26->27,2026-12-27,0.6455
2026/2027,Adamawa,state,P(decrease) week 26->27,2026-12-27,0.3545
2026/2027,Adamawa,state,P(increase) week 27->28,2027-01-03,0.4055
2026/2027,Adamawa,state,P(decrease) week 27->28,2027-01-03,0.5945
2026/2027,Adamawa,state,P(increase) week 28->29,2027-01-10,0.187
2026/2027,Adamawa,state,P(decrease) week 28->29,2027-01-10,0.813
2026/2027,Adamawa,state,P(increase) week 29->30,2027-01-17,0.0475
2026/2027,Adamawa,state,P(decrease) week 29->30,2027-01-17,0.9525
2026/2027,Adamawa,state,P(increase) week 30->31,2027-01-24,0.018
2026/2027,Adamawa,state,P(decrease) week 30->31,2027-01-24,0.982
2026/2027,Adamawa,state,P(increase) week 31->32,2027-01-31,0.0525
2026/2027,Adamawa,state,P(decrease) week 31->32,2027-01-31,0.9475
2026/2027,Adamawa,state,P(increase) week 32->33,2027-02-07,0.225
2026/2027,Adamawa,state,P(decrease) week 32->33,2027-02-07,0.775
2026/2027,Adamawa,state,P(increase) week 33->34,2027-02-14,0.363
2026/2027,Adamawa,state,P(decrease) week 33->34,2027-02-14,0.637
2026/2027,Adamawa,state,P(increase) week 34->35,2027-02-21,0.364
2026/2027,Adamawa,state,P(decrease) week 34->35,2027-02-21,0.636
2026/2027,Adamawa,state,P(increase) week 35->36,2027-02-28,0.5
2026/2027,Adamawa,state,P(decrease) week 35->36,2027-02-28,0.5
2026/2027,Adamawa,state,P(increase) week 36->37,2027-03-07,0.5095
2026/2027,Adamawa,state,P(decrease) week 36->37,2027-03-07,0.4905
2026/2027,Adamawa,state,P(increase) week 37->38,2027-03-14,0.5415
2026/2027,Adamawa,state,P(decrease) week 37->38,2027-03-14,0.4585
2026/2027,Adamawa,state,P(increase) week 38->39,2027-03-21,0.5305
2026/2027,Adamawa,state,P(decrease) week 38->39,2027-03-21,0.4695
2026/2027,Adamawa,state,P(increase) week 39->40,2027-03-28,0.487
2026/2027,Adamawa,state,P(decrease) week 39->40,2027-03-28,0.513
2026/2027,Adamawa,state,P(increase) week 40->41,2027-04-04,0.4365
2026/2027,Adamawa,state,P(decrease) week 40->41,2027-04-04,0.5635
2026/2027,Adamawa,state,P(increase) week 41->42,2027-04-11,0.533
2026/2027,Adamawa,state,P(decrease) week 41->42,2027-04-11,0.467
2026/2027,Adamawa,state,P(increase) week 42->43,2027-04-18,0.5095
2026/2027,Adamawa,state,P(decrease) week 42->43,2027-04-18,0.4905
2026/2027,Adamawa,state,P(increase) week 43->44,2027-04-25,0.5245
2026/2027,Adamawa,state,P(decrease) week 43->44,2027-04-25,0.4755
2026/2027,Adamawa,state,P(increase) week 44->45,2027-05-02,0.5265
2026/2027,Adamawa,state,P(decrease) week 44->45,2027-05-02,0.4735
2026/2027,Adamawa,state,P(increase) week 45->46,2027-05-09,0.508
2026/2027,Adamawa,state,P(decrease) week 45->46,2027-05-09,0.492
2026/2027,Adamawa,state,P(increase) week 46->47,2027-05-16,0.611
2026/2027,Adamawa,state,P(decrease) week 46->47,2027-05-16,0.389
2026/2027,Adamawa,state,P(increase) week 47->48,2027-05-23,0.4265
2026/2027,Adamawa,state,P(decrease) week 47->48,2027-05-23,0.5735
2026/2027,Adamawa,state,P(increase) week 48->49,2027-05-30,0.551
2026/2027,Adamawa,state,P(decrease) week 48->49,2027-05-30,0.449
2026/2027,Adamawa,state,P(increase) week 49->50,2027-06-06,0.4295
2026/2027,Adamawa,state,P(decrease) week 49->50,2027-06-06,0.5705
2026/2027,Adamawa,state,P(increase) week 50->51,2027-06-13,0.487
2026/2027,Adamawa,state,P(decrease) week 50->51,2027-06-13,0.513
2026/2027,Adamawa,state,P(increase) week 51->52,2027-06-20,0.477
2026/2027,Adamawa,state,P(decrease) week 51->52,2027-06-20,0.523
2026/2027,Akwa Ibom,state,P(peak in season weeks 1-4),2026-06-28,0.0
2026/2027,Akwa Ibom,state,P(peak in season weeks 5-8),2026-07-26,0.0035
2026/2027,Akwa Ibom,state,P(peak in season weeks 9-12),2026-08-23,0.0075
2026/2027,Akwa Ibom,state,P(peak in season weeks 13-16),2026-09-20,0.966
2026/2027,Akwa Ibom,state,P(peak in season weeks 17-20),2026-10-18,0.0045
2026/2027,Akwa Ibom,state,P(peak in season weeks 21-24),2026-11-15,0.0115
2026/2027,Akwa Ibom,state,P(peak in season weeks 25-28),2026-12-13,0.007
2026/2027,Akwa Ibom,state,P(peak in season weeks 29-32),2027-01-10,0.0
2026/2027,Akwa Ibom,state,P(peak in season weeks 33-36),2027-02-07,0.0
2026/2027,Akwa Ibom,state,P(peak in season weeks 37-40),2027-03-07,0.0
2026/2027,Akwa Ibom,state,P(peak in season weeks 41-44),2027-04-04,0.0
2026/2027,Akwa Ibom,state,P(peak in season weeks 45-48),2027-05-02,0.0
2026/2027,Akwa Ibom,state,P(peak in season weeks 49-52),2027-05-30,0.0
2026/2027,Akwa Ibom,state,P(increase) week 1->2,2026-07-05,0.008
2026/2027,Akwa Ibom,state,P(decrease) week 1->2,2026-07-05,0.992
2026/2027,Akwa Ibom,state,P(increase) week 2->3,2026-07-12,0.5065
2026/2027,Akwa Ibom,state,P(decrease) week 2->3,2026-07-12,0.4935
2026/2027,Akwa Ibom,state,P(increase) week 3->4,2026-07-19,0.531
2026/2027,Akwa Ibom,state,P(decrease) week 3->4,2026-07-19,0.469
2026/2027,Akwa Ibom,state,P(increase) week 4->5,2026-07-26,0.575
2026/2027,Akwa Ibom,state,P(decrease) week 4->5,2026-07-26,0.425
2026/2027,Akwa Ibom,state,P(increase) week 5->6,2026-08-02,0.693
2026/2027,Akwa Ibom,state,P(decrease) week 5->6,2026-08-02,0.307
2026/2027,Akwa Ibom,state,P(increase) week 6->7,2026-08-09,0.7205
2026/2027,Akwa Ibom,state,P(decrease) week 6->7,2026-08-09,0.2795
2026/2027,Akwa Ibom,state,P(increase) week 7->8,2026-08-16,0.819
2026/2027,Akwa Ibom,state,P(decrease) week 7->8,2026-08-16,0.181
2026/2027,Akwa Ibom,state,P(increase) week 8->9,2026-08-23,0.86
2026/2027,Akwa Ibom,state,P(decrease) week 8->9,2026-08-23,0.14
2026/2027,Akwa Ibom,state,P(increase) week 9->10,2026-08-30,0.953
2026/2027,Akwa Ibom,state,P(decrease) week 9->10,2026-08-30,0.047
2026/2027,Akwa Ibom,state,P(increase) week 10->11,2026-09-06,0.995
2026/2027,Akwa Ibom,state,P(decrease) week 10->11,2026-09-06,0.005
2026/2027,Akwa Ibom,state,P(increase) week 11->12,2026-09-13,0.9955
2026/2027,Akwa Ibom,state,P(decrease) week 11->12,2026-09-13,0.0045
2026/2027,Akwa Ibom,state,P(increase) week 12->13,2026-09-20,0.981
2026/2027,Akwa Ibom,state,P(decrease) week 12->13,2026-09-20,0.019
2026/2027,Akwa Ibom,state,P(increase) week 13->14,2026-09-27,0.8375
2026/2027,Akwa Ibom,state,P(decrease) week 13->14,2026-09-27,0.1625
2026/2027,Akwa Ibom,state,P(increase) week 14->15,2026-10-04,0.5745
2026/2027,Akwa Ibom,state,P(decrease) week 14->15,2026-10-04,0.4255
2026/2027,Akwa Ibom,state,P(increase) week 15->16,2026-10-11,0.184
2026/2027,Akwa Ibom,state,P(decrease) week 15->16,2026-10-11,0.816
2026/2027,Akwa Ibom,state,P(increase) week 16->17,2026-10-18,0.017
2026/2027,Akwa Ibom,state,P(decrease) week 16->17,2026-10-18,0.983
2026/2027,Akwa Ibom,state,P(increase) week 17->18,2026-10-25,0.002
2026/2027,Akwa Ibom,state,P(decrease) week 17->18,2026-10-25,0.998
2026/2027,Akwa Ibom,state,P(increase) week 18->19,2026-11-01,0.002
2026/2027,Akwa Ibom,state,P(decrease) week 18->19,2026-11-01,0.998
2026/2027,Akwa Ibom,state,P(increase) week 19->20,2026-11-08,0.1155
2026/2027,Akwa Ibom,state,P(decrease) week 19->20,2026-11-08,0.8845
2026/2027,Akwa Ibom,state,P(increase) week 20->21,2026-11-15,0.5695
2026/2027,Akwa Ibom,state,P(decrease) week 20->21,2026-11-15,0.4305
2026/2027,Akwa Ibom,state,P(increase) week 21->22,2026-11-22,0.88
2026/2027,Akwa Ibom,state,P(decrease) week 21->22,2026-11-22,0.12
2026/2027,Akwa Ibom,state,P(increase) week 22->23,2026-11-29,0.9055
2026/2027,Akwa Ibom,state,P(decrease) week 22->23,2026-11-29,0.0945
2026/2027,Akwa Ibom,state,P(increase) week 23->24,2026-12-06,0.9255
2026/2027,Akwa Ibom,state,P(decrease) week 23->24,2026-12-06,0.0745
2026/2027,Akwa Ibom,state,P(increase) week 24->25,2026-12-13,0.93
2026/2027,Akwa Ibom,state,P(decrease) week 24->25,2026-12-13,0.07
2026/2027,Akwa Ibom,state,P(increase) week 25->26,2026-12-20,0.8395
2026/2027,Akwa Ibom,state,P(decrease) week 25->26,2026-12-20,0.1605
2026/2027,Akwa Ibom,state,P(increase) week 26->27,2026-12-27,0.5875
2026/2027,Akwa Ibom,state,P(decrease) week 26->27,2026-12-27,0.4125
2026/2027,Akwa Ibom,state,P(increase) week 27->28,2027-01-03,0.3845
2026/2027,Akwa Ibom,state,P(decrease) week 27->28,2027-01-03,0.6155
2026/2027,Akwa Ibom,state,P(increase) week 28->29,2027-01-10,0.149
2026/2027,Akwa Ibom,state,P(decrease) week 28->29,2027-01-10,0.851
2026/2027,Akwa Ibom,state,P(increase) week 29->30,2027-01-17,0.027
2026/2027,Akwa Ibom,state,P(decrease) week 29->30,2027-01-17,0.973
2026/2027,Akwa Ibom,state,P(increase) week 30->31,2027-01-24,0.0325
2026/2027,Akwa Ibom,state,P(decrease) week 30->31,2027-01-24,0.9675
2026/2027,Akwa Ibom,state,P(increase) week 31->32,2027-01-31,0.1705
2026/2027,Akwa Ibom,state,P(decrease) week 31->32,2027-01-31,0.8295
2026/2027,Akwa Ibom,state,P(increase) week 32->33,2027-02-07,0.238
2026/2027,Akwa Ibom,state,P(decrease) week 32->33,2027-02-07,0.762
2026/2027,Akwa Ibom,state,P(increase) week 33->34,2027-02-14,0.381
2026/2027,Akwa Ibom,state,P(decrease) week 33->34,2027-02-14,0.619
2026/2027,Akwa Ibom,state,P(increase) week 34->35,2027-02-21,0.471
2026/2027,Akwa Ibom,state,P(decrease) week 34->35,2027-02-21,0.529
2026/2027,Akwa Ibom,state,P(increase) week 35->36,2027-02-28,0.458
2026/2027,Akwa Ibom,state,P(decrease) week 35->36,2027-02-28,0.542
2026/2027,Akwa Ibom,state,P(increase) week 36->37,2027-03-07,0.4275
2026/2027,Akwa Ibom,state,P(decrease) week 36->37,2027-03-07,0.5725
2026/2027,Akwa Ibom,state,P(increase) week 37->38,2027-03-14,0.418
2026/2027,Akwa Ibom,state,P(decrease) week 37->38,2027-03-14,0.582
2026/2027,Akwa Ibom,state,P(increase) week 38->39,2027-03-21,0.4865
2026/2027,Akwa Ibom,state,P(decrease) week 38->39,2027-03-21,0.5135
2026/2027,Akwa Ibom,state,P(increase) week 39->40,2027-03-28,0.481
2026/2027,Akwa Ibom,state,P(decrease) week 39->40,2027-03-28,0.519
2026/2027,Akwa Ibom,state,P(increase) week 40->41,2027-04-04,0.526
2026/2027,Akwa Ibom,state,P(decrease) week 40->41,2027-04-04,0.474
2026/2027,Akwa Ibom,state,P(increase) week 41->42,2027-04-11,0.5705
2026/2027,Akwa Ibom,state,P(decrease) week 41->42,2027-04-11,0.4295
2026/2027,Akwa Ibom,state,P(increase) week 42->43,2027-04-18,0.5255
2026/2027,Akwa Ibom,state,P(decrease) week 42->43,2027-04-18,0.4745
2026/2027,Akwa Ibom,state,P(increase) week 43->44,2027-04-25,0.484
2026/2027,Akwa Ibom,state,P(decrease) week 43->44,2027-04-25,0.516
2026/2027,Akwa Ibom,state,P(increase) week 44->45,2027-05-02,0.4195
2026/2027,Akwa Ibom,state,P(decrease) week 44->45,2027-05-02,0.5805
2026/2027,Akwa Ibom,state,P(increase) week 45->46,2027-05-09,0.5035
2026/2027,Akwa Ibom,state,P(decrease) week 45->46,2027-05-09,0.4965
2026/2027,Akwa Ibom,state,P(increase) week 46->47,2027-05-16,0.45
2026/2027,Akwa Ibom,state,P(decrease) week 46->47,2027-05-16,0.55
2026/2027,Akwa Ibom,state,P(increase) week 47->48,2027-05-23,0.528
2026/2027,Akwa Ibom,state,P(decrease) week 47->48,2027-05-23,0.472
2026/2027,Akwa Ibom,state,P(increase) week 48->49,2027-05-30,0.4935
2026/2027,Akwa Ibom,state,P(decrease) week 48->49,2027-05-30,0.5065
2026/2027,Akwa Ibom,state,P(increase) week 49->50,2027-06-06,0.535
2026/2027,Akwa Ibom,state,P(decrease) week 49->50,2027-06-06,0.465
2026/2027,Akwa Ibom,state,P(increase) week 50->51,2027-06-13,0.46
2026/2027,Akwa Ibom,state,P(decrease) week 50->51,2027-06-13,0.54
2026/2027,Akwa Ibom,state,P(increase) week 51->52,2027-06-20,0.553
2026/2027,Akwa Ibom,state,P(decrease) week 51->52,2027-06-20,0.447
2026/2027,Anambra,state,P(peak in season weeks 1-4),2026-06-28,0.0
2026/2027,Anambra,state,P(peak in season weeks 5-8),2026-07-26,0.0025
2026/2027,Anambra,state,P(peak in season weeks 9-12),2026-08-23,0.005
2026/2027,Anambra,state,P(peak in season weeks 13-16),2026-09-20,0.961
2026/2027,Anambra,state,P(peak in season weeks 17-20),2026-10-18,0.012
2026/2027,Anambra,state,P(peak in season weeks 21-24),2026-11-15,0.013
2026/2027,Anambra,state,P(peak in season weeks 25-28),2026-12-13,0.0055
2026/2027,Anambra,state,P(peak in season weeks 29-32),2027-01-10,0.001
2026/2027,Anambra,state,P(peak in season weeks 33-36),2027-02-07,0.0
2026/2027,Anambra,state,P(peak in season weeks 37-40),2027-03-07,0.0
2026/2027,Anambra,state,P(peak in season weeks 41-44),2027-04-04,0.0
2026/2027,Anambra,state,P(peak in season weeks 45-48),2027-05-02,0.0
2026/2027,Anambra,state,P(peak in season weeks 49-52),2027-05-30,0.0
2026/2027,Anambra,state,P(increase) week 1->2,2026-07-05,0.0
2026/2027,Anambra,state,P(decrease) week 1->2,2026-07-05,1.0
2026/2027,Anambra,state,P(increase) week 2->3,2026-07-12,0.4075
2026/2027,Anambra,state,P(decrease) week 2->3,2026-07-12,0.5925
2026/2027,Anambra,state,P(increase) week 3->4,2026-07-19,0.4895
2026/2027,Anambra,state,P(decrease) week 3->4,2026-07-19,0.5105
2026/2027,Anambra,state,P(increase) week 4->5,2026-07-26,0.557
2026/2027,Anambra,state,P(decrease) week 4->5,2026-07-26,0.443
2026/2027,Anambra,state,P(increase) week 5->6,2026-08-02,0.569
2026/2027,Anambra,state,P(decrease) week 5->6,2026-08-02,0.431
2026/2027,Anambra,state,P(increase) week 6->7,2026-08-09,0.595
2026/2027,Anambra,state,P(decrease) week 6->7,2026-08-09,0.405
2026/2027,Anambra,state,P(increase) week 7->8,2026-08-16,0.7405
2026/2027,Anambra,state,P(decrease) week 7->8,2026-08-16,0.2595
2026/2027,Anambra,state,P(increase) week 8->9,2026-08-23,0.905
2026/2027,Anambra,state,P(decrease) week 8->9,2026-08-23,0.095
2026/2027,Anambra,state,P(increase) week 9->10,2026-08-30,0.991
2026/2027,Anambra,state,P(decrease) week 9->10,2026-08-30,0.009
2026/2027,Anambra,state,P(increase) week 10->11,2026-09-06,0.99
2026/2027,Anambra,state,P(decrease) week 10->11,2026-09-06,0.01
2026/2027,Anambra,state,P(increase) week 11->12,2026-09-13,0.9895
2026/2027,Anambra,state,P(decrease) week 11->12,2026-09-13,0.0105
2026/2027,Anambra,state,P(increase) week 12->13,2026-09-20,0.9915
2026/2027,Anambra,state,P(decrease) week 12->13,2026-09-20,0.0085
2026/2027,Anambra,state,P(increase) week 13->14,2026-09-27,0.9215
2026/2027,Anambra,state,P(decrease) week 13->14,2026-09-27,0.0785
2026/2027,Anambra,state,P(increase) week 14->15,2026-10-04,0.6045
2026/2027,Anambra,state,P(decrease) week 14->15,2026-10-04,0.3955
2026/2027,Anambra,state,P(increase) week 15->16,2026-10-11,0.225
2026/2027,Anambra,state,P(decrease) week 15->16,2026-10-11,0.775
2026/2027,Anambra,state,P(increase) week 16->17,2026-10-18,0.0295
2026/2027,Anambra,state,P(decrease) week 16->17,2026-10-18,0.9705
2026/2027,Anambra,state,P(increase) week 17->18,2026-10-25,0.002
2026/2027,Anambra,state,P(decrease) week 17->18,2026-10-25,0.998
2026/2027,Anambra,state,P(increase) week 18->19,2026-11-01,0.001
2026/2027,Anambra,state,P(decrease) week 18->19,2026-11-01,0.999
2026/2027,Anambra,state,P(increase) week 19->20,2026-11-08,0.0505
2026/2027,Anambra,state,P(decrease) week 19->20,2026-11-08,0.9495
2026/2027,Anambra,state,P(increase) week 20->21,2026-11-15,0.4985
2026/2027,Anambra,state,P(decrease) week 20->21,2026-11-15,0.5015
2026/2027,Anambra,state,P(increase) week 21->22,2026-11-22,0.793
2026/2027,Anambra,state,P(decrease) week 21->22,2026-11-22,0.207
2026/2027,Anambra,state,P(increase) week 22->23,2026-11-29,0.8365
2026/2027,Anambra,state,P(decrease) week 22->23,2026-11-29,0.1635
2026/2027,Anambra,state,P(increase) week 23->24,2026-12-06,0.9235
2026/2027,Anambra,state,P(decrease) week 23->24,2026-12-06,0.0765
2026/2027,Anambra,state,P(increase) week 24->25,2026-12-13,0.9385
2026/2027,Anambra,state,P(decrease) week 24->25,2026-12-13,0.0615
2026/2027,Anambra,state,P(increase) week 25->26,2026-12-20,0.872
2026/2027,Anambra,state,P(decrease) week 25->26,2026-12-20,0.128
2026/2027,Anambra,state,P(increase) week 26->27,2026-12-27,0.735
2026/2027,Anambra,state,P(decrease) week 26->27,2026-12-27,0.265
2026/2027,Anambra,state,P(increase) week 27->28,2027-01-03,0.3725
2026/2027,Anambra,state,P(decrease) week 27->28,2027-01-03,0.6275
2026/2027,Anambra,state,P(increase) week 28->29,2027-01-10,0.1825
2026/2027,Anambra,state,P(decrease) week 28->29,2027-01-10,0.8175
2026/2027,Anambra,state,P(increase) week 29->30,2027-01-17,0.067
2026/2027,Anambra,state,P(decrease) week 29->30,2027-01-17,0.933
2026/2027,Anambra,state,P(increase) week 30->31,2027-01-24,0.02
2026/2027,Anambra,state,P(decrease) week 30->31,2027-01-24,0.98
2026/2027,Anambra,state,P(increase) week 31->32,2027-01-31,0.1035
2026/2027,Anambra,state,P(decrease) week 31->32,2027-01-31,0.8965
2026/2027,Anambra,state,P(increase) week 32->33,2027-02-07,0.2945
2026/2027,Anambra,state,P(decrease) week 32->33,2027-02-07,0.7055
2026/2027,Anambra,state,P(increase) week 33->34,2027-02-14,0.2615
2026/2027,Anambra,state,P(decrease) week 33->34,2027-02-14,0.7385
2026/2027,Anambra,state,P(increase) week 34->35,2027-02-21,0.355
2026/2027,Anambra,state,P(decrease) week 34->35,2027-02-21,0.645
2026/2027,Anambra,state,P(increase) week 35->36,2027-02-28,0.3755
2026/2027,Anambra,state,P(decrease) week 35->36,2027-02-28,0.6245
2026/2027,Anambra,state,P(increase) week 36->37,2027-03-07,0.532
2026/2027,Anambra,state,P(decrease) week 36->37,2027-03-07,0.468
2026/2027,Anambra,state,P(increase) week 37->38,2027-03-14,0.459
2026/2027,Anambra,state,P(decrease) week 37->38,2027-03-14,0.541
2026/2027,Anambra,state,P(increase) week 38->39,2027-03-21,0.5335
2026/2027,Anambra,state,P(decrease) week 38->39,2027-03-21,0.4665
2026/2027,Anambra,state,P(increase) week 39->40,2027-03-28,0.448
2026/2027,Anambra,state,P(decrease) week 39->40,2027-03-28,0.552
2026/2027,Anambra,state,P(increase) week 40->41,2027-04-04,0.5585
2026/2027,Anambra,state,P(decrease) week 40->41,2027-04-04,0.4415
2026/2027,Anambra,state,P(increase) week 41->42,2027-04-11,0.496
2026/2027,Anambra,state,P(decrease) week 41->42,2027-04-11,0.501
2026/2027,Anambra,state,P(increase) week 42->43,2027-04-18,0.485
2026/2027,Anambra,state,P(decrease) week 42->43,2027-04-18,0.515
2026/2027,Anambra,state,P(increase) week 43->44,2027-04-25,0.507
2026/2027,Anambra,state,P(decrease) week 43->44,2027-04-25,0.493
2026/2027,Anambra,state,P(increase) week 44->45,2027-05-02,0.4945
2026/2027,Anambra,state,P(decrease) week 44->45,2027-05-02,0.5055
2026/2027,Anambra,state,P(increase) week 45->46,2027-05-09,0.6715
2026/2027,Anambra,state,P(decrease) week 45->46,2027-05-09,0.3285
2026/2027,Anambra,state,P(increase) week 46->47,2027-05-16,0.411
2026/2027,Anambra,state,P(decrease) week 46->47,2027-05-16,0.589
2026/2027,Anambra,state,P(increase) week 47->48,2027-05-23,0.5675
2026/2027,Anambra,state,P(decrease) week 47->48,2027-05-23,0.4325
2026/2027,Anambra,state,P(increase) week 48->49,2027-05-30,0.381
2026/2027,Anambra,state,P(decrease) week 48->49,2027-05-30,0.619
2026/2027,Anambra,state,P(increase) week 49->50,2027-06-06,0.5665
2026/2027,Anambra,state,P(decrease) week 49->50,2027-06-06,0.4335
2026/2027,Anambra,state,P(increase) week 50->51,2027-06-13,0.41
2026/2027,Anambra,state,P(decrease) week 50->51,2027-06-13,0.59
2026/2027,Anambra,state,P(increase) week 51->52,2027-06-20,0.504
2026/2027,Anambra,state,P(decrease) week 51->52,2027-06-20,0.496
2026/2027,Bauchi,state,P(peak in season weeks 1-4),2026-06-28,0.0
2026/2027,Bauchi,state,P(peak in season weeks 5-8),2026-07-26,0.0035
2026/2027,Bauchi,state,P(peak in season weeks 9-12),2026-08-23,0.0
2026/2027,Bauchi,state,P(peak in season weeks 13-16),2026-09-20,0.0575
2026/2027,Bauchi,state,P(peak in season weeks 17-20),2026-10-18,0.867
2026/2027,Bauchi,state,P(peak in season weeks 21-24),2026-11-15,0.0075
2026/2027,Bauchi,state,P(peak in season weeks 25-28),2026-12-13,0.059
2026/2027,Bauchi,state,P(peak in season weeks 29-32),2027-01-10,0.0055
2026/2027,Bauchi,state,P(peak in season weeks 33-36),2027-02-07,0.0
2026/2027,Bauchi,state,P(peak in season weeks 37-40),2027-03-07,0.0
2026/2027,Bauchi,state,P(peak in season weeks 41-44),2027-04-04,0.0
2026/2027,Bauchi,state,P(peak in season weeks 45-48),2027-05-02,0.0
2026/2027,Bauchi,state,P(peak in season weeks 49-52),2027-05-30,0.0
2026/2027,Bauchi,state,P(increase) week 1->2,2026-07-05,0.0005
2026/2027,Bauchi,state,P(decrease) week 1->2,2026-07-05,0.9995
2026/2027,Bauchi,state,P(increase) week 2->3,2026-07-12,0.5485
2026/2027,Bauchi,state,P(decrease) week 2->3,2026-07-12,0.4515
2026/2027,Bauchi,state,P(increase) week 3->4,2026-07-19,0.4495
2026/2027,Bauchi,state,P(decrease) week 3->4,2026-07-19,0.5505
2026/2027,Bauchi,state,P(increase) week 4->5,2026-07-26,0.5585
2026/2027,Bauchi,state,P(decrease) week 4->5,2026-07-26,0.4415
2026/2027,Bauchi,state,P(increase) week 5->6,2026-08-02,0.5075
2026/2027,Bauchi,state,P(decrease) week 5->6,2026-08-02,0.4925
2026/2027,Bauchi,state,P(increase) week 6->7,2026-08-09,0.539
2026/2027,Bauchi,state,P(decrease) week 6->7,2026-08-09,0.461
2026/2027,Bauchi,state,P(increase) week 7->8,2026-08-16,0.5975
2026/2027,Bauchi,state,P(decrease) week 7->8,2026-08-16,0.4025
2026/2027,Bauchi,state,P(increase) week 8->9,2026-08-23,0.585
2026/2027,Bauchi,state,P(decrease) week 8->9,2026-08-23,0.415
2026/2027,Bauchi,state,P(increase) week 9->10,2026-08-30,0.624
2026/2027,Bauchi,state,P(decrease) week 9->10,2026-08-30,0.376
2026/2027,Bauchi,state,P(increase) week 10->11,2026-09-06,0.776
2026/2027,Bauchi,state,P(decrease) week 10->11,2026-09-06,0.224
2026/2027,Bauchi,state,P(increase) week 11->12,2026-09-13,0.907
2026/2027,Bauchi,state,P(decrease) week 11->12,2026-09-13,0.093
2026/2027,Bauchi,state,P(increase) week 12->13,2026-09-20,0.9495
2026/2027,Bauchi,state,P(decrease) week 12->13,2026-09-20,0.0505
2026/2027,Bauchi,state,P(increase) week 13->14,2026-09-27,0.931
2026/2027,Bauchi,state,P(decrease) week 13->14,2026-09-27,0.069
2026/2027,Bauchi,state,P(increase) week 14->15,2026-10-04,0.9935
2026/2027,Bauchi,state,P(decrease) week 14->15,2026-10-04,0.0065
2026/2027,Bauchi,state,P(increase) week 15->16,2026-10-11,0.935
2026/2027,Bauchi,state,P(decrease) week 15->16,2026-10-11,0.065
2026/2027,Bauchi,state,P(increase) week 16->17,2026-10-18,0.862
2026/2027,Bauchi,state,P(decrease) week 16->17,2026-10-18,0.138
2026/2027,Bauchi,state,P(increase) week 17->18,2026-10-25,0.5475
2026/2027,Bauchi,state,P(decrease) week 17->18,2026-10-25,0.4525
2026/2027,Bauchi,state,P(increase) week 18->19,2026-11-01,0.21
2026/2027,Bauchi,state,P(decrease) week 18->19,2026-11-01,0.79
2026/2027,Bauchi,state,P(increase) week 19->20,2026-11-08,0.0165
2026/2027,Bauchi,state,P(decrease) week 19->20,2026-11-08,0.9835
2026/2027,Bauchi,state,P(increase) week 20->21,2026-11-15,0.06
2026/2027,Bauchi,state,P(decrease) week 20->21,2026-11-15,0.94
2026/2027,Bauchi,state,P(increase) week 21->22,2026-11-22,0.26
2026/2027,Bauchi,state,P(decrease) week 21->22,2026-11-22,0.74
2026/2027,Bauchi,state,P(increase) week 22->23,2026-11-29,0.5645
2026/2027,Bauchi,state,P(decrease) week 22->23,2026-11-29,0.4355
2026/2027,Bauchi,state,P(increase) week 23->24,2026-12-06,0.852
2026/2027,Bauchi,state,P(decrease) week 23->24,2026-12-06,0.148
2026/2027,Bauchi,state,P(increase) week 24->25,2026-12-13,0.934
2026/2027,Bauchi,state,P(decrease) week 24->25,2026-12-13,0.066
2026/2027,Bauchi,state,P(increase) week 25->26,2026-12-20,0.9255
2026/2027,Bauchi,state,P(decrease) week 25->26,2026-12-20,0.0745
2026/2027,Bauchi,state,P(increase) week 26->27,2026-12-27,0.7075
2026/2027,Bauchi,state,P(decrease) week 26->27,2026-12-27,0.2925
2026/2027,Bauchi,state,P(increase) week 27->28,2027-01-03,0.418
2026/2027,Bauchi,state,P(decrease) week 27->28,2027-01-03,0.582
2026/2027,Bauchi,state,P(increase) week 28->29,2027-01-10,0.1745
2026/2027,Bauchi,state,P(decrease) week 28->29,2027-01-10,0.8255
2026/2027,Bauchi,state,P(increase) week 29->30,2027-01-17,0.0925
2026/2027,Bauchi,state,P(decrease) week 29->30,2027-01-17,0.9075
2026/2027,Bauchi,state,P(increase) week 30->31,2027-01-24,0.0075
2026/2027,Bauchi,state,P(decrease) week 30->31,2027-01-24,0.9925
2026/2027,Bauchi,state,P(increase) week 31->32,2027-01-31,0.0465
2026/2027,Bauchi,state,P(decrease) week 31->32,2027-01-31,0.9535
2026/2027,Bauchi,state,P(increase) week 32->33,2027-02-07,0.1735
2026/2027,Bauchi,state,P(decrease) week 32->33,2027-02-07,0.8265
2026/2027,Bauchi,state,P(increase) week 33->34,2027-02-14,0.396
2026/2027,Bauchi,state,P(decrease) week 33->34,2027-02-14,0.604
2026/2027,Bauchi,state,P(increase) week 34->35,2027-02-21,0.408
2026/2027,Bauchi,state,P(decrease) week 34->35,2027-02-21,0.592
2026/2027,Bauchi,state,P(increase) week 35->36,2027-02-28,0.4685
2026/2027,Bauchi,state,P(decrease) week 35->36,2027-02-28,0.53
2026/2027,Bauchi,state,P(increase) week 36->37,2027-03-07,0.467
2026/2027,Bauchi,state,P(decrease) week 36->37,2027-03-07,0.533
2026/2027,Bauchi,state,P(increase) week 37->38,2027-03-14,0.5005
2026/2027,Bauchi,state,P(decrease) week 37->38,2027-03-14,0.4995
2026/2027,Bauchi,state,P(increase) week 38->39,2027-03-21,0.5845
2026/2027,Bauchi,state,P(decrease) week 38->39,2027-03-21,0.4155
2026/2027,Bauchi,state,P(increase) week 39->40,2027-03-28,0.4645
2026/2027,Bauchi,state,P(decrease) week 39->40,2027-03-28,0.5355
2026/2027,Bauchi,state,P(increase) week 40->41,2027-04-04,0.529
2026/2027,Bauchi,state,P(decrease) week 40->41,2027-04-04,0.471
2026/2027,Bauchi,state,P(increase) week 41->42,2027-04-11,0.41
2026/2027,Bauchi,state,P(decrease) week 41->42,2027-04-11,0.59
2026/2027,Bauchi,state,P(increase) week 42->43,2027-04-18,0.469
2026/2027,Bauchi,state,P(decrease) week 42->43,2027-04-18,0.531
2026/2027,Bauchi,state,P(increase) week 43->44,2027-04-25,0.503
2026/2027,Bauchi,state,P(decrease) week 43->44,2027-04-25,0.497
2026/2027,Bauchi,state,P(increase) week 44->45,2027-05-02,0.4975
2026/2027,Bauchi,state,P(decrease) week 44->45,2027-05-02,0.5025
2026/2027,Bauchi,state,P(increase) week 45->46,2027-05-09,0.4665
2026/2027,Bauchi,state,P(decrease) week 45->46,2027-05-09,0.5335
2026/2027,Bauchi,state,P(increase) week 46->47,2027-05-16,0.543
2026/2027,Bauchi,state,P(decrease) week 46->47,2027-05-16,0.457
2026/2027,Bauchi,state,P(increase) week 47->48,2027-05-23,0.5195
2026/2027,Bauchi,state,P(decrease) week 47->48,2027-05-23,0.4805
2026/2027,Bauchi,state,P(increase) week 48->49,2027-05-30,0.546
2026/2027,Bauchi,state,P(decrease) week 48->49,2027-05-30,0.454
2026/2027,Bauchi,state,P(increase) week 49->50,2027-06-06,0.465
2026/2027,Bauchi,state,P(decrease) week 49->50,2027-06-06,0.535
2026/2027,Bauchi,state,P(increase) week 50->51,2027-06-13,0.446
2026/2027,Bauchi,state,P(decrease) week 50->51,2027-06-13,0.554
2026/2027,Bauchi,state,P(increase) week 51->52,2027-06-20,0.463
2026/2027,Bauchi,state,P(decrease) week 51->52,2027-06-20,0.537
2026/2027,Bayelsa,state,P(peak in season weeks 1-4),2026-06-28,0.0
2026/2027,Bayelsa,state,P(peak in season weeks 5-8),2026-07-26,0.003
2026/2027,Bayelsa,state,P(peak in season weeks 9-12),2026-08-23,0.008
2026/2027,Bayelsa,state,P(peak in season weeks 13-16),2026-09-20,0.962
2026/2027,Bayelsa,state,P(peak in season weeks 17-20),2026-10-18,0.0055
2026/2027,Bayelsa,state,P(peak in season weeks 21-24),2026-11-15,0.013
2026/2027,Bayelsa,state,P(peak in season weeks 25-28),2026-12-13,0.008
2026/2027,Bayelsa,state,P(peak in season weeks 29-32),2027-01-10,0.0005
2026/2027,Bayelsa,state,P(peak in season weeks 33-36),2027-02-07,0.0
2026/2027,Bayelsa,state,P(peak in season weeks 37-40),2027-03-07,0.0
2026/2027,Bayelsa,state,P(peak in season weeks 41-44),2027-04-04,0.0
2026/2027,Bayelsa,state,P(peak in season weeks 45-48),2027-05-02,0.0
2026/2027,Bayelsa,state,P(peak in season weeks 49-52),2027-05-30,0.0
2026/2027,Bayelsa,state,P(increase) week 1->2,2026-07-05,0.0
2026/2027,Bayelsa,state,P(decrease) week 1->2,2026-07-05,1.0
2026/2027,Bayelsa,state,P(increase) week 2->3,2026-07-12,0.396
2026/2027,Bayelsa,state,P(decrease) week 2->3,2026-07-12,0.604
2026/2027,Bayelsa,state,P(increase) week 3->4,2026-07-19,0.4495
2026/2027,Bayelsa,state,P(decrease) week 3->4,2026-07-19,0.5505
2026/2027,Bayelsa,state,P(increase) week 4->5,2026-07-26,0.5935
2026/2027,Bayelsa,state,P(decrease) week 4->5,2026-07-26,0.4065
2026/2027,Bayelsa,state,P(increase) week 5->6,2026-08-02,0.5035
2026/2027,Bayelsa,state,P(decrease) week 5->6,2026-08-02,0.4965
2026/2027,Bayelsa,state,P(increase) week 6->7,2026-08-09,0.651
2026/2027,Bayelsa,state,P(decrease) week 6->7,2026-08-09,0.349
2026/2027,Bayelsa,state,P(increase) week 7->8,2026-08-16,0.7375
2026/2027,Bayelsa,state,P(decrease) week 7->8,2026-08-16,0.2625
2026/2027,Bayelsa,state,P(increase) week 8->9,2026-08-23,0.9335
2026/2027,Bayelsa,state,P(decrease) week 8->9,2026-08-23,0.0665
2026/2027,Bayelsa,state,P(increase) week 9->10,2026-08-30,0.9885
2026/2027,Bayelsa,state,P(decrease) week 9->10,2026-08-30,0.0115
2026/2027,Bayelsa,state,P(increase) week 10->11,2026-09-06,0.994
2026/2027,Bayelsa,state,P(decrease) week 10->11,2026-09-06,0.006
2026/2027,Bayelsa,state,P(increase) week 11->12,2026-09-13,0.9805
2026/2027,Bayelsa,state,P(decrease) week 11->12,2026-09-13,0.0195
2026/2027,Bayelsa,state,P(increase) week 12->13,2026-09-20,0.9935
2026/2027,Bayelsa,state,P(decrease) week 12->13,2026-09-20,0.0065
2026/2027,Bayelsa,state,P(increase) week 13->14,2026-09-27,0.9195
2026/2027,Bayelsa,state,P(decrease) week 13->14,2026-09-27,0.0805
2026/2027,Bayelsa,state,P(increase) week 14->15,2026-10-04,0.5795
2026/2027,Bayelsa,state,P(decrease) week 14->15,2026-10-04,0.4205
2026/2027,Bayelsa,state,P(increase) week 15->16,2026-10-11,0.219
2026/2027,Bayelsa,state,P(decrease) week 15->16,2026-10-11,0.781
2026/2027,Bayelsa,state,P(increase) week 16->17,2026-10-18,0.063
2026/2027,Bayelsa,state,P(decrease) week 16->17,2026-10-18,0.937
2026/2027,Bayelsa,state,P(increase) week 17->18,2026-10-25,0.0
2026/2027,Bayelsa,state,P(decrease) week 17->18,2026-10-25,1.0
2026/2027,Bayelsa,state,P(increase) week 18->19,2026-11-01,0.0005
2026/2027,Bayelsa,state,P(decrease) week 18->19,2026-11-01,0.9995
2026/2027,Bayelsa,state,P(increase) week 19->20,2026-11-08,0.149
2026/2027,Bayelsa,state,P(decrease) week 19->20,2026-11-08,0.851
2026/2027,Bayelsa,state,P(increase) week 20->21,2026-11-15,0.5475
2026/2027,Bayelsa,state,P(decrease) week 20->21,2026-11-15,0.4525
2026/2027,Bayelsa,state,P(increase) week 21->22,2026-11-22,0.6885
2026/2027,Bayelsa,state,P(decrease) week 21->22,2026-11-22,0.3115
2026/2027,Bayelsa,state,P(increase) week 22->23,2026-11-29,0.8695
2026/2027,Bayelsa,state,P(decrease) week 22->23,2026-11-29,0.1305
2026/2027,Bayelsa,state,P(increase) week 23->24,2026-12-06,0.971
2026/2027,Bayelsa,state,P(decrease) week 23->24,2026-12-06,0.029
2026/2027,Bayelsa,state,P(increase) week 24->25,2026-12-13,0.9365
2026/2027,Bayelsa,state,P(decrease) week 24->25,2026-12-13,0.0635
2026/2027,Bayelsa,state,P(increase) week 25->26,2026-12-20,0.8375
2026/2027,Bayelsa,state,P(decrease) week 25->26,2026-12-20,0.1625
2026/2027,Bayelsa,state,P(increase) week 26->27,2026-12-27,0.621
2026/2027,Bayelsa,state,P(decrease) week 26->27,2026-12-27,0.379
2026/2027,Bayelsa,state,P(increase) week 27->28,2027-01-03,0.2255
2026/2027,Bayelsa,state,P(decrease) week 27->28,2027-01-03,0.7745
2026/2027,Bayelsa,state,P(increase) week 28->29,2027-01-10,0.0605
2026/2027,Bayelsa,state,P(decrease) week 28->29,2027-01-10,0.9395
2026/2027,Bayelsa,state,P(increase) week 29->30,2027-01-17,0.07
2026/2027,Bayelsa,state,P(decrease) week 29->30,2027-01-17,0.93
2026/2027,Bayelsa,state,P(increase) week 30->31,2027-01-24,0.0925
2026/2027,Bayelsa,state,P(decrease) week 30->31,2027-01-24,0.9075
2026/2027,Bayelsa,state,P(increase) week 31->32,2027-01-31,0.157
2026/2027,Bayelsa,state,P(decrease) week 31->32,2027-01-31,0.843
2026/2027,Bayelsa,state,P(increase) week 32->33,2027-02-07,0.3105
2026/2027,Bayelsa,state,P(decrease) week 32->33,2027-02-07,0.6895
2026/2027,Bayelsa,state,P(increase) week 33->34,2027-02-14,0.2865
2026/2027,Bayelsa,state,P(decrease) week 33->34,2027-02-14,0.7135
2026/2027,Bayelsa,state,P(increase) week 34->35,2027-02-21,0.332
2026/2027,Bayelsa,state,P(decrease) week 34->35,2027-02-21,0.668
2026/2027,Bayelsa,state,P(increase) week 35->36,2027-02-28,0.3575
2026/2027,Bayelsa,state,P(decrease) week 35->36,2027-02-28,0.6425
2026/2027,Bayelsa,state,P(increase) week 36->37,2027-03-07,0.549
2026/2027,Bayelsa,state,P(decrease) week 36->37,2027-03-07,0.451
2026/2027,Bayelsa,state,P(increase) week 37->38,2027-03-14,0.522
2026/2027,Bayelsa,state,P(decrease) week 37->38,2027-03-14,0.478
2026/2027,Bayelsa,state,P(increase) week 38->39,2027-03-21,0.5865
2026/2027,Bayelsa,state,P(decrease) week 38->39,2027-03-21,0.4135
2026/2027,Bayelsa,state,P(increase) week 39->40,2027-03-28,0.4935
2026/2027,Bayelsa,state,P(decrease) week 39->40,2027-03-28,0.5065
2026/2027,Bayelsa,state,P(increase) week 40->41,2027-04-04,0.467
2026/2027,Bayelsa,state,P(decrease) week 40->41,2027-04-04,0.533
2026/2027,Bayelsa,state,P(increase) week 41->42,2027-04-11,0.443
2026/2027,Bayelsa,state,P(decrease) week 41->42,2027-04-11,0.557
2026/2027,Bayelsa,state,P(increase) week 42->43,2027-04-18,0.57
2026/2027,Bayelsa,state,P(decrease) week 42->43,2027-04-18,0.43
2026/2027,Bayelsa,state,P(increase) week 43->44,2027-04-25,0.565
2026/2027,Bayelsa,state,P(decrease) week 43->44,2027-04-25,0.435
2026/2027,Bayelsa,state,P(increase) week 44->45,2027-05-02,0.477
2026/2027,Bayelsa,state,P(decrease) week 44->45,2027-05-02,0.523
2026/2027,Bayelsa,state,P(increase) week 45->46,2027-05-09,0.408
2026/2027,Bayelsa,state,P(decrease) week 45->46,2027-05-09,0.592
2026/2027,Bayelsa,state,P(increase) week 46->47,2027-05-16,0.481
2026/2027,Bayelsa,state,P(decrease) week 46->47,2027-05-16,0.519
2026/2027,Bayelsa,state,P(increase) week 47->48,2027-05-23,0.5065
2026/2027,Bayelsa,state,P(decrease) week 47->48,2027-05-23,0.4935
2026/2027,Bayelsa,state,P(increase) week 48->49,2027-05-30,0.511
2026/2027,Bayelsa,state,P(decrease) week 48->49,2027-05-30,0.489
2026/2027,Bayelsa,state,P(increase) week 49->50,2027-06-06,0.482
2026/2027,Bayelsa,state,P(decrease) week 49->50,2027-06-06,0.518
2026/2027,Bayelsa,state,P(increase) week 50->51,2027-06-13,0.504
2026/2027,Bayelsa,state,P(decrease) week 50->51,2027-06-13,0.496
2026/2027,Bayelsa,state,P(increase) week 51->52,2027-06-20,0.533
2026/2027,Bayelsa,state,P(decrease) week 51->52,2027-06-20,0.467
2026/2027,Benue,state,P(peak in season weeks 1-4),2026-06-28,0.0
2026/2027,Benue,state,P(peak in season weeks 5-8),2026-07-26,0.0035
2026/2027,Benue,state,P(peak in season weeks 9-12),2026-08-23,0.0015
2026/2027,Benue,state,P(peak in season weeks 13-16),2026-09-20,0.7
2026/2027,Benue,state,P(peak in season weeks 17-20),2026-10-18,0.2685
2026/2027,Benue,state,P(peak in season weeks 21-24),2026-11-15,0.007
2026/2027,Benue,state,P(peak in season weeks 25-28),2026-12-13,0.0165
2026/2027,Benue,state,P(peak in season weeks 29-32),2027-01-10,0.003
2026/2027,Benue,state,P(peak in season weeks 33-36),2027-02-07,0.0
2026/2027,Benue,state,P(peak in season weeks 37-40),2027-03-07,0.0
2026/2027,Benue,state,P(peak in season weeks 41-44),2027-04-04,0.0
2026/2027,Benue,state,P(peak in season weeks 45-48),2027-05-02,0.0
2026/2027,Benue,state,P(peak in season weeks 49-52),2027-05-30,0.0
2026/2027,Benue,state,P(increase) week 1->2,2026-07-05,0.0
2026/2027,Benue,state,P(decrease) week 1->2,2026-07-05,1.0
2026/2027,Benue,state,P(increase) week 2->3,2026-07-12,0.549
2026/2027,Benue,state,P(decrease) week 2->3,2026-07-12,0.451
2026/2027,Benue,state,P(increase) week 3->4,2026-07-19,0.519
2026/2027,Benue,state,P(decrease) week 3->4,2026-07-19,0.481
2026/2027,Benue,state,P(increase) week 4->5,2026-07-26,0.4915
2026/2027,Benue,state,P(decrease) week 4->5,2026-07-26,0.5085
2026/2027,Benue,state,P(increase) week 5->6,2026-08-02,0.492
2026/2027,Benue,state,P(decrease) week 5->6,2026-08-02,0.508
2026/2027,Benue,state,P(increase) week 6->7,2026-08-09,0.5385
2026/2027,Benue,state,P(decrease) week 6->7,2026-08-09,0.4615
2026/2027,Benue,state,P(increase) week 7->8,2026-08-16,0.6315
2026/2027,Benue,state,P(decrease) week 7->8,2026-08-16,0.3685
2026/2027,Benue,state,P(increase) week 8->9,2026-08-23,0.809
2026/2027,Benue,state,P(decrease) week 8->9,2026-08-23,0.191
2026/2027,Benue,state,P(increase) week 9->10,2026-08-30,0.8995
2026/2027,Benue,state,P(decrease) week 9->10,2026-08-30,0.1005
2026/2027,Benue,state,P(increase) week 10->11,2026-09-06,0.9805
2026/2027,Benue,state,P(decrease) week 10->11,2026-09-06,0.0195
2026/2027,Benue,state,P(increase) week 11->12,2026-09-13,0.955
2026/2027,Benue,state,P(decrease) week 11->12,2026-09-13,0.045
2026/2027,Benue,state,P(increase) week 12->13,2026-09-20,0.99
2026/2027,Benue,state,P(decrease) week 12->13,2026-09-20,0.01
2026/2027,Benue,state,P(increase) week 13->14,2026-09-27,0.9885
2026/2027,Benue,state,P(decrease) week 13->14,2026-09-27,0.0115
2026/2027,Benue,state,P(increase) week 14->15,2026-10-04,0.896
2026/2027,Benue,state,P(decrease) week 14->15,2026-10-04,0.104
2026/2027,Benue,state,P(increase) week 15->16,2026-10-11,0.679
2026/2027,Benue,state,P(decrease) week 15->16,2026-10-11,0.321
2026/2027,Benue,state,P(increase) week 16->17,2026-10-18,0.3045
2026/2027,Benue,state,P(decrease) week 16->17,2026-10-18,0.6955
2026/2027,Benue,state,P(increase) week 17->18,2026-10-25,0.0315
2026/2027,Benue,state,P(decrease) week 17->18,2026-10-25,0.9685
2026/2027,Benue,state,P(increase) week 18->19,2026-11-01,0.0005
2026/2027,Benue,state,P(decrease) week 18->19,2026-11-01,0.9995
2026/2027,Benue,state,P(increase) week 19->20,2026-11-08,0.002
2026/2027,Benue,state,P(decrease) week 19->20,2026-11-08,0.998
2026/2027,Benue,state,P(increase) week 20->21,2026-11-15,0.289
2026/2027,Benue,state,P(decrease) week 20->21,2026-11-15,0.711
2026/2027,Benue,state,P(increase) week 21->22,2026-11-22,0.702
2026/2027,Benue,state,P(decrease) week 21->22,2026-11-22,0.298
2026/2027,Benue,state,P(increase) week 22->23,2026-11-29,0.7925
2026/2027,Benue,state,P(decrease) week 22->23,2026-11-29,0.2075
2026/2027,Benue,state,P(increase) week 23->24,2026-12-06,0.923
2026/2027,Benue,state,P(decrease) week 23->24,2026-12-06,0.077
2026/2027,Benue,state,P(increase) week 24->25,2026-12-13,0.9765
2026/2027,Benue,state,P(decrease) week 24->25,2026-12-13,0.0235
2026/2027,Benue,state,P(increase) week 25->26,2026-12-20,0.9005
2026/2027,Benue,state,P(decrease) week 25->26,2026-12-20,0.0995
2026/2027,Benue,state,P(increase) week 26->27,2026-12-27,0.612
2026/2027,Benue,state,P(decrease) week 26->27,2026-12-27,0.388
2026/2027,Benue,state,P(increase) week 27->28,2027-01-03,0.381
2026/2027,Benue,state,P(decrease) week 27->28,2027-01-03,0.619
2026/2027,Benue,state,P(increase) week 28->29,2027-01-10,0.1315
2026/2027,Benue,state,P(decrease) week 28->29,2027-01-10,0.8685
2026/2027,Benue,state,P(increase) week 29->30,2027-01-17,0.069
2026/2027,Benue,state,P(decrease) week 29->30,2027-01-17,0.931
2026/2027,Benue,state,P(increase) week 30->31,2027-01-24,0.015
2026/2027,Benue,state,P(decrease) week 30->31,2027-01-24,0.985
2026/2027,Benue,state,P(increase) week 31->32,2027-01-31,0.0615
2026/2027,Benue,state,P(decrease) week 31->32,2027-01-31,0.9385
2026/2027,Benue,state,P(increase) week 32->33,2027-02-07,0.1885
2026/2027,Benue,state,P(decrease) week 32->33,2027-02-07,0.8115
2026/2027,Benue,state,P(increase) week 33->34,2027-02-14,0.3375
2026/2027,Benue,state,P(decrease) week 33->34,2027-02-14,0.6625
2026/2027,Benue,state,P(increase) week 34->35,2027-02-21,0.3515
2026/2027,Benue,state,P(decrease) week 34->35,2027-02-21,0.6485
2026/2027,Benue,state,P(increase) week 35->36,2027-02-28,0.4325
2026/2027,Benue,state,P(decrease) week 35->36,2027-02-28,0.5675
2026/2027,Benue,state,P(increase) week 36->37,2027-03-07,0.53
2026/2027,Benue,state,P(decrease) week 36->37,2027-03-07,0.47
2026/2027,Benue,state,P(increase) week 37->38,2027-03-14,0.483
2026/2027,Benue,state,P(decrease) week 37->38,2027-03-14,0.517
2026/2027,Benue,state,P(increase) week 38->39,2027-03-21,0.577
2026/2027,Benue,state,P(decrease) week 38->39,2027-03-21,0.423
2026/2027,Benue,state,P(increase) week 39->40,2027-03-28,0.4405
2026/2027,Benue,state,P(decrease) week 39->40,2027-03-28,0.5595
2026/2027,Benue,state,P(increase) week 40->41,2027-04-04,0.5265
2026/2027,Benue,state,P(decrease) week 40->41,2027-04-04,0.4735
2026/2027,Benue,state,P(increase) week 41->42,2027-04-11,0.545
2026/2027,Benue,state,P(decrease) week 41->42,2027-04-11,0.455
2026/2027,Benue,state,P(increase) week 42->43,2027-04-18,0.4805
2026/2027,Benue,state,P(decrease) week 42->43,2027-04-18,0.5195
2026/2027,Benue,state,P(increase) week 43->44,2027-04-25,0.449
2026/2027,Benue,state,P(decrease) week 43->44,2027-04-25,0.551
2026/2027,Benue,state,P(increase) week 44->45,2027-05-02,0.3925
2026/2027,Benue,state,P(decrease) week 44->45,2027-05-02,0.6075
2026/2027,Benue,state,P(increase) week 45->46,2027-05-09,0.491
2026/2027,Benue,state,P(decrease) week 45->46,2027-05-09,0.509
2026/2027,Benue,state,P(increase) week 46->47,2027-05-16,0.5745
2026/2027,Benue,state,P(decrease) week 46->47,2027-05-16,0.4255
2026/2027,Benue,state,P(increase) week 47->48,2027-05-23,0.489
2026/2027,Benue,state,P(decrease) week 47->48,2027-05-23,0.511
2026/2027,Benue,state,P(increase) week 48->49,2027-05-30,0.5245
2026/2027,Benue,state,P(decrease) week 48->49,2027-05-30,0.4755
2026/2027,Benue,state,P(increase) week 49->50,2027-06-06,0.476
2026/2027,Benue,state,P(decrease) week 49->50,2027-06-06,0.524
2026/2027,Benue,state,P(increase) week 50->51,2027-06-13,0.5155
2026/2027,Benue,state,P(decrease) week 50->51,2027-06-13,0.4845
2026/2027,Benue,state,P(increase) week 51->52,2027-06-20,0.4815
2026/2027,Benue,state,P(decrease) week 51->52,2027-06-20,0.5185
2026/2027,Borno,state,P(peak in season weeks 1-4),2026-06-28,0.0
2026/2027,Borno,state,P(peak in season weeks 5-8),2026-07-26,0.003
2026/2027,Borno,state,P(peak in season weeks 9-12),2026-08-23,0.0005
2026/2027,Borno,state,P(peak in season weeks 13-16),2026-09-20,0.0375
2026/2027,Borno,state,P(peak in season weeks 17-20),2026-10-18,0.89
2026/2027,Borno,state,P(peak in season weeks 21-24),2026-11-15,0.006
2026/2027,Borno,state,P(peak in season weeks 25-28),2026-12-13,0.0585
2026/2027,Borno,state,P(peak in season weeks 29-32),2027-01-10,0.0045
2026/2027,Borno,state,P(peak in season weeks 33-36),2027-02-07,0.0
2026/2027,Borno,state,P(peak in season weeks 37-40),2027-03-07,0.0
2026/2027,Borno,state,P(peak in season weeks 41-44),2027-04-04,0.0
2026/2027,Borno,state,P(peak in season weeks 45-48),2027-05-02,0.0
2026/2027,Borno,state,P(peak in season weeks 49-52),2027-05-30,0.0
2026/2027,Borno,state,P(increase) week 1->2,2026-07-05,0.0
2026/2027,Borno,state,P(decrease) week 1->2,2026-07-05,1.0
2026/2027,Borno,state,P(increase) week 2->3,2026-07-12,0.481
2026/2027,Borno,state,P(decrease) week 2->3,2026-07-12,0.519
2026/2027,Borno,state,P(increase) week 3->4,2026-07-19,0.5235
2026/2027,Borno,state,P(decrease) week 3->4,2026-07-19,0.4765
2026/2027,Borno,state,P(increase) week 4->5,2026-07-26,0.5295
2026/2027,Borno,state,P(decrease) week 4->5,2026-07-26,0.4705
2026/2027,Borno,state,P(increase) week 5->6,2026-08-02,0.4955
2026/2027,Borno,state,P(decrease) week 5->6,2026-08-02,0.5045
2026/2027,Borno,state,P(increase) week 6->7,2026-08-09,0.554
2026/2027,Borno,state,P(decrease) week 6->7,2026-08-09,0.446
2026/2027,Borno,state,P(increase) week 7->8,2026-08-16,0.6225
2026/2027,Borno,state,P(decrease) week 7->8,2026-08-16,0.3775
2026/2027,Borno,state,P(increase) week 8->9,2026-08-23,0.7155
2026/2027,Borno,state,P(decrease) week 8->9,2026-08-23,0.2845
2026/2027,Borno,state,P(increase) week 9->10,2026-08-30,0.511
2026/2027,Borno,state,P(decrease) week 9->10,2026-08-30,0.489
2026/2027,Borno,state,P(increase) week 10->11,2026-09-06,0.6965
2026/2027,Borno,state,P(decrease) week 10->11,2026-09-06,0.3035
2026/2027,Borno,state,P(increase) week 11->12,2026-09-13,0.8675
2026/2027,Borno,state,P(decrease) week 11->12,2026-09-13,0.1325
2026/2027,Borno,state,P(increase) week 12->13,2026-09-20,0.992
2026/2027,Borno,state,P(decrease) week 12->13,2026-09-20,0.008
2026/2027,Borno,state,P(increase) week 13->14,2026-09-27,0.998
2026/2027,Borno,state,P(decrease) week 13->14,2026-09-27,0.002
2026/2027,Borno,state,P(increase) week 14->15,2026-10-04,0.9775
2026/2027,Borno,state,P(decrease) week 14->15,2026-10-04,0.0225
2026/2027,Borno,state,P(increase) week 15->16,2026-10-11,0.9255
2026/2027,Borno,state,P(decrease) week 15->16,2026-10-11,0.0745
2026/2027,Borno,state,P(increase) week 16->17,2026-10-18,0.846
2026/2027,Borno,state,P(decrease) week 16->17,2026-10-18,0.154
2026/2027,Borno,state,P(increase) week 17->18,2026-10-25,0.6155
2026/2027,Borno,state,P(decrease) week 17->18,2026-10-25,0.3845
2026/2027,Borno,state,P(increase) week 18->19,2026-11-01,0.237
2026/2027,Borno,state,P(decrease) week 18->19,2026-11-01,0.763
2026/2027,Borno,state,P(increase) week 19->20,2026-11-08,0.012
2026/2027,Borno,state,P(decrease) week 19->20,2026-11-08,0.988
2026/2027,Borno,state,P(increase) week 20->21,2026-11-15,0.005
2026/2027,Borno,state,P(decrease) week 20->21,2026-11-15,0.995
2026/2027,Borno,state,P(increase) week 21->22,2026-11-22,0.215
2026/2027,Borno,state,P(decrease) week 21->22,2026-11-22,0.785
2026/2027,Borno,state,P(increase) week 22->23,2026-11-29,0.692
2026/2027,Borno,state,P(decrease) week 22->23,2026-11-29,0.308
2026/2027,Borno,state,P(increase) week 23->24,2026-12-06,0.901
2026/2027,Borno,state,P(decrease) week 23->24,2026-12-06,0.099
2026/2027,Borno,state,P(increase) week 24->25,2026-12-13,0.926
2026/2027,Borno,state,P(decrease) week 24->25,2026-12-13,0.074
2026/2027,Borno,state,P(increase) week 25->26,2026-12-20,0.814
2026/2027,Borno,state,P(decrease) week 25->26,2026-12-20,0.186
2026/2027,Borno,state,P(increase) week 26->27,2026-12-27,0.558
2026/2027,Borno,state,P(decrease) week 26->27,2026-12-27,0.442
2026/2027,Borno,state,P(increase) week 27->28,2027-01-03,0.3685
2026/2027,Borno,state,P(decrease) week 27->28,2027-01-03,0.6315
2026/2027,Borno,state,P(increase) week 28->29,2027-01-10,0.1415
2026/2027,Borno,state,P(decrease) week 28->29,2027-01-10,0.8585
2026/2027,Borno,state,P(increase) week 29->30,2027-01-17,0.1125
2026/2027,Borno,state,P(decrease) week 29->30,2027-01-17,0.8875
2026/2027,Borno,state,P(increase) week 30->31,2027-01-24,0.041
2026/2027,Borno,state,P(decrease) week 30->31,2027-01-24,0.959
2026/2027,Borno,state,P(increase) week 31->32,2027-01-31,0.0685
2026/2027,Borno,state,P(decrease) week 31->32,2027-01-31,0.9315
2026/2027,Borno,state,P(increase) week 32->33,2027-02-07,0.1345
2026/2027,Borno,state,P(decrease) week 32->33,2027-02-07,0.8655
2026/2027,Borno,state,P(increase) week 33->34,2027-02-14,0.372
2026/2027,Borno,state,P(decrease) week 33->34,2027-02-14,0.628
2026/2027,Borno,state,P(increase) week 34->35,2027-02-21,0.379
2026/2027,Borno,state,P(decrease) week 34->35,2027-02-21,0.621
2026/2027,Borno,state,P(increase) week 35->36,2027-02-28,0.4395
2026/2027,Borno,state,P(decrease) week 35->36,2027-02-28,0.5605
2026/2027,Borno,state,P(increase) week 36->37,2027-03-07,0.519
2026/2027,Borno,state,P(decrease) week 36->37,2027-03-07,0.481
2026/2027,Borno,state,P(increase) week 37->38,2027-03-14,0.503
2026/2027,Borno,state,P(decrease) week 37->38,2027-03-14,0.497
2026/2027,Borno,state,P(increase) week 38->39,2027-03-21,0.4905
2026/2027,Borno,state,P(decrease) week 38->39,2027-03-21,0.5095
2026/2027,Borno,state,P(increase) week 39->40,2027-03-28,0.4725
2026/2027,Borno,state,P(decrease) week 39->40,2027-03-28,0.5275
2026/2027,Borno,state,P(increase) week 40->41,2027-04-04,0.4905
2026/2027,Borno,state,P(decrease) week 40->41,2027-04-04,0.5095
2026/2027,Borno,state,P(increase) week 41->42,2027-04-11,0.4755
2026/2027,Borno,state,P(decrease) week 41->42,2027-04-11,0.5245
2026/2027,Borno,state,P(increase) week 42->43,2027-04-18,0.4895
2026/2027,Borno,state,P(decrease) week 42->43,2027-04-18,0.5105
2026/2027,Borno,state,P(increase) week 43->44,2027-04-25,0.5055
2026/2027,Borno,state,P(decrease) week 43->44,2027-04-25,0.4945
2026/2027,Borno,state,P(increase) week 44->45,2027-05-02,0.5415
2026/2027,Borno,state,P(decrease) week 44->45,2027-05-02,0.4585
2026/2027,Borno,state,P(increase) week 45->46,2027-05-09,0.5095
2026/2027,Borno,state,P(decrease) week 45->46,2027-05-09,0.4905
2026/2027,Borno,state,P(increase) week 46->47,2027-05-16,0.573
2026/2027,Borno,state,P(decrease) week 46->47,2027-05-16,0.427
2026/2027,Borno,state,P(increase) week 47->48,2027-05-23,0.469
2026/2027,Borno,state,P(decrease) week 47->48,2027-05-23,0.531
2026/2027,Borno,state,P(increase) week 48->49,2027-05-30,0.51
2026/2027,Borno,state,P(decrease) week 48->49,2027-05-30,0.49
2026/2027,Borno,state,P(increase) week 49->50,2027-06-06,0.45
2026/2027,Borno,state,P(decrease) week 49->50,2027-06-06,0.55
2026/2027,Borno,state,P(increase) week 50->51,2027-06-13,0.446
2026/2027,Borno,state,P(decrease) week 50->51,2027-06-13,0.554
2026/2027,Borno,state,P(increase) week 51->52,2027-06-20,0.4205
2026/2027,Borno,state,P(decrease) week 51->52,2027-06-20,0.5795
2026/2027,Cross River,state,P(peak in season weeks 1-4),2026-06-28,0.0
2026/2027,Cross River,state,P(peak in season weeks 5-8),2026-07-26,0.003
2026/2027,Cross River,state,P(peak in season weeks 9-12),2026-08-23,0.007
2026/2027,Cross River,state,P(peak in season weeks 13-16),2026-09-20,0.948
2026/2027,Cross River,state,P(peak in season weeks 17-20),2026-10-18,0.021
2026/2027,Cross River,state,P(peak in season weeks 21-24),2026-11-15,0.014
2026/2027,Cross River,state,P(peak in season weeks 25-28),2026-12-13,0.0065
2026/2027,Cross River,state,P(peak in season weeks 29-32),2027-01-10,0.0005
2026/2027,Cross River,state,P(peak in season weeks 33-36),2027-02-07,0.0
2026/2027,Cross River,state,P(peak in season weeks 37-40),2027-03-07,0.0
2026/2027,Cross River,state,P(peak in season weeks 41-44),2027-04-04,0.0
2026/2027,Cross River,state,P(peak in season weeks 45-48),2027-05-02,0.0
2026/2027,Cross River,state,P(peak in season weeks 49-52),2027-05-30,0.0
2026/2027,Cross River,state,P(increase) week 1->2,2026-07-05,0.0
2026/2027,Cross River,state,P(decrease) week 1->2,2026-07-05,1.0
2026/2027,Cross River,state,P(increase) week 2->3,2026-07-12,0.5705
2026/2027,Cross River,state,P(decrease) week 2->3,2026-07-12,0.4295
2026/2027,Cross River,state,P(increase) week 3->4,2026-07-19,0.4965
2026/2027,Cross River,state,P(decrease) week 3->4,2026-07-19,0.5035
2026/2027,Cross River,state,P(increase) week 4->5,2026-07-26,0.59
2026/2027,Cross River,state,P(decrease) week 4->5,2026-07-26,0.41
2026/2027,Cross River,state,P(increase) week 5->6,2026-08-02,0.6205
2026/2027,Cross River,state,P(decrease) week 5->6,2026-08-02,0.3795
2026/2027,Cross River,state,P(increase) week 6->7,2026-08-09,0.5915
2026/2027,Cross River,state,P(decrease) week 6->7,2026-08-09,0.4085
2026/2027,Cross River,state,P(increase) week 7->8,2026-08-16,0.767
2026/2027,Cross River,state,P(decrease) week 7->8,2026-08-16,0.233
2026/2027,Cross River,state,P(increase) week 8->9,2026-08-23,0.8935
2026/2027,Cross River,state,P(decrease) week 8->9,2026-08-23,0.1065
2026/2027,Cross River,state,P(increase) week 9->10,2026-08-30,0.9955
2026/2027,Cross River,state,P(decrease) week 9->10,2026-08-30,0.0045
2026/2027,Cross River,state,P(increase) week 10->11,2026-09-06,0.9845
2026/2027,Cross River,state,P(decrease) week 10->11,2026-09-06,0.0155
2026/2027,Cross River,state,P(increase) week 11->12,2026-09-13,0.9915
2026/2027,Cross River,state,P(decrease) week 11->12,2026-09-13,0.0085
2026/2027,Cross River,state,P(increase) week 12->13,2026-09-20,0.971
2026/2027,Cross River,state,P(decrease) week 12->13,2026-09-20,0.029
2026/2027,Cross River,state,P(increase) week 13->14,2026-09-27,0.858
2026/2027,Cross River,state,P(decrease) week 13->14,2026-09-27,0.142
2026/2027,Cross River,state,P(increase) week 14->15,2026-10-04,0.6205
2026/2027,Cross River,state,P(decrease) week 14->15,2026-10-04,0.3795
2026/2027,Cross River,state,P(increase) week 15->16,2026-10-11,0.302
2026/2027,Cross River,state,P(decrease) week 15->16,2026-10-11,0.698
2026/2027,Cross River,state,P(increase) week 16->17,2026-10-18,0.0425
2026/2027,Cross River,state,P(decrease) week 16->17,2026-10-18,0.9575
2026/2027,Cross River,state,P(increase) week 17->18,2026-10-25,0.0
2026/2027,Cross River,state,P(decrease) week 17->18,2026-10-25,1.0
2026/2027,Cross River,state,P(increase) week 18->19,2026-11-01,0.0015
2026/2027,Cross River,state,P(decrease) week 18->19,2026-11-01,0.9985
2026/2027,Cross River,state,P(increase) week 19->20,2026-11-08,0.0535
2026/2027,Cross River,state,P(decrease) week 19->20,2026-11-08,0.9465
2026/2027,Cross River,state,P(increase) week 20->21,2026-11-15,0.4825
2026/2027,Cross River,state,P(decrease) week 20->21,2026-11-15,0.5175
2026/2027,Cross River,state,P(increase) week 21->22,2026-11-22,0.903
2026/2027,Cross River,state,P(decrease) week 21->22,2026-11-22,0.097
2026/2027,Cross River,state,P(increase) week 22->23,2026-11-29,0.8495
2026/2027,Cross River,state,P(decrease) week 22->23,2026-11-29,0.1505
2026/2027,Cross River,state,P(increase) week 23->24,2026-12-06,0.823
2026/2027,Cross River,state,P(decrease) week 23->24,2026-12-06,0.177
2026/2027,Cross River,state,P(increase) week 24->25,2026-12-13,0.9125
2026/2027,Cross River,state,P(decrease) week 24->25,2026-12-13,0.0875
2026/2027,Cross River,state,P(increase) week 25->26,2026-12-20,0.885
2026/2027,Cross River,state,P(decrease) week 25->26,2026-12-20,0.115
2026/2027,Cross River,state,P(increase) week 26->27,2026-12-27,0.5595
2026/2027,Cross River,state,P(decrease) week 26->27,2026-12-27,0.4405
2026/2027,Cross River,state,P(increase) week 27->28,2027-01-03,0.3075
2026/2027,Cross River,state,P(decrease) week 27->28,2027-01-03,0.6925
2026/2027,Cross River,state,P(increase) week 28->29,2027-01-10,0.2185
2026/2027,Cross River,state,P(decrease) week 28->29,2027-01-10,0.7815
2026/2027,Cross River,state,P(increase) week 29->30,2027-01-17,0.1545
2026/2027,Cross River,state,P(decrease) week 29->30,2027-01-17,0.8455
2026/2027,Cross River,state,P(increase) week 30->31,2027-01-24,0.044
2026/2027,Cross River,state,P(decrease) week 30->31,2027-01-24,0.956
2026/2027,Cross River,state,P(increase) week 31->32,2027-01-31,0.128
2026/2027,Cross River,state,P(decrease) week 31->32,2027-01-31,0.872
2026/2027,Cross River,state,P(increase) week 32->33,2027-02-07,0.2725
2026/2027,Cross River,state,P(decrease) week 32->33,2027-02-07,0.7275
2026/2027,Cross River,state,P(increase) week 33->34,2027-02-14,0.33
2026/2027,Cross River,state,P(decrease) week 33->34,2027-02-14,0.67
2026/2027,Cross River,state,P(increase) week 34->35,2027-02-21,0.31
2026/2027,Cross River,state,P(decrease) week 34->35,2027-02-21,0.69
2026/2027,Cross River,state,P(increase) week 35->36,2027-02-28,0.4765
2026/2027,Cross River,state,P(decrease) week 35->36,2027-02-28,0.522
2026/2027,Cross River,state,P(increase) week 36->37,2027-03-07,0.4765
2026/2027,Cross River,state,P(decrease) week 36->37,2027-03-07,0.5235
2026/2027,Cross River,state,P(increase) week 37->38,2027-03-14,0.529
2026/2027,Cross River,state,P(decrease) week 37->38,2027-03-14,0.471
2026/2027,Cross River,state,P(increase) week 38->39,2027-03-21,0.5035
2026/2027,Cross River,state,P(decrease) week 38->39,2027-03-21,0.4965
2026/2027,Cross River,state,P(increase) week 39->40,2027-03-28,0.493
2026/2027,Cross River,state,P(decrease) week 39->40,2027-03-28,0.507
2026/2027,Cross River,state,P(increase) week 40->41,2027-04-04,0.5145
2026/2027,Cross River,state,P(decrease) week 40->41,2027-04-04,0.4855
2026/2027,Cross River,state,P(increase) week 41->42,2027-04-11,0.429
2026/2027,Cross River,state,P(decrease) week 41->42,2027-04-11,0.571
2026/2027,Cross River,state,P(increase) week 42->43,2027-04-18,0.504
2026/2027,Cross River,state,P(decrease) week 42->43,2027-04-18,0.496
2026/2027,Cross River,state,P(increase) week 43->44,2027-04-25,0.519
2026/2027,Cross River,state,P(decrease) week 43->44,2027-04-25,0.481
2026/2027,Cross River,state,P(increase) week 44->45,2027-05-02,0.491
2026/2027,Cross River,state,P(decrease) week 44->45,2027-05-02,0.509
2026/2027,Cross River,state,P(increase) week 45->46,2027-05-09,0.5175
2026/2027,Cross River,state,P(decrease) week 45->46,2027-05-09,0.4825
2026/2027,Cross River,state,P(increase) week 46->47,2027-05-16,0.569
2026/2027,Cross River,state,P(decrease) week 46->47,2027-05-16,0.431
2026/2027,Cross River,state,P(increase) week 47->48,2027-05-23,0.5195
2026/2027,Cross River,state,P(decrease) week 47->48,2027-05-23,0.4755
2026/2027,Cross River,state,P(increase) week 48->49,2027-05-30,0.523
2026/2027,Cross River,state,P(decrease) week 48->49,2027-05-30,0.477
2026/2027,Cross River,state,P(increase) week 49->50,2027-06-06,0.461
2026/2027,Cross River,state,P(decrease) week 49->50,2027-06-06,0.539
2026/2027,Cross River,state,P(increase) week 50->51,2027-06-13,0.4735
2026/2027,Cross River,state,P(decrease) week 50->51,2027-06-13,0.5265
2026/2027,Cross River,state,P(increase) week 51->52,2027-06-20,0.484
2026/2027,Cross River,state,P(decrease) week 51->52,2027-06-20,0.516
2026/2027,Delta,state,P(peak in season weeks 1-4),2026-06-28,0.0
2026/2027,Delta,state,P(peak in season weeks 5-8),2026-07-26,0.0035
2026/2027,Delta,state,P(peak in season weeks 9-12),2026-08-23,0.011
2026/2027,Delta,state,P(peak in season weeks 13-16),2026-09-20,0.9285
2026/2027,Delta,state,P(peak in season weeks 17-20),2026-10-18,0.0405
2026/2027,Delta,state,P(peak in season weeks 21-24),2026-11-15,0.0085
2026/2027,Delta,state,P(peak in season weeks 25-28),2026-12-13,0.008
2026/2027,Delta,state,P(peak in season weeks 29-32),2027-01-10,0.0
2026/2027,Delta,state,P(peak in season weeks 33-36),2027-02-07,0.0
2026/2027,Delta,state,P(peak in season weeks 37-40),2027-03-07,0.0
2026/2027,Delta,state,P(peak in season weeks 41-44),2027-04-04,0.0
2026/2027,Delta,state,P(peak in season weeks 45-48),2027-05-02,0.0
2026/2027,Delta,state,P(peak in season weeks 49-52),2027-05-30,0.0
2026/2027,Delta,state,P(increase) week 1->2,2026-07-05,0.0
2026/2027,Delta,state,P(decrease) week 1->2,2026-07-05,1.0
2026/2027,Delta,state,P(increase) week 2->3,2026-07-12,0.5135
2026/2027,Delta,state,P(decrease) week 2->3,2026-07-12,0.4865
2026/2027,Delta,state,P(increase) week 3->4,2026-07-19,0.5275
2026/2027,Delta,state,P(decrease) week 3->4,2026-07-19,0.4725
2026/2027,Delta,state,P(increase) week 4->5,2026-07-26,0.532
2026/2027,Delta,state,P(decrease) week 4->5,2026-07-26,0.468
2026/2027,Delta,state,P(increase) week 5->6,2026-08-02,0.553
2026/2027,Delta,state,P(decrease) week 5->6,2026-08-02,0.447
2026/2027,Delta,state,P(increase) week 6->7,2026-08-09,0.6355
2026/2027,Delta,state,P(decrease) week 6->7,2026-08-09,0.3645
2026/2027,Delta,state,P(increase) week 7->8,2026-08-16,0.8105
2026/2027,Delta,state,P(decrease) week 7->8,2026-08-16,0.1895
2026/2027,Delta,state,P(increase) week 8->9,2026-08-23,0.9285
2026/2027,Delta,state,P(decrease) week 8->9,2026-08-23,0.0715
2026/2027,Delta,state,P(increase) week 9->10,2026-08-30,0.995
2026/2027,Delta,state,P(decrease) week 9->10,2026-08-30,0.005
2026/2027,Delta,state,P(increase) week 10->11,2026-09-06,0.9625
2026/2027,Delta,state,P(decrease) week 10->11,2026-09-06,0.0375
2026/2027,Delta,state,P(increase) week 11->12,2026-09-13,0.991
2026/2027,Delta,state,P(decrease) week 11->12,2026-09-13,0.009
2026/2027,Delta,state,P(increase) week 12->13,2026-09-20,0.9535
2026/2027,Delta,state,P(decrease) week 12->13,2026-09-20,0.0465
2026/2027,Delta,state,P(increase) week 13->14,2026-09-27,0.8785
2026/2027,Delta,state,P(decrease) week 13->14,2026-09-27,0.1215
2026/2027,Delta,state,P(increase) week 14->15,2026-10-04,0.701
2026/2027,Delta,state,P(decrease) week 14->15,2026-10-04,0.299
2026/2027,Delta,state,P(increase) week 15->16,2026-10-11,0.3835
2026/2027,Delta,state,P(decrease) week 15->16,2026-10-11,0.6165
2026/2027,Delta,state,P(increase) week 16->17,2026-10-18,0.0785
2026/2027,Delta,state,P(decrease) week 16->17,2026-10-18,0.9215
2026/2027,Delta,state,P(increase) week 17->18,2026-10-25,0.0015
2026/2027,Delta,state,P(decrease) week 17->18,2026-10-25,0.9985
2026/2027,Delta,state,P(increase) week 18->19,2026-11-01,0.004
2026/2027,Delta,state,P(decrease) week 18->19,2026-11-01,0.996
2026/2027,Delta,state,P(increase) week 19->20,2026-11-08,0.0615
2026/2027,Delta,state,P(decrease) week 19->20,2026-11-08,0.9385
2026/2027,Delta,state,P(increase) week 20->21,2026-11-15,0.377
2026/2027,Delta,state,P(decrease) week 20->21,2026-11-15,0.623
2026/2027,Delta,state,P(increase) week 21->22,2026-11-22,0.592
2026/2027,Delta,state,P(decrease) week 21->22,2026-11-22,0.408
2026/2027,Delta,state,P(increase) week 22->23,2026-11-29,0.763
2026/2027,Delta,state,P(decrease) week 22->23,2026-11-29,0.237
2026/2027,Delta,state,P(increase) week 23->24,2026-12-06,0.843
2026/2027,Delta,state,P(decrease) week 23->24,2026-12-06,0.157
2026/2027,Delta,state,P(increase) week 24->25,2026-12-13,0.885
2026/2027,Delta,state,P(decrease) week 24->25,2026-12-13,0.115
2026/2027,Delta,state,P(increase) week 25->26,2026-12-20,0.8195
2026/2027,Delta,state,P(decrease) week 25->26,2026-12-20,0.1805
2026/2027,Delta,state,P(increase) week 26->27,2026-12-27,0.663
2026/2027,Delta,state,P(decrease) week 26->27,2026-12-27,0.337
2026/2027,Delta,state,P(increase) week 27->28,2027-01-03,0.4545
2026/2027,Delta,state,P(decrease) week 27->28,2027-01-03,0.5455
2026/2027,Delta,state,P(increase) week 28->29,2027-01-10,0.259
2026/2027,Delta,state,P(decrease) week 28->29,2027-01-10,0.741
2026/2027,Delta,state,P(increase) week 29->30,2027-01-17,0.032
2026/2027,Delta,state,P(decrease) week 29->30,2027-01-17,0.968
2026/2027,Delta,state,P(increase) week 30->31,2027-01-24,0.032
2026/2027,Delta,state,P(decrease) week 30->31,2027-01-24,0.968
2026/2027,Delta,state,P(increase) week 31->32,2027-01-31,0.129
2026/2027,Delta,state,P(decrease) week 31->32,2027-01-31,0.871
2026/2027,Delta,state,P(increase) week 32->33,2027-02-07,0.1565
2026/2027,Delta,state,P(decrease) week 32->33,2027-02-07,0.8435
2026/2027,Delta,state,P(increase) week 33->34,2027-02-14,0.2635
2026/2027,Delta,state,P(decrease) week 33->34,2027-02-14,0.7365
2026/2027,Delta,state,P(increase) week 34->35,2027-02-21,0.3435
2026/2027,Delta,state,P(decrease) week 34->35,2027-02-21,0.6565
2026/2027,Delta,state,P(increase) week 35->36,2027-02-28,0.4335
2026/2027,Delta,state,P(decrease) week 35->36,2027-02-28,0.5665
2026/2027,Delta,state,P(increase) week 36->37,2027-03-07,0.53
2026/2027,Delta,state,P(decrease) week 36->37,2027-03-07,0.47
2026/2027,Delta,state,P(increase) week 37->38,2027-03-14,0.5
2026/2027,Delta,state,P(decrease) week 37->38,2027-03-14,0.5
2026/2027,Delta,state,P(increase) week 38->39,2027-03-21,0.539
2026/2027,Delta,state,P(decrease) week 38->39,2027-03-21,0.461
2026/2027,Delta,state,P(increase) week 39->40,2027-03-28,0.5225
2026/2027,Delta,state,P(decrease) week 39->40,2027-03-28,0.4775
2026/2027,Delta,state,P(increase) week 40->41,2027-04-04,0.543
2026/2027,Delta,state,P(decrease) week 40->41,2027-04-04,0.457
2026/2027,Delta,state,P(increase) week 41->42,2027-04-11,0.441
2026/2027,Delta,state,P(decrease) week 41->42,2027-04-11,0.559
2026/2027,Delta,state,P(increase) week 42->43,2027-04-18,0.3905
2026/2027,Delta,state,P(decrease) week 42->43,2027-04-18,0.6095
2026/2027,Delta,state,P(increase) week 43->44,2027-04-25,0.502
2026/2027,Delta,state,P(decrease) week 43->44,2027-04-25,0.498
2026/2027,Delta,state,P(increase) week 44->45,2027-05-02,0.4945
2026/2027,Delta,state,P(decrease) week 44->45,2027-05-02,0.5055
2026/2027,Delta,state,P(increase) week 45->46,2027-05-09,0.524
2026/2027,Delta,state,P(decrease) week 45->46,2027-05-09,0.476
2026/2027,Delta,state,P(increase) week 46->47,2027-05-16,0.4585
2026/2027,Delta,state,P(decrease) week 46->47,2027-05-16,0.5415
2026/2027,Delta,state,P(increase) week 47->48,2027-05-23,0.5535
2026/2027,Delta,state,P(decrease) week 47->48,2027-05-23,0.4465
2026/2027,Delta,state,P(increase) week 48->49,2027-05-30,0.443
2026/2027,Delta,state,P(decrease) week 48->49,2027-05-30,0.557
2026/2027,Delta,state,P(increase) week 49->50,2027-06-06,0.5075
2026/2027,Delta,state,P(decrease) week 49->50,2027-06-06,0.4925
2026/2027,Delta,state,P(increase) week 50->51,2027-06-13,0.4725
2026/2027,Delta,state,P(decrease) week 50->51,2027-06-13,0.5275
2026/2027,Delta,state,P(increase) week 51->52,2027-06-20,0.5665
2026/2027,Delta,state,P(decrease) week 51->52,2027-06-20,0.4335
2026/2027,Ebonyi,state,P(peak in season weeks 1-4),2026-06-28,0.0
2026/2027,Ebonyi,state,P(peak in season weeks 5-8),2026-07-26,0.003
2026/2027,Ebonyi,state,P(peak in season weeks 9-12),2026-08-23,0.0285
2026/2027,Ebonyi,state,P(peak in season weeks 13-16),2026-09-20,0.9175
2026/2027,Ebonyi,state,P(peak in season weeks 17-20),2026-10-18,0.0315
2026/2027,Ebonyi,state,P(peak in season weeks 21-24),2026-11-15,0.013
2026/2027,Ebonyi,state,P(peak in season weeks 25-28),2026-12-13,0.006
2026/2027,Ebonyi,state,P(peak in season weeks 29-32),2027-01-10,0.0005
2026/2027,Ebonyi,state,P(peak in season weeks 33-36),2027-02-07,0.0
2026/2027,Ebonyi,state,P(peak in season weeks 37-40),2027-03-07,0.0
2026/2027,Ebonyi,state,P(peak in season weeks 41-44),2027-04-04,0.0
2026/2027,Ebonyi,state,P(peak in season weeks 45-48),2027-05-02,0.0
2026/2027,Ebonyi,state,P(peak in season weeks 49-52),2027-05-30,0.0
2026/2027,Ebonyi,state,P(increase) week 1->2,2026-07-05,0.0
2026/2027,Ebonyi,state,P(decrease) week 1->2,2026-07-05,1.0
2026/2027,Ebonyi,state,P(increase) week 2->3,2026-07-12,0.507
2026/2027,Ebonyi,state,P(decrease) week 2->3,2026-07-12,0.493
2026/2027,Ebonyi,state,P(increase) week 3->4,2026-07-19,0.503
2026/2027,Ebonyi,state,P(decrease) week 3->4,2026-07-19,0.497
2026/2027,Ebonyi,state,P(increase) week 4->5,2026-07-26,0.5945
2026/2027,Ebonyi,state,P(decrease) week 4->5,2026-07-26,0.4055
2026/2027,Ebonyi,state,P(increase) week 5->6,2026-08-02,0.647
2026/2027,Ebonyi,state,P(decrease) week 5->6,2026-08-02,0.353
2026/2027,Ebonyi,state,P(increase) week 6->7,2026-08-09,0.758
2026/2027,Ebonyi,state,P(decrease) week 6->7,2026-08-09,0.242
2026/2027,Ebonyi,state,P(increase) week 7->8,2026-08-16,0.82
2026/2027,Ebonyi,state,P(decrease) week 7->8,2026-08-16,0.18
2026/2027,Ebonyi,state,P(increase) week 8->9,2026-08-23,0.903
2026/2027,Ebonyi,state,P(decrease) week 8->9,2026-08-23,0.097
2026/2027,Ebonyi,state,P(increase) week 9->10,2026-08-30,0.9855
2026/2027,Ebonyi,state,P(decrease) week 9->10,2026-08-30,0.0145
2026/2027,Ebonyi,state,P(increase) week 10->11,2026-09-06,0.9885
2026/2027,Ebonyi,state,P(decrease) week 10->11,2026-09-06,0.0115
2026/2027,Ebonyi,state,P(increase) week 11->12,2026-09-13,0.998
2026/2027,Ebonyi,state,P(decrease) week 11->12,2026-09-13,0.002
2026/2027,Ebonyi,state,P(increase) week 12->13,2026-09-20,0.964
2026/2027,Ebonyi,state,P(decrease) week 12->13,2026-09-20,0.036
2026/2027,Ebonyi,state,P(increase) week 13->14,2026-09-27,0.803
2026/2027,Ebonyi,state,P(decrease) week 13->14,2026-09-27,0.197
2026/2027,Ebonyi,state,P(increase) week 14->15,2026-10-04,0.5665
2026/2027,Ebonyi,state,P(decrease) week 14->15,2026-10-04,0.4335
2026/2027,Ebonyi,state,P(increase) week 15->16,2026-10-11,0.3085
2026/2027,Ebonyi,state,P(decrease) week 15->16,2026-10-11,0.6915
2026/2027,Ebonyi,state,P(increase) week 16->17,2026-10-18,0.192
2026/2027,Ebonyi,state,P(decrease) week 16->17,2026-10-18,0.808
2026/2027,Ebonyi,state,P(increase) week 17->18,2026-10-25,0.0075
2026/2027,Ebonyi,state,P(decrease) week 17->18,2026-10-25,0.9925
2026/2027,Ebonyi,state,P(increase) week 18->19,2026-11-01,0.0
2026/2027,Ebonyi,state,P(decrease) week 18->19,2026-11-01,1.0
2026/2027,Ebonyi,state,P(increase) week 19->20,2026-11-08,0.0495
2026/2027,Ebonyi,state,P(decrease) week 19->20,2026-11-08,0.9505
2026/2027,Ebonyi,state,P(increase) week 20->21,2026-11-15,0.3585
2026/2027,Ebonyi,state,P(decrease) week 20->21,2026-11-15,0.6415
2026/2027,Ebonyi,state,P(increase) week 21->22,2026-11-22,0.744
2026/2027,Ebonyi,state,P(decrease) week 21->22,2026-11-22,0.256
2026/2027,Ebonyi,state,P(increase) week 22->23,2026-11-29,0.88
2026/2027,Ebonyi,state,P(decrease) week 22->23,2026-11-29,0.12
2026/2027,Ebonyi,state,P(increase) week 23->24,2026-12-06,0.91
2026/2027,Ebonyi,state,P(decrease) week 23->24,2026-12-06,0.09
2026/2027,Ebonyi,state,P(increase) week 24->25,2026-12-13,0.933
2026/2027,Ebonyi,state,P(decrease) week 24->25,2026-12-13,0.067
2026/2027,Ebonyi,state,P(increase) week 25->26,2026-12-20,0.8925
2026/2027,Ebonyi,state,P(decrease) week 25->26,2026-12-20,0.1075
2026/2027,Ebonyi,state,P(increase) week 26->27,2026-12-27,0.7335
2026/2027,Ebonyi,state,P(decrease) week 26->27,2026-12-27,0.2665
2026/2027,Ebonyi,state,P(increase) week 27->28,2027-01-03,0.43
2026/2027,Ebonyi,state,P(decrease) week 27->28,2027-01-03,0.57
2026/2027,Ebonyi,state,P(increase) week 28->29,2027-01-10,0.163
2026/2027,Ebonyi,state,P(decrease) week 28->29,2027-01-10,0.837
2026/2027,Ebonyi,state,P(increase) week 29->30,2027-01-17,0.037
2026/2027,Ebonyi,state,P(decrease) week 29->30,2027-01-17,0.963
2026/2027,Ebonyi,state,P(increase) week 30->31,2027-01-24,0.035
2026/2027,Ebonyi,state,P(decrease) week 30->31,2027-01-24,0.965
2026/2027,Ebonyi,state,P(increase) week 31->32,2027-01-31,0.1205
2026/2027,Ebonyi,state,P(decrease) week 31->32,2027-01-31,0.8795
2026/2027,Ebonyi,state,P(increase) week 32->33,2027-02-07,0.245
2026/2027,Ebonyi,state,P(decrease) week 32->33,2027-02-07,0.755
2026/2027,Ebonyi,state,P(increase) week 33->34,2027-02-14,0.375
2026/2027,Ebonyi,state,P(decrease) week 33->34,2027-02-14,0.625
2026/2027,Ebonyi,state,P(increase) week 34->35,2027-02-21,0.2545
2026/2027,Ebonyi,state,P(decrease) week 34->35,2027-02-21,0.7455
2026/2027,Ebonyi,state,P(increase) week 35->36,2027-02-28,0.4195
2026/2027,Ebonyi,state,P(decrease) week 35->36,2027-02-28,0.5805
2026/2027,Ebonyi,state,P(increase) week 36->37,2027-03-07,0.454
2026/2027,Ebonyi,state,P(decrease) week 36->37,2027-03-07,0.546
2026/2027,Ebonyi,state,P(increase) week 37->38,2027-03-14,0.494
2026/2027,Ebonyi,state,P(decrease) week 37->38,2027-03-14,0.506
2026/2027,Ebonyi,state,P(increase) week 38->39,2027-03-21,0.462
2026/2027,Ebonyi,state,P(decrease) week 38->39,2027-03-21,0.538
2026/2027,Ebonyi,state,P(increase) week 39->40,2027-03-28,0.4515
2026/2027,Ebonyi,state,P(decrease) week 39->40,2027-03-28,0.5485
2026/2027,Ebonyi,state,P(increase) week 40->41,2027-04-04,0.509
2026/2027,Ebonyi,state,P(decrease) week 40->41,2027-04-04,0.491
2026/2027,Ebonyi,state,P(increase) week 41->42,2027-04-11,0.4865
2026/2027,Ebonyi,state,P(decrease) week 41->42,2027-04-11,0.5135
2026/2027,Ebonyi,state,P(increase) week 42->43,2027-04-18,0.4695
2026/2027,Ebonyi,state,P(decrease) week 42->43,2027-04-18,0.5305
2026/2027,Ebonyi,state,P(increase) week 43->44,2027-04-25,0.4955
2026/2027,Ebonyi,state,P(decrease) week 43->44,2027-04-25,0.5045
2026/2027,Ebonyi,state,P(increase) week 44->45,2027-05-02,0.4635
2026/2027,Ebonyi,state,P(decrease) week 44->45,2027-05-02,0.5365
2026/2027,Ebonyi,state,P(increase) week 45->46,2027-05-09,0.5575
2026/2027,Ebonyi,state,P(decrease) week 45->46,2027-05-09,0.4425
2026/2027,Ebonyi,state,P(increase) week 46->47,2027-05-16,0.5185
2026/2027,Ebonyi,state,P(decrease) week 46->47,2027-05-16,0.4815
2026/2027,Ebonyi,state,P(increase) week 47->48,2027-05-23,0.583
2026/2027,Ebonyi,state,P(decrease) week 47->48,2027-05-23,0.417
2026/2027,Ebonyi,state,P(increase) week 48->49,2027-05-30,0.431
2026/2027,Ebonyi,state,P(decrease) week 48->49,2027-05-30,0.569
2026/2027,Ebonyi,state,P(increase) week 49->50,2027-06-06,0.594
2026/2027,Ebonyi,state,P(decrease) week 49->50,2027-06-06,0.406
2026/2027,Ebonyi,state,P(increase) week 50->51,2027-06-13,0.5065
2026/2027,Ebonyi,state,P(decrease) week 50->51,2027-06-13,0.4935
2026/2027,Ebonyi,state,P(increase) week 51->52,2027-06-20,0.535
2026/2027,Ebonyi,state,P(decrease) week 51->52,2027-06-20,0.465
2026/2027,Edo,state,P(peak in season weeks 1-4),2026-06-28,0.0
2026/2027,Edo,state,P(peak in season weeks 5-8),2026-07-26,0.0035
2026/2027,Edo,state,P(peak in season weeks 9-12),2026-08-23,0.004
2026/2027,Edo,state,P(peak in season weeks 13-16),2026-09-20,0.956
2026/2027,Edo,state,P(peak in season weeks 17-20),2026-10-18,0.021
2026/2027,Edo,state,P(peak in season weeks 21-24),2026-11-15,0.01
2026/2027,Edo,state,P(peak in season weeks 25-28),2026-12-13,0.0055
2026/2027,Edo,state,P(peak in season weeks 29-32),2027-01-10,0.0
2026/2027,Edo,state,P(peak in season weeks 33-36),2027-02-07,0.0
2026/2027,Edo,state,P(peak in season weeks 37-40),2027-03-07,0.0
2026/2027,Edo,state,P(peak in season weeks 41-44),2027-04-04,0.0
2026/2027,Edo,state,P(peak in season weeks 45-48),2027-05-02,0.0
2026/2027,Edo,state,P(peak in season weeks 49-52),2027-05-30,0.0
2026/2027,Edo,state,P(increase) week 1->2,2026-07-05,0.0
2026/2027,Edo,state,P(decrease) week 1->2,2026-07-05,1.0
2026/2027,Edo,state,P(increase) week 2->3,2026-07-12,0.5755
2026/2027,Edo,state,P(decrease) week 2->3,2026-07-12,0.4245
2026/2027,Edo,state,P(increase) week 3->4,2026-07-19,0.583
2026/2027,Edo,state,P(decrease) week 3->4,2026-07-19,0.417
2026/2027,Edo,state,P(increase) week 4->5,2026-07-26,0.565
2026/2027,Edo,state,P(decrease) week 4->5,2026-07-26,0.435
2026/2027,Edo,state,P(increase) week 5->6,2026-08-02,0.4945
2026/2027,Edo,state,P(decrease) week 5->6,2026-08-02,0.5055
2026/2027,Edo,state,P(increase) week 6->7,2026-08-09,0.6625
2026/2027,Edo,state,P(decrease) week 6->7,2026-08-09,0.3375
2026/2027,Edo,state,P(increase) week 7->8,2026-08-16,0.766
2026/2027,Edo,state,P(decrease) week 7->8,2026-08-16,0.234
2026/2027,Edo,state,P(increase) week 8->9,2026-08-23,0.9485
2026/2027,Edo,state,P(decrease) week 8->9,2026-08-23,0.0515
2026/2027,Edo,state,P(increase) week 9->10,2026-08-30,0.975
2026/2027,Edo,state,P(decrease) week 9->10,2026-08-30,0.025
2026/2027,Edo,state,P(increase) week 10->11,2026-09-06,0.9905
2026/2027,Edo,state,P(decrease) week 10->11,2026-09-06,0.0095
2026/2027,Edo,state,P(increase) week 11->12,2026-09-13,0.992
2026/2027,Edo,state,P(decrease) week 11->12,2026-09-13,0.008
2026/2027,Edo,state,P(increase) week 12->13,2026-09-20,0.9845
2026/2027,Edo,state,P(decrease) week 12->13,2026-09-20,0.0155
2026/2027,Edo,state,P(increase) week 13->14,2026-09-27,0.9505
2026/2027,Edo,state,P(decrease) week 13->14,2026-09-27,0.0495
2026/2027,Edo,state,P(increase) week 14->15,2026-10-04,0.759
2026/2027,Edo,state,P(decrease) week 14->15,2026-10-04,0.241
2026/2027,Edo,state,P(increase) week 15->16,2026-10-11,0.3205
2026/2027,Edo,state,P(decrease) week 15->16,2026-10-11,0.6795
2026/2027,Edo,state,P(increase) week 16->17,2026-10-18,0.0315
2026/2027,Edo,state,P(decrease) week 16->17,2026-10-18,0.9685
2026/2027,Edo,state,P(increase) week 17->18,2026-10-25,0.0005
2026/2027,Edo,state,P(decrease) week 17->18,2026-10-25,0.9995
2026/2027,Edo,state,P(increase) week 18->19,2026-11-01,0.0055
2026/2027,Edo,state,P(decrease) week 18->19,2026-11-01,0.9945
2026/2027,Edo,state,P(increase) week 19->20,2026-11-08,0.095
2026/2027,Edo,state,P(decrease) week 19->20,2026-11-08,0.905
2026/2027,Edo,state,P(increase) week 20->21,2026-11-15,0.311
2026/2027,Edo,state,P(decrease) week 20->21,2026-11-15,0.689
2026/2027,Edo,state,P(increase) week 21->22,2026-11-22,0.607
2026/2027,Edo,state,P(decrease) week 21->22,2026-11-22,0.393
2026/2027,Edo,state,P(increase) week 22->23,2026-11-29,0.886
2026/2027,Edo,state,P(decrease) week 22->23,2026-11-29,0.114
2026/2027,Edo,state,P(increase) week 23->24,2026-12-06,0.968
2026/2027,Edo,state,P(decrease) week 23->24,2026-12-06,0.032
2026/2027,Edo,state,P(increase) week 24->25,2026-12-13,0.948
2026/2027,Edo,state,P(decrease) week 24->25,2026-12-13,0.052
2026/2027,Edo,state,P(increase) week 25->26,2026-12-20,0.916
2026/2027,Edo,state,P(decrease) week 25->26,2026-12-20,0.084
2026/2027,Edo,state,P(increase) week 26->27,2026-12-27,0.6435
2026/2027,Edo,state,P(decrease) week 26->27,2026-12-27,0.3565
2026/2027,Edo,state,P(increase) week 27->28,2027-01-03,0.3265
2026/2027,Edo,state,P(decrease) week 27->28,2027-01-03,0.6735
2026/2027,Edo,state,P(increase) week 28->29,2027-01-10,0.1275
2026/2027,Edo,state,P(decrease) week 28->29,2027-01-10,0.8725
2026/2027,Edo,state,P(increase) week 29->30,2027-01-17,0.03
2026/2027,Edo,state,P(decrease) week 29->30,2027-01-17,0.97
2026/2027,Edo,state,P(increase) week 30->31,2027-01-24,0.0645
2026/2027,Edo,state,P(decrease) week 30->31,2027-01-24,0.9355
2026/2027,Edo,state,P(increase) week 31->32,2027-01-31,0.1285
2026/2027,Edo,state,P(decrease) week 31->32,2027-01-31,0.8715
2026/2027,Edo,state,P(increase) week 32->33,2027-02-07,0.1575
2026/2027,Edo,state,P(decrease) week 32->33,2027-02-07,0.8425
2026/2027,Edo,state,P(increase) week 33->34,2027-02-14,0.2255
2026/2027,Edo,state,P(decrease) week 33->34,2027-02-14,0.7745
2026/2027,Edo,state,P(increase) week 34->35,2027-02-21,0.4445
2026/2027,Edo,state,P(decrease) week 34->35,2027-02-21,0.5555
2026/2027,Edo,state,P(increase) week 35->36,2027-02-28,0.4665
2026/2027,Edo,state,P(decrease) week 35->36,2027-02-28,0.5335
2026/2027,Edo,state,P(increase) week 36->37,2027-03-07,0.4525
2026/2027,Edo,state,P(decrease) week 36->37,2027-03-07,0.5475
2026/2027,Edo,state,P(increase) week 37->38,2027-03-14,0.365
2026/2027,Edo,state,P(decrease) week 37->38,2027-03-14,0.635
2026/2027,Edo,state,P(increase) week 38->39,2027-03-21,0.5215
2026/2027,Edo,state,P(decrease) week 38->39,2027-03-21,0.4785
2026/2027,Edo,state,P(increase) week 39->40,2027-03-28,0.5685
2026/2027,Edo,state,P(decrease) week 39->40,2027-03-28,0.4315
2026/2027,Edo,state,P(increase) week 40->41,2027-04-04,0.5405
2026/2027,Edo,state,P(decrease) week 40->41,2027-04-04,0.4595
2026/2027,Edo,state,P(increase) week 41->42,2027-04-11,0.5465
2026/2027,Edo,state,P(decrease) week 41->42,2027-04-11,0.4535
2026/2027,Edo,state,P(increase) week 42->43,2027-04-18,0.451
2026/2027,Edo,state,P(decrease) week 42->43,2027-04-18,0.549
2026/2027,Edo,state,P(increase) week 43->44,2027-04-25,0.5555
2026/2027,Edo,state,P(decrease) week 43->44,2027-04-25,0.4445
2026/2027,Edo,state,P(increase) week 44->45,2027-05-02,0.451
2026/2027,Edo,state,P(decrease) week 44->45,2027-05-02,0.549
2026/2027,Edo,state,P(increase) week 45->46,2027-05-09,0.462
2026/2027,Edo,state,P(decrease) week 45->46,2027-05-09,0.538
2026/2027,Edo,state,P(increase) week 46->47,2027-05-16,0.4675
2026/2027,Edo,state,P(decrease) week 46->47,2027-05-16,0.5325
2026/2027,Edo,state,P(increase) week 47->48,2027-05-23,0.558
2026/2027,Edo,state,P(decrease) week 47->48,2027-05-23,0.442
2026/2027,Edo,state,P(increase) week 48->49,2027-05-30,0.4575
2026/2027,Edo,state,P(decrease) week 48->49,2027-05-30,0.5425
2026/2027,Edo,state,P(increase) week 49->50,2027-06-06,0.5465
2026/2027,Edo,state,P(decrease) week 49->50,2027-06-06,0.4535
2026/2027,Edo,state,P(increase) week 50->51,2027-06-13,0.521
2026/2027,Edo,state,P(decrease) week 50->51,2027-06-13,0.479
2026/2027,Edo,state,P(increase) week 51->52,2027-06-20,0.5075
2026/2027,Edo,state,P(decrease) week 51->52,2027-06-20,0.4925
2026/2027,Ekiti,state,P(peak in season weeks 1-4),2026-06-28,0.0
2026/2027,Ekiti,state,P(peak in season weeks 5-8),2026-07-26,0.0035
2026/2027,Ekiti,state,P(peak in season weeks 9-12),2026-08-23,0.0045
2026/2027,Ekiti,state,P(peak in season weeks 13-16),2026-09-20,0.973
2026/2027,Ekiti,state,P(peak in season weeks 17-20),2026-10-18,0.004
2026/2027,Ekiti,state,P(peak in season weeks 21-24),2026-11-15,0.008
2026/2027,Ekiti,state,P(peak in season weeks 25-28),2026-12-13,0.007
2026/2027,Ekiti,state,P(peak in season weeks 29-32),2027-01-10,0.0
2026/2027,Ekiti,state,P(peak in season weeks 33-36),2027-02-07,0.0
2026/2027,Ekiti,state,P(peak in season weeks 37-40),2027-03-07,0.0
2026/2027,Ekiti,state,P(peak in season weeks 41-44),2027-04-04,0.0
2026/2027,Ekiti,state,P(peak in season weeks 45-48),2027-05-02,0.0
2026/2027,Ekiti,state,P(peak in season weeks 49-52),2027-05-30,0.0
2026/2027,Ekiti,state,P(increase) week 1->2,2026-07-05,0.0
2026/2027,Ekiti,state,P(decrease) week 1->2,2026-07-05,1.0
2026/2027,Ekiti,state,P(increase) week 2->3,2026-07-12,0.42
2026/2027,Ekiti,state,P(decrease) week 2->3,2026-07-12,0.58
2026/2027,Ekiti,state,P(increase) week 3->4,2026-07-19,0.455
2026/2027,Ekiti,state,P(decrease) week 3->4,2026-07-19,0.545
2026/2027,Ekiti,state,P(increase) week 4->5,2026-07-26,0.5605
2026/2027,Ekiti,state,P(decrease) week 4->5,2026-07-26,0.4395
2026/2027,Ekiti,state,P(increase) week 5->6,2026-08-02,0.607
2026/2027,Ekiti,state,P(decrease) week 5->6,2026-08-02,0.393
2026/2027,Ekiti,state,P(increase) week 6->7,2026-08-09,0.712
2026/2027,Ekiti,state,P(decrease) week 6->7,2026-08-09,0.288
2026/2027,Ekiti,state,P(increase) week 7->8,2026-08-16,0.752
2026/2027,Ekiti,state,P(decrease) week 7->8,2026-08-16,0.248
2026/2027,Ekiti,state,P(increase) week 8->9,2026-08-23,0.8855
2026/2027,Ekiti,state,P(decrease) week 8->9,2026-08-23,0.1145
2026/2027,Ekiti,state,P(increase) week 9->10,2026-08-30,0.986
2026/2027,Ekiti,state,P(decrease) week 9->10,2026-08-30,0.014
2026/2027,Ekiti,state,P(increase) week 10->11,2026-09-06,0.9905
2026/2027,Ekiti,state,P(decrease) week 10->11,2026-09-06,0.0095
2026/2027,Ekiti,state,P(increase) week 11->12,2026-09-13,0.998
2026/2027,Ekiti,state,P(decrease) week 11->12,2026-09-13,0.002
2026/2027,Ekiti,state,P(increase) week 12->13,2026-09-20,0.9775
2026/2027,Ekiti,state,P(decrease) week 12->13,2026-09-20,0.0225
2026/2027,Ekiti,state,P(increase) week 13->14,2026-09-27,0.8855
2026/2027,Ekiti,state,P(decrease) week 13->14,2026-09-27,0.1145
2026/2027,Ekiti,state,P(increase) week 14->15,2026-10-04,0.556
2026/2027,Ekiti,state,P(decrease) week 14->15,2026-10-04,0.444
2026/2027,Ekiti,state,P(increase) week 15->16,2026-10-11,0.239
2026/2027,Ekiti,state,P(decrease) week 15->16,2026-10-11,0.761
2026/2027,Ekiti,state,P(increase) week 16->17,2026-10-18,0.013
2026/2027,Ekiti,state,P(decrease) week 16->17,2026-10-18,0.987
2026/2027,Ekiti,state,P(increase) week 17->18,2026-10-25,0.0
2026/2027,Ekiti,state,P(decrease) week 17->18,2026-10-25,1.0
2026/2027,Ekiti,state,P(increase) week 18->19,2026-11-01,0.0015
2026/2027,Ekiti,state,P(decrease) week 18->19,2026-11-01,0.9985
2026/2027,Ekiti,state,P(increase) week 19->20,2026-11-08,0.1025
2026/2027,Ekiti,state,P(decrease) week 19->20,2026-11-08,0.8975
2026/2027,Ekiti,state,P(increase) week 20->21,2026-11-15,0.468
2026/2027,Ekiti,state,P(decrease) week 20->21,2026-11-15,0.532
2026/2027,Ekiti,state,P(increase) week 21->22,2026-11-22,0.7575
2026/2027,Ekiti,state,P(decrease) week 21->22,2026-11-22,0.2425
2026/2027,Ekiti,state,P(increase) week 22->23,2026-11-29,0.853
2026/2027,Ekiti,state,P(decrease) week 22->23,2026-11-29,0.147
2026/2027,Ekiti,state,P(increase) week 23->24,2026-12-06,0.911
2026/2027,Ekiti,state,P(decrease) week 23->24,2026-12-06,0.089
2026/2027,Ekiti,state,P(increase) week 24->25,2026-12-13,0.962
2026/2027,Ekiti,state,P(decrease) week 24->25,2026-12-13,0.038
2026/2027,Ekiti,state,P(increase) week 25->26,2026-12-20,0.9135
2026/2027,Ekiti,state,P(decrease) week 25->26,2026-12-20,0.0865
2026/2027,Ekiti,state,P(increase) week 26->27,2026-12-27,0.7245
2026/2027,Ekiti,state,P(decrease) week 26->27,2026-12-27,0.2755
2026/2027,Ekiti,state,P(increase) week 27->28,2027-01-03,0.3905
2026/2027,Ekiti,state,P(decrease) week 27->28,2027-01-03,0.6095
2026/2027,Ekiti,state,P(increase) week 28->29,2027-01-10,0.0965
2026/2027,Ekiti,state,P(decrease) week 28->29,2027-01-10,0.9035
2026/2027,Ekiti,state,P(increase) week 29->30,2027-01-17,0.0085
2026/2027,Ekiti,state,P(decrease) week 29->30,2027-01-17,0.9915
2026/2027,Ekiti,state,P(increase) week 30->31,2027-01-24,0.041
2026/2027,Ekiti,state,P(decrease) week 30->31,2027-01-24,0.959
2026/2027,Ekiti,state,P(increase) week 31->32,2027-01-31,0.2695
2026/2027,Ekiti,state,P(decrease) week 31->32,2027-01-31,0.7305
2026/2027,Ekiti,state,P(increase) week 32->33,2027-02-07,0.3015
2026/2027,Ekiti,state,P(decrease) week 32->33,2027-02-07,0.6985
2026/2027,Ekiti,state,P(increase) week 33->34,2027-02-14,0.278
2026/2027,Ekiti,state,P(decrease) week 33->34,2027-02-14,0.722
2026/2027,Ekiti,state,P(increase) week 34->35,2027-02-21,0.2735
2026/2027,Ekiti,state,P(decrease) week 34->35,2027-02-21,0.7265
2026/2027,Ekiti,state,P(increase) week 35->36,2027-02-28,0.479
2026/2027,Ekiti,state,P(decrease) week 35->36,2027-02-28,0.521
2026/2027,Ekiti,state,P(increase) week 36->37,2027-03-07,0.5415
2026/2027,Ekiti,state,P(decrease) week 36->37,2027-03-07,0.4585
2026/2027,Ekiti,state,P(increase) week 37->38,2027-03-14,0.528
2026/2027,Ekiti,state,P(decrease) week 37->38,2027-03-14,0.472
2026/2027,Ekiti,state,P(increase) week 38->39,2027-03-21,0.4815
2026/2027,Ekiti,state,P(decrease) week 38->39,2027-03-21,0.5185
2026/2027,Ekiti,state,P(increase) week 39->40,2027-03-28,0.515
2026/2027,Ekiti,state,P(decrease) week 39->40,2027-03-28,0.485
2026/2027,Ekiti,state,P(increase) week 40->41,2027-04-04,0.504
2026/2027,Ekiti,state,P(decrease) week 40->41,2027-04-04,0.496
2026/2027,Ekiti,state,P(increase) week 41->42,2027-04-11,0.5195
2026/2027,Ekiti,state,P(decrease) week 41->42,2027-04-11,0.4805
2026/2027,Ekiti,state,P(increase) week 42->43,2027-04-18,0.4365
2026/2027,Ekiti,state,P(decrease) week 42->43,2027-04-18,0.5635
2026/2027,Ekiti,state,P(increase) week 43->44,2027-04-25,0.502
2026/2027,Ekiti,state,P(decrease) week 43->44,2027-04-25,0.498
2026/2027,Ekiti,state,P(increase) week 44->45,2027-05-02,0.4955
2026/2027,Ekiti,state,P(decrease) week 44->45,2027-05-02,0.5045
2026/2027,Ekiti,state,P(increase) week 45->46,2027-05-09,0.532
2026/2027,Ekiti,state,P(decrease) week 45->46,2027-05-09,0.468
2026/2027,Ekiti,state,P(increase) week 46->47,2027-05-16,0.4585
2026/2027,Ekiti,state,P(decrease) week 46->47,2027-05-16,0.5415
2026/2027,Ekiti,state,P(increase) week 47->48,2027-05-23,0.5635
2026/2027,Ekiti,state,P(decrease) week 47->48,2027-05-23,0.4365
2026/2027,Ekiti,state,P(increase) week 48->49,2027-05-30,0.4915
2026/2027,Ekiti,state,P(decrease) week 48->49,2027-05-30,0.5025
2026/2027,Ekiti,state,P(increase) week 49->50,2027-06-06,0.4935
2026/2027,Ekiti,state,P(decrease) week 49->50,2027-06-06,0.5065
2026/2027,Ekiti,state,P(increase) week 50->51,2027-06-13,0.44
2026/2027,Ekiti,state,P(decrease) week 50->51,2027-06-13,0.56
2026/2027,Ekiti,state,P(increase) week 51->52,2027-06-20,0.506
2026/2027,Ekiti,state,P(decrease) week 51->52,2027-06-20,0.494
2026/2027,Enugu,state,P(peak in season weeks 1-4),2026-06-28,0.0
2026/2027,Enugu,state,P(peak in season weeks 5-8),2026-07-26,0.003
2026/2027,Enugu,state,P(peak in season weeks 9-12),2026-08-23,0.008
2026/2027,Enugu,state,P(peak in season weeks 13-16),2026-09-20,0.9165
2026/2027,Enugu,state,P(peak in season weeks 17-20),2026-10-18,0.0535
2026/2027,Enugu,state,P(peak in season weeks 21-24),2026-11-15,0.014
2026/2027,Enugu,state,P(peak in season weeks 25-28),2026-12-13,0.0045
2026/2027,Enugu,state,P(peak in season weeks 29-32),2027-01-10,0.0005
2026/2027,Enugu,state,P(peak in season weeks 33-36),2027-02-07,0.0
2026/2027,Enugu,state,P(peak in season weeks 37-40),2027-03-07,0.0
2026/2027,Enugu,state,P(peak in season weeks 41-44),2027-04-04,0.0
2026/2027,Enugu,state,P(peak in season weeks 45-48),2027-05-02,0.0
2026/2027,Enugu,state,P(peak in season weeks 49-52),2027-05-30,0.0
2026/2027,Enugu,state,P(increase) week 1->2,2026-07-05,0.0
2026/2027,Enugu,state,P(decrease) week 1->2,2026-07-05,1.0
2026/2027,Enugu,state,P(increase) week 2->3,2026-07-12,0.4905
2026/2027,Enugu,state,P(decrease) week 2->3,2026-07-12,0.5095
2026/2027,Enugu,state,P(increase) week 3->4,2026-07-19,0.4625
2026/2027,Enugu,state,P(decrease) week 3->4,2026-07-19,0.5375
2026/2027,Enugu,state,P(increase) week 4->5,2026-07-26,0.514
2026/2027,Enugu,state,P(decrease) week 4->5,2026-07-26,0.486
2026/2027,Enugu,state,P(increase) week 5->6,2026-08-02,0.5255
2026/2027,Enugu,state,P(decrease) week 5->6,2026-08-02,0.4745
2026/2027,Enugu,state,P(increase) week 6->7,2026-08-09,0.721
2026/2027,Enugu,state,P(decrease) week 6->7,2026-08-09,0.279
2026/2027,Enugu,state,P(increase) week 7->8,2026-08-16,0.786
2026/2027,Enugu,state,P(decrease) week 7->8,2026-08-16,0.214
2026/2027,Enugu,state,P(increase) week 8->9,2026-08-23,0.927
2026/2027,Enugu,state,P(decrease) week 8->9,2026-08-23,0.073
2026/2027,Enugu,state,P(increase) week 9->10,2026-08-30,0.9795
2026/2027,Enugu,state,P(decrease) week 9->10,2026-08-30,0.0205
2026/2027,Enugu,state,P(increase) week 10->11,2026-09-06,0.9785
2026/2027,Enugu,state,P(decrease) week 10->11,2026-09-06,0.0215
2026/2027,Enugu,state,P(increase) week 11->12,2026-09-13,0.965
2026/2027,Enugu,state,P(decrease) week 11->12,2026-09-13,0.035
2026/2027,Enugu,state,P(increase) week 12->13,2026-09-20,0.9695
2026/2027,Enugu,state,P(decrease) week 12->13,2026-09-20,0.0305
2026/2027,Enugu,state,P(increase) week 13->14,2026-09-27,0.901
2026/2027,Enugu,state,P(decrease) week 13->14,2026-09-27,0.099
2026/2027,Enugu,state,P(increase) week 14->15,2026-10-04,0.692
2026/2027,Enugu,state,P(decrease) week 14->15,2026-10-04,0.308
2026/2027,Enugu,state,P(increase) week 15->16,2026-10-11,0.4655
2026/2027,Enugu,state,P(decrease) week 15->16,2026-10-11,0.5345
2026/2027,Enugu,state,P(increase) week 16->17,2026-10-18,0.0725
2026/2027,Enugu,state,P(decrease) week 16->17,2026-10-18,0.9275
2026/2027,Enugu,state,P(increase) week 17->18,2026-10-25,0.002
2026/2027,Enugu,state,P(decrease) week 17->18,2026-10-25,0.998
2026/2027,Enugu,state,P(increase) week 18->19,2026-11-01,0.007
2026/2027,Enugu,state,P(decrease) week 18->19,2026-11-01,0.993
2026/2027,Enugu,state,P(increase) week 19->20,2026-11-08,0.1175
2026/2027,Enugu,state,P(decrease) week 19->20,2026-11-08,0.8825
2026/2027,Enugu,state,P(increase) week 20->21,2026-11-15,0.4405
2026/2027,Enugu,state,P(decrease) week 20->21,2026-11-15,0.5595
2026/2027,Enugu,state,P(increase) week 21->22,2026-11-22,0.815
2026/2027,Enugu,state,P(decrease) week 21->22,2026-11-22,0.185
2026/2027,Enugu,state,P(increase) week 22->23,2026-11-29,0.9305
2026/2027,Enugu,state,P(decrease) week 22->23,2026-11-29,0.0695
2026/2027,Enugu,state,P(increase) week 23->24,2026-12-06,0.9415
2026/2027,Enugu,state,P(decrease) week 23->24,2026-12-06,0.0585
2026/2027,Enugu,state,P(increase) week 24->25,2026-12-13,0.955
2026/2027,Enugu,state,P(decrease) week 24->25,2026-12-13,0.045
2026/2027,Enugu,state,P(increase) week 25->26,2026-12-20,0.9365
2026/2027,Enugu,state,P(decrease) week 25->26,2026-12-20,0.0635
2026/2027,Enugu,state,P(increase) week 26->27,2026-12-27,0.6455
2026/2027,Enugu,state,P(decrease) week 26->27,2026-12-27,0.3545
2026/2027,Enugu,state,P(increase) week 27->28,2027-01-03,0.276
2026/2027,Enugu,state,P(decrease) week 27->28,2027-01-03,0.724
2026/2027,Enugu,state,P(increase) week 28->29,2027-01-10,0.1545
2026/2027,Enugu,state,P(decrease) week 28->29,2027-01-10,0.8455
2026/2027,Enugu,state,P(increase) week 29->30,2027-01-17,0.064
2026/2027,Enugu,state,P(decrease) week 29->30,2027-01-17,0.936
2026/2027,Enugu,state,P(increase) week 30->31,2027-01-24,0.118
2026/2027,Enugu,state,P(decrease) week 30->31,2027-01-24,0.882
2026/2027,Enugu,state,P(increase) week 31->32,2027-01-31,0.137
2026/2027,Enugu,state,P(decrease) week 31->32,2027-01-31,0.863
2026/2027,Enugu,state,P(increase) week 32->33,2027-02-07,0.1615
2026/2027,Enugu,state,P(decrease) week 32->33,2027-02-07,0.8385
2026/2027,Enugu,state,P(increase) week 33->34,2027-02-14,0.27
2026/2027,Enugu,state,P(decrease) week 33->34,2027-02-14,0.73
2026/2027,Enugu,state,P(increase) week 34->35,2027-02-21,0.397
2026/2027,Enugu,state,P(decrease) week 34->35,2027-02-21,0.603
2026/2027,Enugu,state,P(increase) week 35->36,2027-02-28,0.37
2026/2027,Enugu,state,P(decrease) week 35->36,2027-02-28,0.63
2026/2027,Enugu,state,P(increase) week 36->37,2027-03-07,0.485
2026/2027,Enugu,state,P(decrease) week 36->37,2027-03-07,0.515
2026/2027,Enugu,state,P(increase) week 37->38,2027-03-14,0.5295
2026/2027,Enugu,state,P(decrease) week 37->38,2027-03-14,0.4705
2026/2027,Enugu,state,P(increase) week 38->39,2027-03-21,0.5185
2026/2027,Enugu,state,P(decrease) week 38->39,2027-03-21,0.4815
2026/2027,Enugu,state,P(increase) week 39->40,2027-03-28,0.514
2026/2027,Enugu,state,P(decrease) week 39->40,2027-03-28,0.486
2026/2027,Enugu,state,P(increase) week 40->41,2027-04-04,0.433
2026/2027,Enugu,state,P(decrease) week 40->41,2027-04-04,0.567
2026/2027,Enugu,state,P(increase) week 41->42,2027-04-11,0.5175
2026/2027,Enugu,state,P(decrease) week 41->42,2027-04-11,0.4825
2026/2027,Enugu,state,P(increase) week 42->43,2027-04-18,0.489
2026/2027,Enugu,state,P(decrease) week 42->43,2027-04-18,0.511
2026/2027,Enugu,state,P(increase) week 43->44,2027-04-25,0.5795
2026/2027,Enugu,state,P(decrease) week 43->44,2027-04-25,0.4205
2026/2027,Enugu,state,P(increase) week 44->45,2027-05-02,0.503
2026/2027,Enugu,state,P(decrease) week 44->45,2027-05-02,0.497
2026/2027,Enugu,state,P(increase) week 45->46,2027-05-09,0.511
2026/2027,Enugu,state,P(decrease) week 45->46,2027-05-09,0.489
2026/2027,Enugu,state,P(increase) week 46->47,2027-05-16,0.455
2026/2027,Enugu,state,P(decrease) week 46->47,2027-05-16,0.545
2026/2027,Enugu,state,P(increase) week 47->48,2027-05-23,0.4305
2026/2027,Enugu,state,P(decrease) week 47->48,2027-05-23,0.5695
2026/2027,Enugu,state,P(increase) week 48->49,2027-05-30,0.5045
2026/2027,Enugu,state,P(decrease) week 48->49,2027-05-30,0.4955
2026/2027,Enugu,state,P(increase) week 49->50,2027-06-06,0.4365
2026/2027,Enugu,state,P(decrease) week 49->50,2027-06-06,0.5635
2026/2027,Enugu,state,P(increase) week 50->51,2027-06-13,0.604
2026/2027,Enugu,state,P(decrease) week 50->51,2027-06-13,0.396
2026/2027,Enugu,state,P(increase) week 51->52,2027-06-20,0.518
2026/2027,Enugu,state,P(decrease) week 51->52,2027-06-20,0.482
2026/2027,FCT,state,P(peak in season weeks 1-4),2026-06-28,0.0
2026/2027,FCT,state,P(peak in season weeks 5-8),2026-07-26,0.0025
2026/2027,FCT,state,P(peak in season weeks 9-12),2026-08-23,0.002
2026/2027,FCT,state,P(peak in season weeks 13-16),2026-09-20,0.7835
2026/2027,FCT,state,P(peak in season weeks 17-20),2026-10-18,0.1785
2026/2027,FCT,state,P(peak in season weeks 21-24),2026-11-15,0.015
2026/2027,FCT,state,P(peak in season weeks 25-28),2026-12-13,0.0165
2026/2027,FCT,state,P(peak in season weeks 29-32),2027-01-10,0.002
2026/2027,FCT,state,P(peak in season weeks 33-36),2027-02-07,0.0
2026/2027,FCT,state,P(peak in season weeks 37-40),2027-03-07,0.0
2026/2027,FCT,state,P(peak in season weeks 41-44),2027-04-04,0.0
2026/2027,FCT,state,P(peak in season weeks 45-48),2027-05-02,0.0
2026/2027,FCT,state,P(peak in season weeks 49-52),2027-05-30,0.0
2026/2027,FCT,state,P(increase) week 1->2,2026-07-05,0.0
2026/2027,FCT,state,P(decrease) week 1->2,2026-07-05,1.0
2026/2027,FCT,state,P(increase) week 2->3,2026-07-12,0.4615
2026/2027,FCT,state,P(decrease) week 2->3,2026-07-12,0.5385
2026/2027,FCT,state,P(increase) week 3->4,2026-07-19,0.509
2026/2027,FCT,state,P(decrease) week 3->4,2026-07-19,0.491
2026/2027,FCT,state,P(increase) week 4->5,2026-07-26,0.53
2026/2027,FCT,state,P(decrease) week 4->5,2026-07-26,0.47
2026/2027,FCT,state,P(increase) week 5->6,2026-08-02,0.547
2026/2027,FCT,state,P(decrease) week 5->6,2026-08-02,0.453
2026/2027,FCT,state,P(increase) week 6->7,2026-08-09,0.579
2026/2027,FCT,state,P(decrease) week 6->7,2026-08-09,0.421
2026/2027,FCT,state,P(increase) week 7->8,2026-08-16,0.6625
2026/2027,FCT,state,P(decrease) week 7->8,2026-08-16,0.3375
2026/2027,FCT,state,P(increase) week 8->9,2026-08-23,0.8675
2026/2027,FCT,state,P(decrease) week 8->9,2026-08-23,0.1325
2026/2027,FCT,state,P(increase) week 9->10,2026-08-30,0.905
2026/2027,FCT,state,P(decrease) week 9->10,2026-08-30,0.095
2026/2027,FCT,state,P(increase) week 10->11,2026-09-06,0.9465
2026/2027,FCT,state,P(decrease) week 10->11,2026-09-06,0.0535
2026/2027,FCT,state,P(increase) week 11->12,2026-09-13,0.986
2026/2027,FCT,state,P(decrease) week 11->12,2026-09-13,0.014
2026/2027,FCT,state,P(increase) week 12->13,2026-09-20,0.997
2026/2027,FCT,state,P(decrease) week 12->13,2026-09-20,0.003
2026/2027,FCT,state,P(increase) week 13->14,2026-09-27,0.98
2026/2027,FCT,state,P(decrease) week 13->14,2026-09-27,0.02
2026/2027,FCT,state,P(increase) week 14->15,2026-10-04,0.8345
2026/2027,FCT,state,P(decrease) week 14->15,2026-10-04,0.1655
2026/2027,FCT,state,P(increase) week 15->16,2026-10-11,0.508
2026/2027,FCT,state,P(decrease) week 15->16,2026-10-11,0.492
2026/2027,FCT,state,P(increase) week 16->17,2026-10-18,0.2445
2026/2027,FCT,state,P(decrease) week 16->17,2026-10-18,0.7555
2026/2027,FCT,state,P(increase) week 17->18,2026-10-25,0.08
2026/2027,FCT,state,P(decrease) week 17->18,2026-10-25,0.92
2026/2027,FCT,state,P(increase) week 18->19,2026-11-01,0.0055
2026/2027,FCT,state,P(decrease) week 18->19,2026-11-01,0.9945
2026/2027,FCT,state,P(increase) week 19->20,2026-11-08,0.0285
2026/2027,FCT,state,P(decrease) week 19->20,2026-11-08,0.9715
2026/2027,FCT,state,P(increase) week 20->21,2026-11-15,0.2525
2026/2027,FCT,state,P(decrease) week 20->21,2026-11-15,0.7475
2026/2027,FCT,state,P(increase) week 21->22,2026-11-22,0.5885
2026/2027,FCT,state,P(decrease) week 21->22,2026-11-22,0.4115
2026/2027,FCT,state,P(increase) week 22->23,2026-11-29,0.8305
2026/2027,FCT,state,P(decrease) week 22->23,2026-11-29,0.1695
2026/2027,FCT,state,P(increase) week 23->24,2026-12-06,0.9515
2026/2027,FCT,state,P(decrease) week 23->24,2026-12-06,0.0485
2026/2027,FCT,state,P(increase) week 24->25,2026-12-13,0.931
2026/2027,FCT,state,P(decrease) week 24->25,2026-12-13,0.069
2026/2027,FCT,state,P(increase) week 25->26,2026-12-20,0.907
2026/2027,FCT,state,P(decrease) week 25->26,2026-12-20,0.093
2026/2027,FCT,state,P(increase) week 26->27,2026-12-27,0.7595
2026/2027,FCT,state,P(decrease) week 26->27,2026-12-27,0.2405
2026/2027,FCT,state,P(increase) week 27->28,2027-01-03,0.425
2026/2027,FCT,state,P(decrease) week 27->28,2027-01-03,0.575
2026/2027,FCT,state,P(increase) week 28->29,2027-01-10,0.092
2026/2027,FCT,state,P(decrease) week 28->29,2027-01-10,0.908
2026/2027,FCT,state,P(increase) week 29->30,2027-01-17,0.0305
2026/2027,FCT,state,P(decrease) week 29->30,2027-01-17,0.9695
2026/2027,FCT,state,P(increase) week 30->31,2027-01-24,0.018
2026/2027,FCT,state,P(decrease) week 30->31,2027-01-24,0.982
2026/2027,FCT,state,P(increase) week 31->32,2027-01-31,0.095
2026/2027,FCT,state,P(decrease) week 31->32,2027-01-31,0.905
2026/2027,FCT,state,P(increase) week 32->33,2027-02-07,0.218
2026/2027,FCT,state,P(decrease) week 32->33,2027-02-07,0.782
2026/2027,FCT,state,P(increase) week 33->34,2027-02-14,0.3295
2026/2027,FCT,state,P(decrease) week 33->34,2027-02-14,0.6705
2026/2027,FCT,state,P(increase) week 34->35,2027-02-21,0.3705
2026/2027,FCT,state,P(decrease) week 34->35,2027-02-21,0.6295
2026/2027,FCT,state,P(increase) week 35->36,2027-02-28,0.487
2026/2027,FCT,state,P(decrease) week 35->36,2027-02-28,0.5115
2026/2027,FCT,state,P(increase) week 36->37,2027-03-07,0.436
2026/2027,FCT,state,P(decrease) week 36->37,2027-03-07,0.564
2026/2027,FCT,state,P(increase) week 37->38,2027-03-14,0.4475
2026/2027,FCT,state,P(decrease) week 37->38,2027-03-14,0.5525
2026/2027,FCT,state,P(increase) week 38->39,2027-03-21,0.5125
2026/2027,FCT,state,P(decrease) week 38->39,2027-03-21,0.4875
2026/2027,FCT,state,P(increase) week 39->40,2027-03-28,0.547
2026/2027,FCT,state,P(decrease) week 39->40,2027-03-28,0.453
2026/2027,FCT,state,P(increase) week 40->41,2027-04-04,0.4895
2026/2027,FCT,state,P(decrease) week 40->41,2027-04-04,0.5085
2026/2027,FCT,state,P(increase) week 41->42,2027-04-11,0.448
2026/2027,FCT,state,P(decrease) week 41->42,2027-04-11,0.552
2026/2027,FCT,state,P(increase) week 42->43,2027-04-18,0.465
2026/2027,FCT,state,P(decrease) week 42->43,2027-04-18,0.535
2026/2027,FCT,state,P(increase) week 43->44,2027-04-25,0.492
2026/2027,FCT,state,P(decrease) week 43->44,2027-04-25,0.508
2026/2027,FCT,state,P(increase) week 44->45,2027-05-02,0.511
2026/2027,FCT,state,P(decrease) week 44->45,2027-05-02,0.489
2026/2027,FCT,state,P(increase) week 45->46,2027-05-09,0.4775
2026/2027,FCT,state,P(decrease) week 45->46,2027-05-09,0.5225
2026/2027,FCT,state,P(increase) week 46->47,2027-05-16,0.459
2026/2027,FCT,state,P(decrease) week 46->47,2027-05-16,0.541
2026/2027,FCT,state,P(increase) week 47->48,2027-05-23,0.54
2026/2027,FCT,state,P(decrease) week 47->48,2027-05-23,0.46
2026/2027,FCT,state,P(increase) week 48->49,2027-05-30,0.4965
2026/2027,FCT,state,P(decrease) week 48->49,2027-05-30,0.5035
2026/2027,FCT,state,P(increase) week 49->50,2027-06-06,0.524
2026/2027,FCT,state,P(decrease) week 49->50,2027-06-06,0.476
2026/2027,FCT,state,P(increase) week 50->51,2027-06-13,0.4485
2026/2027,FCT,state,P(decrease) week 50->51,2027-06-13,0.5515
2026/2027,FCT,state,P(increase) week 51->52,2027-06-20,0.4795
2026/2027,FCT,state,P(decrease) week 51->52,2027-06-20,0.5205
2026/2027,Gombe,state,P(peak in season weeks 1-4),2026-06-28,0.0
2026/2027,Gombe,state,P(peak in season weeks 5-8),2026-07-26,0.003
2026/2027,Gombe,state,P(peak in season weeks 9-12),2026-08-23,0.0
2026/2027,Gombe,state,P(peak in season weeks 13-16),2026-09-20,0.0985
2026/2027,Gombe,state,P(peak in season weeks 17-20),2026-10-18,0.8325
2026/2027,Gombe,state,P(peak in season weeks 21-24),2026-11-15,0.0075
2026/2027,Gombe,state,P(peak in season weeks 25-28),2026-12-13,0.0545
2026/2027,Gombe,state,P(peak in season weeks 29-32),2027-01-10,0.004
2026/2027,Gombe,state,P(peak in season weeks 33-36),2027-02-07,0.0
2026/2027,Gombe,state,P(peak in season weeks 37-40),2027-03-07,0.0
2026/2027,Gombe,state,P(peak in season weeks 41-44),2027-04-04,0.0
2026/2027,Gombe,state,P(peak in season weeks 45-48),2027-05-02,0.0
2026/2027,Gombe,state,P(peak in season weeks 49-52),2027-05-30,0.0
2026/2027,Gombe,state,P(increase) week 1->2,2026-07-05,0.0
2026/2027,Gombe,state,P(decrease) week 1->2,2026-07-05,1.0
2026/2027,Gombe,state,P(increase) week 2->3,2026-07-12,0.4955
2026/2027,Gombe,state,P(decrease) week 2->3,2026-07-12,0.5045
2026/2027,Gombe,state,P(increase) week 3->4,2026-07-19,0.549
2026/2027,Gombe,state,P(decrease) week 3->4,2026-07-19,0.451
2026/2027,Gombe,state,P(increase) week 4->5,2026-07-26,0.545
2026/2027,Gombe,state,P(decrease) week 4->5,2026-07-26,0.455
2026/2027,Gombe,state,P(increase) week 5->6,2026-08-02,0.47
2026/2027,Gombe,state,P(decrease) week 5->6,2026-08-02,0.53
2026/2027,Gombe,state,P(increase) week 6->7,2026-08-09,0.475
2026/2027,Gombe,state,P(decrease) week 6->7,2026-08-09,0.525
2026/2027,Gombe,state,P(increase) week 7->8,2026-08-16,0.604
2026/2027,Gombe,state,P(decrease) week 7->8,2026-08-16,0.396
2026/2027,Gombe,state,P(increase) week 8->9,2026-08-23,0.6355
2026/2027,Gombe,state,P(decrease) week 8->9,2026-08-23,0.3645
2026/2027,Gombe,state,P(increase) week 9->10,2026-08-30,0.5865
2026/2027,Gombe,state,P(decrease) week 9->10,2026-08-30,0.4135
2026/2027,Gombe,state,P(increase) week 10->11,2026-09-06,0.7585
2026/2027,Gombe,state,P(decrease) week 10->11,2026-09-06,0.2415
2026/2027,Gombe,state,P(increase) week 11->12,2026-09-13,0.879
2026/2027,Gombe,state,P(decrease) week 11->12,2026-09-13,0.121
2026/2027,Gombe,state,P(increase) week 12->13,2026-09-20,0.9705
2026/2027,Gombe,state,P(decrease) week 12->13,2026-09-20,0.0295
2026/2027,Gombe,state,P(increase) week 13->14,2026-09-27,0.997
2026/2027,Gombe,state,P(decrease) week 13->14,2026-09-27,0.003
2026/2027,Gombe,state,P(increase) week 14->15,2026-10-04,0.9845
2026/2027,Gombe,state,P(decrease) week 14->15,2026-10-04,0.0155
2026/2027,Gombe,state,P(increase) week 15->16,2026-10-11,0.955
2026/2027,Gombe,state,P(decrease) week 15->16,2026-10-11,0.045
2026/2027,Gombe,state,P(increase) week 16->17,2026-10-18,0.8405
2026/2027,Gombe,state,P(decrease) week 16->17,2026-10-18,0.1595
2026/2027,Gombe,state,P(increase) week 17->18,2026-10-25,0.4915
2026/2027,Gombe,state,P(decrease) week 17->18,2026-10-25,0.5085
2026/2027,Gombe,state,P(increase) week 18->19,2026-11-01,0.1055
2026/2027,Gombe,state,P(decrease) week 18->19,2026-11-01,0.8945
2026/2027,Gombe,state,P(increase) week 19->20,2026-11-08,0.0335
2026/2027,Gombe,state,P(decrease) week 19->20,2026-11-08,0.9665
2026/2027,Gombe,state,P(increase) week 20->21,2026-11-15,0.016
2026/2027,Gombe,state,P(decrease) week 20->21,2026-11-15,0.984
2026/2027,Gombe,state,P(increase) week 21->22,2026-11-22,0.147
2026/2027,Gombe,state,P(decrease) week 21->22,2026-11-22,0.853
2026/2027,Gombe,state,P(increase) week 22->23,2026-11-29,0.458
2026/2027,Gombe,state,P(decrease) week 22->23,2026-11-29,0.542
2026/2027,Gombe,state,P(increase) week 23->24,2026-12-06,0.8175
2026/2027,Gombe,state,P(decrease) week 23->24,2026-12-06,0.1825
2026/2027,Gombe,state,P(increase) week 24->25,2026-12-13,0.898
2026/2027,Gombe,state,P(decrease) week 24->25,2026-12-13,0.102
2026/2027,Gombe,state,P(increase) week 25->26,2026-12-20,0.8755
2026/2027,Gombe,state,P(decrease) week 25->26,2026-12-20,0.1245
2026/2027,Gombe,state,P(increase) week 26->27,2026-12-27,0.7315
2026/2027,Gombe,state,P(decrease) week 26->27,2026-12-27,0.2685
2026/2027,Gombe,state,P(increase) week 27->28,2027-01-03,0.4445
2026/2027,Gombe,state,P(decrease) week 27->28,2027-01-03,0.5555
2026/2027,Gombe,state,P(increase) week 28->29,2027-01-10,0.0995
2026/2027,Gombe,state,P(decrease) week 28->29,2027-01-10,0.9005
2026/2027,Gombe,state,P(increase) week 29->30,2027-01-17,0.0395
2026/2027,Gombe,state,P(decrease) week 29->30,2027-01-17,0.9605
2026/2027,Gombe,state,P(increase) week 30->31,2027-01-24,0.035
2026/2027,Gombe,state,P(decrease) week 30->31,2027-01-24,0.965
2026/2027,Gombe,state,P(increase) week 31->32,2027-01-31,0.11
2026/2027,Gombe,state,P(decrease) week 31->32,2027-01-31,0.89
2026/2027,Gombe,state,P(increase) week 32->33,2027-02-07,0.2055
2026/2027,Gombe,state,P(decrease) week 32->33,2027-02-07,0.7945
2026/2027,Gombe,state,P(increase) week 33->34,2027-02-14,0.2605
2026/2027,Gombe,state,P(decrease) week 33->34,2027-02-14,0.7395
2026/2027,Gombe,state,P(increase) week 34->35,2027-02-21,0.403
2026/2027,Gombe,state,P(decrease) week 34->35,2027-02-21,0.597
2026/2027,Gombe,state,P(increase) week 35->36,2027-02-28,0.4735
2026/2027,Gombe,state,P(decrease) week 35->36,2027-02-28,0.5265
2026/2027,Gombe,state,P(increase) week 36->37,2027-03-07,0.602
2026/2027,Gombe,state,P(decrease) week 36->37,2027-03-07,0.398
2026/2027,Gombe,state,P(increase) week 37->38,2027-03-14,0.454
2026/2027,Gombe,state,P(decrease) week 37->38,2027-03-14,0.546
2026/2027,Gombe,state,P(increase) week 38->39,2027-03-21,0.365
2026/2027,Gombe,state,P(decrease) week 38->39,2027-03-21,0.635
2026/2027,Gombe,state,P(increase) week 39->40,2027-03-28,0.383
2026/2027,Gombe,state,P(decrease) week 39->40,2027-03-28,0.617
2026/2027,Gombe,state,P(increase) week 40->41,2027-04-04,0.5355
2026/2027,Gombe,state,P(decrease) week 40->41,2027-04-04,0.4645
2026/2027,Gombe,state,P(increase) week 41->42,2027-04-11,0.5335
2026/2027,Gombe,state,P(decrease) week 41->42,2027-04-11,0.4665
2026/2027,Gombe,state,P(increase) week 42->43,2027-04-18,0.521
2026/2027,Gombe,state,P(decrease) week 42->43,2027-04-18,0.479
2026/2027,Gombe,state,P(increase) week 43->44,2027-04-25,0.4875
2026/2027,Gombe,state,P(decrease) week 43->44,2027-04-25,0.5125
2026/2027,Gombe,state,P(increase) week 44->45,2027-05-02,0.4325
2026/2027,Gombe,state,P(decrease) week 44->45,2027-05-02,0.5675
2026/2027,Gombe,state,P(increase) week 45->46,2027-05-09,0.4765
2026/2027,Gombe,state,P(decrease) week 45->46,2027-05-09,0.5235
2026/2027,Gombe,state,P(increase) week 46->47,2027-05-16,0.419
2026/2027,Gombe,state,P(decrease) week 46->47,2027-05-16,0.581
2026/2027,Gombe,state,P(increase) week 47->48,2027-05-23,0.588
2026/2027,Gombe,state,P(decrease) week 47->48,2027-05-23,0.412
2026/2027,Gombe,state,P(increase) week 48->49,2027-05-30,0.4575
2026/2027,Gombe,state,P(decrease) week 48->49,2027-05-30,0.5425
2026/2027,Gombe,state,P(increase) week 49->50,2027-06-06,0.5965
2026/2027,Gombe,state,P(decrease) week 49->50,2027-06-06,0.4035
2026/2027,Gombe,state,P(increase) week 50->51,2027-06-13,0.494
2026/2027,Gombe,state,P(decrease) week 50->51,2027-06-13,0.506
2026/2027,Gombe,state,P(increase) week 51->52,2027-06-20,0.4855
2026/2027,Gombe,state,P(decrease) week 51->52,2027-06-20,0.5145
2026/2027,Imo,state,P(peak in season weeks 1-4),2026-06-28,0.0
2026/2027,Imo,state,P(peak in season weeks 5-8),2026-07-26,0.003
2026/2027,Imo,state,P(peak in season weeks 9-12),2026-08-23,0.005
2026/2027,Imo,state,P(peak in season weeks 13-16),2026-09-20,0.9645
2026/2027,Imo,state,P(peak in season weeks 17-20),2026-10-18,0.0095
2026/2027,Imo,state,P(peak in season weeks 21-24),2026-11-15,0.0125
2026/2027,Imo,state,P(peak in season weeks 25-28),2026-12-13,0.0045
2026/2027,Imo,state,P(peak in season weeks 29-32),2027-01-10,0.001
2026/2027,Imo,state,P(peak in season weeks 33-36),2027-02-07,0.0
2026/2027,Imo,state,P(peak in season weeks 37-40),2027-03-07,0.0
2026/2027,Imo,state,P(peak in season weeks 41-44),2027-04-04,0.0
2026/2027,Imo,state,P(peak in season weeks 45-48),2027-05-02,0.0
2026/2027,Imo,state,P(peak in season weeks 49-52),2027-05-30,0.0
2026/2027,Imo,state,P(increase) week 1->2,2026-07-05,0.0
2026/2027,Imo,state,P(decrease) week 1->2,2026-07-05,1.0
2026/2027,Imo,state,P(increase) week 2->3,2026-07-12,0.436
2026/2027,Imo,state,P(decrease) week 2->3,2026-07-12,0.564
2026/2027,Imo,state,P(increase) week 3->4,2026-07-19,0.5195
2026/2027,Imo,state,P(decrease) week 3->4,2026-07-19,0.4805
2026/2027,Imo,state,P(increase) week 4->5,2026-07-26,0.575
2026/2027,Imo,state,P(decrease) week 4->5,2026-07-26,0.425
2026/2027,Imo,state,P(increase) week 5->6,2026-08-02,0.5665
2026/2027,Imo,state,P(decrease) week 5->6,2026-08-02,0.4335
2026/2027,Imo,state,P(increase) week 6->7,2026-08-09,0.6395
2026/2027,Imo,state,P(decrease) week 6->7,2026-08-09,0.3605
2026/2027,Imo,state,P(increase) week 7->8,2026-08-16,0.834
2026/2027,Imo,state,P(decrease) week 7->8,2026-08-16,0.166
2026/2027,Imo,state,P(increase) week 8->9,2026-08-23,0.9565
2026/2027,Imo,state,P(decrease) week 8->9,2026-08-23,0.0435
2026/2027,Imo,state,P(increase) week 9->10,2026-08-30,0.9885
2026/2027,Imo,state,P(decrease) week 9->10,2026-08-30,0.0115
2026/2027,Imo,state,P(increase) week 10->11,2026-09-06,0.9845
2026/2027,Imo,state,P(decrease) week 10->11,2026-09-06,0.0155
2026/2027,Imo,state,P(increase) week 11->12,2026-09-13,0.991
2026/2027,Imo,state,P(decrease) week 11->12,2026-09-13,0.009
2026/2027,Imo,state,P(increase) week 12->13,2026-09-20,0.9955
2026/2027,Imo,state,P(decrease) week 12->13,2026-09-20,0.0045
2026/2027,Imo,state,P(increase) week 13->14,2026-09-27,0.8895
2026/2027,Imo,state,P(decrease) week 13->14,2026-09-27,0.1105
2026/2027,Imo,state,P(increase) week 14->15,2026-10-04,0.662
2026/2027,Imo,state,P(decrease) week 14->15,2026-10-04,0.338
2026/2027,Imo,state,P(increase) week 15->16,2026-10-11,0.2235
2026/2027,Imo,state,P(decrease) week 15->16,2026-10-11,0.7765
2026/2027,Imo,state,P(increase) week 16->17,2026-10-18,0.031
2026/2027,Imo,state,P(decrease) week 16->17,2026-10-18,0.969
2026/2027,Imo,state,P(increase) week 17->18,2026-10-25,0.0005
2026/2027,Imo,state,P(decrease) week 17->18,2026-10-25,0.9995
2026/2027,Imo,state,P(increase) week 18->19,2026-11-01,0.0005
2026/2027,Imo,state,P(decrease) week 18->19,2026-11-01,0.9995
2026/2027,Imo,state,P(increase) week 19->20,2026-11-08,0.045
2026/2027,Imo,state,P(decrease) week 19->20,2026-11-08,0.955
2026/2027,Imo,state,P(increase) week 20->21,2026-11-15,0.4805
2026/2027,Imo,state,P(decrease) week 20->21,2026-11-15,0.5195
2026/2027,Imo,state,P(increase) week 21->22,2026-11-22,0.7275
2026/2027,Imo,state,P(decrease) week 21->22,2026-11-22,0.2725
2026/2027,Imo,state,P(increase) week 22->23,2026-11-29,0.806
2026/2027,Imo,state,P(decrease) week 22->23,2026-11-29,0.194
2026/2027,Imo,state,P(increase) week 23->24,2026-12-06,0.903
2026/2027,Imo,state,P(decrease) week 23->24,2026-12-06,0.097
2026/2027,Imo,state,P(increase) week 24->25,2026-12-13,0.9045
2026/2027,Imo,state,P(decrease) week 24->25,2026-12-13,0.0955
2026/2027,Imo,state,P(increase) week 25->26,2026-12-20,0.8915
2026/2027,Imo,state,P(decrease) week 25->26,2026-12-20,0.1085
2026/2027,Imo,state,P(increase) week 26->27,2026-12-27,0.7175
2026/2027,Imo,state,P(decrease) week 26->27,2026-12-27,0.2825
2026/2027,Imo,state,P(increase) week 27->28,2027-01-03,0.4385
2026/2027,Imo,state,P(decrease) week 27->28,2027-01-03,0.5615
2026/2027,Imo,state,P(increase) week 28->29,2027-01-10,0.2735
2026/2027,Imo,state,P(decrease) week 28->29,2027-01-10,0.7265
2026/2027,Imo,state,P(increase) week 29->30,2027-01-17,0.061
2026/2027,Imo,state,P(decrease) week 29->30,2027-01-17,0.939
2026/2027,Imo,state,P(increase) week 30->31,2027-01-24,0.0215
2026/2027,Imo,state,P(decrease) week 30->31,2027-01-24,0.9785
2026/2027,Imo,state,P(increase) week 31->32,2027-01-31,0.0815
2026/2027,Imo,state,P(decrease) week 31->32,2027-01-31,0.9185
2026/2027,Imo,state,P(increase) week 32->33,2027-02-07,0.215
2026/2027,Imo,state,P(decrease) week 32->33,2027-02-07,0.785
2026/2027,Imo,state,P(increase) week 33->34,2027-02-14,0.3675
2026/2027,Imo,state,P(decrease) week 33->34,2027-02-14,0.6325
2026/2027,Imo,state,P(increase) week 34->35,2027-02-21,0.306
2026/2027,Imo,state,P(decrease) week 34->35,2027-02-21,0.694
2026/2027,Imo,state,P(increase) week 35->36,2027-02-28,0.4005
2026/2027,Imo,state,P(decrease) week 35->36,2027-02-28,0.5995
2026/2027,Imo,state,P(increase) week 36->37,2027-03-07,0.398
2026/2027,Imo,state,P(decrease) week 36->37,2027-03-07,0.602
2026/2027,Imo,state,P(increase) week 37->38,2027-03-14,0.511
2026/2027,Imo,state,P(decrease) week 37->38,2027-03-14,0.489
2026/2027,Imo,state,P(increase) week 38->39,2027-03-21,0.5175
2026/2027,Imo,state,P(decrease) week 38->39,2027-03-21,0.4825
2026/2027,Imo,state,P(increase) week 39->40,2027-03-28,0.568
2026/2027,Imo,state,P(decrease) week 39->40,2027-03-28,0.432
2026/2027,Imo,state,P(increase) week 40->41,2027-04-04,0.4905
2026/2027,Imo,state,P(decrease) week 40->41,2027-04-04,0.5095
2026/2027,Imo,state,P(increase) week 41->42,2027-04-11,0.512
2026/2027,Imo,state,P(decrease) week 41->42,2027-04-11,0.488
2026/2027,Imo,state,P(increase) week 42->43,2027-04-18,0.4615
2026/2027,Imo,state,P(decrease) week 42->43,2027-04-18,0.5385
2026/2027,Imo,state,P(increase) week 43->44,2027-04-25,0.559
2026/2027,Imo,state,P(decrease) week 43->44,2027-04-25,0.441
2026/2027,Imo,state,P(increase) week 44->45,2027-05-02,0.4835
2026/2027,Imo,state,P(decrease) week 44->45,2027-05-02,0.5165
2026/2027,Imo,state,P(increase) week 45->46,2027-05-09,0.5255
2026/2027,Imo,state,P(decrease) week 45->46,2027-05-09,0.4745
2026/2027,Imo,state,P(increase) week 46->47,2027-05-16,0.399
2026/2027,Imo,state,P(decrease) week 46->47,2027-05-16,0.601
2026/2027,Imo,state,P(increase) week 47->48,2027-05-23,0.5875
2026/2027,Imo,state,P(decrease) week 47->48,2027-05-23,0.4125
2026/2027,Imo,state,P(increase) week 48->49,2027-05-30,0.5025
2026/2027,Imo,state,P(decrease) week 48->49,2027-05-30,0.4975
2026/2027,Imo,state,P(increase) week 49->50,2027-06-06,0.538
2026/2027,Imo,state,P(decrease) week 49->50,2027-06-06,0.462
2026/2027,Imo,state,P(increase) week 50->51,2027-06-13,0.4745
2026/2027,Imo,state,P(decrease) week 50->51,2027-06-13,0.5255
2026/2027,Imo,state,P(increase) week 51->52,2027-06-20,0.471
2026/2027,Imo,state,P(decrease) week 51->52,2027-06-20,0.529
2026/2027,Jigawa,state,P(peak in season weeks 1-4),2026-06-28,0.0
2026/2027,Jigawa,state,P(peak in season weeks 5-8),2026-07-26,0.003
2026/2027,Jigawa,state,P(peak in season weeks 9-12),2026-08-23,0.0
2026/2027,Jigawa,state,P(peak in season weeks 13-16),2026-09-20,0.1625
2026/2027,Jigawa,state,P(peak in season weeks 17-20),2026-10-18,0.776
2026/2027,Jigawa,state,P(peak in season weeks 21-24),2026-11-15,0.0095
2026/2027,Jigawa,state,P(peak in season weeks 25-28),2026-12-13,0.044
2026/2027,Jigawa,state,P(peak in season weeks 29-32),2027-01-10,0.005
2026/2027,Jigawa,state,P(peak in season weeks 33-36),2027-02-07,0.0
2026/2027,Jigawa,state,P(peak in season weeks 37-40),2027-03-07,0.0
2026/2027,Jigawa,state,P(peak in season weeks 41-44),2027-04-04,0.0
2026/2027,Jigawa,state,P(peak in season weeks 45-48),2027-05-02,0.0
2026/2027,Jigawa,state,P(peak in season weeks 49-52),2027-05-30,0.0
2026/2027,Jigawa,state,P(increase) week 1->2,2026-07-05,0.002
2026/2027,Jigawa,state,P(decrease) week 1->2,2026-07-05,0.998
2026/2027,Jigawa,state,P(increase) week 2->3,2026-07-12,0.5325
2026/2027,Jigawa,state,P(decrease) week 2->3,2026-07-12,0.4675
2026/2027,Jigawa,state,P(increase) week 3->4,2026-07-19,0.5535
2026/2027,Jigawa,state,P(decrease) week 3->4,2026-07-19,0.4465
2026/2027,Jigawa,state,P(increase) week 4->5,2026-07-26,0.6145
2026/2027,Jigawa,state,P(decrease) week 4->5,2026-07-26,0.3855
2026/2027,Jigawa,state,P(increase) week 5->6,2026-08-02,0.5085
2026/2027,Jigawa,state,P(decrease) week 5->6,2026-08-02,0.4915
2026/2027,Jigawa,state,P(increase) week 6->7,2026-08-09,0.5035
2026/2027,Jigawa,state,P(decrease) week 6->7,2026-08-09,0.4965
2026/2027,Jigawa,state,P(increase) week 7->8,2026-08-16,0.5515
2026/2027,Jigawa,state,P(decrease) week 7->8,2026-08-16,0.4485
2026/2027,Jigawa,state,P(increase) week 8->9,2026-08-23,0.57
2026/2027,Jigawa,state,P(decrease) week 8->9,2026-08-23,0.43
2026/2027,Jigawa,state,P(increase) week 9->10,2026-08-30,0.501
2026/2027,Jigawa,state,P(decrease) week 9->10,2026-08-30,0.499
2026/2027,Jigawa,state,P(increase) week 10->11,2026-09-06,0.7215
2026/2027,Jigawa,state,P(decrease) week 10->11,2026-09-06,0.2785
2026/2027,Jigawa,state,P(increase) week 11->12,2026-09-13,0.8355
2026/2027,Jigawa,state,P(decrease) week 11->12,2026-09-13,0.1645
2026/2027,Jigawa,state,P(increase) week 12->13,2026-09-20,0.9025
2026/2027,Jigawa,state,P(decrease) week 12->13,2026-09-20,0.0975
2026/2027,Jigawa,state,P(increase) week 13->14,2026-09-27,0.9975
2026/2027,Jigawa,state,P(decrease) week 13->14,2026-09-27,0.0025
2026/2027,Jigawa,state,P(increase) week 14->15,2026-10-04,0.9815
2026/2027,Jigawa,state,P(decrease) week 14->15,2026-10-04,0.0185
2026/2027,Jigawa,state,P(increase) week 15->16,2026-10-11,0.932
2026/2027,Jigawa,state,P(decrease) week 15->16,2026-10-11,0.068
2026/2027,Jigawa,state,P(increase) week 16->17,2026-10-18,0.7535
2026/2027,Jigawa,state,P(decrease) week 16->17,2026-10-18,0.2465
2026/2027,Jigawa,state,P(increase) week 17->18,2026-10-25,0.533
2026/2027,Jigawa,state,P(decrease) week 17->18,2026-10-25,0.467
2026/2027,Jigawa,state,P(increase) week 18->19,2026-11-01,0.295
2026/2027,Jigawa,state,P(decrease) week 18->19,2026-11-01,0.705
2026/2027,Jigawa,state,P(increase) week 19->20,2026-11-08,0.0815
2026/2027,Jigawa,state,P(decrease) week 19->20,2026-11-08,0.9185
2026/2027,Jigawa,state,P(increase) week 20->21,2026-11-15,0.003
2026/2027,Jigawa,state,P(decrease) week 20->21,2026-11-15,0.997
2026/2027,Jigawa,state,P(increase) week 21->22,2026-11-22,0.179
2026/2027,Jigawa,state,P(decrease) week 21->22,2026-11-22,0.821
2026/2027,Jigawa,state,P(increase) week 22->23,2026-11-29,0.5175
2026/2027,Jigawa,state,P(decrease) week 22->23,2026-11-29,0.4825
2026/2027,Jigawa,state,P(increase) week 23->24,2026-12-06,0.8425
2026/2027,Jigawa,state,P(decrease) week 23->24,2026-12-06,0.1575
2026/2027,Jigawa,state,P(increase) week 24->25,2026-12-13,0.9015
2026/2027,Jigawa,state,P(decrease) week 24->25,2026-12-13,0.0985
2026/2027,Jigawa,state,P(increase) week 25->26,2026-12-20,0.874
2026/2027,Jigawa,state,P(decrease) week 25->26,2026-12-20,0.126
2026/2027,Jigawa,state,P(increase) week 26->27,2026-12-27,0.668
2026/2027,Jigawa,state,P(decrease) week 26->27,2026-12-27,0.332
2026/2027,Jigawa,state,P(increase) week 27->28,2027-01-03,0.457
2026/2027,Jigawa,state,P(decrease) week 27->28,2027-01-03,0.543
2026/2027,Jigawa,state,P(increase) week 28->29,2027-01-10,0.222
2026/2027,Jigawa,state,P(decrease) week 28->29,2027-01-10,0.778
2026/2027,Jigawa,state,P(increase) week 29->30,2027-01-17,0.0655
2026/2027,Jigawa,state,P(decrease) week 29->30,2027-01-17,0.9345
2026/2027,Jigawa,state,P(increase) week 30->31,2027-01-24,0.018
2026/2027,Jigawa,state,P(decrease) week 30->31,2027-01-24,0.982
2026/2027,Jigawa,state,P(increase) week 31->32,2027-01-31,0.0775
2026/2027,Jigawa,state,P(decrease) week 31->32,2027-01-31,0.9225
2026/2027,Jigawa,state,P(increase) week 32->33,2027-02-07,0.186
2026/2027,Jigawa,state,P(decrease) week 32->33,2027-02-07,0.814
2026/2027,Jigawa,state,P(increase) week 33->34,2027-02-14,0.3205
2026/2027,Jigawa,state,P(decrease) week 33->34,2027-02-14,0.6795
2026/2027,Jigawa,state,P(increase) week 34->35,2027-02-21,0.398
2026/2027,Jigawa,state,P(decrease) week 34->35,2027-02-21,0.602
2026/2027,Jigawa,state,P(increase) week 35->36,2027-02-28,0.476
2026/2027,Jigawa,state,P(decrease) week 35->36,2027-02-28,0.524
2026/2027,Jigawa,state,P(increase) week 36->37,2027-03-07,0.5175
2026/2027,Jigawa,state,P(decrease) week 36->37,2027-03-07,0.4825
2026/2027,Jigawa,state,P(increase) week 37->38,2027-03-14,0.6235
2026/2027,Jigawa,state,P(decrease) week 37->38,2027-03-14,0.3765
2026/2027,Jigawa,state,P(increase) week 38->39,2027-03-21,0.536
2026/2027,Jigawa,state,P(decrease) week 38->39,2027-03-21,0.464
2026/2027,Jigawa,state,P(increase) week 39->40,2027-03-28,0.461
2026/2027,Jigawa,state,P(decrease) week 39->40,2027-03-28,0.539
2026/2027,Jigawa,state,P(increase) week 40->41,2027-04-04,0.428
2026/2027,Jigawa,state,P(decrease) week 40->41,2027-04-04,0.572
2026/2027,Jigawa,state,P(increase) week 41->42,2027-04-11,0.4135
2026/2027,Jigawa,state,P(decrease) week 41->42,2027-04-11,0.5865
2026/2027,Jigawa,state,P(increase) week 42->43,2027-04-18,0.474
2026/2027,Jigawa,state,P(decrease) week 42->43,2027-04-18,0.526
2026/2027,Jigawa,state,P(increase) week 43->44,2027-04-25,0.5325
2026/2027,Jigawa,state,P(decrease) week 43->44,2027-04-25,0.4675
2026/2027,Jigawa,state,P(increase) week 44->45,2027-05-02,0.4985
2026/2027,Jigawa,state,P(decrease) week 44->45,2027-05-02,0.5015
2026/2027,Jigawa,state,P(increase) week 45->46,2027-05-09,0.588
2026/2027,Jigawa,state,P(decrease) week 45->46,2027-05-09,0.412
2026/2027,Jigawa,state,P(increase) week 46->47,2027-05-16,0.58
2026/2027,Jigawa,state,P(decrease) week 46->47,2027-05-16,0.42
2026/2027,Jigawa,state,P(increase) week 47->48,2027-05-23,0.5425
2026/2027,Jigawa,state,P(decrease) week 47->48,2027-05-23,0.4575
2026/2027,Jigawa,state,P(increase) week 48->49,2027-05-30,0.449
2026/2027,Jigawa,state,P(decrease) week 48->49,2027-05-30,0.551
2026/2027,Jigawa,state,P(increase) week 49->50,2027-06-06,0.4355
2026/2027,Jigawa,state,P(decrease) week 49->50,2027-06-06,0.5645
2026/2027,Jigawa,state,P(increase) week 50->51,2027-06-13,0.4335
2026/2027,Jigawa,state,P(decrease) week 50->51,2027-06-13,0.5665
2026/2027,Jigawa,state,P(increase) week 51->52,2027-06-20,0.4225
2026/2027,Jigawa,state,P(decrease) week 51->52,2027-06-20,0.5775
2026/2027,Kaduna,state,P(peak in season weeks 1-4),2026-06-28,0.0
2026/2027,Kaduna,state,P(peak in season weeks 5-8),2026-07-26,0.004
2026/2027,Kaduna,state,P(peak in season weeks 9-12),2026-08-23,0.001
2026/2027,Kaduna,state,P(peak in season weeks 13-16),2026-09-20,0.6025
2026/2027,Kaduna,state,P(peak in season weeks 17-20),2026-10-18,0.356
2026/2027,Kaduna,state,P(peak in season weeks 21-24),2026-11-15,0.011
2026/2027,Kaduna,state,P(peak in season weeks 25-28),2026-12-13,0.024
2026/2027,Kaduna,state,P(peak in season weeks 29-32),2027-01-10,0.0015
2026/2027,Kaduna,state,P(peak in season weeks 33-36),2027-02-07,0.0
2026/2027,Kaduna,state,P(peak in season weeks 37-40),2027-03-07,0.0
2026/2027,Kaduna,state,P(peak in season weeks 41-44),2027-04-04,0.0
2026/2027,Kaduna,state,P(peak in season weeks 45-48),2027-05-02,0.0
2026/2027,Kaduna,state,P(peak in season weeks 49-52),2027-05-30,0.0
2026/2027,Kaduna,state,P(increase) week 1->2,2026-07-05,0.0
2026/2027,Kaduna,state,P(decrease) week 1->2,2026-07-05,1.0
2026/2027,Kaduna,state,P(increase) week 2->3,2026-07-12,0.5345
2026/2027,Kaduna,state,P(decrease) week 2->3,2026-07-12,0.4655
2026/2027,Kaduna,state,P(increase) week 3->4,2026-07-19,0.577
2026/2027,Kaduna,state,P(decrease) week 3->4,2026-07-19,0.423
2026/2027,Kaduna,state,P(increase) week 4->5,2026-07-26,0.441
2026/2027,Kaduna,state,P(decrease) week 4->5,2026-07-26,0.559
2026/2027,Kaduna,state,P(increase) week 5->6,2026-08-02,0.5
2026/2027,Kaduna,state,P(decrease) week 5->6,2026-08-02,0.5
2026/2027,Kaduna,state,P(increase) week 6->7,2026-08-09,0.5765
2026/2027,Kaduna,state,P(decrease) week 6->7,2026-08-09,0.4235
2026/2027,Kaduna,state,P(increase) week 7->8,2026-08-16,0.611
2026/2027,Kaduna,state,P(decrease) week 7->8,2026-08-16,0.389
2026/2027,Kaduna,state,P(increase) week 8->9,2026-08-23,0.791
2026/2027,Kaduna,state,P(decrease) week 8->9,2026-08-23,0.209
2026/2027,Kaduna,state,P(increase) week 9->10,2026-08-30,0.8475
2026/2027,Kaduna,state,P(decrease) week 9->10,2026-08-30,0.1525
2026/2027,Kaduna,state,P(increase) week 10->11,2026-09-06,0.943
2026/2027,Kaduna,state,P(decrease) week 10->11,2026-09-06,0.057
2026/2027,Kaduna,state,P(increase) week 11->12,2026-09-13,0.947
2026/2027,Kaduna,state,P(decrease) week 11->12,2026-09-13,0.053
2026/2027,Kaduna,state,P(increase) week 12->13,2026-09-20,0.9945
2026/2027,Kaduna,state,P(decrease) week 12->13,2026-09-20,0.0055
2026/2027,Kaduna,state,P(increase) week 13->14,2026-09-27,0.9935
2026/2027,Kaduna,state,P(decrease) week 13->14,2026-09-27,0.0065
2026/2027,Kaduna,state,P(increase) week 14->15,2026-10-04,0.883
2026/2027,Kaduna,state,P(decrease) week 14->15,2026-10-04,0.117
2026/2027,Kaduna,state,P(increase) week 15->16,2026-10-11,0.7595
2026/2027,Kaduna,state,P(decrease) week 15->16,2026-10-11,0.2405
2026/2027,Kaduna,state,P(increase) week 16->17,2026-10-18,0.4
2026/2027,Kaduna,state,P(decrease) week 16->17,2026-10-18,0.6
2026/2027,Kaduna,state,P(increase) week 17->18,2026-10-25,0.0135
2026/2027,Kaduna,state,P(decrease) week 17->18,2026-10-25,0.9865
2026/2027,Kaduna,state,P(increase) week 18->19,2026-11-01,0.0025
2026/2027,Kaduna,state,P(decrease) week 18->19,2026-11-01,0.9975
2026/2027,Kaduna,state,P(increase) week 19->20,2026-11-08,0.0075
2026/2027,Kaduna,state,P(decrease) week 19->20,2026-11-08,0.9925
2026/2027,Kaduna,state,P(increase) week 20->21,2026-11-15,0.199
2026/2027,Kaduna,state,P(decrease) week 20->21,2026-11-15,0.801
2026/2027,Kaduna,state,P(increase) week 21->22,2026-11-22,0.6005
2026/2027,Kaduna,state,P(decrease) week 21->22,2026-11-22,0.3995
2026/2027,Kaduna,state,P(increase) week 22->23,2026-11-29,0.877
2026/2027,Kaduna,state,P(decrease) week 22->23,2026-11-29,0.123
2026/2027,Kaduna,state,P(increase) week 23->24,2026-12-06,0.9795
2026/2027,Kaduna,state,P(decrease) week 23->24,2026-12-06,0.0205
2026/2027,Kaduna,state,P(increase) week 24->25,2026-12-13,0.879
2026/2027,Kaduna,state,P(decrease) week 24->25,2026-12-13,0.121
2026/2027,Kaduna,state,P(increase) week 25->26,2026-12-20,0.8455
2026/2027,Kaduna,state,P(decrease) week 25->26,2026-12-20,0.1545
2026/2027,Kaduna,state,P(increase) week 26->27,2026-12-27,0.8805
2026/2027,Kaduna,state,P(decrease) week 26->27,2026-12-27,0.1195
2026/2027,Kaduna,state,P(increase) week 27->28,2027-01-03,0.4235
2026/2027,Kaduna,state,P(decrease) week 27->28,2027-01-03,0.5765
2026/2027,Kaduna,state,P(increase) week 28->29,2027-01-10,0.0975
2026/2027,Kaduna,state,P(decrease) week 28->29,2027-01-10,0.9025
2026/2027,Kaduna,state,P(increase) week 29->30,2027-01-17,0.0075
2026/2027,Kaduna,state,P(decrease) week 29->30,2027-01-17,0.9925
2026/2027,Kaduna,state,P(increase) week 30->31,2027-01-24,0.092
2026/2027,Kaduna,state,P(decrease) week 30->31,2027-01-24,0.908
2026/2027,Kaduna,state,P(increase) week 31->32,2027-01-31,0.1225
2026/2027,Kaduna,state,P(decrease) week 31->32,2027-01-31,0.8775
2026/2027,Kaduna,state,P(increase) week 32->33,2027-02-07,0.1985
2026/2027,Kaduna,state,P(decrease) week 32->33,2027-02-07,0.8015
2026/2027,Kaduna,state,P(increase) week 33->34,2027-02-14,0.3015
2026/2027,Kaduna,state,P(decrease) week 33->34,2027-02-14,0.6985
2026/2027,Kaduna,state,P(increase) week 34->35,2027-02-21,0.405
2026/2027,Kaduna,state,P(decrease) week 34->35,2027-02-21,0.595
2026/2027,Kaduna,state,P(increase) week 35->36,2027-02-28,0.4845
2026/2027,Kaduna,state,P(decrease) week 35->36,2027-02-28,0.5155
2026/2027,Kaduna,state,P(increase) week 36->37,2027-03-07,0.479
2026/2027,Kaduna,state,P(decrease) week 36->37,2027-03-07,0.521
2026/2027,Kaduna,state,P(increase) week 37->38,2027-03-14,0.4405
2026/2027,Kaduna,state,P(decrease) week 37->38,2027-03-14,0.5595
2026/2027,Kaduna,state,P(increase) week 38->39,2027-03-21,0.4485
2026/2027,Kaduna,state,P(decrease) week 38->39,2027-03-21,0.5515
2026/2027,Kaduna,state,P(increase) week 39->40,2027-03-28,0.485
2026/2027,Kaduna,state,P(decrease) week 39->40,2027-03-28,0.515
2026/2027,Kaduna,state,P(increase) week 40->41,2027-04-04,0.496
2026/2027,Kaduna,state,P(decrease) week 40->41,2027-04-04,0.504
2026/2027,Kaduna,state,P(increase) week 41->42,2027-04-11,0.551
2026/2027,Kaduna,state,P(decrease) week 41->42,2027-04-11,0.449
2026/2027,Kaduna,state,P(increase) week 42->43,2027-04-18,0.527
2026/2027,Kaduna,state,P(decrease) week 42->43,2027-04-18,0.473
2026/2027,Kaduna,state,P(increase) week 43->44,2027-04-25,0.4785
2026/2027,Kaduna,state,P(decrease) week 43->44,2027-04-25,0.5215
2026/2027,Kaduna,state,P(increase) week 44->45,2027-05-02,0.5625
2026/2027,Kaduna,state,P(decrease) week 44->45,2027-05-02,0.4375
2026/2027,Kaduna,state,P(increase) week 45->46,2027-05-09,0.449
2026/2027,Kaduna,state,P(decrease) week 45->46,2027-05-09,0.551
2026/2027,Kaduna,state,P(increase) week 46->47,2027-05-16,0.4785
2026/2027,Kaduna,state,P(decrease) week 46->47,2027-05-16,0.5215
2026/2027,Kaduna,state,P(increase) week 47->48,2027-05-23,0.4815
2026/2027,Kaduna,state,P(decrease) week 47->48,2027-05-23,0.5185
2026/2027,Kaduna,state,P(increase) week 48->49,2027-05-30,0.502
2026/2027,Kaduna,state,P(decrease) week 48->49,2027-05-30,0.498
2026/2027,Kaduna,state,P(increase) week 49->50,2027-06-06,0.54
2026/2027,Kaduna,state,P(decrease) week 49->50,2027-06-06,0.46
2026/2027,Kaduna,state,P(increase) week 50->51,2027-06-13,0.588
2026/2027,Kaduna,state,P(decrease) week 50->51,2027-06-13,0.412
2026/2027,Kaduna,state,P(increase) week 51->52,2027-06-20,0.6355
2026/2027,Kaduna,state,P(decrease) week 51->52,2027-06-20,0.3645
2026/2027,Kano,state,P(peak in season weeks 1-4),2026-06-28,0.0
2026/2027,Kano,state,P(peak in season weeks 5-8),2026-07-26,0.003
2026/2027,Kano,state,P(peak in season weeks 9-12),2026-08-23,0.0005
2026/2027,Kano,state,P(peak in season weeks 13-16),2026-09-20,0.074
2026/2027,Kano,state,P(peak in season weeks 17-20),2026-10-18,0.8365
2026/2027,Kano,state,P(peak in season weeks 21-24),2026-11-15,0.0135
2026/2027,Kano,state,P(peak in season weeks 25-28),2026-12-13,0.0675
2026/2027,Kano,state,P(peak in season weeks 29-32),2027-01-10,0.005
2026/2027,Kano,state,P(peak in season weeks 33-36),2027-02-07,0.0
2026/2027,Kano,state,P(peak in season weeks 37-40),2027-03-07,0.0
2026/2027,Kano,state,P(peak in season weeks 41-44),2027-04-04,0.0
2026/2027,Kano,state,P(peak in season weeks 45-48),2027-05-02,0.0
2026/2027,Kano,state,P(peak in season weeks 49-52),2027-05-30,0.0
2026/2027,Kano,state,P(increase) week 1->2,2026-07-05,0.0505
2026/2027,Kano,state,P(decrease) week 1->2,2026-07-05,0.9495
2026/2027,Kano,state,P(increase) week 2->3,2026-07-12,0.459
2026/2027,Kano,state,P(decrease) week 2->3,2026-07-12,0.541
2026/2027,Kano,state,P(increase) week 3->4,2026-07-19,0.461
2026/2027,Kano,state,P(decrease) week 3->4,2026-07-19,0.539
2026/2027,Kano,state,P(increase) week 4->5,2026-07-26,0.5465
2026/2027,Kano,state,P(decrease) week 4->5,2026-07-26,0.4535
2026/2027,Kano,state,P(increase) week 5->6,2026-08-02,0.5135
2026/2027,Kano,state,P(decrease) week 5->6,2026-08-02,0.4865
2026/2027,Kano,state,P(increase) week 6->7,2026-08-09,0.506
2026/2027,Kano,state,P(decrease) week 6->7,2026-08-09,0.494
2026/2027,Kano,state,P(increase) week 7->8,2026-08-16,0.594
2026/2027,Kano,state,P(decrease) week 7->8,2026-08-16,0.406
2026/2027,Kano,state,P(increase) week 8->9,2026-08-23,0.655
2026/2027,Kano,state,P(decrease) week 8->9,2026-08-23,0.345
2026/2027,Kano,state,P(increase) week 9->10,2026-08-30,0.6255
2026/2027,Kano,state,P(decrease) week 9->10,2026-08-30,0.3745
2026/2027,Kano,state,P(increase) week 10->11,2026-09-06,0.645
2026/2027,Kano,state,P(decrease) week 10->11,2026-09-06,0.355
2026/2027,Kano,state,P(increase) week 11->12,2026-09-13,0.831
2026/2027,Kano,state,P(decrease) week 11->12,2026-09-13,0.169
2026/2027,Kano,state,P(increase) week 12->13,2026-09-20,0.993
2026/2027,Kano,state,P(decrease) week 12->13,2026-09-20,0.007
2026/2027,Kano,state,P(increase) week 13->14,2026-09-27,0.989
2026/2027,Kano,state,P(decrease) week 13->14,2026-09-27,0.011
2026/2027,Kano,state,P(increase) week 14->15,2026-10-04,0.955
2026/2027,Kano,state,P(decrease) week 14->15,2026-10-04,0.045
2026/2027,Kano,state,P(increase) week 15->16,2026-10-11,0.861
2026/2027,Kano,state,P(decrease) week 15->16,2026-10-11,0.139
2026/2027,Kano,state,P(increase) week 16->17,2026-10-18,0.8085
2026/2027,Kano,state,P(decrease) week 16->17,2026-10-18,0.1915
2026/2027,Kano,state,P(increase) week 17->18,2026-10-25,0.619
2026/2027,Kano,state,P(decrease) week 17->18,2026-10-25,0.381
2026/2027,Kano,state,P(increase) week 18->19,2026-11-01,0.1765
2026/2027,Kano,state,P(decrease) week 18->19,2026-11-01,0.8235
2026/2027,Kano,state,P(increase) week 19->20,2026-11-08,0.036
2026/2027,Kano,state,P(decrease) week 19->20,2026-11-08,0.964
2026/2027,Kano,state,P(increase) week 20->21,2026-11-15,0.028
2026/2027,Kano,state,P(decrease) week 20->21,2026-11-15,0.972
2026/2027,Kano,state,P(increase) week 21->22,2026-11-22,0.1465
2026/2027,Kano,state,P(decrease) week 21->22,2026-11-22,0.8535
2026/2027,Kano,state,P(increase) week 22->23,2026-11-29,0.56
2026/2027,Kano,state,P(decrease) week 22->23,2026-11-29,0.44
2026/2027,Kano,state,P(increase) week 23->24,2026-12-06,0.8935
2026/2027,Kano,state,P(decrease) week 23->24,2026-12-06,0.1065
2026/2027,Kano,state,P(increase) week 24->25,2026-12-13,0.949
2026/2027,Kano,state,P(decrease) week 24->25,2026-12-13,0.051
2026/2027,Kano,state,P(increase) week 25->26,2026-12-20,0.921
2026/2027,Kano,state,P(decrease) week 25->26,2026-12-20,0.079
2026/2027,Kano,state,P(increase) week 26->27,2026-12-27,0.7845
2026/2027,Kano,state,P(decrease) week 26->27,2026-12-27,0.2155
2026/2027,Kano,state,P(increase) week 27->28,2027-01-03,0.4755
2026/2027,Kano,state,P(decrease) week 27->28,2027-01-03,0.5245
2026/2027,Kano,state,P(increase) week 28->29,2027-01-10,0.2045
2026/2027,Kano,state,P(decrease) week 28->29,2027-01-10,0.7955
2026/2027,Kano,state,P(increase) week 29->30,2027-01-17,0.023
2026/2027,Kano,state,P(decrease) week 29->30,2027-01-17,0.977
2026/2027,Kano,state,P(increase) week 30->31,2027-01-24,0.0575
2026/2027,Kano,state,P(decrease) week 30->31,2027-01-24,0.9425
2026/2027,Kano,state,P(increase) week 31->32,2027-01-31,0.074
2026/2027,Kano,state,P(decrease) week 31->32,2027-01-31,0.926
2026/2027,Kano,state,P(increase) week 32->33,2027-02-07,0.167
2026/2027,Kano,state,P(decrease) week 32->33,2027-02-07,0.833
2026/2027,Kano,state,P(increase) week 33->34,2027-02-14,0.204
2026/2027,Kano,state,P(decrease) week 33->34,2027-02-14,0.796
2026/2027,Kano,state,P(increase) week 34->35,2027-02-21,0.342
2026/2027,Kano,state,P(decrease) week 34->35,2027-02-21,0.658
2026/2027,Kano,state,P(increase) week 35->36,2027-02-28,0.569
2026/2027,Kano,state,P(decrease) week 35->36,2027-02-28,0.431
2026/2027,Kano,state,P(increase) week 36->37,2027-03-07,0.5745
2026/2027,Kano,state,P(decrease) week 36->37,2027-03-07,0.4255
2026/2027,Kano,state,P(increase) week 37->38,2027-03-14,0.4985
2026/2027,Kano,state,P(decrease) week 37->38,2027-03-14,0.5015
2026/2027,Kano,state,P(increase) week 38->39,2027-03-21,0.4015
2026/2027,Kano,state,P(decrease) week 38->39,2027-03-21,0.5985
2026/2027,Kano,state,P(increase) week 39->40,2027-03-28,0.476
2026/2027,Kano,state,P(decrease) week 39->40,2027-03-28,0.524
2026/2027,Kano,state,P(increase) week 40->41,2027-04-04,0.4405
2026/2027,Kano,state,P(decrease) week 40->41,2027-04-04,0.5595
2026/2027,Kano,state,P(increase) week 41->42,2027-04-11,0.4955
2026/2027,Kano,state,P(decrease) week 41->42,2027-04-11,0.5045
2026/2027,Kano,state,P(increase) week 42->43,2027-04-18,0.4345
2026/2027,Kano,state,P(decrease) week 42->43,2027-04-18,0.5655
2026/2027,Kano,state,P(increase) week 43->44,2027-04-25,0.564
2026/2027,Kano,state,P(decrease) week 43->44,2027-04-25,0.436
2026/2027,Kano,state,P(increase) week 44->45,2027-05-02,0.5325
2026/2027,Kano,state,P(decrease) week 44->45,2027-05-02,0.4675
2026/2027,Kano,state,P(increase) week 45->46,2027-05-09,0.5275
2026/2027,Kano,state,P(decrease) week 45->46,2027-05-09,0.4725
2026/2027,Kano,state,P(increase) week 46->47,2027-05-16,0.468
2026/2027,Kano,state,P(decrease) week 46->47,2027-05-16,0.532
2026/2027,Kano,state,P(increase) week 47->48,2027-05-23,0.488
2026/2027,Kano,state,P(decrease) week 47->48,2027-05-23,0.512
2026/2027,Kano,state,P(increase) week 48->49,2027-05-30,0.466
2026/2027,Kano,state,P(decrease) week 48->49,2027-05-30,0.534
2026/2027,Kano,state,P(increase) week 49->50,2027-06-06,0.5035
2026/2027,Kano,state,P(decrease) week 49->50,2027-06-06,0.4965
2026/2027,Kano,state,P(increase) week 50->51,2027-06-13,0.513
2026/2027,Kano,state,P(decrease) week 50->51,2027-06-13,0.487
2026/2027,Kano,state,P(increase) week 51->52,2027-06-20,0.5395
2026/2027,Kano,state,P(decrease) week 51->52,2027-06-20,0.4605
2026/2027,Katsina,state,P(peak in season weeks 1-4),2026-06-28,0.0
2026/2027,Katsina,state,P(peak in season weeks 5-8),2026-07-26,0.003
2026/2027,Katsina,state,P(peak in season weeks 9-12),2026-08-23,0.0005
2026/2027,Katsina,state,P(peak in season weeks 13-16),2026-09-20,0.2695
2026/2027,Katsina,state,P(peak in season weeks 17-20),2026-10-18,0.6235
2026/2027,Katsina,state,P(peak in season weeks 21-24),2026-11-15,0.0095
2026/2027,Katsina,state,P(peak in season weeks 25-28),2026-12-13,0.0885
2026/2027,Katsina,state,P(peak in season weeks 29-32),2027-01-10,0.0055
2026/2027,Katsina,state,P(peak in season weeks 33-36),2027-02-07,0.0
2026/2027,Katsina,state,P(peak in season weeks 37-40),2027-03-07,0.0
2026/2027,Katsina,state,P(peak in season weeks 41-44),2027-04-04,0.0
2026/2027,Katsina,state,P(peak in season weeks 45-48),2027-05-02,0.0
2026/2027,Katsina,state,P(peak in season weeks 49-52),2027-05-30,0.0
2026/2027,Katsina,state,P(increase) week 1->2,2026-07-05,0.0
2026/2027,Katsina,state,P(decrease) week 1->2,2026-07-05,1.0
2026/2027,Katsina,state,P(increase) week 2->3,2026-07-12,0.526
2026/2027,Katsina,state,P(decrease) week 2->3,2026-07-12,0.474
2026/2027,Katsina,state,P(increase) week 3->4,2026-07-19,0.514
2026/2027,Katsina,state,P(decrease) week 3->4,2026-07-19,0.486
2026/2027,Katsina,state,P(increase) week 4->5,2026-07-26,0.55
2026/2027,Katsina,state,P(decrease) week 4->5,2026-07-26,0.45
2026/2027,Katsina,state,P(increase) week 5->6,2026-08-02,0.6385
2026/2027,Katsina,state,P(decrease) week 5->6,2026-08-02,0.3615
2026/2027,Katsina,state,P(increase) week 6->7,2026-08-09,0.4965
2026/2027,Katsina,state,P(decrease) week 6->7,2026-08-09,0.5035
2026/2027,Katsina,state,P(increase) week 7->8,2026-08-16,0.559
2026/2027,Katsina,state,P(decrease) week 7->8,2026-08-16,0.441
2026/2027,Katsina,state,P(increase) week 8->9,2026-08-23,0.533
2026/2027,Katsina,state,P(decrease) week 8->9,2026-08-23,0.467
2026/2027,Katsina,state,P(increase) week 9->10,2026-08-30,0.4725
2026/2027,Katsina,state,P(decrease) week 9->10,2026-08-30,0.5275
2026/2027,Katsina,state,P(increase) week 10->11,2026-09-06,0.663
2026/2027,Katsina,state,P(decrease) week 10->11,2026-09-06,0.337
2026/2027,Katsina,state,P(increase) week 11->12,2026-09-13,0.9255
2026/2027,Katsina,state,P(decrease) week 11->12,2026-09-13,0.0745
2026/2027,Katsina,state,P(increase) week 12->13,2026-09-20,0.9755
2026/2027,Katsina,state,P(decrease) week 12->13,2026-09-20,0.0245
2026/2027,Katsina,state,P(increase) week 13->14,2026-09-27,0.9845
2026/2027,Katsina,state,P(decrease) week 13->14,2026-09-27,0.0155
2026/2027,Katsina,state,P(increase) week 14->15,2026-10-04,0.964
2026/2027,Katsina,state,P(decrease) week 14->15,2026-10-04,0.036
2026/2027,Katsina,state,P(increase) week 15->16,2026-10-11,0.919
2026/2027,Katsina,state,P(decrease) week 15->16,2026-10-11,0.081
2026/2027,Katsina,state,P(increase) week 16->17,2026-10-18,0.6245
2026/2027,Katsina,state,P(decrease) week 16->17,2026-10-18,0.3755
2026/2027,Katsina,state,P(increase) week 17->18,2026-10-25,0.385
2026/2027,Katsina,state,P(decrease) week 17->18,2026-10-25,0.615
2026/2027,Katsina,state,P(increase) week 18->19,2026-11-01,0.1695
2026/2027,Katsina,state,P(decrease) week 18->19,2026-11-01,0.8305
2026/2027,Katsina,state,P(increase) week 19->20,2026-11-08,0.0595
2026/2027,Katsina,state,P(decrease) week 19->20,2026-11-08,0.9405
2026/2027,Katsina,state,P(increase) week 20->21,2026-11-15,0.0535
2026/2027,Katsina,state,P(decrease) week 20->21,2026-11-15,0.9465
2026/2027,Katsina,state,P(increase) week 21->22,2026-11-22,0.158
2026/2027,Katsina,state,P(decrease) week 21->22,2026-11-22,0.842
2026/2027,Katsina,state,P(increase) week 22->23,2026-11-29,0.4755
2026/2027,Katsina,state,P(decrease) week 22->23,2026-11-29,0.5245
2026/2027,Katsina,state,P(increase) week 23->24,2026-12-06,0.897
2026/2027,Katsina,state,P(decrease) week 23->24,2026-12-06,0.103
2026/2027,Katsina,state,P(increase) week 24->25,2026-12-13,0.97
2026/2027,Katsina,state,P(decrease) week 24->25,2026-12-13,0.03
2026/2027,Katsina,state,P(increase) week 25->26,2026-12-20,0.9005
2026/2027,Katsina,state,P(decrease) week 25->26,2026-12-20,0.0995
2026/2027,Katsina,state,P(increase) week 26->27,2026-12-27,0.635
2026/2027,Katsina,state,P(decrease) week 26->27,2026-12-27,0.365
2026/2027,Katsina,state,P(increase) week 27->28,2027-01-03,0.378
2026/2027,Katsina,state,P(decrease) week 27->28,2027-01-03,0.622
2026/2027,Katsina,state,P(increase) week 28->29,2027-01-10,0.1555
2026/2027,Katsina,state,P(decrease) week 28->29,2027-01-10,0.8445
2026/2027,Katsina,state,P(increase) week 29->30,2027-01-17,0.0195
2026/2027,Katsina,state,P(decrease) week 29->30,2027-01-17,0.9805
2026/2027,Katsina,state,P(increase) week 30->31,2027-01-24,0.0305
2026/2027,Katsina,state,P(decrease) week 30->31,2027-01-24,0.9695
2026/2027,Katsina,state,P(increase) week 31->32,2027-01-31,0.025
2026/2027,Katsina,state,P(decrease) week 31->32,2027-01-31,0.975
2026/2027,Katsina,state,P(increase) week 32->33,2027-02-07,0.1785
2026/2027,Katsina,state,P(decrease) week 32->33,2027-02-07,0.8215
2026/2027,Katsina,state,P(increase) week 33->34,2027-02-14,0.2415
2026/2027,Katsina,state,P(decrease) week 33->34,2027-02-14,0.7585
2026/2027,Katsina,state,P(increase) week 34->35,2027-02-21,0.455
2026/2027,Katsina,state,P(decrease) week 34->35,2027-02-21,0.545
2026/2027,Katsina,state,P(increase) week 35->36,2027-02-28,0.468
2026/2027,Katsina,state,P(decrease) week 35->36,2027-02-28,0.532
2026/2027,Katsina,state,P(increase) week 36->37,2027-03-07,0.493
2026/2027,Katsina,state,P(decrease) week 36->37,2027-03-07,0.507
2026/2027,Katsina,state,P(increase) week 37->38,2027-03-14,0.4185
2026/2027,Katsina,state,P(decrease) week 37->38,2027-03-14,0.5815
2026/2027,Katsina,state,P(increase) week 38->39,2027-03-21,0.522
2026/2027,Katsina,state,P(decrease) week 38->39,2027-03-21,0.478
2026/2027,Katsina,state,P(increase) week 39->40,2027-03-28,0.4865
2026/2027,Katsina,state,P(decrease) week 39->40,2027-03-28,0.5135
2026/2027,Katsina,state,P(increase) week 40->41,2027-04-04,0.5735
2026/2027,Katsina,state,P(decrease) week 40->41,2027-04-04,0.4265
2026/2027,Katsina,state,P(increase) week 41->42,2027-04-11,0.529
2026/2027,Katsina,state,P(decrease) week 41->42,2027-04-11,0.471
2026/2027,Katsina,state,P(increase) week 42->43,2027-04-18,0.463
2026/2027,Katsina,state,P(decrease) week 42->43,2027-04-18,0.537
2026/2027,Katsina,state,P(increase) week 43->44,2027-04-25,0.506
2026/2027,Katsina,state,P(decrease) week 43->44,2027-04-25,0.494
2026/2027,Katsina,state,P(increase) week 44->45,2027-05-02,0.4635
2026/2027,Katsina,state,P(decrease) week 44->45,2027-05-02,0.5365
2026/2027,Katsina,state,P(increase) week 45->46,2027-05-09,0.5535
2026/2027,Katsina,state,P(decrease) week 45->46,2027-05-09,0.4465
2026/2027,Katsina,state,P(increase) week 46->47,2027-05-16,0.4635
2026/2027,Katsina,state,P(decrease) week 46->47,2027-05-16,0.5365
2026/2027,Katsina,state,P(increase) week 47->48,2027-05-23,0.4865
2026/2027,Katsina,state,P(decrease) week 47->48,2027-05-23,0.5135
2026/2027,Katsina,state,P(increase) week 48->49,2027-05-30,0.527
2026/2027,Katsina,state,P(decrease) week 48->49,2027-05-30,0.473
2026/2027,Katsina,state,P(increase) week 49->50,2027-06-06,0.4575
2026/2027,Katsina,state,P(decrease) week 49->50,2027-06-06,0.5425
2026/2027,Katsina,state,P(increase) week 50->51,2027-06-13,0.553
2026/2027,Katsina,state,P(decrease) week 50->51,2027-06-13,0.447
2026/2027,Katsina,state,P(increase) week 51->52,2027-06-20,0.48
2026/2027,Katsina,state,P(decrease) week 51->52,2027-06-20,0.52
2026/2027,Kebbi,state,P(peak in season weeks 1-4),2026-06-28,0.0
2026/2027,Kebbi,state,P(peak in season weeks 5-8),2026-07-26,0.003
2026/2027,Kebbi,state,P(peak in season weeks 9-12),2026-08-23,0.0005
2026/2027,Kebbi,state,P(peak in season weeks 13-16),2026-09-20,0.224
2026/2027,Kebbi,state,P(peak in season weeks 17-20),2026-10-18,0.6925
2026/2027,Kebbi,state,P(peak in season weeks 21-24),2026-11-15,0.0095
2026/2027,Kebbi,state,P(peak in season weeks 25-28),2026-12-13,0.0665
2026/2027,Kebbi,state,P(peak in season weeks 29-32),2027-01-10,0.004
2026/2027,Kebbi,state,P(peak in season weeks 33-36),2027-02-07,0.0
2026/2027,Kebbi,state,P(peak in season weeks 37-40),2027-03-07,0.0
2026/2027,Kebbi,state,P(peak in season weeks 41-44),2027-04-04,0.0
2026/2027,Kebbi,state,P(peak in season weeks 45-48),2027-05-02,0.0
2026/2027,Kebbi,state,P(peak in season weeks 49-52),2027-05-30,0.0
2026/2027,Kebbi,state,P(increase) week 1->2,2026-07-05,0.0
2026/2027,Kebbi,state,P(decrease) week 1->2,2026-07-05,1.0
2026/2027,Kebbi,state,P(increase) week 2->3,2026-07-12,0.4495
2026/2027,Kebbi,state,P(decrease) week 2->3,2026-07-12,0.5505
2026/2027,Kebbi,state,P(increase) week 3->4,2026-07-19,0.542
2026/2027,Kebbi,state,P(decrease) week 3->4,2026-07-19,0.458
2026/2027,Kebbi,state,P(increase) week 4->5,2026-07-26,0.513
2026/2027,Kebbi,state,P(decrease) week 4->5,2026-07-26,0.487
2026/2027,Kebbi,state,P(increase) week 5->6,2026-08-02,0.5035
2026/2027,Kebbi,state,P(decrease) week 5->6,2026-08-02,0.4965
2026/2027,Kebbi,state,P(increase) week 6->7,2026-08-09,0.5315
2026/2027,Kebbi,state,P(decrease) week 6->7,2026-08-09,0.4685
2026/2027,Kebbi,state,P(increase) week 7->8,2026-08-16,0.5255
2026/2027,Kebbi,state,P(decrease) week 7->8,2026-08-16,0.4745
2026/2027,Kebbi,state,P(increase) week 8->9,2026-08-23,0.591
2026/2027,Kebbi,state,P(decrease) week 8->9,2026-08-23,0.409
2026/2027,Kebbi,state,P(increase) week 9->10,2026-08-30,0.3485
2026/2027,Kebbi,state,P(decrease) week 9->10,2026-08-30,0.6515
2026/2027,Kebbi,state,P(increase) week 10->11,2026-09-06,0.814
2026/2027,Kebbi,state,P(decrease) week 10->11,2026-09-06,0.186
2026/2027,Kebbi,state,P(increase) week 11->12,2026-09-13,0.9295
2026/2027,Kebbi,state,P(decrease) week 11->12,2026-09-13,0.0705
2026/2027,Kebbi,state,P(increase) week 12->13,2026-09-20,0.976
2026/2027,Kebbi,state,P(decrease) week 12->13,2026-09-20,0.024
2026/2027,Kebbi,state,P(increase) week 13->14,2026-09-27,0.9985
2026/2027,Kebbi,state,P(decrease) week 13->14,2026-09-27,0.0015
2026/2027,Kebbi,state,P(increase) week 14->15,2026-10-04,0.9875
2026/2027,Kebbi,state,P(decrease) week 14->15,2026-10-04,0.0125
2026/2027,Kebbi,state,P(increase) week 15->16,2026-10-11,0.893
2026/2027,Kebbi,state,P(decrease) week 15->16,2026-10-11,0.107
2026/2027,Kebbi,state,P(increase) week 16->17,2026-10-18,0.667
2026/2027,Kebbi,state,P(decrease) week 16->17,2026-10-18,0.333
2026/2027,Kebbi,state,P(increase) week 17->18,2026-10-25,0.4635
2026/2027,Kebbi,state,P(decrease) week 17->18,2026-10-25,0.5365
2026/2027,Kebbi,state,P(increase) week 18->19,2026-11-01,0.2245
2026/2027,Kebbi,state,P(decrease) week 18->19,2026-11-01,0.7755
2026/2027,Kebbi,state,P(increase) week 19->20,2026-11-08,0.0305
2026/2027,Kebbi,state,P(decrease) week 19->20,2026-11-08,0.9695
2026/2027,Kebbi,state,P(increase) week 20->21,2026-11-15,0.0285
2026/2027,Kebbi,state,P(decrease) week 20->21,2026-11-15,0.9715
2026/2027,Kebbi,state,P(increase) week 21->22,2026-11-22,0.2145
2026/2027,Kebbi,state,P(decrease) week 21->22,2026-11-22,0.7855
2026/2027,Kebbi,state,P(increase) week 22->23,2026-11-29,0.501
2026/2027,Kebbi,state,P(decrease) week 22->23,2026-11-29,0.499
2026/2027,Kebbi,state,P(increase) week 23->24,2026-12-06,0.8185
2026/2027,Kebbi,state,P(decrease) week 23->24,2026-12-06,0.1815
2026/2027,Kebbi,state,P(increase) week 24->25,2026-12-13,0.941
2026/2027,Kebbi,state,P(decrease) week 24->25,2026-12-13,0.059
2026/2027,Kebbi,state,P(increase) week 25->26,2026-12-20,0.9625
2026/2027,Kebbi,state,P(decrease) week 25->26,2026-12-20,0.0375
2026/2027,Kebbi,state,P(increase) week 26->27,2026-12-27,0.762
2026/2027,Kebbi,state,P(decrease) week 26->27,2026-12-27,0.238
2026/2027,Kebbi,state,P(increase) week 27->28,2027-01-03,0.385
2026/2027,Kebbi,state,P(decrease) week 27->28,2027-01-03,0.615
2026/2027,Kebbi,state,P(increase) week 28->29,2027-01-10,0.1085
2026/2027,Kebbi,state,P(decrease) week 28->29,2027-01-10,0.8915
2026/2027,Kebbi,state,P(increase) week 29->30,2027-01-17,0.053
2026/2027,Kebbi,state,P(decrease) week 29->30,2027-01-17,0.947
2026/2027,Kebbi,state,P(increase) week 30->31,2027-01-24,0.0085
2026/2027,Kebbi,state,P(decrease) week 30->31,2027-01-24,0.9915
2026/2027,Kebbi,state,P(increase) week 31->32,2027-01-31,0.1015
2026/2027,Kebbi,state,P(decrease) week 31->32,2027-01-31,0.8985
2026/2027,Kebbi,state,P(increase) week 32->33,2027-02-07,0.2015
2026/2027,Kebbi,state,P(decrease) week 32->33,2027-02-07,0.7985
2026/2027,Kebbi,state,P(increase) week 33->34,2027-02-14,0.3055
2026/2027,Kebbi,state,P(decrease) week 33->34,2027-02-14,0.6945
2026/2027,Kebbi,state,P(increase) week 34->35,2027-02-21,0.283
2026/2027,Kebbi,state,P(decrease) week 34->35,2027-02-21,0.717
2026/2027,Kebbi,state,P(increase) week 35->36,2027-02-28,0.438
2026/2027,Kebbi,state,P(decrease) week 35->36,2027-02-28,0.562
2026/2027,Kebbi,state,P(increase) week 36->37,2027-03-07,0.523
2026/2027,Kebbi,state,P(decrease) week 36->37,2027-03-07,0.477
2026/2027,Kebbi,state,P(increase) week 37->38,2027-03-14,0.534
2026/2027,Kebbi,state,P(decrease) week 37->38,2027-03-14,0.466
2026/2027,Kebbi,state,P(increase) week 38->39,2027-03-21,0.496
2026/2027,Kebbi,state,P(decrease) week 38->39,2027-03-21,0.504
2026/2027,Kebbi,state,P(increase) week 39->40,2027-03-28,0.475
2026/2027,Kebbi,state,P(decrease) week 39->40,2027-03-28,0.525
2026/2027,Kebbi,state,P(increase) week 40->41,2027-04-04,0.521
2026/2027,Kebbi,state,P(decrease) week 40->41,2027-04-04,0.479
2026/2027,Kebbi,state,P(increase) week 41->42,2027-04-11,0.4615
2026/2027,Kebbi,state,P(decrease) week 41->42,2027-04-11,0.5385
2026/2027,Kebbi,state,P(increase) week 42->43,2027-04-18,0.493
2026/2027,Kebbi,state,P(decrease) week 42->43,2027-04-18,0.507
2026/2027,Kebbi,state,P(increase) week 43->44,2027-04-25,0.557
2026/2027,Kebbi,state,P(decrease) week 43->44,2027-04-25,0.443
2026/2027,Kebbi,state,P(increase) week 44->45,2027-05-02,0.538
2026/2027,Kebbi,state,P(decrease) week 44->45,2027-05-02,0.462
2026/2027,Kebbi,state,P(increase) week 45->46,2027-05-09,0.5715
2026/2027,Kebbi,state,P(decrease) week 45->46,2027-05-09,0.4285
2026/2027,Kebbi,state,P(increase) week 46->47,2027-05-16,0.5605
2026/2027,Kebbi,state,P(decrease) week 46->47,2027-05-16,0.4395
2026/2027,Kebbi,state,P(increase) week 47->48,2027-05-23,0.4725
2026/2027,Kebbi,state,P(decrease) week 47->48,2027-05-23,0.5275
2026/2027,Kebbi,state,P(increase) week 48->49,2027-05-30,0.4615
2026/2027,Kebbi,state,P(decrease) week 48->49,2027-05-30,0.5385
2026/2027,Kebbi,state,P(increase) week 49->50,2027-06-06,0.392
2026/2027,Kebbi,state,P(decrease) week 49->50,2027-06-06,0.608
2026/2027,Kebbi,state,P(increase) week 50->51,2027-06-13,0.4725
2026/2027,Kebbi,state,P(decrease) week 50->51,2027-06-13,0.5275
2026/2027,Kebbi,state,P(increase) week 51->52,2027-06-20,0.5695
2026/2027,Kebbi,state,P(decrease) week 51->52,2027-06-20,0.4305
2026/2027,Kogi,state,P(peak in season weeks 1-4),2026-06-28,0.0
2026/2027,Kogi,state,P(peak in season weeks 5-8),2026-07-26,0.003
2026/2027,Kogi,state,P(peak in season weeks 9-12),2026-08-23,0.001
2026/2027,Kogi,state,P(peak in season weeks 13-16),2026-09-20,0.7345
2026/2027,Kogi,state,P(peak in season weeks 17-20),2026-10-18,0.2305
2026/2027,Kogi,state,P(peak in season weeks 21-24),2026-11-15,0.016
2026/2027,Kogi,state,P(peak in season weeks 25-28),2026-12-13,0.0125
2026/2027,Kogi,state,P(peak in season weeks 29-32),2027-01-10,0.0025
2026/2027,Kogi,state,P(peak in season weeks 33-36),2027-02-07,0.0
2026/2027,Kogi,state,P(peak in season weeks 37-40),2027-03-07,0.0
2026/2027,Kogi,state,P(peak in season weeks 41-44),2027-04-04,0.0
2026/2027,Kogi,state,P(peak in season weeks 45-48),2027-05-02,0.0
2026/2027,Kogi,state,P(peak in season weeks 49-52),2027-05-30,0.0
2026/2027,Kogi,state,P(increase) week 1->2,2026-07-05,0.0
2026/2027,Kogi,state,P(decrease) week 1->2,2026-07-05,1.0
2026/2027,Kogi,state,P(increase) week 2->3,2026-07-12,0.375
2026/2027,Kogi,state,P(decrease) week 2->3,2026-07-12,0.625
2026/2027,Kogi,state,P(increase) week 3->4,2026-07-19,0.4525
2026/2027,Kogi,state,P(decrease) week 3->4,2026-07-19,0.5475
2026/2027,Kogi,state,P(increase) week 4->5,2026-07-26,0.5405
2026/2027,Kogi,state,P(decrease) week 4->5,2026-07-26,0.4595
2026/2027,Kogi,state,P(increase) week 5->6,2026-08-02,0.489
2026/2027,Kogi,state,P(decrease) week 5->6,2026-08-02,0.511
2026/2027,Kogi,state,P(increase) week 6->7,2026-08-09,0.6365
2026/2027,Kogi,state,P(decrease) week 6->7,2026-08-09,0.3635
2026/2027,Kogi,state,P(increase) week 7->8,2026-08-16,0.729
2026/2027,Kogi,state,P(decrease) week 7->8,2026-08-16,0.271
2026/2027,Kogi,state,P(increase) week 8->9,2026-08-23,0.833
2026/2027,Kogi,state,P(decrease) week 8->9,2026-08-23,0.167
2026/2027,Kogi,state,P(increase) week 9->10,2026-08-30,0.73
2026/2027,Kogi,state,P(decrease) week 9->10,2026-08-30,0.27
2026/2027,Kogi,state,P(increase) week 10->11,2026-09-06,0.9055
2026/2027,Kogi,state,P(decrease) week 10->11,2026-09-06,0.0945
2026/2027,Kogi,state,P(increase) week 11->12,2026-09-13,0.996
2026/2027,Kogi,state,P(decrease) week 11->12,2026-09-13,0.004
2026/2027,Kogi,state,P(increase) week 12->13,2026-09-20,0.9995
2026/2027,Kogi,state,P(decrease) week 12->13,2026-09-20,0.0005
2026/2027,Kogi,state,P(increase) week 13->14,2026-09-27,0.9775
2026/2027,Kogi,state,P(decrease) week 13->14,2026-09-27,0.0225
2026/2027,Kogi,state,P(increase) week 14->15,2026-10-04,0.8965
2026/2027,Kogi,state,P(decrease) week 14->15,2026-10-04,0.1035
2026/2027,Kogi,state,P(increase) week 15->16,2026-10-11,0.7165
2026/2027,Kogi,state,P(decrease) week 15->16,2026-10-11,0.2835
2026/2027,Kogi,state,P(increase) week 16->17,2026-10-18,0.259
2026/2027,Kogi,state,P(decrease) week 16->17,2026-10-18,0.741
2026/2027,Kogi,state,P(increase) week 17->18,2026-10-25,0.025
2026/2027,Kogi,state,P(decrease) week 17->18,2026-10-25,0.975
2026/2027,Kogi,state,P(increase) week 18->19,2026-11-01,0.0025
2026/2027,Kogi,state,P(decrease) week 18->19,2026-11-01,0.9975
2026/2027,Kogi,state,P(increase) week 19->20,2026-11-08,0.003
2026/2027,Kogi,state,P(decrease) week 19->20,2026-11-08,0.997
2026/2027,Kogi,state,P(increase) week 20->21,2026-11-15,0.342
2026/2027,Kogi,state,P(decrease) week 20->21,2026-11-15,0.658
2026/2027,Kogi,state,P(increase) week 21->22,2026-11-22,0.714
2026/2027,Kogi,state,P(decrease) week 21->22,2026-11-22,0.286
2026/2027,Kogi,state,P(increase) week 22->23,2026-11-29,0.8165
2026/2027,Kogi,state,P(decrease) week 22->23,2026-11-29,0.1835
2026/2027,Kogi,state,P(increase) week 23->24,2026-12-06,0.9125
2026/2027,Kogi,state,P(decrease) week 23->24,2026-12-06,0.0875
2026/2027,Kogi,state,P(increase) week 24->25,2026-12-13,0.9035
2026/2027,Kogi,state,P(decrease) week 24->25,2026-12-13,0.0965
2026/2027,Kogi,state,P(increase) week 25->26,2026-12-20,0.827
2026/2027,Kogi,state,P(decrease) week 25->26,2026-12-20,0.173
2026/2027,Kogi,state,P(increase) week 26->27,2026-12-27,0.6595
2026/2027,Kogi,state,P(decrease) week 26->27,2026-12-27,0.3405
2026/2027,Kogi,state,P(increase) week 27->28,2027-01-03,0.415
2026/2027,Kogi,state,P(decrease) week 27->28,2027-01-03,0.585
2026/2027,Kogi,state,P(increase) week 28->29,2027-01-10,0.1135
2026/2027,Kogi,state,P(decrease) week 28->29,2027-01-10,0.8865
2026/2027,Kogi,state,P(increase) week 29->30,2027-01-17,0.0475
2026/2027,Kogi,state,P(decrease) week 29->30,2027-01-17,0.9525
2026/2027,Kogi,state,P(increase) week 30->31,2027-01-24,0.0355
2026/2027,Kogi,state,P(decrease) week 30->31,2027-01-24,0.9645
2026/2027,Kogi,state,P(increase) week 31->32,2027-01-31,0.168
2026/2027,Kogi,state,P(decrease) week 31->32,2027-01-31,0.832
2026/2027,Kogi,state,P(increase) week 32->33,2027-02-07,0.1965
2026/2027,Kogi,state,P(decrease) week 32->33,2027-02-07,0.8035
2026/2027,Kogi,state,P(increase) week 33->34,2027-02-14,0.243
2026/2027,Kogi,state,P(decrease) week 33->34,2027-02-14,0.757
2026/2027,Kogi,state,P(increase) week 34->35,2027-02-21,0.2795
2026/2027,Kogi,state,P(decrease) week 34->35,2027-02-21,0.7205
2026/2027,Kogi,state,P(increase) week 35->36,2027-02-28,0.4255
2026/2027,Kogi,state,P(decrease) week 35->36,2027-02-28,0.5745
2026/2027,Kogi,state,P(increase) week 36->37,2027-03-07,0.5965
2026/2027,Kogi,state,P(decrease) week 36->37,2027-03-07,0.4035
2026/2027,Kogi,state,P(increase) week 37->38,2027-03-14,0.552
2026/2027,Kogi,state,P(decrease) week 37->38,2027-03-14,0.448
2026/2027,Kogi,state,P(increase) week 38->39,2027-03-21,0.5485
2026/2027,Kogi,state,P(decrease) week 38->39,2027-03-21,0.4515
2026/2027,Kogi,state,P(increase) week 39->40,2027-03-28,0.421
2026/2027,Kogi,state,P(decrease) week 39->40,2027-03-28,0.579
2026/2027,Kogi,state,P(increase) week 40->41,2027-04-04,0.509
2026/2027,Kogi,state,P(decrease) week 40->41,2027-04-04,0.491
2026/2027,Kogi,state,P(increase) week 41->42,2027-04-11,0.4705
2026/2027,Kogi,state,P(decrease) week 41->42,2027-04-11,0.5295
2026/2027,Kogi,state,P(increase) week 42->43,2027-04-18,0.4995
2026/2027,Kogi,state,P(decrease) week 42->43,2027-04-18,0.5005
2026/2027,Kogi,state,P(increase) week 43->44,2027-04-25,0.457
2026/2027,Kogi,state,P(decrease) week 43->44,2027-04-25,0.543
2026/2027,Kogi,state,P(increase) week 44->45,2027-05-02,0.45
2026/2027,Kogi,state,P(decrease) week 44->45,2027-05-02,0.55
2026/2027,Kogi,state,P(increase) week 45->46,2027-05-09,0.4955
2026/2027,Kogi,state,P(decrease) week 45->46,2027-05-09,0.5045
2026/2027,Kogi,state,P(increase) week 46->47,2027-05-16,0.436
2026/2027,Kogi,state,P(decrease) week 46->47,2027-05-16,0.564
2026/2027,Kogi,state,P(increase) week 47->48,2027-05-23,0.5375
2026/2027,Kogi,state,P(decrease) week 47->48,2027-05-23,0.4625
2026/2027,Kogi,state,P(increase) week 48->49,2027-05-30,0.53
2026/2027,Kogi,state,P(decrease) week 48->49,2027-05-30,0.47
2026/2027,Kogi,state,P(increase) week 49->50,2027-06-06,0.577
2026/2027,Kogi,state,P(decrease) week 49->50,2027-06-06,0.423
2026/2027,Kogi,state,P(increase) week 50->51,2027-06-13,0.476
2026/2027,Kogi,state,P(decrease) week 50->51,2027-06-13,0.524
2026/2027,Kogi,state,P(increase) week 51->52,2027-06-20,0.4745
2026/2027,Kogi,state,P(decrease) week 51->52,2027-06-20,0.5255
2026/2027,Kwara,state,P(peak in season weeks 1-4),2026-06-28,0.0
2026/2027,Kwara,state,P(peak in season weeks 5-8),2026-07-26,0.004
2026/2027,Kwara,state,P(peak in season weeks 9-12),2026-08-23,0.001
2026/2027,Kwara,state,P(peak in season weeks 13-16),2026-09-20,0.6745
2026/2027,Kwara,state,P(peak in season weeks 17-20),2026-10-18,0.2945
2026/2027,Kwara,state,P(peak in season weeks 21-24),2026-11-15,0.0115
2026/2027,Kwara,state,P(peak in season weeks 25-28),2026-12-13,0.013
2026/2027,Kwara,state,P(peak in season weeks 29-32),2027-01-10,0.0015
2026/2027,Kwara,state,P(peak in season weeks 33-36),2027-02-07,0.0
2026/2027,Kwara,state,P(peak in season weeks 37-40),2027-03-07,0.0
2026/2027,Kwara,state,P(peak in season weeks 41-44),2027-04-04,0.0
2026/2027,Kwara,state,P(peak in season weeks 45-48),2027-05-02,0.0
2026/2027,Kwara,state,P(peak in season weeks 49-52),2027-05-30,0.0
2026/2027,Kwara,state,P(increase) week 1->2,2026-07-05,0.0
2026/2027,Kwara,state,P(decrease) week 1->2,2026-07-05,1.0
2026/2027,Kwara,state,P(increase) week 2->3,2026-07-12,0.4895
2026/2027,Kwara,state,P(decrease) week 2->3,2026-07-12,0.5105
2026/2027,Kwara,state,P(increase) week 3->4,2026-07-19,0.591
2026/2027,Kwara,state,P(decrease) week 3->4,2026-07-19,0.409
2026/2027,Kwara,state,P(increase) week 4->5,2026-07-26,0.45
2026/2027,Kwara,state,P(decrease) week 4->5,2026-07-26,0.55
2026/2027,Kwara,state,P(increase) week 5->6,2026-08-02,0.4875
2026/2027,Kwara,state,P(decrease) week 5->6,2026-08-02,0.5125
2026/2027,Kwara,state,P(increase) week 6->7,2026-08-09,0.59
2026/2027,Kwara,state,P(decrease) week 6->7,2026-08-09,0.41
2026/2027,Kwara,state,P(increase) week 7->8,2026-08-16,0.611
2026/2027,Kwara,state,P(decrease) week 7->8,2026-08-16,0.389
2026/2027,Kwara,state,P(increase) week 8->9,2026-08-23,0.7695
2026/2027,Kwara,state,P(decrease) week 8->9,2026-08-23,0.2305
2026/2027,Kwara,state,P(increase) week 9->10,2026-08-30,0.7655
2026/2027,Kwara,state,P(decrease) week 9->10,2026-08-30,0.2345
2026/2027,Kwara,state,P(increase) week 10->11,2026-09-06,0.9575
2026/2027,Kwara,state,P(decrease) week 10->11,2026-09-06,0.0425
2026/2027,Kwara,state,P(increase) week 11->12,2026-09-13,0.988
2026/2027,Kwara,state,P(decrease) week 11->12,2026-09-13,0.012
2026/2027,Kwara,state,P(increase) week 12->13,2026-09-20,0.9925
2026/2027,Kwara,state,P(decrease) week 12->13,2026-09-20,0.0075
2026/2027,Kwara,state,P(increase) week 13->14,2026-09-27,0.965
2026/2027,Kwara,state,P(decrease) week 13->14,2026-09-27,0.035
2026/2027,Kwara,state,P(increase) week 14->15,2026-10-04,0.86
2026/2027,Kwara,state,P(decrease) week 14->15,2026-10-04,0.14
2026/2027,Kwara,state,P(increase) week 15->16,2026-10-11,0.6355
2026/2027,Kwara,state,P(decrease) week 15->16,2026-10-11,0.3645
2026/2027,Kwara,state,P(increase) week 16->17,2026-10-18,0.365
2026/2027,Kwara,state,P(decrease) week 16->17,2026-10-18,0.635
2026/2027,Kwara,state,P(increase) week 17->18,2026-10-25,0.0495
2026/2027,Kwara,state,P(decrease) week 17->18,2026-10-25,0.9505
2026/2027,Kwara,state,P(increase) week 18->19,2026-11-01,0.0015
2026/2027,Kwara,state,P(decrease) week 18->19,2026-11-01,0.9985
2026/2027,Kwara,state,P(increase) week 19->20,2026-11-08,0.0135
2026/2027,Kwara,state,P(decrease) week 19->20,2026-11-08,0.9865
2026/2027,Kwara,state,P(increase) week 20->21,2026-11-15,0.113
2026/2027,Kwara,state,P(decrease) week 20->21,2026-11-15,0.887
2026/2027,Kwara,state,P(increase) week 21->22,2026-11-22,0.6125
2026/2027,Kwara,state,P(decrease) week 21->22,2026-11-22,0.3875
2026/2027,Kwara,state,P(increase) week 22->23,2026-11-29,0.9355
2026/2027,Kwara,state,P(decrease) week 22->23,2026-11-29,0.0645
2026/2027,Kwara,state,P(increase) week 23->24,2026-12-06,0.9285
2026/2027,Kwara,state,P(decrease) week 23->24,2026-12-06,0.0715
2026/2027,Kwara,state,P(increase) week 24->25,2026-12-13,0.944
2026/2027,Kwara,state,P(decrease) week 24->25,2026-12-13,0.056
2026/2027,Kwara,state,P(increase) week 25->26,2026-12-20,0.8995
2026/2027,Kwara,state,P(decrease) week 25->26,2026-12-20,0.1005
2026/2027,Kwara,state,P(increase) week 26->27,2026-12-27,0.744
2026/2027,Kwara,state,P(decrease) week 26->27,2026-12-27,0.256
2026/2027,Kwara,state,P(increase) week 27->28,2027-01-03,0.339
2026/2027,Kwara,state,P(decrease) week 27->28,2027-01-03,0.661
2026/2027,Kwara,state,P(increase) week 28->29,2027-01-10,0.108
2026/2027,Kwara,state,P(decrease) week 28->29,2027-01-10,0.892
2026/2027,Kwara,state,P(increase) week 29->30,2027-01-17,0.1095
2026/2027,Kwara,state,P(decrease) week 29->30,2027-01-17,0.8905
2026/2027,Kwara,state,P(increase) week 30->31,2027-01-24,0.061
2026/2027,Kwara,state,P(decrease) week 30->31,2027-01-24,0.939
2026/2027,Kwara,state,P(increase) week 31->32,2027-01-31,0.0375
2026/2027,Kwara,state,P(decrease) week 31->32,2027-01-31,0.9625
2026/2027,Kwara,state,P(increase) week 32->33,2027-02-07,0.144
2026/2027,Kwara,state,P(decrease) week 32->33,2027-02-07,0.856
2026/2027,Kwara,state,P(increase) week 33->34,2027-02-14,0.2775
2026/2027,Kwara,state,P(decrease) week 33->34,2027-02-14,0.7225
2026/2027,Kwara,state,P(increase) week 34->35,2027-02-21,0.3435
2026/2027,Kwara,state,P(decrease) week 34->35,2027-02-21,0.6565
2026/2027,Kwara,state,P(increase) week 35->36,2027-02-28,0.604
2026/2027,Kwara,state,P(decrease) week 35->36,2027-02-28,0.396
2026/2027,Kwara,state,P(increase) week 36->37,2027-03-07,0.526
2026/2027,Kwara,state,P(decrease) week 36->37,2027-03-07,0.474
2026/2027,Kwara,state,P(increase) week 37->38,2027-03-14,0.506
2026/2027,Kwara,state,P(decrease) week 37->38,2027-03-14,0.494
2026/2027,Kwara,state,P(increase) week 38->39,2027-03-21,0.5495
2026/2027,Kwara,state,P(decrease) week 38->39,2027-03-21,0.4505
2026/2027,Kwara,state,P(increase) week 39->40,2027-03-28,0.4625
2026/2027,Kwara,state,P(decrease) week 39->40,2027-03-28,0.5375
2026/2027,Kwara,state,P(increase) week 40->41,2027-04-04,0.5005
2026/2027,Kwara,state,P(decrease) week 40->41,2027-04-04,0.4995
2026/2027,Kwara,state,P(increase) week 41->42,2027-04-11,0.3985
2026/2027,Kwara,state,P(decrease) week 41->42,2027-04-11,0.6015
2026/2027,Kwara,state,P(increase) week 42->43,2027-04-18,0.5225
2026/2027,Kwara,state,P(decrease) week 42->43,2027-04-18,0.4775
2026/2027,Kwara,state,P(increase) week 43->44,2027-04-25,0.5435
2026/2027,Kwara,state,P(decrease) week 43->44,2027-04-25,0.4565
2026/2027,Kwara,state,P(increase) week 44->45,2027-05-02,0.5095
2026/2027,Kwara,state,P(decrease) week 44->45,2027-05-02,0.4905
2026/2027,Kwara,state,P(increase) week 45->46,2027-05-09,0.4985
2026/2027,Kwara,state,P(decrease) week 45->46,2027-05-09,0.5015
2026/2027,Kwara,state,P(increase) week 46->47,2027-05-16,0.5135
2026/2027,Kwara,state,P(decrease) week 46->47,2027-05-16,0.4865
2026/2027,Kwara,state,P(increase) week 47->48,2027-05-23,0.5455
2026/2027,Kwara,state,P(decrease) week 47->48,2027-05-23,0.4545
2026/2027,Kwara,state,P(increase) week 48->49,2027-05-30,0.4925
2026/2027,Kwara,state,P(decrease) week 48->49,2027-05-30,0.5075
2026/2027,Kwara,state,P(increase) week 49->50,2027-06-06,0.4295
2026/2027,Kwara,state,P(decrease) week 49->50,2027-06-06,0.5705
2026/2027,Kwara,state,P(increase) week 50->51,2027-06-13,0.562
2026/2027,Kwara,state,P(decrease) week 50->51,2027-06-13,0.438
2026/2027,Kwara,state,P(increase) week 51->52,2027-06-20,0.5055
2026/2027,Kwara,state,P(decrease) week 51->52,2027-06-20,0.4945
2026/2027,Lagos,state,P(peak in season weeks 1-4),2026-06-28,0.0
2026/2027,Lagos,state,P(peak in season weeks 5-8),2026-07-26,0.0035
2026/2027,Lagos,state,P(peak in season weeks 9-12),2026-08-23,0.0155
2026/2027,Lagos,state,P(peak in season weeks 13-16),2026-09-20,0.96
2026/2027,Lagos,state,P(peak in season weeks 17-20),2026-10-18,0.0025
2026/2027,Lagos,state,P(peak in season weeks 21-24),2026-11-15,0.0105
2026/2027,Lagos,state,P(peak in season weeks 25-28),2026-12-13,0.008
2026/2027,Lagos,state,P(peak in season weeks 29-32),2027-01-10,0.0
2026/2027,Lagos,state,P(peak in season weeks 33-36),2027-02-07,0.0
2026/2027,Lagos,state,P(peak in season weeks 37-40),2027-03-07,0.0
2026/2027,Lagos,state,P(peak in season weeks 41-44),2027-04-04,0.0
2026/2027,Lagos,state,P(peak in season weeks 45-48),2027-05-02,0.0
2026/2027,Lagos,state,P(peak in season weeks 49-52),2027-05-30,0.0
2026/2027,Lagos,state,P(increase) week 1->2,2026-07-05,0.018
2026/2027,Lagos,state,P(decrease) week 1->2,2026-07-05,0.982
2026/2027,Lagos,state,P(increase) week 2->3,2026-07-12,0.4455
2026/2027,Lagos,state,P(decrease) week 2->3,2026-07-12,0.5545
2026/2027,Lagos,state,P(increase) week 3->4,2026-07-19,0.5055
2026/2027,Lagos,state,P(decrease) week 3->4,2026-07-19,0.4945
2026/2027,Lagos,state,P(increase) week 4->5,2026-07-26,0.6215
2026/2027,Lagos,state,P(decrease) week 4->5,2026-07-26,0.3785
2026/2027,Lagos,state,P(increase) week 5->6,2026-08-02,0.6205
2026/2027,Lagos,state,P(decrease) week 5->6,2026-08-02,0.3795
2026/2027,Lagos,state,P(increase) week 6->7,2026-08-09,0.729
2026/2027,Lagos,state,P(decrease) week 6->7,2026-08-09,0.271
2026/2027,Lagos,state,P(increase) week 7->8,2026-08-16,0.7465
2026/2027,Lagos,state,P(decrease) week 7->8,2026-08-16,0.2535
2026/2027,Lagos,state,P(increase) week 8->9,2026-08-23,0.9535
2026/2027,Lagos,state,P(decrease) week 8->9,2026-08-23,0.0465
2026/2027,Lagos,state,P(increase) week 9->10,2026-08-30,0.9835
2026/2027,Lagos,state,P(decrease) week 9->10,2026-08-30,0.0165
2026/2027,Lagos,state,P(increase) week 10->11,2026-09-06,0.997
2026/2027,Lagos,state,P(decrease) week 10->11,2026-09-06,0.003
2026/2027,Lagos,state,P(increase) week 11->12,2026-09-13,0.983
2026/2027,Lagos,state,P(decrease) week 11->12,2026-09-13,0.017
2026/2027,Lagos,state,P(increase) week 12->13,2026-09-20,0.981
2026/2027,Lagos,state,P(decrease) week 12->13,2026-09-20,0.019
2026/2027,Lagos,state,P(increase) week 13->14,2026-09-27,0.8255
2026/2027,Lagos,state,P(decrease) week 13->14,2026-09-27,0.1745
2026/2027,Lagos,state,P(increase) week 14->15,2026-10-04,0.5515
2026/2027,Lagos,state,P(decrease) week 14->15,2026-10-04,0.4485
2026/2027,Lagos,state,P(increase) week 15->16,2026-10-11,0.1675
2026/2027,Lagos,state,P(decrease) week 15->16,2026-10-11,0.8325
2026/2027,Lagos,state,P(increase) week 16->17,2026-10-18,0.021
2026/2027,Lagos,state,P(decrease) week 16->17,2026-10-18,0.979
2026/2027,Lagos,state,P(increase) week 17->18,2026-10-25,0.001
2026/2027,Lagos,state,P(decrease) week 17->18,2026-10-25,0.999
2026/2027,Lagos,state,P(increase) week 18->19,2026-11-01,0.006
2026/2027,Lagos,state,P(decrease) week 18->19,2026-11-01,0.994
2026/2027,Lagos,state,P(increase) week 19->20,2026-11-08,0.1185
2026/2027,Lagos,state,P(decrease) week 19->20,2026-11-08,0.8815
2026/2027,Lagos,state,P(increase) week 20->21,2026-11-15,0.569
2026/2027,Lagos,state,P(decrease) week 20->21,2026-11-15,0.431
2026/2027,Lagos,state,P(increase) week 21->22,2026-11-22,0.7575
2026/2027,Lagos,state,P(decrease) week 21->22,2026-11-22,0.2425
2026/2027,Lagos,state,P(increase) week 22->23,2026-11-29,0.872
2026/2027,Lagos,state,P(decrease) week 22->23,2026-11-29,0.128
2026/2027,Lagos,state,P(increase) week 23->24,2026-12-06,0.948
2026/2027,Lagos,state,P(decrease) week 23->24,2026-12-06,0.052
2026/2027,Lagos,state,P(increase) week 24->25,2026-12-13,0.9435
2026/2027,Lagos,state,P(decrease) week 24->25,2026-12-13,0.0565
2026/2027,Lagos,state,P(increase) week 25->26,2026-12-20,0.8325
2026/2027,Lagos,state,P(decrease) week 25->26,2026-12-20,0.1675
2026/2027,Lagos,state,P(increase) week 26->27,2026-12-27,0.6635
2026/2027,Lagos,state,P(decrease) week 26->27,2026-12-27,0.3365
2026/2027,Lagos,state,P(increase) week 27->28,2027-01-03,0.3945
2026/2027,Lagos,state,P(decrease) week 27->28,2027-01-03,0.6055
2026/2027,Lagos,state,P(increase) week 28->29,2027-01-10,0.161
2026/2027,Lagos,state,P(decrease) week 28->29,2027-01-10,0.839
2026/2027,Lagos,state,P(increase) week 29->30,2027-01-17,0.0255
2026/2027,Lagos,state,P(decrease) week 29->30,2027-01-17,0.9745
2026/2027,Lagos,state,P(increase) week 30->31,2027-01-24,0.021
2026/2027,Lagos,state,P(decrease) week 30->31,2027-01-24,0.979
2026/2027,Lagos,state,P(increase) week 31->32,2027-01-31,0.111
2026/2027,Lagos,state,P(decrease) week 31->32,2027-01-31,0.889
2026/2027,Lagos,state,P(increase) week 32->33,2027-02-07,0.246
2026/2027,Lagos,state,P(decrease) week 32->33,2027-02-07,0.754
2026/2027,Lagos,state,P(increase) week 33->34,2027-02-14,0.3285
2026/2027,Lagos,state,P(decrease) week 33->34,2027-02-14,0.6715
2026/2027,Lagos,state,P(increase) week 34->35,2027-02-21,0.4345
2026/2027,Lagos,state,P(decrease) week 34->35,2027-02-21,0.5655
2026/2027,Lagos,state,P(increase) week 35->36,2027-02-28,0.507
2026/2027,Lagos,state,P(decrease) week 35->36,2027-02-28,0.493
2026/2027,Lagos,state,P(increase) week 36->37,2027-03-07,0.527
2026/2027,Lagos,state,P(decrease) week 36->37,2027-03-07,0.473
2026/2027,Lagos,state,P(increase) week 37->38,2027-03-14,0.444
2026/2027,Lagos,state,P(decrease) week 37->38,2027-03-14,0.556
2026/2027,Lagos,state,P(increase) week 38->39,2027-03-21,0.426
2026/2027,Lagos,state,P(decrease) week 38->39,2027-03-21,0.574
2026/2027,Lagos,state,P(increase) week 39->40,2027-03-28,0.6335
2026/2027,Lagos,state,P(decrease) week 39->40,2027-03-28,0.3665
2026/2027,Lagos,state,P(increase) week 40->41,2027-04-04,0.4655
2026/2027,Lagos,state,P(decrease) week 40->41,2027-04-04,0.5345
2026/2027,Lagos,state,P(increase) week 41->42,2027-04-11,0.5705
2026/2027,Lagos,state,P(decrease) week 41->42,2027-04-11,0.4295
2026/2027,Lagos,state,P(increase) week 42->43,2027-04-18,0.3755
2026/2027,Lagos,state,P(decrease) week 42->43,2027-04-18,0.6245
2026/2027,Lagos,state,P(increase) week 43->44,2027-04-25,0.4975
2026/2027,Lagos,state,P(decrease) week 43->44,2027-04-25,0.5025
2026/2027,Lagos,state,P(increase) week 44->45,2027-05-02,0.4755
2026/2027,Lagos,state,P(decrease) week 44->45,2027-05-02,0.5245
2026/2027,Lagos,state,P(increase) week 45->46,2027-05-09,0.489
2026/2027,Lagos,state,P(decrease) week 45->46,2027-05-09,0.511
2026/2027,Lagos,state,P(increase) week 46->47,2027-05-16,0.521
2026/2027,Lagos,state,P(decrease) week 46->47,2027-05-16,0.479
2026/2027,Lagos,state,P(increase) week 47->48,2027-05-23,0.5285
2026/2027,Lagos,state,P(decrease) week 47->48,2027-05-23,0.4715
2026/2027,Lagos,state,P(increase) week 48->49,2027-05-30,0.5575
2026/2027,Lagos,state,P(decrease) week 48->49,2027-05-30,0.4425
2026/2027,Lagos,state,P(increase) week 49->50,2027-06-06,0.4145
2026/2027,Lagos,state,P(decrease) week 49->50,2027-06-06,0.5855
2026/2027,Lagos,state,P(increase) week 50->51,2027-06-13,0.4855
2026/2027,Lagos,state,P(decrease) week 50->51,2027-06-13,0.5145
2026/2027,Lagos,state,P(increase) week 51->52,2027-06-20,0.452
2026/2027,Lagos,state,P(decrease) week 51->52,2027-06-20,0.548
2026/2027,Nasarawa,state,P(peak in season weeks 1-4),2026-06-28,0.0
2026/2027,Nasarawa,state,P(peak in season weeks 5-8),2026-07-26,0.004
2026/2027,Nasarawa,state,P(peak in season weeks 9-12),2026-08-23,0.0015
2026/2027,Nasarawa,state,P(peak in season weeks 13-16),2026-09-20,0.69
2026/2027,Nasarawa,state,P(peak in season weeks 17-20),2026-10-18,0.2735
2026/2027,Nasarawa,state,P(peak in season weeks 21-24),2026-11-15,0.011
2026/2027,Nasarawa,state,P(peak in season weeks 25-28),2026-12-13,0.019
2026/2027,Nasarawa,state,P(peak in season weeks 29-32),2027-01-10,0.001
2026/2027,Nasarawa,state,P(peak in season weeks 33-36),2027-02-07,0.0
2026/2027,Nasarawa,state,P(peak in season weeks 37-40),2027-03-07,0.0
2026/2027,Nasarawa,state,P(peak in season weeks 41-44),2027-04-04,0.0
2026/2027,Nasarawa,state,P(peak in season weeks 45-48),2027-05-02,0.0
2026/2027,Nasarawa,state,P(peak in season weeks 49-52),2027-05-30,0.0
2026/2027,Nasarawa,state,P(increase) week 1->2,2026-07-05,0.0
2026/2027,Nasarawa,state,P(decrease) week 1->2,2026-07-05,1.0
2026/2027,Nasarawa,state,P(increase) week 2->3,2026-07-12,0.483
2026/2027,Nasarawa,state,P(decrease) week 2->3,2026-07-12,0.517
2026/2027,Nasarawa,state,P(increase) week 3->4,2026-07-19,0.5455
2026/2027,Nasarawa,state,P(decrease) week 3->4,2026-07-19,0.4545
2026/2027,Nasarawa,state,P(increase) week 4->5,2026-07-26,0.536
2026/2027,Nasarawa,state,P(decrease) week 4->5,2026-07-26,0.464
2026/2027,Nasarawa,state,P(increase) week 5->6,2026-08-02,0.5315
2026/2027,Nasarawa,state,P(decrease) week 5->6,2026-08-02,0.4655
2026/2027,Nasarawa,state,P(increase) week 6->7,2026-08-09,0.6395
2026/2027,Nasarawa,state,P(decrease) week 6->7,2026-08-09,0.3605
2026/2027,Nasarawa,state,P(increase) week 7->8,2026-08-16,0.6035
2026/2027,Nasarawa,state,P(decrease) week 7->8,2026-08-16,0.3965
2026/2027,Nasarawa,state,P(increase) week 8->9,2026-08-23,0.7685
2026/2027,Nasarawa,state,P(decrease) week 8->9,2026-08-23,0.2315
2026/2027,Nasarawa,state,P(increase) week 9->10,2026-08-30,0.8265
2026/2027,Nasarawa,state,P(decrease) week 9->10,2026-08-30,0.1735
2026/2027,Nasarawa,state,P(increase) week 10->11,2026-09-06,0.953
2026/2027,Nasarawa,state,P(decrease) week 10->11,2026-09-06,0.047
2026/2027,Nasarawa,state,P(increase) week 11->12,2026-09-13,0.9805
2026/2027,Nasarawa,state,P(decrease) week 11->12,2026-09-13,0.0195
2026/2027,Nasarawa,state,P(increase) week 12->13,2026-09-20,0.9985
2026/2027,Nasarawa,state,P(decrease) week 12->13,2026-09-20,0.0015
2026/2027,Nasarawa,state,P(increase) week 13->14,2026-09-27,0.9675
2026/2027,Nasarawa,state,P(decrease) week 13->14,2026-09-27,0.0325
2026/2027,Nasarawa,state,P(increase) week 14->15,2026-10-04,0.72
2026/2027,Nasarawa,state,P(decrease) week 14->15,2026-10-04,0.28
2026/2027,Nasarawa,state,P(increase) week 15->16,2026-10-11,0.6435
2026/2027,Nasarawa,state,P(decrease) week 15->16,2026-10-11,0.3565
2026/2027,Nasarawa,state,P(increase) week 16->17,2026-10-18,0.356
2026/2027,Nasarawa,state,P(decrease) week 16->17,2026-10-18,0.644
2026/2027,Nasarawa,state,P(increase) week 17->18,2026-10-25,0.033
2026/2027,Nasarawa,state,P(decrease) week 17->18,2026-10-25,0.967
2026/2027,Nasarawa,state,P(increase) week 18->19,2026-11-01,0.0
2026/2027,Nasarawa,state,P(decrease) week 18->19,2026-11-01,1.0
2026/2027,Nasarawa,state,P(increase) week 19->20,2026-11-08,0.0115
2026/2027,Nasarawa,state,P(decrease) week 19->20,2026-11-08,0.9885
2026/2027,Nasarawa,state,P(increase) week 20->21,2026-11-15,0.284
2026/2027,Nasarawa,state,P(decrease) week 20->21,2026-11-15,0.716
2026/2027,Nasarawa,state,P(increase) week 21->22,2026-11-22,0.608
2026/2027,Nasarawa,state,P(decrease) week 21->22,2026-11-22,0.392
2026/2027,Nasarawa,state,P(increase) week 22->23,2026-11-29,0.833
2026/2027,Nasarawa,state,P(decrease) week 22->23,2026-11-29,0.167
2026/2027,Nasarawa,state,P(increase) week 23->24,2026-12-06,0.962
2026/2027,Nasarawa,state,P(decrease) week 23->24,2026-12-06,0.038
2026/2027,Nasarawa,state,P(increase) week 24->25,2026-12-13,0.9675
2026/2027,Nasarawa,state,P(decrease) week 24->25,2026-12-13,0.0325
2026/2027,Nasarawa,state,P(increase) week 25->26,2026-12-20,0.895
2026/2027,Nasarawa,state,P(decrease) week 25->26,2026-12-20,0.105
2026/2027,Nasarawa,state,P(increase) week 26->27,2026-12-27,0.6255
2026/2027,Nasarawa,state,P(decrease) week 26->27,2026-12-27,0.3745
2026/2027,Nasarawa,state,P(increase) week 27->28,2027-01-03,0.355
2026/2027,Nasarawa,state,P(decrease) week 27->28,2027-01-03,0.645
2026/2027,Nasarawa,state,P(increase) week 28->29,2027-01-10,0.1285
2026/2027,Nasarawa,state,P(decrease) week 28->29,2027-01-10,0.8715
2026/2027,Nasarawa,state,P(increase) week 29->30,2027-01-17,0.005
2026/2027,Nasarawa,state,P(decrease) week 29->30,2027-01-17,0.995
2026/2027,Nasarawa,state,P(increase) week 30->31,2027-01-24,0.073
2026/2027,Nasarawa,state,P(decrease) week 30->31,2027-01-24,0.927
2026/2027,Nasarawa,state,P(increase) week 31->32,2027-01-31,0.188
2026/2027,Nasarawa,state,P(decrease) week 31->32,2027-01-31,0.812
2026/2027,Nasarawa,state,P(increase) week 32->33,2027-02-07,0.1925
2026/2027,Nasarawa,state,P(decrease) week 32->33,2027-02-07,0.8075
2026/2027,Nasarawa,state,P(increase) week 33->34,2027-02-14,0.3435
2026/2027,Nasarawa,state,P(decrease) week 33->34,2027-02-14,0.6565
2026/2027,Nasarawa,state,P(increase) week 34->35,2027-02-21,0.3405
2026/2027,Nasarawa,state,P(decrease) week 34->35,2027-02-21,0.6595
2026/2027,Nasarawa,state,P(increase) week 35->36,2027-02-28,0.488
2026/2027,Nasarawa,state,P(decrease) week 35->36,2027-02-28,0.512
2026/2027,Nasarawa,state,P(increase) week 36->37,2027-03-07,0.537
2026/2027,Nasarawa,state,P(decrease) week 36->37,2027-03-07,0.463
2026/2027,Nasarawa,state,P(increase) week 37->38,2027-03-14,0.4715
2026/2027,Nasarawa,state,P(decrease) week 37->38,2027-03-14,0.5285
2026/2027,Nasarawa,state,P(increase) week 38->39,2027-03-21,0.4965
2026/2027,Nasarawa,state,P(decrease) week 38->39,2027-03-21,0.5035
2026/2027,Nasarawa,state,P(increase) week 39->40,2027-03-28,0.3995
2026/2027,Nasarawa,state,P(decrease) week 39->40,2027-03-28,0.6005
2026/2027,Nasarawa,state,P(increase) week 40->41,2027-04-04,0.468
2026/2027,Nasarawa,state,P(decrease) week 40->41,2027-04-04,0.532
2026/2027,Nasarawa,state,P(increase) week 41->42,2027-04-11,0.5915
2026/2027,Nasarawa,state,P(decrease) week 41->42,2027-04-11,0.4085
2026/2027,Nasarawa,state,P(increase) week 42->43,2027-04-18,0.4775
2026/2027,Nasarawa,state,P(decrease) week 42->43,2027-04-18,0.5225
2026/2027,Nasarawa,state,P(increase) week 43->44,2027-04-25,0.56
2026/2027,Nasarawa,state,P(decrease) week 43->44,2027-04-25,0.44
2026/2027,Nasarawa,state,P(increase) week 44->45,2027-05-02,0.4185
2026/2027,Nasarawa,state,P(decrease) week 44->45,2027-05-02,0.5815
2026/2027,Nasarawa,state,P(increase) week 45->46,2027-05-09,0.4885
2026/2027,Nasarawa,state,P(decrease) week 45->46,2027-05-09,0.5115
2026/2027,Nasarawa,state,P(increase) week 46->47,2027-05-16,0.5995
2026/2027,Nasarawa,state,P(decrease) week 46->47,2027-05-16,0.4005
2026/2027,Nasarawa,state,P(increase) week 47->48,2027-05-23,0.511
2026/2027,Nasarawa,state,P(decrease) week 47->48,2027-05-23,0.489
2026/2027,Nasarawa,state,P(increase) week 48->49,2027-05-30,0.5055
2026/2027,Nasarawa,state,P(decrease) week 48->49,2027-05-30,0.4945
2026/2027,Nasarawa,state,P(increase) week 49->50,2027-06-06,0.4265
2026/2027,Nasarawa,state,P(decrease) week 49->50,2027-06-06,0.5735
2026/2027,Nasarawa,state,P(increase) week 50->51,2027-06-13,0.5
2026/2027,Nasarawa,state,P(decrease) week 50->51,2027-06-13,0.5
2026/2027,Nasarawa,state,P(increase) week 51->52,2027-06-20,0.5
2026/2027,Nasarawa,state,P(decrease) week 51->52,2027-06-20,0.5
2026/2027,Niger,state,P(peak in season weeks 1-4),2026-06-28,0.0
2026/2027,Niger,state,P(peak in season weeks 5-8),2026-07-26,0.0025
2026/2027,Niger,state,P(peak in season weeks 9-12),2026-08-23,0.0005
2026/2027,Niger,state,P(peak in season weeks 13-16),2026-09-20,0.797
2026/2027,Niger,state,P(peak in season weeks 17-20),2026-10-18,0.159
2026/2027,Niger,state,P(peak in season weeks 21-24),2026-11-15,0.0145
2026/2027,Niger,state,P(peak in season weeks 25-28),2026-12-13,0.022
2026/2027,Niger,state,P(peak in season weeks 29-32),2027-01-10,0.0045
2026/2027,Niger,state,P(peak in season weeks 33-36),2027-02-07,0.0
2026/2027,Niger,state,P(peak in season weeks 37-40),2027-03-07,0.0
2026/2027,Niger,state,P(peak in season weeks 41-44),2027-04-04,0.0
2026/2027,Niger,state,P(peak in season weeks 45-48),2027-05-02,0.0
2026/2027,Niger,state,P(peak in season weeks 49-52),2027-05-30,0.0
2026/2027,Niger,state,P(increase) week 1->2,2026-07-05,0.0
2026/2027,Niger,state,P(decrease) week 1->2,2026-07-05,1.0
2026/2027,Niger,state,P(increase) week 2->3,2026-07-12,0.5565
2026/2027,Niger,state,P(decrease) week 2->3,2026-07-12,0.4435
2026/2027,Niger,state,P(increase) week 3->4,2026-07-19,0.532
2026/2027,Niger,state,P(decrease) week 3->4,2026-07-19,0.468
2026/2027,Niger,state,P(increase) week 4->5,2026-07-26,0.508
2026/2027,Niger,state,P(decrease) week 4->5,2026-07-26,0.492
2026/2027,Niger,state,P(increase) week 5->6,2026-08-02,0.5415
2026/2027,Niger,state,P(decrease) week 5->6,2026-08-02,0.4585
2026/2027,Niger,state,P(increase) week 6->7,2026-08-09,0.508
2026/2027,Niger,state,P(decrease) week 6->7,2026-08-09,0.492
2026/2027,Niger,state,P(increase) week 7->8,2026-08-16,0.688
2026/2027,Niger,state,P(decrease) week 7->8,2026-08-16,0.312
2026/2027,Niger,state,P(increase) week 8->9,2026-08-23,0.7205
2026/2027,Niger,state,P(decrease) week 8->9,2026-08-23,0.2795
2026/2027,Niger,state,P(increase) week 9->10,2026-08-30,0.861
2026/2027,Niger,state,P(decrease) week 9->10,2026-08-30,0.139
2026/2027,Niger,state,P(increase) week 10->11,2026-09-06,0.9015
2026/2027,Niger,state,P(decrease) week 10->11,2026-09-06,0.0985
2026/2027,Niger,state,P(increase) week 11->12,2026-09-13,0.983
2026/2027,Niger,state,P(decrease) week 11->12,2026-09-13,0.017
2026/2027,Niger,state,P(increase) week 12->13,2026-09-20,0.9945
2026/2027,Niger,state,P(decrease) week 12->13,2026-09-20,0.0055
2026/2027,Niger,state,P(increase) week 13->14,2026-09-27,0.987
2026/2027,Niger,state,P(decrease) week 13->14,2026-09-27,0.013
2026/2027,Niger,state,P(increase) week 14->15,2026-10-04,0.9145
2026/2027,Niger,state,P(decrease) week 14->15,2026-10-04,0.0855
2026/2027,Niger,state,P(increase) week 15->16,2026-10-11,0.6335
2026/2027,Niger,state,P(decrease) week 15->16,2026-10-11,0.3665
2026/2027,Niger,state,P(increase) week 16->17,2026-10-18,0.2095
2026/2027,Niger,state,P(decrease) week 16->17,2026-10-18,0.7905
2026/2027,Niger,state,P(increase) week 17->18,2026-10-25,0.0225
2026/2027,Niger,state,P(decrease) week 17->18,2026-10-25,0.9775
2026/2027,Niger,state,P(increase) week 18->19,2026-11-01,0.0015
2026/2027,Niger,state,P(decrease) week 18->19,2026-11-01,0.9985
2026/2027,Niger,state,P(increase) week 19->20,2026-11-08,0.023
2026/2027,Niger,state,P(decrease) week 19->20,2026-11-08,0.977
2026/2027,Niger,state,P(increase) week 20->21,2026-11-15,0.278
2026/2027,Niger,state,P(decrease) week 20->21,2026-11-15,0.722
2026/2027,Niger,state,P(increase) week 21->22,2026-11-22,0.6145
2026/2027,Niger,state,P(decrease) week 21->22,2026-11-22,0.3855
2026/2027,Niger,state,P(increase) week 22->23,2026-11-29,0.771
2026/2027,Niger,state,P(decrease) week 22->23,2026-11-29,0.229
2026/2027,Niger,state,P(increase) week 23->24,2026-12-06,0.839
2026/2027,Niger,state,P(decrease) week 23->24,2026-12-06,0.161
2026/2027,Niger,state,P(increase) week 24->25,2026-12-13,0.944
2026/2027,Niger,state,P(decrease) week 24->25,2026-12-13,0.056
2026/2027,Niger,state,P(increase) week 25->26,2026-12-20,0.9035
2026/2027,Niger,state,P(decrease) week 25->26,2026-12-20,0.0965
2026/2027,Niger,state,P(increase) week 26->27,2026-12-27,0.719
2026/2027,Niger,state,P(decrease) week 26->27,2026-12-27,0.281
2026/2027,Niger,state,P(increase) week 27->28,2027-01-03,0.3915
2026/2027,Niger,state,P(decrease) week 27->28,2027-01-03,0.6085
2026/2027,Niger,state,P(increase) week 28->29,2027-01-10,0.1385
2026/2027,Niger,state,P(decrease) week 28->29,2027-01-10,0.8615
2026/2027,Niger,state,P(increase) week 29->30,2027-01-17,0.0515
2026/2027,Niger,state,P(decrease) week 29->30,2027-01-17,0.9485
2026/2027,Niger,state,P(increase) week 30->31,2027-01-24,0.022
2026/2027,Niger,state,P(decrease) week 30->31,2027-01-24,0.978
2026/2027,Niger,state,P(increase) week 31->32,2027-01-31,0.0735
2026/2027,Niger,state,P(decrease) week 31->32,2027-01-31,0.9265
2026/2027,Niger,state,P(increase) week 32->33,2027-02-07,0.249
2026/2027,Niger,state,P(decrease) week 32->33,2027-02-07,0.751
2026/2027,Niger,state,P(increase) week 33->34,2027-02-14,0.241
2026/2027,Niger,state,P(decrease) week 33->34,2027-02-14,0.759
2026/2027,Niger,state,P(increase) week 34->35,2027-02-21,0.39
2026/2027,Niger,state,P(decrease) week 34->35,2027-02-21,0.61
2026/2027,Niger,state,P(increase) week 35->36,2027-02-28,0.4585
2026/2027,Niger,state,P(decrease) week 35->36,2027-02-28,0.5415
2026/2027,Niger,state,P(increase) week 36->37,2027-03-07,0.514
2026/2027,Niger,state,P(decrease) week 36->37,2027-03-07,0.486
2026/2027,Niger,state,P(increase) week 37->38,2027-03-14,0.5205
2026/2027,Niger,state,P(decrease) week 37->38,2027-03-14,0.4795
2026/2027,Niger,state,P(increase) week 38->39,2027-03-21,0.5245
2026/2027,Niger,state,P(decrease) week 38->39,2027-03-21,0.4755
2026/2027,Niger,state,P(increase) week 39->40,2027-03-28,0.4905
2026/2027,Niger,state,P(decrease) week 39->40,2027-03-28,0.5095
2026/2027,Niger,state,P(increase) week 40->41,2027-04-04,0.479
2026/2027,Niger,state,P(decrease) week 40->41,2027-04-04,0.521
2026/2027,Niger,state,P(increase) week 41->42,2027-04-11,0.433
2026/2027,Niger,state,P(decrease) week 41->42,2027-04-11,0.567
2026/2027,Niger,state,P(increase) week 42->43,2027-04-18,0.4975
2026/2027,Niger,state,P(decrease) week 42->43,2027-04-18,0.5025
2026/2027,Niger,state,P(increase) week 43->44,2027-04-25,0.5785
2026/2027,Niger,state,P(decrease) week 43->44,2027-04-25,0.4215
2026/2027,Niger,state,P(increase) week 44->45,2027-05-02,0.4965
2026/2027,Niger,state,P(decrease) week 44->45,2027-05-02,0.5035
2026/2027,Niger,state,P(increase) week 45->46,2027-05-09,0.494
2026/2027,Niger,state,P(decrease) week 45->46,2027-05-09,0.506
2026/2027,Niger,state,P(increase) week 46->47,2027-05-16,0.424
2026/2027,Niger,state,P(decrease) week 46->47,2027-05-16,0.576
2026/2027,Niger,state,P(increase) week 47->48,2027-05-23,0.5195
2026/2027,Niger,state,P(decrease) week 47->48,2027-05-23,0.4805
2026/2027,Niger,state,P(increase) week 48->49,2027-05-30,0.521
2026/2027,Niger,state,P(decrease) week 48->49,2027-05-30,0.479
2026/2027,Niger,state,P(increase) week 49->50,2027-06-06,0.5245
2026/2027,Niger,state,P(decrease) week 49->50,2027-06-06,0.4755
2026/2027,Niger,state,P(increase) week 50->51,2027-06-13,0.522
2026/2027,Niger,state,P(decrease) week 50->51,2027-06-13,0.478
2026/2027,Niger,state,P(increase) week 51->52,2027-06-20,0.4975
2026/2027,Niger,state,P(decrease) week 51->52,2027-06-20,0.5025
2026/2027,Ogun,state,P(peak in season weeks 1-4),2026-06-28,0.0
2026/2027,Ogun,state,P(peak in season weeks 5-8),2026-07-26,0.0035
2026/2027,Ogun,state,P(peak in season weeks 9-12),2026-08-23,0.0045
2026/2027,Ogun,state,P(peak in season weeks 13-16),2026-09-20,0.9725
2026/2027,Ogun,state,P(peak in season weeks 17-20),2026-10-18,0.0035
2026/2027,Ogun,state,P(peak in season weeks 21-24),2026-11-15,0.007
2026/2027,Ogun,state,P(peak in season weeks 25-28),2026-12-13,0.009
2026/2027,Ogun,state,P(peak in season weeks 29-32),2027-01-10,0.0
2026/2027,Ogun,state,P(peak in season weeks 33-36),2027-02-07,0.0
2026/2027,Ogun,state,P(peak in season weeks 37-40),2027-03-07,0.0
2026/2027,Ogun,state,P(peak in season weeks 41-44),2027-04-04,0.0
2026/2027,Ogun,state,P(peak in season weeks 45-48),2027-05-02,0.0
2026/2027,Ogun,state,P(peak in season weeks 49-52),2027-05-30,0.0
2026/2027,Ogun,state,P(increase) week 1->2,2026-07-05,0.0
2026/2027,Ogun,state,P(decrease) week 1->2,2026-07-05,1.0
2026/2027,Ogun,state,P(increase) week 2->3,2026-07-12,0.4765
2026/2027,Ogun,state,P(decrease) week 2->3,2026-07-12,0.5235
2026/2027,Ogun,state,P(increase) week 3->4,2026-07-19,0.499
2026/2027,Ogun,state,P(decrease) week 3->4,2026-07-19,0.501
2026/2027,Ogun,state,P(increase) week 4->5,2026-07-26,0.572
2026/2027,Ogun,state,P(decrease) week 4->5,2026-07-26,0.428
2026/2027,Ogun,state,P(increase) week 5->6,2026-08-02,0.611
2026/2027,Ogun,state,P(decrease) week 5->6,2026-08-02,0.389
2026/2027,Ogun,state,P(increase) week 6->7,2026-08-09,0.678
2026/2027,Ogun,state,P(decrease) week 6->7,2026-08-09,0.322
2026/2027,Ogun,state,P(increase) week 7->8,2026-08-16,0.7175
2026/2027,Ogun,state,P(decrease) week 7->8,2026-08-16,0.2825
2026/2027,Ogun,state,P(increase) week 8->9,2026-08-23,0.902
2026/2027,Ogun,state,P(decrease) week 8->9,2026-08-23,0.098
2026/2027,Ogun,state,P(increase) week 9->10,2026-08-30,0.989
2026/2027,Ogun,state,P(decrease) week 9->10,2026-08-30,0.011
2026/2027,Ogun,state,P(increase) week 10->11,2026-09-06,0.9855
2026/2027,Ogun,state,P(decrease) week 10->11,2026-09-06,0.0145
2026/2027,Ogun,state,P(increase) week 11->12,2026-09-13,0.993
2026/2027,Ogun,state,P(decrease) week 11->12,2026-09-13,0.007
2026/2027,Ogun,state,P(increase) week 12->13,2026-09-20,0.9765
2026/2027,Ogun,state,P(decrease) week 12->13,2026-09-20,0.0235
2026/2027,Ogun,state,P(increase) week 13->14,2026-09-27,0.9405
2026/2027,Ogun,state,P(decrease) week 13->14,2026-09-27,0.0595
2026/2027,Ogun,state,P(increase) week 14->15,2026-10-04,0.686
2026/2027,Ogun,state,P(decrease) week 14->15,2026-10-04,0.314
2026/2027,Ogun,state,P(increase) week 15->16,2026-10-11,0.187
2026/2027,Ogun,state,P(decrease) week 15->16,2026-10-11,0.813
2026/2027,Ogun,state,P(increase) week 16->17,2026-10-18,0.023
2026/2027,Ogun,state,P(decrease) week 16->17,2026-10-18,0.977
2026/2027,Ogun,state,P(increase) week 17->18,2026-10-25,0.002
2026/2027,Ogun,state,P(decrease) week 17->18,2026-10-25,0.998
2026/2027,Ogun,state,P(increase) week 18->19,2026-11-01,0.001
2026/2027,Ogun,state,P(decrease) week 18->19,2026-11-01,0.999
2026/2027,Ogun,state,P(increase) week 19->20,2026-11-08,0.097
2026/2027,Ogun,state,P(decrease) week 19->20,2026-11-08,0.903
2026/2027,Ogun,state,P(increase) week 20->21,2026-11-15,0.4875
2026/2027,Ogun,state,P(decrease) week 20->21,2026-11-15,0.5125
2026/2027,Ogun,state,P(increase) week 21->22,2026-11-22,0.7455
2026/2027,Ogun,state,P(decrease) week 21->22,2026-11-22,0.2545
2026/2027,Ogun,state,P(increase) week 22->23,2026-11-29,0.8685
2026/2027,Ogun,state,P(decrease) week 22->23,2026-11-29,0.1315
2026/2027,Ogun,state,P(increase) week 23->24,2026-12-06,0.973
2026/2027,Ogun,state,P(decrease) week 23->24,2026-12-06,0.027
2026/2027,Ogun,state,P(increase) week 24->25,2026-12-13,0.9285
2026/2027,Ogun,state,P(decrease) week 24->25,2026-12-13,0.0715
2026/2027,Ogun,state,P(increase) week 25->26,2026-12-20,0.835
2026/2027,Ogun,state,P(decrease) week 25->26,2026-12-20,0.165
2026/2027,Ogun,state,P(increase) week 26->27,2026-12-27,0.6425
2026/2027,Ogun,state,P(decrease) week 26->27,2026-12-27,0.3575
2026/2027,Ogun,state,P(increase) week 27->28,2027-01-03,0.2785
2026/2027,Ogun,state,P(decrease) week 27->28,2027-01-03,0.7215
2026/2027,Ogun,state,P(increase) week 28->29,2027-01-10,0.0595
2026/2027,Ogun,state,P(decrease) week 28->29,2027-01-10,0.9405
2026/2027,Ogun,state,P(increase) week 29->30,2027-01-17,0.098
2026/2027,Ogun,state,P(decrease) week 29->30,2027-01-17,0.902
2026/2027,Ogun,state,P(increase) week 30->31,2027-01-24,0.12
2026/2027,Ogun,state,P(decrease) week 30->31,2027-01-24,0.88
2026/2027,Ogun,state,P(increase) week 31->32,2027-01-31,0.0935
2026/2027,Ogun,state,P(decrease) week 31->32,2027-01-31,0.9065
2026/2027,Ogun,state,P(increase) week 32->33,2027-02-07,0.215
2026/2027,Ogun,state,P(decrease) week 32->33,2027-02-07,0.785
2026/2027,Ogun,state,P(increase) week 33->34,2027-02-14,0.2805
2026/2027,Ogun,state,P(decrease) week 33->34,2027-02-14,0.7195
2026/2027,Ogun,state,P(increase) week 34->35,2027-02-21,0.3735
2026/2027,Ogun,state,P(decrease) week 34->35,2027-02-21,0.6265
2026/2027,Ogun,state,P(increase) week 35->36,2027-02-28,0.506
2026/2027,Ogun,state,P(decrease) week 35->36,2027-02-28,0.494
2026/2027,Ogun,state,P(increase) week 36->37,2027-03-07,0.526
2026/2027,Ogun,state,P(decrease) week 36->37,2027-03-07,0.474
2026/2027,Ogun,state,P(increase) week 37->38,2027-03-14,0.4975
2026/2027,Ogun,state,P(decrease) week 37->38,2027-03-14,0.5025
2026/2027,Ogun,state,P(increase) week 38->39,2027-03-21,0.465
2026/2027,Ogun,state,P(decrease) week 38->39,2027-03-21,0.535
2026/2027,Ogun,state,P(increase) week 39->40,2027-03-28,0.508
2026/2027,Ogun,state,P(decrease) week 39->40,2027-03-28,0.492
2026/2027,Ogun,state,P(increase) week 40->41,2027-04-04,0.486
2026/2027,Ogun,state,P(decrease) week 40->41,2027-04-04,0.514
2026/2027,Ogun,state,P(increase) week 41->42,2027-04-11,0.4945
2026/2027,Ogun,state,P(decrease) week 41->42,2027-04-11,0.5055
2026/2027,Ogun,state,P(increase) week 42->43,2027-04-18,0.45
2026/2027,Ogun,state,P(decrease) week 42->43,2027-04-18,0.55
2026/2027,Ogun,state,P(increase) week 43->44,2027-04-25,0.5405
2026/2027,Ogun,state,P(decrease) week 43->44,2027-04-25,0.4595
2026/2027,Ogun,state,P(increase) week 44->45,2027-05-02,0.541
2026/2027,Ogun,state,P(decrease) week 44->45,2027-05-02,0.459
2026/2027,Ogun,state,P(increase) week 45->46,2027-05-09,0.5105
2026/2027,Ogun,state,P(decrease) week 45->46,2027-05-09,0.4895
2026/2027,Ogun,state,P(increase) week 46->47,2027-05-16,0.368
2026/2027,Ogun,state,P(decrease) week 46->47,2027-05-16,0.632
2026/2027,Ogun,state,P(increase) week 47->48,2027-05-23,0.5345
2026/2027,Ogun,state,P(decrease) week 47->48,2027-05-23,0.4655
2026/2027,Ogun,state,P(increase) week 48->49,2027-05-30,0.484
2026/2027,Ogun,state,P(decrease) week 48->49,2027-05-30,0.516
2026/2027,Ogun,state,P(increase) week 49->50,2027-06-06,0.582
2026/2027,Ogun,state,P(decrease) week 49->50,2027-06-06,0.418
2026/2027,Ogun,state,P(increase) week 50->51,2027-06-13,0.506
2026/2027,Ogun,state,P(decrease) week 50->51,2027-06-13,0.494
2026/2027,Ogun,state,P(increase) week 51->52,2027-06-20,0.4535
2026/2027,Ogun,state,P(decrease) week 51->52,2027-06-20,0.5465
2026/2027,Ondo,state,P(peak in season weeks 1-4),2026-06-28,0.0
2026/2027,Ondo,state,P(peak in season weeks 5-8),2026-07-26,0.003
2026/2027,Ondo,state,P(peak in season weeks 9-12),2026-08-23,0.0085
2026/2027,Ondo,state,P(peak in season weeks 13-16),2026-09-20,0.954
2026/2027,Ondo,state,P(peak in season weeks 17-20),2026-10-18,0.014
2026/2027,Ondo,state,P(peak in season weeks 21-24),2026-11-15,0.0155
2026/2027,Ondo,state,P(peak in season weeks 25-28),2026-12-13,0.0045
2026/2027,Ondo,state,P(peak in season weeks 29-32),2027-01-10,0.0005
2026/2027,Ondo,state,P(peak in season weeks 33-36),2027-02-07,0.0
2026/2027,Ondo,state,P(peak in season weeks 37-40),2027-03-07,0.0
2026/2027,Ondo,state,P(peak in season weeks 41-44),2027-04-04,0.0
2026/2027,Ondo,state,P(peak in season weeks 45-48),2027-05-02,0.0
2026/2027,Ondo,state,P(peak in season weeks 49-52),2027-05-30,0.0
2026/2027,Ondo,state,P(increase) week 1->2,2026-07-05,0.0
2026/2027,Ondo,state,P(decrease) week 1->2,2026-07-05,1.0
2026/2027,Ondo,state,P(increase) week 2->3,2026-07-12,0.6015
2026/2027,Ondo,state,P(decrease) week 2->3,2026-07-12,0.3985
2026/2027,Ondo,state,P(increase) week 3->4,2026-07-19,0.537
2026/2027,Ondo,state,P(decrease) week 3->4,2026-07-19,0.463
2026/2027,Ondo,state,P(increase) week 4->5,2026-07-26,0.4955
2026/2027,Ondo,state,P(decrease) week 4->5,2026-07-26,0.5045
2026/2027,Ondo,state,P(increase) week 5->6,2026-08-02,0.5885
2026/2027,Ondo,state,P(decrease) week 5->6,2026-08-02,0.4115
2026/2027,Ondo,state,P(increase) week 6->7,2026-08-09,0.684
2026/2027,Ondo,state,P(decrease) week 6->7,2026-08-09,0.316
2026/2027,Ondo,state,P(increase) week 7->8,2026-08-16,0.882
2026/2027,Ondo,state,P(decrease) week 7->8,2026-08-16,0.118
2026/2027,Ondo,state,P(increase) week 8->9,2026-08-23,0.9045
2026/2027,Ondo,state,P(decrease) week 8->9,2026-08-23,0.0955
2026/2027,Ondo,state,P(increase) week 9->10,2026-08-30,0.98
2026/2027,Ondo,state,P(decrease) week 9->10,2026-08-30,0.02
2026/2027,Ondo,state,P(increase) week 10->11,2026-09-06,0.997
2026/2027,Ondo,state,P(decrease) week 10->11,2026-09-06,0.003
2026/2027,Ondo,state,P(increase) week 11->12,2026-09-13,0.9885
2026/2027,Ondo,state,P(decrease) week 11->12,2026-09-13,0.0115
2026/2027,Ondo,state,P(increase) week 12->13,2026-09-20,0.979
2026/2027,Ondo,state,P(decrease) week 12->13,2026-09-20,0.021
2026/2027,Ondo,state,P(increase) week 13->14,2026-09-27,0.9
2026/2027,Ondo,state,P(decrease) week 13->14,2026-09-27,0.1
2026/2027,Ondo,state,P(increase) week 14->15,2026-10-04,0.7305
2026/2027,Ondo,state,P(decrease) week 14->15,2026-10-04,0.2695
2026/2027,Ondo,state,P(increase) week 15->16,2026-10-11,0.321
2026/2027,Ondo,state,P(decrease) week 15->16,2026-10-11,0.679
2026/2027,Ondo,state,P(increase) week 16->17,2026-10-18,0.0235
2026/2027,Ondo,state,P(decrease) week 16->17,2026-10-18,0.9765
2026/2027,Ondo,state,P(increase) week 17->18,2026-10-25,0.0005
2026/2027,Ondo,state,P(decrease) week 17->18,2026-10-25,0.9995
2026/2027,Ondo,state,P(increase) week 18->19,2026-11-01,0.0035
2026/2027,Ondo,state,P(decrease) week 18->19,2026-11-01,0.9965
2026/2027,Ondo,state,P(increase) week 19->20,2026-11-08,0.047
2026/2027,Ondo,state,P(decrease) week 19->20,2026-11-08,0.953
2026/2027,Ondo,state,P(increase) week 20->21,2026-11-15,0.427
2026/2027,Ondo,state,P(decrease) week 20->21,2026-11-15,0.573
2026/2027,Ondo,state,P(increase) week 21->22,2026-11-22,0.7655
2026/2027,Ondo,state,P(decrease) week 21->22,2026-11-22,0.2345
2026/2027,Ondo,state,P(increase) week 22->23,2026-11-29,0.9295
2026/2027,Ondo,state,P(decrease) week 22->23,2026-11-29,0.0705
2026/2027,Ondo,state,P(increase) week 23->24,2026-12-06,0.9045
2026/2027,Ondo,state,P(decrease) week 23->24,2026-12-06,0.0955
2026/2027,Ondo,state,P(increase) week 24->25,2026-12-13,0.7745
2026/2027,Ondo,state,P(decrease) week 24->25,2026-12-13,0.2255
2026/2027,Ondo,state,P(increase) week 25->26,2026-12-20,0.858
2026/2027,Ondo,state,P(decrease) week 25->26,2026-12-20,0.142
2026/2027,Ondo,state,P(increase) week 26->27,2026-12-27,0.8695
2026/2027,Ondo,state,P(decrease) week 26->27,2026-12-27,0.1305
2026/2027,Ondo,state,P(increase) week 27->28,2027-01-03,0.351
2026/2027,Ondo,state,P(decrease) week 27->28,2027-01-03,0.649
2026/2027,Ondo,state,P(increase) week 28->29,2027-01-10,0.095
2026/2027,Ondo,state,P(decrease) week 28->29,2027-01-10,0.905
2026/2027,Ondo,state,P(increase) week 29->30,2027-01-17,0.0285
2026/2027,Ondo,state,P(decrease) week 29->30,2027-01-17,0.9715
2026/2027,Ondo,state,P(increase) week 30->31,2027-01-24,0.173
2026/2027,Ondo,state,P(decrease) week 30->31,2027-01-24,0.827
2026/2027,Ondo,state,P(increase) week 31->32,2027-01-31,0.069
2026/2027,Ondo,state,P(decrease) week 31->32,2027-01-31,0.931
2026/2027,Ondo,state,P(increase) week 32->33,2027-02-07,0.2885
2026/2027,Ondo,state,P(decrease) week 32->33,2027-02-07,0.7115
2026/2027,Ondo,state,P(increase) week 33->34,2027-02-14,0.2345
2026/2027,Ondo,state,P(decrease) week 33->34,2027-02-14,0.7655
2026/2027,Ondo,state,P(increase) week 34->35,2027-02-21,0.408
2026/2027,Ondo,state,P(decrease) week 34->35,2027-02-21,0.592
2026/2027,Ondo,state,P(increase) week 35->36,2027-02-28,0.5
2026/2027,Ondo,state,P(decrease) week 35->36,2027-02-28,0.5
2026/2027,Ondo,state,P(increase) week 36->37,2027-03-07,0.5025
2026/2027,Ondo,state,P(decrease) week 36->37,2027-03-07,0.495
2026/2027,Ondo,state,P(increase) week 37->38,2027-03-14,0.4915
2026/2027,Ondo,state,P(decrease) week 37->38,2027-03-14,0.5085
2026/2027,Ondo,state,P(increase) week 38->39,2027-03-21,0.5155
2026/2027,Ondo,state,P(decrease) week 38->39,2027-03-21,0.4845
2026/2027,Ondo,state,P(increase) week 39->40,2027-03-28,0.5015
2026/2027,Ondo,state,P(decrease) week 39->40,2027-03-28,0.4985
2026/2027,Ondo,state,P(increase) week 40->41,2027-04-04,0.497
2026/2027,Ondo,state,P(decrease) week 40->41,2027-04-04,0.503
2026/2027,Ondo,state,P(increase) week 41->42,2027-04-11,0.4125
2026/2027,Ondo,state,P(decrease) week 41->42,2027-04-11,0.5875
2026/2027,Ondo,state,P(increase) week 42->43,2027-04-18,0.5085
2026/2027,Ondo,state,P(decrease) week 42->43,2027-04-18,0.4915
2026/2027,Ondo,state,P(increase) week 43->44,2027-04-25,0.517
2026/2027,Ondo,state,P(decrease) week 43->44,2027-04-25,0.483
2026/2027,Ondo,state,P(increase) week 44->45,2027-05-02,0.542
2026/2027,Ondo,state,P(decrease) week 44->45,2027-05-02,0.458
2026/2027,Ondo,state,P(increase) week 45->46,2027-05-09,0.4625
2026/2027,Ondo,state,P(decrease) week 45->46,2027-05-09,0.5375
2026/2027,Ondo,state,P(increase) week 46->47,2027-05-16,0.4645
2026/2027,Ondo,state,P(decrease) week 46->47,2027-05-16,0.5355
2026/2027,Ondo,state,P(increase) week 47->48,2027-05-23,0.5075
2026/2027,Ondo,state,P(decrease) week 47->48,2027-05-23,0.4925
2026/2027,Ondo,state,P(increase) week 48->49,2027-05-30,0.6235
2026/2027,Ondo,state,P(decrease) week 48->49,2027-05-30,0.3765
2026/2027,Ondo,state,P(increase) week 49->50,2027-06-06,0.4735
2026/2027,Ondo,state,P(decrease) week 49->50,2027-06-06,0.5265
2026/2027,Ondo,state,P(increase) week 50->51,2027-06-13,0.5615
2026/2027,Ondo,state,P(decrease) week 50->51,2027-06-13,0.4385
2026/2027,Ondo,state,P(increase) week 51->52,2027-06-20,0.463
2026/2027,Ondo,state,P(decrease) week 51->52,2027-06-20,0.537
2026/2027,Osun,state,P(peak in season weeks 1-4),2026-06-28,0.0
2026/2027,Osun,state,P(peak in season weeks 5-8),2026-07-26,0.0035
2026/2027,Osun,state,P(peak in season weeks 9-12),2026-08-23,0.0095
2026/2027,Osun,state,P(peak in season weeks 13-16),2026-09-20,0.9515
2026/2027,Osun,state,P(peak in season weeks 17-20),2026-10-18,0.017
2026/2027,Osun,state,P(peak in season weeks 21-24),2026-11-15,0.014
2026/2027,Osun,state,P(peak in season weeks 25-28),2026-12-13,0.0045
2026/2027,Osun,state,P(peak in season weeks 29-32),2027-01-10,0.0
2026/2027,Osun,state,P(peak in season weeks 33-36),2027-02-07,0.0
2026/2027,Osun,state,P(peak in season weeks 37-40),2027-03-07,0.0
2026/2027,Osun,state,P(peak in season weeks 41-44),2027-04-04,0.0
2026/2027,Osun,state,P(peak in season weeks 45-48),2027-05-02,0.0
2026/2027,Osun,state,P(peak in season weeks 49-52),2027-05-30,0.0
2026/2027,Osun,state,P(increase) week 1->2,2026-07-05,0.0
2026/2027,Osun,state,P(decrease) week 1->2,2026-07-05,1.0
2026/2027,Osun,state,P(increase) week 2->3,2026-07-12,0.4765
2026/2027,Osun,state,P(decrease) week 2->3,2026-07-12,0.5235
2026/2027,Osun,state,P(increase) week 3->4,2026-07-19,0.517
2026/2027,Osun,state,P(decrease) week 3->4,2026-07-19,0.483
2026/2027,Osun,state,P(increase) week 4->5,2026-07-26,0.6505
2026/2027,Osun,state,P(decrease) week 4->5,2026-07-26,0.3495
2026/2027,Osun,state,P(increase) week 5->6,2026-08-02,0.609
2026/2027,Osun,state,P(decrease) week 5->6,2026-08-02,0.391
2026/2027,Osun,state,P(increase) week 6->7,2026-08-09,0.742
2026/2027,Osun,state,P(decrease) week 6->7,2026-08-09,0.258
2026/2027,Osun,state,P(increase) week 7->8,2026-08-16,0.7785
2026/2027,Osun,state,P(decrease) week 7->8,2026-08-16,0.2215
2026/2027,Osun,state,P(increase) week 8->9,2026-08-23,0.9085
2026/2027,Osun,state,P(decrease) week 8->9,2026-08-23,0.0915
2026/2027,Osun,state,P(increase) week 9->10,2026-08-30,0.959
2026/2027,Osun,state,P(decrease) week 9->10,2026-08-30,0.041
2026/2027,Osun,state,P(increase) week 10->11,2026-09-06,0.9935
2026/2027,Osun,state,P(decrease) week 10->11,2026-09-06,0.0065
2026/2027,Osun,state,P(increase) week 11->12,2026-09-13,0.9795
2026/2027,Osun,state,P(decrease) week 11->12,2026-09-13,0.0205
2026/2027,Osun,state,P(increase) week 12->13,2026-09-20,0.931
2026/2027,Osun,state,P(decrease) week 12->13,2026-09-20,0.069
2026/2027,Osun,state,P(increase) week 13->14,2026-09-27,0.936
2026/2027,Osun,state,P(decrease) week 13->14,2026-09-27,0.064
2026/2027,Osun,state,P(increase) week 14->15,2026-10-04,0.813
2026/2027,Osun,state,P(decrease) week 14->15,2026-10-04,0.187
2026/2027,Osun,state,P(increase) week 15->16,2026-10-11,0.344
2026/2027,Osun,state,P(decrease) week 15->16,2026-10-11,0.656
2026/2027,Osun,state,P(increase) week 16->17,2026-10-18,0.042
2026/2027,Osun,state,P(decrease) week 16->17,2026-10-18,0.958
2026/2027,Osun,state,P(increase) week 17->18,2026-10-25,0.0025
2026/2027,Osun,state,P(decrease) week 17->18,2026-10-25,0.9975
2026/2027,Osun,state,P(increase) week 18->19,2026-11-01,0.0
2026/2027,Osun,state,P(decrease) week 18->19,2026-11-01,1.0
2026/2027,Osun,state,P(increase) week 19->20,2026-11-08,0.095
2026/2027,Osun,state,P(decrease) week 19->20,2026-11-08,0.905
2026/2027,Osun,state,P(increase) week 20->21,2026-11-15,0.4595
2026/2027,Osun,state,P(decrease) week 20->21,2026-11-15,0.5405
2026/2027,Osun,state,P(increase) week 21->22,2026-11-22,0.725
2026/2027,Osun,state,P(decrease) week 21->22,2026-11-22,0.275
2026/2027,Osun,state,P(increase) week 22->23,2026-11-29,0.9405
2026/2027,Osun,state,P(decrease) week 22->23,2026-11-29,0.0595
2026/2027,Osun,state,P(increase) week 23->24,2026-12-06,0.9255
2026/2027,Osun,state,P(decrease) week 23->24,2026-12-06,0.0745
2026/2027,Osun,state,P(increase) week 24->25,2026-12-13,0.942
2026/2027,Osun,state,P(decrease) week 24->25,2026-12-13,0.058
2026/2027,Osun,state,P(increase) week 25->26,2026-12-20,0.9085
2026/2027,Osun,state,P(decrease) week 25->26,2026-12-20,0.0915
2026/2027,Osun,state,P(increase) week 26->27,2026-12-27,0.675
2026/2027,Osun,state,P(decrease) week 26->27,2026-12-27,0.325
2026/2027,Osun,state,P(increase) week 27->28,2027-01-03,0.2915
2026/2027,Osun,state,P(decrease) week 27->28,2027-01-03,0.7085
2026/2027,Osun,state,P(increase) week 28->29,2027-01-10,0.0775
2026/2027,Osun,state,P(decrease) week 28->29,2027-01-10,0.9225
2026/2027,Osun,state,P(increase) week 29->30,2027-01-17,0.0185
2026/2027,Osun,state,P(decrease) week 29->30,2027-01-17,0.9815
2026/2027,Osun,state,P(increase) week 30->31,2027-01-24,0.071
2026/2027,Osun,state,P(decrease) week 30->31,2027-01-24,0.929
2026/2027,Osun,state,P(increase) week 31->32,2027-01-31,0.2105
2026/2027,Osun,state,P(decrease) week 31->32,2027-01-31,0.7895
2026/2027,Osun,state,P(increase) week 32->33,2027-02-07,0.2545
2026/2027,Osun,state,P(decrease) week 32->33,2027-02-07,0.7455
2026/2027,Osun,state,P(increase) week 33->34,2027-02-14,0.282
2026/2027,Osun,state,P(decrease) week 33->34,2027-02-14,0.718
2026/2027,Osun,state,P(increase) week 34->35,2027-02-21,0.4015
2026/2027,Osun,state,P(decrease) week 34->35,2027-02-21,0.5985
2026/2027,Osun,state,P(increase) week 35->36,2027-02-28,0.448
2026/2027,Osun,state,P(decrease) week 35->36,2027-02-28,0.552
2026/2027,Osun,state,P(increase) week 36->37,2027-03-07,0.514
2026/2027,Osun,state,P(decrease) week 36->37,2027-03-07,0.486
2026/2027,Osun,state,P(increase) week 37->38,2027-03-14,0.484
2026/2027,Osun,state,P(decrease) week 37->38,2027-03-14,0.516
2026/2027,Osun,state,P(increase) week 38->39,2027-03-21,0.524
2026/2027,Osun,state,P(decrease) week 38->39,2027-03-21,0.476
2026/2027,Osun,state,P(increase) week 39->40,2027-03-28,0.5415
2026/2027,Osun,state,P(decrease) week 39->40,2027-03-28,0.4585
2026/2027,Osun,state,P(increase) week 40->41,2027-04-04,0.487
2026/2027,Osun,state,P(decrease) week 40->41,2027-04-04,0.513
2026/2027,Osun,state,P(increase) week 41->42,2027-04-11,0.5065
2026/2027,Osun,state,P(decrease) week 41->42,2027-04-11,0.4935
2026/2027,Osun,state,P(increase) week 42->43,2027-04-18,0.43
2026/2027,Osun,state,P(decrease) week 42->43,2027-04-18,0.57
2026/2027,Osun,state,P(increase) week 43->44,2027-04-25,0.491
2026/2027,Osun,state,P(decrease) week 43->44,2027-04-25,0.509
2026/2027,Osun,state,P(increase) week 44->45,2027-05-02,0.546
2026/2027,Osun,state,P(decrease) week 44->45,2027-05-02,0.454
2026/2027,Osun,state,P(increase) week 45->46,2027-05-09,0.4845
2026/2027,Osun,state,P(decrease) week 45->46,2027-05-09,0.5155
2026/2027,Osun,state,P(increase) week 46->47,2027-05-16,0.542
2026/2027,Osun,state,P(decrease) week 46->47,2027-05-16,0.458
2026/2027,Osun,state,P(increase) week 47->48,2027-05-23,0.462
2026/2027,Osun,state,P(decrease) week 47->48,2027-05-23,0.538
2026/2027,Osun,state,P(increase) week 48->49,2027-05-30,0.543
2026/2027,Osun,state,P(decrease) week 48->49,2027-05-30,0.457
2026/2027,Osun,state,P(increase) week 49->50,2027-06-06,0.5055
2026/2027,Osun,state,P(decrease) week 49->50,2027-06-06,0.4945
2026/2027,Osun,state,P(increase) week 50->51,2027-06-13,0.4825
2026/2027,Osun,state,P(decrease) week 50->51,2027-06-13,0.5175
2026/2027,Osun,state,P(increase) week 51->52,2027-06-20,0.4635
2026/2027,Osun,state,P(decrease) week 51->52,2027-06-20,0.5365
2026/2027,Oyo,state,P(peak in season weeks 1-4),2026-06-28,0.0
2026/2027,Oyo,state,P(peak in season weeks 5-8),2026-07-26,0.003
2026/2027,Oyo,state,P(peak in season weeks 9-12),2026-08-23,0.006
2026/2027,Oyo,state,P(peak in season weeks 13-16),2026-09-20,0.9695
2026/2027,Oyo,state,P(peak in season weeks 17-20),2026-10-18,0.0055
2026/2027,Oyo,state,P(peak in season weeks 21-24),2026-11-15,0.0105
2026/2027,Oyo,state,P(peak in season weeks 25-28),2026-12-13,0.005
2026/2027,Oyo,state,P(peak in season weeks 29-32),2027-01-10,0.0005
2026/2027,Oyo,state,P(peak in season weeks 33-36),2027-02-07,0.0
2026/2027,Oyo,state,P(peak in season weeks 37-40),2027-03-07,0.0
2026/2027,Oyo,state,P(peak in season weeks 41-44),2027-04-04,0.0
2026/2027,Oyo,state,P(peak in season weeks 45-48),2027-05-02,0.0
2026/2027,Oyo,state,P(peak in season weeks 49-52),2027-05-30,0.0
2026/2027,Oyo,state,P(increase) week 1->2,2026-07-05,0.0
2026/2027,Oyo,state,P(decrease) week 1->2,2026-07-05,1.0
2026/2027,Oyo,state,P(increase) week 2->3,2026-07-12,0.505
2026/2027,Oyo,state,P(decrease) week 2->3,2026-07-12,0.495
2026/2027,Oyo,state,P(increase) week 3->4,2026-07-19,0.5215
2026/2027,Oyo,state,P(decrease) week 3->4,2026-07-19,0.4785
2026/2027,Oyo,state,P(increase) week 4->5,2026-07-26,0.5895
2026/2027,Oyo,state,P(decrease) week 4->5,2026-07-26,0.4105
2026/2027,Oyo,state,P(increase) week 5->6,2026-08-02,0.5
2026/2027,Oyo,state,P(decrease) week 5->6,2026-08-02,0.5
2026/2027,Oyo,state,P(increase) week 6->7,2026-08-09,0.7005
2026/2027,Oyo,state,P(decrease) week 6->7,2026-08-09,0.2995
2026/2027,Oyo,state,P(increase) week 7->8,2026-08-16,0.648
2026/2027,Oyo,state,P(decrease) week 7->8,2026-08-16,0.352
2026/2027,Oyo,state,P(increase) week 8->9,2026-08-23,0.8735
2026/2027,Oyo,state,P(decrease) week 8->9,2026-08-23,0.1265
2026/2027,Oyo,state,P(increase) week 9->10,2026-08-30,0.9665
2026/2027,Oyo,state,P(decrease) week 9->10,2026-08-30,0.0335
2026/2027,Oyo,state,P(increase) week 10->11,2026-09-06,0.9925
2026/2027,Oyo,state,P(decrease) week 10->11,2026-09-06,0.0075
2026/2027,Oyo,state,P(increase) week 11->12,2026-09-13,0.998
2026/2027,Oyo,state,P(decrease) week 11->12,2026-09-13,0.002
2026/2027,Oyo,state,P(increase) week 12->13,2026-09-20,0.958
2026/2027,Oyo,state,P(decrease) week 12->13,2026-09-20,0.042
2026/2027,Oyo,state,P(increase) week 13->14,2026-09-27,0.893
2026/2027,Oyo,state,P(decrease) week 13->14,2026-09-27,0.107
2026/2027,Oyo,state,P(increase) week 14->15,2026-10-04,0.6145
2026/2027,Oyo,state,P(decrease) week 14->15,2026-10-04,0.3855
2026/2027,Oyo,state,P(increase) week 15->16,2026-10-11,0.205
2026/2027,Oyo,state,P(decrease) week 15->16,2026-10-11,0.795
2026/2027,Oyo,state,P(increase) week 16->17,2026-10-18,0.037
2026/2027,Oyo,state,P(decrease) week 16->17,2026-10-18,0.963
2026/2027,Oyo,state,P(increase) week 17->18,2026-10-25,0.002
2026/2027,Oyo,state,P(decrease) week 17->18,2026-10-25,0.998
2026/2027,Oyo,state,P(increase) week 18->19,2026-11-01,0.002
2026/2027,Oyo,state,P(decrease) week 18->19,2026-11-01,0.998
2026/2027,Oyo,state,P(increase) week 19->20,2026-11-08,0.059
2026/2027,Oyo,state,P(decrease) week 19->20,2026-11-08,0.941
2026/2027,Oyo,state,P(increase) week 20->21,2026-11-15,0.476
2026/2027,Oyo,state,P(decrease) week 20->21,2026-11-15,0.524
2026/2027,Oyo,state,P(increase) week 21->22,2026-11-22,0.7255
2026/2027,Oyo,state,P(decrease) week 21->22,2026-11-22,0.2745
2026/2027,Oyo,state,P(increase) week 22->23,2026-11-29,0.849
2026/2027,Oyo,state,P(decrease) week 22->23,2026-11-29,0.151
2026/2027,Oyo,state,P(increase) week 23->24,2026-12-06,0.943
2026/2027,Oyo,state,P(decrease) week 23->24,2026-12-06,0.057
2026/2027,Oyo,state,P(increase) week 24->25,2026-12-13,0.933
2026/2027,Oyo,state,P(decrease) week 24->25,2026-12-13,0.067
2026/2027,Oyo,state,P(increase) week 25->26,2026-12-20,0.915
2026/2027,Oyo,state,P(decrease) week 25->26,2026-12-20,0.085
2026/2027,Oyo,state,P(increase) week 26->27,2026-12-27,0.682
2026/2027,Oyo,state,P(decrease) week 26->27,2026-12-27,0.318
2026/2027,Oyo,state,P(increase) week 27->28,2027-01-03,0.352
2026/2027,Oyo,state,P(decrease) week 27->28,2027-01-03,0.648
2026/2027,Oyo,state,P(increase) week 28->29,2027-01-10,0.112
2026/2027,Oyo,state,P(decrease) week 28->29,2027-01-10,0.888
2026/2027,Oyo,state,P(increase) week 29->30,2027-01-17,0.0455
2026/2027,Oyo,state,P(decrease) week 29->30,2027-01-17,0.9545
2026/2027,Oyo,state,P(increase) week 30->31,2027-01-24,0.0665
2026/2027,Oyo,state,P(decrease) week 30->31,2027-01-24,0.9335
2026/2027,Oyo,state,P(increase) week 31->32,2027-01-31,0.182
2026/2027,Oyo,state,P(decrease) week 31->32,2027-01-31,0.818
2026/2027,Oyo,state,P(increase) week 32->33,2027-02-07,0.1925
2026/2027,Oyo,state,P(decrease) week 32->33,2027-02-07,0.8075
2026/2027,Oyo,state,P(increase) week 33->34,2027-02-14,0.4535
2026/2027,Oyo,state,P(decrease) week 33->34,2027-02-14,0.5465
2026/2027,Oyo,state,P(increase) week 34->35,2027-02-21,0.3225
2026/2027,Oyo,state,P(decrease) week 34->35,2027-02-21,0.6775
2026/2027,Oyo,state,P(increase) week 35->36,2027-02-28,0.429
2026/2027,Oyo,state,P(decrease) week 35->36,2027-02-28,0.571
2026/2027,Oyo,state,P(increase) week 36->37,2027-03-07,0.3815
2026/2027,Oyo,state,P(decrease) week 36->37,2027-03-07,0.6185
2026/2027,Oyo,state,P(increase) week 37->38,2027-03-14,0.5705
2026/2027,Oyo,state,P(decrease) week 37->38,2027-03-14,0.4295
2026/2027,Oyo,state,P(increase) week 38->39,2027-03-21,0.4995
2026/2027,Oyo,state,P(decrease) week 38->39,2027-03-21,0.5005
2026/2027,Oyo,state,P(increase) week 39->40,2027-03-28,0.536
2026/2027,Oyo,state,P(decrease) week 39->40,2027-03-28,0.464
2026/2027,Oyo,state,P(increase) week 40->41,2027-04-04,0.4115
2026/2027,Oyo,state,P(decrease) week 40->41,2027-04-04,0.5885
2026/2027,Oyo,state,P(increase) week 41->42,2027-04-11,0.544
2026/2027,Oyo,state,P(decrease) week 41->42,2027-04-11,0.456
2026/2027,Oyo,state,P(increase) week 42->43,2027-04-18,0.4235
2026/2027,Oyo,state,P(decrease) week 42->43,2027-04-18,0.5765
2026/2027,Oyo,state,P(increase) week 43->44,2027-04-25,0.464
2026/2027,Oyo,state,P(decrease) week 43->44,2027-04-25,0.536
2026/2027,Oyo,state,P(increase) week 44->45,2027-05-02,0.461
2026/2027,Oyo,state,P(decrease) week 44->45,2027-05-02,0.539
2026/2027,Oyo,state,P(increase) week 45->46,2027-05-09,0.5915
2026/2027,Oyo,state,P(decrease) week 45->46,2027-05-09,0.4085
2026/2027,Oyo,state,P(increase) week 46->47,2027-05-16,0.4675
2026/2027,Oyo,state,P(decrease) week 46->47,2027-05-16,0.5325
2026/2027,Oyo,state,P(increase) week 47->48,2027-05-23,0.49
2026/2027,Oyo,state,P(decrease) week 47->48,2027-05-23,0.51
2026/2027,Oyo,state,P(increase) week 48->49,2027-05-30,0.5165
2026/2027,Oyo,state,P(decrease) week 48->49,2027-05-30,0.4835
2026/2027,Oyo,state,P(increase) week 49->50,2027-06-06,0.5255
2026/2027,Oyo,state,P(decrease) week 49->50,2027-06-06,0.4745
2026/2027,Oyo,state,P(increase) week 50->51,2027-06-13,0.522
2026/2027,Oyo,state,P(decrease) week 50->51,2027-06-13,0.478
2026/2027,Oyo,state,P(increase) week 51->52,2027-06-20,0.4345
2026/2027,Oyo,state,P(decrease) week 51->52,2027-06-20,0.5655
2026/2027,Plateau,state,P(peak in season weeks 1-4),2026-06-28,0.0
2026/2027,Plateau,state,P(peak in season weeks 5-8),2026-07-26,0.003
2026/2027,Plateau,state,P(peak in season weeks 9-12),2026-08-23,0.0005
2026/2027,Plateau,state,P(peak in season weeks 13-16),2026-09-20,0.6395
2026/2027,Plateau,state,P(peak in season weeks 17-20),2026-10-18,0.3305
2026/2027,Plateau,state,P(peak in season weeks 21-24),2026-11-15,0.0115
2026/2027,Plateau,state,P(peak in season weeks 25-28),2026-12-13,0.011
2026/2027,Plateau,state,P(peak in season weeks 29-32),2027-01-10,0.004
2026/2027,Plateau,state,P(peak in season weeks 33-36),2027-02-07,0.0
2026/2027,Plateau,state,P(peak in season weeks 37-40),2027-03-07,0.0
2026/2027,Plateau,state,P(peak in season weeks 41-44),2027-04-04,0.0
2026/2027,Plateau,state,P(peak in season weeks 45-48),2027-05-02,0.0
2026/2027,Plateau,state,P(peak in season weeks 49-52),2027-05-30,0.0
2026/2027,Plateau,state,P(increase) week 1->2,2026-07-05,0.0
2026/2027,Plateau,state,P(decrease) week 1->2,2026-07-05,1.0
2026/2027,Plateau,state,P(increase) week 2->3,2026-07-12,0.586
2026/2027,Plateau,state,P(decrease) week 2->3,2026-07-12,0.414
2026/2027,Plateau,state,P(increase) week 3->4,2026-07-19,0.572
2026/2027,Plateau,state,P(decrease) week 3->4,2026-07-19,0.428
2026/2027,Plateau,state,P(increase) week 4->5,2026-07-26,0.4725
2026/2027,Plateau,state,P(decrease) week 4->5,2026-07-26,0.5275
2026/2027,Plateau,state,P(increase) week 5->6,2026-08-02,0.5645
2026/2027,Plateau,state,P(decrease) week 5->6,2026-08-02,0.4355
2026/2027,Plateau,state,P(increase) week 6->7,2026-08-09,0.518
2026/2027,Plateau,state,P(decrease) week 6->7,2026-08-09,0.482
2026/2027,Plateau,state,P(increase) week 7->8,2026-08-16,0.655
2026/2027,Plateau,state,P(decrease) week 7->8,2026-08-16,0.345
2026/2027,Plateau,state,P(increase) week 8->9,2026-08-23,0.7795
2026/2027,Plateau,state,P(decrease) week 8->9,2026-08-23,0.2205
2026/2027,Plateau,state,P(increase) week 9->10,2026-08-30,0.9225
2026/2027,Plateau,state,P(decrease) week 9->10,2026-08-30,0.0775
2026/2027,Plateau,state,P(increase) week 10->11,2026-09-06,0.9465
2026/2027,Plateau,state,P(decrease) week 10->11,2026-09-06,0.0535
2026/2027,Plateau,state,P(increase) week 11->12,2026-09-13,0.989
2026/2027,Plateau,state,P(decrease) week 11->12,2026-09-13,0.011
2026/2027,Plateau,state,P(increase) week 12->13,2026-09-20,0.9925
2026/2027,Plateau,state,P(decrease) week 12->13,2026-09-20,0.0075
2026/2027,Plateau,state,P(increase) week 13->14,2026-09-27,0.9945
2026/2027,Plateau,state,P(decrease) week 13->14,2026-09-27,0.0055
2026/2027,Plateau,state,P(increase) week 14->15,2026-10-04,0.878
2026/2027,Plateau,state,P(decrease) week 14->15,2026-10-04,0.122
2026/2027,Plateau,state,P(increase) week 15->16,2026-10-11,0.627
2026/2027,Plateau,state,P(decrease) week 15->16,2026-10-11,0.373
2026/2027,Plateau,state,P(increase) week 16->17,2026-10-18,0.392
2026/2027,Plateau,state,P(decrease) week 16->17,2026-10-18,0.608
2026/2027,Plateau,state,P(increase) week 17->18,2026-10-25,0.059
2026/2027,Plateau,state,P(decrease) week 17->18,2026-10-25,0.941
2026/2027,Plateau,state,P(increase) week 18->19,2026-11-01,0.002
2026/2027,Plateau,state,P(decrease) week 18->19,2026-11-01,0.998
2026/2027,Plateau,state,P(increase) week 19->20,2026-11-08,0.0405
2026/2027,Plateau,state,P(decrease) week 19->20,2026-11-08,0.9595
2026/2027,Plateau,state,P(increase) week 20->21,2026-11-15,0.306
2026/2027,Plateau,state,P(decrease) week 20->21,2026-11-15,0.694
2026/2027,Plateau,state,P(increase) week 21->22,2026-11-22,0.475
2026/2027,Plateau,state,P(decrease) week 21->22,2026-11-22,0.525
2026/2027,Plateau,state,P(increase) week 22->23,2026-11-29,0.799
2026/2027,Plateau,state,P(decrease) week 22->23,2026-11-29,0.201
2026/2027,Plateau,state,P(increase) week 23->24,2026-12-06,0.9475
2026/2027,Plateau,state,P(decrease) week 23->24,2026-12-06,0.0525
2026/2027,Plateau,state,P(increase) week 24->25,2026-12-13,0.9525
2026/2027,Plateau,state,P(decrease) week 24->25,2026-12-13,0.0475
2026/2027,Plateau,state,P(increase) week 25->26,2026-12-20,0.8615
2026/2027,Plateau,state,P(decrease) week 25->26,2026-12-20,0.1385
2026/2027,Plateau,state,P(increase) week 26->27,2026-12-27,0.7335
2026/2027,Plateau,state,P(decrease) week 26->27,2026-12-27,0.2665
2026/2027,Plateau,state,P(increase) week 27->28,2027-01-03,0.4265
2026/2027,Plateau,state,P(decrease) week 27->28,2027-01-03,0.5735
2026/2027,Plateau,state,P(increase) week 28->29,2027-01-10,0.194
2026/2027,Plateau,state,P(decrease) week 28->29,2027-01-10,0.806
2026/2027,Plateau,state,P(increase) week 29->30,2027-01-17,0.047
2026/2027,Plateau,state,P(decrease) week 29->30,2027-01-17,0.953
2026/2027,Plateau,state,P(increase) week 30->31,2027-01-24,0.012
2026/2027,Plateau,state,P(decrease) week 30->31,2027-01-24,0.988
2026/2027,Plateau,state,P(increase) week 31->32,2027-01-31,0.092
2026/2027,Plateau,state,P(decrease) week 31->32,2027-01-31,0.908
2026/2027,Plateau,state,P(increase) week 32->33,2027-02-07,0.1925
2026/2027,Plateau,state,P(decrease) week 32->33,2027-02-07,0.8075
2026/2027,Plateau,state,P(increase) week 33->34,2027-02-14,0.2385
2026/2027,Plateau,state,P(decrease) week 33->34,2027-02-14,0.7615
2026/2027,Plateau,state,P(increase) week 34->35,2027-02-21,0.3145
2026/2027,Plateau,state,P(decrease) week 34->35,2027-02-21,0.6855
2026/2027,Plateau,state,P(increase) week 35->36,2027-02-28,0.496
2026/2027,Plateau,state,P(decrease) week 35->36,2027-02-28,0.504
2026/2027,Plateau,state,P(increase) week 36->37,2027-03-07,0.518
2026/2027,Plateau,state,P(decrease) week 36->37,2027-03-07,0.482
2026/2027,Plateau,state,P(increase) week 37->38,2027-03-14,0.551
2026/2027,Plateau,state,P(decrease) week 37->38,2027-03-14,0.449
2026/2027,Plateau,state,P(increase) week 38->39,2027-03-21,0.381
2026/2027,Plateau,state,P(decrease) week 38->39,2027-03-21,0.619
2026/2027,Plateau,state,P(increase) week 39->40,2027-03-28,0.498
2026/2027,Plateau,state,P(decrease) week 39->40,2027-03-28,0.502
2026/2027,Plateau,state,P(increase) week 40->41,2027-04-04,0.61
2026/2027,Plateau,state,P(decrease) week 40->41,2027-04-04,0.39
2026/2027,Plateau,state,P(increase) week 41->42,2027-04-11,0.5025
2026/2027,Plateau,state,P(decrease) week 41->42,2027-04-11,0.4975
2026/2027,Plateau,state,P(increase) week 42->43,2027-04-18,0.4455
2026/2027,Plateau,state,P(decrease) week 42->43,2027-04-18,0.5545
2026/2027,Plateau,state,P(increase) week 43->44,2027-04-25,0.421
2026/2027,Plateau,state,P(decrease) week 43->44,2027-04-25,0.579
2026/2027,Plateau,state,P(increase) week 44->45,2027-05-02,0.511
2026/2027,Plateau,state,P(decrease) week 44->45,2027-05-02,0.489
2026/2027,Plateau,state,P(increase) week 45->46,2027-05-09,0.4825
2026/2027,Plateau,state,P(decrease) week 45->46,2027-05-09,0.5175
2026/2027,Plateau,state,P(increase) week 46->47,2027-05-16,0.451
2026/2027,Plateau,state,P(decrease) week 46->47,2027-05-16,0.549
2026/2027,Plateau,state,P(increase) week 47->48,2027-05-23,0.4935
2026/2027,Plateau,state,P(decrease) week 47->48,2027-05-23,0.5065
2026/2027,Plateau,state,P(increase) week 48->49,2027-05-30,0.5515
2026/2027,Plateau,state,P(decrease) week 48->49,2027-05-30,0.4485
2026/2027,Plateau,state,P(increase) week 49->50,2027-06-06,0.5615
2026/2027,Plateau,state,P(decrease) week 49->50,2027-06-06,0.4385
2026/2027,Plateau,state,P(increase) week 50->51,2027-06-13,0.518
2026/2027,Plateau,state,P(decrease) week 50->51,2027-06-13,0.482
2026/2027,Plateau,state,P(increase) week 51->52,2027-06-20,0.4885
2026/2027,Plateau,state,P(decrease) week 51->52,2027-06-20,0.5115
2026/2027,Rivers,state,P(peak in season weeks 1-4),2026-06-28,0.0
2026/2027,Rivers,state,P(peak in season weeks 5-8),2026-07-26,0.003
2026/2027,Rivers,state,P(peak in season weeks 9-12),2026-08-23,0.009
2026/2027,Rivers,state,P(peak in season weeks 13-16),2026-09-20,0.9495
2026/2027,Rivers,state,P(peak in season weeks 17-20),2026-10-18,0.019
2026/2027,Rivers,state,P(peak in season weeks 21-24),2026-11-15,0.0135
2026/2027,Rivers,state,P(peak in season weeks 25-28),2026-12-13,0.0055
2026/2027,Rivers,state,P(peak in season weeks 29-32),2027-01-10,0.0005
2026/2027,Rivers,state,P(peak in season weeks 33-36),2027-02-07,0.0
2026/2027,Rivers,state,P(peak in season weeks 37-40),2027-03-07,0.0
2026/2027,Rivers,state,P(peak in season weeks 41-44),2027-04-04,0.0
2026/2027,Rivers,state,P(peak in season weeks 45-48),2027-05-02,0.0
2026/2027,Rivers,state,P(peak in season weeks 49-52),2027-05-30,0.0
2026/2027,Rivers,state,P(increase) week 1->2,2026-07-05,0.0
2026/2027,Rivers,state,P(decrease) week 1->2,2026-07-05,1.0
2026/2027,Rivers,state,P(increase) week 2->3,2026-07-12,0.5015
2026/2027,Rivers,state,P(decrease) week 2->3,2026-07-12,0.4985
2026/2027,Rivers,state,P(increase) week 3->4,2026-07-19,0.5045
2026/2027,Rivers,state,P(decrease) week 3->4,2026-07-19,0.4955
2026/2027,Rivers,state,P(increase) week 4->5,2026-07-26,0.5315
2026/2027,Rivers,state,P(decrease) week 4->5,2026-07-26,0.4685
2026/2027,Rivers,state,P(increase) week 5->6,2026-08-02,0.64
2026/2027,Rivers,state,P(decrease) week 5->6,2026-08-02,0.36
2026/2027,Rivers,state,P(increase) week 6->7,2026-08-09,0.7005
2026/2027,Rivers,state,P(decrease) week 6->7,2026-08-09,0.2995
2026/2027,Rivers,state,P(increase) week 7->8,2026-08-16,0.8435
2026/2027,Rivers,state,P(decrease) week 7->8,2026-08-16,0.1565
2026/2027,Rivers,state,P(increase) week 8->9,2026-08-23,0.908
2026/2027,Rivers,state,P(decrease) week 8->9,2026-08-23,0.092
2026/2027,Rivers,state,P(increase) week 9->10,2026-08-30,0.985
2026/2027,Rivers,state,P(decrease) week 9->10,2026-08-30,0.015
2026/2027,Rivers,state,P(increase) week 10->11,2026-09-06,0.996
2026/2027,Rivers,state,P(decrease) week 10->11,2026-09-06,0.004
2026/2027,Rivers,state,P(increase) week 11->12,2026-09-13,0.986
2026/2027,Rivers,state,P(decrease) week 11->12,2026-09-13,0.014
2026/2027,Rivers,state,P(increase) week 12->13,2026-09-20,0.981
2026/2027,Rivers,state,P(decrease) week 12->13,2026-09-20,0.019
2026/2027,Rivers,state,P(increase) week 13->14,2026-09-27,0.912
2026/2027,Rivers,state,P(decrease) week 13->14,2026-09-27,0.088
2026/2027,Rivers,state,P(increase) week 14->15,2026-10-04,0.5935
2026/2027,Rivers,state,P(decrease) week 14->15,2026-10-04,0.4065
2026/2027,Rivers,state,P(increase) week 15->16,2026-10-11,0.2345
2026/2027,Rivers,state,P(decrease) week 15->16,2026-10-11,0.7655
2026/2027,Rivers,state,P(increase) week 16->17,2026-10-18,0.0535
2026/2027,Rivers,state,P(decrease) week 16->17,2026-10-18,0.9465
2026/2027,Rivers,state,P(increase) week 17->18,2026-10-25,0.0025
2026/2027,Rivers,state,P(decrease) week 17->18,2026-10-25,0.9975
2026/2027,Rivers,state,P(increase) week 18->19,2026-11-01,0.0095
2026/2027,Rivers,state,P(decrease) week 18->19,2026-11-01,0.9905
2026/2027,Rivers,state,P(increase) week 19->20,2026-11-08,0.1085
2026/2027,Rivers,state,P(decrease) week 19->20,2026-11-08,0.8915
2026/2027,Rivers,state,P(increase) week 20->21,2026-11-15,0.509
2026/2027,Rivers,state,P(decrease) week 20->21,2026-11-15,0.491
2026/2027,Rivers,state,P(increase) week 21->22,2026-11-22,0.6645
2026/2027,Rivers,state,P(decrease) week 21->22,2026-11-22,0.3355
2026/2027,Rivers,state,P(increase) week 22->23,2026-11-29,0.8315
2026/2027,Rivers,state,P(decrease) week 22->23,2026-11-29,0.1685
2026/2027,Rivers,state,P(increase) week 23->24,2026-12-06,0.949
2026/2027,Rivers,state,P(decrease) week 23->24,2026-12-06,0.051
2026/2027,Rivers,state,P(increase) week 24->25,2026-12-13,0.9255
2026/2027,Rivers,state,P(decrease) week 24->25,2026-12-13,0.0745
2026/2027,Rivers,state,P(increase) week 25->26,2026-12-20,0.8355
2026/2027,Rivers,state,P(decrease) week 25->26,2026-12-20,0.1645
2026/2027,Rivers,state,P(increase) week 26->27,2026-12-27,0.6665
2026/2027,Rivers,state,P(decrease) week 26->27,2026-12-27,0.3335
2026/2027,Rivers,state,P(increase) week 27->28,2027-01-03,0.358
2026/2027,Rivers,state,P(decrease) week 27->28,2027-01-03,0.642
2026/2027,Rivers,state,P(increase) week 28->29,2027-01-10,0.1925
2026/2027,Rivers,state,P(decrease) week 28->29,2027-01-10,0.8075
2026/2027,Rivers,state,P(increase) week 29->30,2027-01-17,0.0415
2026/2027,Rivers,state,P(decrease) week 29->30,2027-01-17,0.9585
2026/2027,Rivers,state,P(increase) week 30->31,2027-01-24,0.016
2026/2027,Rivers,state,P(decrease) week 30->31,2027-01-24,0.984
2026/2027,Rivers,state,P(increase) week 31->32,2027-01-31,0.1315
2026/2027,Rivers,state,P(decrease) week 31->32,2027-01-31,0.8685
2026/2027,Rivers,state,P(increase) week 32->33,2027-02-07,0.149
2026/2027,Rivers,state,P(decrease) week 32->33,2027-02-07,0.851
2026/2027,Rivers,state,P(increase) week 33->34,2027-02-14,0.248
2026/2027,Rivers,state,P(decrease) week 33->34,2027-02-14,0.752
2026/2027,Rivers,state,P(increase) week 34->35,2027-02-21,0.3145
2026/2027,Rivers,state,P(decrease) week 34->35,2027-02-21,0.6855
2026/2027,Rivers,state,P(increase) week 35->36,2027-02-28,0.4325
2026/2027,Rivers,state,P(decrease) week 35->36,2027-02-28,0.5675
2026/2027,Rivers,state,P(increase) week 36->37,2027-03-07,0.516
2026/2027,Rivers,state,P(decrease) week 36->37,2027-03-07,0.484
2026/2027,Rivers,state,P(increase) week 37->38,2027-03-14,0.525
2026/2027,Rivers,state,P(decrease) week 37->38,2027-03-14,0.475
2026/2027,Rivers,state,P(increase) week 38->39,2027-03-21,0.479
2026/2027,Rivers,state,P(decrease) week 38->39,2027-03-21,0.521
2026/2027,Rivers,state,P(increase) week 39->40,2027-03-28,0.4845
2026/2027,Rivers,state,P(decrease) week 39->40,2027-03-28,0.5155
2026/2027,Rivers,state,P(increase) week 40->41,2027-04-04,0.5025
2026/2027,Rivers,state,P(decrease) week 40->41,2027-04-04,0.4975
2026/2027,Rivers,state,P(increase) week 41->42,2027-04-11,0.5265
2026/2027,Rivers,state,P(decrease) week 41->42,2027-04-11,0.4735
2026/2027,Rivers,state,P(increase) week 42->43,2027-04-18,0.4835
2026/2027,Rivers,state,P(decrease) week 42->43,2027-04-18,0.5165
2026/2027,Rivers,state,P(increase) week 43->44,2027-04-25,0.5435
2026/2027,Rivers,state,P(decrease) week 43->44,2027-04-25,0.4565
2026/2027,Rivers,state,P(increase) week 44->45,2027-05-02,0.5315
2026/2027,Rivers,state,P(decrease) week 44->45,2027-05-02,0.4685
2026/2027,Rivers,state,P(increase) week 45->46,2027-05-09,0.501
2026/2027,Rivers,state,P(decrease) week 45->46,2027-05-09,0.499
2026/2027,Rivers,state,P(increase) week 46->47,2027-05-16,0.461
2026/2027,Rivers,state,P(decrease) week 46->47,2027-05-16,0.539
2026/2027,Rivers,state,P(increase) week 47->48,2027-05-23,0.442
2026/2027,Rivers,state,P(decrease) week 47->48,2027-05-23,0.558
2026/2027,Rivers,state,P(increase) week 48->49,2027-05-30,0.578
2026/2027,Rivers,state,P(decrease) week 48->49,2027-05-30,0.422
2026/2027,Rivers,state,P(increase) week 49->50,2027-06-06,0.592
2026/2027,Rivers,state,P(decrease) week 49->50,2027-06-06,0.408
2026/2027,Rivers,state,P(increase) week 50->51,2027-06-13,0.496
2026/2027,Rivers,state,P(decrease) week 50->51,2027-06-13,0.504
2026/2027,Rivers,state,P(increase) week 51->52,2027-06-20,0.45
2026/2027,Rivers,state,P(decrease) week 51->52,2027-06-20,0.55
2026/2027,Sokoto,state,P(peak in season weeks 1-4),2026-06-28,0.0
2026/2027,Sokoto,state,P(peak in season weeks 5-8),2026-07-26,0.003
2026/2027,Sokoto,state,P(peak in season weeks 9-12),2026-08-23,0.0015
2026/2027,Sokoto,state,P(peak in season weeks 13-16),2026-09-20,0.0975
2026/2027,Sokoto,state,P(peak in season weeks 17-20),2026-10-18,0.8115
2026/2027,Sokoto,state,P(peak in season weeks 21-24),2026-11-15,0.008
2026/2027,Sokoto,state,P(peak in season weeks 25-28),2026-12-13,0.0765
2026/2027,Sokoto,state,P(peak in season weeks 29-32),2027-01-10,0.002
2026/2027,Sokoto,state,P(peak in season weeks 33-36),2027-02-07,0.0
2026/2027,Sokoto,state,P(peak in season weeks 37-40),2027-03-07,0.0
2026/2027,Sokoto,state,P(peak in season weeks 41-44),2027-04-04,0.0
2026/2027,Sokoto,state,P(peak in season weeks 45-48),2027-05-02,0.0
2026/2027,Sokoto,state,P(peak in season weeks 49-52),2027-05-30,0.0
2026/2027,Sokoto,state,P(increase) week 1->2,2026-07-05,0.0
2026/2027,Sokoto,state,P(decrease) week 1->2,2026-07-05,1.0
2026/2027,Sokoto,state,P(increase) week 2->3,2026-07-12,0.4805
2026/2027,Sokoto,state,P(decrease) week 2->3,2026-07-12,0.5195
2026/2027,Sokoto,state,P(increase) week 3->4,2026-07-19,0.4435
2026/2027,Sokoto,state,P(decrease) week 3->4,2026-07-19,0.5565
2026/2027,Sokoto,state,P(increase) week 4->5,2026-07-26,0.553
2026/2027,Sokoto,state,P(decrease) week 4->5,2026-07-26,0.447
2026/2027,Sokoto,state,P(increase) week 5->6,2026-08-02,0.5125
2026/2027,Sokoto,state,P(decrease) week 5->6,2026-08-02,0.4875
2026/2027,Sokoto,state,P(increase) week 6->7,2026-08-09,0.602
2026/2027,Sokoto,state,P(decrease) week 6->7,2026-08-09,0.398
2026/2027,Sokoto,state,P(increase) week 7->8,2026-08-16,0.5595
2026/2027,Sokoto,state,P(decrease) week 7->8,2026-08-16,0.4405
2026/2027,Sokoto,state,P(increase) week 8->9,2026-08-23,0.5715
2026/2027,Sokoto,state,P(decrease) week 8->9,2026-08-23,0.4285
2026/2027,Sokoto,state,P(increase) week 9->10,2026-08-30,0.5215
2026/2027,Sokoto,state,P(decrease) week 9->10,2026-08-30,0.4785
2026/2027,Sokoto,state,P(increase) week 10->11,2026-09-06,0.778
2026/2027,Sokoto,state,P(decrease) week 10->11,2026-09-06,0.222
2026/2027,Sokoto,state,P(increase) week 11->12,2026-09-13,0.8915
2026/2027,Sokoto,state,P(decrease) week 11->12,2026-09-13,0.1085
2026/2027,Sokoto,state,P(increase) week 12->13,2026-09-20,0.952
2026/2027,Sokoto,state,P(decrease) week 12->13,2026-09-20,0.048
2026/2027,Sokoto,state,P(increase) week 13->14,2026-09-27,0.99
2026/2027,Sokoto,state,P(decrease) week 13->14,2026-09-27,0.01
2026/2027,Sokoto,state,P(increase) week 14->15,2026-10-04,0.9885
2026/2027,Sokoto,state,P(decrease) week 14->15,2026-10-04,0.0115
2026/2027,Sokoto,state,P(increase) week 15->16,2026-10-11,0.9195
2026/2027,Sokoto,state,P(decrease) week 15->16,2026-10-11,0.0805
2026/2027,Sokoto,state,P(increase) week 16->17,2026-10-18,0.7995
2026/2027,Sokoto,state,P(decrease) week 16->17,2026-10-18,0.2005
2026/2027,Sokoto,state,P(increase) week 17->18,2026-10-25,0.573
2026/2027,Sokoto,state,P(decrease) week 17->18,2026-10-25,0.427
2026/2027,Sokoto,state,P(increase) week 18->19,2026-11-01,0.1715
2026/2027,Sokoto,state,P(decrease) week 18->19,2026-11-01,0.8285
2026/2027,Sokoto,state,P(increase) week 19->20,2026-11-08,0.0335
2026/2027,Sokoto,state,P(decrease) week 19->20,2026-11-08,0.9665
2026/2027,Sokoto,state,P(increase) week 20->21,2026-11-15,0.0945
2026/2027,Sokoto,state,P(decrease) week 20->21,2026-11-15,0.9055
2026/2027,Sokoto,state,P(increase) week 21->22,2026-11-22,0.2585
2026/2027,Sokoto,state,P(decrease) week 21->22,2026-11-22,0.7415
2026/2027,Sokoto,state,P(increase) week 22->23,2026-11-29,0.3745
2026/2027,Sokoto,state,P(decrease) week 22->23,2026-11-29,0.6255
2026/2027,Sokoto,state,P(increase) week 23->24,2026-12-06,0.799
2026/2027,Sokoto,state,P(decrease) week 23->24,2026-12-06,0.201
2026/2027,Sokoto,state,P(increase) week 24->25,2026-12-13,0.9695
2026/2027,Sokoto,state,P(decrease) week 24->25,2026-12-13,0.0305
2026/2027,Sokoto,state,P(increase) week 25->26,2026-12-20,0.914
2026/2027,Sokoto,state,P(decrease) week 25->26,2026-12-20,0.086
2026/2027,Sokoto,state,P(increase) week 26->27,2026-12-27,0.655
2026/2027,Sokoto,state,P(decrease) week 26->27,2026-12-27,0.345
2026/2027,Sokoto,state,P(increase) week 27->28,2027-01-03,0.357
2026/2027,Sokoto,state,P(decrease) week 27->28,2027-01-03,0.643
2026/2027,Sokoto,state,P(increase) week 28->29,2027-01-10,0.0995
2026/2027,Sokoto,state,P(decrease) week 28->29,2027-01-10,0.9005
2026/2027,Sokoto,state,P(increase) week 29->30,2027-01-17,0.014
2026/2027,Sokoto,state,P(decrease) week 29->30,2027-01-17,0.986
2026/2027,Sokoto,state,P(increase) week 30->31,2027-01-24,0.0965
2026/2027,Sokoto,state,P(decrease) week 30->31,2027-01-24,0.9035
2026/2027,Sokoto,state,P(increase) week 31->32,2027-01-31,0.202
2026/2027,Sokoto,state,P(decrease) week 31->32,2027-01-31,0.798
2026/2027,Sokoto,state,P(increase) week 32->33,2027-02-07,0.154
2026/2027,Sokoto,state,P(decrease) week 32->33,2027-02-07,0.846
2026/2027,Sokoto,state,P(increase) week 33->34,2027-02-14,0.3025
2026/2027,Sokoto,state,P(decrease) week 33->34,2027-02-14,0.6975
2026/2027,Sokoto,state,P(increase) week 34->35,2027-02-21,0.2795
2026/2027,Sokoto,state,P(decrease) week 34->35,2027-02-21,0.7205
2026/2027,Sokoto,state,P(increase) week 35->36,2027-02-28,0.4585
2026/2027,Sokoto,state,P(decrease) week 35->36,2027-02-28,0.5415
2026/2027,Sokoto,state,P(increase) week 36->37,2027-03-07,0.494
2026/2027,Sokoto,state,P(decrease) week 36->37,2027-03-07,0.506
2026/2027,Sokoto,state,P(increase) week 37->38,2027-03-14,0.59
2026/2027,Sokoto,state,P(decrease) week 37->38,2027-03-14,0.41
2026/2027,Sokoto,state,P(increase) week 38->39,2027-03-21,0.5785
2026/2027,Sokoto,state,P(decrease) week 38->39,2027-03-21,0.4215
2026/2027,Sokoto,state,P(increase) week 39->40,2027-03-28,0.529
2026/2027,Sokoto,state,P(decrease) week 39->40,2027-03-28,0.471
2026/2027,Sokoto,state,P(increase) week 40->41,2027-04-04,0.464
2026/2027,Sokoto,state,P(decrease) week 40->41,2027-04-04,0.536
2026/2027,Sokoto,state,P(increase) week 41->42,2027-04-11,0.5155
2026/2027,Sokoto,state,P(decrease) week 41->42,2027-04-11,0.4845
2026/2027,Sokoto,state,P(increase) week 42->43,2027-04-18,0.4695
2026/2027,Sokoto,state,P(decrease) week 42->43,2027-04-18,0.5305
2026/2027,Sokoto,state,P(increase) week 43->44,2027-04-25,0.4445
2026/2027,Sokoto,state,P(decrease) week 43->44,2027-04-25,0.5555
2026/2027,Sokoto,state,P(increase) week 44->45,2027-05-02,0.4735
2026/2027,Sokoto,state,P(decrease) week 44->45,2027-05-02,0.5265
2026/2027,Sokoto,state,P(increase) week 45->46,2027-05-09,0.497
2026/2027,Sokoto,state,P(decrease) week 45->46,2027-05-09,0.503
2026/2027,Sokoto,state,P(increase) week 46->47,2027-05-16,0.599
2026/2027,Sokoto,state,P(decrease) week 46->47,2027-05-16,0.401
2026/2027,Sokoto,state,P(increase) week 47->48,2027-05-23,0.5695
2026/2027,Sokoto,state,P(decrease) week 47->48,2027-05-23,0.4305
2026/2027,Sokoto,state,P(increase) week 48->49,2027-05-30,0.496
2026/2027,Sokoto,state,P(decrease) week 48->49,2027-05-30,0.504
2026/2027,Sokoto,state,P(increase) week 49->50,2027-06-06,0.438
2026/2027,Sokoto,state,P(decrease) week 49->50,2027-06-06,0.562
2026/2027,Sokoto,state,P(increase) week 50->51,2027-06-13,0.494
2026/2027,Sokoto,state,P(decrease) week 50->51,2027-06-13,0.506
2026/2027,Sokoto,state,P(increase) week 51->52,2027-06-20,0.4745
2026/2027,Sokoto,state,P(decrease) week 51->52,2027-06-20,0.5255
2026/2027,Taraba,state,P(peak in season weeks 1-4),2026-06-28,0.0
2026/2027,Taraba,state,P(peak in season weeks 5-8),2026-07-26,0.003
2026/2027,Taraba,state,P(peak in season weeks 9-12),2026-08-23,0.001
2026/2027,Taraba,state,P(peak in season weeks 13-16),2026-09-20,0.672
2026/2027,Taraba,state,P(peak in season weeks 17-20),2026-10-18,0.2865
2026/2027,Taraba,state,P(peak in season weeks 21-24),2026-11-15,0.014
2026/2027,Taraba,state,P(peak in season weeks 25-28),2026-12-13,0.019
2026/2027,Taraba,state,P(peak in season weeks 29-32),2027-01-10,0.0045
2026/2027,Taraba,state,P(peak in season weeks 33-36),2027-02-07,0.0
2026/2027,Taraba,state,P(peak in season weeks 37-40),2027-03-07,0.0
2026/2027,Taraba,state,P(peak in season weeks 41-44),2027-04-04,0.0
2026/2027,Taraba,state,P(peak in season weeks 45-48),2027-05-02,0.0
2026/2027,Taraba,state,P(peak in season weeks 49-52),2027-05-30,0.0
2026/2027,Taraba,state,P(increase) week 1->2,2026-07-05,0.0
2026/2027,Taraba,state,P(decrease) week 1->2,2026-07-05,1.0
2026/2027,Taraba,state,P(increase) week 2->3,2026-07-12,0.5955
2026/2027,Taraba,state,P(decrease) week 2->3,2026-07-12,0.4045
2026/2027,Taraba,state,P(increase) week 3->4,2026-07-19,0.5485
2026/2027,Taraba,state,P(decrease) week 3->4,2026-07-19,0.4515
2026/2027,Taraba,state,P(increase) week 4->5,2026-07-26,0.494
2026/2027,Taraba,state,P(decrease) week 4->5,2026-07-26,0.506
2026/2027,Taraba,state,P(increase) week 5->6,2026-08-02,0.467
2026/2027,Taraba,state,P(decrease) week 5->6,2026-08-02,0.533
2026/2027,Taraba,state,P(increase) week 6->7,2026-08-09,0.628
2026/2027,Taraba,state,P(decrease) week 6->7,2026-08-09,0.372
2026/2027,Taraba,state,P(increase) week 7->8,2026-08-16,0.7875
2026/2027,Taraba,state,P(decrease) week 7->8,2026-08-16,0.2125
2026/2027,Taraba,state,P(increase) week 8->9,2026-08-23,0.816
2026/2027,Taraba,state,P(decrease) week 8->9,2026-08-23,0.184
2026/2027,Taraba,state,P(increase) week 9->10,2026-08-30,0.8325
2026/2027,Taraba,state,P(decrease) week 9->10,2026-08-30,0.1675
2026/2027,Taraba,state,P(increase) week 10->11,2026-09-06,0.9345
2026/2027,Taraba,state,P(decrease) week 10->11,2026-09-06,0.0655
2026/2027,Taraba,state,P(increase) week 11->12,2026-09-13,0.9845
2026/2027,Taraba,state,P(decrease) week 11->12,2026-09-13,0.0155
2026/2027,Taraba,state,P(increase) week 12->13,2026-09-20,0.985
2026/2027,Taraba,state,P(decrease) week 12->13,2026-09-20,0.015
2026/2027,Taraba,state,P(increase) week 13->14,2026-09-27,0.992
2026/2027,Taraba,state,P(decrease) week 13->14,2026-09-27,0.008
2026/2027,Taraba,state,P(increase) week 14->15,2026-10-04,0.9325
2026/2027,Taraba,state,P(decrease) week 14->15,2026-10-04,0.0675
2026/2027,Taraba,state,P(increase) week 15->16,2026-10-11,0.7385
2026/2027,Taraba,state,P(decrease) week 15->16,2026-10-11,0.2615
2026/2027,Taraba,state,P(increase) week 16->17,2026-10-18,0.3175
2026/2027,Taraba,state,P(decrease) week 16->17,2026-10-18,0.6825
2026/2027,Taraba,state,P(increase) week 17->18,2026-10-25,0.0405
2026/2027,Taraba,state,P(decrease) week 17->18,2026-10-25,0.9595
2026/2027,Taraba,state,P(increase) week 18->19,2026-11-01,0.0135
2026/2027,Taraba,state,P(decrease) week 18->19,2026-11-01,0.9865
2026/2027,Taraba,state,P(increase) week 19->20,2026-11-08,0.005
2026/2027,Taraba,state,P(decrease) week 19->20,2026-11-08,0.995
2026/2027,Taraba,state,P(increase) week 20->21,2026-11-15,0.349
2026/2027,Taraba,state,P(decrease) week 20->21,2026-11-15,0.651
2026/2027,Taraba,state,P(increase) week 21->22,2026-11-22,0.7385
2026/2027,Taraba,state,P(decrease) week 21->22,2026-11-22,0.2615
2026/2027,Taraba,state,P(increase) week 22->23,2026-11-29,0.8565
2026/2027,Taraba,state,P(decrease) week 22->23,2026-11-29,0.1435
2026/2027,Taraba,state,P(increase) week 23->24,2026-12-06,0.9345
2026/2027,Taraba,state,P(decrease) week 23->24,2026-12-06,0.0655
2026/2027,Taraba,state,P(increase) week 24->25,2026-12-13,0.964
2026/2027,Taraba,state,P(decrease) week 24->25,2026-12-13,0.036
2026/2027,Taraba,state,P(increase) week 25->26,2026-12-20,0.8975
2026/2027,Taraba,state,P(decrease) week 25->26,2026-12-20,0.1025
2026/2027,Taraba,state,P(increase) week 26->27,2026-12-27,0.626
2026/2027,Taraba,state,P(decrease) week 26->27,2026-12-27,0.374
2026/2027,Taraba,state,P(increase) week 27->28,2027-01-03,0.3325
2026/2027,Taraba,state,P(decrease) week 27->28,2027-01-03,0.6675
2026/2027,Taraba,state,P(increase) week 28->29,2027-01-10,0.1905
2026/2027,Taraba,state,P(decrease) week 28->29,2027-01-10,0.8095
2026/2027,Taraba,state,P(increase) week 29->30,2027-01-17,0.0645
2026/2027,Taraba,state,P(decrease) week 29->30,2027-01-17,0.9355
2026/2027,Taraba,state,P(increase) week 30->31,2027-01-24,0.007
2026/2027,Taraba,state,P(decrease) week 30->31,2027-01-24,0.993
2026/2027,Taraba,state,P(increase) week 31->32,2027-01-31,0.1475
2026/2027,Taraba,state,P(decrease) week 31->32,2027-01-31,0.8525
2026/2027,Taraba,state,P(increase) week 32->33,2027-02-07,0.1895
2026/2027,Taraba,state,P(decrease) week 32->33,2027-02-07,0.8105
2026/2027,Taraba,state,P(increase) week 33->34,2027-02-14,0.2965
2026/2027,Taraba,state,P(decrease) week 33->34,2027-02-14,0.7035
2026/2027,Taraba,state,P(increase) week 34->35,2027-02-21,0.282
2026/2027,Taraba,state,P(decrease) week 34->35,2027-02-21,0.718
2026/2027,Taraba,state,P(increase) week 35->36,2027-02-28,0.345
2026/2027,Taraba,state,P(decrease) week 35->36,2027-02-28,0.655
2026/2027,Taraba,state,P(increase) week 36->37,2027-03-07,0.5055
2026/2027,Taraba,state,P(decrease) week 36->37,2027-03-07,0.4945
2026/2027,Taraba,state,P(increase) week 37->38,2027-03-14,0.4915
2026/2027,Taraba,state,P(decrease) week 37->38,2027-03-14,0.5085
2026/2027,Taraba,state,P(increase) week 38->39,2027-03-21,0.6045
2026/2027,Taraba,state,P(decrease) week 38->39,2027-03-21,0.3955
2026/2027,Taraba,state,P(increase) week 39->40,2027-03-28,0.4255
2026/2027,Taraba,state,P(decrease) week 39->40,2027-03-28,0.5745
2026/2027,Taraba,state,P(increase) week 40->41,2027-04-04,0.573
2026/2027,Taraba,state,P(decrease) week 40->41,2027-04-04,0.427
2026/2027,Taraba,state,P(increase) week 41->42,2027-04-11,0.454
2026/2027,Taraba,state,P(decrease) week 41->42,2027-04-11,0.546
2026/2027,Taraba,state,P(increase) week 42->43,2027-04-18,0.471
2026/2027,Taraba,state,P(decrease) week 42->43,2027-04-18,0.529
2026/2027,Taraba,state,P(increase) week 43->44,2027-04-25,0.4805
2026/2027,Taraba,state,P(decrease) week 43->44,2027-04-25,0.5195
2026/2027,Taraba,state,P(increase) week 44->45,2027-05-02,0.5685
2026/2027,Taraba,state,P(decrease) week 44->45,2027-05-02,0.4315
2026/2027,Taraba,state,P(increase) week 45->46,2027-05-09,0.5855
2026/2027,Taraba,state,P(decrease) week 45->46,2027-05-09,0.4145
2026/2027,Taraba,state,P(increase) week 46->47,2027-05-16,0.4935
2026/2027,Taraba,state,P(decrease) week 46->47,2027-05-16,0.5065
2026/2027,Taraba,state,P(increase) week 47->48,2027-05-23,0.402
2026/2027,Taraba,state,P(decrease) week 47->48,2027-05-23,0.598
2026/2027,Taraba,state,P(increase) week 48->49,2027-05-30,0.5065
2026/2027,Taraba,state,P(decrease) week 48->49,2027-05-30,0.4935
2026/2027,Taraba,state,P(increase) week 49->50,2027-06-06,0.5515
2026/2027,Taraba,state,P(decrease) week 49->50,2027-06-06,0.4485
2026/2027,Taraba,state,P(increase) week 50->51,2027-06-13,0.4875
2026/2027,Taraba,state,P(decrease) week 50->51,2027-06-13,0.5125
2026/2027,Taraba,state,P(increase) week 51->52,2027-06-20,0.4565
2026/2027,Taraba,state,P(decrease) week 51->52,2027-06-20,0.5435
2026/2027,Yobe,state,P(peak in season weeks 1-4),2026-06-28,0.0
2026/2027,Yobe,state,P(peak in season weeks 5-8),2026-07-26,0.0025
2026/2027,Yobe,state,P(peak in season weeks 9-12),2026-08-23,0.001
2026/2027,Yobe,state,P(peak in season weeks 13-16),2026-09-20,0.1785
2026/2027,Yobe,state,P(peak in season weeks 17-20),2026-10-18,0.7185
2026/2027,Yobe,state,P(peak in season weeks 21-24),2026-11-15,0.016
2026/2027,Yobe,state,P(peak in season weeks 25-28),2026-12-13,0.0795
2026/2027,Yobe,state,P(peak in season weeks 29-32),2027-01-10,0.004
2026/2027,Yobe,state,P(peak in season weeks 33-36),2027-02-07,0.0
2026/2027,Yobe,state,P(peak in season weeks 37-40),2027-03-07,0.0
2026/2027,Yobe,state,P(peak in season weeks 41-44),2027-04-04,0.0
2026/2027,Yobe,state,P(peak in season weeks 45-48),2027-05-02,0.0
2026/2027,Yobe,state,P(peak in season weeks 49-52),2027-05-30,0.0
2026/2027,Yobe,state,P(increase) week 1->2,2026-07-05,0.0
2026/2027,Yobe,state,P(decrease) week 1->2,2026-07-05,1.0
2026/2027,Yobe,state,P(increase) week 2->3,2026-07-12,0.5345
2026/2027,Yobe,state,P(decrease) week 2->3,2026-07-12,0.4655
2026/2027,Yobe,state,P(increase) week 3->4,2026-07-19,0.515
2026/2027,Yobe,state,P(decrease) week 3->4,2026-07-19,0.485
2026/2027,Yobe,state,P(increase) week 4->5,2026-07-26,0.522
2026/2027,Yobe,state,P(decrease) week 4->5,2026-07-26,0.478
2026/2027,Yobe,state,P(increase) week 5->6,2026-08-02,0.5255
2026/2027,Yobe,state,P(decrease) week 5->6,2026-08-02,0.4745
2026/2027,Yobe,state,P(increase) week 6->7,2026-08-09,0.5095
2026/2027,Yobe,state,P(decrease) week 6->7,2026-08-09,0.4905
2026/2027,Yobe,state,P(increase) week 7->8,2026-08-16,0.5745
2026/2027,Yobe,state,P(decrease) week 7->8,2026-08-16,0.4255
2026/2027,Yobe,state,P(increase) week 8->9,2026-08-23,0.615
2026/2027,Yobe,state,P(decrease) week 8->9,2026-08-23,0.385
2026/2027,Yobe,state,P(increase) week 9->10,2026-08-30,0.588
2026/2027,Yobe,state,P(decrease) week 9->10,2026-08-30,0.412
2026/2027,Yobe,state,P(increase) week 10->11,2026-09-06,0.7495
2026/2027,Yobe,state,P(decrease) week 10->11,2026-09-06,0.2505
2026/2027,Yobe,state,P(increase) week 11->12,2026-09-13,0.872
2026/2027,Yobe,state,P(decrease) week 11->12,2026-09-13,0.128
2026/2027,Yobe,state,P(increase) week 12->13,2026-09-20,0.979
2026/2027,Yobe,state,P(decrease) week 12->13,2026-09-20,0.021
2026/2027,Yobe,state,P(increase) week 13->14,2026-09-27,0.9975
2026/2027,Yobe,state,P(decrease) week 13->14,2026-09-27,0.0025
2026/2027,Yobe,state,P(increase) week 14->15,2026-10-04,0.993
2026/2027,Yobe,state,P(decrease) week 14->15,2026-10-04,0.007
2026/2027,Yobe,state,P(increase) week 15->16,2026-10-11,0.9365
2026/2027,Yobe,state,P(decrease) week 15->16,2026-10-11,0.0635
2026/2027,Yobe,state,P(increase) week 16->17,2026-10-18,0.766
2026/2027,Yobe,state,P(decrease) week 16->17,2026-10-18,0.234
2026/2027,Yobe,state,P(increase) week 17->18,2026-10-25,0.4265
2026/2027,Yobe,state,P(decrease) week 17->18,2026-10-25,0.5735
2026/2027,Yobe,state,P(increase) week 18->19,2026-11-01,0.08
2026/2027,Yobe,state,P(decrease) week 18->19,2026-11-01,0.92
2026/2027,Yobe,state,P(increase) week 19->20,2026-11-08,0.0285
2026/2027,Yobe,state,P(decrease) week 19->20,2026-11-08,0.9715
2026/2027,Yobe,state,P(increase) week 20->21,2026-11-15,0.066
2026/2027,Yobe,state,P(decrease) week 20->21,2026-11-15,0.934
2026/2027,Yobe,state,P(increase) week 21->22,2026-11-22,0.121
2026/2027,Yobe,state,P(decrease) week 21->22,2026-11-22,0.879
2026/2027,Yobe,state,P(increase) week 22->23,2026-11-29,0.528
2026/2027,Yobe,state,P(decrease) week 22->23,2026-11-29,0.472
2026/2027,Yobe,state,P(increase) week 23->24,2026-12-06,0.8265
2026/2027,Yobe,state,P(decrease) week 23->24,2026-12-06,0.1735
2026/2027,Yobe,state,P(increase) week 24->25,2026-12-13,0.9655
2026/2027,Yobe,state,P(decrease) week 24->25,2026-12-13,0.0345
2026/2027,Yobe,state,P(increase) week 25->26,2026-12-20,0.952
2026/2027,Yobe,state,P(decrease) week 25->26,2026-12-20,0.048
2026/2027,Yobe,state,P(increase) week 26->27,2026-12-27,0.675
2026/2027,Yobe,state,P(decrease) week 26->27,2026-12-27,0.325
2026/2027,Yobe,state,P(increase) week 27->28,2027-01-03,0.2905
2026/2027,Yobe,state,P(decrease) week 27->28,2027-01-03,0.7095
2026/2027,Yobe,state,P(increase) week 28->29,2027-01-10,0.067
2026/2027,Yobe,state,P(decrease) week 28->29,2027-01-10,0.933
2026/2027,Yobe,state,P(increase) week 29->30,2027-01-17,0.0465
2026/2027,Yobe,state,P(decrease) week 29->30,2027-01-17,0.9535
2026/2027,Yobe,state,P(increase) week 30->31,2027-01-24,0.0575
2026/2027,Yobe,state,P(decrease) week 30->31,2027-01-24,0.9425
2026/2027,Yobe,state,P(increase) week 31->32,2027-01-31,0.101
2026/2027,Yobe,state,P(decrease) week 31->32,2027-01-31,0.899
2026/2027,Yobe,state,P(increase) week 32->33,2027-02-07,0.164
2026/2027,Yobe,state,P(decrease) week 32->33,2027-02-07,0.836
2026/2027,Yobe,state,P(increase) week 33->34,2027-02-14,0.317
2026/2027,Yobe,state,P(decrease) week 33->34,2027-02-14,0.683
2026/2027,Yobe,state,P(increase) week 34->35,2027-02-21,0.356
2026/2027,Yobe,state,P(decrease) week 34->35,2027-02-21,0.644
2026/2027,Yobe,state,P(increase) week 35->36,2027-02-28,0.4455
2026/2027,Yobe,state,P(decrease) week 35->36,2027-02-28,0.5545
2026/2027,Yobe,state,P(increase) week 36->37,2027-03-07,0.5635
2026/2027,Yobe,state,P(decrease) week 36->37,2027-03-07,0.4365
2026/2027,Yobe,state,P(increase) week 37->38,2027-03-14,0.4805
2026/2027,Yobe,state,P(decrease) week 37->38,2027-03-14,0.5195
2026/2027,Yobe,state,P(increase) week 38->39,2027-03-21,0.569
2026/2027,Yobe,state,P(decrease) week 38->39,2027-03-21,0.431
2026/2027,Yobe,state,P(increase) week 39->40,2027-03-28,0.4515
2026/2027,Yobe,state,P(decrease) week 39->40,2027-03-28,0.5485
2026/2027,Yobe,state,P(increase) week 40->41,2027-04-04,0.4765
2026/2027,Yobe,state,P(decrease) week 40->41,2027-04-04,0.5235
2026/2027,Yobe,state,P(increase) week 41->42,2027-04-11,0.4605
2026/2027,Yobe,state,P(decrease) week 41->42,2027-04-11,0.5395
2026/2027,Yobe,state,P(increase) week 42->43,2027-04-18,0.4755
2026/2027,Yobe,state,P(decrease) week 42->43,2027-04-18,0.5245
2026/2027,Yobe,state,P(increase) week 43->44,2027-04-25,0.576
2026/2027,Yobe,state,P(decrease) week 43->44,2027-04-25,0.424
2026/2027,Yobe,state,P(increase) week 44->45,2027-05-02,0.5185
2026/2027,Yobe,state,P(decrease) week 44->45,2027-05-02,0.4815
2026/2027,Yobe,state,P(increase) week 45->46,2027-05-09,0.5295
2026/2027,Yobe,state,P(decrease) week 45->46,2027-05-09,0.4705
2026/2027,Yobe,state,P(increase) week 46->47,2027-05-16,0.534
2026/2027,Yobe,state,P(decrease) week 46->47,2027-05-16,0.466
2026/2027,Yobe,state,P(increase) week 47->48,2027-05-23,0.4515
2026/2027,Yobe,state,P(decrease) week 47->48,2027-05-23,0.5485
2026/2027,Yobe,state,P(increase) week 48->49,2027-05-30,0.416
2026/2027,Yobe,state,P(decrease) week 48->49,2027-05-30,0.584
2026/2027,Yobe,state,P(increase) week 49->50,2027-06-06,0.4865
2026/2027,Yobe,state,P(decrease) week 49->50,2027-06-06,0.5135
2026/2027,Yobe,state,P(increase) week 50->51,2027-06-13,0.5755
2026/2027,Yobe,state,P(decrease) week 50->51,2027-06-13,0.4245
2026/2027,Yobe,state,P(increase) week 51->52,2027-06-20,0.5665
2026/2027,Yobe,state,P(decrease) week 51->52,2027-06-20,0.4335
2026/2027,Zamfara,state,P(peak in season weeks 1-4),2026-06-28,0.0
2026/2027,Zamfara,state,P(peak in season weeks 5-8),2026-07-26,0.003
2026/2027,Zamfara,state,P(peak in season weeks 9-12),2026-08-23,0.0
2026/2027,Zamfara,state,P(peak in season weeks 13-16),2026-09-20,0.132
2026/2027,Zamfara,state,P(peak in season weeks 17-20),2026-10-18,0.7825
2026/2027,Zamfara,state,P(peak in season weeks 21-24),2026-11-15,0.0125
2026/2027,Zamfara,state,P(peak in season weeks 25-28),2026-12-13,0.065
2026/2027,Zamfara,state,P(peak in season weeks 29-32),2027-01-10,0.005
2026/2027,Zamfara,state,P(peak in season weeks 33-36),2027-02-07,0.0
2026/2027,Zamfara,state,P(peak in season weeks 37-40),2027-03-07,0.0
2026/2027,Zamfara,state,P(peak in season weeks 41-44),2027-04-04,0.0
2026/2027,Zamfara,state,P(peak in season weeks 45-48),2027-05-02,0.0
2026/2027,Zamfara,state,P(peak in season weeks 49-52),2027-05-30,0.0
2026/2027,Zamfara,state,P(increase) week 1->2,2026-07-05,0.0015
2026/2027,Zamfara,state,P(decrease) week 1->2,2026-07-05,0.9985
2026/2027,Zamfara,state,P(increase) week 2->3,2026-07-12,0.4845
2026/2027,Zamfara,state,P(decrease) week 2->3,2026-07-12,0.5155
2026/2027,Zamfara,state,P(increase) week 3->4,2026-07-19,0.4375
2026/2027,Zamfara,state,P(decrease) week 3->4,2026-07-19,0.5625
2026/2027,Zamfara,state,P(increase) week 4->5,2026-07-26,0.538
2026/2027,Zamfara,state,P(decrease) week 4->5,2026-07-26,0.462
2026/2027,Zamfara,state,P(increase) week 5->6,2026-08-02,0.5365
2026/2027,Zamfara,state,P(decrease) week 5->6,2026-08-02,0.4635
2026/2027,Zamfara,state,P(increase) week 6->7,2026-08-09,0.583
2026/2027,Zamfara,state,P(decrease) week 6->7,2026-08-09,0.417
2026/2027,Zamfara,state,P(increase) week 7->8,2026-08-16,0.5545
2026/2027,Zamfara,state,P(decrease) week 7->8,2026-08-16,0.4455
2026/2027,Zamfara,state,P(increase) week 8->9,2026-08-23,0.5675
2026/2027,Zamfara,state,P(decrease) week 8->9,2026-08-23,0.4325
2026/2027,Zamfara,state,P(increase) week 9->10,2026-08-30,0.5135
2026/2027,Zamfara,state,P(decrease) week 9->10,2026-08-30,0.4865
2026/2027,Zamfara,state,P(increase) week 10->11,2026-09-06,0.7825
2026/2027,Zamfara,state,P(decrease) week 10->11,2026-09-06,0.2175
2026/2027,Zamfara,state,P(increase) week 11->12,2026-09-13,0.788
2026/2027,Zamfara,state,P(decrease) week 11->12,2026-09-13,0.212
2026/2027,Zamfara,state,P(increase) week 12->13,2026-09-20,0.9835
2026/2027,Zamfara,state,P(decrease) week 12->13,2026-09-20,0.0165
2026/2027,Zamfara,state,P(increase) week 13->14,2026-09-27,0.989
2026/2027,Zamfara,state,P(decrease) week 13->14,2026-09-27,0.011
2026/2027,Zamfara,state,P(increase) week 14->15,2026-10-04,0.9935
2026/2027,Zamfara,state,P(decrease) week 14->15,2026-10-04,0.0065
2026/2027,Zamfara,state,P(increase) week 15->16,2026-10-11,0.9305
2026/2027,Zamfara,state,P(decrease) week 15->16,2026-10-11,0.0695
2026/2027,Zamfara,state,P(increase) week 16->17,2026-10-18,0.7765
2026/2027,Zamfara,state,P(decrease) week 16->17,2026-10-18,0.2235
2026/2027,Zamfara,state,P(increase) week 17->18,2026-10-25,0.4695
2026/2027,Zamfara,state,P(decrease) week 17->18,2026-10-25,0.5305
2026/2027,Zamfara,state,P(increase) week 18->19,2026-11-01,0.157
2026/2027,Zamfara,state,P(decrease) week 18->19,2026-11-01,0.843
2026/2027,Zamfara,state,P(increase) week 19->20,2026-11-08,0.024
2026/2027,Zamfara,state,P(decrease) week 19->20,2026-11-08,0.976
2026/2027,Zamfara,state,P(increase) week 20->21,2026-11-15,0.056
2026/2027,Zamfara,state,P(decrease) week 20->21,2026-11-15,0.944
2026/2027,Zamfara,state,P(increase) week 21->22,2026-11-22,0.2705
2026/2027,Zamfara,state,P(decrease) week 21->22,2026-11-22,0.7295
2026/2027,Zamfara,state,P(increase) week 22->23,2026-11-29,0.585
2026/2027,Zamfara,state,P(decrease) week 22->23,2026-11-29,0.415
2026/2027,Zamfara,state,P(increase) week 23->24,2026-12-06,0.7255
2026/2027,Zamfara,state,P(decrease) week 23->24,2026-12-06,0.2745
2026/2027,Zamfara,state,P(increase) week 24->25,2026-12-13,0.883
2026/2027,Zamfara,state,P(decrease) week 24->25,2026-12-13,0.117
2026/2027,Zamfara,state,P(increase) week 25->26,2026-12-20,0.9565
2026/2027,Zamfara,state,P(decrease) week 25->26,2026-12-20,0.0435
2026/2027,Zamfara,state,P(increase) week 26->27,2026-12-27,0.6825
2026/2027,Zamfara,state,P(decrease) week 26->27,2026-12-27,0.3175
2026/2027,Zamfara,state,P(increase) week 27->28,2027-01-03,0.3205
2026/2027,Zamfara,state,P(decrease) week 27->28,2027-01-03,0.6795
2026/2027,Zamfara,state,P(increase) week 28->29,2027-01-10,0.0435
2026/2027,Zamfara,state,P(decrease) week 28->29,2027-01-10,0.9565
2026/2027,Zamfara,state,P(increase) week 29->30,2027-01-17,0.0685
2026/2027,Zamfara,state,P(decrease) week 29->30,2027-01-17,0.9315
2026/2027,Zamfara,state,P(increase) week 30->31,2027-01-24,0.0325
2026/2027,Zamfara,state,P(decrease) week 30->31,2027-01-24,0.9675
2026/2027,Zamfara,state,P(increase) week 31->32,2027-01-31,0.106
2026/2027,Zamfara,state,P(decrease) week 31->32,2027-01-31,0.894
2026/2027,Zamfara,state,P(increase) week 32->33,2027-02-07,0.159
2026/2027,Zamfara,state,P(decrease) week 32->33,2027-02-07,0.841
2026/2027,Zamfara,state,P(increase) week 33->34,2027-02-14,0.36
2026/2027,Zamfara,state,P(decrease) week 33->34,2027-02-14,0.64
2026/2027,Zamfara,state,P(increase) week 34->35,2027-02-21,0.371
2026/2027,Zamfara,state,P(decrease) week 34->35,2027-02-21,0.629
2026/2027,Zamfara,state,P(increase) week 35->36,2027-02-28,0.513
2026/2027,Zamfara,state,P(decrease) week 35->36,2027-02-28,0.487
2026/2027,Zamfara,state,P(increase) week 36->37,2027-03-07,0.4615
2026/2027,Zamfara,state,P(decrease) week 36->37,2027-03-07,0.5385
2026/2027,Zamfara,state,P(increase) week 37->38,2027-03-14,0.483
2026/2027,Zamfara,state,P(decrease) week 37->38,2027-03-14,0.517
2026/2027,Zamfara,state,P(increase) week 38->39,2027-03-21,0.533
2026/2027,Zamfara,state,P(decrease) week 38->39,2027-03-21,0.467
2026/2027,Zamfara,state,P(increase) week 39->40,2027-03-28,0.4795
2026/2027,Zamfara,state,P(decrease) week 39->40,2027-03-28,0.5205
2026/2027,Zamfara,state,P(increase) week 40->41,2027-04-04,0.5105
2026/2027,Zamfara,state,P(decrease) week 40->41,2027-04-04,0.4895
2026/2027,Zamfara,state,P(increase) week 41->42,2027-04-11,0.4115
2026/2027,Zamfara,state,P(decrease) week 41->42,2027-04-11,0.5885
2026/2027,Zamfara,state,P(increase) week 42->43,2027-04-18,0.52
2026/2027,Zamfara,state,P(decrease) week 42->43,2027-04-18,0.48
2026/2027,Zamfara,state,P(increase) week 43->44,2027-04-25,0.503
2026/2027,Zamfara,state,P(decrease) week 43->44,2027-04-25,0.497
2026/2027,Zamfara,state,P(increase) week 44->45,2027-05-02,0.507
2026/2027,Zamfara,state,P(decrease) week 44->45,2027-05-02,0.493
2026/2027,Zamfara,state,P(increase) week 45->46,2027-05-09,0.5195
2026/2027,Zamfara,state,P(decrease) week 45->46,2027-05-09,0.4805
2026/2027,Zamfara,state,P(increase) week 46->47,2027-05-16,0.555
2026/2027,Zamfara,state,P(decrease) week 46->47,2027-05-16,0.445
2026/2027,Zamfara,state,P(increase) week 47->48,2027-05-23,0.5555
2026/2027,Zamfara,state,P(decrease) week 47->48,2027-05-23,0.4445
2026/2027,Zamfara,state,P(increase) week 48->49,2027-05-30,0.4805
2026/2027,Zamfara,state,P(decrease) week 48->49,2027-05-30,0.5195
2026/2027,Zamfara,state,P(increase) week 49->50,2027-06-06,0.473
2026/2027,Zamfara,state,P(decrease) week 49->50,2027-06-06,0.527
2026/2027,Zamfara,state,P(increase) week 50->51,2027-06-13,0.4535
2026/2027,Zamfara,state,P(decrease) week 50->51,2027-06-13,0.5465
2026/2027,Zamfara,state,P(increase) week 51->52,2027-06-20,0.4845
2026/2027,Zamfara,state,P(decrease) week 51->52,2027-06-20,0.5155
